golden_id,event_type,firm_name,firm_canonical,has_crd,lead_first,lead_last,team_name_current,team_name_prior,street,city,state,zip_
0,MEMBER_CHANGE,Kingsbridge Capital Advisors,kingsbridge,False,Karen,Nguyen,Johnson Investment Partners,Johnson Investment Partners,4112 Lake Blvd,Philadelphia,PA,19101
1,MEMBER_CHANGE,Ridgeway Wealth Management,ridgeway,False,Mark,Garcia,Garcia Wealth Management,Garcia Wealth Management,7012 Oak St,Phoenix,AZ,85001
2,MEMBER_CHANGE,Edward Jones,edward_jones,True,James,Roberts,Rivera Portfolio Group,Rivera Portfolio Group,534 Central Dr,Tampa,FL,33601
3,MEMBER_CHANGE,Cetera Financial Group,cetera,True,John,Moore,Adams Portfolio Group,Adams Portfolio Group,4657 Main Blvd,Milwaukee,WI,53201
4,MEMBER_CHANGE,Oppenheimer & Co.,oppenheimer,True,Robert,King,Moore Advisory Group,Moore Advisory Group,5614 Cedar Ave,Las Vegas,NV,89101
5,MEMBER_CHANGE,Wells Fargo Advisors,wells_fargo,True,David,Martin,Zhang Capital Group,Zhang Capital Group,9991 Hill St,Kansas City,MO,64101
6,SPLIT_PARENT,Securities America,securities_america,True,Joseph,Kim,Kim Asset Management Group,Kim Asset Management Group,1391 Central Rd,Richmond,VA,23219
7,RENAME,Highfield Asset Management,highfield,False,Karen,Roberts,Roberts & Miller Partners,Roberts Advisors,1239 Oak Dr,Seattle,WA,98101
8,MEMBER_CHANGE,Merrill Lynch Pierce Fenner & Smith,merrill_lynch,True,Steven,Zhang,Huang Private Wealth Group,Huang Private Wealth Group,6327 Hill Way,Louisville,KY,40201
9,MEMBER_CHANGE,LPL Financial,lpl_financial,True,Rachel,Phillips,Scott Advisory Group,Scott Advisory Group,4474 Liberty Ave,St. Louis,MO,63101
10,MEMBER_CHANGE,Kingsbridge Capital Advisors,kingsbridge,False,Kenneth,Liu,Mitchell Advisors,Mitchell Advisors,2777 Jefferson Ln,San Francisco,CA,94101
11,MEMBER_CHANGE,Parkside Wealth Strategies,parkside,False,Betty,Edwards,White Private Wealth,White Private Wealth,1016 Lake St,Nashville,TN,37201
12,RENAME,DA Davidson & Co.,da_davidson,True,Paul,Jones,Jones & Associates,Jones Advisory Group,9392 Liberty Pl,Fort Worth,TX,76101
13,RENAME,Kingsbridge Capital Advisors,kingsbridge,False,Linda,Hill,Hill & Associates,Hill Capital Partners,2440 Hill Blvd,Charlotte,NC,28201
14,MEMBER_CHANGE,Crestwood Family Office,crestwood,False,Steven,Roberts,Mitchell Investment Partners,Mitchell Investment Partners,9677 Madison Pkwy,Memphis,TN,38101
15,MEMBER_CHANGE,Hilliard Lyons,hilliard_lyons,True,Michael,Parker,Wilson Wealth Advisors,Wilson Wealth Advisors,8185 Maple St,San Antonio,TX,78201
16,MERGE_SURVIVOR,Raymond James Financial Services,raymond_james,True,Christopher,Patel,Patel Institutional Group,Patel Institutional Group,7016 Broad Ave,Las Vegas,NV,89101
17,RENAME,DA Davidson & Co.,da_davidson,True,Megan,Nelson,Nelson Wealth Management Group,Nelson Wealth Advisors,4219 Central St,San Antonio,TX,78201
18,SPLIT_PARENT,Ridgeway Wealth Management,ridgeway,False,Jessica,Morris,Morris Investment Partners,Morris Investment Partners,5673 Cedar Rd,Milwaukee,WI,53201
19,MEMBER_CHANGE,LPL Financial,lpl_financial,True,Richard,Wright,Smith Family Wealth Group,Smith Family Wealth Group,4415 Market Blvd,Miami,FL,33101
20,MEMBER_CHANGE,Parkside Wealth Strategies,parkside,False,Anthony,Anderson,Huang Investment Partners,Huang Investment Partners,8417 Broad Dr,Dallas,TX,75201
21,SPLIT_PARENT,Hilliard Lyons,hilliard_lyons,True,Christopher,Mitchell,Mitchell Wealth Advisors,Mitchell Wealth Advisors,109 Broad Pl,Minneapolis,MN,55401
22,MERGE_TARGET,Morgan Stanley Wealth Management,morgan_stanley,True,Joseph,Kim,Kim Capital Group,Kim Capital Group,5138 Lake St,Charlotte,NC,28201
23,SPLIT_PARENT,Highfield Asset Management,highfield,False,Emily,Garcia,Garcia Wealth,Garcia Wealth,8062 Maple Court,San Diego,CA,92101
24,MEMBER_CHANGE,Raymond James Financial Services,raymond_james,True,Patricia,Moore,Carter Investment Group,Carter Investment Group,4442 Market Pkwy,Milwaukee,WI,53201
25,RENAME,Edward Jones,edward_jones,True,Jessica,Morris,Morris & Harris Partners,Morris Family Wealth Group,3395 Liberty Rd,Memphis,TN,38101
26,MEMBER_CHANGE,Ridgeway Wealth Management,ridgeway,False,William,Evans,Adams Asset Management,Adams Asset Management,7497 Cedar Dr,Columbus,OH,43201
27,MEMBER_CHANGE,Merrill Lynch Pierce Fenner & Smith,merrill_lynch,True,David,Gomez,Johnson Portfolio Group,Johnson Portfolio Group,9175 Lake Pkwy,Columbus,OH,43201
28,MEMBER_CHANGE,Morgan Stanley Wealth Management,morgan_stanley,True,Charles,Baker,Collins Institutional Group,Collins Institutional Group,1064 Lake Ave,Los Angeles,CA,90001
29,MEMBER_CHANGE,Meridian Private Wealth,meridian_pw,False,Paul,Wilson,Jones Asset Management,Jones Asset Management,3999 Hill Way,Fort Worth,TX,76101
30,SPLIT_PARENT,Securities America,securities_america,True,Thomas,Reyes,Reyes Portfolio Group,Reyes Portfolio Group,9540 Commerce Dr,Raleigh,NC,27601
31,MEMBER_CHANGE,Summit Peak Advisors,summit_peak,False,Lisa,Gomez,Thomas Wealth,Thomas Wealth,1688 Union Ln,Washington,DC,20001
32,MEMBER_CHANGE,Cetera Financial Group,cetera,True,Ashley,Torres,Nelson Family Wealth Group,Nelson Family Wealth Group,987 Union Ave,Chicago,IL,60601
33,MEMBER_CHANGE,DA Davidson & Co.,da_davidson,True,Anthony,Hall,Khan Private Wealth Group,Khan Private Wealth Group,4173 Park Dr,Tampa,FL,33601
34,MEMBER_CHANGE,Ameriprise Financial Services,ameriprise,True,Joseph,Khan,Green Investment Group,Green Investment Group,4663 Jefferson Dr,Houston,TX,77001
35,RENAME,Ameriprise Financial Services,ameriprise,True,Helen,Miller,Miller & Taylor Group,Miller Wealth Management Group,8956 Main Ave,Charlotte,NC,28201
36,MEMBER_CHANGE,LPL Financial,lpl_financial,True,Matthew,Khan,Hall Financial Group,Hall Financial Group,3602 Lincoln St,San Jose,CA,95101
37,RENAME,DA Davidson & Co.,da_davidson,True,James,Nguyen,Nguyen & King Group,Nguyen Wealth Partners,7554 River Ln,Boston,MA,02101
38,RENAME,Ridgeway Wealth Management,ridgeway,False,Linda,Moore,Moore & Morris Partners,Moore Advisors,4961 Park St,Pittsburgh,PA,15201
39,MEMBER_CHANGE,Crestwood Family Office,crestwood,False,Patricia,Adams,Brown Private Wealth,Brown Private Wealth,1036 Oak Pkwy,Raleigh,NC,27601
40,MEMBER_CHANGE,Cambridge Investment Research,cambridge_inv,True,Nancy,Anderson,Taylor Wealth Management Group,Taylor Wealth Management Group,8420 Maple Blvd,Houston,TX,77001
41,MEMBER_CHANGE,Woodbury Financial Services,woodbury,True,Susan,Scott,Cruz Advisory Group,Cruz Advisory Group,6715 Cedar Pkwy,Charlotte,NC,28201
42,MEMBER_CHANGE,National Planning Holdings,nph,True,Betty,Adams,Williams Portfolio Group,Williams Portfolio Group,1443 Madison Pkwy,Portland,OR,97201
43,MEMBER_CHANGE,Cambridge Investment Research,cambridge_inv,True,Robert,Martin,Kim Wealth Partners,Kim Wealth Partners,3446 Union Pl,Charlotte,NC,28201
44,MEMBER_CHANGE,Robert W. Baird & Co.,rwbaird,True,Steven,Johnson,Wilson Institutional Group,Wilson Institutional Group,5015 Jefferson Pl,Houston,TX,77001
45,MEMBER_CHANGE,Morgan Stanley Wealth Management,morgan_stanley,True,Lisa,Williams,Evans Portfolio Group,Evans Portfolio Group,1738 Maple Court,Fort Worth,TX,76101
46,MEMBER_CHANGE,Cambridge Investment Research,cambridge_inv,True,Megan,Williams,Wilson Capital Group,Wilson Capital Group,1227 Lake Pl,Seattle,WA,98101
47,MEMBER_CHANGE,LPL Financial,lpl_financial,True,William,Martin,Chen Wealth Advisors,Chen Wealth Advisors,5056 Broad Court,New York,NY,10001
48,MEMBER_CHANGE,Ridgeway Wealth Management,ridgeway,False,Thomas,Moore,Allen Wealth,Allen Wealth,2300 Hill Ave,Philadelphia,PA,19101
49,MEMBER_CHANGE,Crestwood Family Office,crestwood,False,Sandra,Wang,Moore Investment Partners,Moore Investment Partners,4716 Broad Dr,Oklahoma City,OK,73101
50,MERGE_TARGET,Edward Jones,edward_jones,True,Steven,Rivera,Rivera Financial Group,Rivera Financial Group,4214 Oak Ave,Milwaukee,WI,53201
51,MEMBER_CHANGE,Clearwater Capital Group,clearwater,False,Lisa,Thomas,Williams Partners,Williams Partners,5564 Monroe Blvd,Indianapolis,IN,46201
52,MEMBER_CHANGE,LPL Financial,lpl_financial,True,Betty,Khan,Carter Family Wealth Group,Carter Family Wealth Group,7107 Central St,San Antonio,TX,78201
53,MEMBER_CHANGE,Merrill Lynch Pierce Fenner & Smith,merrill_lynch,True,Amanda,Stewart,Mitchell Wealth Management Group,Mitchell Wealth Management Group,6149 Highland Court,Dallas,TX,75201
54,MEMBER_CHANGE,Cetera Financial Group,cetera,True,Sarah,Morris,Williams Wealth Partners,Williams Wealth Partners,6074 Oak Pl,Fort Worth,TX,76101
55,MEMBER_CHANGE,Ridgeway Wealth Management,ridgeway,False,Ashley,Williams,Parker Wealth,Parker Wealth,5894 Monroe Court,Baltimore,MD,21201
56,MEMBER_CHANGE,Woodbury Financial Services,woodbury,True,Ashley,Martin,Kim Advisory Group,Kim Advisory Group,2762 Washington Ln,New York,NY,10022
57,RENAME,LPL Financial,lpl_financial,True,Jennifer,Patel,Patel & Wang Partners,Patel Asset Management Group,4165 Hill Blvd,Philadelphia,PA,19101
58,MEMBER_CHANGE,DA Davidson & Co.,da_davidson,True,Rachel,Smith,Zhang Financial Group,Zhang Financial Group,3744 Park Way,Washington,DC,20001
59,MEMBER_CHANGE,Janney Montgomery Scott,janney,True,Lisa,Brown,White Wealth Management Group,White Wealth Management Group,3264 Lincoln Pl,San Francisco,CA,94101
60,MEMBER_CHANGE,Meridian Private Wealth,meridian_pw,False,Anthony,Stewart,Morgan Investment Partners,Morgan Investment Partners,5853 Church Court,Memphis,TN,38101
61,SPLIT_PARENT,Ridgeway Wealth Management,ridgeway,False,Jessica,Wright,Wright Partners,Wright Partners,1989 Hill Blvd,Pittsburgh,PA,15201
62,MEMBER_CHANGE,Robert W. Baird & Co.,rwbaird,True,Helen,Morris,Miller Portfolio Group,Miller Portfolio Group,7219 Willow Pl,Milwaukee,WI,53201
63,MEMBER_CHANGE,Woodbury Financial Services,woodbury,True,Susan,Roberts,Davis Asset Management Group,Davis Asset Management Group,9546 Park Rd,Los Angeles,CA,90001
64,MEMBER_CHANGE,Harborview Private Wealth,harborview,False,Matthew,Davis,Smith Asset Management,Smith Asset Management,8921 Union Dr,Louisville,KY,40201
65,MEMBER_CHANGE,Cetera Financial Group,cetera,True,Helen,Moore,Parker Capital Group,Parker Capital Group,5243 Union Ave,Denver,CO,80201
66,MEMBER_CHANGE,Cambridge Investment Research,cambridge_inv,True,Donald,Miller,Parker Asset Management Group,Parker Asset Management Group,5444 Lincoln Rd,Boston,MA,02101
67,MEMBER_CHANGE,Raymond James Financial Services,raymond_james,True,Sarah,Diaz,Flores Institutional Group,Flores Institutional Group,6311 Union Blvd,Richmond,VA,23219
68,MEMBER_CHANGE,National Planning Holdings,nph,True,Dorothy,Cruz,Hill Wealth Advisors,Hill Wealth Advisors,106 River Rd,Fort Worth,TX,76101
69,RENAME,Cetera Financial Group,cetera,True,Rachel,Phillips,Phillips & Brown Group,Phillips Institutional Group,5379 Jefferson Way,Atlanta,GA,30301
70,MEMBER_CHANGE,Ridgeway Wealth Management,ridgeway,False,Ashley,Wilson,Rivera Capital Partners,Rivera Capital Partners,2880 Union Ave,Seattle,WA,98101
71,MEMBER_CHANGE,Cambridge Investment Research,cambridge_inv,True,Richard,Taylor,Wright Private Wealth Group,Wright Private Wealth Group,3948 Union Rd,Columbus,OH,43201
72,MEMBER_CHANGE,Summit Peak Advisors,summit_peak,False,Anthony,Lee,Moore Partners,Moore Partners,857 Lake Way,Richmond,VA,23219
73,MEMBER_CHANGE,Meridian Private Wealth,meridian_pw,False,Rachel,Nguyen,Nelson Family Office,Nelson Family Office,9531 Park Ln,Minneapolis,MN,55401
74,RENAME,DA Davidson & Co.,da_davidson,True,Donald,Moore,Moore & Khan Group,Moore Institutional Group,190 Monroe Ave,Milwaukee,WI,53201
75,MEMBER_CHANGE,Stifel Nicolaus & Company,stifel_nicolaus,True,Jessica,Hill,Khan Family Wealth Group,Khan Family Wealth Group,8586 Jefferson St,Boston,MA,02101
76,MEMBER_CHANGE,Stifel Nicolaus & Company,stifel_nicolaus,True,Mark,Brown,Nelson Investment Group,Nelson Investment Group,7712 Union Court,Boston,MA,02101
77,MEMBER_CHANGE,Woodbury Financial Services,woodbury,True,Anthony,Gomez,Morris Financial Group,Morris Financial Group,8370 Madison Court,Atlanta,GA,30301
78,MEMBER_CHANGE,Highfield Asset Management,highfield,False,Robert,Roberts,Stewart Capital Partners,Stewart Capital Partners,7473 Hill Dr,San Francisco,CA,94101
79,MEMBER_CHANGE,Northgate Investment Partners,northgate,False,Lisa,Allen,Hall Advisors,Hall Advisors,4599 Jefferson Ave,Seattle,WA,98101
80,RENAME,Stifel Nicolaus & Company,stifel_nicolaus,True,Paul,Wright,Wright & Associates,Wright Capital Group,8949 Maple Blvd,Dallas,TX,75201
81,RENAME,Stifel Nicolaus & Company,stifel_nicolaus,True,Nancy,Edwards,Edwards Private Wealth Group,Edwards Investment Group,3605 Maple Ln,Baltimore,MD,21201
82,MEMBER_CHANGE,Oppenheimer & Co.,oppenheimer,True,Susan,Kim,Nelson Asset Management Group,Nelson Asset Management Group,1120 Park Ln,Las Vegas,NV,89101
83,MEMBER_CHANGE,Highfield Asset Management,highfield,False,Paul,Diaz,Edwards Partners,Edwards Partners,9532 Lincoln Way,New York,NY,10001
84,SPLIT_PARENT,Hilliard Lyons,hilliard_lyons,True,Kenneth,Morris,Morris Asset Management Group,Morris Asset Management Group,6965 Central Court,St. Louis,MO,63101
85,SPLIT_PARENT,Highfield Asset Management,highfield,False,Mark,Hall,Hall Advisors,Hall Advisors,4571 Madison Way,New York,NY,10022
86,MEMBER_CHANGE,DA Davidson & Co.,da_davidson,True,Steven,Miller,Parker Institutional Group,Parker Institutional Group,6724 Adams Blvd,Kansas City,MO,64101
87,MEMBER_CHANGE,Parkside Wealth Strategies,parkside,False,Kenneth,Torres,Evans Asset Management,Evans Asset Management,541 Lincoln Pkwy,Portland,OR,97201
88,RENAME,Ridgeway Wealth Management,ridgeway,False,John,Garcia,Garcia & Morris Advisors,Garcia Family Office,2323 Jefferson Blvd,Chicago,IL,60601
89,MERGE_SURVIVOR,Robert W. Baird & Co.,rwbaird,True,Nancy,King,King Advisory Group,King Advisory Group,7549 Spring Pl,Las Vegas,NV,89101
90,MEMBER_CHANGE,Robert W. Baird & Co.,rwbaird,True,Barbara,Parker,Martin Private Wealth Group,Martin Private Wealth Group,7805 Main Court,Chicago,IL,60601
91,MEMBER_CHANGE,Hilliard Lyons,hilliard_lyons,True,Sarah,Rivera,Diaz Private Wealth Group,Diaz Private Wealth Group,759 Monroe St,Charlotte,NC,28201
92,MEMBER_CHANGE,Edward Jones,edward_jones,True,Amanda,Stewart,Evans Investment Group,Evans Investment Group,4008 Elm Way,San Antonio,TX,78201
93,MEMBER_CHANGE,National Planning Holdings,nph,True,James,Thomas,Nelson Family Wealth Group,Nelson Family Wealth Group,4298 Monroe Pl,San Jose,CA,95101
94,MERGE_SURVIVOR,Woodbury Financial Services,woodbury,True,Megan,Stewart,Stewart Family Wealth Group,Stewart Family Wealth Group,1976 Monroe Blvd,Denver,CO,80201
95,MEMBER_CHANGE,Wells Fargo Advisors,wells_fargo,True,Susan,Jones,Johnson Wealth Partners,Johnson Wealth Partners,9533 Union Ln,Memphis,TN,38101
96,MEMBER_CHANGE,Harborview Private Wealth,harborview,False,David,Huang,Jones Wealth Management,Jones Wealth Management,4078 Cedar Rd,St. Louis,MO,63101
97,MEMBER_CHANGE,Summit Peak Advisors,summit_peak,False,William,Collins,Patel Wealth Management,Patel Wealth Management,772 Willow Court,Milwaukee,WI,53201
98,RENAME,Ridgeway Wealth Management,ridgeway,False,Karen,Jones,Jones Wealth,Jones Asset Management,5690 Main Ln,Minneapolis,MN,55401
99,MERGE_SURVIVOR,Wells Fargo Advisors,wells_fargo,True,Sandra,Torres,Torres Institutional Group,Torres Institutional Group,7632 Liberty Blvd,Milwaukee,WI,53201
100,RENAME,LPL Financial,lpl_financial,True,Susan,Diaz,Diaz & Taylor Advisors,Diaz Wealth Partners,8917 Monroe Way,Kansas City,MO,64101
101,MEMBER_CHANGE,Cetera Financial Group,cetera,True,Emily,Torres,Thompson Capital Group,Thompson Capital Group,4122 Maple Rd,Atlanta,GA,30301
102,RENAME,Stifel Nicolaus & Company,stifel_nicolaus,True,Dorothy,Roberts,Roberts & Diaz Group,Roberts Portfolio Group,6309 Spring St,Minneapolis,MN,55401
103,MEMBER_CHANGE,Meridian Private Wealth,meridian_pw,False,Megan,Nguyen,Anderson Capital Partners,Anderson Capital Partners,3575 Willow Rd,Oklahoma City,OK,73101
104,MEMBER_CHANGE,Robert W. Baird & Co.,rwbaird,True,Karen,Garcia,Edwards Wealth Partners,Edwards Wealth Partners,9206 Main Court,Jacksonville,FL,32201
105,MERGE_SURVIVOR,Merrill Lynch Pierce Fenner & Smith,merrill_lynch,True,Donald,Reyes,Reyes Asset Management Group,Reyes Asset Management Group,8104 Central Dr,Raleigh,NC,27601
106,MEMBER_CHANGE,Kingsbridge Capital Advisors,kingsbridge,False,Mark,Diaz,Adams Partners,Adams Partners,1624 River Dr,Memphis,TN,38101
107,MERGE_SURVIVOR,Harborview Private Wealth,harborview,False,Donald,Allen,Allen Wealth Management,Allen Wealth Management,6146 Commerce Court,Cleveland,OH,44101
108,RENAME,Hilliard Lyons,hilliard_lyons,True,Sandra,Stewart,Stewart & Nelson Advisors,Stewart Wealth Advisors,5519 Willow Way,San Francisco,CA,94101
109,MEMBER_CHANGE,Janney Montgomery Scott,janney,True,Daniel,Flores,White Private Wealth Group,White Private Wealth Group,3255 Spring Ave,Tampa,FL,33601
110,SPLIT_PARENT,Northgate Investment Partners,northgate,False,Daniel,Thomas,Thomas Advisors,Thomas Advisors,8033 Hill Pkwy,Cleveland,OH,44101
111,MEMBER_CHANGE,Woodbury Financial Services,woodbury,True,Sandra,Brown,Miller Advisory Group,Miller Advisory Group,4953 Lake Pl,Austin,TX,78701
112,MEMBER_CHANGE,Janney Montgomery Scott,janney,True,David,Khan,Collins Wealth Advisors,Collins Wealth Advisors,2173 Hill St,Chicago,IL,60601
113,MEMBER_CHANGE,Securities America,securities_america,True,Patricia,Wang,Edwards Investment Group,Edwards Investment Group,8142 Cedar St,Portland,OR,97201
114,SPLIT_PARENT,Janney Montgomery Scott,janney,True,Patricia,Baker,Baker Financial Group,Baker Financial Group,5682 Washington St,Indianapolis,IN,46201
115,RENAME,Meridian Private Wealth,meridian_pw,False,Patricia,Davis,Davis & Scott Partners,Davis Wealth,6665 Commerce Ave,Portland,OR,97201
116,MEMBER_CHANGE,Kingsbridge Capital Advisors,kingsbridge,False,Daniel,Huang,Moore Capital,Moore Capital,9321 River Ave,Charlotte,NC,28201
117,MEMBER_CHANGE,Wells Fargo Advisors,wells_fargo,True,Richard,Patel,Morris Asset Management Group,Morris Asset Management Group,9866 Broad Dr,Cleveland,OH,44101
118,SPLIT_PARENT,DA Davidson & Co.,da_davidson,True,Ashley,Wang,Wang Financial Group,Wang Financial Group,4971 Highland Ln,Denver,CO,80201
119,MEMBER_CHANGE,National Planning Holdings,nph,True,Ashley,Morgan,Brown Portfolio Group,Brown Portfolio Group,1725 Monroe Dr,Fort Worth,TX,76101
120,MEMBER_CHANGE,Robert W. Baird & Co.,rwbaird,True,Karen,Jackson,Taylor Advisory Group,Taylor Advisory Group,2947 Central Ave,San Jose,CA,95101
121,RENAME,Morgan Stanley Wealth Management,morgan_stanley,True,Margaret,Adams,Adams & Associates,Adams Family Wealth Group,9829 Commerce Rd,Los Angeles,CA,90001
122,MEMBER_CHANGE,Stifel Nicolaus & Company,stifel_nicolaus,True,Christopher,Young,Collins Wealth Partners,Collins Wealth Partners,7538 Maple Dr,Indianapolis,IN,46201
123,MEMBER_CHANGE,Summit Peak Advisors,summit_peak,False,Charles,Thompson,Parker Advisors,Parker Advisors,7065 Cedar Court,Columbus,OH,43201
124,RENAME,Kingsbridge Capital Advisors,kingsbridge,False,Charles,Wang,Wang & Associates,Wang Investment Partners,2430 Maple St,San Jose,CA,95101
125,RENAME,Summit Peak Advisors,summit_peak,False,Kenneth,Phillips,Phillips Capital,Phillips Wealth Management,4828 Jefferson Ave,Kansas City,MO,64101
126,MEMBER_CHANGE,Harborview Private Wealth,harborview,False,Helen,Gomez,Edwards Family Office,Edwards Family Office,4560 Market Court,Minneapolis,MN,55401
127,MEMBER_CHANGE,Ameriprise Financial Services,ameriprise,True,Jessica,Garcia,Phillips Wealth Management Group,Phillips Wealth Management Group,7178 Adams Pl,St. Louis,MO,63101
128,MEMBER_CHANGE,Robert W. Baird & Co.,rwbaird,True,Karen,Gomez,Garcia Advisory Group,Garcia Advisory Group,9524 Highland St,San Francisco,CA,94101
129,RENAME,National Planning Holdings,nph,True,Robert,Morris,Morris & Associates,Morris Investment Group,7808 Market Way,San Francisco,CA,94101
130,MERGE_SURVIVOR,LPL Financial,lpl_financial,True,Rachel,Green,Green Institutional Group,Green Institutional Group,8156 Maple Way,Washington,DC,20001
131,MEMBER_CHANGE,Cetera Financial Group,cetera,True,Anthony,Allen,King Institutional Group,King Institutional Group,1813 Washington Pl,Baltimore,MD,21201
132,MEMBER_CHANGE,Harborview Private Wealth,harborview,False,Helen,Harris,Young Family Office,Young Family Office,9112 Oak Way,Phoenix,AZ,85001
133,RENAME,Oppenheimer & Co.,oppenheimer,True,Steven,King,King & Reyes Group,King Private Wealth Group,6722 Market St,Tampa,FL,33601
134,MEMBER_CHANGE,Ameriprise Financial Services,ameriprise,True,Patricia,Turner,Brown Advisory Group,Brown Advisory Group,8594 Willow Pkwy,Minneapolis,MN,55401
135,MEMBER_CHANGE,Kingsbridge Capital Advisors,kingsbridge,False,Donald,Nelson,Morris Partners,Morris Partners,3435 Hill Court,San Diego,CA,92101
136,MEMBER_CHANGE,Parkside Wealth Strategies,parkside,False,Dorothy,White,Adams Capital Partners,Adams Capital Partners,2089 Main Pkwy,Charlotte,NC,28201
137,MEMBER_CHANGE,Harborview Private Wealth,harborview,False,Dorothy,Campbell,Allen Asset Management,Allen Asset Management,324 Central Ln,Phoenix,AZ,85001
138,MEMBER_CHANGE,Stifel Nicolaus & Company,stifel_nicolaus,True,Megan,Thompson,Nelson Private Wealth Group,Nelson Private Wealth Group,2622 Commerce Rd,Miami,FL,33101
139,MEMBER_CHANGE,Harborview Private Wealth,harborview,False,Paul,Khan,Flores Capital Partners,Flores Capital Partners,7836 Lake Way,Boston,MA,02101
140,MERGE_SURVIVOR,Raymond James Financial Services,raymond_james,True,Nancy,Thomas,Thomas Portfolio Group,Thomas Portfolio Group,8427 Adams Blvd,Houston,TX,77001
141,MEMBER_CHANGE,Robert W. Baird & Co.,rwbaird,True,Margaret,Stewart,Wright Wealth Advisors,Wright Wealth Advisors,4477 Main Rd,Denver,CO,80201
142,MEMBER_CHANGE,Clearwater Capital Group,clearwater,False,Ashley,Evans,Gomez Capital Partners,Gomez Capital Partners,2534 Jefferson Court,Raleigh,NC,27601
143,MEMBER_CHANGE,Hilliard Lyons,hilliard_lyons,True,Anthony,Johnson,Carter Wealth Advisors,Carter Wealth Advisors,6280 Jefferson Pl,Jacksonville,FL,32201
144,MEMBER_CHANGE,Harborview Private Wealth,harborview,False,Joseph,Moore,Roberts Family Office,Roberts Family Office,3926 Monroe Ln,Los Angeles,CA,90001
145,RENAME,Oppenheimer & Co.,oppenheimer,True,Patricia,Collins,Collins Portfolio Group,Collins Asset Management Group,6425 Union Blvd,Minneapolis,MN,55401
146,RENAME,UBS Financial Services,ubs,True,Thomas,Rivera,Rivera Capital Group,Rivera Portfolio Group,5539 Cedar Way,Philadelphia,PA,19101
147,RENAME,Cambridge Investment Research,cambridge_inv,True,Dorothy,Smith,Smith & Anderson Group,Smith Family Wealth Group,2461 Madison Blvd,Houston,TX,77001
148,MEMBER_CHANGE,Commonwealth Financial Network,commonwealth,True,Betty,Flores,Wright Portfolio Group,Wright Portfolio Group,6612 Church Ave,Oklahoma City,OK,73101
149,MEMBER_CHANGE,Meridian Private Wealth,meridian_pw,False,Thomas,Williams,Nguyen Private Wealth,Nguyen Private Wealth,8094 Central St,Richmond,VA,23219
150,MEMBER_CHANGE,Merrill Lynch Pierce Fenner & Smith,merrill_lynch,True,Betty,Davis,Turner Institutional Group,Turner Institutional Group,4808 Lake Ave,Milwaukee,WI,53201
151,RENAME,Wells Fargo Advisors,wells_fargo,True,Richard,Adams,Adams & Scott Group,Adams Investment Group,5006 Main St,Nashville,TN,37201
152,RENAME,Summit Peak Advisors,summit_peak,False,Michael,Young,Young & Associates,Young Private Wealth,6241 Madison Blvd,Charlotte,NC,28201
153,MEMBER_CHANGE,Cambridge Investment Research,cambridge_inv,True,Jessica,Nelson,Roberts Institutional Group,Roberts Institutional Group,3050 Washington Blvd,Phoenix,AZ,85001
154,RENAME,Woodbury Financial Services,woodbury,True,Nancy,Evans,Evans Financial Group,Evans Institutional Group,4045 Commerce Pkwy,Dallas,TX,75201
155,MEMBER_CHANGE,Stifel Nicolaus & Company,stifel_nicolaus,True,Christopher,Johnson,Turner Wealth Partners,Turner Wealth Partners,7629 Hill St,Kansas City,MO,64101
156,MEMBER_CHANGE,Highfield Asset Management,highfield,False,Helen,Chen,Cruz Asset Management,Cruz Asset Management,2688 Maple Way,Washington,DC,20001
157,RENAME,National Planning Holdings,nph,True,Kenneth,Turner,Turner & Associates,Turner Asset Management Group,4197 Jefferson Rd,Jacksonville,FL,32201
158,RENAME,DA Davidson & Co.,da_davidson,True,Patricia,Miller,Miller & Thompson Advisors,Miller Advisory Group,6348 Highland Pl,Portland,OR,97201
159,SPLIT_PARENT,Janney Montgomery Scott,janney,True,Andrew,Johnson,Johnson Institutional Group,Johnson Institutional Group,6584 Hill St,Portland,OR,97201
160,MEMBER_CHANGE,Meridian Private Wealth,meridian_pw,False,Thomas,Anderson,Wang Wealth Management,Wang Wealth Management,8238 River Dr,St. Louis,MO,63101
161,RENAME,Summit Peak Advisors,summit_peak,False,Lisa,White,White & Associates,White Advisors,4206 Union Blvd,Philadelphia,PA,19101
162,SPLIT_PARENT,Highfield Asset Management,highfield,False,Robert,Allen,Allen Capital Partners,Allen Capital Partners,646 Highland Pl,San Diego,CA,92101
163,RENAME,Merrill Lynch Pierce Fenner & Smith,merrill_lynch,True,Andrew,King,King & Lee Group,King Family Wealth Group,6907 Washington Dr,San Diego,CA,92101
164,RENAME,Summit Peak Advisors,summit_peak,False,Jessica,Liu,Liu & Stewart Partners,Liu Private Wealth,8797 Market Rd,San Jose,CA,95101
165,MEMBER_CHANGE,Robert W. Baird & Co.,rwbaird,True,Anthony,Adams,Khan Wealth Partners,Khan Wealth Partners,5649 Cedar Way,Houston,TX,77001
166,MEMBER_CHANGE,Raymond James Financial Services,raymond_james,True,Jennifer,White,Huang Institutional Group,Huang Institutional Group,6611 Central Pl,Phoenix,AZ,85001
167,MEMBER_CHANGE,Summit Peak Advisors,summit_peak,False,Helen,Gomez,Smith Investment Partners,Smith Investment Partners,8891 Cedar Way,Louisville,KY,40201
168,RENAME,Ridgeway Wealth Management,ridgeway,False,Steven,Gomez,Gomez Wealth,Gomez Family Office,6186 Cedar Dr,Raleigh,NC,27601
169,MEMBER_CHANGE,Morgan Stanley Wealth Management,morgan_stanley,True,Helen,Gomez,Liu Wealth Advisors,Liu Wealth Advisors,5474 Broad Dr,Houston,TX,77001
170,RENAME,Kingsbridge Capital Advisors,kingsbridge,False,Dorothy,Wang,Wang Capital Partners,Wang Investment Partners,6789 Cedar Blvd,Los Angeles,CA,90001
171,RENAME,UBS Financial Services,ubs,True,Kenneth,Hall,Hall Investment Group,Hall Private Wealth Group,1692 Lake Court,San Diego,CA,92101
172,MEMBER_CHANGE,DA Davidson & Co.,da_davidson,True,Betty,Huang,Torres Institutional Group,Torres Institutional Group,8950 Madison Pkwy,Dallas,TX,75201
173,MEMBER_CHANGE,Highfield Asset Management,highfield,False,David,Wright,Diaz Wealth,Diaz Wealth,8117 Broad Ln,San Francisco,CA,94101
174,MEMBER_CHANGE,UBS Financial Services,ubs,True,Robert,Rivera,Jackson Financial Group,Jackson Financial Group,7385 Lake Pl,Philadelphia,PA,19101
175,RENAME,Ridgeway Wealth Management,ridgeway,False,Karen,Mitchell,Mitchell & Associates,Mitchell Private Wealth,1092 Lincoln Rd,Jacksonville,FL,32201
176,RENAME,Wells Fargo Advisors,wells_fargo,True,Dorothy,Garcia,Garcia Asset Management Group,Garcia Institutional Group,3575 Church Pkwy,New York,NY,10022
177,MEMBER_CHANGE,UBS Financial Services,ubs,True,Anthony,Huang,Harris Investment Group,Harris Investment Group,9350 Park Ave,Boston,MA,02101
178,MEMBER_CHANGE,Edward Jones,edward_jones,True,Karen,Rivera,Jackson Advisory Group,Jackson Advisory Group,5483 Monroe Blvd,St. Louis,MO,63101
179,RENAME,Morgan Stanley Wealth Management,morgan_stanley,True,Paul,Zhang,Zhang & Associates,Zhang Investment Group,2229 Central Rd,Austin,TX,78701
180,MEMBER_CHANGE,Wells Fargo Advisors,wells_fargo,True,Lisa,Jackson,Wilson Wealth Management Group,Wilson Wealth Management Group,5969 Lake Pkwy,Nashville,TN,37201
181,MEMBER_CHANGE,Morgan Stanley Wealth Management,morgan_stanley,True,Daniel,Lee,Martin Wealth Management Group,Martin Wealth Management Group,2176 Adams Ln,Cleveland,OH,44101
182,RENAME,Wells Fargo Advisors,wells_fargo,True,William,Baker,Baker & Associates,Baker Financial Group,6031 Market Pkwy,Philadelphia,PA,19101
183,MEMBER_CHANGE,Ameriprise Financial Services,ameriprise,True,Amanda,White,White Portfolio Group,White Portfolio Group,810 Adams Court,Denver,CO,80201
184,MEMBER_CHANGE,Ameriprise Financial Services,ameriprise,True,Margaret,Hall,Brown Financial Group,Brown Financial Group,6680 Madison Ave,Minneapolis,MN,55401
185,MEMBER_CHANGE,Harborview Private Wealth,harborview,False,Betty,Wilson,Jones Wealth,Jones Wealth,5377 Broad Blvd,Houston,TX,77001
186,MEMBER_CHANGE,Raymond James Financial Services,raymond_james,True,Mark,Edwards,Evans Institutional Group,Evans Institutional Group,9690 Central Pl,Las Vegas,NV,89101
187,MEMBER_CHANGE,Woodbury Financial Services,woodbury,True,Thomas,Mitchell,Young Financial Group,Young Financial Group,8382 Broad Ln,Philadelphia,PA,19101
188,MEMBER_CHANGE,Summit Peak Advisors,summit_peak,False,Nancy,Jones,Zhang Asset Management,Zhang Asset Management,3622 Madison Way,Columbus,OH,43201
189,MEMBER_CHANGE,Cetera Financial Group,cetera,True,Dorothy,Cruz,Lee Financial Group,Lee Financial Group,6632 Madison Ave,Nashville,TN,37201
190,MERGE_TARGET,Cetera Financial Group,cetera,True,Sarah,Parker,Parker Wealth Partners,Parker Wealth Partners,6232 Elm Way,Houston,TX,77001
191,MEMBER_CHANGE,Merrill Lynch Pierce Fenner & Smith,merrill_lynch,True,Helen,Lee,Garcia Asset Management Group,Garcia Asset Management Group,1682 Adams Pl,San Diego,CA,92101
192,RENAME,Securities America,securities_america,True,Michael,Gomez,Gomez & Chen Advisors,Gomez Wealth Advisors,9302 Spring Ave,Baltimore,MD,21201
193,RENAME,Hilliard Lyons,hilliard_lyons,True,Sandra,Huang,Huang Private Wealth Group,Huang Family Wealth Group,942 River Pkwy,Denver,CO,80201
194,MEMBER_CHANGE,Hilliard Lyons,hilliard_lyons,True,Sandra,Flores,Roberts Wealth Advisors,Roberts Wealth Advisors,3585 Elm Way,Columbus,OH,43201
195,RENAME,Meridian Private Wealth,meridian_pw,False,Richard,Scott,Scott Wealth Management,Scott Asset Management,6122 Cedar Rd,Portland,OR,97201
196,MEMBER_CHANGE,Stifel Nicolaus & Company,stifel_nicolaus,True,Steven,Wright,Zhang Wealth Advisors,Zhang Wealth Advisors,9221 Main Pkwy,San Francisco,CA,94101
197,MEMBER_CHANGE,Morgan Stanley Wealth Management,morgan_stanley,True,Karen,Zhang,Thompson Family Wealth Group,Thompson Family Wealth Group,5162 Spring Pl,New York,NY,10001
198,MEMBER_CHANGE,LPL Financial,lpl_financial,True,William,Morgan,Roberts Institutional Group,Roberts Institutional Group,6666 Maple Blvd,New York,NY,10022
199,RENAME,Merrill Lynch Pierce Fenner & Smith,merrill_lynch,True,Susan,Jackson,Jackson & Diaz Advisors,Jackson Asset Management Group,6978 Jefferson Pl,San Jose,CA,95101
200,MEMBER_CHANGE,Hilliard Lyons,hilliard_lyons,True,Amanda,Torres,Reyes Capital Group,Reyes Capital Group,9399 Broad Ave,Chicago,IL,60601
201,SPLIT_PARENT,Raymond James Financial Services,raymond_james,True,Christopher,Morris,Morris Portfolio Group,Morris Portfolio Group,915 Union Ave,San Francisco,CA,94101
202,RENAME,Ameriprise Financial Services,ameriprise,True,Sandra,Hall,Hall & Associates,Hall Portfolio Group,7342 Madison Rd,Fort Worth,TX,76101
203,MERGE_SURVIVOR,Northgate Investment Partners,northgate,False,Barbara,Davis,Davis Private Wealth,Davis Private Wealth,7143 Cedar Rd,Pittsburgh,PA,15201
204,RENAME,Commonwealth Financial Network,commonwealth,True,Susan,Parker,Parker Investment Group,Parker Wealth Partners,844 Lake Ln,St. Louis,MO,63101
205,RENAME,UBS Financial Services,ubs,True,James,Jackson,Jackson & Davis Group,Jackson Wealth Partners,3560 Monroe Blvd,Indianapolis,IN,46201
206,RENAME,Janney Montgomery Scott,janney,True,Sarah,Davis,Davis & Jones Group,Davis Wealth Management Group,8249 Adams Ln,Austin,TX,78701
207,RENAME,Raymond James Financial Services,raymond_james,True,Nancy,Mitchell,Mitchell & Associates,Mitchell Family Wealth Group,3870 Market Court,Washington,DC,20001
208,MEMBER_CHANGE,Merrill Lynch Pierce Fenner & Smith,merrill_lynch,True,William,Parker,Huang Family Wealth Group,Huang Family Wealth Group,793 Madison St,Kansas City,MO,64101
209,SPLIT_PARENT,Parkside Wealth Strategies,parkside,False,William,Huang,Huang Private Wealth,Huang Private Wealth,9533 Madison Pkwy,Memphis,TN,38101
210,MEMBER_CHANGE,Harborview Private Wealth,harborview,False,Matthew,Hill,Young Wealth,Young Wealth,6736 Main Pl,San Jose,CA,95101
211,MEMBER_CHANGE,Summit Peak Advisors,summit_peak,False,Kenneth,Moore,Nelson Private Wealth,Nelson Private Wealth,1543 Madison Ave,Charlotte,NC,28201
212,MEMBER_CHANGE,Cetera Financial Group,cetera,True,Rachel,Young,Hill Wealth Advisors,Hill Wealth Advisors,1388 Lincoln Rd,Oklahoma City,OK,73101
213,MEMBER_CHANGE,Stifel Nicolaus & Company,stifel_nicolaus,True,Linda,Diaz,Morgan Investment Group,Morgan Investment Group,1351 Market Ave,Cleveland,OH,44101
214,SPLIT_PARENT,Cambridge Investment Research,cambridge_inv,True,Matthew,Yang,Yang Capital Group,Yang Capital Group,5852 Adams Blvd,Charlotte,NC,28201
215,RENAME,Wells Fargo Advisors,wells_fargo,True,Charles,Martin,Martin & Associates,Martin Advisory Group,2942 Broad Blvd,Houston,TX,77001
216,MEMBER_CHANGE,LPL Financial,lpl_financial,True,Dorothy,Lee,Nelson Portfolio Group,Nelson Portfolio Group,9594 Jefferson Pkwy,Richmond,VA,23219
217,MEMBER_CHANGE,Oppenheimer & Co.,oppenheimer,True,Patricia,Hall,Moore Financial Group,Moore Financial Group,1218 Commerce Way,Denver,CO,80201
218,RENAME,Summit Peak Advisors,summit_peak,False,Paul,Gomez,Gomez & Wright Advisors,Gomez Partners,5866 Market Ave,Denver,CO,80201
219,MEMBER_CHANGE,Ameriprise Financial Services,ameriprise,True,Michael,Kim,Williams Wealth Management Group,Williams Wealth Management Group,6141 River Ave,Phoenix,AZ,85001
220,MEMBER_CHANGE,Woodbury Financial Services,woodbury,True,Nancy,Green,Rivera Asset Management Group,Rivera Asset Management Group,7681 Highland Court,Los Angeles,CA,90001
221,MERGE_SURVIVOR,Ameriprise Financial Services,ameriprise,True,Emily,Diaz,Diaz Advisory Group,Diaz Advisory Group,5367 Broad Way,Miami,FL,33101
222,MEMBER_CHANGE,Raymond James Financial Services,raymond_james,True,Andrew,Adams,Adams Private Wealth Group,Adams Private Wealth Group,5726 Liberty Ave,Miami,FL,33101
223,RENAME,Kingsbridge Capital Advisors,kingsbridge,False,Daniel,Williams,Williams Partners,Williams Advisors,7272 Jefferson Court,Cleveland,OH,44101
224,MEMBER_CHANGE,Woodbury Financial Services,woodbury,True,Charles,Torres,Torres Capital Group,Torres Capital Group,4734 Lincoln Ln,Oklahoma City,OK,73101
225,MEMBER_CHANGE,Ridgeway Wealth Management,ridgeway,False,William,Cruz,Brown Private Wealth,Brown Private Wealth,1179 Spring Ave,Boston,MA,02101
226,MEMBER_CHANGE,Ridgeway Wealth Management,ridgeway,False,Dorothy,Thompson,Young Investment Partners,Young Investment Partners,9974 Elm Pl,Phoenix,AZ,85001
227,MEMBER_CHANGE,National Planning Holdings,nph,True,Sarah,Patel,Wang Capital Group,Wang Capital Group,5182 Church Ln,San Diego,CA,92101
228,MEMBER_CHANGE,Woodbury Financial Services,woodbury,True,Jessica,Rivera,Allen Wealth Advisors,Allen Wealth Advisors,6271 Church Pl,San Diego,CA,92101
229,RENAME,Ridgeway Wealth Management,ridgeway,False,Susan,Garcia,Garcia Private Wealth,Garcia Family Office,8431 Willow St,Louisville,KY,40201
230,RENAME,Janney Montgomery Scott,janney,True,Daniel,Jackson,Jackson & Cruz Group,Jackson Capital Group,8067 Park Dr,San Diego,CA,92101
231,MEMBER_CHANGE,Raymond James Financial Services,raymond_james,True,Jennifer,Taylor,Young Private Wealth Group,Young Private Wealth Group,8417 Monroe Court,Cleveland,OH,44101
232,RENAME,UBS Financial Services,ubs,True,Jennifer,Liu,Liu Wealth Partners,Liu Portfolio Group,2247 Broad Ln,Dallas,TX,75201
233,MEMBER_CHANGE,LPL Financial,lpl_financial,True,David,Huang,Chen Family Wealth Group,Chen Family Wealth Group,2812 Adams Way,Los Angeles,CA,90001
234,MEMBER_CHANGE,Cetera Financial Group,cetera,True,John,Young,Cruz Family Wealth Group,Cruz Family Wealth Group,3991 Jefferson Pkwy,Seattle,WA,98101
235,MEMBER_CHANGE,Northgate Investment Partners,northgate,False,Steven,White,White Asset Management,White Asset Management,4018 River Way,Jacksonville,FL,32201
236,MEMBER_CHANGE,Hilliard Lyons,hilliard_lyons,True,Betty,Flores,Adams Financial Group,Adams Financial Group,4716 Monroe Ln,Miami,FL,33101
237,MEMBER_CHANGE,Cambridge Investment Research,cambridge_inv,True,Mark,Campbell,Taylor Advisory Group,Taylor Advisory Group,2367 Hill St,Raleigh,NC,27601
238,MEMBER_CHANGE,Meridian Private Wealth,meridian_pw,False,Lisa,Phillips,Carter Wealth,Carter Wealth,8552 Cedar Rd,Phoenix,AZ,85001
239,MEMBER_CHANGE,Northgate Investment Partners,northgate,False,Matthew,Turner,Thompson Capital Partners,Thompson Capital Partners,8510 Elm Ln,Phoenix,AZ,85001
240,MEMBER_CHANGE,Parkside Wealth Strategies,parkside,False,Joseph,Huang,Lee Capital Partners,Lee Capital Partners,5827 Main Ln,Chicago,IL,60601
241,SPLIT_PARENT,DA Davidson & Co.,da_davidson,True,Barbara,Torres,Torres Advisory Group,Torres Advisory Group,6426 Maple Pl,Columbus,OH,43201
242,MEMBER_CHANGE,Morgan Stanley Wealth Management,morgan_stanley,True,Donald,Jackson,Kim Private Wealth Group,Kim Private Wealth Group,5593 Elm Blvd,Los Angeles,CA,90001
243,MEMBER_CHANGE,Janney Montgomery Scott,janney,True,Linda,Rivera,Edwards Investment Group,Edwards Investment Group,7785 Jefferson Pkwy,New York,NY,10001
244,RENAME,Highfield Asset Management,highfield,False,David,Johnson,Johnson & Associates,Johnson Investment Partners,3633 Elm Court,St. Louis,MO,63101
245,MEMBER_CHANGE,Cambridge Investment Research,cambridge_inv,True,William,Nelson,Davis Wealth Partners,Davis Wealth Partners,3993 River Ave,Chicago,IL,60601
246,RENAME,Stifel Nicolaus & Company,stifel_nicolaus,True,Margaret,Turner,Turner & Thomas Group,Turner Portfolio Group,7589 Maple Ave,Minneapolis,MN,55401
247,MEMBER_CHANGE,Woodbury Financial Services,woodbury,True,Amanda,Patel,Johnson Institutional Group,Johnson Institutional Group,8543 Highland Dr,Dallas,TX,75201
248,MEMBER_CHANGE,Janney Montgomery Scott,janney,True,Ashley,Evans,Smith Portfolio Group,Smith Portfolio Group,5880 Lake Pkwy,Baltimore,MD,21201
249,MEMBER_CHANGE,LPL Financial,lpl_financial,True,Donald,Mitchell,Campbell Capital Group,Campbell Capital Group,1208 Market Court,Miami,FL,33101
250,MEMBER_CHANGE,Summit Peak Advisors,summit_peak,False,Linda,Thomas,Carter Partners,Carter Partners,6497 Commerce St,Las Vegas,NV,89101
251,MERGE_TARGET,Hilliard Lyons,hilliard_lyons,True,Steven,Stewart,Stewart Wealth Management Group,Stewart Wealth Management Group,5950 Maple Pl,Charlotte,NC,28201
252,RENAME,Crestwood Family Office,crestwood,False,Richard,Morgan,Morgan & Associates,Morgan Wealth Management,5547 Elm St,Washington,DC,20001
253,MEMBER_CHANGE,Securities America,securities_america,True,Karen,Evans,Lee Institutional Group,Lee Institutional Group,2968 Monroe Way,Raleigh,NC,27601
254,SPLIT_PARENT,Kingsbridge Capital Advisors,kingsbridge,False,Daniel,Khan,Khan Capital,Khan Capital,1133 Liberty Way,Los Angeles,CA,90001
255,RENAME,Janney Montgomery Scott,janney,True,Matthew,Williams,Williams Investment Group,Williams Advisory Group,786 Spring Rd,Miami,FL,33101
256,MEMBER_CHANGE,DA Davidson & Co.,da_davidson,True,James,King,Baker Wealth Partners,Baker Wealth Partners,699 Monroe Dr,Seattle,WA,98101
257,MEMBER_CHANGE,Hilliard Lyons,hilliard_lyons,True,Ashley,Khan,Huang Institutional Group,Huang Institutional Group,5538 Hill Ave,Louisville,KY,40201
258,MEMBER_CHANGE,Cetera Financial Group,cetera,True,Linda,Khan,Stewart Financial Group,Stewart Financial Group,6434 Spring Blvd,Minneapolis,MN,55401
259,MEMBER_CHANGE,Harborview Private Wealth,harborview,False,Richard,Khan,Torres Asset Management,Torres Asset Management,4469 Maple Ln,Phoenix,AZ,85001
260,MEMBER_CHANGE,Cetera Financial Group,cetera,True,Dorothy,Anderson,Lee Investment Group,Lee Investment Group,9037 River Pl,Philadelphia,PA,19101
261,MERGE_TARGET,Merrill Lynch Pierce Fenner & Smith,merrill_lynch,True,Sarah,Parker,Parker Wealth Partners,Parker Wealth Partners,5121 Jefferson Pkwy,Milwaukee,WI,53201
262,SPLIT_PARENT,LPL Financial,lpl_financial,True,Ashley,Scott,Scott Financial Group,Scott Financial Group,793 Adams Pl,Richmond,VA,23219
263,RENAME,Cetera Financial Group,cetera,True,Paul,Turner,Turner & Young Partners,Turner Wealth Management Group,1329 Union Ln,Louisville,KY,40201
264,SPLIT_PARENT,Cambridge Investment Research,cambridge_inv,True,Christopher,Johnson,Johnson Investment Group,Johnson Investment Group,7279 Oak Blvd,Houston,TX,77001
265,MEMBER_CHANGE,Stifel Nicolaus & Company,stifel_nicolaus,True,Ashley,Green,Torres Asset Management Group,Torres Asset Management Group,9393 Oak Pkwy,Dallas,TX,75201
266,MEMBER_CHANGE,Ridgeway Wealth Management,ridgeway,False,Rachel,Gomez,Torres Private Wealth,Torres Private Wealth,7373 Monroe Ave,Portland,OR,97201
267,MEMBER_CHANGE,Raymond James Financial Services,raymond_james,True,Sarah,Martin,Torres Asset Management Group,Torres Asset Management Group,5250 Church Rd,Charlotte,NC,28201
268,MEMBER_CHANGE,Wells Fargo Advisors,wells_fargo,True,Rachel,Khan,Stewart Investment Group,Stewart Investment Group,8276 Market Ln,Boston,MA,02101
269,SPLIT_PARENT,Wells Fargo Advisors,wells_fargo,True,Steven,Morgan,Morgan Wealth Partners,Morgan Wealth Partners,7411 Park Pkwy,Seattle,WA,98101
270,MERGE_SURVIVOR,Harborview Private Wealth,harborview,False,Linda,Thomas,Thomas Wealth,Thomas Wealth,2323 Maple Way,Austin,TX,78701
271,SPLIT_PARENT,Highfield Asset Management,highfield,False,Ashley,Garcia,Garcia Private Wealth,Garcia Private Wealth,5792 Liberty Ave,Boston,MA,02101
272,RENAME,Securities America,securities_america,True,Andrew,Yang,Yang Wealth Advisors,Yang Wealth Partners,2680 Liberty Blvd,Louisville,KY,40201
273,MEMBER_CHANGE,Cambridge Investment Research,cambridge_inv,True,Amanda,Evans,Davis Advisory Group,Davis Advisory Group,2375 Lake Way,New York,NY,10022
274,SPLIT_PARENT,Hilliard Lyons,hilliard_lyons,True,Helen,Roberts,Roberts Capital Group,Roberts Capital Group,7757 Central Blvd,Richmond,VA,23219
275,RENAME,Highfield Asset Management,highfield,False,David,Jones,Jones Wealth Management,Jones Investment Partners,6623 Liberty Way,Cleveland,OH,44101
276,MEMBER_CHANGE,Cetera Financial Group,cetera,True,Patricia,Smith,Lee Portfolio Group,Lee Portfolio Group,1308 Elm Pl,Houston,TX,77001
277,RENAME,Ameriprise Financial Services,ameriprise,True,Dorothy,Cruz,Cruz & Associates,Cruz Wealth Advisors,5744 Elm Court,Pittsburgh,PA,15201
278,SPLIT_PARENT,LPL Financial,lpl_financial,True,Thomas,Green,Green Wealth Advisors,Green Wealth Advisors,1007 Cedar Court,Dallas,TX,75201
279,MEMBER_CHANGE,Janney Montgomery Scott,janney,True,Joseph,Johnson,Taylor Capital Group,Taylor Capital Group,3794 Willow Court,Seattle,WA,98101
280,MEMBER_CHANGE,Meridian Private Wealth,meridian_pw,False,Rachel,Scott,Martin Advisors,Martin Advisors,9124 Hill Blvd,Denver,CO,80201
281,MEMBER_CHANGE,Woodbury Financial Services,woodbury,True,David,Moore,Garcia Wealth Advisors,Garcia Wealth Advisors,2862 Highland Pkwy,Dallas,TX,75201
282,SPLIT_PARENT,LPL Financial,lpl_financial,True,Amanda,Reyes,Reyes Portfolio Group,Reyes Portfolio Group,5631 Highland St,New York,NY,10022
283,MEMBER_CHANGE,Merrill Lynch Pierce Fenner & Smith,merrill_lynch,True,Christopher,Young,Diaz Portfolio Group,Diaz Portfolio Group,4436 Church Dr,Portland,OR,97201
284,MERGE_TARGET,Cetera Financial Group,cetera,True,Amanda,Turner,Turner Wealth Management Group,Turner Wealth Management Group,8259 Church Court,Seattle,WA,98101
285,MEMBER_CHANGE,Kingsbridge Capital Advisors,kingsbridge,False,Dorothy,Parker,Baker Advisors,Baker Advisors,6753 River Way,Houston,TX,77001
286,SPLIT_PARENT,Harborview Private Wealth,harborview,False,Michael,Taylor,Taylor Capital Partners,Taylor Capital Partners,6909 Commerce Way,Fort Worth,TX,76101
287,MEMBER_CHANGE,Oppenheimer & Co.,oppenheimer,True,Linda,Phillips,Moore Capital Group,Moore Capital Group,5331 Adams Pl,Memphis,TN,38101
288,RENAME,Raymond James Financial Services,raymond_james,True,Karen,Rivera,Rivera & Associates,Rivera Wealth Advisors,1839 Spring Dr,Kansas City,MO,64101
289,MEMBER_CHANGE,Wells Fargo Advisors,wells_fargo,True,Margaret,Campbell,Adams Advisory Group,Adams Advisory Group,2408 Cedar St,Seattle,WA,98101
290,RENAME,DA Davidson & Co.,da_davidson,True,Amanda,Flores,Flores Private Wealth Group,Flores Advisory Group,2716 Spring Pkwy,Nashville,TN,37201
291,RENAME,Edward Jones,edward_jones,True,Christopher,Hall,Hall & Associates,Hall Wealth Advisors,7748 Commerce Rd,Minneapolis,MN,55401
292,MEMBER_CHANGE,Morgan Stanley Wealth Management,morgan_stanley,True,Dorothy,Garcia,Hill Wealth Advisors,Hill Wealth Advisors,7591 Lake Dr,Pittsburgh,PA,15201
293,RENAME,Hilliard Lyons,hilliard_lyons,True,Michael,Brown,Brown & Associates,Brown Wealth Partners,8208 Broad Way,Seattle,WA,98101
294,MEMBER_CHANGE,Securities America,securities_america,True,Ashley,Turner,Zhang Private Wealth Group,Zhang Private Wealth Group,7160 Elm Rd,Louisville,KY,40201
295,MEMBER_CHANGE,Northgate Investment Partners,northgate,False,Rachel,Martin,Torres Partners,Torres Partners,6663 Oak Pkwy,Boston,MA,02101
296,RENAME,Edward Jones,edward_jones,True,Karen,Carter,Carter Wealth Advisors,Carter Wealth Partners,1304 Lincoln Court,Atlanta,GA,30301
297,SPLIT_PARENT,Northgate Investment Partners,northgate,False,Helen,Thompson,Thompson Wealth Management,Thompson Wealth Management,2046 Elm Ave,Memphis,TN,38101
298,MEMBER_CHANGE,Hilliard Lyons,hilliard_lyons,True,Anthony,Adams,Carter Capital Group,Carter Capital Group,2463 Park Pkwy,Miami,FL,33101
299,MEMBER_CHANGE,DA Davidson & Co.,da_davidson,True,Betty,Morris,Williams Wealth Management Group,Williams Wealth Management Group,737 Elm Pl,Raleigh,NC,27601
300,MEMBER_CHANGE,Cambridge Investment Research,cambridge_inv,True,Sarah,Khan,Moore Portfolio Group,Moore Portfolio Group,8546 Elm Pl,Richmond,VA,23219
301,RENAME,Oppenheimer & Co.,oppenheimer,True,Christopher,Hill,Hill & Associates,Hill Portfolio Group,5002 Highland Pl,Miami,FL,33101
302,SPLIT_PARENT,Clearwater Capital Group,clearwater,False,Barbara,Mitchell,Mitchell Capital Partners,Mitchell Capital Partners,9322 River Way,New York,NY,10022
303,SPLIT_PARENT,Hilliard Lyons,hilliard_lyons,True,Jennifer,Cruz,Cruz Private Wealth Group,Cruz Private Wealth Group,6924 Highland Rd,New York,NY,10022
304,MEMBER_CHANGE,Woodbury Financial Services,woodbury,True,Sandra,Diaz,Martin Institutional Group,Martin Institutional Group,9577 Highland Dr,Chicago,IL,60601
305,MEMBER_CHANGE,National Planning Holdings,nph,True,Barbara,Young,Taylor Wealth Advisors,Taylor Wealth Advisors,6329 Elm Dr,Los Angeles,CA,90001
306,MEMBER_CHANGE,National Planning Holdings,nph,True,Betty,Johnson,Thomas Wealth Management Group,Thomas Wealth Management Group,7325 Spring Ln,Dallas,TX,75201
307,MEMBER_CHANGE,Cetera Financial Group,cetera,True,James,King,Flores Wealth Advisors,Flores Wealth Advisors,7826 Adams St,San Diego,CA,92101
308,MEMBER_CHANGE,Cambridge Investment Research,cambridge_inv,True,Rachel,Patel,Carter Capital Group,Carter Capital Group,7937 Market Ln,Nashville,TN,37201
309,RENAME,LPL Financial,lpl_financial,True,Dorothy,Wang,Wang & Williams Partners,Wang Wealth Advisors,5708 Central Pl,Indianapolis,IN,46201
310,RENAME,Woodbury Financial Services,woodbury,True,Patricia,Thomas,Thomas & Associates,Thomas Advisory Group,4671 Central Rd,Columbus,OH,43201
311,MEMBER_CHANGE,Janney Montgomery Scott,janney,True,Emily,Parker,Collins Advisory Group,Collins Advisory Group,8111 Spring Way,Washington,DC,20001
312,MEMBER_CHANGE,Securities America,securities_america,True,Matthew,Chen,Young Private Wealth Group,Young Private Wealth Group,9495 Union Court,Las Vegas,NV,89101
313,SPLIT_PARENT,Highfield Asset Management,highfield,False,Betty,Lee,Lee Private Wealth,Lee Private Wealth,2499 River St,Seattle,WA,98101
314,MEMBER_CHANGE,Harborview Private Wealth,harborview,False,Rachel,Wang,Scott Capital Partners,Scott Capital Partners,4301 Adams Way,Fort Worth,TX,76101
315,SPLIT_PARENT,Edward Jones,edward_jones,True,Jessica,Thompson,Thompson Wealth Advisors,Thompson Wealth Advisors,4550 Elm Ave,Richmond,VA,23219
316,MEMBER_CHANGE,Crestwood Family Office,crestwood,False,Sandra,Jones,Harris Advisors,Harris Advisors,931 Union Court,Columbus,OH,43201
317,MEMBER_CHANGE,Kingsbridge Capital Advisors,kingsbridge,False,Sarah,Baker,Brown Wealth,Brown Wealth,6871 Spring Way,Philadelphia,PA,19101
318,RENAME,Ridgeway Wealth Management,ridgeway,False,Thomas,Smith,Smith & Garcia Advisors,Smith Asset Management,2687 Madison Way,Raleigh,NC,27601
319,RENAME,Kingsbridge Capital Advisors,kingsbridge,False,Matthew,Morris,Morris & Nelson Advisors,Morris Investment Partners,5362 River St,Phoenix,AZ,85001
320,MEMBER_CHANGE,Kingsbridge Capital Advisors,kingsbridge,False,Michael,Gomez,White Asset Management,White Asset Management,711 Washington Ln,Austin,TX,78701
321,MEMBER_CHANGE,Parkside Wealth Strategies,parkside,False,Sandra,Morgan,Chen Family Office,Chen Family Office,8216 Washington Rd,Los Angeles,CA,90001
322,MEMBER_CHANGE,Morgan Stanley Wealth Management,morgan_stanley,True,Linda,Lee,Roberts Portfolio Group,Roberts Portfolio Group,1858 Spring Rd,Kansas City,MO,64101
323,MEMBER_CHANGE,Kingsbridge Capital Advisors,kingsbridge,False,Amanda,Zhang,Campbell Capital Partners,Campbell Capital Partners,2298 Market Way,San Francisco,CA,94101
324,MEMBER_CHANGE,Edward Jones,edward_jones,True,Steven,Stewart,Wright Investment Group,Wright Investment Group,7618 Church Rd,Austin,TX,78701
325,SPLIT_PARENT,Morgan Stanley Wealth Management,morgan_stanley,True,Jennifer,Patel,Patel Wealth Partners,Patel Wealth Partners,9402 Union Dr,Austin,TX,78701
326,MEMBER_CHANGE,Woodbury Financial Services,woodbury,True,Betty,Reyes,Lee Asset Management Group,Lee Asset Management Group,8542 Spring Ave,Memphis,TN,38101
327,MEMBER_CHANGE,Ridgeway Wealth Management,ridgeway,False,Patricia,Campbell,Anderson Capital,Anderson Capital,7922 Spring Dr,New York,NY,10001
328,MEMBER_CHANGE,Robert W. Baird & Co.,rwbaird,True,David,Kim,Harris Financial Group,Harris Financial Group,4474 Spring Rd,Pittsburgh,PA,15201
329,RENAME,Crestwood Family Office,crestwood,False,Emily,Smith,Smith & Gomez Advisors,Smith Investment Partners,5990 Liberty Dr,Chicago,IL,60601
330,MEMBER_CHANGE,Ridgeway Wealth Management,ridgeway,False,Nancy,Morgan,Nelson Investment Partners,Nelson Investment Partners,2716 Lincoln Court,Denver,CO,80201
331,MERGE_TARGET,Harborview Private Wealth,harborview,False,Joseph,Turner,Turner Investment Partners,Turner Investment Partners,6121 Broad Dr,Columbus,OH,43201
332,MEMBER_CHANGE,Raymond James Financial Services,raymond_james,True,Sandra,Martin,Moore Financial Group,Moore Financial Group,6221 Madison Court,Raleigh,NC,27601
333,MEMBER_CHANGE,Northgate Investment Partners,northgate,False,Margaret,Hall,Khan Advisors,Khan Advisors,4154 Union Pkwy,Phoenix,AZ,85001
334,MEMBER_CHANGE,Cambridge Investment Research,cambridge_inv,True,Kenneth,Campbell,Campbell Family Wealth Group,Campbell Family Wealth Group,6027 Maple Pkwy,San Antonio,TX,78201
335,MEMBER_CHANGE,UBS Financial Services,ubs,True,Christopher,Green,Yang Wealth Advisors,Yang Wealth Advisors,3412 Highland Court,Dallas,TX,75201
336,MEMBER_CHANGE,LPL Financial,lpl_financial,True,Megan,Allen,Zhang Wealth Advisors,Zhang Wealth Advisors,7339 Cedar Dr,Pittsburgh,PA,15201
337,MEMBER_CHANGE,Commonwealth Financial Network,commonwealth,True,Megan,Baker,Yang Wealth Advisors,Yang Wealth Advisors,7398 Oak Way,San Diego,CA,92101
338,SPLIT_PARENT,Cambridge Investment Research,cambridge_inv,True,Margaret,Nelson,Nelson Portfolio Group,Nelson Portfolio Group,1045 Central Way,Denver,CO,80201
339,MEMBER_CHANGE,Crestwood Family Office,crestwood,False,Sandra,Scott,Hill Investment Partners,Hill Investment Partners,149 Adams Dr,Pittsburgh,PA,15201
340,MEMBER_CHANGE,Merrill Lynch Pierce Fenner & Smith,merrill_lynch,True,Patricia,Patel,Green Capital Group,Green Capital Group,1144 Central St,Houston,TX,77001
341,RENAME,Parkside Wealth Strategies,parkside,False,Patricia,Williams,Williams & Associates,Williams Investment Partners,6798 Washington Blvd,Baltimore,MD,21201
342,MEMBER_CHANGE,Hilliard Lyons,hilliard_lyons,True,Michael,Miller,Adams Asset Management Group,Adams Asset Management Group,6254 Maple Court,San Diego,CA,92101
343,RENAME,Kingsbridge Capital Advisors,kingsbridge,False,Lisa,Davis,Davis & Miller Advisors,Davis Capital,8902 Lincoln Court,San Diego,CA,92101
344,MEMBER_CHANGE,Crestwood Family Office,crestwood,False,Lisa,Jones,Chen Partners,Chen Partners,472 River Way,Tampa,FL,33601
345,SPLIT_PARENT,Cetera Financial Group,cetera,True,Jessica,Nguyen,Nguyen Advisory Group,Nguyen Advisory Group,4155 Jefferson Pl,Dallas,TX,75201
346,MEMBER_CHANGE,Robert W. Baird & Co.,rwbaird,True,Patricia,Scott,Kim Family Wealth Group,Kim Family Wealth Group,1948 Oak Ln,Richmond,VA,23219
347,MEMBER_CHANGE,Northgate Investment Partners,northgate,False,Linda,Gomez,Harris Advisors,Harris Advisors,1202 Cedar Pkwy,Los Angeles,CA,90001
348,MEMBER_CHANGE,Ameriprise Financial Services,ameriprise,True,Amanda,Hill,Cruz Family Wealth Group,Cruz Family Wealth Group,897 Lake St,Memphis,TN,38101
349,RENAME,Ameriprise Financial Services,ameriprise,True,Mark,Mitchell,Mitchell & Williams Partners,Mitchell Advisory Group,1024 Elm Court,Seattle,WA,98101
350,MEMBER_CHANGE,Stifel Nicolaus & Company,stifel_nicolaus,True,Donald,Thomas,King Portfolio Group,King Portfolio Group,9896 Monroe Pl,Charlotte,NC,28201
351,RENAME,Janney Montgomery Scott,janney,True,Charles,Parker,Parker & Lee Partners,Parker Wealth Advisors,3721 Madison Rd,San Francisco,CA,94101
352,RENAME,UBS Financial Services,ubs,True,Helen,Gomez,Gomez & Associates,Gomez Family Wealth Group,2969 Church Ln,Boston,MA,02101
353,MEMBER_CHANGE,Commonwealth Financial Network,commonwealth,True,Sarah,Evans,Scott Institutional Group,Scott Institutional Group,6344 Market Pl,Baltimore,MD,21201
354,MEMBER_CHANGE,Cetera Financial Group,cetera,True,Susan,Williams,Allen Asset Management Group,Allen Asset Management Group,3112 Monroe Court,Raleigh,NC,27601
355,MEMBER_CHANGE,Stifel Nicolaus & Company,stifel_nicolaus,True,Sandra,Torres,Allen Family Wealth Group,Allen Family Wealth Group,2465 Jefferson St,Boston,MA,02101
356,MEMBER_CHANGE,Cetera Financial Group,cetera,True,Robert,Campbell,Carter Wealth Advisors,Carter Wealth Advisors,2296 Lincoln Dr,Indianapolis,IN,46201
357,RENAME,Edward Jones,edward_jones,True,Jennifer,Diaz,Diaz & White Advisors,Diaz Private Wealth Group,7469 Willow Ave,Tampa,FL,33601
358,RENAME,Crestwood Family Office,crestwood,False,Matthew,Brown,Brown Wealth,Brown Investment Partners,6279 Union Pkwy,St. Louis,MO,63101
359,MEMBER_CHANGE,UBS Financial Services,ubs,True,Joseph,Huang,Thomas Portfolio Group,Thomas Portfolio Group,9256 Park Way,Fort Worth,TX,76101
360,RENAME,Meridian Private Wealth,meridian_pw,False,Jennifer,Allen,Allen Capital Partners,Allen Partners,3570 Park Ave,Raleigh,NC,27601
361,MEMBER_CHANGE,Parkside Wealth Strategies,parkside,False,Thomas,Wilson,Edwards Wealth Management,Edwards Wealth Management,3450 Lincoln Dr,Boston,MA,02101
362,RENAME,Oppenheimer & Co.,oppenheimer,True,Andrew,Nguyen,Nguyen & Stewart Partners,Nguyen Financial Group,8843 Church Pl,Denver,CO,80201
363,RENAME,Robert W. Baird & Co.,rwbaird,True,Karen,Rivera,Rivera & Associates,Rivera Financial Group,7735 Cedar Way,Nashville,TN,37201
364,MEMBER_CHANGE,Parkside Wealth Strategies,parkside,False,Andrew,Miller,Torres Private Wealth,Torres Private Wealth,6881 Oak Pkwy,Columbus,OH,43201
365,MEMBER_CHANGE,Crestwood Family Office,crestwood,False,William,Flores,Johnson Investment Partners,Johnson Investment Partners,9165 Highland Pkwy,Baltimore,MD,21201
366,MEMBER_CHANGE,Janney Montgomery Scott,janney,True,Susan,Taylor,Thomas Capital Group,Thomas Capital Group,3868 Lincoln Pkwy,Charlotte,NC,28201
367,MEMBER_CHANGE,Commonwealth Financial Network,commonwealth,True,Steven,Carter,Diaz Institutional Group,Diaz Institutional Group,5630 Hill Way,Minneapolis,MN,55401
368,MEMBER_CHANGE,Ameriprise Financial Services,ameriprise,True,Patricia,Kim,Reyes Capital Group,Reyes Capital Group,2873 Elm Court,Minneapolis,MN,55401
369,MEMBER_CHANGE,LPL Financial,lpl_financial,True,Michael,Green,Diaz Wealth Management Group,Diaz Wealth Management Group,8684 Oak Ave,Chicago,IL,60601
370,MEMBER_CHANGE,Northgate Investment Partners,northgate,False,Lisa,White,Flores Capital,Flores Capital,3891 Maple Blvd,New York,NY,10001
371,MEMBER_CHANGE,Edward Jones,edward_jones,True,Nancy,Martin,Nelson Capital Group,Nelson Capital Group,1090 Broad Pkwy,Raleigh,NC,27601
372,MEMBER_CHANGE,Ridgeway Wealth Management,ridgeway,False,Ashley,Patel,Johnson Partners,Johnson Partners,8819 Central Ln,New York,NY,10001
373,MEMBER_CHANGE,Morgan Stanley Wealth Management,morgan_stanley,True,Margaret,Young,Reyes Wealth Partners,Reyes Wealth Partners,8877 River St,Miami,FL,33101
374,MEMBER_CHANGE,Clearwater Capital Group,clearwater,False,Karen,Brown,Khan Capital,Khan Capital,1853 Cedar Court,Dallas,TX,75201
375,MEMBER_CHANGE,Stifel Nicolaus & Company,stifel_nicolaus,True,Robert,White,Evans Wealth Advisors,Evans Wealth Advisors,4235 Willow Rd,Memphis,TN,38101
376,RENAME,Merrill Lynch Pierce Fenner & Smith,merrill_lynch,True,Karen,Hill,Hill & Associates,Hill Financial Group,9356 Lake Dr,Denver,CO,80201
377,MEMBER_CHANGE,Ridgeway Wealth Management,ridgeway,False,Patricia,Jones,Diaz Partners,Diaz Partners,1631 Lincoln Ln,Las Vegas,NV,89101
378,MEMBER_CHANGE,Securities America,securities_america,True,Steven,Jackson,Brown Institutional Group,Brown Institutional Group,254 Liberty Blvd,Phoenix,AZ,85001
379,MEMBER_CHANGE,Commonwealth Financial Network,commonwealth,True,Joseph,Roberts,Diaz Capital Group,Diaz Capital Group,9370 Cedar Court,Los Angeles,CA,90001
380,MEMBER_CHANGE,Stifel Nicolaus & Company,stifel_nicolaus,True,Dorothy,Thompson,Yang Family Wealth Group,Yang Family Wealth Group,9386 Commerce Rd,Los Angeles,CA,90001
381,SPLIT_PARENT,Parkside Wealth Strategies,parkside,False,William,Cruz,Cruz Investment Partners,Cruz Investment Partners,8997 Highland St,Austin,TX,78701
382,MEMBER_CHANGE,Parkside Wealth Strategies,parkside,False,Amanda,Stewart,Johnson Advisors,Johnson Advisors,9717 Elm Ln,Houston,TX,77001
383,MEMBER_CHANGE,Janney Montgomery Scott,janney,True,Patricia,Garcia,Roberts Advisory Group,Roberts Advisory Group,9384 Lincoln Court,Oklahoma City,OK,73101
384,MEMBER_CHANGE,DA Davidson & Co.,da_davidson,True,Donald,Flores,Patel Family Wealth Group,Patel Family Wealth Group,1384 Market Pl,Chicago,IL,60601
385,RENAME,Wells Fargo Advisors,wells_fargo,True,Sandra,White,White & Associates,White Private Wealth Group,5680 Broad Pkwy,St. Louis,MO,63101
386,MEMBER_CHANGE,DA Davidson & Co.,da_davidson,True,Linda,Rivera,Johnson Institutional Group,Johnson Institutional Group,4578 Jefferson Way,Columbus,OH,43201
387,MEMBER_CHANGE,Hilliard Lyons,hilliard_lyons,True,Sarah,Diaz,Nguyen Asset Management Group,Nguyen Asset Management Group,3143 Union Pkwy,Las Vegas,NV,89101
388,MEMBER_CHANGE,Merrill Lynch Pierce Fenner & Smith,merrill_lynch,True,Nancy,Morgan,Young Advisory Group,Young Advisory Group,1304 Maple Rd,Dallas,TX,75201
389,MEMBER_CHANGE,DA Davidson & Co.,da_davidson,True,Paul,Zhang,Stewart Asset Management Group,Stewart Asset Management Group,5288 Willow Ave,Phoenix,AZ,85001
390,MEMBER_CHANGE,Morgan Stanley Wealth Management,morgan_stanley,True,William,Anderson,Adams Capital Group,Adams Capital Group,4519 Cedar Blvd,Phoenix,AZ,85001
391,RENAME,LPL Financial,lpl_financial,True,Sandra,Adams,Adams & Associates,Adams Wealth Advisors,9188 Market Ln,Philadelphia,PA,19101
392,MEMBER_CHANGE,Morgan Stanley Wealth Management,morgan_stanley,True,Steven,Wilson,Scott Wealth Advisors,Scott Wealth Advisors,1624 Broad Pkwy,Nashville,TN,37201
393,MEMBER_CHANGE,Meridian Private Wealth,meridian_pw,False,Charles,Phillips,Smith Investment Partners,Smith Investment Partners,6879 Lincoln Ave,Boston,MA,02101
394,RENAME,Highfield Asset Management,highfield,False,Donald,Roberts,Roberts & Huang Advisors,Roberts Asset Management,2878 Union Ln,San Jose,CA,95101
395,MEMBER_CHANGE,Raymond James Financial Services,raymond_james,True,Karen,King,Allen Wealth Partners,Allen Wealth Partners,8179 Elm Ave,San Jose,CA,95101
396,MEMBER_CHANGE,Cetera Financial Group,cetera,True,Rachel,Hall,Flores Wealth Partners,Flores Wealth Partners,8033 Maple Pl,Indianapolis,IN,46201
397,MEMBER_CHANGE,Stifel Nicolaus & Company,stifel_nicolaus,True,John,Nguyen,Phillips Portfolio Group,Phillips Portfolio Group,3303 Jefferson Ave,San Diego,CA,92101
398,MEMBER_CHANGE,Janney Montgomery Scott,janney,True,Barbara,Thomas,Hill Capital Group,Hill Capital Group,6324 Spring Way,Oklahoma City,OK,73101
399,RENAME,Cetera Financial Group,cetera,True,Megan,Wilson,Wilson & Wilson Group,Wilson Wealth Partners,5353 Broad Dr,Raleigh,NC,27601
400,MEMBER_CHANGE,Oppenheimer & Co.,oppenheimer,True,Steven,Moore,Hill Capital Group,Hill Capital Group,4875 Adams Way,Portland,OR,97201
401,MEMBER_CHANGE,Summit Peak Advisors,summit_peak,False,Christopher,Miller,King Family Office,King Family Office,4692 Lincoln Pl,San Antonio,TX,78201
402,MEMBER_CHANGE,Parkside Wealth Strategies,parkside,False,Susan,Young,Thomas Wealth Management,Thomas Wealth Management,9039 Washington Court,New York,NY,10022
403,MERGE_TARGET,Crestwood Family Office,crestwood,False,Dorothy,Collins,Collins Advisors,Collins Advisors,7283 River Ave,Baltimore,MD,21201
404,SPLIT_PARENT,Ridgeway Wealth Management,ridgeway,False,Linda,Wilson,Wilson Investment Partners,Wilson Investment Partners,4065 Hill Blvd,Milwaukee,WI,53201
405,MEMBER_CHANGE,Summit Peak Advisors,summit_peak,False,Steven,Smith,Jones Capital Partners,Jones Capital Partners,9896 Commerce Pkwy,Memphis,TN,38101
406,MEMBER_CHANGE,Securities America,securities_america,True,Joseph,Moore,Kim Family Wealth Group,Kim Family Wealth Group,6953 Central St,Louisville,KY,40201
407,RENAME,Harborview Private Wealth,harborview,False,Jessica,Phillips,Phillips Capital,Phillips Wealth,1891 Monroe Dr,Washington,DC,20001
408,RENAME,LPL Financial,lpl_financial,True,Amanda,Williams,Williams Private Wealth Group,Williams Portfolio Group,6647 Monroe Pl,Milwaukee,WI,53201
409,SPLIT_PARENT,Wells Fargo Advisors,wells_fargo,True,James,Miller,Miller Wealth Partners,Miller Wealth Partners,3737 Market Court,Boston,MA,02101
410,MEMBER_CHANGE,National Planning Holdings,nph,True,Jennifer,Harris,White Financial Group,White Financial Group,6229 Lincoln Way,Pittsburgh,PA,15201
411,MEMBER_CHANGE,Harborview Private Wealth,harborview,False,Nancy,Lee,Moore Private Wealth,Moore Private Wealth,502 Commerce Ave,Seattle,WA,98101
412,RENAME,Cetera Financial Group,cetera,True,David,Davis,Davis Financial Group,Davis Family Wealth Group,2421 Willow Rd,Oklahoma City,OK,73101
413,MEMBER_CHANGE,Ameriprise Financial Services,ameriprise,True,Susan,White,Campbell Financial Group,Campbell Financial Group,5806 Commerce Ave,Atlanta,GA,30301
414,MEMBER_CHANGE,Crestwood Family Office,crestwood,False,Rachel,Miller,King Wealth,King Wealth,5019 Oak Ave,New York,NY,10022
415,MEMBER_CHANGE,Meridian Private Wealth,meridian_pw,False,Margaret,Thomas,Diaz Wealth,Diaz Wealth,2792 Adams Dr,Cleveland,OH,44101
416,MERGE_TARGET,LPL Financial,lpl_financial,True,Helen,Taylor,Taylor Capital Group,Taylor Capital Group,9272 Madison Way,Columbus,OH,43201
417,MEMBER_CHANGE,Summit Peak Advisors,summit_peak,False,Joseph,Nelson,Turner Capital,Turner Capital,3153 Church Ln,Memphis,TN,38101
418,MEMBER_CHANGE,Morgan Stanley Wealth Management,morgan_stanley,True,Linda,Campbell,Liu Advisory Group,Liu Advisory Group,7465 Highland Ln,Las Vegas,NV,89101
419,SPLIT_PARENT,Morgan Stanley Wealth Management,morgan_stanley,True,Anthony,Jackson,Jackson Wealth Partners,Jackson Wealth Partners,1125 Highland Ave,Tampa,FL,33601
420,MEMBER_CHANGE,LPL Financial,lpl_financial,True,Donald,Miller,King Advisory Group,King Advisory Group,7596 Cedar Rd,Minneapolis,MN,55401
421,MEMBER_CHANGE,Cambridge Investment Research,cambridge_inv,True,Sarah,Wang,Phillips Asset Management Group,Phillips Asset Management Group,6531 Highland Ave,Washington,DC,20001
422,MEMBER_CHANGE,Hilliard Lyons,hilliard_lyons,True,Paul,Wang,Evans Investment Group,Evans Investment Group,4973 Broad Pkwy,Phoenix,AZ,85001
423,MEMBER_CHANGE,Ridgeway Wealth Management,ridgeway,False,Karen,Williams,King Wealth,King Wealth,4008 River Ave,Austin,TX,78701
424,SPLIT_PARENT,Hilliard Lyons,hilliard_lyons,True,Charles,Rivera,Rivera Asset Management Group,Rivera Asset Management Group,6952 Broad Blvd,Portland,OR,97201
425,MERGE_TARGET,DA Davidson & Co.,da_davidson,True,Sandra,Anderson,Anderson Financial Group,Anderson Financial Group,8904 Liberty Blvd,Boston,MA,02101
426,SPLIT_PARENT,LPL Financial,lpl_financial,True,Linda,Young,Young Investment Group,Young Investment Group,3165 Spring Way,Richmond,VA,23219
427,MEMBER_CHANGE,UBS Financial Services,ubs,True,Michael,Collins,Smith Financial Group,Smith Financial Group,2336 Park Ln,Boston,MA,02101
428,MEMBER_CHANGE,Cambridge Investment Research,cambridge_inv,True,Paul,Smith,Flores Institutional Group,Flores Institutional Group,8156 Madison Way,Minneapolis,MN,55401
429,RENAME,LPL Financial,lpl_financial,True,David,Roberts,Roberts & Associates,Roberts Wealth Management Group,3713 River St,San Francisco,CA,94101
430,MEMBER_CHANGE,Stifel Nicolaus & Company,stifel_nicolaus,True,Dorothy,Williams,Young Investment Group,Young Investment Group,7592 Highland Way,Boston,MA,02101
431,MEMBER_CHANGE,Cambridge Investment Research,cambridge_inv,True,Jennifer,White,Roberts Private Wealth Group,Roberts Private Wealth Group,4489 Monroe Court,Louisville,KY,40201
432,MERGE_SURVIVOR,Securities America,securities_america,True,Robert,Morris,Morris Family Wealth Group,Morris Family Wealth Group,7331 Central Dr,Milwaukee,WI,53201
433,MEMBER_CHANGE,Wells Fargo Advisors,wells_fargo,True,Ashley,Hill,Allen Wealth Management Group,Allen Wealth Management Group,7468 Hill Pl,Phoenix,AZ,85001
434,MERGE_SURVIVOR,Ameriprise Financial Services,ameriprise,True,Joseph,Morgan,Morgan Advisory Group,Morgan Advisory Group,3538 Adams Pkwy,Washington,DC,20001
435,MEMBER_CHANGE,Meridian Private Wealth,meridian_pw,False,Andrew,Garcia,Turner Family Office,Turner Family Office,2819 Broad Blvd,Fort Worth,TX,76101
436,MEMBER_CHANGE,Clearwater Capital Group,clearwater,False,Ashley,White,Khan Partners,Khan Partners,9440 Willow Court,San Francisco,CA,94101
437,RENAME,Woodbury Financial Services,woodbury,True,Jessica,Taylor,Taylor Wealth Partners,Taylor Capital Group,4894 River Pkwy,San Francisco,CA,94101
438,RENAME,Meridian Private Wealth,meridian_pw,False,Barbara,Yang,Yang Asset Management,Yang Wealth,2321 Monroe Ln,Chicago,IL,60601
439,MERGE_SURVIVOR,Robert W. Baird & Co.,rwbaird,True,Thomas,Edwards,Edwards Investment Group,Edwards Investment Group,4190 Elm Pl,Charlotte,NC,28201
440,MEMBER_CHANGE,Northgate Investment Partners,northgate,False,Richard,Patel,Hall Capital,Hall Capital,9560 Church Rd,Baltimore,MD,21201
441,MEMBER_CHANGE,DA Davidson & Co.,da_davidson,True,Lisa,Stewart,Jones Institutional Group,Jones Institutional Group,1625 Lincoln Court,San Francisco,CA,94101
442,MEMBER_CHANGE,Harborview Private Wealth,harborview,False,Michael,King,Nelson Capital Partners,Nelson Capital Partners,5462 Highland St,Phoenix,AZ,85001
443,RENAME,Crestwood Family Office,crestwood,False,Dorothy,Turner,Turner & Associates,Turner Private Wealth,1137 Central Ln,Fort Worth,TX,76101
444,MEMBER_CHANGE,Cetera Financial Group,cetera,True,David,Yang,Hall Wealth Partners,Hall Wealth Partners,5389 River Pl,Boston,MA,02101
445,SPLIT_PARENT,National Planning Holdings,nph,True,Thomas,Roberts,Roberts Financial Group,Roberts Financial Group,5731 Union St,Los Angeles,CA,90001
446,MEMBER_CHANGE,Wells Fargo Advisors,wells_fargo,True,Richard,Smith,Johnson Private Wealth Group,Johnson Private Wealth Group,2688 Jefferson Way,New York,NY,10001
447,MEMBER_CHANGE,Cetera Financial Group,cetera,True,Megan,Baker,Edwards Investment Group,Edwards Investment Group,5045 Washington Rd,Phoenix,AZ,85001
448,SPLIT_PARENT,Kingsbridge Capital Advisors,kingsbridge,False,Karen,Martin,Martin Wealth,Martin Wealth,6192 Union Blvd,Chicago,IL,60601
449,MEMBER_CHANGE,DA Davidson & Co.,da_davidson,True,Amanda,Brown,Reyes Family Wealth Group,Reyes Family Wealth Group,3936 Madison Ave,Philadelphia,PA,19101
450,RENAME,Morgan Stanley Wealth Management,morgan_stanley,True,Anthony,Baker,Baker Wealth Advisors,Baker Private Wealth Group,2274 Highland Dr,Cleveland,OH,44101
451,MEMBER_CHANGE,Ridgeway Wealth Management,ridgeway,False,Jennifer,Edwards,Smith Partners,Smith Partners,5729 Cedar Ln,San Diego,CA,92101
452,SPLIT_PARENT,Commonwealth Financial Network,commonwealth,True,William,White,White Asset Management Group,White Asset Management Group,1563 Adams Ave,Philadelphia,PA,19101
453,MEMBER_CHANGE,Oppenheimer & Co.,oppenheimer,True,Sarah,Thomas,Liu Wealth Partners,Liu Wealth Partners,2346 Lincoln Blvd,Dallas,TX,75201
454,RENAME,Merrill Lynch Pierce Fenner & Smith,merrill_lynch,True,Susan,Roberts,Roberts Private Wealth Group,Roberts Wealth Management Group,2788 Jefferson Pl,Fort Worth,TX,76101
455,RENAME,Kingsbridge Capital Advisors,kingsbridge,False,Charles,Wang,Wang Capital Partners,Wang Family Office,7348 Park Ave,Philadelphia,PA,19101
456,MERGE_SURVIVOR,Raymond James Financial Services,raymond_james,True,Joseph,Gomez,Gomez Family Wealth Group,Gomez Family Wealth Group,6391 Willow Ln,Nashville,TN,37201
457,RENAME,Summit Peak Advisors,summit_peak,False,Thomas,Harris,Harris & Associates,Harris Investment Partners,1480 Lake Court,St. Louis,MO,63101
458,MEMBER_CHANGE,Woodbury Financial Services,woodbury,True,Jessica,Cruz,Young Family Wealth Group,Young Family Wealth Group,539 Union Rd,Fort Worth,TX,76101
459,MEMBER_CHANGE,Cambridge Investment Research,cambridge_inv,True,Richard,Martin,Rivera Advisory Group,Rivera Advisory Group,6518 River St,Charlotte,NC,28201
460,MEMBER_CHANGE,Commonwealth Financial Network,commonwealth,True,Ashley,Morris,Davis Advisory Group,Davis Advisory Group,8285 Church Pkwy,Houston,TX,77001
461,RENAME,Cambridge Investment Research,cambridge_inv,True,James,Torres,Torres & Parker Partners,Torres Capital Group,2262 Lincoln Pkwy,Baltimore,MD,21201
462,RENAME,Hilliard Lyons,hilliard_lyons,True,Jessica,Cruz,Cruz & Associates,Cruz Investment Group,7817 Monroe Ave,New York,NY,10022
463,MERGE_TARGET,National Planning Holdings,nph,True,William,Smith,Smith Wealth Partners,Smith Wealth Partners,3634 Oak St,Memphis,TN,38101
464,MEMBER_CHANGE,Cambridge Investment Research,cambridge_inv,True,Sandra,Morris,Turner Family Wealth Group,Turner Family Wealth Group,8309 Monroe Ln,Milwaukee,WI,53201
465,MEMBER_CHANGE,Harborview Private Wealth,harborview,False,Sandra,Stewart,Garcia Asset Management,Garcia Asset Management,8908 Broad Blvd,San Francisco,CA,94101
466,SPLIT_PARENT,Merrill Lynch Pierce Fenner & Smith,merrill_lynch,True,Kenneth,Garcia,Garcia Wealth Advisors,Garcia Wealth Advisors,3429 Elm Court,Nashville,TN,37201
467,RENAME,DA Davidson & Co.,da_davidson,True,Rachel,Turner,Turner Advisory Group,Turner Institutional Group,1183 River Ln,Charlotte,NC,28201
468,RENAME,UBS Financial Services,ubs,True,Donald,Garcia,Garcia & Associates,Garcia Asset Management Group,2000 Jefferson Pkwy,St. Louis,MO,63101
469,RENAME,UBS Financial Services,ubs,True,Kenneth,Parker,Parker Financial Group,Parker Family Wealth Group,2977 Cedar St,San Diego,CA,92101
470,MEMBER_CHANGE,Harborview Private Wealth,harborview,False,Margaret,Thompson,Taylor Capital Partners,Taylor Capital Partners,5780 Market Court,Indianapolis,IN,46201
471,MEMBER_CHANGE,LPL Financial,lpl_financial,True,Richard,Baker,Wilson Family Wealth Group,Wilson Family Wealth Group,4503 Adams Ave,New York,NY,10022
472,RENAME,Oppenheimer & Co.,oppenheimer,True,Sandra,Thompson,Thompson Portfolio Group,Thompson Wealth Advisors,1146 Hill Pkwy,Houston,TX,77001
473,MEMBER_CHANGE,Commonwealth Financial Network,commonwealth,True,Joseph,Nelson,Rivera Capital Group,Rivera Capital Group,1008 Commerce Pkwy,San Jose,CA,95101
474,MEMBER_CHANGE,Hilliard Lyons,hilliard_lyons,True,Margaret,Smith,Martin Private Wealth Group,Martin Private Wealth Group,9502 Union Ave,Columbus,OH,43201
475,MEMBER_CHANGE,Crestwood Family Office,crestwood,False,Anthony,Yang,Smith Partners,Smith Partners,301 Lake St,Raleigh,NC,27601
476,MERGE_SURVIVOR,Hilliard Lyons,hilliard_lyons,True,Nancy,Wang,Wang Investment Group,Wang Investment Group,3032 Oak Court,Baltimore,MD,21201
477,MEMBER_CHANGE,Stifel Nicolaus & Company,stifel_nicolaus,True,Michael,Thompson,Harris Asset Management Group,Harris Asset Management Group,5341 Hill Ave,Portland,OR,97201
478,MEMBER_CHANGE,Hilliard Lyons,hilliard_lyons,True,Michael,Parker,Rivera Institutional Group,Rivera Institutional Group,962 Washington Dr,Cleveland,OH,44101
479,RENAME,UBS Financial Services,ubs,True,Betty,Jones,Jones Portfolio Group,Jones Financial Group,4725 Monroe Rd,Nashville,TN,37201
480,RENAME,Merrill Lynch Pierce Fenner & Smith,merrill_lynch,True,Helen,Nelson,Nelson & Associates,Nelson Wealth Management Group,6144 Park Rd,Portland,OR,97201
481,MEMBER_CHANGE,Summit Peak Advisors,summit_peak,False,Anthony,Brown,Stewart Wealth Management,Stewart Wealth Management,4074 Jefferson Pl,Pittsburgh,PA,15201
482,MEMBER_CHANGE,Commonwealth Financial Network,commonwealth,True,Robert,Anderson,Reyes Wealth Advisors,Reyes Wealth Advisors,4116 Elm St,Baltimore,MD,21201
483,MEMBER_CHANGE,Morgan Stanley Wealth Management,morgan_stanley,True,Jennifer,Baker,Mitchell Capital Group,Mitchell Capital Group,257 Spring St,Las Vegas,NV,89101
484,MEMBER_CHANGE,Meridian Private Wealth,meridian_pw,False,Thomas,King,Miller Advisors,Miller Advisors,8780 Lake Ln,Minneapolis,MN,55401
485,MEMBER_CHANGE,UBS Financial Services,ubs,True,Andrew,Yang,Collins Wealth Partners,Collins Wealth Partners,1624 Oak Dr,Cleveland,OH,44101
486,SPLIT_PARENT,Cetera Financial Group,cetera,True,Karen,Nelson,Nelson Family Wealth Group,Nelson Family Wealth Group,1491 Highland Ave,Miami,FL,33101
487,MEMBER_CHANGE,Raymond James Financial Services,raymond_james,True,Patricia,Roberts,Jones Portfolio Group,Jones Portfolio Group,9403 Oak Ln,San Diego,CA,92101
488,MEMBER_CHANGE,Stifel Nicolaus & Company,stifel_nicolaus,True,Andrew,Carter,Martin Capital Group,Martin Capital Group,6538 Liberty Pl,Nashville,TN,37201
489,MEMBER_CHANGE,Ameriprise Financial Services,ameriprise,True,Michael,Jackson,White Private Wealth Group,White Private Wealth Group,3421 Elm Pkwy,Philadelphia,PA,19101
490,MERGE_SURVIVOR,Raymond James Financial Services,raymond_james,True,Richard,Taylor,Taylor Financial Group,Taylor Financial Group,7735 Spring Ln,San Antonio,TX,78201
491,MEMBER_CHANGE,Securities America,securities_america,True,Barbara,Cruz,Morgan Advisory Group,Morgan Advisory Group,7504 River Way,Indianapolis,IN,46201
492,MEMBER_CHANGE,Meridian Private Wealth,meridian_pw,False,Sarah,Patel,Garcia Capital,Garcia Capital,5084 Liberty Pkwy,Los Angeles,CA,90001
493,RENAME,Edward Jones,edward_jones,True,Sarah,Moore,Moore Financial Group,Moore Private Wealth Group,4166 Willow Ln,Miami,FL,33101
494,MEMBER_CHANGE,UBS Financial Services,ubs,True,Patricia,Morris,Martin Investment Group,Martin Investment Group,609 Lincoln Way,Boston,MA,02101
495,MEMBER_CHANGE,Crestwood Family Office,crestwood,False,Linda,Liu,Harris Wealth,Harris Wealth,7670 Cedar Blvd,San Antonio,TX,78201
496,MERGE_TARGET,Morgan Stanley Wealth Management,morgan_stanley,True,Michael,Chen,Chen Advisory Group,Chen Advisory Group,2241 Park Ln,Louisville,KY,40201
497,MEMBER_CHANGE,Ridgeway Wealth Management,ridgeway,False,Lisa,Adams,Gomez Wealth Management,Gomez Wealth Management,4340 Maple St,Houston,TX,77001
498,MEMBER_CHANGE,Edward Jones,edward_jones,True,Dorothy,Cruz,Khan Investment Group,Khan Investment Group,1606 Spring Ave,Los Angeles,CA,90001
499,SPLIT_PARENT,Ameriprise Financial Services,ameriprise,True,Michael,Taylor,Taylor Portfolio Group,Taylor Portfolio Group,7196 Adams Ln,Minneapolis,MN,55401
500,MEMBER_CHANGE,Morgan Stanley Wealth Management,morgan_stanley,True,Barbara,Allen,Cruz Asset Management Group,Cruz Asset Management Group,2931 Willow Dr,Austin,TX,78701
501,MEMBER_CHANGE,Robert W. Baird & Co.,rwbaird,True,Lisa,Thomas,Adams Investment Group,Adams Investment Group,667 Broad Pkwy,Richmond,VA,23219
502,MEMBER_CHANGE,Stifel Nicolaus & Company,stifel_nicolaus,True,Megan,Young,Hall Asset Management Group,Hall Asset Management Group,9122 Commerce St,Phoenix,AZ,85001
503,SPLIT_PARENT,Robert W. Baird & Co.,rwbaird,True,Nancy,Wilson,Wilson Asset Management Group,Wilson Asset Management Group,3367 Church Court,Charlotte,NC,28201
504,RENAME,Kingsbridge Capital Advisors,kingsbridge,False,Jessica,Patel,Patel & Associates,Patel Partners,6366 Liberty Pl,Raleigh,NC,27601
505,MEMBER_CHANGE,Securities America,securities_america,True,Robert,Carter,Scott Portfolio Group,Scott Portfolio Group,8331 Spring Ln,San Francisco,CA,94101
506,MEMBER_CHANGE,LPL Financial,lpl_financial,True,Anthony,Adams,King Portfolio Group,King Portfolio Group,3688 Main Rd,Chicago,IL,60601
507,MEMBER_CHANGE,Summit Peak Advisors,summit_peak,False,Sarah,Evans,Campbell Private Wealth,Campbell Private Wealth,9668 Lake Blvd,Philadelphia,PA,19101
508,MEMBER_CHANGE,Stifel Nicolaus & Company,stifel_nicolaus,True,Rachel,Evans,Thompson Wealth Advisors,Thompson Wealth Advisors,1016 Monroe Dr,Portland,OR,97201
509,RENAME,Meridian Private Wealth,meridian_pw,False,Nancy,Scott,Scott & Associates,Scott Capital,2985 Lake Pkwy,Nashville,TN,37201
510,MEMBER_CHANGE,Summit Peak Advisors,summit_peak,False,Rachel,Diaz,Wang Wealth Management,Wang Wealth Management,562 Liberty Pl,Portland,OR,97201
511,MEMBER_CHANGE,National Planning Holdings,nph,True,Megan,Kim,Roberts Advisory Group,Roberts Advisory Group,8164 Central Rd,Austin,TX,78701
512,MEMBER_CHANGE,Commonwealth Financial Network,commonwealth,True,Ashley,Jones,Garcia Wealth Management Group,Garcia Wealth Management Group,3911 Broad Dr,New York,NY,10022
513,MEMBER_CHANGE,Cambridge Investment Research,cambridge_inv,True,Steven,Morgan,Smith Capital Group,Smith Capital Group,3400 Elm Pl,Austin,TX,78701
514,MEMBER_CHANGE,Parkside Wealth Strategies,parkside,False,William,Jackson,Brown Partners,Brown Partners,2520 Highland Blvd,San Antonio,TX,78201
515,MEMBER_CHANGE,Meridian Private Wealth,meridian_pw,False,Mark,Evans,Huang Private Wealth,Huang Private Wealth,1288 Willow Ln,Pittsburgh,PA,15201
516,RENAME,Wells Fargo Advisors,wells_fargo,True,Jennifer,Allen,Allen & Carter Partners,Allen Capital Group,2335 Washington Ln,Minneapolis,MN,55401
517,MEMBER_CHANGE,Kingsbridge Capital Advisors,kingsbridge,False,Christopher,Turner,Anderson Asset Management,Anderson Asset Management,5946 Lake Pkwy,Austin,TX,78701
518,MEMBER_CHANGE,DA Davidson & Co.,da_davidson,True,Michael,Lee,Reyes Family Wealth Group,Reyes Family Wealth Group,4925 Elm Blvd,New York,NY,10001
519,MEMBER_CHANGE,Harborview Private Wealth,harborview,False,Jessica,Khan,Hill Wealth Management,Hill Wealth Management,630 Washington Pkwy,Nashville,TN,37201
520,MEMBER_CHANGE,Parkside Wealth Strategies,parkside,False,Emily,King,White Wealth Management,White Wealth Management,1805 Commerce Blvd,Oklahoma City,OK,73101
521,RENAME,Crestwood Family Office,crestwood,False,William,Harris,Harris Asset Management,Harris Private Wealth,5334 Washington Ave,Oklahoma City,OK,73101
522,MEMBER_CHANGE,Ameriprise Financial Services,ameriprise,True,Donald,Adams,Martin Advisory Group,Martin Advisory Group,4188 Liberty Ave,Washington,DC,20001
523,MEMBER_CHANGE,Robert W. Baird & Co.,rwbaird,True,Donald,Green,Reyes Wealth Management Group,Reyes Wealth Management Group,888 Lincoln Way,Baltimore,MD,21201
524,MEMBER_CHANGE,LPL Financial,lpl_financial,True,Ashley,Roberts,Hall Asset Management Group,Hall Asset Management Group,5854 Central Ln,Philadelphia,PA,19101
525,MEMBER_CHANGE,Clearwater Capital Group,clearwater,False,Thomas,Hill,Patel Wealth Management,Patel Wealth Management,3795 Washington Way,Houston,TX,77001
526,MEMBER_CHANGE,Summit Peak Advisors,summit_peak,False,Mark,Parker,Young Partners,Young Partners,5321 Hill Ave,Houston,TX,77001
527,MEMBER_CHANGE,Oppenheimer & Co.,oppenheimer,True,Rachel,Collins,Liu Asset Management Group,Liu Asset Management Group,2736 Adams Ave,Boston,MA,02101
528,RENAME,Highfield Asset Management,highfield,False,David,Wright,Wright & Associates,Wright Wealth Management,8009 Liberty St,Milwaukee,WI,53201
529,MEMBER_CHANGE,Kingsbridge Capital Advisors,kingsbridge,False,Betty,Jackson,Phillips Family Office,Phillips Family Office,2673 Oak Ave,Oklahoma City,OK,73101
530,MEMBER_CHANGE,Edward Jones,edward_jones,True,Steven,Anderson,Flores Family Wealth Group,Flores Family Wealth Group,9178 Adams Court,Indianapolis,IN,46201
531,MEMBER_CHANGE,Ridgeway Wealth Management,ridgeway,False,Helen,Nguyen,Allen Advisors,Allen Advisors,1671 Oak Ln,Portland,OR,97201
532,MEMBER_CHANGE,Securities America,securities_america,True,Michael,Edwards,Moore Wealth Management Group,Moore Wealth Management Group,6011 Main Ln,Phoenix,AZ,85001
533,MEMBER_CHANGE,Janney Montgomery Scott,janney,True,Patricia,Chen,Baker Advisory Group,Baker Advisory Group,1689 Main Dr,San Jose,CA,95101
534,MEMBER_CHANGE,Kingsbridge Capital Advisors,kingsbridge,False,Mark,Roberts,Garcia Capital Partners,Garcia Capital Partners,1992 River Ln,Raleigh,NC,27601
535,MEMBER_CHANGE,Commonwealth Financial Network,commonwealth,True,Richard,Torres,Garcia Institutional Group,Garcia Institutional Group,9014 Lincoln Blvd,Louisville,KY,40201
536,MEMBER_CHANGE,Highfield Asset Management,highfield,False,Steven,Martin,Torres Capital,Torres Capital,7403 Oak Rd,Atlanta,GA,30301
537,MEMBER_CHANGE,Ameriprise Financial Services,ameriprise,True,Charles,Williams,White Wealth Partners,White Wealth Partners,9344 Oak Blvd,Philadelphia,PA,19101
538,MEMBER_CHANGE,Merrill Lynch Pierce Fenner & Smith,merrill_lynch,True,John,Evans,Khan Wealth Advisors,Khan Wealth Advisors,6882 Monroe Pkwy,Columbus,OH,43201
539,MEMBER_CHANGE,Securities America,securities_america,True,Lisa,Roberts,Chen Asset Management Group,Chen Asset Management Group,8661 Madison Court,Raleigh,NC,27601
540,MEMBER_CHANGE,National Planning Holdings,nph,True,James,Torres,Baker Wealth Partners,Baker Wealth Partners,1393 Lincoln St,Miami,FL,33101
541,MEMBER_CHANGE,National Planning Holdings,nph,True,Ashley,Diaz,Khan Portfolio Group,Khan Portfolio Group,2515 Cedar Way,Austin,TX,78701
542,MEMBER_CHANGE,LPL Financial,lpl_financial,True,Paul,Diaz,Khan Advisory Group,Khan Advisory Group,2167 Oak Ln,Phoenix,AZ,85001
543,MEMBER_CHANGE,Ridgeway Wealth Management,ridgeway,False,William,Roberts,Thomas Capital,Thomas Capital,9849 Hill Pl,Houston,TX,77001
544,RENAME,Merrill Lynch Pierce Fenner & Smith,merrill_lynch,True,Nancy,Carter,Carter Portfolio Group,Carter Asset Management Group,9144 Spring Rd,Cleveland,OH,44101
545,MEMBER_CHANGE,Ameriprise Financial Services,ameriprise,True,Sarah,Brown,Patel Family Wealth Group,Patel Family Wealth Group,9726 Market Ln,San Antonio,TX,78201
546,MEMBER_CHANGE,Cetera Financial Group,cetera,True,James,Harris,Moore Portfolio Group,Moore Portfolio Group,9732 Highland Ave,Philadelphia,PA,19101
547,MEMBER_CHANGE,National Planning Holdings,nph,True,Karen,Kim,Patel Wealth Partners,Patel Wealth Partners,8875 Willow Ln,Indianapolis,IN,46201
548,RENAME,DA Davidson & Co.,da_davidson,True,Linda,Roberts,Roberts Institutional Group,Roberts Portfolio Group,7850 Oak Blvd,San Francisco,CA,94101
549,MEMBER_CHANGE,DA Davidson & Co.,da_davidson,True,Jessica,Morgan,Evans Portfolio Group,Evans Portfolio Group,6681 Oak Ln,Oklahoma City,OK,73101
550,SPLIT_PARENT,Harborview Private Wealth,harborview,False,Donald,Brown,Brown Capital Partners,Brown Capital Partners,4500 Willow St,Oklahoma City,OK,73101
551,MEMBER_CHANGE,Clearwater Capital Group,clearwater,False,Michael,King,Allen Investment Partners,Allen Investment Partners,8154 Liberty Ave,Columbus,OH,43201
552,MEMBER_CHANGE,Raymond James Financial Services,raymond_james,True,Karen,Diaz,Stewart Financial Group,Stewart Financial Group,5357 Hill Ln,St. Louis,MO,63101
553,RENAME,Kingsbridge Capital Advisors,kingsbridge,False,David,Thomas,Thomas & Associates,Thomas Capital Partners,3563 Madison Way,Cleveland,OH,44101
554,SPLIT_PARENT,Meridian Private Wealth,meridian_pw,False,Karen,Lee,Lee Partners,Lee Partners,8542 Washington Ave,Denver,CO,80201
555,MEMBER_CHANGE,Harborview Private Wealth,harborview,False,Susan,Torres,Hill Capital,Hill Capital,8689 Highland St,Austin,TX,78701
556,MEMBER_CHANGE,Edward Jones,edward_jones,True,Ashley,Edwards,Chen Wealth Management Group,Chen Wealth Management Group,4187 Oak Way,Chicago,IL,60601
557,MEMBER_CHANGE,Parkside Wealth Strategies,parkside,False,Ashley,Phillips,Collins Advisors,Collins Advisors,4588 Willow Way,Miami,FL,33101
558,MEMBER_CHANGE,DA Davidson & Co.,da_davidson,True,Megan,Jackson,Cruz Wealth Management Group,Cruz Wealth Management Group,4063 Willow Way,St. Louis,MO,63101
559,MERGE_SURVIVOR,Ameriprise Financial Services,ameriprise,True,Daniel,Huang,Huang Financial Group,Huang Financial Group,9715 Central Pl,Washington,DC,20001
560,MEMBER_CHANGE,LPL Financial,lpl_financial,True,Mark,Phillips,Stewart Family Wealth Group,Stewart Family Wealth Group,1580 River St,Las Vegas,NV,89101
561,MEMBER_CHANGE,UBS Financial Services,ubs,True,Helen,Morris,Zhang Portfolio Group,Zhang Portfolio Group,3611 Lake Dr,Fort Worth,TX,76101
562,MEMBER_CHANGE,Robert W. Baird & Co.,rwbaird,True,Ashley,Evans,Rivera Wealth Management Group,Rivera Wealth Management Group,245 Commerce Blvd,Austin,TX,78701
563,MEMBER_CHANGE,Woodbury Financial Services,woodbury,True,Robert,Allen,White Wealth Partners,White Wealth Partners,5104 Liberty Rd,Milwaukee,WI,53201
564,RENAME,Highfield Asset Management,highfield,False,Nancy,Zhang,Zhang Partners,Zhang Private Wealth,7620 Hill Dr,Kansas City,MO,64101
565,SPLIT_PARENT,Janney Montgomery Scott,janney,True,Susan,Lee,Lee Portfolio Group,Lee Portfolio Group,6606 Highland Ave,New York,NY,10001
566,MEMBER_CHANGE,Cambridge Investment Research,cambridge_inv,True,Betty,Williams,Carter Institutional Group,Carter Institutional Group,9828 Broad Rd,Denver,CO,80201
567,MEMBER_CHANGE,Ridgeway Wealth Management,ridgeway,False,Robert,Taylor,Baker Wealth,Baker Wealth,5609 Hill Pl,San Francisco,CA,94101
568,RENAME,Robert W. Baird & Co.,rwbaird,True,Kenneth,Thomas,Thomas Wealth Advisors,Thomas Investment Group,8575 Monroe Dr,Chicago,IL,60601
569,MEMBER_CHANGE,Summit Peak Advisors,summit_peak,False,Paul,Allen,Hill Private Wealth,Hill Private Wealth,2392 Adams St,Minneapolis,MN,55401
570,MEMBER_CHANGE,Janney Montgomery Scott,janney,True,Helen,Wright,Wang Asset Management Group,Wang Asset Management Group,6728 Lincoln St,Pittsburgh,PA,15201
571,MERGE_TARGET,Harborview Private Wealth,harborview,False,Emily,Lee,Lee Advisors,Lee Advisors,5722 Adams Dr,Tampa,FL,33601
572,MEMBER_CHANGE,Kingsbridge Capital Advisors,kingsbridge,False,Rachel,Mitchell,Wang Private Wealth,Wang Private Wealth,8411 River Blvd,Boston,MA,02101
573,RENAME,LPL Financial,lpl_financial,True,Andrew,Miller,Miller & Rivera Group,Miller Financial Group,2196 Adams Rd,Boston,MA,02101
574,MEMBER_CHANGE,Northgate Investment Partners,northgate,False,Amanda,Moore,Cruz Private Wealth,Cruz Private Wealth,1563 Lake Pl,Columbus,OH,43201
575,MEMBER_CHANGE,Crestwood Family Office,crestwood,False,Michael,Torres,Flores Private Wealth,Flores Private Wealth,6189 Hill Pkwy,Seattle,WA,98101
576,SPLIT_PARENT,Ameriprise Financial Services,ameriprise,True,Joseph,Baker,Baker Wealth Management Group,Baker Wealth Management Group,9661 Highland Pkwy,Houston,TX,77001
577,MEMBER_CHANGE,Commonwealth Financial Network,commonwealth,True,Megan,Campbell,Rivera Private Wealth Group,Rivera Private Wealth Group,6353 Market Rd,Baltimore,MD,21201
578,RENAME,UBS Financial Services,ubs,True,Charles,Wilson,Wilson & Turner Partners,Wilson Advisory Group,5714 Madison Pkwy,Kansas City,MO,64101
579,SPLIT_PARENT,Raymond James Financial Services,raymond_james,True,Sarah,Huang,Huang Family Wealth Group,Huang Family Wealth Group,3054 Monroe Ave,Minneapolis,MN,55401
580,MEMBER_CHANGE,Oppenheimer & Co.,oppenheimer,True,Donald,Brown,King Institutional Group,King Institutional Group,1050 Main Way,San Francisco,CA,94101
581,SPLIT_PARENT,Edward Jones,edward_jones,True,Christopher,Roberts,Roberts Investment Group,Roberts Investment Group,8121 Monroe Ave,San Diego,CA,92101
582,MEMBER_CHANGE,Woodbury Financial Services,woodbury,True,Christopher,Young,Turner Asset Management Group,Turner Asset Management Group,6709 Madison Way,Las Vegas,NV,89101
583,MEMBER_CHANGE,Morgan Stanley Wealth Management,morgan_stanley,True,Betty,Rivera,Mitchell Advisory Group,Mitchell Advisory Group,6212 Main Pl,Cleveland,OH,44101
584,RENAME,Edward Jones,edward_jones,True,John,Cruz,Cruz Wealth Advisors,Cruz Wealth Management Group,4176 Lake Pl,Denver,CO,80201
585,RENAME,Raymond James Financial Services,raymond_james,True,Richard,Nguyen,Nguyen & Associates,Nguyen Wealth Advisors,9744 River Blvd,Houston,TX,77001
586,MEMBER_CHANGE,Clearwater Capital Group,clearwater,False,Dorothy,Zhang,Allen Investment Partners,Allen Investment Partners,7569 Adams Court,St. Louis,MO,63101
587,RENAME,Cambridge Investment Research,cambridge_inv,True,Jennifer,Green,Green & Associates,Green Institutional Group,2292 Spring Way,Washington,DC,20001
588,MEMBER_CHANGE,Northgate Investment Partners,northgate,False,Jessica,Young,Taylor Family Office,Taylor Family Office,413 Lake Dr,San Diego,CA,92101
589,SPLIT_PARENT,Edward Jones,edward_jones,True,John,Gomez,Gomez Wealth Advisors,Gomez Wealth Advisors,2868 Cedar Pl,Los Angeles,CA,90001
590,MEMBER_CHANGE,DA Davidson & Co.,da_davidson,True,Paul,Wang,Morgan Wealth Advisors,Morgan Wealth Advisors,896 Broad St,Philadelphia,PA,19101
591,RENAME,Kingsbridge Capital Advisors,kingsbridge,False,John,Brown,Brown Private Wealth,Brown Wealth,6928 Jefferson Ln,San Antonio,TX,78201
592,RENAME,Securities America,securities_america,True,Steven,Baker,Baker & Associates,Baker Family Wealth Group,2608 Park St,Denver,CO,80201
593,MERGE_SURVIVOR,Cetera Financial Group,cetera,True,Richard,Parker,Parker Wealth Advisors,Parker Wealth Advisors,4523 Broad Pkwy,San Diego,CA,92101
594,SPLIT_PARENT,Cetera Financial Group,cetera,True,Richard,Rivera,Rivera Family Wealth Group,Rivera Family Wealth Group,2028 River Ave,Philadelphia,PA,19101
595,MEMBER_CHANGE,Commonwealth Financial Network,commonwealth,True,Charles,Parker,Phillips Advisory Group,Phillips Advisory Group,4408 Market Dr,Washington,DC,20001
596,MEMBER_CHANGE,Harborview Private Wealth,harborview,False,Helen,Collins,Young Capital,Young Capital,745 Central Way,Fort Worth,TX,76101
597,RENAME,Harborview Private Wealth,harborview,False,Patricia,Wright,Wright & Associates,Wright Advisors,144 Main Ave,San Antonio,TX,78201
598,SPLIT_PARENT,Clearwater Capital Group,clearwater,False,Emily,Parker,Parker Capital Partners,Parker Capital Partners,2543 Maple Court,Houston,TX,77001
599,MEMBER_CHANGE,Crestwood Family Office,crestwood,False,Amanda,Gomez,Yang Investment Partners,Yang Investment Partners,3887 Jefferson Rd,Indianapolis,IN,46201
600,MEMBER_CHANGE,Ameriprise Financial Services,ameriprise,True,Patricia,Wright,Miller Investment Group,Miller Investment Group,746 River Pl,Nashville,TN,37201
601,MEMBER_CHANGE,Cetera Financial Group,cetera,True,Steven,Martin,Miller Wealth Management Group,Miller Wealth Management Group,258 Elm Blvd,Oklahoma City,OK,73101
602,MEMBER_CHANGE,Hilliard Lyons,hilliard_lyons,True,Nancy,Scott,Evans Wealth Partners,Evans Wealth Partners,1622 Willow Pl,Austin,TX,78701
603,MEMBER_CHANGE,Wells Fargo Advisors,wells_fargo,True,Margaret,Campbell,Hill Financial Group,Hill Financial Group,4553 Lincoln Way,Baltimore,MD,21201
604,MEMBER_CHANGE,Kingsbridge Capital Advisors,kingsbridge,False,Paul,Diaz,Davis Capital,Davis Capital,1060 Washington Ave,Baltimore,MD,21201
605,RENAME,Parkside Wealth Strategies,parkside,False,Rachel,Baker,Baker & Associates,Baker Wealth Management,7278 Washington Pkwy,Las Vegas,NV,89101
606,MEMBER_CHANGE,Northgate Investment Partners,northgate,False,Ashley,Morris,Evans Partners,Evans Partners,2240 Commerce Way,San Antonio,TX,78201
607,MEMBER_CHANGE,Highfield Asset Management,highfield,False,Paul,Green,Adams Partners,Adams Partners,1137 Hill Pl,New York,NY,10001
608,MEMBER_CHANGE,Harborview Private Wealth,harborview,False,Susan,Nelson,Morgan Wealth Management,Morgan Wealth Management,9357 Lake Pl,Cleveland,OH,44101
609,SPLIT_PARENT,Cambridge Investment Research,cambridge_inv,True,Amanda,Miller,Miller Asset Management Group,Miller Asset Management Group,4172 Commerce Pl,Las Vegas,NV,89101
610,MEMBER_CHANGE,Raymond James Financial Services,raymond_james,True,James,Thomas,Yang Portfolio Group,Yang Portfolio Group,994 Main Blvd,Miami,FL,33101
611,MEMBER_CHANGE,Meridian Private Wealth,meridian_pw,False,Nancy,Patel,Zhang Capital Partners,Zhang Capital Partners,2809 Maple Way,Nashville,TN,37201
612,MEMBER_CHANGE,Stifel Nicolaus & Company,stifel_nicolaus,True,Linda,Huang,Thompson Wealth Management Group,Thompson Wealth Management Group,8405 Lake Court,Las Vegas,NV,89101
613,MEMBER_CHANGE,DA Davidson & Co.,da_davidson,True,Patricia,Garcia,Garcia Financial Group,Garcia Financial Group,7377 Highland Way,Phoenix,AZ,85001
614,SPLIT_PARENT,Meridian Private Wealth,meridian_pw,False,Linda,Adams,Adams Private Wealth,Adams Private Wealth,2044 Commerce St,Philadelphia,PA,19101
615,MEMBER_CHANGE,DA Davidson & Co.,da_davidson,True,Andrew,Jackson,Williams Wealth Advisors,Williams Wealth Advisors,9096 Main Ave,St. Louis,MO,63101
616,MEMBER_CHANGE,Woodbury Financial Services,woodbury,True,Joseph,Thomas,Liu Wealth Advisors,Liu Wealth Advisors,9313 Park Way,Oklahoma City,OK,73101
617,MEMBER_CHANGE,Hilliard Lyons,hilliard_lyons,True,Sandra,Edwards,Lee Advisory Group,Lee Advisory Group,7545 Spring Court,Richmond,VA,23219
618,RENAME,Woodbury Financial Services,woodbury,True,Patricia,Collins,Collins & Phillips Partners,Collins Institutional Group,6052 Liberty Way,San Antonio,TX,78201
619,MEMBER_CHANGE,Wells Fargo Advisors,wells_fargo,True,Richard,Morris,Smith Capital Group,Smith Capital Group,5918 Church Rd,Boston,MA,02101
620,MEMBER_CHANGE,Cambridge Investment Research,cambridge_inv,True,Joseph,Hall,Edwards Private Wealth Group,Edwards Private Wealth Group,850 Washington Way,San Diego,CA,92101
621,SPLIT_PARENT,Clearwater Capital Group,clearwater,False,Margaret,Miller,Miller Investment Partners,Miller Investment Partners,3309 Park Ave,Memphis,TN,38101
622,MEMBER_CHANGE,Edward Jones,edward_jones,True,William,Smith,Lee Advisory Group,Lee Advisory Group,5636 Cedar Ln,Los Angeles,CA,90001
623,MEMBER_CHANGE,Parkside Wealth Strategies,parkside,False,John,Patel,Davis Capital Partners,Davis Capital Partners,7593 Union Pkwy,Miami,FL,33101
624,RENAME,Raymond James Financial Services,raymond_james,True,Linda,Smith,Smith Institutional Group,Smith Wealth Advisors,895 Central Ln,Pittsburgh,PA,15201
625,MEMBER_CHANGE,Commonwealth Financial Network,commonwealth,True,Dorothy,Liu,Morgan Investment Group,Morgan Investment Group,9579 Washington Blvd,Philadelphia,PA,19101
626,MEMBER_CHANGE,DA Davidson & Co.,da_davidson,True,Charles,Miller,Phillips Capital Group,Phillips Capital Group,8359 Lincoln Ln,St. Louis,MO,63101
627,MEMBER_CHANGE,Parkside Wealth Strategies,parkside,False,Christopher,Rivera,Thompson Family Office,Thompson Family Office,5717 River Way,San Diego,CA,92101
628,MEMBER_CHANGE,Raymond James Financial Services,raymond_james,True,Susan,Thomas,Phillips Family Wealth Group,Phillips Family Wealth Group,8493 River Court,Nashville,TN,37201
629,MEMBER_CHANGE,Harborview Private Wealth,harborview,False,Helen,Lee,Turner Advisors,Turner Advisors,3391 Park Pkwy,Seattle,WA,98101
630,MEMBER_CHANGE,Ridgeway Wealth Management,ridgeway,False,Jennifer,Brown,Wang Capital,Wang Capital,3013 Market Court,Nashville,TN,37201
631,MEMBER_CHANGE,Harborview Private Wealth,harborview,False,Betty,Anderson,Morris Private Wealth,Morris Private Wealth,9312 Commerce Pkwy,Portland,OR,97201
632,MEMBER_CHANGE,Ridgeway Wealth Management,ridgeway,False,Joseph,Green,Cruz Asset Management,Cruz Asset Management,4784 Madison St,Cleveland,OH,44101
633,MEMBER_CHANGE,Wells Fargo Advisors,wells_fargo,True,Joseph,Chen,Nguyen Investment Group,Nguyen Investment Group,969 Union St,Jacksonville,FL,32201
634,RENAME,Robert W. Baird & Co.,rwbaird,True,Christopher,Young,Young & Associates,Young Institutional Group,4205 Elm St,Seattle,WA,98101
635,MEMBER_CHANGE,Edward Jones,edward_jones,True,Andrew,Harris,Williams Capital Group,Williams Capital Group,7515 Cedar Pkwy,Boston,MA,02101
636,MERGE_SURVIVOR,Meridian Private Wealth,meridian_pw,False,Mark,Stewart,Stewart Asset Management,Stewart Asset Management,6471 Lake Court,Seattle,WA,98101
637,MERGE_SURVIVOR,Harborview Private Wealth,harborview,False,Michael,Kim,Kim Family Office,Kim Family Office,6449 Madison Pl,Boston,MA,02101
638,RENAME,UBS Financial Services,ubs,True,James,Stewart,Stewart Financial Group,Stewart Wealth Partners,3427 Broad Way,Columbus,OH,43201
639,RENAME,Parkside Wealth Strategies,parkside,False,Karen,Morris,Morris & Jackson Group,Morris Wealth Management,9055 Adams Pkwy,Jacksonville,FL,32201
640,MEMBER_CHANGE,Northgate Investment Partners,northgate,False,Charles,Cruz,Young Capital Partners,Young Capital Partners,3006 Union Ave,Austin,TX,78701
641,RENAME,LPL Financial,lpl_financial,True,Barbara,Davis,Davis & Morgan Advisors,Davis Asset Management Group,765 Madison Rd,Boston,MA,02101
642,MEMBER_CHANGE,Robert W. Baird & Co.,rwbaird,True,Patricia,Phillips,Taylor Portfolio Group,Taylor Portfolio Group,4278 Main Pl,Kansas City,MO,64101
643,MEMBER_CHANGE,Harborview Private Wealth,harborview,False,David,Jones,Williams Capital,Williams Capital,5385 Broad St,Richmond,VA,23219
644,MEMBER_CHANGE,Clearwater Capital Group,clearwater,False,Michael,Diaz,Hall Wealth Management,Hall Wealth Management,9113 Willow Ave,Nashville,TN,37201
645,MEMBER_CHANGE,Cambridge Investment Research,cambridge_inv,True,Matthew,Miller,Anderson Wealth Advisors,Anderson Wealth Advisors,1217 Market Blvd,Baltimore,MD,21201
646,MEMBER_CHANGE,Securities America,securities_america,True,Megan,Liu,Hill Private Wealth Group,Hill Private Wealth Group,5824 Lake Dr,Oklahoma City,OK,73101
647,MEMBER_CHANGE,Oppenheimer & Co.,oppenheimer,True,Kenneth,Rivera,Young Advisory Group,Young Advisory Group,8791 Commerce Court,New York,NY,10001
648,RENAME,Wells Fargo Advisors,wells_fargo,True,Lisa,Adams,Adams & Associates,Adams Advisory Group,4094 Oak Pl,Las Vegas,NV,89101
649,MEMBER_CHANGE,Parkside Wealth Strategies,parkside,False,Charles,Patel,Nguyen Investment Partners,Nguyen Investment Partners,8951 Adams Rd,New York,NY,10022
650,MEMBER_CHANGE,Parkside Wealth Strategies,parkside,False,Christopher,Morris,Lee Private Wealth,Lee Private Wealth,8526 Market Way,Minneapolis,MN,55401
651,MEMBER_CHANGE,UBS Financial Services,ubs,True,Robert,Johnson,Yang Institutional Group,Yang Institutional Group,3254 Spring Court,Phoenix,AZ,85001
652,MEMBER_CHANGE,Wells Fargo Advisors,wells_fargo,True,Daniel,Hall,Morgan Wealth Advisors,Morgan Wealth Advisors,8836 Main Ave,Fort Worth,TX,76101
653,RENAME,Ridgeway Wealth Management,ridgeway,False,Anthony,Huang,Huang & Associates,Huang Family Office,1802 Park Court,Milwaukee,WI,53201
654,MEMBER_CHANGE,Kingsbridge Capital Advisors,kingsbridge,False,Lisa,Yang,Stewart Capital,Stewart Capital,489 Jefferson Pl,Los Angeles,CA,90001
655,MEMBER_CHANGE,Merrill Lynch Pierce Fenner & Smith,merrill_lynch,True,Sarah,Thomas,Brown Investment Group,Brown Investment Group,4227 Central Ave,Portland,OR,97201
656,MEMBER_CHANGE,Clearwater Capital Group,clearwater,False,Lisa,King,Wang Investment Partners,Wang Investment Partners,6778 Lincoln Way,Memphis,TN,38101
657,MERGE_TARGET,Cetera Financial Group,cetera,True,Sarah,Johnson,Johnson Asset Management Group,Johnson Asset Management Group,2038 Central St,Richmond,VA,23219
658,MEMBER_CHANGE,Merrill Lynch Pierce Fenner & Smith,merrill_lynch,True,Jennifer,Roberts,Williams Family Wealth Group,Williams Family Wealth Group,1289 Willow Court,Philadelphia,PA,19101
659,RENAME,Janney Montgomery Scott,janney,True,Kenneth,Phillips,Phillips & Associates,Phillips Private Wealth Group,4712 Monroe Way,Las Vegas,NV,89101
660,MEMBER_CHANGE,DA Davidson & Co.,da_davidson,True,Anthony,Mitchell,Baker Investment Group,Baker Investment Group,8840 Lake Blvd,Memphis,TN,38101
661,RENAME,Summit Peak Advisors,summit_peak,False,Jessica,Young,Young Investment Partners,Young Capital,4983 Union Pl,New York,NY,10001
662,RENAME,Securities America,securities_america,True,Helen,Moore,Moore & Associates,Moore Private Wealth Group,784 Main Pkwy,St. Louis,MO,63101
663,MEMBER_CHANGE,DA Davidson & Co.,da_davidson,True,William,Davis,Carter Private Wealth Group,Carter Private Wealth Group,5092 Park Pl,Fort Worth,TX,76101
664,MEMBER_CHANGE,Cetera Financial Group,cetera,True,Lisa,Williams,Moore Investment Group,Moore Investment Group,3114 Lake Pkwy,Indianapolis,IN,46201
665,RENAME,Edward Jones,edward_jones,True,Joseph,Anderson,Anderson & Roberts Partners,Anderson Institutional Group,9394 Oak Court,Kansas City,MO,64101
666,MEMBER_CHANGE,Kingsbridge Capital Advisors,kingsbridge,False,John,Huang,Jones Investment Partners,Jones Investment Partners,1203 Hill Ave,Jacksonville,FL,32201
667,MEMBER_CHANGE,Crestwood Family Office,crestwood,False,Lisa,Jones,Hall Private Wealth,Hall Private Wealth,5951 Elm Dr,Philadelphia,PA,19101
668,MEMBER_CHANGE,Janney Montgomery Scott,janney,True,Robert,Kim,Jones Advisory Group,Jones Advisory Group,5306 Commerce Way,Oklahoma City,OK,73101
669,MEMBER_CHANGE,Woodbury Financial Services,woodbury,True,Margaret,Johnson,Edwards Portfolio Group,Edwards Portfolio Group,2596 Highland Pkwy,Louisville,KY,40201
670,MEMBER_CHANGE,Summit Peak Advisors,summit_peak,False,Donald,Nguyen,Green Capital,Green Capital,179 Spring Dr,Columbus,OH,43201
671,MEMBER_CHANGE,Harborview Private Wealth,harborview,False,Barbara,Parker,Thompson Private Wealth,Thompson Private Wealth,2300 Union Pl,Raleigh,NC,27601
672,MEMBER_CHANGE,Ameriprise Financial Services,ameriprise,True,Patricia,Moore,Scott Wealth Partners,Scott Wealth Partners,8078 Central Ave,Austin,TX,78701
673,RENAME,Kingsbridge Capital Advisors,kingsbridge,False,Megan,Garcia,Garcia & Associates,Garcia Investment Partners,2393 Central Dr,Indianapolis,IN,46201
674,MEMBER_CHANGE,Crestwood Family Office,crestwood,False,Emily,Phillips,Reyes Wealth,Reyes Wealth,405 Market St,Pittsburgh,PA,15201
675,MEMBER_CHANGE,National Planning Holdings,nph,True,Michael,Mitchell,Morgan Portfolio Group,Morgan Portfolio Group,3585 Oak Court,Indianapolis,IN,46201
676,MERGE_TARGET,Securities America,securities_america,True,Jessica,Baker,Baker Institutional Group,Baker Institutional Group,2535 Willow Ln,Columbus,OH,43201
677,MEMBER_CHANGE,Highfield Asset Management,highfield,False,Joseph,Gomez,Reyes Investment Partners,Reyes Investment Partners,2293 Jefferson Court,Miami,FL,33101
678,RENAME,Merrill Lynch Pierce Fenner & Smith,merrill_lynch,True,Betty,Torres,Torres & Associates,Torres Wealth Advisors,273 Union Dr,Richmond,VA,23219
679,MEMBER_CHANGE,Ridgeway Wealth Management,ridgeway,False,Sarah,Mitchell,Morris Asset Management,Morris Asset Management,2399 Jefferson Blvd,Austin,TX,78701
680,MEMBER_CHANGE,National Planning Holdings,nph,True,Patricia,Brown,Parker Investment Group,Parker Investment Group,8021 Willow St,Columbus,OH,43201
681,MEMBER_CHANGE,Northgate Investment Partners,northgate,False,Amanda,Adams,White Wealth,White Wealth,4431 Willow Dr,Los Angeles,CA,90001
682,RENAME,Ridgeway Wealth Management,ridgeway,False,Anthony,Campbell,Campbell & Cruz Advisors,Campbell Private Wealth,6458 Commerce Way,Los Angeles,CA,90001
683,MEMBER_CHANGE,UBS Financial Services,ubs,True,David,Jones,Miller Family Wealth Group,Miller Family Wealth Group,8642 Church Rd,Indianapolis,IN,46201
684,MEMBER_CHANGE,National Planning Holdings,nph,True,David,Wilson,Roberts Investment Group,Roberts Investment Group,6271 Church Ln,Louisville,KY,40201
685,MEMBER_CHANGE,National Planning Holdings,nph,True,Dorothy,Yang,Campbell Wealth Partners,Campbell Wealth Partners,6265 Lake Court,Memphis,TN,38101
686,RENAME,Hilliard Lyons,hilliard_lyons,True,Lisa,Hall,Hall Advisory Group,Hall Financial Group,9999 Main Court,San Diego,CA,92101
687,MEMBER_CHANGE,Ameriprise Financial Services,ameriprise,True,Patricia,Chen,White Private Wealth Group,White Private Wealth Group,8530 Church Rd,Fort Worth,TX,76101
688,MEMBER_CHANGE,Raymond James Financial Services,raymond_james,True,Jessica,Diaz,Taylor Capital Group,Taylor Capital Group,9963 Liberty Ave,Columbus,OH,43201
689,SPLIT_PARENT,Cetera Financial Group,cetera,True,Jennifer,Reyes,Reyes Private Wealth Group,Reyes Private Wealth Group,7989 Union Way,Raleigh,NC,27601
690,MEMBER_CHANGE,Edward Jones,edward_jones,True,David,Diaz,Taylor Institutional Group,Taylor Institutional Group,6832 Main Dr,Los Angeles,CA,90001
691,MEMBER_CHANGE,Raymond James Financial Services,raymond_james,True,Lisa,Taylor,Gomez Investment Group,Gomez Investment Group,2307 Church Court,Los Angeles,CA,90001
692,MEMBER_CHANGE,Highfield Asset Management,highfield,False,John,Edwards,Moore Partners,Moore Partners,2825 Hill Blvd,Cleveland,OH,44101
693,SPLIT_PARENT,DA Davidson & Co.,da_davidson,True,Megan,Roberts,Roberts Institutional Group,Roberts Institutional Group,405 Adams Rd,Phoenix,AZ,85001
694,MERGE_SURVIVOR,Edward Jones,edward_jones,True,Ashley,Phillips,Phillips Financial Group,Phillips Financial Group,7991 Washington Dr,Baltimore,MD,21201
695,RENAME,Woodbury Financial Services,woodbury,True,Charles,Patel,Patel Institutional Group,Patel Portfolio Group,3079 Broad Court,Indianapolis,IN,46201
696,MEMBER_CHANGE,LPL Financial,lpl_financial,True,Joseph,Liu,Kim Financial Group,Kim Financial Group,9873 Highland Ave,Columbus,OH,43201
697,MEMBER_CHANGE,DA Davidson & Co.,da_davidson,True,Sandra,Wright,Wilson Private Wealth Group,Wilson Private Wealth Group,371 Park Court,Miami,FL,33101
698,SPLIT_PARENT,Ridgeway Wealth Management,ridgeway,False,Margaret,Lee,Lee Capital,Lee Capital,1677 Washington Way,Richmond,VA,23219
699,MEMBER_CHANGE,Woodbury Financial Services,woodbury,True,Ashley,Zhang,Liu Wealth Advisors,Liu Wealth Advisors,8346 Monroe Ave,Phoenix,AZ,85001
700,SPLIT_PARENT,Commonwealth Financial Network,commonwealth,True,Thomas,Yang,Yang Portfolio Group,Yang Portfolio Group,8935 Main Ln,Cleveland,OH,44101
701,RENAME,Cetera Financial Group,cetera,True,Karen,Huang,Huang & Baker Partners,Huang Wealth Management Group,8780 Madison Dr,Raleigh,NC,27601
702,MEMBER_CHANGE,Summit Peak Advisors,summit_peak,False,Ashley,Williams,Scott Wealth Management,Scott Wealth Management,9539 Cedar Ln,San Diego,CA,92101
703,MEMBER_CHANGE,Robert W. Baird & Co.,rwbaird,True,Joseph,White,Morgan Advisory Group,Morgan Advisory Group,1473 River Pkwy,Tampa,FL,33601
704,MEMBER_CHANGE,Cetera Financial Group,cetera,True,Kenneth,Nelson,Thomas Wealth Management Group,Thomas Wealth Management Group,216 Highland Court,San Antonio,TX,78201
705,RENAME,Cambridge Investment Research,cambridge_inv,True,James,Nguyen,Nguyen Asset Management Group,Nguyen Institutional Group,3465 Liberty Pl,Baltimore,MD,21201
706,MEMBER_CHANGE,Hilliard Lyons,hilliard_lyons,True,William,Huang,Moore Asset Management Group,Moore Asset Management Group,9690 Hill Rd,Tampa,FL,33601
707,MEMBER_CHANGE,Cetera Financial Group,cetera,True,Susan,Campbell,Torres Portfolio Group,Torres Portfolio Group,4614 Union Ln,Fort Worth,TX,76101
708,RENAME,Cetera Financial Group,cetera,True,Helen,Patel,Patel & Thompson Advisors,Patel Wealth Advisors,8004 Washington Pl,Boston,MA,02101
709,SPLIT_PARENT,Securities America,securities_america,True,Patricia,Martin,Martin Wealth Partners,Martin Wealth Partners,9564 Willow Ln,San Diego,CA,92101
710,MEMBER_CHANGE,Meridian Private Wealth,meridian_pw,False,Emily,Evans,Stewart Advisors,Stewart Advisors,7417 Liberty Blvd,Philadelphia,PA,19101
711,MEMBER_CHANGE,Edward Jones,edward_jones,True,Jennifer,Johnson,Hill Capital Group,Hill Capital Group,9120 Broad St,San Jose,CA,95101
712,MEMBER_CHANGE,DA Davidson & Co.,da_davidson,True,Mark,Edwards,Khan Private Wealth Group,Khan Private Wealth Group,2481 Commerce Pkwy,Milwaukee,WI,53201
713,RENAME,Merrill Lynch Pierce Fenner & Smith,merrill_lynch,True,William,Martin,Martin Financial Group,Martin Advisory Group,6175 Maple Pkwy,Los Angeles,CA,90001
714,MEMBER_CHANGE,Crestwood Family Office,crestwood,False,Margaret,Carter,Kim Family Office,Kim Family Office,8636 River Pkwy,Chicago,IL,60601
715,MEMBER_CHANGE,Northgate Investment Partners,northgate,False,Barbara,Carter,Turner Capital Partners,Turner Capital Partners,7292 Main Dr,Cleveland,OH,44101
716,RENAME,Janney Montgomery Scott,janney,True,Matthew,Williams,Williams Private Wealth Group,Williams Portfolio Group,8464 Market Dr,Richmond,VA,23219
717,MERGE_SURVIVOR,LPL Financial,lpl_financial,True,Robert,Torres,Torres Advisory Group,Torres Advisory Group,104 Washington Ave,San Francisco,CA,94101
718,MEMBER_CHANGE,Northgate Investment Partners,northgate,False,Kenneth,Yang,Scott Family Office,Scott Family Office,6742 Highland Dr,Cleveland,OH,44101
719,SPLIT_PARENT,Morgan Stanley Wealth Management,morgan_stanley,True,William,Wang,Wang Private Wealth Group,Wang Private Wealth Group,9104 River Court,Pittsburgh,PA,15201
720,MEMBER_CHANGE,Hilliard Lyons,hilliard_lyons,True,Linda,Brown,Lee Wealth Partners,Lee Wealth Partners,3807 Broad Dr,Kansas City,MO,64101
721,SPLIT_PARENT,Parkside Wealth Strategies,parkside,False,Betty,Roberts,Roberts Partners,Roberts Partners,4377 Washington Ln,Miami,FL,33101
722,SPLIT_PARENT,Wells Fargo Advisors,wells_fargo,True,Helen,Jones,Jones Wealth Advisors,Jones Wealth Advisors,4921 Spring Ave,Miami,FL,33101
723,MEMBER_CHANGE,Robert W. Baird & Co.,rwbaird,True,Rachel,Huang,Lee Portfolio Group,Lee Portfolio Group,4198 Liberty Way,Las Vegas,NV,89101
724,MEMBER_CHANGE,National Planning Holdings,nph,True,Megan,Huang,Morgan Advisory Group,Morgan Advisory Group,5665 Monroe Way,Kansas City,MO,64101
725,MEMBER_CHANGE,Highfield Asset Management,highfield,False,Barbara,Phillips,Huang Partners,Huang Partners,7996 Cedar Rd,Houston,TX,77001
726,MEMBER_CHANGE,DA Davidson & Co.,da_davidson,True,Linda,Young,Cruz Family Wealth Group,Cruz Family Wealth Group,3867 Spring Ln,Washington,DC,20001
727,SPLIT_PARENT,Cambridge Investment Research,cambridge_inv,True,Jessica,Smith,Smith Family Wealth Group,Smith Family Wealth Group,4414 Lake Rd,Phoenix,AZ,85001
728,MERGE_SURVIVOR,DA Davidson & Co.,da_davidson,True,Jennifer,Jones,Jones Wealth Advisors,Jones Wealth Advisors,3024 Commerce Pl,Washington,DC,20001
729,MERGE_TARGET,Edward Jones,edward_jones,True,Emily,Thompson,Thompson Investment Group,Thompson Investment Group,3215 Commerce Dr,Charlotte,NC,28201
730,RENAME,Crestwood Family Office,crestwood,False,Donald,Huang,Huang & Associates,Huang Investment Partners,3487 Lake Dr,Charlotte,NC,28201
731,SPLIT_PARENT,Clearwater Capital Group,clearwater,False,Amanda,Scott,Scott Capital,Scott Capital,1847 Cedar Ave,Minneapolis,MN,55401
732,RENAME,Woodbury Financial Services,woodbury,True,James,Morris,Morris & Associates,Morris Wealth Advisors,792 Commerce Pl,Richmond,VA,23219
733,MEMBER_CHANGE,Oppenheimer & Co.,oppenheimer,True,Joseph,Phillips,Yang Portfolio Group,Yang Portfolio Group,4601 Commerce Blvd,Miami,FL,33101
734,MEMBER_CHANGE,Robert W. Baird & Co.,rwbaird,True,Joseph,Phillips,White Portfolio Group,White Portfolio Group,2201 Oak Court,Milwaukee,WI,53201
735,MEMBER_CHANGE,Commonwealth Financial Network,commonwealth,True,Paul,Collins,Williams Wealth Advisors,Williams Wealth Advisors,5789 Lincoln Blvd,Kansas City,MO,64101
736,MEMBER_CHANGE,Wells Fargo Advisors,wells_fargo,True,Christopher,Davis,Nelson Capital Group,Nelson Capital Group,237 Main Dr,Las Vegas,NV,89101
737,RENAME,National Planning Holdings,nph,True,Richard,King,King & Wilson Partners,King Capital Group,4354 Washington Court,Indianapolis,IN,46201
738,SPLIT_PARENT,Stifel Nicolaus & Company,stifel_nicolaus,True,Paul,Baker,Baker Portfolio Group,Baker Portfolio Group,5721 Willow Blvd,Minneapolis,MN,55401
739,MEMBER_CHANGE,Cetera Financial Group,cetera,True,Matthew,Flores,Flores Family Wealth Group,Flores Family Wealth Group,6199 Willow Ln,San Francisco,CA,94101
740,SPLIT_PARENT,Ameriprise Financial Services,ameriprise,True,Daniel,Roberts,Roberts Investment Group,Roberts Investment Group,9535 Union Dr,Philadelphia,PA,19101
741,MEMBER_CHANGE,Crestwood Family Office,crestwood,False,Daniel,Davis,Khan Advisors,Khan Advisors,9198 Madison Ln,Jacksonville,FL,32201
742,MEMBER_CHANGE,Raymond James Financial Services,raymond_james,True,David,Nelson,Baker Wealth Management Group,Baker Wealth Management Group,2993 Madison Way,San Diego,CA,92101
743,MEMBER_CHANGE,Highfield Asset Management,highfield,False,Thomas,Morgan,Mitchell Private Wealth,Mitchell Private Wealth,8072 River Rd,Boston,MA,02101
744,MEMBER_CHANGE,Meridian Private Wealth,meridian_pw,False,Kenneth,Anderson,Brown Family Office,Brown Family Office,1721 Liberty Blvd,Chicago,IL,60601
745,MEMBER_CHANGE,Edward Jones,edward_jones,True,Joseph,Green,Baker Institutional Group,Baker Institutional Group,1677 Jefferson Pl,Indianapolis,IN,46201
746,MEMBER_CHANGE,Hilliard Lyons,hilliard_lyons,True,Michael,Young,Carter Wealth Advisors,Carter Wealth Advisors,4322 Willow St,Baltimore,MD,21201
747,SPLIT_PARENT,Wells Fargo Advisors,wells_fargo,True,Lisa,Huang,Huang Institutional Group,Huang Institutional Group,3359 Highland Pkwy,Tampa,FL,33601
748,RENAME,LPL Financial,lpl_financial,True,Andrew,Scott,Scott & Campbell Group,Scott Capital Group,8463 Commerce Way,Phoenix,AZ,85001
749,RENAME,DA Davidson & Co.,da_davidson,True,Amanda,Young,Young & Associates,Young Financial Group,2473 Washington Pl,Baltimore,MD,21201
750,MEMBER_CHANGE,Kingsbridge Capital Advisors,kingsbridge,False,Christopher,Young,Roberts Family Office,Roberts Family Office,1268 Maple Blvd,Oklahoma City,OK,73101
751,MEMBER_CHANGE,Stifel Nicolaus & Company,stifel_nicolaus,True,Rachel,Anderson,King Institutional Group,King Institutional Group,4873 Liberty Rd,St. Louis,MO,63101
752,MERGE_SURVIVOR,Kingsbridge Capital Advisors,kingsbridge,False,Betty,Thompson,Thompson Capital Partners,Thompson Capital Partners,6050 Adams Pkwy,Cleveland,OH,44101
753,SPLIT_PARENT,Ameriprise Financial Services,ameriprise,True,Margaret,Taylor,Taylor Investment Group,Taylor Investment Group,478 Elm Dr,Indianapolis,IN,46201
754,MEMBER_CHANGE,Crestwood Family Office,crestwood,False,Matthew,Jackson,Jackson Capital,Jackson Capital,6605 Cedar Ave,Houston,TX,77001
755,MEMBER_CHANGE,Parkside Wealth Strategies,parkside,False,Patricia,Jackson,Carter Partners,Carter Partners,531 Monroe Ln,Cleveland,OH,44101
756,MEMBER_CHANGE,Northgate Investment Partners,northgate,False,Christopher,Edwards,Miller Investment Partners,Miller Investment Partners,2644 Maple Ln,Denver,CO,80201
757,SPLIT_PARENT,Stifel Nicolaus & Company,stifel_nicolaus,True,Donald,Stewart,Stewart Wealth Partners,Stewart Wealth Partners,7360 Church Blvd,San Diego,CA,92101
758,MEMBER_CHANGE,Cambridge Investment Research,cambridge_inv,True,Sarah,Rivera,Johnson Wealth Management Group,Johnson Wealth Management Group,5946 Spring Way,Kansas City,MO,64101
759,RENAME,Meridian Private Wealth,meridian_pw,False,Jessica,Kim,Kim Capital Partners,Kim Investment Partners,9087 Jefferson Blvd,Tampa,FL,33601
760,MEMBER_CHANGE,LPL Financial,lpl_financial,True,Sarah,Stewart,Phillips Financial Group,Phillips Financial Group,9340 Madison Court,Tampa,FL,33601
761,MEMBER_CHANGE,Janney Montgomery Scott,janney,True,Ashley,Jones,Baker Wealth Advisors,Baker Wealth Advisors,3821 Maple Way,Denver,CO,80201
762,MEMBER_CHANGE,Hilliard Lyons,hilliard_lyons,True,Donald,Garcia,Martin Investment Group,Martin Investment Group,5073 Main St,Cleveland,OH,44101
763,MERGE_SURVIVOR,Clearwater Capital Group,clearwater,False,Thomas,Scott,Scott Investment Partners,Scott Investment Partners,7787 Central St,Minneapolis,MN,55401
764,MEMBER_CHANGE,Northgate Investment Partners,northgate,False,Richard,Reyes,Allen Partners,Allen Partners,7152 River Pkwy,Columbus,OH,43201
765,RENAME,Summit Peak Advisors,summit_peak,False,James,Carter,Carter & Jones Partners,Carter Private Wealth,3189 Madison Court,Milwaukee,WI,53201
766,MERGE_TARGET,DA Davidson & Co.,da_davidson,True,Donald,Taylor,Taylor Family Wealth Group,Taylor Family Wealth Group,6485 Lincoln Dr,Indianapolis,IN,46201
767,MEMBER_CHANGE,Merrill Lynch Pierce Fenner & Smith,merrill_lynch,True,Anthony,Stewart,Turner Advisory Group,Turner Advisory Group,8564 Monroe Pkwy,San Francisco,CA,94101
768,MERGE_SURVIVOR,Janney Montgomery Scott,janney,True,Jessica,Khan,Khan Wealth Partners,Khan Wealth Partners,6865 Park Ave,Austin,TX,78701
769,SPLIT_PARENT,Raymond James Financial Services,raymond_james,True,Andrew,Davis,Davis Institutional Group,Davis Institutional Group,7560 Broad Way,San Francisco,CA,94101
770,MEMBER_CHANGE,Harborview Private Wealth,harborview,False,Karen,Jones,Hall Advisors,Hall Advisors,5353 Main Blvd,Chicago,IL,60601
771,MEMBER_CHANGE,Securities America,securities_america,True,Charles,Moore,Anderson Private Wealth Group,Anderson Private Wealth Group,4722 Hill Blvd,Atlanta,GA,30301
772,RENAME,Crestwood Family Office,crestwood,False,James,White,White Capital Partners,White Wealth,2568 Main Way,Fort Worth,TX,76101
773,MEMBER_CHANGE,Oppenheimer & Co.,oppenheimer,True,Patricia,Martin,Allen Financial Group,Allen Financial Group,6184 Jefferson St,Oklahoma City,OK,73101
774,MEMBER_CHANGE,Merrill Lynch Pierce Fenner & Smith,merrill_lynch,True,Richard,Roberts,Brown Wealth Partners,Brown Wealth Partners,6529 Maple Court,Raleigh,NC,27601
775,MEMBER_CHANGE,LPL Financial,lpl_financial,True,Paul,Cruz,Yang Wealth Partners,Yang Wealth Partners,6351 Main Ave,Charlotte,NC,28201
776,MEMBER_CHANGE,DA Davidson & Co.,da_davidson,True,John,White,Harris Family Wealth Group,Harris Family Wealth Group,649 Park Way,Philadelphia,PA,19101
777,MEMBER_CHANGE,Cambridge Investment Research,cambridge_inv,True,Mark,Edwards,Baker Asset Management Group,Baker Asset Management Group,5213 Spring Blvd,Los Angeles,CA,90001
778,RENAME,Crestwood Family Office,crestwood,False,Helen,Campbell,Campbell & Associates,Campbell Wealth,4250 Commerce Rd,Jacksonville,FL,32201
779,RENAME,Hilliard Lyons,hilliard_lyons,True,Michael,Huang,Huang Wealth Management Group,Huang Institutional Group,3668 Cedar Dr,Milwaukee,WI,53201
780,MEMBER_CHANGE,Oppenheimer & Co.,oppenheimer,True,Christopher,Rivera,Taylor Wealth Partners,Taylor Wealth Partners,9679 Cedar Ln,Charlotte,NC,28201
781,RENAME,Morgan Stanley Wealth Management,morgan_stanley,True,Robert,Gomez,Gomez & Associates,Gomez Family Wealth Group,7886 Liberty Pkwy,Dallas,TX,75201
782,MEMBER_CHANGE,Hilliard Lyons,hilliard_lyons,True,Amanda,Scott,Harris Investment Group,Harris Investment Group,8290 Maple Pkwy,Oklahoma City,OK,73101
783,MEMBER_CHANGE,Parkside Wealth Strategies,parkside,False,Thomas,Mitchell,Brown Private Wealth,Brown Private Wealth,2621 Liberty Court,Philadelphia,PA,19101
784,RENAME,Raymond James Financial Services,raymond_james,True,Linda,White,White & Associates,White Capital Group,9248 Church Pl,Atlanta,GA,30301
785,MERGE_TARGET,Crestwood Family Office,crestwood,False,Matthew,Johnson,Johnson Family Office,Johnson Family Office,5968 Adams Blvd,Indianapolis,IN,46201
786,MEMBER_CHANGE,Highfield Asset Management,highfield,False,Lisa,Wright,Hall Capital Partners,Hall Capital Partners,9259 River Court,Minneapolis,MN,55401
787,SPLIT_PARENT,Edward Jones,edward_jones,True,Emily,Anderson,Anderson Wealth Advisors,Anderson Wealth Advisors,5796 Spring Way,San Francisco,CA,94101
788,MEMBER_CHANGE,Meridian Private Wealth,meridian_pw,False,William,Cruz,Wang Asset Management,Wang Asset Management,2727 Maple Court,Dallas,TX,75201
789,MERGE_SURVIVOR,Ameriprise Financial Services,ameriprise,True,Andrew,Lee,Lee Wealth Partners,Lee Wealth Partners,8973 Willow Way,New York,NY,10001
790,MEMBER_CHANGE,Northgate Investment Partners,northgate,False,Helen,Brown,Nguyen Capital,Nguyen Capital,406 Broad Pl,Richmond,VA,23219
791,MEMBER_CHANGE,Stifel Nicolaus & Company,stifel_nicolaus,True,Matthew,Khan,Reyes Private Wealth Group,Reyes Private Wealth Group,8930 Lincoln Dr,Cleveland,OH,44101
792,MEMBER_CHANGE,Ridgeway Wealth Management,ridgeway,False,Steven,Baker,Morgan Asset Management,Morgan Asset Management,2625 Broad Rd,Nashville,TN,37201
793,MEMBER_CHANGE,Cetera Financial Group,cetera,True,David,Johnson,Davis Private Wealth Group,Davis Private Wealth Group,8672 Union Ave,Los Angeles,CA,90001
794,MERGE_TARGET,Clearwater Capital Group,clearwater,False,Thomas,Anderson,Anderson Partners,Anderson Partners,3410 Cedar Way,Jacksonville,FL,32201
795,MEMBER_CHANGE,Wells Fargo Advisors,wells_fargo,True,Donald,Yang,Roberts Institutional Group,Roberts Institutional Group,6466 Union Way,Cleveland,OH,44101
796,MEMBER_CHANGE,Woodbury Financial Services,woodbury,True,Linda,Turner,Martin Wealth Management Group,Martin Wealth Management Group,6102 Lake Pkwy,Houston,TX,77001
797,MEMBER_CHANGE,Morgan Stanley Wealth Management,morgan_stanley,True,Donald,Wright,Diaz Financial Group,Diaz Financial Group,1410 Jefferson St,Louisville,KY,40201
798,SPLIT_PARENT,Securities America,securities_america,True,Margaret,Lee,Lee Capital Group,Lee Capital Group,1055 Broad Rd,Cleveland,OH,44101
799,MEMBER_CHANGE,UBS Financial Services,ubs,True,Donald,Liu,Chen Wealth Partners,Chen Wealth Partners,1376 Park Court,Philadelphia,PA,19101
800,MEMBER_CHANGE,Wells Fargo Advisors,wells_fargo,True,Jessica,Zhang,Mitchell Asset Management Group,Mitchell Asset Management Group,3204 Park Court,Charlotte,NC,28201
801,MEMBER_CHANGE,National Planning Holdings,nph,True,Matthew,Mitchell,Carter Family Wealth Group,Carter Family Wealth Group,9244 Madison Ave,Portland,OR,97201
802,MEMBER_CHANGE,Hilliard Lyons,hilliard_lyons,True,Christopher,Khan,Edwards Institutional Group,Edwards Institutional Group,7097 Cedar Blvd,Austin,TX,78701
803,RENAME,Securities America,securities_america,True,Betty,Rivera,Rivera & Liu Partners,Rivera Capital Group,2691 Central Pkwy,Atlanta,GA,30301
804,MEMBER_CHANGE,Parkside Wealth Strategies,parkside,False,Charles,Davis,Yang Private Wealth,Yang Private Wealth,9112 Spring Pl,Baltimore,MD,21201
805,MEMBER_CHANGE,Northgate Investment Partners,northgate,False,Emily,Edwards,Lee Private Wealth,Lee Private Wealth,4043 Highland Court,Fort Worth,TX,76101
806,MEMBER_CHANGE,DA Davidson & Co.,da_davidson,True,Jessica,Brown,Kim Family Wealth Group,Kim Family Wealth Group,4262 Willow Way,Atlanta,GA,30301
807,MEMBER_CHANGE,DA Davidson & Co.,da_davidson,True,Margaret,Jackson,Reyes Wealth Management Group,Reyes Wealth Management Group,4760 Broad St,Cleveland,OH,44101
808,MEMBER_CHANGE,Raymond James Financial Services,raymond_james,True,Richard,Garcia,Smith Wealth Partners,Smith Wealth Partners,3735 Park Pl,New York,NY,10022
809,MEMBER_CHANGE,Northgate Investment Partners,northgate,False,Christopher,Roberts,Wang Asset Management,Wang Asset Management,8476 Central Pkwy,Portland,OR,97201
810,MEMBER_CHANGE,Raymond James Financial Services,raymond_james,True,Thomas,Collins,Williams Financial Group,Williams Financial Group,5927 Elm Blvd,Indianapolis,IN,46201
811,MEMBER_CHANGE,Hilliard Lyons,hilliard_lyons,True,Paul,Morris,Harris Advisory Group,Harris Advisory Group,4298 River Ave,Portland,OR,97201
812,MEMBER_CHANGE,DA Davidson & Co.,da_davidson,True,James,Adams,Wang Advisory Group,Wang Advisory Group,1364 Adams Pl,Raleigh,NC,27601
813,SPLIT_PARENT,LPL Financial,lpl_financial,True,Linda,Lee,Lee Family Wealth Group,Lee Family Wealth Group,9540 Cedar Pkwy,Denver,CO,80201
814,MEMBER_CHANGE,UBS Financial Services,ubs,True,Barbara,Davis,Nguyen Private Wealth Group,Nguyen Private Wealth Group,1016 Monroe Pl,Washington,DC,20001
815,MEMBER_CHANGE,Highfield Asset Management,highfield,False,Christopher,Rivera,Flores Wealth,Flores Wealth,3814 Adams Pkwy,New York,NY,10001
816,RENAME,Kingsbridge Capital Advisors,kingsbridge,False,Nancy,Brown,Brown Advisors,Brown Investment Partners,8691 Oak Pl,Tampa,FL,33601
817,MEMBER_CHANGE,National Planning Holdings,nph,True,Helen,Young,King Wealth Advisors,King Wealth Advisors,3717 Elm St,Memphis,TN,38101
818,SPLIT_PARENT,Ameriprise Financial Services,ameriprise,True,Megan,Roberts,Roberts Wealth Advisors,Roberts Wealth Advisors,1575 Lake Ln,Seattle,WA,98101
819,MEMBER_CHANGE,Summit Peak Advisors,summit_peak,False,Daniel,Hall,Moore Capital,Moore Capital,5607 Maple Way,Portland,OR,97201
820,RENAME,Crestwood Family Office,crestwood,False,Michael,Carter,Carter & Torres Advisors,Carter Family Office,4401 Maple Ln,Miami,FL,33101
821,MEMBER_CHANGE,Cetera Financial Group,cetera,True,Megan,Collins,Morris Investment Group,Morris Investment Group,7979 Central Dr,Minneapolis,MN,55401
822,RENAME,DA Davidson & Co.,da_davidson,True,Emily,Thomas,Thomas & Johnson Advisors,Thomas Wealth Advisors,8689 Lake Dr,Houston,TX,77001
823,MEMBER_CHANGE,Robert W. Baird & Co.,rwbaird,True,William,Nguyen,King Institutional Group,King Institutional Group,9537 Maple Ave,Baltimore,MD,21201
824,RENAME,Cetera Financial Group,cetera,True,Karen,Scott,Scott & Smith Advisors,Scott Advisory Group,5354 Willow Pkwy,New York,NY,10022
825,MEMBER_CHANGE,Northgate Investment Partners,northgate,False,Linda,Nelson,Taylor Private Wealth,Taylor Private Wealth,7345 Broad Blvd,Atlanta,GA,30301
826,MEMBER_CHANGE,UBS Financial Services,ubs,True,Megan,Torres,Thomas Institutional Group,Thomas Institutional Group,6224 Elm Ave,San Antonio,TX,78201
827,MEMBER_CHANGE,Crestwood Family Office,crestwood,False,Andrew,Williams,Harris Wealth Management,Harris Wealth Management,2519 River St,Oklahoma City,OK,73101
828,MEMBER_CHANGE,Harborview Private Wealth,harborview,False,Barbara,Huang,Allen Capital Partners,Allen Capital Partners,7819 Main Pl,Fort Worth,TX,76101
829,MEMBER_CHANGE,Crestwood Family Office,crestwood,False,Donald,Jackson,Jackson Advisors,Jackson Advisors,9052 Market Rd,Boston,MA,02101
830,RENAME,Commonwealth Financial Network,commonwealth,True,Amanda,Reyes,Reyes & Associates,Reyes Investment Group,401 Lincoln Pkwy,Cleveland,OH,44101
831,MEMBER_CHANGE,UBS Financial Services,ubs,True,Sarah,Gomez,Taylor Wealth Management Group,Taylor Wealth Management Group,4753 Park Pkwy,San Francisco,CA,94101
832,MEMBER_CHANGE,UBS Financial Services,ubs,True,Robert,Scott,Diaz Wealth Management Group,Diaz Wealth Management Group,1191 Lincoln Rd,Louisville,KY,40201
833,MEMBER_CHANGE,Meridian Private Wealth,meridian_pw,False,Michael,Kim,Johnson Investment Partners,Johnson Investment Partners,6432 Lake Ln,Miami,FL,33101
834,MEMBER_CHANGE,Harborview Private Wealth,harborview,False,Christopher,Gomez,Yang Private Wealth,Yang Private Wealth,8040 Broad Court,Phoenix,AZ,85001
835,MEMBER_CHANGE,LPL Financial,lpl_financial,True,Jennifer,Smith,Rivera Financial Group,Rivera Financial Group,9286 Liberty St,Los Angeles,CA,90001
836,MEMBER_CHANGE,Stifel Nicolaus & Company,stifel_nicolaus,True,Steven,Stewart,Allen Capital Group,Allen Capital Group,8127 Lincoln Blvd,New York,NY,10022
837,MEMBER_CHANGE,Hilliard Lyons,hilliard_lyons,True,Emily,Moore,Scott Institutional Group,Scott Institutional Group,5053 Lake Court,San Francisco,CA,94101
838,MEMBER_CHANGE,Summit Peak Advisors,summit_peak,False,Nancy,Cruz,Turner Investment Partners,Turner Investment Partners,6443 Main Court,San Francisco,CA,94101
839,MEMBER_CHANGE,Stifel Nicolaus & Company,stifel_nicolaus,True,Emily,Anderson,Wright Asset Management Group,Wright Asset Management Group,2348 Maple Ln,Cleveland,OH,44101
840,RENAME,Ridgeway Wealth Management,ridgeway,False,Amanda,Huang,Huang & Associates,Huang Advisors,6937 Lake Pkwy,Dallas,TX,75201
841,MEMBER_CHANGE,Cetera Financial Group,cetera,True,Rachel,Thomas,Wang Portfolio Group,Wang Portfolio Group,5495 Jefferson Court,San Diego,CA,92101
842,MEMBER_CHANGE,Edward Jones,edward_jones,True,Betty,Collins,Gomez Wealth Advisors,Gomez Wealth Advisors,3414 Elm Rd,Cleveland,OH,44101
843,MEMBER_CHANGE,Parkside Wealth Strategies,parkside,False,Rachel,Young,Green Capital,Green Capital,9354 Washington Pl,Houston,TX,77001
844,MEMBER_CHANGE,Securities America,securities_america,True,Andrew,Parker,Reyes Private Wealth Group,Reyes Private Wealth Group,3116 Spring Blvd,New York,NY,10022
845,SPLIT_PARENT,Northgate Investment Partners,northgate,False,Sarah,Liu,Liu Family Office,Liu Family Office,6837 River Way,San Francisco,CA,94101
846,MEMBER_CHANGE,Raymond James Financial Services,raymond_james,True,Margaret,Parker,Miller Investment Group,Miller Investment Group,3126 Main Pkwy,Richmond,VA,23219
847,MEMBER_CHANGE,Robert W. Baird & Co.,rwbaird,True,Joseph,Collins,Roberts Portfolio Group,Roberts Portfolio Group,3883 Broad Dr,Columbus,OH,43201
848,RENAME,Ridgeway Wealth Management,ridgeway,False,John,Scott,Scott Partners,Scott Wealth,7908 Elm Court,St. Louis,MO,63101
849,MEMBER_CHANGE,Commonwealth Financial Network,commonwealth,True,Kenneth,Martin,Anderson Asset Management Group,Anderson Asset Management Group,8151 Commerce Blvd,San Jose,CA,95101
850,MEMBER_CHANGE,Edward Jones,edward_jones,True,Donald,Chen,Williams Asset Management Group,Williams Asset Management Group,345 Hill Ln,Columbus,OH,43201
851,MEMBER_CHANGE,Crestwood Family Office,crestwood,False,Andrew,Zhang,Morris Advisors,Morris Advisors,1183 Washington Way,Richmond,VA,23219
852,MEMBER_CHANGE,Commonwealth Financial Network,commonwealth,True,Sandra,Reyes,Huang Financial Group,Huang Financial Group,4143 Madison Ln,Los Angeles,CA,90001
853,RENAME,Woodbury Financial Services,woodbury,True,Nancy,Reyes,Reyes Financial Group,Reyes Capital Group,6557 Broad Pkwy,St. Louis,MO,63101
854,MEMBER_CHANGE,Securities America,securities_america,True,Nancy,Turner,Diaz Family Wealth Group,Diaz Family Wealth Group,730 Market Ave,Atlanta,GA,30301
855,MEMBER_CHANGE,Ameriprise Financial Services,ameriprise,True,Patricia,Martin,Liu Advisory Group,Liu Advisory Group,8598 Central Ln,Los Angeles,CA,90001
856,MERGE_SURVIVOR,Securities America,securities_america,True,Nancy,Campbell,Campbell Institutional Group,Campbell Institutional Group,907 Park Rd,Atlanta,GA,30301
857,SPLIT_PARENT,DA Davidson & Co.,da_davidson,True,Kenneth,Morgan,Morgan Wealth Partners,Morgan Wealth Partners,7658 Washington Ln,Seattle,WA,98101
858,MEMBER_CHANGE,Woodbury Financial Services,woodbury,True,Jessica,Rivera,Edwards Wealth Advisors,Edwards Wealth Advisors,2430 Jefferson Way,Phoenix,AZ,85001
859,MEMBER_CHANGE,Crestwood Family Office,crestwood,False,Michael,Huang,Davis Capital,Davis Capital,9691 Liberty Court,San Diego,CA,92101
860,MEMBER_CHANGE,DA Davidson & Co.,da_davidson,True,Amanda,Carter,King Financial Group,King Financial Group,508 Washington Way,Pittsburgh,PA,15201
861,MEMBER_CHANGE,Highfield Asset Management,highfield,False,Sarah,Martin,Liu Capital Partners,Liu Capital Partners,1577 Hill Pl,San Jose,CA,95101
862,MEMBER_CHANGE,Harborview Private Wealth,harborview,False,Sarah,Brown,Garcia Wealth,Garcia Wealth,7462 Church Pl,Phoenix,AZ,85001
863,SPLIT_PARENT,Cambridge Investment Research,cambridge_inv,True,Nancy,Reyes,Reyes Wealth Advisors,Reyes Wealth Advisors,2719 Lincoln Court,Las Vegas,NV,89101
864,RENAME,UBS Financial Services,ubs,True,Christopher,Wang,Wang & Associates,Wang Capital Group,9365 Union Blvd,San Jose,CA,95101
865,MEMBER_CHANGE,Meridian Private Wealth,meridian_pw,False,Thomas,Edwards,Anderson Partners,Anderson Partners,6974 River Rd,Atlanta,GA,30301
866,SPLIT_PARENT,Janney Montgomery Scott,janney,True,Daniel,Davis,Davis Investment Group,Davis Investment Group,3423 Main Pkwy,Indianapolis,IN,46201
867,RENAME,Morgan Stanley Wealth Management,morgan_stanley,True,Dorothy,Hall,Hall & Brown Partners,Hall Financial Group,9004 Main Pkwy,Minneapolis,MN,55401
868,MEMBER_CHANGE,Stifel Nicolaus & Company,stifel_nicolaus,True,Jessica,Martin,Gomez Institutional Group,Gomez Institutional Group,7894 Jefferson Ln,Atlanta,GA,30301
869,RENAME,Merrill Lynch Pierce Fenner & Smith,merrill_lynch,True,Megan,Phillips,Phillips & Associates,Phillips Wealth Management Group,4109 Central Rd,Richmond,VA,23219
870,MEMBER_CHANGE,Kingsbridge Capital Advisors,kingsbridge,False,David,Huang,Lee Advisors,Lee Advisors,901 Washington Blvd,Chicago,IL,60601
871,MEMBER_CHANGE,Kingsbridge Capital Advisors,kingsbridge,False,Amanda,Baker,Williams Capital,Williams Capital,631 Union Pkwy,St. Louis,MO,63101
872,RENAME,Janney Montgomery Scott,janney,True,Jennifer,Wang,Wang & Associates,Wang Private Wealth Group,903 Cedar Ln,Austin,TX,78701
873,MEMBER_CHANGE,LPL Financial,lpl_financial,True,Karen,Young,Evans Institutional Group,Evans Institutional Group,9847 Highland Court,Austin,TX,78701
874,MEMBER_CHANGE,Ameriprise Financial Services,ameriprise,True,Nancy,Scott,Torres Wealth Management Group,Torres Wealth Management Group,1625 Monroe Rd,Nashville,TN,37201
875,MEMBER_CHANGE,Hilliard Lyons,hilliard_lyons,True,Andrew,Gomez,Lee Private Wealth Group,Lee Private Wealth Group,7101 Central Ave,Seattle,WA,98101
876,SPLIT_PARENT,Commonwealth Financial Network,commonwealth,True,Thomas,Davis,Davis Family Wealth Group,Davis Family Wealth Group,4596 Spring Court,Baltimore,MD,21201
877,MEMBER_CHANGE,Cambridge Investment Research,cambridge_inv,True,Sandra,Yang,Edwards Advisory Group,Edwards Advisory Group,1053 Cedar Pkwy,Cleveland,OH,44101
878,MEMBER_CHANGE,Merrill Lynch Pierce Fenner & Smith,merrill_lynch,True,Barbara,Smith,Reyes Family Wealth Group,Reyes Family Wealth Group,4805 Madison Pkwy,Nashville,TN,37201
879,RENAME,Robert W. Baird & Co.,rwbaird,True,Susan,Roberts,Roberts & Associates,Roberts Portfolio Group,5897 Elm Pkwy,Portland,OR,97201
880,MEMBER_CHANGE,Commonwealth Financial Network,commonwealth,True,Steven,Huang,Reyes Institutional Group,Reyes Institutional Group,8254 Commerce Blvd,Richmond,VA,23219
881,MEMBER_CHANGE,Stifel Nicolaus & Company,stifel_nicolaus,True,Kenneth,Martin,Thomas Wealth Management Group,Thomas Wealth Management Group,2036 Main Way,San Antonio,TX,78201
882,MEMBER_CHANGE,Crestwood Family Office,crestwood,False,Ashley,White,Khan Wealth Management,Khan Wealth Management,6893 Madison St,Oklahoma City,OK,73101
883,RENAME,Hilliard Lyons,hilliard_lyons,True,Helen,Khan,Khan Wealth Management Group,Khan Institutional Group,3578 Main Dr,Seattle,WA,98101
884,MEMBER_CHANGE,Robert W. Baird & Co.,rwbaird,True,James,Brown,Allen Wealth Partners,Allen Wealth Partners,8401 Central Pl,New York,NY,10001
885,MEMBER_CHANGE,Wells Fargo Advisors,wells_fargo,True,Richard,Lee,Wright Asset Management Group,Wright Asset Management Group,9421 Broad St,Austin,TX,78701
886,MEMBER_CHANGE,Edward Jones,edward_jones,True,Amanda,White,Chen Capital Group,Chen Capital Group,7949 Commerce St,San Diego,CA,92101
887,MEMBER_CHANGE,Commonwealth Financial Network,commonwealth,True,Karen,Miller,Turner Financial Group,Turner Financial Group,8897 Spring Way,Baltimore,MD,21201
888,MEMBER_CHANGE,Parkside Wealth Strategies,parkside,False,Megan,Diaz,Chen Asset Management,Chen Asset Management,5004 Highland Pl,Boston,MA,02101
889,MEMBER_CHANGE,Securities America,securities_america,True,Kenneth,Reyes,Jackson Portfolio Group,Jackson Portfolio Group,5534 Willow Ave,Dallas,TX,75201
890,MEMBER_CHANGE,Robert W. Baird & Co.,rwbaird,True,Sandra,Scott,Wright Asset Management Group,Wright Asset Management Group,8853 Washington Pkwy,St. Louis,MO,63101
891,MEMBER_CHANGE,DA Davidson & Co.,da_davidson,True,John,Nguyen,Phillips Private Wealth Group,Phillips Private Wealth Group,5150 Liberty Pl,Los Angeles,CA,90001
892,SPLIT_PARENT,Robert W. Baird & Co.,rwbaird,True,Margaret,Garcia,Garcia Financial Group,Garcia Financial Group,3993 Willow Way,Denver,CO,80201
893,MEMBER_CHANGE,Edward Jones,edward_jones,True,Dorothy,Anderson,Allen Investment Group,Allen Investment Group,1938 Willow St,Jacksonville,FL,32201
894,MEMBER_CHANGE,Parkside Wealth Strategies,parkside,False,Joseph,Johnson,Adams Asset Management,Adams Asset Management,508 Commerce Court,Dallas,TX,75201
895,MEMBER_CHANGE,Edward Jones,edward_jones,True,John,Huang,Kim Financial Group,Kim Financial Group,8679 River Pl,Dallas,TX,75201
896,RENAME,Northgate Investment Partners,northgate,False,Richard,Lee,Lee & Young Advisors,Lee Asset Management,2274 Park St,Kansas City,MO,64101
897,MEMBER_CHANGE,DA Davidson & Co.,da_davidson,True,Lisa,Smith,Davis Wealth Management Group,Davis Wealth Management Group,5195 Oak Pkwy,Phoenix,AZ,85001
898,MEMBER_CHANGE,Oppenheimer & Co.,oppenheimer,True,Margaret,Cruz,Liu Wealth Management Group,Liu Wealth Management Group,1789 Market Rd,New York,NY,10022
899,MEMBER_CHANGE,National Planning Holdings,nph,True,Daniel,Baker,Turner Advisory Group,Turner Advisory Group,5357 Park Dr,Seattle,WA,98101
900,MEMBER_CHANGE,Robert W. Baird & Co.,rwbaird,True,Linda,Anderson,King Financial Group,King Financial Group,2027 Hill Blvd,San Jose,CA,95101
901,MEMBER_CHANGE,Robert W. Baird & Co.,rwbaird,True,Mark,Patel,Smith Portfolio Group,Smith Portfolio Group,9268 Market Ave,Fort Worth,TX,76101
902,MEMBER_CHANGE,Securities America,securities_america,True,Jennifer,Smith,Carter Capital Group,Carter Capital Group,4540 Elm Rd,Portland,OR,97201
903,MEMBER_CHANGE,Stifel Nicolaus & Company,stifel_nicolaus,True,Robert,Chen,Jones Wealth Partners,Jones Wealth Partners,5649 Central Way,Chicago,IL,60601
904,RENAME,Raymond James Financial Services,raymond_james,True,John,Baker,Baker Family Wealth Group,Baker Institutional Group,926 Cedar Ln,Chicago,IL,60601
905,MEMBER_CHANGE,Merrill Lynch Pierce Fenner & Smith,merrill_lynch,True,David,Nelson,Hill Investment Group,Hill Investment Group,9866 Highland Way,Richmond,VA,23219
906,MEMBER_CHANGE,Hilliard Lyons,hilliard_lyons,True,Mark,Anderson,Wright Advisory Group,Wright Advisory Group,8840 Maple Way,Portland,OR,97201
907,MEMBER_CHANGE,Raymond James Financial Services,raymond_james,True,John,Thompson,Lee Family Wealth Group,Lee Family Wealth Group,7772 Cedar Way,Denver,CO,80201
908,MEMBER_CHANGE,Ridgeway Wealth Management,ridgeway,False,Christopher,Baker,Baker Advisors,Baker Advisors,3766 Elm Pkwy,Indianapolis,IN,46201
909,MEMBER_CHANGE,Parkside Wealth Strategies,parkside,False,Charles,Collins,Hill Capital,Hill Capital,5512 Spring Way,Minneapolis,MN,55401
910,MEMBER_CHANGE,Morgan Stanley Wealth Management,morgan_stanley,True,Barbara,Patel,Baker Private Wealth Group,Baker Private Wealth Group,5858 Commerce Way,San Jose,CA,95101
911,MEMBER_CHANGE,Janney Montgomery Scott,janney,True,David,Green,Phillips Portfolio Group,Phillips Portfolio Group,2187 Market Ave,Memphis,TN,38101
912,MEMBER_CHANGE,Clearwater Capital Group,clearwater,False,Ashley,Campbell,King Asset Management,King Asset Management,1262 River Court,Kansas City,MO,64101
913,SPLIT_PARENT,DA Davidson & Co.,da_davidson,True,Rachel,Flores,Flores Advisory Group,Flores Advisory Group,4092 Central Blvd,Raleigh,NC,27601
914,MEMBER_CHANGE,DA Davidson & Co.,da_davidson,True,Amanda,Kim,Wright Advisory Group,Wright Advisory Group,9782 Madison Ln,Portland,OR,97201
915,MEMBER_CHANGE,Summit Peak Advisors,summit_peak,False,Paul,Anderson,Mitchell Advisors,Mitchell Advisors,2935 Union Ave,Portland,OR,97201
916,MEMBER_CHANGE,Clearwater Capital Group,clearwater,False,Lisa,Zhang,Davis Wealth Management,Davis Wealth Management,9866 Jefferson Pl,Boston,MA,02101
917,MEMBER_CHANGE,Wells Fargo Advisors,wells_fargo,True,Michael,Davis,Anderson Wealth Partners,Anderson Wealth Partners,6748 Maple Pkwy,Philadelphia,PA,19101
918,MEMBER_CHANGE,Ridgeway Wealth Management,ridgeway,False,Richard,Yang,Morgan Family Office,Morgan Family Office,5464 Commerce St,Phoenix,AZ,85001
919,RENAME,Edward Jones,edward_jones,True,Thomas,Liu,Liu & Associates,Liu Portfolio Group,103 Monroe Blvd,Dallas,TX,75201
920,MEMBER_CHANGE,Ameriprise Financial Services,ameriprise,True,Richard,Hill,Young Asset Management Group,Young Asset Management Group,9568 Jefferson Dr,Fort Worth,TX,76101
921,MERGE_SURVIVOR,Ridgeway Wealth Management,ridgeway,False,Sarah,Allen,Allen Wealth Management,Allen Wealth Management,5089 Madison Pl,Phoenix,AZ,85001
922,MEMBER_CHANGE,National Planning Holdings,nph,True,Betty,Huang,Evans Wealth Advisors,Evans Wealth Advisors,6722 Elm Rd,Chicago,IL,60601
923,MEMBER_CHANGE,Hilliard Lyons,hilliard_lyons,True,Michael,King,Brown Wealth Management Group,Brown Wealth Management Group,9275 Willow Ave,Seattle,WA,98101
924,MEMBER_CHANGE,Meridian Private Wealth,meridian_pw,False,William,Kim,Harris Family Office,Harris Family Office,9769 Lincoln Pl,Las Vegas,NV,89101
925,MEMBER_CHANGE,DA Davidson & Co.,da_davidson,True,Anthony,Nguyen,Green Wealth Advisors,Green Wealth Advisors,3560 Union Blvd,Raleigh,NC,27601
926,MEMBER_CHANGE,Raymond James Financial Services,raymond_james,True,Helen,Yang,Carter Asset Management Group,Carter Asset Management Group,6002 Madison Blvd,Seattle,WA,98101
927,MERGE_SURVIVOR,Meridian Private Wealth,meridian_pw,False,Thomas,Wilson,Wilson Partners,Wilson Partners,1275 Church St,Dallas,TX,75201
928,MEMBER_CHANGE,Crestwood Family Office,crestwood,False,Linda,Chen,Parker Family Office,Parker Family Office,2324 Maple Blvd,Baltimore,MD,21201
929,RENAME,Meridian Private Wealth,meridian_pw,False,Dorothy,Yang,Yang & Associates,Yang Wealth Management,7074 Broad Blvd,Kansas City,MO,64101
930,MEMBER_CHANGE,Cambridge Investment Research,cambridge_inv,True,Andrew,Collins,Carter Financial Group,Carter Financial Group,6403 Willow Dr,Austin,TX,78701
931,SPLIT_PARENT,Cetera Financial Group,cetera,True,Megan,Smith,Smith Portfolio Group,Smith Portfolio Group,8261 Adams Dr,Miami,FL,33101
932,MEMBER_CHANGE,Robert W. Baird & Co.,rwbaird,True,Anthony,Harris,Kim Wealth Advisors,Kim Wealth Advisors,9542 Willow St,Los Angeles,CA,90001
933,MEMBER_CHANGE,National Planning Holdings,nph,True,Megan,Jones,Collins Capital Group,Collins Capital Group,1954 Highland Way,Phoenix,AZ,85001
934,MEMBER_CHANGE,Raymond James Financial Services,raymond_james,True,Linda,Taylor,Zhang Wealth Partners,Zhang Wealth Partners,7717 Market Ave,Cleveland,OH,44101
935,MERGE_TARGET,Highfield Asset Management,highfield,False,Amanda,Garcia,Garcia Advisors,Garcia Advisors,7840 Church Ave,Tampa,FL,33601
936,MEMBER_CHANGE,Summit Peak Advisors,summit_peak,False,Robert,Patel,Allen Wealth Management,Allen Wealth Management,964 Spring Court,New York,NY,10001
937,RENAME,Commonwealth Financial Network,commonwealth,True,Dorothy,Rivera,Rivera & Carter Advisors,Rivera Financial Group,9503 Adams Pl,Baltimore,MD,21201
938,MEMBER_CHANGE,Hilliard Lyons,hilliard_lyons,True,Rachel,Morgan,Young Investment Group,Young Investment Group,678 Liberty Pkwy,Denver,CO,80201
939,MEMBER_CHANGE,Crestwood Family Office,crestwood,False,Matthew,Martin,Martin Partners,Martin Partners,7852 Highland Blvd,Portland,OR,97201
940,MEMBER_CHANGE,UBS Financial Services,ubs,True,Andrew,Morris,Khan Family Wealth Group,Khan Family Wealth Group,547 River Way,Phoenix,AZ,85001
941,MEMBER_CHANGE,Raymond James Financial Services,raymond_james,True,Jennifer,Harris,Jones Wealth Partners,Jones Wealth Partners,4229 Elm Pkwy,San Francisco,CA,94101
942,MEMBER_CHANGE,Robert W. Baird & Co.,rwbaird,True,Betty,Baker,Smith Family Wealth Group,Smith Family Wealth Group,1927 Broad Blvd,Pittsburgh,PA,15201
943,MEMBER_CHANGE,Crestwood Family Office,crestwood,False,Barbara,Wang,Parker Capital Partners,Parker Capital Partners,6158 Washington Rd,Charlotte,NC,28201
944,MEMBER_CHANGE,Commonwealth Financial Network,commonwealth,True,Charles,Smith,Khan Wealth Advisors,Khan Wealth Advisors,642 Spring Ave,Dallas,TX,75201
945,MEMBER_CHANGE,Woodbury Financial Services,woodbury,True,Betty,Phillips,Chen Financial Group,Chen Financial Group,6865 Monroe Ln,Charlotte,NC,28201
946,MEMBER_CHANGE,Ridgeway Wealth Management,ridgeway,False,Michael,Moore,Reyes Capital,Reyes Capital,3554 Highland Pl,Chicago,IL,60601
947,SPLIT_PARENT,Kingsbridge Capital Advisors,kingsbridge,False,Steven,Morris,Morris Wealth,Morris Wealth,960 Washington Way,Memphis,TN,38101
948,MEMBER_CHANGE,Commonwealth Financial Network,commonwealth,True,Joseph,Allen,Baker Family Wealth Group,Baker Family Wealth Group,8824 Lake Ln,Las Vegas,NV,89101
949,MEMBER_CHANGE,Commonwealth Financial Network,commonwealth,True,James,Anderson,Moore Wealth Advisors,Moore Wealth Advisors,7222 Main Rd,Atlanta,GA,30301
950,MEMBER_CHANGE,DA Davidson & Co.,da_davidson,True,Sandra,Scott,Campbell Institutional Group,Campbell Institutional Group,772 Cedar Court,Washington,DC,20001
951,MEMBER_CHANGE,Meridian Private Wealth,meridian_pw,False,Andrew,Green,Evans Investment Partners,Evans Investment Partners,5588 Hill Rd,Philadelphia,PA,19101
952,RENAME,Robert W. Baird & Co.,rwbaird,True,Rachel,Hill,Hill Wealth Partners,Hill Financial Group,4061 Adams Pkwy,Jacksonville,FL,32201
953,RENAME,Cambridge Investment Research,cambridge_inv,True,Jennifer,Cruz,Cruz & Associates,Cruz Family Wealth Group,3047 Spring Court,New York,NY,10001
954,MEMBER_CHANGE,Ridgeway Wealth Management,ridgeway,False,Kenneth,Edwards,Chen Wealth,Chen Wealth,295 Madison Ave,Cleveland,OH,44101
955,MEMBER_CHANGE,Wells Fargo Advisors,wells_fargo,True,John,Stewart,Scott Advisory Group,Scott Advisory Group,4741 Hill Dr,Los Angeles,CA,90001
956,MEMBER_CHANGE,Morgan Stanley Wealth Management,morgan_stanley,True,Thomas,Turner,Garcia Wealth Management Group,Garcia Wealth Management Group,9834 Union Dr,St. Louis,MO,63101
957,MEMBER_CHANGE,Kingsbridge Capital Advisors,kingsbridge,False,Sandra,Smith,Collins Wealth,Collins Wealth,1515 Broad Blvd,Las Vegas,NV,89101
958,MEMBER_CHANGE,Ridgeway Wealth Management,ridgeway,False,Patricia,Phillips,Khan Capital,Khan Capital,1916 Liberty Blvd,Indianapolis,IN,46201
959,MEMBER_CHANGE,Janney Montgomery Scott,janney,True,Susan,Jones,Parker Private Wealth Group,Parker Private Wealth Group,7529 Hill Ln,Nashville,TN,37201
960,MEMBER_CHANGE,Robert W. Baird & Co.,rwbaird,True,Dorothy,Smith,Morgan Private Wealth Group,Morgan Private Wealth Group,4643 Monroe St,Las Vegas,NV,89101
961,MEMBER_CHANGE,DA Davidson & Co.,da_davidson,True,Ashley,Adams,Brown Wealth Partners,Brown Wealth Partners,4436 Washington Way,Houston,TX,77001
962,MEMBER_CHANGE,Commonwealth Financial Network,commonwealth,True,Karen,Liu,Evans Asset Management Group,Evans Asset Management Group,3023 Church Way,Philadelphia,PA,19101
963,MEMBER_CHANGE,Raymond James Financial Services,raymond_james,True,John,Taylor,Morgan Asset Management Group,Morgan Asset Management Group,3678 Broad Ave,Atlanta,GA,30301
964,MEMBER_CHANGE,Harborview Private Wealth,harborview,False,Karen,Wright,Miller Partners,Miller Partners,1294 Maple Pkwy,Indianapolis,IN,46201
965,MERGE_TARGET,Northgate Investment Partners,northgate,False,Ashley,Johnson,Johnson Capital Partners,Johnson Capital Partners,2538 Church St,Los Angeles,CA,90001
966,RENAME,Ridgeway Wealth Management,ridgeway,False,Nancy,Thompson,Thompson & Associates,Thompson Capital,5503 Lincoln Pkwy,New York,NY,10001
967,MEMBER_CHANGE,Cambridge Investment Research,cambridge_inv,True,Ashley,King,Baker Asset Management Group,Baker Asset Management Group,6717 Adams Ave,Tampa,FL,33601
968,MEMBER_CHANGE,Stifel Nicolaus & Company,stifel_nicolaus,True,Steven,White,Nguyen Family Wealth Group,Nguyen Family Wealth Group,7998 Cedar Pkwy,Tampa,FL,33601
969,RENAME,Parkside Wealth Strategies,parkside,False,Lisa,Wright,Wright Asset Management,Wright Investment Partners,6663 Oak Ave,Louisville,KY,40201
970,MERGE_TARGET,Securities America,securities_america,True,Jennifer,Garcia,Garcia Financial Group,Garcia Financial Group,4850 Church Dr,Austin,TX,78701
971,MEMBER_CHANGE,Securities America,securities_america,True,Charles,Khan,Nguyen Institutional Group,Nguyen Institutional Group,3229 River Ln,Philadelphia,PA,19101
972,MEMBER_CHANGE,Kingsbridge Capital Advisors,kingsbridge,False,Rachel,Stewart,Hall Wealth,Hall Wealth,7275 Adams Dr,San Diego,CA,92101
973,MEMBER_CHANGE,UBS Financial Services,ubs,True,Mark,Rivera,Johnson Family Wealth Group,Johnson Family Wealth Group,9814 Lake Way,Las Vegas,NV,89101
974,MEMBER_CHANGE,Merrill Lynch Pierce Fenner & Smith,merrill_lynch,True,Lisa,Baker,Diaz Wealth Partners,Diaz Wealth Partners,8286 Central Way,New York,NY,10022
975,RENAME,UBS Financial Services,ubs,True,Jennifer,Brown,Brown & Associates,Brown Capital Group,801 Lincoln Ave,Fort Worth,TX,76101
976,RENAME,Summit Peak Advisors,summit_peak,False,Susan,Nelson,Nelson Capital Partners,Nelson Asset Management,2540 Adams Pkwy,Columbus,OH,43201
977,RENAME,Parkside Wealth Strategies,parkside,False,William,Williams,Williams & Associates,Williams Capital,8110 Church St,Raleigh,NC,27601
978,RENAME,Parkside Wealth Strategies,parkside,False,Amanda,Williams,Williams & Associates,Williams Advisors,2238 Main Blvd,Chicago,IL,60601
979,RENAME,Highfield Asset Management,highfield,False,Kenneth,Lee,Lee & Associates,Lee Wealth,7574 Broad Blvd,Pittsburgh,PA,15201
980,MEMBER_CHANGE,Merrill Lynch Pierce Fenner & Smith,merrill_lynch,True,Paul,Chen,Davis Financial Group,Davis Financial Group,9848 Broad Dr,Houston,TX,77001
981,MEMBER_CHANGE,Summit Peak Advisors,summit_peak,False,Lisa,Turner,Green Private Wealth,Green Private Wealth,6686 Spring Ave,Portland,OR,97201
982,RENAME,Securities America,securities_america,True,Thomas,King,King & Associates,King Advisory Group,846 Highland Blvd,Oklahoma City,OK,73101
983,RENAME,Merrill Lynch Pierce Fenner & Smith,merrill_lynch,True,Joseph,Thompson,Thompson Advisory Group,Thompson Investment Group,6901 Washington Pl,Boston,MA,02101
984,MEMBER_CHANGE,LPL Financial,lpl_financial,True,Nancy,Liu,Harris Portfolio Group,Harris Portfolio Group,766 Elm Ave,Richmond,VA,23219
985,MEMBER_CHANGE,DA Davidson & Co.,da_davidson,True,Nancy,Huang,Johnson Financial Group,Johnson Financial Group,1422 Main St,Austin,TX,78701
986,RENAME,Parkside Wealth Strategies,parkside,False,David,Collins,Collins & Scott Advisors,Collins Wealth Management,4748 Madison Way,San Diego,CA,92101
987,MEMBER_CHANGE,Edward Jones,edward_jones,True,Christopher,Morgan,Turner Wealth Partners,Turner Wealth Partners,8670 Jefferson Ln,Charlotte,NC,28201
988,SPLIT_PARENT,LPL Financial,lpl_financial,True,Amanda,Edwards,Edwards Wealth Management Group,Edwards Wealth Management Group,9869 Washington Way,Richmond,VA,23219
989,MEMBER_CHANGE,Merrill Lynch Pierce Fenner & Smith,merrill_lynch,True,Helen,Liu,Scott Asset Management Group,Scott Asset Management Group,174 Central Dr,Jacksonville,FL,32201
990,MERGE_TARGET,Wells Fargo Advisors,wells_fargo,True,Susan,Miller,Miller Portfolio Group,Miller Portfolio Group,6029 Monroe Court,Miami,FL,33101
991,MEMBER_CHANGE,Stifel Nicolaus & Company,stifel_nicolaus,True,Joseph,Phillips,Morgan Institutional Group,Morgan Institutional Group,3509 Hill St,Jacksonville,FL,32201
992,MEMBER_CHANGE,Wells Fargo Advisors,wells_fargo,True,Christopher,Parker,Cruz Financial Group,Cruz Financial Group,8251 Washington Blvd,Los Angeles,CA,90001
993,RENAME,UBS Financial Services,ubs,True,Karen,Young,Young Capital Group,Young Advisory Group,7221 Hill Pl,Richmond,VA,23219
994,MEMBER_CHANGE,Summit Peak Advisors,summit_peak,False,Richard,Reyes,Williams Wealth,Williams Wealth,959 Central Blvd,San Jose,CA,95101
995,MEMBER_CHANGE,Summit Peak Advisors,summit_peak,False,Betty,Liu,Hall Asset Management,Hall Asset Management,2001 Maple Dr,Atlanta,GA,30301
996,RENAME,National Planning Holdings,nph,True,Rachel,King,King & Kim Partners,King Asset Management Group,3356 Adams Pl,Columbus,OH,43201
997,RENAME,Northgate Investment Partners,northgate,False,Joseph,King,King & Associates,King Advisors,1706 Lake Ln,Jacksonville,FL,32201
998,MEMBER_CHANGE,DA Davidson & Co.,da_davidson,True,Steven,Anderson,Jones Financial Group,Jones Financial Group,9686 Commerce St,Milwaukee,WI,53201
999,RENAME,Raymond James Financial Services,raymond_james,True,Anthony,Kim,Kim Wealth Management Group,Kim Portfolio Group,7554 Washington Ln,Louisville,KY,40201
1000,SPLIT_PARENT,Raymond James Financial Services,raymond_james,True,Dorothy,Reyes,Reyes Advisory Group,Reyes Advisory Group,5975 Hill Dr,Oklahoma City,OK,73101
1001,MEMBER_CHANGE,Raymond James Financial Services,raymond_james,True,William,Taylor,Edwards Portfolio Group,Edwards Portfolio Group,1077 Hill Blvd,San Antonio,TX,78201
1002,SPLIT_PARENT,Meridian Private Wealth,meridian_pw,False,Dorothy,Nelson,Nelson Family Office,Nelson Family Office,2904 Monroe Pl,Columbus,OH,43201
1003,MEMBER_CHANGE,Highfield Asset Management,highfield,False,Sarah,Green,Phillips Capital,Phillips Capital,2884 Highland Court,Columbus,OH,43201
1004,MEMBER_CHANGE,Merrill Lynch Pierce Fenner & Smith,merrill_lynch,True,Lisa,Wright,Zhang Wealth Advisors,Zhang Wealth Advisors,8115 Park Pkwy,Raleigh,NC,27601
1005,MEMBER_CHANGE,Clearwater Capital Group,clearwater,False,James,Wright,Thompson Partners,Thompson Partners,7114 Adams Dr,Charlotte,NC,28201
1006,RENAME,Oppenheimer & Co.,oppenheimer,True,Sandra,Gomez,Gomez Asset Management Group,Gomez Advisory Group,9795 Elm Pkwy,New York,NY,10001
1007,MEMBER_CHANGE,Cetera Financial Group,cetera,True,Robert,Evans,Williams Financial Group,Williams Financial Group,8361 Oak Ln,Cleveland,OH,44101
1008,SPLIT_PARENT,DA Davidson & Co.,da_davidson,True,Patricia,Khan,Khan Family Wealth Group,Khan Family Wealth Group,1705 Jefferson Way,Charlotte,NC,28201
1009,MEMBER_CHANGE,Merrill Lynch Pierce Fenner & Smith,merrill_lynch,True,Betty,Phillips,Morris Wealth Management Group,Morris Wealth Management Group,6762 Park Blvd,Washington,DC,20001
1010,MEMBER_CHANGE,Janney Montgomery Scott,janney,True,Helen,Nguyen,Diaz Private Wealth Group,Diaz Private Wealth Group,360 Commerce Rd,San Jose,CA,95101
1011,MEMBER_CHANGE,Harborview Private Wealth,harborview,False,Charles,Kim,Zhang Wealth Management,Zhang Wealth Management,9662 Main Way,Kansas City,MO,64101
1012,RENAME,Northgate Investment Partners,northgate,False,Thomas,Huang,Huang & Torres Partners,Huang Family Office,3130 Willow Way,New York,NY,10001
1013,MERGE_TARGET,Meridian Private Wealth,meridian_pw,False,William,Nguyen,Nguyen Private Wealth,Nguyen Private Wealth,8798 Oak Rd,Milwaukee,WI,53201
1014,MEMBER_CHANGE,Northgate Investment Partners,northgate,False,William,Harris,Edwards Wealth Management,Edwards Wealth Management,8987 Highland Dr,Phoenix,AZ,85001
1015,SPLIT_PARENT,Woodbury Financial Services,woodbury,True,Jennifer,Stewart,Stewart Wealth Management Group,Stewart Wealth Management Group,8533 Union Pl,Chicago,IL,60601
1016,MEMBER_CHANGE,Wells Fargo Advisors,wells_fargo,True,Patricia,Khan,Torres Financial Group,Torres Financial Group,769 Willow Pl,Austin,TX,78701
1017,SPLIT_PARENT,Kingsbridge Capital Advisors,kingsbridge,False,Helen,Collins,Collins Wealth,Collins Wealth,9287 Liberty Dr,San Diego,CA,92101
1018,RENAME,Oppenheimer & Co.,oppenheimer,True,Donald,Mitchell,Mitchell Wealth Management Group,Mitchell Private Wealth Group,7939 Adams Pkwy,Fort Worth,TX,76101
1019,RENAME,Northgate Investment Partners,northgate,False,Mark,King,King & Morgan Group,King Private Wealth,4480 Market Ln,San Francisco,CA,94101
1020,SPLIT_PARENT,UBS Financial Services,ubs,True,William,Torres,Torres Capital Group,Torres Capital Group,7512 Commerce Court,Cleveland,OH,44101
1021,RENAME,Clearwater Capital Group,clearwater,False,Joseph,Baker,Baker & Associates,Baker Asset Management,8830 River Way,Richmond,VA,23219
1022,MEMBER_CHANGE,Hilliard Lyons,hilliard_lyons,True,Robert,Baker,Thomas Financial Group,Thomas Financial Group,1530 Maple Ln,Austin,TX,78701
1023,MERGE_TARGET,Janney Montgomery Scott,janney,True,William,Miller,Miller Investment Group,Miller Investment Group,4621 Cedar Blvd,Minneapolis,MN,55401
1024,MEMBER_CHANGE,Raymond James Financial Services,raymond_james,True,James,Edwards,Campbell Institutional Group,Campbell Institutional Group,471 River Ln,Tampa,FL,33601
1025,MEMBER_CHANGE,Parkside Wealth Strategies,parkside,False,Nancy,Jones,Baker Private Wealth,Baker Private Wealth,6983 Jefferson St,Seattle,WA,98101
1026,MERGE_SURVIVOR,Edward Jones,edward_jones,True,William,Johnson,Johnson Advisory Group,Johnson Advisory Group,8613 Church Pl,Baltimore,MD,21201
1027,SPLIT_PARENT,National Planning Holdings,nph,True,Jennifer,Diaz,Diaz Institutional Group,Diaz Institutional Group,5446 Commerce Pkwy,Cleveland,OH,44101
1028,MEMBER_CHANGE,Clearwater Capital Group,clearwater,False,Susan,Thompson,Adams Capital Partners,Adams Capital Partners,5082 Highland Blvd,Denver,CO,80201
1029,SPLIT_PARENT,LPL Financial,lpl_financial,True,Steven,White,White Financial Group,White Financial Group,6193 River St,Dallas,TX,75201
1030,MEMBER_CHANGE,Hilliard Lyons,hilliard_lyons,True,Barbara,Kim,Nelson Investment Group,Nelson Investment Group,2734 Liberty Court,Seattle,WA,98101
1031,MEMBER_CHANGE,LPL Financial,lpl_financial,True,Amanda,Garcia,Chen Family Wealth Group,Chen Family Wealth Group,2614 Washington Dr,San Antonio,TX,78201
1032,RENAME,UBS Financial Services,ubs,True,Sarah,Roberts,Roberts & Jones Group,Roberts Investment Group,7323 Hill Pl,Austin,TX,78701
1033,MEMBER_CHANGE,Edward Jones,edward_jones,True,Jessica,Chen,Collins Wealth Management Group,Collins Wealth Management Group,5292 Willow Blvd,Louisville,KY,40201
1034,SPLIT_PARENT,Ameriprise Financial Services,ameriprise,True,Jessica,Taylor,Taylor Wealth Advisors,Taylor Wealth Advisors,5040 Cedar St,Memphis,TN,38101
1035,RENAME,Parkside Wealth Strategies,parkside,False,Linda,Morgan,Morgan & Smith Group,Morgan Capital,7604 Spring Blvd,New York,NY,10001
1036,MEMBER_CHANGE,Crestwood Family Office,crestwood,False,Sarah,Anderson,Rivera Private Wealth,Rivera Private Wealth,4942 Commerce Rd,Portland,OR,97201
1037,RENAME,Ridgeway Wealth Management,ridgeway,False,Charles,Khan,Khan & Associates,Khan Wealth Management,7343 Spring Ave,Raleigh,NC,27601
1038,MEMBER_CHANGE,Highfield Asset Management,highfield,False,Thomas,Phillips,Wilson Asset Management,Wilson Asset Management,2014 River St,Memphis,TN,38101
1039,SPLIT_PARENT,Woodbury Financial Services,woodbury,True,Mark,Adams,Adams Capital Group,Adams Capital Group,1615 Spring St,St. Louis,MO,63101
1040,MEMBER_CHANGE,Kingsbridge Capital Advisors,kingsbridge,False,Megan,Harris,Gomez Asset Management,Gomez Asset Management,3739 Monroe Rd,Jacksonville,FL,32201
1041,MEMBER_CHANGE,Morgan Stanley Wealth Management,morgan_stanley,True,Thomas,Yang,Mitchell Financial Group,Mitchell Financial Group,1531 Market Ln,Jacksonville,FL,32201
1042,MEMBER_CHANGE,Commonwealth Financial Network,commonwealth,True,Kenneth,Nguyen,Phillips Portfolio Group,Phillips Portfolio Group,8481 Oak Pl,Memphis,TN,38101
1043,RENAME,Raymond James Financial Services,raymond_james,True,Sandra,Torres,Torres Family Wealth Group,Torres Asset Management Group,6208 Main Rd,Washington,DC,20001
1044,MEMBER_CHANGE,Hilliard Lyons,hilliard_lyons,True,Daniel,Huang,Adams Wealth Advisors,Adams Wealth Advisors,1535 Park Way,Baltimore,MD,21201
1045,MEMBER_CHANGE,Summit Peak Advisors,summit_peak,False,Thomas,Evans,Young Capital,Young Capital,7044 Adams Ln,San Diego,CA,92101
1046,MEMBER_CHANGE,Clearwater Capital Group,clearwater,False,Jennifer,Scott,Phillips Wealth,Phillips Wealth,2453 Park Rd,Raleigh,NC,27601
1047,MEMBER_CHANGE,Meridian Private Wealth,meridian_pw,False,Helen,Anderson,Wright Wealth,Wright Wealth,9777 Monroe Ln,Phoenix,AZ,85001
1048,RENAME,Morgan Stanley Wealth Management,morgan_stanley,True,Margaret,Turner,Turner & Associates,Turner Wealth Partners,6891 Washington Court,Kansas City,MO,64101
1049,SPLIT_PARENT,Harborview Private Wealth,harborview,False,Emily,Morris,Morris Capital,Morris Capital,3364 Washington Ln,Seattle,WA,98101
1050,RENAME,Securities America,securities_america,True,Linda,Williams,Williams & Davis Partners,Williams Wealth Partners,9688 River Way,Boston,MA,02101
1051,MEMBER_CHANGE,Crestwood Family Office,crestwood,False,Ashley,Taylor,White Partners,White Partners,140 Elm Rd,Denver,CO,80201
1052,MEMBER_CHANGE,Kingsbridge Capital Advisors,kingsbridge,False,Matthew,Garcia,Davis Investment Partners,Davis Investment Partners,6934 Washington Way,Charlotte,NC,28201
1053,MEMBER_CHANGE,Morgan Stanley Wealth Management,morgan_stanley,True,Michael,Yang,Morris Wealth Partners,Morris Wealth Partners,8178 Maple Pkwy,Louisville,KY,40201
1054,MEMBER_CHANGE,National Planning Holdings,nph,True,Sarah,Chen,Roberts Asset Management Group,Roberts Asset Management Group,4325 Church Way,San Antonio,TX,78201
1055,MEMBER_CHANGE,Hilliard Lyons,hilliard_lyons,True,Jennifer,Zhang,Reyes Portfolio Group,Reyes Portfolio Group,387 Hill Blvd,Pittsburgh,PA,15201
1056,MEMBER_CHANGE,UBS Financial Services,ubs,True,Robert,Carter,King Financial Group,King Financial Group,2319 Willow Blvd,Chicago,IL,60601
1057,MEMBER_CHANGE,Robert W. Baird & Co.,rwbaird,True,Linda,Garcia,Flores Institutional Group,Flores Institutional Group,5932 Oak Rd,Seattle,WA,98101
1058,RENAME,Cambridge Investment Research,cambridge_inv,True,William,Rivera,Rivera Wealth Management Group,Rivera Advisory Group,3102 Monroe Ave,St. Louis,MO,63101
1059,MEMBER_CHANGE,Northgate Investment Partners,northgate,False,Andrew,Yang,Mitchell Private Wealth,Mitchell Private Wealth,5280 Union Rd,San Francisco,CA,94101
1060,MEMBER_CHANGE,Ridgeway Wealth Management,ridgeway,False,Anthony,Williams,Miller Asset Management,Miller Asset Management,9603 Willow Blvd,New York,NY,10001
1061,MEMBER_CHANGE,Raymond James Financial Services,raymond_james,True,James,Stewart,Young Capital Group,Young Capital Group,8044 Madison Pl,San Jose,CA,95101
1062,MERGE_TARGET,Wells Fargo Advisors,wells_fargo,True,Anthony,Moore,Moore Wealth Advisors,Moore Wealth Advisors,3722 Park Court,Richmond,VA,23219
1063,MEMBER_CHANGE,Harborview Private Wealth,harborview,False,Barbara,Brown,Zhang Asset Management,Zhang Asset Management,9129 Liberty Ave,Baltimore,MD,21201
1064,MERGE_TARGET,Ameriprise Financial Services,ameriprise,True,William,Davis,Davis Investment Group,Davis Investment Group,384 Commerce Pl,Denver,CO,80201
1065,MEMBER_CHANGE,Harborview Private Wealth,harborview,False,Barbara,Garcia,Wilson Capital Partners,Wilson Capital Partners,9891 Market Pl,Austin,TX,78701
1066,SPLIT_PARENT,Harborview Private Wealth,harborview,False,Kenneth,Johnson,Johnson Wealth,Johnson Wealth,3743 Elm Blvd,Columbus,OH,43201
1067,MEMBER_CHANGE,Janney Montgomery Scott,janney,True,Mark,Allen,Jackson Investment Group,Jackson Investment Group,1387 Madison Ave,Houston,TX,77001
1068,RENAME,Morgan Stanley Wealth Management,morgan_stanley,True,Patricia,Morris,Morris & Zhang Group,Morris Asset Management Group,796 Park Ave,Los Angeles,CA,90001
1069,MEMBER_CHANGE,Summit Peak Advisors,summit_peak,False,Ashley,Moore,Gomez Partners,Gomez Partners,7785 Cedar Rd,Los Angeles,CA,90001
1070,MEMBER_CHANGE,Merrill Lynch Pierce Fenner & Smith,merrill_lynch,True,Margaret,Garcia,Parker Wealth Management Group,Parker Wealth Management Group,1681 Cedar Pkwy,Fort Worth,TX,76101
1071,MEMBER_CHANGE,National Planning Holdings,nph,True,Ashley,Diaz,Anderson Institutional Group,Anderson Institutional Group,5859 Main Ave,Dallas,TX,75201
1072,MEMBER_CHANGE,Meridian Private Wealth,meridian_pw,False,Barbara,Miller,Gomez Private Wealth,Gomez Private Wealth,5870 Washington Court,Richmond,VA,23219
1073,MEMBER_CHANGE,Stifel Nicolaus & Company,stifel_nicolaus,True,Helen,Reyes,Roberts Private Wealth Group,Roberts Private Wealth Group,1723 Highland St,Cleveland,OH,44101
1074,MEMBER_CHANGE,Edward Jones,edward_jones,True,Betty,Taylor,Young Investment Group,Young Investment Group,8900 Main Ave,Fort Worth,TX,76101
1075,MEMBER_CHANGE,Parkside Wealth Strategies,parkside,False,James,Morgan,Zhang Capital Partners,Zhang Capital Partners,6104 Liberty Pkwy,Austin,TX,78701
1076,SPLIT_PARENT,Ameriprise Financial Services,ameriprise,True,Richard,Anderson,Anderson Capital Group,Anderson Capital Group,6319 Madison Dr,Miami,FL,33101
1077,MEMBER_CHANGE,Stifel Nicolaus & Company,stifel_nicolaus,True,Sarah,Young,Davis Capital Group,Davis Capital Group,2125 Jefferson Ave,Cleveland,OH,44101
1078,MEMBER_CHANGE,Raymond James Financial Services,raymond_james,True,Susan,Edwards,Morris Capital Group,Morris Capital Group,4823 Central St,Phoenix,AZ,85001
1079,MEMBER_CHANGE,Oppenheimer & Co.,oppenheimer,True,Kenneth,Parker,Davis Asset Management Group,Davis Asset Management Group,4746 Jefferson Pkwy,Denver,CO,80201
1080,SPLIT_PARENT,Ridgeway Wealth Management,ridgeway,False,Ashley,White,White Asset Management,White Asset Management,6772 River Ln,Jacksonville,FL,32201
1081,MEMBER_CHANGE,Meridian Private Wealth,meridian_pw,False,Ashley,Phillips,Yang Capital Partners,Yang Capital Partners,6120 Washington St,Minneapolis,MN,55401
1082,SPLIT_PARENT,Ridgeway Wealth Management,ridgeway,False,Richard,Hill,Hill Capital Partners,Hill Capital Partners,8663 Union Ave,San Antonio,TX,78201
1083,MEMBER_CHANGE,Raymond James Financial Services,raymond_james,True,Matthew,Nguyen,Hill Family Wealth Group,Hill Family Wealth Group,9775 Cedar Blvd,Houston,TX,77001
1084,RENAME,Hilliard Lyons,hilliard_lyons,True,Matthew,Wright,Wright Wealth Partners,Wright Advisory Group,9847 Lincoln Ave,Columbus,OH,43201
1085,RENAME,Clearwater Capital Group,clearwater,False,Sandra,Reyes,Reyes Investment Partners,Reyes Capital Partners,4663 Monroe Pkwy,Pittsburgh,PA,15201
1086,MEMBER_CHANGE,Robert W. Baird & Co.,rwbaird,True,Barbara,Huang,Scott Financial Group,Scott Financial Group,9982 Lincoln Way,Miami,FL,33101
1087,SPLIT_PARENT,Robert W. Baird & Co.,rwbaird,True,Charles,Morgan,Morgan Financial Group,Morgan Financial Group,1870 Cedar Rd,Minneapolis,MN,55401
1088,SPLIT_PARENT,Commonwealth Financial Network,commonwealth,True,Mark,Turner,Turner Investment Group,Turner Investment Group,586 Cedar St,Houston,TX,77001
1089,MEMBER_CHANGE,Commonwealth Financial Network,commonwealth,True,Dorothy,Miller,Anderson Asset Management Group,Anderson Asset Management Group,5456 Elm Rd,Richmond,VA,23219
1090,MERGE_TARGET,Woodbury Financial Services,woodbury,True,Richard,Morris,Morris Private Wealth Group,Morris Private Wealth Group,8618 Monroe Way,Kansas City,MO,64101
1091,MEMBER_CHANGE,Edward Jones,edward_jones,True,Charles,Harris,Parker Financial Group,Parker Financial Group,8132 Market Rd,Tampa,FL,33601
1092,MEMBER_CHANGE,Oppenheimer & Co.,oppenheimer,True,Patricia,Morgan,Mitchell Wealth Management Group,Mitchell Wealth Management Group,617 Madison Ave,Las Vegas,NV,89101
1093,MEMBER_CHANGE,Ameriprise Financial Services,ameriprise,True,Richard,Stewart,Zhang Asset Management Group,Zhang Asset Management Group,7350 Jefferson St,Los Angeles,CA,90001
1094,MEMBER_CHANGE,LPL Financial,lpl_financial,True,John,King,Parker Wealth Partners,Parker Wealth Partners,2789 Commerce Ln,San Diego,CA,92101
1095,MERGE_TARGET,Janney Montgomery Scott,janney,True,Nancy,Hall,Hall Private Wealth Group,Hall Private Wealth Group,9420 Union Way,Boston,MA,02101
1096,RENAME,Ridgeway Wealth Management,ridgeway,False,Jessica,Roberts,Roberts Family Office,Roberts Capital Partners,7897 Central Blvd,Miami,FL,33101
1097,MEMBER_CHANGE,UBS Financial Services,ubs,True,Nancy,Wang,Martin Financial Group,Martin Financial Group,9783 Lincoln Pkwy,Washington,DC,20001
1098,RENAME,Northgate Investment Partners,northgate,False,Andrew,King,King Asset Management,King Partners,561 Highland St,San Diego,CA,92101
1099,MEMBER_CHANGE,Clearwater Capital Group,clearwater,False,John,Baker,Scott Wealth Management,Scott Wealth Management,540 Monroe Pl,Las Vegas,NV,89101
1100,RENAME,Wells Fargo Advisors,wells_fargo,True,Sandra,Scott,Scott & Johnson Advisors,Scott Capital Group,6849 Willow St,Charlotte,NC,28201
1101,MEMBER_CHANGE,Stifel Nicolaus & Company,stifel_nicolaus,True,Barbara,Hall,Diaz Wealth Partners,Diaz Wealth Partners,9808 Maple Ave,Denver,CO,80201
1102,RENAME,Wells Fargo Advisors,wells_fargo,True,Jennifer,Taylor,Taylor & Associates,Taylor Wealth Management Group,8921 Spring St,Kansas City,MO,64101
1103,MEMBER_CHANGE,Ridgeway Wealth Management,ridgeway,False,Paul,Turner,Roberts Asset Management,Roberts Asset Management,7000 Hill St,Raleigh,NC,27601
1104,MEMBER_CHANGE,National Planning Holdings,nph,True,John,Campbell,King Asset Management Group,King Asset Management Group,9444 Lincoln Pl,Portland,OR,97201
1105,RENAME,Wells Fargo Advisors,wells_fargo,True,Linda,Miller,Miller Wealth Management Group,Miller Family Wealth Group,3473 Spring Way,Miami,FL,33101
1106,MEMBER_CHANGE,Summit Peak Advisors,summit_peak,False,Patricia,Thompson,Taylor Wealth Management,Taylor Wealth Management,5007 Willow Ln,Jacksonville,FL,32201
1107,RENAME,Commonwealth Financial Network,commonwealth,True,William,Chen,Chen & Miller Partners,Chen Wealth Advisors,3607 River Rd,Chicago,IL,60601
1108,MEMBER_CHANGE,Janney Montgomery Scott,janney,True,Helen,Hall,Hill Advisory Group,Hill Advisory Group,1606 Liberty Pkwy,Philadelphia,PA,19101
1109,MEMBER_CHANGE,National Planning Holdings,nph,True,David,Edwards,Thompson Private Wealth Group,Thompson Private Wealth Group,9380 Market Way,Milwaukee,WI,53201
1110,MEMBER_CHANGE,Edward Jones,edward_jones,True,James,Smith,Patel Private Wealth Group,Patel Private Wealth Group,5045 Market Rd,Milwaukee,WI,53201
1111,MEMBER_CHANGE,Ridgeway Wealth Management,ridgeway,False,Michael,White,King Advisors,King Advisors,6888 Lincoln Rd,Richmond,VA,23219
1112,MERGE_SURVIVOR,Cambridge Investment Research,cambridge_inv,True,Dorothy,Parker,Parker Wealth Advisors,Parker Wealth Advisors,3058 Main Court,Austin,TX,78701
1113,MEMBER_CHANGE,National Planning Holdings,nph,True,William,Harris,Jackson Institutional Group,Jackson Institutional Group,7756 Hill Court,Richmond,VA,23219
1114,MEMBER_CHANGE,Meridian Private Wealth,meridian_pw,False,Emily,Khan,Kim Wealth Management,Kim Wealth Management,1081 Market Dr,Louisville,KY,40201
1115,MEMBER_CHANGE,Ameriprise Financial Services,ameriprise,True,Karen,Turner,Harris Investment Group,Harris Investment Group,5019 Madison Ln,Nashville,TN,37201
1116,MEMBER_CHANGE,Meridian Private Wealth,meridian_pw,False,John,Martin,Turner Advisors,Turner Advisors,6857 Hill Rd,San Jose,CA,95101
1117,RENAME,Robert W. Baird & Co.,rwbaird,True,Megan,Harris,Harris Wealth Partners,Harris Asset Management Group,4007 Cedar Blvd,Jacksonville,FL,32201
1118,MEMBER_CHANGE,Morgan Stanley Wealth Management,morgan_stanley,True,Amanda,Jones,Khan Wealth Partners,Khan Wealth Partners,7704 Commerce Court,Milwaukee,WI,53201
1119,RENAME,Cetera Financial Group,cetera,True,Robert,Thomas,Thomas Portfolio Group,Thomas Investment Group,4568 Elm St,Indianapolis,IN,46201
1120,MEMBER_CHANGE,Summit Peak Advisors,summit_peak,False,Donald,Allen,Parker Asset Management,Parker Asset Management,2983 Church St,Minneapolis,MN,55401
1121,MEMBER_CHANGE,Summit Peak Advisors,summit_peak,False,Nancy,King,Brown Wealth,Brown Wealth,5243 Broad Rd,Houston,TX,77001
1122,MEMBER_CHANGE,Highfield Asset Management,highfield,False,James,Torres,Yang Private Wealth,Yang Private Wealth,1579 Lincoln Blvd,Charlotte,NC,28201
1123,MEMBER_CHANGE,Wells Fargo Advisors,wells_fargo,True,Patricia,Nelson,Stewart Wealth Advisors,Stewart Wealth Advisors,2076 Market Pkwy,Cleveland,OH,44101
1124,MERGE_TARGET,Robert W. Baird & Co.,rwbaird,True,Linda,Liu,Liu Private Wealth Group,Liu Private Wealth Group,4000 Broad Ave,Nashville,TN,37201
1125,RENAME,Oppenheimer & Co.,oppenheimer,True,Rachel,Stewart,Stewart & Associates,Stewart Asset Management Group,3965 Madison Dr,Dallas,TX,75201
1126,MEMBER_CHANGE,Wells Fargo Advisors,wells_fargo,True,Christopher,Phillips,Jackson Wealth Partners,Jackson Wealth Partners,7300 Madison Rd,Pittsburgh,PA,15201
1127,MEMBER_CHANGE,UBS Financial Services,ubs,True,Jessica,Thompson,Mitchell Capital Group,Mitchell Capital Group,1950 Spring Court,Milwaukee,WI,53201
1128,SPLIT_PARENT,Commonwealth Financial Network,commonwealth,True,Donald,Thompson,Thompson Investment Group,Thompson Investment Group,6047 Commerce Pl,Denver,CO,80201
1129,RENAME,Morgan Stanley Wealth Management,morgan_stanley,True,Megan,Williams,Williams & Associates,Williams Family Wealth Group,995 Liberty Dr,Indianapolis,IN,46201
1130,MEMBER_CHANGE,Securities America,securities_america,True,Joseph,Khan,Allen Institutional Group,Allen Institutional Group,6045 Union Ave,Tampa,FL,33601
1131,MEMBER_CHANGE,Meridian Private Wealth,meridian_pw,False,Richard,Parker,Zhang Capital Partners,Zhang Capital Partners,6464 Main Ln,Indianapolis,IN,46201
1132,RENAME,Janney Montgomery Scott,janney,True,David,Kim,Kim & Green Group,Kim Advisory Group,4972 Park Blvd,Atlanta,GA,30301
1133,MEMBER_CHANGE,Kingsbridge Capital Advisors,kingsbridge,False,Steven,Hill,Liu Family Office,Liu Family Office,655 Hill Ave,Minneapolis,MN,55401
1134,MEMBER_CHANGE,Commonwealth Financial Network,commonwealth,True,John,Edwards,Kim Capital Group,Kim Capital Group,7020 Cedar Blvd,Indianapolis,IN,46201
1135,MEMBER_CHANGE,Cambridge Investment Research,cambridge_inv,True,Susan,Smith,Scott Asset Management Group,Scott Asset Management Group,9965 Adams Court,Nashville,TN,37201
1136,MEMBER_CHANGE,Ameriprise Financial Services,ameriprise,True,Nancy,Hall,Morris Wealth Management Group,Morris Wealth Management Group,3110 Church Way,San Diego,CA,92101
1137,MEMBER_CHANGE,Morgan Stanley Wealth Management,morgan_stanley,True,Susan,Williams,Thomas Institutional Group,Thomas Institutional Group,5106 Spring Pkwy,Phoenix,AZ,85001
1138,MERGE_SURVIVOR,Wells Fargo Advisors,wells_fargo,True,Christopher,Harris,Harris Wealth Advisors,Harris Wealth Advisors,2231 Broad Ln,Nashville,TN,37201
1139,RENAME,Ameriprise Financial Services,ameriprise,True,Patricia,Huang,Huang & Collins Partners,Huang Family Wealth Group,2287 Hill Blvd,Pittsburgh,PA,15201
1140,MEMBER_CHANGE,Clearwater Capital Group,clearwater,False,Daniel,Wright,Khan Investment Partners,Khan Investment Partners,3354 Maple Ln,Louisville,KY,40201
1141,RENAME,LPL Financial,lpl_financial,True,Betty,Liu,Liu & Chen Group,Liu Asset Management Group,9445 Lake St,New York,NY,10022
1142,MEMBER_CHANGE,Parkside Wealth Strategies,parkside,False,Jennifer,Diaz,Diaz Wealth Management,Diaz Wealth Management,3847 Maple Way,Jacksonville,FL,32201
1143,SPLIT_PARENT,Robert W. Baird & Co.,rwbaird,True,Christopher,Brown,Brown Asset Management Group,Brown Asset Management Group,7127 Broad Rd,Dallas,TX,75201
1144,MEMBER_CHANGE,Merrill Lynch Pierce Fenner & Smith,merrill_lynch,True,Jessica,Jackson,Taylor Portfolio Group,Taylor Portfolio Group,2022 Main Court,Milwaukee,WI,53201
1145,MEMBER_CHANGE,Northgate Investment Partners,northgate,False,Amanda,Johnson,Lee Capital Partners,Lee Capital Partners,2041 Lake Dr,Jacksonville,FL,32201
1146,MERGE_SURVIVOR,Meridian Private Wealth,meridian_pw,False,Paul,Young,Young Capital Partners,Young Capital Partners,6359 Elm Ln,Fort Worth,TX,76101
1147,MERGE_SURVIVOR,Woodbury Financial Services,woodbury,True,Anthony,Lee,Lee Wealth Partners,Lee Wealth Partners,3202 Madison Blvd,Baltimore,MD,21201
1148,MEMBER_CHANGE,Summit Peak Advisors,summit_peak,False,Dorothy,Morris,Johnson Investment Partners,Johnson Investment Partners,4389 Lake Pkwy,Atlanta,GA,30301
1149,RENAME,Parkside Wealth Strategies,parkside,False,Donald,Torres,Torres & Green Partners,Torres Wealth Management,7606 Maple St,Raleigh,NC,27601
1150,MEMBER_CHANGE,Raymond James Financial Services,raymond_james,True,James,Chen,Edwards Asset Management Group,Edwards Asset Management Group,3576 Liberty Ln,Milwaukee,WI,53201
1151,MEMBER_CHANGE,Crestwood Family Office,crestwood,False,Joseph,Diaz,Martin Wealth,Martin Wealth,1661 Central St,Chicago,IL,60601
1152,RENAME,Oppenheimer & Co.,oppenheimer,True,Donald,Baker,Baker Investment Group,Baker Capital Group,9901 Liberty St,New York,NY,10001
1153,RENAME,Robert W. Baird & Co.,rwbaird,True,Barbara,Evans,Evans Portfolio Group,Evans Asset Management Group,5056 Lincoln Pl,San Diego,CA,92101
1154,MEMBER_CHANGE,Highfield Asset Management,highfield,False,Margaret,Campbell,Williams Wealth Management,Williams Wealth Management,3038 Hill Blvd,Miami,FL,33101
1155,RENAME,Commonwealth Financial Network,commonwealth,True,Jennifer,Liu,Liu & Allen Group,Liu Financial Group,2261 Maple Pl,Cleveland,OH,44101
1156,MEMBER_CHANGE,Cetera Financial Group,cetera,True,Rachel,Scott,Martin Private Wealth Group,Martin Private Wealth Group,5232 Oak Blvd,Minneapolis,MN,55401
1157,RENAME,Meridian Private Wealth,meridian_pw,False,Paul,Stewart,Stewart & Associates,Stewart Private Wealth,7146 River Rd,Richmond,VA,23219
1158,MEMBER_CHANGE,Clearwater Capital Group,clearwater,False,Karen,Kim,Campbell Private Wealth,Campbell Private Wealth,7239 Washington Pl,Minneapolis,MN,55401
1159,MEMBER_CHANGE,Northgate Investment Partners,northgate,False,Emily,Rivera,Carter Capital Partners,Carter Capital Partners,971 Park Blvd,Chicago,IL,60601
1160,SPLIT_PARENT,Stifel Nicolaus & Company,stifel_nicolaus,True,Daniel,Williams,Williams Financial Group,Williams Financial Group,4363 Washington Way,Milwaukee,WI,53201
1161,RENAME,Wells Fargo Advisors,wells_fargo,True,Linda,Williams,Williams Institutional Group,Williams Financial Group,5941 Liberty Court,Minneapolis,MN,55401
1162,MEMBER_CHANGE,Ameriprise Financial Services,ameriprise,True,Dorothy,Green,Davis Family Wealth Group,Davis Family Wealth Group,2525 Cedar Pl,Phoenix,AZ,85001
1163,RENAME,Edward Jones,edward_jones,True,Andrew,Anderson,Anderson & Associates,Anderson Investment Group,8435 Hill Pkwy,Pittsburgh,PA,15201
1164,MEMBER_CHANGE,Edward Jones,edward_jones,True,Lisa,Liu,Smith Wealth Advisors,Smith Wealth Advisors,9451 Washington Ln,Houston,TX,77001
1165,MEMBER_CHANGE,Stifel Nicolaus & Company,stifel_nicolaus,True,Mark,Anderson,Cruz Private Wealth Group,Cruz Private Wealth Group,5484 Main Rd,San Antonio,TX,78201
1166,RENAME,DA Davidson & Co.,da_davidson,True,Karen,Gomez,Gomez & Associates,Gomez Private Wealth Group,5400 Elm St,Phoenix,AZ,85001
1167,MEMBER_CHANGE,Ameriprise Financial Services,ameriprise,True,Donald,Smith,Nelson Institutional Group,Nelson Institutional Group,4512 Broad St,Oklahoma City,OK,73101
1168,MEMBER_CHANGE,UBS Financial Services,ubs,True,Rachel,Jones,Adams Capital Group,Adams Capital Group,9425 Elm Dr,Chicago,IL,60601
1169,MEMBER_CHANGE,Summit Peak Advisors,summit_peak,False,Charles,Huang,King Partners,King Partners,1258 Central Pkwy,Las Vegas,NV,89101
1170,MEMBER_CHANGE,Merrill Lynch Pierce Fenner & Smith,merrill_lynch,True,Margaret,Wilson,Martin Investment Group,Martin Investment Group,4033 Monroe Ln,Phoenix,AZ,85001
1171,MEMBER_CHANGE,Morgan Stanley Wealth Management,morgan_stanley,True,Anthony,King,Taylor Asset Management Group,Taylor Asset Management Group,6692 River Blvd,San Antonio,TX,78201
1172,MEMBER_CHANGE,Janney Montgomery Scott,janney,True,Jessica,Adams,Khan Asset Management Group,Khan Asset Management Group,5180 Union Pkwy,San Diego,CA,92101
1173,MEMBER_CHANGE,Hilliard Lyons,hilliard_lyons,True,Dorothy,Jones,Chen Capital Group,Chen Capital Group,8499 Park Way,Atlanta,GA,30301
1174,MEMBER_CHANGE,Highfield Asset Management,highfield,False,Michael,Campbell,Baker Investment Partners,Baker Investment Partners,9325 Broad Ln,Phoenix,AZ,85001
1175,RENAME,Northgate Investment Partners,northgate,False,Sandra,Khan,Khan Investment Partners,Khan Private Wealth,3153 Madison Ln,Phoenix,AZ,85001
1176,SPLIT_PARENT,UBS Financial Services,ubs,True,Barbara,Wright,Wright Financial Group,Wright Financial Group,3773 Church Blvd,Minneapolis,MN,55401
1177,MEMBER_CHANGE,Cambridge Investment Research,cambridge_inv,True,James,Wang,Garcia Wealth Partners,Garcia Wealth Partners,7771 Madison Ave,Raleigh,NC,27601
1178,MEMBER_CHANGE,Janney Montgomery Scott,janney,True,Rachel,Parker,Wilson Institutional Group,Wilson Institutional Group,5021 Lake Court,Milwaukee,WI,53201
1179,MEMBER_CHANGE,Janney Montgomery Scott,janney,True,Steven,Reyes,Brown Wealth Advisors,Brown Wealth Advisors,1353 Oak Court,Philadelphia,PA,19101
1180,MEMBER_CHANGE,Cambridge Investment Research,cambridge_inv,True,Emily,Wang,Flores Private Wealth Group,Flores Private Wealth Group,7712 Union Pkwy,Indianapolis,IN,46201
1181,MEMBER_CHANGE,Hilliard Lyons,hilliard_lyons,True,Emily,Yang,Gomez Private Wealth Group,Gomez Private Wealth Group,8348 Main Ave,Kansas City,MO,64101
1182,RENAME,LPL Financial,lpl_financial,True,Daniel,Chen,Chen & Campbell Group,Chen Asset Management Group,841 Maple Ln,Denver,CO,80201
1183,MEMBER_CHANGE,Oppenheimer & Co.,oppenheimer,True,Nancy,Hill,Reyes Financial Group,Reyes Financial Group,7471 Broad Rd,Oklahoma City,OK,73101
1184,RENAME,Parkside Wealth Strategies,parkside,False,Daniel,Jackson,Jackson & Associates,Jackson Capital,1381 Adams Pkwy,Indianapolis,IN,46201
1185,MEMBER_CHANGE,Meridian Private Wealth,meridian_pw,False,Susan,Moore,Green Asset Management,Green Asset Management,393 Main Ln,San Antonio,TX,78201
1186,MERGE_SURVIVOR,Morgan Stanley Wealth Management,morgan_stanley,True,Christopher,Diaz,Diaz Financial Group,Diaz Financial Group,7639 Liberty Ln,St. Louis,MO,63101
1187,MEMBER_CHANGE,Crestwood Family Office,crestwood,False,Michael,Hill,Allen Wealth Management,Allen Wealth Management,6010 Liberty Ln,Denver,CO,80201
1188,MEMBER_CHANGE,Merrill Lynch Pierce Fenner & Smith,merrill_lynch,True,Barbara,Flores,Wilson Wealth Management Group,Wilson Wealth Management Group,3226 Cedar St,Jacksonville,FL,32201
1189,MEMBER_CHANGE,Meridian Private Wealth,meridian_pw,False,Patricia,Rivera,Jackson Capital Partners,Jackson Capital Partners,2478 Church Dr,Milwaukee,WI,53201
1190,MEMBER_CHANGE,Clearwater Capital Group,clearwater,False,Nancy,Chen,Thomas Wealth,Thomas Wealth,5030 Monroe Way,Dallas,TX,75201
1191,RENAME,Commonwealth Financial Network,commonwealth,True,Sandra,Johnson,Johnson Advisory Group,Johnson Private Wealth Group,2821 Elm Way,Minneapolis,MN,55401
1192,RENAME,Commonwealth Financial Network,commonwealth,True,John,Huang,Huang & Associates,Huang Financial Group,9688 Lake Dr,Seattle,WA,98101
1193,MERGE_SURVIVOR,National Planning Holdings,nph,True,Betty,Brown,Brown Capital Group,Brown Capital Group,229 Cedar Ln,Baltimore,MD,21201
1194,MEMBER_CHANGE,Meridian Private Wealth,meridian_pw,False,Ashley,Zhang,Stewart Wealth Management,Stewart Wealth Management,9862 Adams Court,Seattle,WA,98101
1195,RENAME,UBS Financial Services,ubs,True,Linda,Hill,Hill & Associates,Hill Financial Group,8510 Highland Pkwy,Minneapolis,MN,55401
1196,RENAME,Stifel Nicolaus & Company,stifel_nicolaus,True,Michael,Campbell,Campbell & Martin Partners,Campbell Wealth Management Group,7014 Highland Pl,Boston,MA,02101
1197,MEMBER_CHANGE,Merrill Lynch Pierce Fenner & Smith,merrill_lynch,True,Patricia,Zhang,Yang Institutional Group,Yang Institutional Group,6934 Commerce Ave,Minneapolis,MN,55401
1198,MEMBER_CHANGE,Woodbury Financial Services,woodbury,True,Patricia,Zhang,Adams Family Wealth Group,Adams Family Wealth Group,7247 Main Blvd,Seattle,WA,98101
1199,RENAME,Crestwood Family Office,crestwood,False,Matthew,Baker,Baker & Baker Group,Baker Private Wealth,7278 Lake Court,Columbus,OH,43201
1200,MEMBER_CHANGE,National Planning Holdings,nph,True,James,Campbell,Wang Portfolio Group,Wang Portfolio Group,7775 Elm Rd,Las Vegas,NV,89101
1201,SPLIT_PARENT,Cetera Financial Group,cetera,True,Karen,Patel,Patel Financial Group,Patel Financial Group,2754 Broad Dr,Seattle,WA,98101
1202,MEMBER_CHANGE,Harborview Private Wealth,harborview,False,Barbara,Allen,Parker Capital Partners,Parker Capital Partners,2215 Washington Dr,San Jose,CA,95101
1203,SPLIT_PARENT,Woodbury Financial Services,woodbury,True,Linda,Miller,Miller Asset Management Group,Miller Asset Management Group,8189 River Dr,Fort Worth,TX,76101
1204,SPLIT_PARENT,Securities America,securities_america,True,Michael,Johnson,Johnson Capital Group,Johnson Capital Group,4373 Willow Blvd,Austin,TX,78701
1205,MEMBER_CHANGE,Clearwater Capital Group,clearwater,False,Betty,Anderson,Williams Wealth,Williams Wealth,5633 Madison Ave,Richmond,VA,23219
1206,MEMBER_CHANGE,Stifel Nicolaus & Company,stifel_nicolaus,True,William,Smith,Carter Advisory Group,Carter Advisory Group,8068 Hill Pl,Washington,DC,20001
1207,RENAME,Northgate Investment Partners,northgate,False,Robert,Morgan,Morgan Capital Partners,Morgan Asset Management,4482 Elm Court,St. Louis,MO,63101
1208,MEMBER_CHANGE,Ridgeway Wealth Management,ridgeway,False,Sarah,Nelson,Collins Partners,Collins Partners,7273 Jefferson Ave,Philadelphia,PA,19101
1209,MEMBER_CHANGE,Summit Peak Advisors,summit_peak,False,Richard,Torres,Evans Wealth,Evans Wealth,9315 Oak Court,Philadelphia,PA,19101
1210,MEMBER_CHANGE,LPL Financial,lpl_financial,True,William,Evans,Huang Advisory Group,Huang Advisory Group,6025 Washington Rd,Atlanta,GA,30301
1211,MEMBER_CHANGE,Northgate Investment Partners,northgate,False,Sandra,Morris,Hall Wealth,Hall Wealth,2627 Church Pl,Oklahoma City,OK,73101
1212,MEMBER_CHANGE,Clearwater Capital Group,clearwater,False,Amanda,Turner,Davis Advisors,Davis Advisors,7294 Madison St,Charlotte,NC,28201
1213,RENAME,Clearwater Capital Group,clearwater,False,Patricia,Wright,Wright Asset Management,Wright Investment Partners,8374 Washington Ave,San Francisco,CA,94101
1214,SPLIT_PARENT,Hilliard Lyons,hilliard_lyons,True,Margaret,Torres,Torres Institutional Group,Torres Institutional Group,4121 Elm Court,Baltimore,MD,21201
1215,RENAME,Summit Peak Advisors,summit_peak,False,Mark,Wilson,Wilson & Roberts Group,Wilson Family Office,6873 Madison Way,Cleveland,OH,44101
1216,MERGE_SURVIVOR,Summit Peak Advisors,summit_peak,False,Karen,Johnson,Johnson Capital Partners,Johnson Capital Partners,2485 Monroe St,Cleveland,OH,44101
1217,MEMBER_CHANGE,Merrill Lynch Pierce Fenner & Smith,merrill_lynch,True,Paul,Young,Wright Capital Group,Wright Capital Group,6680 Monroe Blvd,Milwaukee,WI,53201
1218,RENAME,UBS Financial Services,ubs,True,Betty,Morris,Morris & Allen Partners,Morris Wealth Management Group,2573 Highland St,Cleveland,OH,44101
1219,MEMBER_CHANGE,Janney Montgomery Scott,janney,True,Linda,Huang,Hill Institutional Group,Hill Institutional Group,9170 River Pl,Washington,DC,20001
1220,MEMBER_CHANGE,Morgan Stanley Wealth Management,morgan_stanley,True,Susan,Jones,Yang Wealth Advisors,Yang Wealth Advisors,2506 Liberty Ln,Atlanta,GA,30301
1221,MEMBER_CHANGE,Kingsbridge Capital Advisors,kingsbridge,False,Amanda,Wright,Liu Asset Management,Liu Asset Management,7344 Liberty Pl,Memphis,TN,38101
1222,MERGE_TARGET,Northgate Investment Partners,northgate,False,Matthew,Liu,Liu Investment Partners,Liu Investment Partners,1480 Oak Court,Oklahoma City,OK,73101
1223,SPLIT_PARENT,DA Davidson & Co.,da_davidson,True,Thomas,Campbell,Campbell Wealth Advisors,Campbell Wealth Advisors,4751 Park Ave,Miami,FL,33101
1224,SPLIT_PARENT,Securities America,securities_america,True,Kenneth,Campbell,Campbell Capital Group,Campbell Capital Group,2721 Main St,Tampa,FL,33601
1225,MEMBER_CHANGE,National Planning Holdings,nph,True,Helen,Mitchell,Harris Wealth Partners,Harris Wealth Partners,7026 Market Ave,Chicago,IL,60601
1226,MEMBER_CHANGE,Clearwater Capital Group,clearwater,False,Rachel,Anderson,Martin Asset Management,Martin Asset Management,5907 Cedar St,San Antonio,TX,78201
1227,MEMBER_CHANGE,Ameriprise Financial Services,ameriprise,True,William,Chen,Roberts Family Wealth Group,Roberts Family Wealth Group,185 Jefferson Pl,Charlotte,NC,28201
1228,MEMBER_CHANGE,Summit Peak Advisors,summit_peak,False,Matthew,Hill,Roberts Asset Management,Roberts Asset Management,9857 Lake Pl,Denver,CO,80201
1229,MEMBER_CHANGE,Janney Montgomery Scott,janney,True,Betty,Williams,Cruz Investment Group,Cruz Investment Group,6287 Market Dr,Philadelphia,PA,19101
1230,MEMBER_CHANGE,Oppenheimer & Co.,oppenheimer,True,Thomas,Stewart,Gomez Advisory Group,Gomez Advisory Group,6019 Jefferson Ave,Dallas,TX,75201
1231,MEMBER_CHANGE,Harborview Private Wealth,harborview,False,Betty,Harris,Chen Family Office,Chen Family Office,1442 Maple St,Milwaukee,WI,53201
1232,RENAME,Highfield Asset Management,highfield,False,Thomas,Baker,Baker & Associates,Baker Advisors,7409 Maple Pl,Cleveland,OH,44101
1233,RENAME,DA Davidson & Co.,da_davidson,True,Rachel,Carter,Carter & Lee Advisors,Carter Wealth Advisors,6568 Hill Pkwy,Minneapolis,MN,55401
1234,MEMBER_CHANGE,Kingsbridge Capital Advisors,kingsbridge,False,Matthew,Green,Adams Capital Partners,Adams Capital Partners,6930 Washington Blvd,Miami,FL,33101
1235,MEMBER_CHANGE,Raymond James Financial Services,raymond_james,True,Charles,Baker,Collins Financial Group,Collins Financial Group,2219 Liberty Court,Cleveland,OH,44101
1236,MEMBER_CHANGE,Wells Fargo Advisors,wells_fargo,True,Kenneth,Garcia,Nelson Financial Group,Nelson Financial Group,634 Adams Blvd,Boston,MA,02101
1237,RENAME,Hilliard Lyons,hilliard_lyons,True,Joseph,Phillips,Phillips & Morris Partners,Phillips Asset Management Group,1907 Cedar Pl,Portland,OR,97201
1238,MEMBER_CHANGE,Janney Montgomery Scott,janney,True,William,Zhang,Campbell Investment Group,Campbell Investment Group,2029 Willow Rd,Louisville,KY,40201
1239,MEMBER_CHANGE,Janney Montgomery Scott,janney,True,Jessica,Anderson,Hall Wealth Management Group,Hall Wealth Management Group,2440 Elm Pkwy,Baltimore,MD,21201
1240,MEMBER_CHANGE,UBS Financial Services,ubs,True,Paul,Mitchell,Liu Wealth Partners,Liu Wealth Partners,3632 Washington Way,New York,NY,10001
1241,MEMBER_CHANGE,Wells Fargo Advisors,wells_fargo,True,Steven,Turner,Scott Private Wealth Group,Scott Private Wealth Group,832 Madison Way,Portland,OR,97201
1242,MEMBER_CHANGE,Janney Montgomery Scott,janney,True,David,Zhang,Adams Capital Group,Adams Capital Group,6281 Commerce Pkwy,San Diego,CA,92101
1243,MEMBER_CHANGE,Northgate Investment Partners,northgate,False,Michael,Williams,Rivera Capital Partners,Rivera Capital Partners,7471 Union Way,Dallas,TX,75201
1244,MEMBER_CHANGE,Meridian Private Wealth,meridian_pw,False,Susan,Harris,Garcia Wealth Management,Garcia Wealth Management,6811 Lincoln Dr,Memphis,TN,38101
1245,MEMBER_CHANGE,Oppenheimer & Co.,oppenheimer,True,Michael,King,Williams Institutional Group,Williams Institutional Group,7359 Adams Rd,Phoenix,AZ,85001
1246,MEMBER_CHANGE,Meridian Private Wealth,meridian_pw,False,Megan,Yang,Collins Partners,Collins Partners,9471 Church Rd,Boston,MA,02101
1247,MEMBER_CHANGE,Kingsbridge Capital Advisors,kingsbridge,False,Sandra,Edwards,Diaz Asset Management,Diaz Asset Management,1495 Park Pkwy,Tampa,FL,33601
1248,MEMBER_CHANGE,National Planning Holdings,nph,True,Donald,Williams,Roberts Wealth Advisors,Roberts Wealth Advisors,3203 Monroe Way,Miami,FL,33101
1249,MEMBER_CHANGE,Highfield Asset Management,highfield,False,Sandra,Harris,Davis Asset Management,Davis Asset Management,3044 Main Rd,Fort Worth,TX,76101
1250,RENAME,Stifel Nicolaus & Company,stifel_nicolaus,True,Rachel,Adams,Adams Asset Management Group,Adams Private Wealth Group,8841 Broad Pl,Memphis,TN,38101
1251,MEMBER_CHANGE,National Planning Holdings,nph,True,Michael,Allen,Hall Wealth Management Group,Hall Wealth Management Group,5669 Madison Blvd,Baltimore,MD,21201
1252,MEMBER_CHANGE,Morgan Stanley Wealth Management,morgan_stanley,True,Matthew,Nguyen,King Asset Management Group,King Asset Management Group,4313 Maple Ave,Philadelphia,PA,19101
1253,MEMBER_CHANGE,Securities America,securities_america,True,Helen,Smith,Young Investment Group,Young Investment Group,3092 Hill Ave,Dallas,TX,75201
1254,MEMBER_CHANGE,Janney Montgomery Scott,janney,True,Emily,King,Cruz Investment Group,Cruz Investment Group,1065 Broad Pl,Austin,TX,78701
1255,MERGE_TARGET,Morgan Stanley Wealth Management,morgan_stanley,True,Michael,Allen,Allen Asset Management Group,Allen Asset Management Group,1717 Spring Blvd,Baltimore,MD,21201
1256,MERGE_TARGET,Highfield Asset Management,highfield,False,Sarah,Martin,Martin Family Office,Martin Family Office,2081 Oak Dr,Charlotte,NC,28201
1257,MEMBER_CHANGE,Northgate Investment Partners,northgate,False,Amanda,Mitchell,Gomez Advisors,Gomez Advisors,8176 Market Court,Las Vegas,NV,89101
1258,MEMBER_CHANGE,Wells Fargo Advisors,wells_fargo,True,Joseph,Miller,Brown Capital Group,Brown Capital Group,7715 Central Ln,Houston,TX,77001
1259,MEMBER_CHANGE,Commonwealth Financial Network,commonwealth,True,Joseph,Reyes,Flores Institutional Group,Flores Institutional Group,3929 Main Rd,Boston,MA,02101
1260,MEMBER_CHANGE,National Planning Holdings,nph,True,John,Evans,Harris Wealth Advisors,Harris Wealth Advisors,2157 River Pkwy,Baltimore,MD,21201
1261,MEMBER_CHANGE,Ameriprise Financial Services,ameriprise,True,Amanda,Thomas,Zhang Institutional Group,Zhang Institutional Group,8299 Park Blvd,Louisville,KY,40201
1262,MEMBER_CHANGE,Securities America,securities_america,True,Emily,Patel,Patel Advisory Group,Patel Advisory Group,8906 Madison Court,Atlanta,GA,30301
1263,MEMBER_CHANGE,UBS Financial Services,ubs,True,Barbara,Thompson,Lee Financial Group,Lee Financial Group,4839 Church Blvd,New York,NY,10001
1264,MEMBER_CHANGE,UBS Financial Services,ubs,True,Nancy,Parker,Thompson Portfolio Group,Thompson Portfolio Group,4210 Union Ln,Washington,DC,20001
1265,MEMBER_CHANGE,Clearwater Capital Group,clearwater,False,Margaret,Johnson,Gomez Asset Management,Gomez Asset Management,4709 Oak Blvd,Tampa,FL,33601
1266,MEMBER_CHANGE,National Planning Holdings,nph,True,David,Miller,Allen Private Wealth Group,Allen Private Wealth Group,6576 Liberty Ave,San Diego,CA,92101
1267,MEMBER_CHANGE,Crestwood Family Office,crestwood,False,Charles,Johnson,Thompson Family Office,Thompson Family Office,3554 Broad Court,Nashville,TN,37201
1268,MEMBER_CHANGE,Highfield Asset Management,highfield,False,Paul,Chen,Turner Investment Partners,Turner Investment Partners,7517 Hill Dr,Nashville,TN,37201
1269,RENAME,Oppenheimer & Co.,oppenheimer,True,Anthony,Nelson,Nelson & Jones Partners,Nelson Portfolio Group,5481 Main Blvd,New York,NY,10001
1270,MEMBER_CHANGE,Woodbury Financial Services,woodbury,True,Daniel,Nguyen,Smith Wealth Management Group,Smith Wealth Management Group,2943 Madison Court,Minneapolis,MN,55401
1271,MEMBER_CHANGE,Northgate Investment Partners,northgate,False,Patricia,Khan,Mitchell Wealth,Mitchell Wealth,1370 Central St,Atlanta,GA,30301
1272,MEMBER_CHANGE,Ridgeway Wealth Management,ridgeway,False,Sandra,Thomas,Scott Family Office,Scott Family Office,9951 Willow Ln,Austin,TX,78701
1273,MEMBER_CHANGE,Clearwater Capital Group,clearwater,False,Steven,Flores,Davis Capital Partners,Davis Capital Partners,6169 Park Way,New York,NY,10001
1274,MEMBER_CHANGE,Stifel Nicolaus & Company,stifel_nicolaus,True,Margaret,Hill,Morris Wealth Partners,Morris Wealth Partners,5962 Park Ave,Richmond,VA,23219
1275,RENAME,Kingsbridge Capital Advisors,kingsbridge,False,Kenneth,Khan,Khan & Associates,Khan Advisors,3938 Commerce Pl,Los Angeles,CA,90001
1276,RENAME,Robert W. Baird & Co.,rwbaird,True,Linda,Yang,Yang Wealth Advisors,Yang Family Wealth Group,3525 Main Dr,Memphis,TN,38101
1277,MEMBER_CHANGE,Wells Fargo Advisors,wells_fargo,True,Donald,Patel,Roberts Wealth Advisors,Roberts Wealth Advisors,8193 Washington Court,Jacksonville,FL,32201
1278,MEMBER_CHANGE,Ridgeway Wealth Management,ridgeway,False,Michael,Hill,Cruz Wealth Management,Cruz Wealth Management,9359 Washington Ave,Pittsburgh,PA,15201
1279,MEMBER_CHANGE,Raymond James Financial Services,raymond_james,True,Margaret,Khan,Wilson Wealth Partners,Wilson Wealth Partners,9437 Lake Court,San Francisco,CA,94101
1280,MEMBER_CHANGE,Edward Jones,edward_jones,True,Helen,Young,Edwards Institutional Group,Edwards Institutional Group,8831 Broad Rd,Boston,MA,02101
1281,SPLIT_PARENT,Highfield Asset Management,highfield,False,Dorothy,Smith,Smith Family Office,Smith Family Office,949 Spring Ln,Baltimore,MD,21201
1282,MEMBER_CHANGE,Robert W. Baird & Co.,rwbaird,True,Robert,Johnson,Cruz Wealth Advisors,Cruz Wealth Advisors,7744 Commerce Pl,Cleveland,OH,44101
1283,MEMBER_CHANGE,Northgate Investment Partners,northgate,False,Helen,Thompson,Liu Advisors,Liu Advisors,869 Hill Ln,Tampa,FL,33601
1284,RENAME,Ameriprise Financial Services,ameriprise,True,Sarah,Smith,Smith & Nelson Partners,Smith Asset Management Group,3288 Spring Ave,Portland,OR,97201
1285,MEMBER_CHANGE,Summit Peak Advisors,summit_peak,False,Margaret,Stewart,Stewart Advisors,Stewart Advisors,7043 Maple Dr,Jacksonville,FL,32201
1286,MEMBER_CHANGE,LPL Financial,lpl_financial,True,Helen,Parker,Allen Private Wealth Group,Allen Private Wealth Group,1684 Main Way,Milwaukee,WI,53201
1287,RENAME,Summit Peak Advisors,summit_peak,False,John,Gomez,Gomez Partners,Gomez Private Wealth,4202 Lake Ave,Raleigh,NC,27601
1288,MEMBER_CHANGE,Stifel Nicolaus & Company,stifel_nicolaus,True,John,Taylor,Chen Wealth Management Group,Chen Wealth Management Group,5565 Market Dr,Houston,TX,77001
1289,MEMBER_CHANGE,Northgate Investment Partners,northgate,False,Paul,Taylor,Evans Capital Partners,Evans Capital Partners,1667 Church Way,Pittsburgh,PA,15201
1290,RENAME,Wells Fargo Advisors,wells_fargo,True,David,Brown,Brown & Associates,Brown Wealth Management Group,6283 Spring Ave,San Diego,CA,92101
1291,MERGE_TARGET,UBS Financial Services,ubs,True,Ashley,Brown,Brown Wealth Partners,Brown Wealth Partners,7175 Maple Ave,Chicago,IL,60601
1292,MEMBER_CHANGE,Securities America,securities_america,True,Robert,Roberts,Young Asset Management Group,Young Asset Management Group,6681 Cedar Pkwy,Baltimore,MD,21201
1293,MEMBER_CHANGE,Stifel Nicolaus & Company,stifel_nicolaus,True,Ashley,Torres,Patel Institutional Group,Patel Institutional Group,273 Jefferson Ln,Kansas City,MO,64101
1294,RENAME,Summit Peak Advisors,summit_peak,False,Sandra,Liu,Liu & Associates,Liu Wealth Management,1759 Spring St,Kansas City,MO,64101
1295,MEMBER_CHANGE,Cambridge Investment Research,cambridge_inv,True,Daniel,Reyes,Gomez Advisory Group,Gomez Advisory Group,1869 Cedar St,St. Louis,MO,63101
1296,MEMBER_CHANGE,Harborview Private Wealth,harborview,False,Nancy,Morgan,Gomez Advisors,Gomez Advisors,9491 Elm Court,Indianapolis,IN,46201
1297,MEMBER_CHANGE,Hilliard Lyons,hilliard_lyons,True,Jessica,Thompson,Baker Family Wealth Group,Baker Family Wealth Group,7384 Washington Dr,San Diego,CA,92101
1298,MEMBER_CHANGE,Summit Peak Advisors,summit_peak,False,John,Young,Brown Capital,Brown Capital,5206 Highland Ln,Miami,FL,33101
1299,SPLIT_PARENT,Kingsbridge Capital Advisors,kingsbridge,False,Lisa,Allen,Allen Wealth Management,Allen Wealth Management,8966 Monroe Blvd,Dallas,TX,75201
1300,RENAME,Commonwealth Financial Network,commonwealth,True,Kenneth,Phillips,Phillips & Associates,Phillips Capital Group,4868 Willow St,Cleveland,OH,44101
1301,MEMBER_CHANGE,National Planning Holdings,nph,True,Karen,Jones,Brown Advisory Group,Brown Advisory Group,8408 Central St,Milwaukee,WI,53201
1302,MEMBER_CHANGE,Hilliard Lyons,hilliard_lyons,True,William,Johnson,Thomas Institutional Group,Thomas Institutional Group,3397 Maple Pl,Jacksonville,FL,32201
1303,MEMBER_CHANGE,Ridgeway Wealth Management,ridgeway,False,Donald,Wright,Edwards Capital Partners,Edwards Capital Partners,9926 Liberty Pl,Pittsburgh,PA,15201
1304,RENAME,National Planning Holdings,nph,True,Jennifer,Evans,Evans & Associates,Evans Wealth Partners,6959 Spring Blvd,Philadelphia,PA,19101
1305,MEMBER_CHANGE,Ameriprise Financial Services,ameriprise,True,Sandra,Wang,Hall Advisory Group,Hall Advisory Group,160 Church Dr,Columbus,OH,43201
1306,MEMBER_CHANGE,Ameriprise Financial Services,ameriprise,True,Rachel,Johnson,Jackson Advisory Group,Jackson Advisory Group,7976 Adams Pl,Las Vegas,NV,89101
1307,MEMBER_CHANGE,Edward Jones,edward_jones,True,Michael,Nelson,Anderson Wealth Management Group,Anderson Wealth Management Group,6044 Main Ave,Washington,DC,20001
1308,RENAME,Morgan Stanley Wealth Management,morgan_stanley,True,Helen,Davis,Davis & White Advisors,Davis Investment Group,4860 Jefferson Dr,Pittsburgh,PA,15201
1309,SPLIT_PARENT,Parkside Wealth Strategies,parkside,False,Karen,Williams,Williams Partners,Williams Partners,3362 Park Rd,Austin,TX,78701
1310,MERGE_TARGET,Stifel Nicolaus & Company,stifel_nicolaus,True,Steven,Reyes,Reyes Investment Group,Reyes Investment Group,5667 Central Dr,Austin,TX,78701
1311,MEMBER_CHANGE,Edward Jones,edward_jones,True,Lisa,Stewart,Anderson Wealth Partners,Anderson Wealth Partners,1757 Main Blvd,Las Vegas,NV,89101
1312,MEMBER_CHANGE,Kingsbridge Capital Advisors,kingsbridge,False,Sandra,Taylor,Wright Advisors,Wright Advisors,5098 Jefferson Dr,Louisville,KY,40201
1313,MEMBER_CHANGE,Summit Peak Advisors,summit_peak,False,John,Garcia,Parker Capital,Parker Capital,8733 Broad Ln,Houston,TX,77001
1314,MEMBER_CHANGE,Wells Fargo Advisors,wells_fargo,True,Jessica,Wang,Liu Investment Group,Liu Investment Group,3207 Park Court,Las Vegas,NV,89101
1315,RENAME,Harborview Private Wealth,harborview,False,Karen,King,King Asset Management,King Wealth Management,7137 Church Dr,Los Angeles,CA,90001
1316,MEMBER_CHANGE,Northgate Investment Partners,northgate,False,Richard,Martin,Gomez Advisors,Gomez Advisors,8873 River Blvd,Nashville,TN,37201
1317,RENAME,Stifel Nicolaus & Company,stifel_nicolaus,True,Michael,Turner,Turner Financial Group,Turner Wealth Partners,2171 Market Pkwy,Minneapolis,MN,55401
1318,MEMBER_CHANGE,Edward Jones,edward_jones,True,Richard,Jackson,Patel Financial Group,Patel Financial Group,1162 Washington Court,Las Vegas,NV,89101
1319,RENAME,Northgate Investment Partners,northgate,False,Barbara,Torres,Torres & Associates,Torres Capital Partners,8601 Jefferson Blvd,Nashville,TN,37201
1320,MEMBER_CHANGE,Harborview Private Wealth,harborview,False,Kenneth,Hall,Campbell Capital Partners,Campbell Capital Partners,8206 Commerce Rd,Pittsburgh,PA,15201
1321,SPLIT_PARENT,DA Davidson & Co.,da_davidson,True,Rachel,Diaz,Diaz Wealth Management Group,Diaz Wealth Management Group,3494 Lake Dr,Atlanta,GA,30301
1322,MEMBER_CHANGE,Meridian Private Wealth,meridian_pw,False,Dorothy,Lee,Hill Advisors,Hill Advisors,5113 Madison Ln,Portland,OR,97201
1323,MEMBER_CHANGE,LPL Financial,lpl_financial,True,Betty,Green,Martin Wealth Advisors,Martin Wealth Advisors,1488 Elm Ave,Seattle,WA,98101
1324,MEMBER_CHANGE,Ameriprise Financial Services,ameriprise,True,John,Miller,Scott Advisory Group,Scott Advisory Group,9667 Oak Way,Miami,FL,33101
1325,MEMBER_CHANGE,Woodbury Financial Services,woodbury,True,Richard,King,Green Financial Group,Green Financial Group,7760 Madison Ln,Louisville,KY,40201
1326,MEMBER_CHANGE,Summit Peak Advisors,summit_peak,False,Karen,Zhang,King Investment Partners,King Investment Partners,6364 Main Blvd,Atlanta,GA,30301
1327,MERGE_TARGET,Stifel Nicolaus & Company,stifel_nicolaus,True,Steven,Diaz,Diaz Private Wealth Group,Diaz Private Wealth Group,5983 Maple Rd,Miami,FL,33101
1328,RENAME,Cambridge Investment Research,cambridge_inv,True,Jessica,Diaz,Diaz Portfolio Group,Diaz Private Wealth Group,4628 Lake Ave,San Antonio,TX,78201
1329,MEMBER_CHANGE,Merrill Lynch Pierce Fenner & Smith,merrill_lynch,True,Susan,Kim,Williams Wealth Advisors,Williams Wealth Advisors,3381 Spring Dr,Oklahoma City,OK,73101
1330,MEMBER_CHANGE,Robert W. Baird & Co.,rwbaird,True,Michael,Edwards,Stewart Institutional Group,Stewart Institutional Group,4596 Park Pkwy,San Diego,CA,92101
1331,SPLIT_PARENT,Meridian Private Wealth,meridian_pw,False,Jessica,Wang,Wang Investment Partners,Wang Investment Partners,239 Monroe Rd,Seattle,WA,98101
1332,MEMBER_CHANGE,Clearwater Capital Group,clearwater,False,Jennifer,Flores,Patel Family Office,Patel Family Office,6747 Highland St,Raleigh,NC,27601
1333,MEMBER_CHANGE,Kingsbridge Capital Advisors,kingsbridge,False,Robert,Adams,Morris Capital,Morris Capital,6612 Lake Dr,Fort Worth,TX,76101
1334,MEMBER_CHANGE,Commonwealth Financial Network,commonwealth,True,Lisa,Flores,Campbell Portfolio Group,Campbell Portfolio Group,9154 Monroe Way,Kansas City,MO,64101
1335,MEMBER_CHANGE,Oppenheimer & Co.,oppenheimer,True,Jessica,Parker,King Advisory Group,King Advisory Group,7125 Monroe Ln,Fort Worth,TX,76101
1336,MERGE_TARGET,Ameriprise Financial Services,ameriprise,True,Ashley,Zhang,Zhang Wealth Advisors,Zhang Wealth Advisors,593 Willow Blvd,Portland,OR,97201
1337,MEMBER_CHANGE,Meridian Private Wealth,meridian_pw,False,Susan,Huang,Allen Partners,Allen Partners,8288 Union Pl,Oklahoma City,OK,73101
1338,RENAME,Stifel Nicolaus & Company,stifel_nicolaus,True,Margaret,Green,Green Wealth Management Group,Green Institutional Group,6708 Monroe Court,Denver,CO,80201
1339,MEMBER_CHANGE,Oppenheimer & Co.,oppenheimer,True,Thomas,Roberts,Johnson Portfolio Group,Johnson Portfolio Group,627 Elm Blvd,Oklahoma City,OK,73101
1340,SPLIT_PARENT,National Planning Holdings,nph,True,Megan,Wang,Wang Portfolio Group,Wang Portfolio Group,9502 Lincoln Ln,Fort Worth,TX,76101
1341,RENAME,DA Davidson & Co.,da_davidson,True,William,Mitchell,Mitchell & Rivera Partners,Mitchell Asset Management Group,3185 Commerce Ave,Oklahoma City,OK,73101
1342,MEMBER_CHANGE,National Planning Holdings,nph,True,Karen,Lee,Turner Wealth Partners,Turner Wealth Partners,1627 Washington Ave,Boston,MA,02101
1343,MEMBER_CHANGE,LPL Financial,lpl_financial,True,Lisa,Garcia,Lee Family Wealth Group,Lee Family Wealth Group,9985 Commerce St,Austin,TX,78701
1344,RENAME,Edward Jones,edward_jones,True,William,Wang,Wang & Associates,Wang Asset Management Group,4750 Park Dr,Seattle,WA,98101
1345,RENAME,Ridgeway Wealth Management,ridgeway,False,Susan,Jones,Jones Family Office,Jones Capital Partners,1041 Willow Court,New York,NY,10001
1346,RENAME,LPL Financial,lpl_financial,True,Sarah,Huang,Huang Portfolio Group,Huang Asset Management Group,6507 Washington Ave,San Diego,CA,92101
1347,MEMBER_CHANGE,Securities America,securities_america,True,Sarah,Carter,Baker Family Wealth Group,Baker Family Wealth Group,1226 Lincoln Dr,San Diego,CA,92101
1348,MEMBER_CHANGE,Meridian Private Wealth,meridian_pw,False,Nancy,Harris,Allen Family Office,Allen Family Office,7878 Washington Pkwy,Portland,OR,97201
1349,MEMBER_CHANGE,Janney Montgomery Scott,janney,True,Robert,Stewart,Thomas Wealth Advisors,Thomas Wealth Advisors,7619 Hill Dr,New York,NY,10001
1350,MERGE_SURVIVOR,Raymond James Financial Services,raymond_james,True,Ashley,Jones,Jones Asset Management Group,Jones Asset Management Group,4144 Market Pl,Portland,OR,97201
1351,MEMBER_CHANGE,Highfield Asset Management,highfield,False,Christopher,Adams,Nelson Capital Partners,Nelson Capital Partners,9539 Oak Ave,Seattle,WA,98101
1352,MEMBER_CHANGE,Kingsbridge Capital Advisors,kingsbridge,False,Margaret,Miller,Scott Investment Partners,Scott Investment Partners,6507 Broad Blvd,Baltimore,MD,21201
1353,MEMBER_CHANGE,Stifel Nicolaus & Company,stifel_nicolaus,True,Susan,Stewart,Yang Portfolio Group,Yang Portfolio Group,7179 Jefferson Ln,Austin,TX,78701
1354,MEMBER_CHANGE,Harborview Private Wealth,harborview,False,Kenneth,Cruz,Miller Family Office,Miller Family Office,815 Lake Blvd,San Francisco,CA,94101
1355,MEMBER_CHANGE,Highfield Asset Management,highfield,False,Sandra,Nguyen,Young Wealth,Young Wealth,3659 Commerce Ln,Boston,MA,02101
1356,MEMBER_CHANGE,Wells Fargo Advisors,wells_fargo,True,Rachel,Wang,Jones Private Wealth Group,Jones Private Wealth Group,8364 Monroe Pl,Baltimore,MD,21201
1357,MEMBER_CHANGE,Ameriprise Financial Services,ameriprise,True,Susan,Jones,Martin Advisory Group,Martin Advisory Group,8391 Oak Way,New York,NY,10022
1358,MEMBER_CHANGE,Merrill Lynch Pierce Fenner & Smith,merrill_lynch,True,Christopher,Reyes,Nguyen Capital Group,Nguyen Capital Group,6642 Park Ln,Los Angeles,CA,90001
1359,MEMBER_CHANGE,Morgan Stanley Wealth Management,morgan_stanley,True,Matthew,Reyes,Davis Family Wealth Group,Davis Family Wealth Group,2336 Spring Way,Minneapolis,MN,55401
1360,SPLIT_PARENT,Ameriprise Financial Services,ameriprise,True,William,Garcia,Garcia Wealth Advisors,Garcia Wealth Advisors,4069 Liberty Way,San Diego,CA,92101
1361,MEMBER_CHANGE,Commonwealth Financial Network,commonwealth,True,Daniel,Edwards,Chen Investment Group,Chen Investment Group,2894 Main Pkwy,Philadelphia,PA,19101
1362,RENAME,LPL Financial,lpl_financial,True,Andrew,Davis,Davis Asset Management Group,Davis Wealth Advisors,6503 Washington Ave,New York,NY,10001
1363,MEMBER_CHANGE,Ridgeway Wealth Management,ridgeway,False,Joseph,White,Moore Capital Partners,Moore Capital Partners,5966 Washington Dr,Los Angeles,CA,90001
1364,MERGE_TARGET,Highfield Asset Management,highfield,False,Jessica,Jackson,Jackson Capital Partners,Jackson Capital Partners,882 Church Court,Philadelphia,PA,19101
1365,RENAME,DA Davidson & Co.,da_davidson,True,Kenneth,Adams,Adams & Associates,Adams Wealth Management Group,9900 Main St,Las Vegas,NV,89101
1366,RENAME,Northgate Investment Partners,northgate,False,Matthew,Kim,Kim & Scott Partners,Kim Advisors,6238 Lake Dr,Phoenix,AZ,85001
1367,MEMBER_CHANGE,Morgan Stanley Wealth Management,morgan_stanley,True,Mark,Mitchell,Johnson Wealth Management Group,Johnson Wealth Management Group,5623 Park Ave,Columbus,OH,43201
1368,MEMBER_CHANGE,Highfield Asset Management,highfield,False,Betty,Allen,Khan Capital,Khan Capital,2836 Oak Ln,Miami,FL,33101
1369,MEMBER_CHANGE,Wells Fargo Advisors,wells_fargo,True,David,Garcia,King Wealth Advisors,King Wealth Advisors,3205 Broad Dr,Tampa,FL,33601
1370,MERGE_TARGET,DA Davidson & Co.,da_davidson,True,Sandra,Davis,Davis Advisory Group,Davis Advisory Group,3602 Cedar Pl,Nashville,TN,37201
1371,MEMBER_CHANGE,LPL Financial,lpl_financial,True,Karen,Anderson,Hill Institutional Group,Hill Institutional Group,5281 Main Ln,Fort Worth,TX,76101
1372,MEMBER_CHANGE,Ameriprise Financial Services,ameriprise,True,Paul,Wang,Jones Institutional Group,Jones Institutional Group,4662 Church Pkwy,Louisville,KY,40201
1373,MEMBER_CHANGE,UBS Financial Services,ubs,True,Matthew,Taylor,Liu Advisory Group,Liu Advisory Group,6835 River Pkwy,Minneapolis,MN,55401
1374,RENAME,Wells Fargo Advisors,wells_fargo,True,Jessica,Patel,Patel & Associates,Patel Portfolio Group,2909 Hill Ave,St. Louis,MO,63101
1375,RENAME,Oppenheimer & Co.,oppenheimer,True,Nancy,Cruz,Cruz & Parker Group,Cruz Family Wealth Group,2277 Spring Blvd,Nashville,TN,37201
1376,MEMBER_CHANGE,Meridian Private Wealth,meridian_pw,False,James,Gomez,Jones Private Wealth,Jones Private Wealth,389 Broad Pkwy,Atlanta,GA,30301
1377,MEMBER_CHANGE,DA Davidson & Co.,da_davidson,True,Susan,Gomez,Turner Family Wealth Group,Turner Family Wealth Group,3908 Market Pkwy,New York,NY,10001
1378,MEMBER_CHANGE,Stifel Nicolaus & Company,stifel_nicolaus,True,Rachel,Nelson,Evans Private Wealth Group,Evans Private Wealth Group,5160 Lake Ln,Charlotte,NC,28201
1379,MEMBER_CHANGE,Woodbury Financial Services,woodbury,True,Joseph,Nguyen,Brown Investment Group,Brown Investment Group,6236 Commerce Rd,Jacksonville,FL,32201
1380,MEMBER_CHANGE,Raymond James Financial Services,raymond_james,True,Rachel,Mitchell,Jackson Institutional Group,Jackson Institutional Group,721 Lake Pkwy,Atlanta,GA,30301
1381,MEMBER_CHANGE,Crestwood Family Office,crestwood,False,Sandra,Wang,Wilson Investment Partners,Wilson Investment Partners,5302 Church St,Cleveland,OH,44101
1382,MERGE_SURVIVOR,Summit Peak Advisors,summit_peak,False,Margaret,Diaz,Diaz Investment Partners,Diaz Investment Partners,488 Lake Pl,Oklahoma City,OK,73101
1383,MEMBER_CHANGE,Stifel Nicolaus & Company,stifel_nicolaus,True,Amanda,Mitchell,Mitchell Wealth Management Group,Mitchell Wealth Management Group,4168 Union Dr,St. Louis,MO,63101
1384,MEMBER_CHANGE,Meridian Private Wealth,meridian_pw,False,Patricia,Scott,Campbell Private Wealth,Campbell Private Wealth,3107 Jefferson St,Houston,TX,77001
1385,MERGE_TARGET,Meridian Private Wealth,meridian_pw,False,Linda,Jones,Jones Advisors,Jones Advisors,953 Church Blvd,Fort Worth,TX,76101
1386,RENAME,Raymond James Financial Services,raymond_james,True,David,Anderson,Anderson & Wang Advisors,Anderson Portfolio Group,9092 Park Dr,Miami,FL,33101
1387,MEMBER_CHANGE,Merrill Lynch Pierce Fenner & Smith,merrill_lynch,True,Barbara,Evans,Reyes Financial Group,Reyes Financial Group,5203 Washington Dr,Charlotte,NC,28201
1388,MEMBER_CHANGE,Cetera Financial Group,cetera,True,Robert,Turner,Phillips Advisory Group,Phillips Advisory Group,5066 River Pkwy,Atlanta,GA,30301
1389,SPLIT_PARENT,Kingsbridge Capital Advisors,kingsbridge,False,Matthew,Thompson,Thompson Capital Partners,Thompson Capital Partners,1410 Willow Ln,Las Vegas,NV,89101
1390,MEMBER_CHANGE,LPL Financial,lpl_financial,True,Helen,Liu,Adams Asset Management Group,Adams Asset Management Group,8378 Broad Ln,Dallas,TX,75201
1391,MEMBER_CHANGE,Clearwater Capital Group,clearwater,False,Robert,Jones,Johnson Family Office,Johnson Family Office,7102 Maple Rd,St. Louis,MO,63101
1392,MEMBER_CHANGE,Securities America,securities_america,True,Rachel,Lee,Carter Family Wealth Group,Carter Family Wealth Group,2978 Hill Ln,Kansas City,MO,64101
1393,MEMBER_CHANGE,Janney Montgomery Scott,janney,True,Rachel,Carter,Young Asset Management Group,Young Asset Management Group,9310 Broad Way,Houston,TX,77001
1394,MEMBER_CHANGE,Oppenheimer & Co.,oppenheimer,True,James,Wang,Collins Financial Group,Collins Financial Group,3306 Elm Dr,New York,NY,10001
1395,MEMBER_CHANGE,Morgan Stanley Wealth Management,morgan_stanley,True,Richard,Patel,Reyes Family Wealth Group,Reyes Family Wealth Group,6231 Commerce Ln,Baltimore,MD,21201
1396,MEMBER_CHANGE,DA Davidson & Co.,da_davidson,True,Kenneth,Garcia,Nguyen Financial Group,Nguyen Financial Group,5143 Church Pkwy,Houston,TX,77001
1397,RENAME,Cetera Financial Group,cetera,True,Robert,Wang,Wang & Scott Advisors,Wang Private Wealth Group,6404 Highland Blvd,Jacksonville,FL,32201
1398,SPLIT_PARENT,Northgate Investment Partners,northgate,False,Sandra,Martin,Martin Private Wealth,Martin Private Wealth,8449 Liberty Way,Louisville,KY,40201
1399,MEMBER_CHANGE,Harborview Private Wealth,harborview,False,Jennifer,Lee,Diaz Family Office,Diaz Family Office,7047 Adams Dr,Charlotte,NC,28201
1400,MEMBER_CHANGE,Commonwealth Financial Network,commonwealth,True,Betty,Phillips,Wang Capital Group,Wang Capital Group,562 Liberty Blvd,Indianapolis,IN,46201
1401,MEMBER_CHANGE,Woodbury Financial Services,woodbury,True,Emily,Hill,Cruz Investment Group,Cruz Investment Group,4266 Lake Pkwy,Pittsburgh,PA,15201
1402,RENAME,Ridgeway Wealth Management,ridgeway,False,Christopher,Smith,Smith & Mitchell Partners,Smith Wealth,1612 Church Ln,Memphis,TN,38101
1403,MEMBER_CHANGE,Harborview Private Wealth,harborview,False,Susan,Gomez,Yang Wealth,Yang Wealth,8595 Park Ln,San Jose,CA,95101
1404,MEMBER_CHANGE,Clearwater Capital Group,clearwater,False,Charles,Johnson,Martin Investment Partners,Martin Investment Partners,8302 Central Ln,Pittsburgh,PA,15201
1405,MEMBER_CHANGE,Janney Montgomery Scott,janney,True,Donald,Young,Morris Family Wealth Group,Morris Family Wealth Group,1556 Cedar Pkwy,Washington,DC,20001
1406,MEMBER_CHANGE,Clearwater Capital Group,clearwater,False,Robert,Morgan,Thompson Advisors,Thompson Advisors,6620 Liberty Rd,New York,NY,10001
1407,MERGE_TARGET,LPL Financial,lpl_financial,True,Linda,Smith,Smith Private Wealth Group,Smith Private Wealth Group,1244 Monroe Ln,Cleveland,OH,44101
1408,MEMBER_CHANGE,Cetera Financial Group,cetera,True,Matthew,Zhang,Reyes Asset Management Group,Reyes Asset Management Group,2895 Washington Pl,Austin,TX,78701
1409,RENAME,Harborview Private Wealth,harborview,False,Thomas,Thomas,Thomas & Associates,Thomas Capital Partners,3081 Market Ave,Atlanta,GA,30301
1410,MEMBER_CHANGE,National Planning Holdings,nph,True,Barbara,Reyes,Anderson Advisory Group,Anderson Advisory Group,1066 Adams Blvd,Jacksonville,FL,32201
1411,MEMBER_CHANGE,Robert W. Baird & Co.,rwbaird,True,Dorothy,Hall,Adams Institutional Group,Adams Institutional Group,1889 Church Blvd,Phoenix,AZ,85001
1412,MEMBER_CHANGE,Janney Montgomery Scott,janney,True,Megan,White,Nguyen Private Wealth Group,Nguyen Private Wealth Group,4634 Maple Pl,New York,NY,10022
1413,SPLIT_PARENT,National Planning Holdings,nph,True,Donald,Baker,Baker Financial Group,Baker Financial Group,1751 Main St,San Francisco,CA,94101
1414,MEMBER_CHANGE,Northgate Investment Partners,northgate,False,Joseph,Green,Parker Wealth Management,Parker Wealth Management,785 Cedar Dr,Cleveland,OH,44101
1415,RENAME,Summit Peak Advisors,summit_peak,False,James,Nguyen,Nguyen & Associates,Nguyen Wealth Management,8620 Monroe Rd,Minneapolis,MN,55401
1416,MEMBER_CHANGE,Commonwealth Financial Network,commonwealth,True,Matthew,Thomas,Phillips Asset Management Group,Phillips Asset Management Group,5614 Willow Pl,Nashville,TN,37201
1417,MEMBER_CHANGE,Clearwater Capital Group,clearwater,False,David,Cruz,Torres Family Office,Torres Family Office,6300 Broad St,Washington,DC,20001
1418,SPLIT_PARENT,Meridian Private Wealth,meridian_pw,False,Jennifer,Khan,Khan Wealth,Khan Wealth,150 Jefferson Ln,San Diego,CA,92101
1419,SPLIT_PARENT,Morgan Stanley Wealth Management,morgan_stanley,True,Megan,Davis,Davis Wealth Advisors,Davis Wealth Advisors,4678 Liberty Dr,Louisville,KY,40201
1420,MEMBER_CHANGE,Ameriprise Financial Services,ameriprise,True,Karen,Jones,Cruz Institutional Group,Cruz Institutional Group,7885 Market Ln,Jacksonville,FL,32201
1421,MEMBER_CHANGE,Morgan Stanley Wealth Management,morgan_stanley,True,Steven,Smith,Johnson Institutional Group,Johnson Institutional Group,6001 Oak Pl,Atlanta,GA,30301
1422,MERGE_SURVIVOR,Stifel Nicolaus & Company,stifel_nicolaus,True,Megan,Hall,Hall Asset Management Group,Hall Asset Management Group,1433 Willow Ln,Raleigh,NC,27601
1423,MEMBER_CHANGE,Ridgeway Wealth Management,ridgeway,False,Robert,Adams,Reyes Family Office,Reyes Family Office,4914 Broad Dr,Dallas,TX,75201
1424,MEMBER_CHANGE,Meridian Private Wealth,meridian_pw,False,Daniel,Khan,Liu Wealth Management,Liu Wealth Management,8367 Oak Blvd,Minneapolis,MN,55401
1425,RENAME,Summit Peak Advisors,summit_peak,False,David,Allen,Allen & Associates,Allen Asset Management,7748 Washington Way,San Antonio,TX,78201
1426,MEMBER_CHANGE,Commonwealth Financial Network,commonwealth,True,Linda,Parker,Harris Advisory Group,Harris Advisory Group,3567 Washington Ave,Philadelphia,PA,19101
1427,MEMBER_CHANGE,Cetera Financial Group,cetera,True,Anthony,Jones,Taylor Capital Group,Taylor Capital Group,6383 Monroe Rd,Columbus,OH,43201
1428,MEMBER_CHANGE,Crestwood Family Office,crestwood,False,Jennifer,Turner,Parker Capital Partners,Parker Capital Partners,2116 Union Blvd,Tampa,FL,33601
1429,MEMBER_CHANGE,Kingsbridge Capital Advisors,kingsbridge,False,Paul,King,Garcia Private Wealth,Garcia Private Wealth,3766 Highland Pkwy,Houston,TX,77001
1430,RENAME,Kingsbridge Capital Advisors,kingsbridge,False,Jennifer,Nguyen,Nguyen & Davis Advisors,Nguyen Family Office,9306 Madison Dr,Columbus,OH,43201
1431,SPLIT_PARENT,Robert W. Baird & Co.,rwbaird,True,Joseph,Young,Young Private Wealth Group,Young Private Wealth Group,1924 Maple Pl,Pittsburgh,PA,15201
1432,MEMBER_CHANGE,Parkside Wealth Strategies,parkside,False,David,Diaz,Stewart Wealth,Stewart Wealth,9485 Willow Blvd,Nashville,TN,37201
1433,MEMBER_CHANGE,DA Davidson & Co.,da_davidson,True,Paul,Hill,Stewart Wealth Management Group,Stewart Wealth Management Group,5192 Oak Pkwy,Tampa,FL,33601
1434,SPLIT_PARENT,Edward Jones,edward_jones,True,Nancy,Green,Green Capital Group,Green Capital Group,6080 Union Blvd,Cleveland,OH,44101
1435,RENAME,Ridgeway Wealth Management,ridgeway,False,Megan,Gomez,Gomez Capital Partners,Gomez Advisors,1846 Lincoln St,Tampa,FL,33601
1436,MEMBER_CHANGE,Meridian Private Wealth,meridian_pw,False,Steven,Morgan,King Capital,King Capital,4963 Lake Way,Kansas City,MO,64101
1437,MEMBER_CHANGE,Raymond James Financial Services,raymond_james,True,Susan,Harris,Young Investment Group,Young Investment Group,662 Broad Pl,Denver,CO,80201
1438,MEMBER_CHANGE,Cambridge Investment Research,cambridge_inv,True,John,Johnson,Thompson Family Wealth Group,Thompson Family Wealth Group,9503 Commerce Dr,Minneapolis,MN,55401
1439,MEMBER_CHANGE,Janney Montgomery Scott,janney,True,Susan,Campbell,Brown Capital Group,Brown Capital Group,2601 Liberty Dr,Columbus,OH,43201
1440,MEMBER_CHANGE,Harborview Private Wealth,harborview,False,Sarah,Miller,Kim Capital,Kim Capital,8087 Adams Ln,Denver,CO,80201
1441,MEMBER_CHANGE,Clearwater Capital Group,clearwater,False,Emily,Roberts,Johnson Asset Management,Johnson Asset Management,6527 Spring Ln,Raleigh,NC,27601
1442,MEMBER_CHANGE,Hilliard Lyons,hilliard_lyons,True,Margaret,Green,Hill Private Wealth Group,Hill Private Wealth Group,8748 Adams Rd,Seattle,WA,98101
1443,MEMBER_CHANGE,Harborview Private Wealth,harborview,False,Betty,Kim,Edwards Asset Management,Edwards Asset Management,6551 Cedar Blvd,Nashville,TN,37201
1444,SPLIT_PARENT,Northgate Investment Partners,northgate,False,Rachel,Huang,Huang Partners,Huang Partners,5081 Jefferson Blvd,Portland,OR,97201
1445,MEMBER_CHANGE,Raymond James Financial Services,raymond_james,True,Nancy,Allen,Edwards Financial Group,Edwards Financial Group,4869 Elm Dr,Fort Worth,TX,76101
1446,MEMBER_CHANGE,Summit Peak Advisors,summit_peak,False,Dorothy,Jackson,Stewart Partners,Stewart Partners,6034 Adams Pkwy,Philadelphia,PA,19101
1447,RENAME,Ridgeway Wealth Management,ridgeway,False,Charles,Nguyen,Nguyen & Allen Advisors,Nguyen Family Office,2856 Oak Ave,Washington,DC,20001
1448,MEMBER_CHANGE,Commonwealth Financial Network,commonwealth,True,Sandra,Cruz,Brown Private Wealth Group,Brown Private Wealth Group,8544 Church Pl,Pittsburgh,PA,15201
1449,MEMBER_CHANGE,Cetera Financial Group,cetera,True,Barbara,Adams,Turner Family Wealth Group,Turner Family Wealth Group,6719 Lake St,San Antonio,TX,78201
1450,MEMBER_CHANGE,Stifel Nicolaus & Company,stifel_nicolaus,True,Barbara,Chen,Hall Wealth Partners,Hall Wealth Partners,9867 Washington Ln,Phoenix,AZ,85001
1451,MEMBER_CHANGE,Northgate Investment Partners,northgate,False,William,Carter,Huang Family Office,Huang Family Office,4609 Church Way,Louisville,KY,40201
1452,SPLIT_PARENT,Morgan Stanley Wealth Management,morgan_stanley,True,Joseph,Davis,Davis Private Wealth Group,Davis Private Wealth Group,2099 Commerce Court,Columbus,OH,43201
1453,MEMBER_CHANGE,Morgan Stanley Wealth Management,morgan_stanley,True,Sarah,Diaz,Roberts Portfolio Group,Roberts Portfolio Group,7956 Hill Ave,Pittsburgh,PA,15201
1454,RENAME,LPL Financial,lpl_financial,True,Nancy,Baker,Baker Family Wealth Group,Baker Institutional Group,7205 River Pkwy,San Diego,CA,92101
1455,MEMBER_CHANGE,Wells Fargo Advisors,wells_fargo,True,Ashley,Baker,Jones Family Wealth Group,Jones Family Wealth Group,8906 Washington Ln,New York,NY,10022
1456,MEMBER_CHANGE,DA Davidson & Co.,da_davidson,True,Daniel,Parker,Lee Wealth Advisors,Lee Wealth Advisors,8784 Commerce Ave,Cleveland,OH,44101
1457,MEMBER_CHANGE,Clearwater Capital Group,clearwater,False,Steven,Yang,Mitchell Wealth,Mitchell Wealth,3499 Union Ave,Austin,TX,78701
1458,RENAME,Meridian Private Wealth,meridian_pw,False,Megan,Edwards,Edwards & Young Group,Edwards Capital,187 Central Way,Nashville,TN,37201
1459,MEMBER_CHANGE,Wells Fargo Advisors,wells_fargo,True,Barbara,Davis,Wilson Portfolio Group,Wilson Portfolio Group,3478 Church Blvd,Phoenix,AZ,85001
1460,MEMBER_CHANGE,Securities America,securities_america,True,Nancy,Wilson,Zhang Wealth Management Group,Zhang Wealth Management Group,1486 Cedar Court,Denver,CO,80201
1461,MERGE_SURVIVOR,Hilliard Lyons,hilliard_lyons,True,Jessica,Taylor,Taylor Asset Management Group,Taylor Asset Management Group,101 Lake Rd,Los Angeles,CA,90001
1462,MEMBER_CHANGE,Cambridge Investment Research,cambridge_inv,True,Sandra,Morgan,Parker Wealth Advisors,Parker Wealth Advisors,7389 Elm Pkwy,Minneapolis,MN,55401
1463,MEMBER_CHANGE,Harborview Private Wealth,harborview,False,Christopher,Davis,Campbell Private Wealth,Campbell Private Wealth,8918 Market Dr,Philadelphia,PA,19101
1464,MERGE_TARGET,Ridgeway Wealth Management,ridgeway,False,Robert,Harris,Harris Partners,Harris Partners,3181 Elm Rd,Fort Worth,TX,76101
1465,RENAME,Raymond James Financial Services,raymond_james,True,Megan,Carter,Carter & Chen Group,Carter Advisory Group,9795 Willow Rd,San Diego,CA,92101
1466,RENAME,Crestwood Family Office,crestwood,False,Amanda,Green,Green & Associates,Green Wealth,9108 Hill Rd,Las Vegas,NV,89101
1467,MEMBER_CHANGE,Kingsbridge Capital Advisors,kingsbridge,False,Jennifer,Roberts,Hill Capital Partners,Hill Capital Partners,1464 Hill Ln,Dallas,TX,75201
1468,MEMBER_CHANGE,Securities America,securities_america,True,Betty,King,Jones Institutional Group,Jones Institutional Group,4513 Church Dr,Louisville,KY,40201
1469,MERGE_TARGET,National Planning Holdings,nph,True,Barbara,Phillips,Phillips Investment Group,Phillips Investment Group,6976 Elm Pl,Milwaukee,WI,53201
1470,MEMBER_CHANGE,DA Davidson & Co.,da_davidson,True,Linda,Morris,Phillips Advisory Group,Phillips Advisory Group,1370 Hill Ave,Tampa,FL,33601
1471,MEMBER_CHANGE,Wells Fargo Advisors,wells_fargo,True,Joseph,Thompson,Flores Private Wealth Group,Flores Private Wealth Group,5496 Church Ave,Louisville,KY,40201
1472,MEMBER_CHANGE,Parkside Wealth Strategies,parkside,False,Helen,Kim,Morgan Investment Partners,Morgan Investment Partners,2497 Lake Rd,New York,NY,10001
1473,SPLIT_PARENT,Wells Fargo Advisors,wells_fargo,True,Nancy,White,White Asset Management Group,White Asset Management Group,1820 Cedar Blvd,Cleveland,OH,44101
1474,MEMBER_CHANGE,Crestwood Family Office,crestwood,False,Megan,Baker,Gomez Capital Partners,Gomez Capital Partners,1665 Market Pl,Portland,OR,97201
1475,MEMBER_CHANGE,Meridian Private Wealth,meridian_pw,False,Donald,Cruz,Carter Investment Partners,Carter Investment Partners,1723 Oak Blvd,Nashville,TN,37201
1476,MEMBER_CHANGE,Northgate Investment Partners,northgate,False,Linda,Wilson,Anderson Private Wealth,Anderson Private Wealth,8811 Central Pkwy,Memphis,TN,38101
1477,MEMBER_CHANGE,Commonwealth Financial Network,commonwealth,True,Michael,Kim,Wilson Wealth Partners,Wilson Wealth Partners,255 Union Court,Dallas,TX,75201
1478,MEMBER_CHANGE,Ridgeway Wealth Management,ridgeway,False,Megan,Cruz,Moore Family Office,Moore Family Office,9398 Adams Rd,Chicago,IL,60601
1479,MERGE_SURVIVOR,Parkside Wealth Strategies,parkside,False,Karen,Collins,Collins Advisors,Collins Advisors,6952 Liberty Way,Austin,TX,78701
1480,MEMBER_CHANGE,Ameriprise Financial Services,ameriprise,True,Betty,Johnson,Khan Financial Group,Khan Financial Group,8328 River Rd,Milwaukee,WI,53201
1481,MEMBER_CHANGE,Cambridge Investment Research,cambridge_inv,True,Karen,Wright,Allen Institutional Group,Allen Institutional Group,1524 River Ln,Nashville,TN,37201
1482,MEMBER_CHANGE,Meridian Private Wealth,meridian_pw,False,Helen,Nelson,Turner Wealth,Turner Wealth,1356 Adams Dr,Phoenix,AZ,85001
1483,MEMBER_CHANGE,LPL Financial,lpl_financial,True,Amanda,Cruz,Brown Private Wealth Group,Brown Private Wealth Group,4783 Central Way,New York,NY,10001
1484,MEMBER_CHANGE,Cetera Financial Group,cetera,True,Paul,Baker,Kim Family Wealth Group,Kim Family Wealth Group,2335 Commerce Way,Miami,FL,33101
1485,MEMBER_CHANGE,Ridgeway Wealth Management,ridgeway,False,Michael,Collins,Edwards Wealth,Edwards Wealth,6743 Main Pkwy,Jacksonville,FL,32201
1486,MEMBER_CHANGE,Parkside Wealth Strategies,parkside,False,Anthony,Adams,Collins Family Office,Collins Family Office,8854 Adams Pl,Charlotte,NC,28201
1487,MEMBER_CHANGE,Crestwood Family Office,crestwood,False,Ashley,Turner,Cruz Wealth Management,Cruz Wealth Management,793 Broad Way,San Jose,CA,95101
1488,MEMBER_CHANGE,Ridgeway Wealth Management,ridgeway,False,Daniel,Baker,Yang Advisors,Yang Advisors,2964 Maple Pl,San Diego,CA,92101
1489,RENAME,Cambridge Investment Research,cambridge_inv,True,Lisa,Brown,Brown Wealth Management Group,Brown Asset Management Group,8218 Lincoln Blvd,Louisville,KY,40201
1490,MEMBER_CHANGE,Wells Fargo Advisors,wells_fargo,True,Kenneth,Lee,Wang Institutional Group,Wang Institutional Group,4192 Central Ave,Seattle,WA,98101
1491,RENAME,Janney Montgomery Scott,janney,True,Patricia,Young,Young Wealth Advisors,Young Wealth Partners,3590 Main Pkwy,Memphis,TN,38101
1492,MEMBER_CHANGE,Edward Jones,edward_jones,True,Jennifer,Mitchell,Kim Institutional Group,Kim Institutional Group,8546 Oak Way,Richmond,VA,23219
1493,MEMBER_CHANGE,Meridian Private Wealth,meridian_pw,False,James,Adams,Brown Private Wealth,Brown Private Wealth,196 Broad Way,Oklahoma City,OK,73101
1494,RENAME,Janney Montgomery Scott,janney,True,Lisa,Miller,Miller & Phillips Group,Miller Wealth Management Group,5829 Adams Blvd,Memphis,TN,38101
1495,MEMBER_CHANGE,Hilliard Lyons,hilliard_lyons,True,Sarah,Huang,Miller Asset Management Group,Miller Asset Management Group,8161 Park Ave,Cleveland,OH,44101
1496,MEMBER_CHANGE,Cambridge Investment Research,cambridge_inv,True,Andrew,Taylor,Flores Private Wealth Group,Flores Private Wealth Group,8085 Main Blvd,Indianapolis,IN,46201
1497,MEMBER_CHANGE,Stifel Nicolaus & Company,stifel_nicolaus,True,Robert,Campbell,Hill Capital Group,Hill Capital Group,5003 Willow Ln,Austin,TX,78701
1498,MEMBER_CHANGE,Securities America,securities_america,True,Thomas,Jones,Miller Financial Group,Miller Financial Group,7298 Washington Blvd,Washington,DC,20001
1499,MEMBER_CHANGE,Crestwood Family Office,crestwood,False,Richard,Liu,Smith Private Wealth,Smith Private Wealth,3351 Cedar Dr,Seattle,WA,98101
1500,MEMBER_CHANGE,UBS Financial Services,ubs,True,Amanda,Baker,Hill Asset Management Group,Hill Asset Management Group,5526 Oak Blvd,Jacksonville,FL,32201
1501,RENAME,Commonwealth Financial Network,commonwealth,True,Paul,Davis,Davis & Associates,Davis Asset Management Group,8112 Central Way,San Diego,CA,92101
1502,MERGE_SURVIVOR,Oppenheimer & Co.,oppenheimer,True,Betty,Rivera,Rivera Family Wealth Group,Rivera Family Wealth Group,6470 Elm Ave,Philadelphia,PA,19101
1503,MEMBER_CHANGE,Summit Peak Advisors,summit_peak,False,Karen,Chen,Wilson Capital,Wilson Capital,5738 Market St,Charlotte,NC,28201
1504,RENAME,UBS Financial Services,ubs,True,Jennifer,Green,Green & Huang Group,Green Portfolio Group,231 Madison Way,Seattle,WA,98101
1505,MEMBER_CHANGE,Janney Montgomery Scott,janney,True,Margaret,Johnson,Garcia Asset Management Group,Garcia Asset Management Group,4159 Broad Blvd,Miami,FL,33101
1506,MEMBER_CHANGE,LPL Financial,lpl_financial,True,Karen,Hall,Thompson Private Wealth Group,Thompson Private Wealth Group,4417 Liberty Dr,Milwaukee,WI,53201
1507,MEMBER_CHANGE,Edward Jones,edward_jones,True,William,Wilson,Collins Private Wealth Group,Collins Private Wealth Group,8330 Broad Blvd,Jacksonville,FL,32201
1508,SPLIT_PARENT,Meridian Private Wealth,meridian_pw,False,Rachel,Turner,Turner Capital,Turner Capital,3858 Cedar Blvd,Memphis,TN,38101
1509,RENAME,UBS Financial Services,ubs,True,Paul,Thomas,Thomas & Nelson Group,Thomas Investment Group,7084 Main Pkwy,Jacksonville,FL,32201
1510,RENAME,Merrill Lynch Pierce Fenner & Smith,merrill_lynch,True,Michael,Nguyen,Nguyen Investment Group,Nguyen Asset Management Group,8701 River Dr,Columbus,OH,43201
1511,MEMBER_CHANGE,Oppenheimer & Co.,oppenheimer,True,Sandra,Wang,Baker Wealth Management Group,Baker Wealth Management Group,8453 Madison St,Denver,CO,80201
1512,RENAME,Wells Fargo Advisors,wells_fargo,True,Paul,Torres,Torres Asset Management Group,Torres Wealth Partners,5851 Liberty Ln,Charlotte,NC,28201
1513,MEMBER_CHANGE,Oppenheimer & Co.,oppenheimer,True,Mark,Miller,Anderson Wealth Management Group,Anderson Wealth Management Group,108 Oak Pl,Fort Worth,TX,76101
1514,SPLIT_PARENT,Janney Montgomery Scott,janney,True,Patricia,Thompson,Thompson Portfolio Group,Thompson Portfolio Group,1750 Madison Blvd,Indianapolis,IN,46201
1515,MEMBER_CHANGE,Commonwealth Financial Network,commonwealth,True,John,Green,Wright Wealth Partners,Wright Wealth Partners,1927 Cedar St,Boston,MA,02101
1516,MEMBER_CHANGE,Northgate Investment Partners,northgate,False,Richard,Baker,Wright Private Wealth,Wright Private Wealth,6020 Adams Pkwy,Cleveland,OH,44101
1517,MEMBER_CHANGE,Woodbury Financial Services,woodbury,True,Sarah,Campbell,Harris Institutional Group,Harris Institutional Group,4621 Park Pkwy,Las Vegas,NV,89101
1518,MEMBER_CHANGE,Merrill Lynch Pierce Fenner & Smith,merrill_lynch,True,Margaret,Davis,Wilson Institutional Group,Wilson Institutional Group,9960 Cedar St,Pittsburgh,PA,15201
1519,SPLIT_PARENT,Parkside Wealth Strategies,parkside,False,Matthew,Thomas,Thomas Capital Partners,Thomas Capital Partners,1716 Maple Court,Richmond,VA,23219
1520,MEMBER_CHANGE,Oppenheimer & Co.,oppenheimer,True,Paul,Torres,Reyes Financial Group,Reyes Financial Group,3409 Central Blvd,Los Angeles,CA,90001
1521,MEMBER_CHANGE,Raymond James Financial Services,raymond_james,True,Paul,Stewart,Flores Wealth Advisors,Flores Wealth Advisors,4237 Monroe Court,Washington,DC,20001
1522,MEMBER_CHANGE,Highfield Asset Management,highfield,False,Jessica,Phillips,Adams Wealth,Adams Wealth,7245 Maple Way,Baltimore,MD,21201
1523,MEMBER_CHANGE,Cambridge Investment Research,cambridge_inv,True,Joseph,Moore,Patel Wealth Management Group,Patel Wealth Management Group,2835 Broad Rd,San Diego,CA,92101
1524,MEMBER_CHANGE,Janney Montgomery Scott,janney,True,Lisa,Liu,Roberts Wealth Management Group,Roberts Wealth Management Group,3216 Adams Ln,Minneapolis,MN,55401
1525,MERGE_TARGET,Ridgeway Wealth Management,ridgeway,False,Jessica,Huang,Huang Asset Management,Huang Asset Management,1328 Washington Way,Miami,FL,33101
1526,MEMBER_CHANGE,DA Davidson & Co.,da_davidson,True,Paul,Jackson,Morgan Asset Management Group,Morgan Asset Management Group,6667 Broad Rd,Fort Worth,TX,76101
1527,MEMBER_CHANGE,LPL Financial,lpl_financial,True,Amanda,Miller,Taylor Portfolio Group,Taylor Portfolio Group,3668 Highland St,Miami,FL,33101
1528,SPLIT_PARENT,Ameriprise Financial Services,ameriprise,True,Barbara,Collins,Collins Family Wealth Group,Collins Family Wealth Group,8702 Hill Rd,Columbus,OH,43201
1529,RENAME,Janney Montgomery Scott,janney,True,Paul,Carter,Carter & Reyes Partners,Carter Private Wealth Group,2903 Lake St,Tampa,FL,33601
1530,MEMBER_CHANGE,Stifel Nicolaus & Company,stifel_nicolaus,True,Jessica,Wang,Williams Institutional Group,Williams Institutional Group,2527 Hill Blvd,San Francisco,CA,94101
1531,MEMBER_CHANGE,Meridian Private Wealth,meridian_pw,False,Andrew,Nguyen,Diaz Advisors,Diaz Advisors,3540 Central Ave,New York,NY,10001
1532,MEMBER_CHANGE,Kingsbridge Capital Advisors,kingsbridge,False,Margaret,Hill,Turner Wealth Management,Turner Wealth Management,6147 Spring Ave,Boston,MA,02101
1533,RENAME,Robert W. Baird & Co.,rwbaird,True,Thomas,Flores,Flores Wealth Management Group,Flores Portfolio Group,4931 Spring St,New York,NY,10001
1534,RENAME,Clearwater Capital Group,clearwater,False,Lisa,White,White Capital Partners,White Investment Partners,2995 Hill St,Tampa,FL,33601
1535,MEMBER_CHANGE,Ridgeway Wealth Management,ridgeway,False,Charles,Scott,Miller Family Office,Miller Family Office,4316 Church Pkwy,Boston,MA,02101
1536,MEMBER_CHANGE,Edward Jones,edward_jones,True,Barbara,Davis,White Capital Group,White Capital Group,4503 Park Pkwy,Memphis,TN,38101
1537,MEMBER_CHANGE,Raymond James Financial Services,raymond_james,True,Robert,Roberts,White Family Wealth Group,White Family Wealth Group,7209 Willow Blvd,Raleigh,NC,27601
1538,MERGE_TARGET,Merrill Lynch Pierce Fenner & Smith,merrill_lynch,True,Linda,Anderson,Anderson Financial Group,Anderson Financial Group,3131 Washington Dr,Portland,OR,97201
1539,MEMBER_CHANGE,Commonwealth Financial Network,commonwealth,True,Donald,Baker,Diaz Wealth Partners,Diaz Wealth Partners,444 River Blvd,Austin,TX,78701
1540,MEMBER_CHANGE,Clearwater Capital Group,clearwater,False,Linda,Carter,Cruz Wealth Management,Cruz Wealth Management,3177 Maple Blvd,Houston,TX,77001
1541,MEMBER_CHANGE,Cetera Financial Group,cetera,True,David,Thompson,Nelson Institutional Group,Nelson Institutional Group,6694 Cedar Court,San Diego,CA,92101
1542,MEMBER_CHANGE,Crestwood Family Office,crestwood,False,Amanda,Thomas,Phillips Wealth,Phillips Wealth,6291 Lincoln St,San Antonio,TX,78201
1543,SPLIT_PARENT,Clearwater Capital Group,clearwater,False,James,Morris,Morris Partners,Morris Partners,2265 Lake Ave,San Francisco,CA,94101
1544,MEMBER_CHANGE,Raymond James Financial Services,raymond_james,True,Richard,Campbell,Smith Wealth Management Group,Smith Wealth Management Group,1842 Central Pl,Phoenix,AZ,85001
1545,MERGE_TARGET,Edward Jones,edward_jones,True,Thomas,Baker,Baker Portfolio Group,Baker Portfolio Group,7379 Washington Rd,Oklahoma City,OK,73101
1546,MEMBER_CHANGE,Commonwealth Financial Network,commonwealth,True,Ashley,Anderson,Harris Wealth Management Group,Harris Wealth Management Group,9005 Liberty Rd,Tampa,FL,33601
1547,MERGE_TARGET,Wells Fargo Advisors,wells_fargo,True,John,Lee,Lee Wealth Management Group,Lee Wealth Management Group,1784 Central Rd,Philadelphia,PA,19101
1548,MEMBER_CHANGE,Cambridge Investment Research,cambridge_inv,True,James,Miller,Moore Wealth Management Group,Moore Wealth Management Group,3775 Main Dr,Milwaukee,WI,53201
1549,MEMBER_CHANGE,DA Davidson & Co.,da_davidson,True,James,Campbell,Scott Institutional Group,Scott Institutional Group,4799 Lake Ln,San Antonio,TX,78201
1550,MEMBER_CHANGE,Commonwealth Financial Network,commonwealth,True,Amanda,Mitchell,Davis Advisory Group,Davis Advisory Group,1766 River Pl,Houston,TX,77001
1551,MEMBER_CHANGE,Woodbury Financial Services,woodbury,True,Barbara,Miller,Davis Capital Group,Davis Capital Group,1489 Oak Pkwy,Dallas,TX,75201
1552,MEMBER_CHANGE,LPL Financial,lpl_financial,True,Betty,Hall,Campbell Capital Group,Campbell Capital Group,9924 Washington Ln,Dallas,TX,75201
1553,SPLIT_PARENT,Highfield Asset Management,highfield,False,Kenneth,Evans,Evans Investment Partners,Evans Investment Partners,5807 Cedar Rd,Minneapolis,MN,55401
1554,RENAME,Ridgeway Wealth Management,ridgeway,False,Karen,Kim,Kim & Scott Group,Kim Investment Partners,1351 Main Blvd,Dallas,TX,75201
1555,MEMBER_CHANGE,Oppenheimer & Co.,oppenheimer,True,Betty,Hall,Nguyen Financial Group,Nguyen Financial Group,7938 Maple Ave,Portland,OR,97201
1556,RENAME,Cetera Financial Group,cetera,True,Paul,Moore,Moore & Associates,Moore Private Wealth Group,5392 Elm Blvd,Las Vegas,NV,89101
1557,MEMBER_CHANGE,Hilliard Lyons,hilliard_lyons,True,Linda,Torres,Hall Asset Management Group,Hall Asset Management Group,7985 Liberty Ln,St. Louis,MO,63101
1558,RENAME,Summit Peak Advisors,summit_peak,False,Jennifer,Wilson,Wilson Capital,Wilson Advisors,6378 Madison Court,Minneapolis,MN,55401
1559,SPLIT_PARENT,Securities America,securities_america,True,Jessica,Hall,Hall Wealth Advisors,Hall Wealth Advisors,8885 Lake Ln,Phoenix,AZ,85001
1560,MEMBER_CHANGE,National Planning Holdings,nph,True,Richard,Taylor,Campbell Portfolio Group,Campbell Portfolio Group,3693 Liberty Ave,Charlotte,NC,28201
1561,MEMBER_CHANGE,Hilliard Lyons,hilliard_lyons,True,Margaret,White,Jackson Wealth Management Group,Jackson Wealth Management Group,6037 Central Way,San Diego,CA,92101
1562,MEMBER_CHANGE,Parkside Wealth Strategies,parkside,False,Steven,Miller,Brown Private Wealth,Brown Private Wealth,6012 Monroe Blvd,Seattle,WA,98101
1563,MEMBER_CHANGE,Ameriprise Financial Services,ameriprise,True,James,Roberts,Chen Wealth Advisors,Chen Wealth Advisors,6998 Lake Dr,Columbus,OH,43201
1564,MEMBER_CHANGE,UBS Financial Services,ubs,True,Emily,Torres,Davis Family Wealth Group,Davis Family Wealth Group,2444 Lincoln St,Milwaukee,WI,53201
1565,MERGE_SURVIVOR,Hilliard Lyons,hilliard_lyons,True,Michael,Edwards,Edwards Private Wealth Group,Edwards Private Wealth Group,9629 Maple Way,St. Louis,MO,63101
1566,RENAME,Meridian Private Wealth,meridian_pw,False,Christopher,Johnson,Johnson Wealth Management,Johnson Capital,6084 Elm Ave,Charlotte,NC,28201
1567,MEMBER_CHANGE,Merrill Lynch Pierce Fenner & Smith,merrill_lynch,True,Rachel,Gomez,Roberts Asset Management Group,Roberts Asset Management Group,2552 Monroe Blvd,Raleigh,NC,27601
1568,MEMBER_CHANGE,Crestwood Family Office,crestwood,False,Charles,Morgan,Stewart Asset Management,Stewart Asset Management,5007 Commerce Ln,Oklahoma City,OK,73101
1569,SPLIT_PARENT,Ameriprise Financial Services,ameriprise,True,James,Young,Young Private Wealth Group,Young Private Wealth Group,2654 Oak St,St. Louis,MO,63101
1570,RENAME,Northgate Investment Partners,northgate,False,Daniel,Rivera,Rivera Partners,Rivera Capital,278 Lincoln Ln,Kansas City,MO,64101
1571,RENAME,Securities America,securities_america,True,Steven,Wang,Wang & Associates,Wang Portfolio Group,8322 River Dr,Milwaukee,WI,53201
1572,SPLIT_PARENT,Parkside Wealth Strategies,parkside,False,Christopher,Thompson,Thompson Wealth,Thompson Wealth,8644 Lincoln Blvd,Fort Worth,TX,76101
1573,MEMBER_CHANGE,DA Davidson & Co.,da_davidson,True,Sandra,Adams,Brown Advisory Group,Brown Advisory Group,6527 Washington Court,St. Louis,MO,63101
1574,MEMBER_CHANGE,Clearwater Capital Group,clearwater,False,Charles,Baker,Lee Capital Partners,Lee Capital Partners,7921 Spring Ln,Las Vegas,NV,89101
1575,RENAME,LPL Financial,lpl_financial,True,Michael,Khan,Khan Investment Group,Khan Capital Group,7050 Park Rd,Philadelphia,PA,19101
1576,MEMBER_CHANGE,Wells Fargo Advisors,wells_fargo,True,Margaret,Nguyen,Torres Portfolio Group,Torres Portfolio Group,5596 Main Dr,Seattle,WA,98101
1577,MEMBER_CHANGE,LPL Financial,lpl_financial,True,Betty,Gomez,Miller Private Wealth Group,Miller Private Wealth Group,3571 Broad St,Denver,CO,80201
1578,MEMBER_CHANGE,Edward Jones,edward_jones,True,Lisa,Mitchell,Thomas Institutional Group,Thomas Institutional Group,630 Lake Rd,Phoenix,AZ,85001
1579,MEMBER_CHANGE,National Planning Holdings,nph,True,Richard,Edwards,Williams Portfolio Group,Williams Portfolio Group,8026 Oak St,Nashville,TN,37201
1580,MEMBER_CHANGE,Merrill Lynch Pierce Fenner & Smith,merrill_lynch,True,Anthony,Parker,Smith Capital Group,Smith Capital Group,4726 Lincoln Court,Jacksonville,FL,32201
1581,MEMBER_CHANGE,Oppenheimer & Co.,oppenheimer,True,Paul,Gomez,Reyes Capital Group,Reyes Capital Group,2222 Liberty Ave,Oklahoma City,OK,73101
1582,MEMBER_CHANGE,Cetera Financial Group,cetera,True,Dorothy,Taylor,Miller Wealth Advisors,Miller Wealth Advisors,2560 Main Pkwy,Las Vegas,NV,89101
1583,MEMBER_CHANGE,Commonwealth Financial Network,commonwealth,True,James,Williams,Huang Wealth Management Group,Huang Wealth Management Group,4853 Washington Blvd,Kansas City,MO,64101
1584,MEMBER_CHANGE,Merrill Lynch Pierce Fenner & Smith,merrill_lynch,True,John,Lee,Collins Advisory Group,Collins Advisory Group,3633 Union Blvd,San Jose,CA,95101
1585,MEMBER_CHANGE,Cambridge Investment Research,cambridge_inv,True,Kenneth,Turner,Reyes Portfolio Group,Reyes Portfolio Group,8673 Monroe Pl,Atlanta,GA,30301
1586,MEMBER_CHANGE,Summit Peak Advisors,summit_peak,False,John,Wang,Wright Investment Partners,Wright Investment Partners,6003 Broad Ln,Los Angeles,CA,90001
1587,MEMBER_CHANGE,Highfield Asset Management,highfield,False,James,Baker,Harris Advisors,Harris Advisors,1328 Elm Pkwy,Minneapolis,MN,55401
1588,RENAME,Wells Fargo Advisors,wells_fargo,True,James,Moore,Moore Capital Group,Moore Wealth Partners,9064 Maple Way,Philadelphia,PA,19101
1589,MEMBER_CHANGE,Ameriprise Financial Services,ameriprise,True,Jessica,Zhang,Taylor Wealth Partners,Taylor Wealth Partners,2745 Maple Rd,Portland,OR,97201
1590,MEMBER_CHANGE,Hilliard Lyons,hilliard_lyons,True,Anthony,Wright,Garcia Private Wealth Group,Garcia Private Wealth Group,3035 Liberty Way,Indianapolis,IN,46201
1591,MEMBER_CHANGE,Commonwealth Financial Network,commonwealth,True,Dorothy,Stewart,Morris Financial Group,Morris Financial Group,2401 Cedar Pkwy,Minneapolis,MN,55401
1592,MEMBER_CHANGE,UBS Financial Services,ubs,True,Robert,Edwards,Zhang Wealth Partners,Zhang Wealth Partners,6668 Madison Pkwy,San Diego,CA,92101
1593,MEMBER_CHANGE,Ameriprise Financial Services,ameriprise,True,Michael,Campbell,Rivera Portfolio Group,Rivera Portfolio Group,5238 Willow Ave,Baltimore,MD,21201
1594,SPLIT_PARENT,Cambridge Investment Research,cambridge_inv,True,Ashley,Martin,Martin Institutional Group,Martin Institutional Group,799 Broad St,Charlotte,NC,28201
1595,RENAME,Harborview Private Wealth,harborview,False,Helen,Smith,Smith Private Wealth,Smith Capital,1825 River Ln,San Jose,CA,95101
1596,MERGE_TARGET,National Planning Holdings,nph,True,Betty,Zhang,Zhang Private Wealth Group,Zhang Private Wealth Group,3754 Lincoln Way,Phoenix,AZ,85001
1597,MEMBER_CHANGE,Hilliard Lyons,hilliard_lyons,True,Andrew,Gomez,Nelson Institutional Group,Nelson Institutional Group,8867 Jefferson Ave,Phoenix,AZ,85001
1598,MEMBER_CHANGE,LPL Financial,lpl_financial,True,Susan,Baker,Wang Asset Management Group,Wang Asset Management Group,7196 Park Ln,Oklahoma City,OK,73101
1599,MEMBER_CHANGE,Merrill Lynch Pierce Fenner & Smith,merrill_lynch,True,Dorothy,Jackson,Wright Portfolio Group,Wright Portfolio Group,8067 Park Way,San Antonio,TX,78201
1600,MEMBER_CHANGE,Robert W. Baird & Co.,rwbaird,True,Patricia,Miller,Williams Wealth Advisors,Williams Wealth Advisors,2651 Commerce Blvd,Fort Worth,TX,76101
1601,MEMBER_CHANGE,Oppenheimer & Co.,oppenheimer,True,Jessica,Johnson,Williams Portfolio Group,Williams Portfolio Group,6330 Oak Pl,Milwaukee,WI,53201
1602,MEMBER_CHANGE,Commonwealth Financial Network,commonwealth,True,Rachel,Chen,Brown Advisory Group,Brown Advisory Group,475 Monroe Ln,San Francisco,CA,94101
1603,MEMBER_CHANGE,Robert W. Baird & Co.,rwbaird,True,Thomas,Roberts,Garcia Investment Group,Garcia Investment Group,1234 Hill Ln,Phoenix,AZ,85001
1604,MEMBER_CHANGE,Janney Montgomery Scott,janney,True,James,Wilson,Huang Asset Management Group,Huang Asset Management Group,8697 Park Rd,Austin,TX,78701
1605,MEMBER_CHANGE,Clearwater Capital Group,clearwater,False,Amanda,Liu,Garcia Family Office,Garcia Family Office,5703 Monroe Rd,San Jose,CA,95101
1606,RENAME,Edward Jones,edward_jones,True,Lisa,Flores,Flores Advisory Group,Flores Financial Group,7890 Central Blvd,Milwaukee,WI,53201
1607,SPLIT_PARENT,Hilliard Lyons,hilliard_lyons,True,Emily,Nguyen,Nguyen Wealth Management Group,Nguyen Wealth Management Group,9289 Broad Dr,Houston,TX,77001
1608,RENAME,Crestwood Family Office,crestwood,False,Rachel,Evans,Evans & Rivera Group,Evans Capital,5404 Union Pl,New York,NY,10001
1609,SPLIT_PARENT,Raymond James Financial Services,raymond_james,True,Dorothy,Kim,Kim Investment Group,Kim Investment Group,8282 Spring Ave,Baltimore,MD,21201
1610,MEMBER_CHANGE,Robert W. Baird & Co.,rwbaird,True,Ashley,Turner,Reyes Wealth Management Group,Reyes Wealth Management Group,7481 Elm Way,Pittsburgh,PA,15201
1611,MERGE_SURVIVOR,Wells Fargo Advisors,wells_fargo,True,Robert,Jackson,Jackson Family Wealth Group,Jackson Family Wealth Group,3174 Madison Court,San Jose,CA,95101
1612,MEMBER_CHANGE,Woodbury Financial Services,woodbury,True,Emily,Harris,Jackson Capital Group,Jackson Capital Group,3536 Park Pkwy,New York,NY,10001
1613,MEMBER_CHANGE,Hilliard Lyons,hilliard_lyons,True,Linda,Stewart,Johnson Wealth Partners,Johnson Wealth Partners,5129 Market Ave,Minneapolis,MN,55401
1614,RENAME,Kingsbridge Capital Advisors,kingsbridge,False,Dorothy,Flores,Flores Investment Partners,Flores Family Office,5862 Willow Court,Milwaukee,WI,53201
1615,MEMBER_CHANGE,Cambridge Investment Research,cambridge_inv,True,Emily,Liu,Davis Investment Group,Davis Investment Group,7617 Madison Pl,Austin,TX,78701
1616,RENAME,Securities America,securities_america,True,Megan,Taylor,Taylor Institutional Group,Taylor Wealth Advisors,7241 Lincoln Rd,Milwaukee,WI,53201
1617,MEMBER_CHANGE,Kingsbridge Capital Advisors,kingsbridge,False,Linda,Baker,Edwards Wealth Management,Edwards Wealth Management,1725 Maple Ave,Phoenix,AZ,85001
1618,MEMBER_CHANGE,Kingsbridge Capital Advisors,kingsbridge,False,Helen,Khan,Evans Family Office,Evans Family Office,1798 Commerce Pkwy,Tampa,FL,33601
1619,MEMBER_CHANGE,Wells Fargo Advisors,wells_fargo,True,Ashley,Thomas,Rivera Portfolio Group,Rivera Portfolio Group,634 Union Rd,Baltimore,MD,21201
1620,RENAME,Edward Jones,edward_jones,True,Mark,Morgan,Morgan Portfolio Group,Morgan Financial Group,9137 Lincoln Ave,Jacksonville,FL,32201
1621,MEMBER_CHANGE,Meridian Private Wealth,meridian_pw,False,Robert,Khan,Davis Private Wealth,Davis Private Wealth,7701 Madison Ln,New York,NY,10001
1622,MEMBER_CHANGE,Hilliard Lyons,hilliard_lyons,True,Joseph,Garcia,Rivera Wealth Partners,Rivera Wealth Partners,4484 Union Rd,Denver,CO,80201
1623,MEMBER_CHANGE,Clearwater Capital Group,clearwater,False,Sarah,Yang,Cruz Advisors,Cruz Advisors,168 Madison St,New York,NY,10001
1624,MEMBER_CHANGE,Morgan Stanley Wealth Management,morgan_stanley,True,Patricia,Stewart,Patel Capital Group,Patel Capital Group,8602 Adams Pkwy,Nashville,TN,37201
1625,RENAME,Oppenheimer & Co.,oppenheimer,True,Christopher,Roberts,Roberts & Hall Partners,Roberts Asset Management Group,4062 Central Ln,Jacksonville,FL,32201
1626,MEMBER_CHANGE,Woodbury Financial Services,woodbury,True,Jennifer,Brown,Chen Wealth Management Group,Chen Wealth Management Group,9567 Madison Blvd,Las Vegas,NV,89101
1627,MERGE_TARGET,Crestwood Family Office,crestwood,False,Daniel,Hill,Hill Private Wealth,Hill Private Wealth,8575 Washington Ln,Columbus,OH,43201
1628,RENAME,Wells Fargo Advisors,wells_fargo,True,Thomas,Rivera,Rivera Financial Group,Rivera Private Wealth Group,9552 Lincoln Rd,Boston,MA,02101
1629,RENAME,LPL Financial,lpl_financial,True,Sarah,Jackson,Jackson Capital Group,Jackson Private Wealth Group,1628 Main Ln,New York,NY,10001
1630,RENAME,Kingsbridge Capital Advisors,kingsbridge,False,Rachel,Moore,Moore & Associates,Moore Partners,9007 Maple Pkwy,Las Vegas,NV,89101
1631,MEMBER_CHANGE,Morgan Stanley Wealth Management,morgan_stanley,True,Paul,Reyes,Nelson Institutional Group,Nelson Institutional Group,5967 Washington Dr,Columbus,OH,43201
1632,MEMBER_CHANGE,Janney Montgomery Scott,janney,True,Karen,Moore,Mitchell Advisory Group,Mitchell Advisory Group,6294 Monroe Rd,Chicago,IL,60601
1633,MERGE_TARGET,Robert W. Baird & Co.,rwbaird,True,David,Kim,Kim Investment Group,Kim Investment Group,479 Church Pkwy,Philadelphia,PA,19101
1634,MEMBER_CHANGE,Wells Fargo Advisors,wells_fargo,True,William,Patel,Kim Portfolio Group,Kim Portfolio Group,2110 Cedar Blvd,Seattle,WA,98101
1635,MEMBER_CHANGE,Robert W. Baird & Co.,rwbaird,True,Lisa,Hall,Garcia Private Wealth Group,Garcia Private Wealth Group,8197 Willow Dr,Memphis,TN,38101
1636,MEMBER_CHANGE,Wells Fargo Advisors,wells_fargo,True,Charles,Wright,Patel Wealth Management Group,Patel Wealth Management Group,6878 Maple Way,Houston,TX,77001
1637,MEMBER_CHANGE,Edward Jones,edward_jones,True,Barbara,Martin,Nguyen Capital Group,Nguyen Capital Group,7487 Washington Blvd,Denver,CO,80201
1638,MEMBER_CHANGE,Morgan Stanley Wealth Management,morgan_stanley,True,Patricia,Baker,Parker Portfolio Group,Parker Portfolio Group,615 Cedar Pl,Washington,DC,20001
1639,MEMBER_CHANGE,Commonwealth Financial Network,commonwealth,True,Linda,Thomas,Phillips Wealth Advisors,Phillips Wealth Advisors,182 Washington Court,Indianapolis,IN,46201
1640,MEMBER_CHANGE,Parkside Wealth Strategies,parkside,False,Susan,Moore,Thomas Wealth Management,Thomas Wealth Management,584 Central St,Cleveland,OH,44101
1641,MEMBER_CHANGE,Cambridge Investment Research,cambridge_inv,True,Emily,Jones,Jackson Capital Group,Jackson Capital Group,1980 Park St,Nashville,TN,37201
1642,MEMBER_CHANGE,Raymond James Financial Services,raymond_james,True,Steven,Adams,Garcia Family Wealth Group,Garcia Family Wealth Group,2173 Hill Rd,Raleigh,NC,27601
1643,MEMBER_CHANGE,Edward Jones,edward_jones,True,Jessica,Martin,Scott Family Wealth Group,Scott Family Wealth Group,9135 Church Rd,Kansas City,MO,64101
1644,MEMBER_CHANGE,Crestwood Family Office,crestwood,False,Donald,Parker,Green Asset Management,Green Asset Management,6652 Park Rd,Austin,TX,78701
1645,MERGE_SURVIVOR,Edward Jones,edward_jones,True,Paul,Hill,Hill Private Wealth Group,Hill Private Wealth Group,9662 Monroe Pkwy,Denver,CO,80201
1646,MEMBER_CHANGE,LPL Financial,lpl_financial,True,Emily,Gomez,Reyes Financial Group,Reyes Financial Group,7201 Jefferson Ln,St. Louis,MO,63101
1647,MEMBER_CHANGE,Crestwood Family Office,crestwood,False,Amanda,Thompson,Lee Private Wealth,Lee Private Wealth,1862 Broad Ln,Milwaukee,WI,53201
1648,MEMBER_CHANGE,Edward Jones,edward_jones,True,Daniel,Brown,Scott Capital Group,Scott Capital Group,1152 Jefferson Blvd,Los Angeles,CA,90001
1649,MEMBER_CHANGE,Cambridge Investment Research,cambridge_inv,True,Thomas,Hill,Gomez Asset Management Group,Gomez Asset Management Group,4908 Broad Court,Washington,DC,20001
1650,RENAME,DA Davidson & Co.,da_davidson,True,John,Davis,Davis Asset Management Group,Davis Investment Group,5386 Madison Blvd,Washington,DC,20001
1651,MEMBER_CHANGE,Stifel Nicolaus & Company,stifel_nicolaus,True,Lisa,Taylor,Jackson Institutional Group,Jackson Institutional Group,6189 Willow Blvd,Nashville,TN,37201
1652,MEMBER_CHANGE,Wells Fargo Advisors,wells_fargo,True,Jennifer,Jones,King Family Wealth Group,King Family Wealth Group,278 Liberty Pl,Fort Worth,TX,76101
1653,RENAME,Ameriprise Financial Services,ameriprise,True,Emily,Patel,Patel Private Wealth Group,Patel Capital Group,3911 Central Ave,Las Vegas,NV,89101
1654,MEMBER_CHANGE,Janney Montgomery Scott,janney,True,Ashley,Campbell,Jackson Wealth Advisors,Jackson Wealth Advisors,3662 Cedar Court,San Francisco,CA,94101
1655,MEMBER_CHANGE,Harborview Private Wealth,harborview,False,Richard,Mitchell,Liu Wealth,Liu Wealth,9503 Church Ln,Milwaukee,WI,53201
1656,SPLIT_PARENT,Oppenheimer & Co.,oppenheimer,True,Sarah,Thomas,Thomas Advisory Group,Thomas Advisory Group,913 Commerce Way,Los Angeles,CA,90001
1657,MEMBER_CHANGE,Robert W. Baird & Co.,rwbaird,True,Richard,King,Davis Private Wealth Group,Davis Private Wealth Group,7518 Washington Pkwy,Nashville,TN,37201
1658,MEMBER_CHANGE,National Planning Holdings,nph,True,Dorothy,Campbell,Harris Portfolio Group,Harris Portfolio Group,448 River St,Portland,OR,97201
1659,MEMBER_CHANGE,Morgan Stanley Wealth Management,morgan_stanley,True,Donald,Flores,Young Investment Group,Young Investment Group,6699 Oak Court,Cleveland,OH,44101
1660,MEMBER_CHANGE,UBS Financial Services,ubs,True,Ashley,Baker,Diaz Wealth Management Group,Diaz Wealth Management Group,1237 Commerce Ave,Baltimore,MD,21201
1661,MEMBER_CHANGE,Crestwood Family Office,crestwood,False,Charles,Liu,Thompson Private Wealth,Thompson Private Wealth,5765 Lincoln Ave,Boston,MA,02101
1662,MEMBER_CHANGE,Northgate Investment Partners,northgate,False,James,Williams,Hall Wealth Management,Hall Wealth Management,871 Lincoln Rd,Kansas City,MO,64101
1663,MEMBER_CHANGE,Commonwealth Financial Network,commonwealth,True,Jessica,Khan,Chen Capital Group,Chen Capital Group,1783 Main Dr,Chicago,IL,60601
1664,MEMBER_CHANGE,Clearwater Capital Group,clearwater,False,Richard,Young,Wilson Wealth,Wilson Wealth,5389 Liberty Ln,Columbus,OH,43201
1665,SPLIT_PARENT,LPL Financial,lpl_financial,True,David,Thomas,Thomas Family Wealth Group,Thomas Family Wealth Group,6143 Central St,Chicago,IL,60601
1666,MERGE_SURVIVOR,Robert W. Baird & Co.,rwbaird,True,Robert,Davis,Davis Wealth Management Group,Davis Wealth Management Group,5085 Maple Rd,Oklahoma City,OK,73101
1667,MEMBER_CHANGE,Harborview Private Wealth,harborview,False,Barbara,Allen,Patel Family Office,Patel Family Office,4522 Liberty Blvd,San Diego,CA,92101
1668,MEMBER_CHANGE,National Planning Holdings,nph,True,Richard,Hall,Davis Investment Group,Davis Investment Group,5331 Elm Pkwy,Baltimore,MD,21201
1669,MEMBER_CHANGE,Kingsbridge Capital Advisors,kingsbridge,False,William,Roberts,Parker Wealth,Parker Wealth,8648 Market Dr,Portland,OR,97201
1670,MEMBER_CHANGE,Commonwealth Financial Network,commonwealth,True,Paul,Moore,Thompson Capital Group,Thompson Capital Group,8008 Lake Ave,Indianapolis,IN,46201
1671,MEMBER_CHANGE,Northgate Investment Partners,northgate,False,Barbara,Nelson,Collins Wealth,Collins Wealth,5883 Central Dr,Fort Worth,TX,76101
1672,MEMBER_CHANGE,Harborview Private Wealth,harborview,False,Helen,Hall,Jones Capital Partners,Jones Capital Partners,1087 Park St,Fort Worth,TX,76101
1673,MEMBER_CHANGE,Ameriprise Financial Services,ameriprise,True,Barbara,Mitchell,Thomas Financial Group,Thomas Financial Group,1812 Spring Dr,Pittsburgh,PA,15201
1674,MEMBER_CHANGE,Northgate Investment Partners,northgate,False,Sandra,Wilson,Rivera Private Wealth,Rivera Private Wealth,5208 Liberty Way,Dallas,TX,75201
1675,MEMBER_CHANGE,Meridian Private Wealth,meridian_pw,False,Betty,Zhang,Miller Capital,Miller Capital,3684 Willow Ln,Atlanta,GA,30301
1676,MEMBER_CHANGE,Meridian Private Wealth,meridian_pw,False,Patricia,Evans,Rivera Advisors,Rivera Advisors,6656 Park Ave,San Francisco,CA,94101
1677,MEMBER_CHANGE,Cetera Financial Group,cetera,True,Helen,Morris,Cruz Wealth Partners,Cruz Wealth Partners,9557 Church Ave,Dallas,TX,75201
1678,MEMBER_CHANGE,Ameriprise Financial Services,ameriprise,True,Betty,Diaz,Stewart Private Wealth Group,Stewart Private Wealth Group,4041 Main Way,Austin,TX,78701
1679,MEMBER_CHANGE,Robert W. Baird & Co.,rwbaird,True,Patricia,Diaz,Baker Institutional Group,Baker Institutional Group,8798 Jefferson Pl,Indianapolis,IN,46201
1680,MEMBER_CHANGE,Wells Fargo Advisors,wells_fargo,True,Margaret,Brown,Garcia Capital Group,Garcia Capital Group,7169 Park Blvd,Memphis,TN,38101
1681,SPLIT_PARENT,Cambridge Investment Research,cambridge_inv,True,Sandra,Rivera,Rivera Capital Group,Rivera Capital Group,970 Jefferson Rd,Louisville,KY,40201
1682,MEMBER_CHANGE,Wells Fargo Advisors,wells_fargo,True,Patricia,Collins,Diaz Asset Management Group,Diaz Asset Management Group,7023 Park Rd,Jacksonville,FL,32201
1683,MEMBER_CHANGE,DA Davidson & Co.,da_davidson,True,Linda,Hall,Phillips Wealth Partners,Phillips Wealth Partners,8776 Broad Way,Cleveland,OH,44101
1684,RENAME,Cetera Financial Group,cetera,True,Richard,Cruz,Cruz Private Wealth Group,Cruz Wealth Management Group,4178 Cedar Dr,San Antonio,TX,78201
1685,MEMBER_CHANGE,UBS Financial Services,ubs,True,Robert,Nguyen,Roberts Wealth Partners,Roberts Wealth Partners,4011 Maple Court,Philadelphia,PA,19101
1686,MEMBER_CHANGE,Robert W. Baird & Co.,rwbaird,True,James,Nelson,Liu Portfolio Group,Liu Portfolio Group,6728 Lincoln Ln,Philadelphia,PA,19101
1687,MEMBER_CHANGE,Stifel Nicolaus & Company,stifel_nicolaus,True,Sarah,Chen,Hall Advisory Group,Hall Advisory Group,2902 Park Pl,Seattle,WA,98101
1688,RENAME,Harborview Private Wealth,harborview,False,Megan,Young,Young Capital,Young Partners,1644 Washington Court,Richmond,VA,23219
1689,MEMBER_CHANGE,Commonwealth Financial Network,commonwealth,True,Christopher,Wright,Zhang Family Wealth Group,Zhang Family Wealth Group,4009 Washington Pl,Houston,TX,77001
1690,MEMBER_CHANGE,LPL Financial,lpl_financial,True,Jennifer,Parker,Wright Financial Group,Wright Financial Group,2423 Main Way,Milwaukee,WI,53201
1691,MEMBER_CHANGE,Oppenheimer & Co.,oppenheimer,True,Emily,King,Anderson Wealth Partners,Anderson Wealth Partners,1361 Washington St,St. Louis,MO,63101
1692,MEMBER_CHANGE,Hilliard Lyons,hilliard_lyons,True,Lisa,Harris,Gomez Wealth Management Group,Gomez Wealth Management Group,8100 Lake Way,San Antonio,TX,78201
1693,MEMBER_CHANGE,UBS Financial Services,ubs,True,Patricia,Parker,Roberts Institutional Group,Roberts Institutional Group,4862 Lake Court,Miami,FL,33101
1694,MEMBER_CHANGE,LPL Financial,lpl_financial,True,Jennifer,Green,Morgan Private Wealth Group,Morgan Private Wealth Group,1738 River Pl,Atlanta,GA,30301
1695,MEMBER_CHANGE,Commonwealth Financial Network,commonwealth,True,David,Johnson,Mitchell Wealth Partners,Mitchell Wealth Partners,8070 Hill Pl,Kansas City,MO,64101
1696,RENAME,Morgan Stanley Wealth Management,morgan_stanley,True,Lisa,Allen,Allen & White Advisors,Allen Family Wealth Group,5567 Market Pkwy,Raleigh,NC,27601
1697,MEMBER_CHANGE,Wells Fargo Advisors,wells_fargo,True,Steven,Green,Cruz Wealth Advisors,Cruz Wealth Advisors,439 Elm Ln,Columbus,OH,43201
1698,MEMBER_CHANGE,Ridgeway Wealth Management,ridgeway,False,Emily,Davis,Scott Capital Partners,Scott Capital Partners,606 Lake Pkwy,Milwaukee,WI,53201
1699,MEMBER_CHANGE,Hilliard Lyons,hilliard_lyons,True,Dorothy,Phillips,Stewart Private Wealth Group,Stewart Private Wealth Group,3275 Lincoln Ave,San Francisco,CA,94101
1700,SPLIT_PARENT,Highfield Asset Management,highfield,False,Jessica,Yang,Yang Capital Partners,Yang Capital Partners,8732 Washington Rd,Washington,DC,20001
1701,MEMBER_CHANGE,Highfield Asset Management,highfield,False,Sandra,Jackson,Hill Wealth Management,Hill Wealth Management,6936 Hill Rd,Jacksonville,FL,32201
1702,SPLIT_PARENT,UBS Financial Services,ubs,True,Rachel,Campbell,Campbell Family Wealth Group,Campbell Family Wealth Group,5724 Broad Ave,Milwaukee,WI,53201
1703,MEMBER_CHANGE,Summit Peak Advisors,summit_peak,False,Kenneth,Scott,Roberts Private Wealth,Roberts Private Wealth,4825 Cedar St,Minneapolis,MN,55401
1704,RENAME,Parkside Wealth Strategies,parkside,False,Charles,Nelson,Nelson & Associates,Nelson Capital,8671 River Pkwy,Boston,MA,02101
1705,RENAME,Ridgeway Wealth Management,ridgeway,False,Christopher,Allen,Allen & Mitchell Advisors,Allen Capital Partners,4822 Maple Rd,New York,NY,10001
1706,MEMBER_CHANGE,Ameriprise Financial Services,ameriprise,True,Barbara,Hall,Jackson Wealth Partners,Jackson Wealth Partners,9816 Cedar St,Minneapolis,MN,55401
1707,MEMBER_CHANGE,Janney Montgomery Scott,janney,True,Sarah,Brown,Green Capital Group,Green Capital Group,110 Oak Rd,San Diego,CA,92101
1708,MEMBER_CHANGE,Hilliard Lyons,hilliard_lyons,True,Susan,Thompson,Patel Wealth Advisors,Patel Wealth Advisors,9287 Elm Ave,San Francisco,CA,94101
1709,RENAME,Raymond James Financial Services,raymond_james,True,Matthew,Green,Green & Associates,Green Portfolio Group,1422 River Dr,Los Angeles,CA,90001
1710,MEMBER_CHANGE,Commonwealth Financial Network,commonwealth,True,Mark,Thomas,Harris Institutional Group,Harris Institutional Group,6428 Madison Ln,Philadelphia,PA,19101
1711,MEMBER_CHANGE,Highfield Asset Management,highfield,False,Dorothy,Green,Wang Investment Partners,Wang Investment Partners,9881 River Blvd,Portland,OR,97201
1712,MEMBER_CHANGE,Cetera Financial Group,cetera,True,Jessica,Phillips,Khan Portfolio Group,Khan Portfolio Group,2380 Union Dr,Indianapolis,IN,46201
1713,MEMBER_CHANGE,Raymond James Financial Services,raymond_james,True,Jessica,Davis,Carter Advisory Group,Carter Advisory Group,5032 River Ave,Denver,CO,80201
1714,MEMBER_CHANGE,National Planning Holdings,nph,True,Charles,Allen,Mitchell Investment Group,Mitchell Investment Group,6259 Madison Ave,San Diego,CA,92101
1715,RENAME,Cambridge Investment Research,cambridge_inv,True,Ashley,Edwards,Edwards & Khan Partners,Edwards Capital Group,8354 Union Pl,Kansas City,MO,64101
1716,SPLIT_PARENT,Hilliard Lyons,hilliard_lyons,True,Sandra,Nelson,Nelson Asset Management Group,Nelson Asset Management Group,6821 Jefferson St,Boston,MA,02101
1717,MEMBER_CHANGE,Morgan Stanley Wealth Management,morgan_stanley,True,David,Smith,Garcia Investment Group,Garcia Investment Group,5054 Lake Pkwy,Miami,FL,33101
1718,MEMBER_CHANGE,Hilliard Lyons,hilliard_lyons,True,Patricia,Wright,Evans Wealth Advisors,Evans Wealth Advisors,9366 River St,Memphis,TN,38101
1719,MEMBER_CHANGE,Raymond James Financial Services,raymond_james,True,Charles,Huang,Parker Wealth Management Group,Parker Wealth Management Group,7682 Monroe Court,Kansas City,MO,64101
1720,MEMBER_CHANGE,Clearwater Capital Group,clearwater,False,Donald,Reyes,Garcia Partners,Garcia Partners,4526 Church Ave,Oklahoma City,OK,73101
1721,MERGE_TARGET,Woodbury Financial Services,woodbury,True,Richard,Lee,Lee Wealth Partners,Lee Wealth Partners,9364 Commerce Pl,Chicago,IL,60601
1722,MEMBER_CHANGE,Wells Fargo Advisors,wells_fargo,True,Patricia,Yang,Cruz Wealth Advisors,Cruz Wealth Advisors,968 Liberty Dr,Cleveland,OH,44101
1723,RENAME,Raymond James Financial Services,raymond_james,True,Helen,Stewart,Stewart & Associates,Stewart Financial Group,2334 Lake Blvd,Denver,CO,80201
1724,MEMBER_CHANGE,Kingsbridge Capital Advisors,kingsbridge,False,Mark,Diaz,Reyes Partners,Reyes Partners,8045 Broad Dr,San Antonio,TX,78201
1725,RENAME,Merrill Lynch Pierce Fenner & Smith,merrill_lynch,True,James,Moore,Moore Institutional Group,Moore Portfolio Group,2083 Market Ave,Charlotte,NC,28201
1726,SPLIT_PARENT,Edward Jones,edward_jones,True,Richard,Baker,Baker Wealth Management Group,Baker Wealth Management Group,8387 Jefferson Ln,Chicago,IL,60601
1727,RENAME,Parkside Wealth Strategies,parkside,False,Joseph,Allen,Allen Capital,Allen Family Office,8025 Washington Dr,Tampa,FL,33601
1728,SPLIT_PARENT,Robert W. Baird & Co.,rwbaird,True,Amanda,Cruz,Cruz Financial Group,Cruz Financial Group,2118 Madison Blvd,New York,NY,10022
1729,MEMBER_CHANGE,LPL Financial,lpl_financial,True,Sandra,Campbell,Lee Family Wealth Group,Lee Family Wealth Group,4043 Washington Court,Tampa,FL,33601
1730,MEMBER_CHANGE,Edward Jones,edward_jones,True,Joseph,Khan,Baker Wealth Partners,Baker Wealth Partners,4842 Union Ave,Pittsburgh,PA,15201
1731,SPLIT_PARENT,Commonwealth Financial Network,commonwealth,True,Karen,Parker,Parker Wealth Partners,Parker Wealth Partners,6509 Lincoln Ave,Kansas City,MO,64101
1732,MEMBER_CHANGE,Cetera Financial Group,cetera,True,Jennifer,Roberts,Moore Wealth Management Group,Moore Wealth Management Group,4743 Jefferson Ave,Portland,OR,97201
1733,MEMBER_CHANGE,DA Davidson & Co.,da_davidson,True,William,Zhang,Gomez Wealth Partners,Gomez Wealth Partners,658 Church Pkwy,Atlanta,GA,30301
1734,MERGE_SURVIVOR,UBS Financial Services,ubs,True,Lisa,Wilson,Wilson Financial Group,Wilson Financial Group,7609 Hill St,San Jose,CA,95101
1735,SPLIT_PARENT,Hilliard Lyons,hilliard_lyons,True,Barbara,Zhang,Zhang Wealth Advisors,Zhang Wealth Advisors,3553 Willow Court,Las Vegas,NV,89101
1736,MEMBER_CHANGE,Cambridge Investment Research,cambridge_inv,True,Linda,Hall,Anderson Institutional Group,Anderson Institutional Group,2580 Willow Pkwy,Oklahoma City,OK,73101
1737,MEMBER_CHANGE,Ameriprise Financial Services,ameriprise,True,Amanda,Chen,Thompson Institutional Group,Thompson Institutional Group,5063 Lincoln Ave,Raleigh,NC,27601
1738,MERGE_SURVIVOR,DA Davidson & Co.,da_davidson,True,Patricia,Phillips,Phillips Institutional Group,Phillips Institutional Group,3055 Highland Court,Cleveland,OH,44101
1739,MERGE_TARGET,Robert W. Baird & Co.,rwbaird,True,Thomas,Edwards,Edwards Capital Group,Edwards Capital Group,9747 Highland Pl,Pittsburgh,PA,15201
1740,MEMBER_CHANGE,Woodbury Financial Services,woodbury,True,Linda,Davis,Jones Wealth Management Group,Jones Wealth Management Group,583 Adams Blvd,Columbus,OH,43201
1741,MEMBER_CHANGE,Wells Fargo Advisors,wells_fargo,True,Mark,Morgan,Hall Institutional Group,Hall Institutional Group,7905 Spring Dr,Charlotte,NC,28201
1742,MEMBER_CHANGE,Wells Fargo Advisors,wells_fargo,True,Jennifer,Liu,Reyes Asset Management Group,Reyes Asset Management Group,6982 Maple St,Richmond,VA,23219
1743,MEMBER_CHANGE,Robert W. Baird & Co.,rwbaird,True,Jennifer,Adams,Williams Family Wealth Group,Williams Family Wealth Group,1294 Jefferson Pl,St. Louis,MO,63101
1744,MEMBER_CHANGE,Kingsbridge Capital Advisors,kingsbridge,False,Betty,Roberts,Kim Capital,Kim Capital,5361 Cedar Way,Las Vegas,NV,89101
1745,MEMBER_CHANGE,Raymond James Financial Services,raymond_james,True,Richard,Zhang,Carter Advisory Group,Carter Advisory Group,3306 Hill Way,Atlanta,GA,30301
1746,MEMBER_CHANGE,Ridgeway Wealth Management,ridgeway,False,Anthony,Anderson,White Advisors,White Advisors,2755 Madison Court,Jacksonville,FL,32201
1747,MEMBER_CHANGE,Merrill Lynch Pierce Fenner & Smith,merrill_lynch,True,Margaret,Collins,Johnson Institutional Group,Johnson Institutional Group,1676 Park St,San Diego,CA,92101
1748,MEMBER_CHANGE,Highfield Asset Management,highfield,False,Paul,White,Torres Family Office,Torres Family Office,9410 Central Ave,Oklahoma City,OK,73101
1749,MEMBER_CHANGE,LPL Financial,lpl_financial,True,Mark,Campbell,Hall Advisory Group,Hall Advisory Group,3499 Highland Way,Miami,FL,33101
1750,MERGE_TARGET,Hilliard Lyons,hilliard_lyons,True,Lisa,Evans,Evans Wealth Advisors,Evans Wealth Advisors,2358 Maple Way,Milwaukee,WI,53201
1751,MEMBER_CHANGE,Kingsbridge Capital Advisors,kingsbridge,False,Donald,Stewart,Huang Wealth,Huang Wealth,9424 Maple Blvd,Cleveland,OH,44101
1752,MEMBER_CHANGE,Janney Montgomery Scott,janney,True,Patricia,Harris,Davis Financial Group,Davis Financial Group,3877 Oak Pkwy,Tampa,FL,33601
1753,MERGE_TARGET,Oppenheimer & Co.,oppenheimer,True,John,White,White Wealth Partners,White Wealth Partners,4218 Lincoln Pl,Houston,TX,77001
1754,MEMBER_CHANGE,Meridian Private Wealth,meridian_pw,False,Margaret,Stewart,Young Wealth,Young Wealth,8855 Highland Dr,Cleveland,OH,44101
1755,MEMBER_CHANGE,Parkside Wealth Strategies,parkside,False,Mark,Patel,Rivera Investment Partners,Rivera Investment Partners,6640 Broad St,Tampa,FL,33601
1756,SPLIT_PARENT,Harborview Private Wealth,harborview,False,Joseph,Gomez,Gomez Capital Partners,Gomez Capital Partners,4409 Church St,Los Angeles,CA,90001
1757,MEMBER_CHANGE,Oppenheimer & Co.,oppenheimer,True,Matthew,Roberts,Martin Advisory Group,Martin Advisory Group,5581 Monroe St,San Diego,CA,92101
1758,MEMBER_CHANGE,Edward Jones,edward_jones,True,Jessica,Wang,Lee Family Wealth Group,Lee Family Wealth Group,5500 Monroe St,Charlotte,NC,28201
1759,MEMBER_CHANGE,Commonwealth Financial Network,commonwealth,True,Helen,Mitchell,Khan Portfolio Group,Khan Portfolio Group,679 Willow Ave,Baltimore,MD,21201
1760,MEMBER_CHANGE,Woodbury Financial Services,woodbury,True,Thomas,Edwards,Kim Private Wealth Group,Kim Private Wealth Group,9134 Commerce Blvd,San Francisco,CA,94101
1761,RENAME,Crestwood Family Office,crestwood,False,Robert,Miller,Miller & King Partners,Miller Partners,8236 Market Dr,Washington,DC,20001
1762,MEMBER_CHANGE,Cetera Financial Group,cetera,True,Emily,Jones,Allen Advisory Group,Allen Advisory Group,451 Oak St,Jacksonville,FL,32201
1763,MEMBER_CHANGE,Securities America,securities_america,True,Andrew,Reyes,Huang Asset Management Group,Huang Asset Management Group,396 Central Way,Chicago,IL,60601
1764,MEMBER_CHANGE,DA Davidson & Co.,da_davidson,True,Ashley,Evans,Edwards Investment Group,Edwards Investment Group,7140 Liberty Ln,Boston,MA,02101
1765,MEMBER_CHANGE,Raymond James Financial Services,raymond_james,True,Charles,Khan,Adams Private Wealth Group,Adams Private Wealth Group,6124 Willow Dr,Oklahoma City,OK,73101
1766,SPLIT_PARENT,Cetera Financial Group,cetera,True,Michael,Harris,Harris Advisory Group,Harris Advisory Group,1607 Highland St,Columbus,OH,43201
1767,MEMBER_CHANGE,Cetera Financial Group,cetera,True,Thomas,Scott,Roberts Wealth Management Group,Roberts Wealth Management Group,344 Adams Dr,Chicago,IL,60601
1768,MEMBER_CHANGE,Merrill Lynch Pierce Fenner & Smith,merrill_lynch,True,Daniel,Thompson,Wilson Financial Group,Wilson Financial Group,3058 River St,Nashville,TN,37201
1769,MEMBER_CHANGE,Hilliard Lyons,hilliard_lyons,True,Matthew,Morgan,Diaz Advisory Group,Diaz Advisory Group,4890 Elm Pkwy,Memphis,TN,38101
1770,MEMBER_CHANGE,Commonwealth Financial Network,commonwealth,True,Karen,Parker,Parker Private Wealth Group,Parker Private Wealth Group,1351 Hill Court,Fort Worth,TX,76101
1771,MEMBER_CHANGE,Commonwealth Financial Network,commonwealth,True,Charles,Anderson,Yang Advisory Group,Yang Advisory Group,7366 Liberty Rd,Louisville,KY,40201
1772,MEMBER_CHANGE,Northgate Investment Partners,northgate,False,Steven,Hill,Young Advisors,Young Advisors,8731 Hill Pl,Tampa,FL,33601
1773,MEMBER_CHANGE,Cambridge Investment Research,cambridge_inv,True,Helen,Huang,Brown Capital Group,Brown Capital Group,6831 Liberty Pkwy,Minneapolis,MN,55401
1774,SPLIT_PARENT,Robert W. Baird & Co.,rwbaird,True,David,Jackson,Jackson Investment Group,Jackson Investment Group,8635 Lake Rd,Boston,MA,02101
1775,MEMBER_CHANGE,Edward Jones,edward_jones,True,Megan,Wang,Torres Family Wealth Group,Torres Family Wealth Group,2425 Oak Dr,Atlanta,GA,30301
1776,MEMBER_CHANGE,Kingsbridge Capital Advisors,kingsbridge,False,Steven,Harris,Davis Partners,Davis Partners,8274 Oak Rd,San Francisco,CA,94101
1777,MEMBER_CHANGE,National Planning Holdings,nph,True,Margaret,Edwards,Allen Private Wealth Group,Allen Private Wealth Group,1078 Hill Pkwy,Las Vegas,NV,89101
1778,RENAME,Commonwealth Financial Network,commonwealth,True,John,Huang,Huang Family Wealth Group,Huang Asset Management Group,6402 Jefferson St,Columbus,OH,43201
1779,MEMBER_CHANGE,Edward Jones,edward_jones,True,Megan,Martin,Anderson Institutional Group,Anderson Institutional Group,7162 Central St,Denver,CO,80201
1780,MEMBER_CHANGE,UBS Financial Services,ubs,True,Kenneth,Green,Morris Capital Group,Morris Capital Group,525 Broad Pl,Indianapolis,IN,46201
1781,RENAME,Summit Peak Advisors,summit_peak,False,Rachel,Jackson,Jackson Private Wealth,Jackson Partners,5686 Adams Pkwy,Milwaukee,WI,53201
1782,MEMBER_CHANGE,Meridian Private Wealth,meridian_pw,False,Michael,Torres,Patel Partners,Patel Partners,1889 Central Ln,Seattle,WA,98101
1783,MEMBER_CHANGE,Meridian Private Wealth,meridian_pw,False,Anthony,Huang,Nelson Family Office,Nelson Family Office,9481 Adams Pkwy,Cleveland,OH,44101
1784,SPLIT_PARENT,Robert W. Baird & Co.,rwbaird,True,Christopher,Nguyen,Nguyen Financial Group,Nguyen Financial Group,4003 Elm St,San Francisco,CA,94101
1785,MEMBER_CHANGE,Summit Peak Advisors,summit_peak,False,Sarah,Huang,Garcia Advisors,Garcia Advisors,8993 River Pl,Portland,OR,97201
1786,RENAME,DA Davidson & Co.,da_davidson,True,Robert,Evans,Evans Advisory Group,Evans Wealth Partners,6026 Hill Rd,St. Louis,MO,63101
1787,MEMBER_CHANGE,Morgan Stanley Wealth Management,morgan_stanley,True,Michael,Brown,Allen Portfolio Group,Allen Portfolio Group,5359 Hill Blvd,Atlanta,GA,30301
1788,MEMBER_CHANGE,Ameriprise Financial Services,ameriprise,True,Matthew,Brown,Adams Wealth Management Group,Adams Wealth Management Group,7742 Oak Pl,Raleigh,NC,27601
1789,MEMBER_CHANGE,Kingsbridge Capital Advisors,kingsbridge,False,Jennifer,Nguyen,Jackson Family Office,Jackson Family Office,1059 Highland Ave,San Francisco,CA,94101
1790,MEMBER_CHANGE,Highfield Asset Management,highfield,False,Andrew,Liu,Carter Private Wealth,Carter Private Wealth,1149 Jefferson Blvd,Indianapolis,IN,46201
1791,MEMBER_CHANGE,Northgate Investment Partners,northgate,False,Megan,Mitchell,Martin Capital Partners,Martin Capital Partners,2184 Lake Blvd,Dallas,TX,75201
1792,MEMBER_CHANGE,Meridian Private Wealth,meridian_pw,False,Helen,Edwards,Diaz Partners,Diaz Partners,3912 Cedar St,Austin,TX,78701
1793,SPLIT_PARENT,Ridgeway Wealth Management,ridgeway,False,Barbara,Huang,Huang Capital Partners,Huang Capital Partners,9600 Spring St,Boston,MA,02101
1794,MEMBER_CHANGE,Harborview Private Wealth,harborview,False,Christopher,Chen,Brown Investment Partners,Brown Investment Partners,4317 Main Pl,Tampa,FL,33601
1795,MERGE_TARGET,Harborview Private Wealth,harborview,False,Robert,Phillips,Phillips Advisors,Phillips Advisors,5829 Cedar Ave,Miami,FL,33101
1796,RENAME,Ameriprise Financial Services,ameriprise,True,Joseph,Rivera,Rivera Advisory Group,Rivera Private Wealth Group,3982 Park Pl,Portland,OR,97201
1797,MEMBER_CHANGE,Hilliard Lyons,hilliard_lyons,True,Charles,Stewart,Jones Institutional Group,Jones Institutional Group,7087 River Blvd,New York,NY,10022
1798,MEMBER_CHANGE,Oppenheimer & Co.,oppenheimer,True,David,King,Patel Capital Group,Patel Capital Group,5588 Madison Pl,Raleigh,NC,27601
1799,MEMBER_CHANGE,Janney Montgomery Scott,janney,True,Barbara,Allen,Johnson Investment Group,Johnson Investment Group,6134 Oak Rd,Dallas,TX,75201
1800,RENAME,Parkside Wealth Strategies,parkside,False,Rachel,Johnson,Johnson Advisors,Johnson Wealth,3564 Spring Court,Miami,FL,33101
1801,MEMBER_CHANGE,Summit Peak Advisors,summit_peak,False,James,Thompson,Collins Private Wealth,Collins Private Wealth,3620 Lincoln Pkwy,Los Angeles,CA,90001
1802,RENAME,Ridgeway Wealth Management,ridgeway,False,Charles,Nguyen,Nguyen & Associates,Nguyen Wealth,1366 Lake Pkwy,Miami,FL,33101
1803,MEMBER_CHANGE,National Planning Holdings,nph,True,Richard,Roberts,Reyes Asset Management Group,Reyes Asset Management Group,8930 Adams Ave,Cleveland,OH,44101
1804,MEMBER_CHANGE,Summit Peak Advisors,summit_peak,False,Amanda,Baker,Phillips Capital Partners,Phillips Capital Partners,8692 Market Way,Nashville,TN,37201
1805,SPLIT_PARENT,Robert W. Baird & Co.,rwbaird,True,Matthew,Chen,Chen Portfolio Group,Chen Portfolio Group,4901 Lake Pl,Charlotte,NC,28201
1806,RENAME,Summit Peak Advisors,summit_peak,False,Karen,White,White & Collins Group,White Capital Partners,5257 Adams Ave,Charlotte,NC,28201
1807,MEMBER_CHANGE,Ameriprise Financial Services,ameriprise,True,Thomas,Wright,Torres Private Wealth Group,Torres Private Wealth Group,5866 Central Court,Houston,TX,77001
1808,MEMBER_CHANGE,Parkside Wealth Strategies,parkside,False,Thomas,Reyes,Diaz Capital Partners,Diaz Capital Partners,3874 Jefferson Ln,Columbus,OH,43201
1809,MEMBER_CHANGE,National Planning Holdings,nph,True,Steven,Williams,Kim Wealth Advisors,Kim Wealth Advisors,4113 Monroe Ln,Pittsburgh,PA,15201
1810,RENAME,Ridgeway Wealth Management,ridgeway,False,Thomas,Phillips,Phillips & Associates,Phillips Investment Partners,4800 Spring Pl,San Antonio,TX,78201
1811,MEMBER_CHANGE,Merrill Lynch Pierce Fenner & Smith,merrill_lynch,True,James,Turner,Flores Wealth Advisors,Flores Wealth Advisors,2531 Highland Way,Jacksonville,FL,32201
1812,MEMBER_CHANGE,Highfield Asset Management,highfield,False,Donald,Green,Liu Capital Partners,Liu Capital Partners,354 Washington Ave,Baltimore,MD,21201
1813,MEMBER_CHANGE,Robert W. Baird & Co.,rwbaird,True,Betty,Williams,Collins Financial Group,Collins Financial Group,1754 Elm St,Milwaukee,WI,53201
1814,MEMBER_CHANGE,Morgan Stanley Wealth Management,morgan_stanley,True,James,Campbell,Jones Investment Group,Jones Investment Group,8536 Market Ln,Milwaukee,WI,53201
1815,MEMBER_CHANGE,Hilliard Lyons,hilliard_lyons,True,Anthony,Baker,Hill Family Wealth Group,Hill Family Wealth Group,9224 Lake Rd,San Antonio,TX,78201
1816,RENAME,Oppenheimer & Co.,oppenheimer,True,Jennifer,Gomez,Gomez Wealth Advisors,Gomez Portfolio Group,1865 Adams St,Houston,TX,77001
1817,MEMBER_CHANGE,Crestwood Family Office,crestwood,False,Emily,Diaz,Adams Family Office,Adams Family Office,7468 Adams Ln,Seattle,WA,98101
1818,MERGE_SURVIVOR,Northgate Investment Partners,northgate,False,Patricia,Edwards,Edwards Capital,Edwards Capital,3105 Adams Pkwy,Miami,FL,33101
1819,RENAME,Merrill Lynch Pierce Fenner & Smith,merrill_lynch,True,Charles,Yang,Yang Advisory Group,Yang Wealth Management Group,9824 Highland Pl,Kansas City,MO,64101
1820,MERGE_TARGET,DA Davidson & Co.,da_davidson,True,Sarah,Adams,Adams Investment Group,Adams Investment Group,8434 Adams Pkwy,San Francisco,CA,94101
1821,MEMBER_CHANGE,Northgate Investment Partners,northgate,False,Thomas,Gomez,White Investment Partners,White Investment Partners,8182 Spring St,Portland,OR,97201
1822,MEMBER_CHANGE,Cambridge Investment Research,cambridge_inv,True,Andrew,Roberts,Gomez Wealth Advisors,Gomez Wealth Advisors,7090 River Pl,Las Vegas,NV,89101
1823,RENAME,Oppenheimer & Co.,oppenheimer,True,Daniel,Moore,Moore & Associates,Moore Wealth Management Group,3551 Madison Court,San Francisco,CA,94101
1824,SPLIT_PARENT,National Planning Holdings,nph,True,Amanda,King,King Private Wealth Group,King Private Wealth Group,5790 River Blvd,San Antonio,TX,78201
1825,MEMBER_CHANGE,Janney Montgomery Scott,janney,True,Megan,Scott,Hall Financial Group,Hall Financial Group,3764 Washington Rd,Indianapolis,IN,46201
1826,MEMBER_CHANGE,Woodbury Financial Services,woodbury,True,David,Smith,Kim Advisory Group,Kim Advisory Group,4665 Elm Ave,Fort Worth,TX,76101
1827,SPLIT_PARENT,Securities America,securities_america,True,Barbara,Morris,Morris Investment Group,Morris Investment Group,548 Broad St,Tampa,FL,33601
1828,RENAME,Securities America,securities_america,True,Matthew,Smith,Smith & Adams Advisors,Smith Financial Group,522 Willow Dr,Seattle,WA,98101
1829,MEMBER_CHANGE,National Planning Holdings,nph,True,James,Smith,Reyes Financial Group,Reyes Financial Group,8634 Elm Way,Seattle,WA,98101
1830,MEMBER_CHANGE,Parkside Wealth Strategies,parkside,False,Emily,Turner,Collins Wealth,Collins Wealth,7381 Madison Way,Indianapolis,IN,46201
1831,MERGE_SURVIVOR,Merrill Lynch Pierce Fenner & Smith,merrill_lynch,True,Thomas,Thompson,Thompson Family Wealth Group,Thompson Family Wealth Group,2008 Willow Ave,Columbus,OH,43201
1832,MEMBER_CHANGE,Crestwood Family Office,crestwood,False,Amanda,Smith,King Capital,King Capital,8407 Spring Rd,Kansas City,MO,64101
1833,MEMBER_CHANGE,Kingsbridge Capital Advisors,kingsbridge,False,Thomas,Williams,Cruz Wealth,Cruz Wealth,5257 Oak Ln,Philadelphia,PA,19101
1834,MEMBER_CHANGE,Parkside Wealth Strategies,parkside,False,Mark,Garcia,King Advisors,King Advisors,9245 Union St,New York,NY,10001
1835,RENAME,Stifel Nicolaus & Company,stifel_nicolaus,True,Thomas,Gomez,Gomez Institutional Group,Gomez Asset Management Group,3707 Union Dr,Indianapolis,IN,46201
1836,MEMBER_CHANGE,Commonwealth Financial Network,commonwealth,True,Sandra,Khan,Hall Investment Group,Hall Investment Group,8238 River Blvd,Jacksonville,FL,32201
1837,MEMBER_CHANGE,Kingsbridge Capital Advisors,kingsbridge,False,Steven,Martin,Campbell Advisors,Campbell Advisors,152 Madison Ave,Minneapolis,MN,55401
1838,MEMBER_CHANGE,Securities America,securities_america,True,James,Campbell,Jackson Family Wealth Group,Jackson Family Wealth Group,3018 Oak Ln,Indianapolis,IN,46201
1839,RENAME,Woodbury Financial Services,woodbury,True,Nancy,Turner,Turner Wealth Management Group,Turner Portfolio Group,3945 Church Pl,Raleigh,NC,27601
1840,MEMBER_CHANGE,Cambridge Investment Research,cambridge_inv,True,Betty,Hill,Liu Wealth Partners,Liu Wealth Partners,3899 River Way,Minneapolis,MN,55401
1841,SPLIT_PARENT,Summit Peak Advisors,summit_peak,False,Betty,Phillips,Phillips Private Wealth,Phillips Private Wealth,9003 Commerce Rd,Philadelphia,PA,19101
1842,RENAME,Stifel Nicolaus & Company,stifel_nicolaus,True,Joseph,Liu,Liu Investment Group,Liu Wealth Partners,6974 Jefferson Pl,Charlotte,NC,28201
1843,RENAME,Ridgeway Wealth Management,ridgeway,False,Sandra,Davis,Davis Capital Partners,Davis Capital,7714 Spring Ave,Washington,DC,20001
1844,MEMBER_CHANGE,Harborview Private Wealth,harborview,False,Daniel,Allen,Collins Capital,Collins Capital,8025 Commerce Pkwy,Baltimore,MD,21201
1845,MEMBER_CHANGE,Ridgeway Wealth Management,ridgeway,False,Margaret,Phillips,Johnson Investment Partners,Johnson Investment Partners,4489 Market Dr,Baltimore,MD,21201
1846,MEMBER_CHANGE,UBS Financial Services,ubs,True,Amanda,Edwards,Morgan Capital Group,Morgan Capital Group,4386 Union Pl,Baltimore,MD,21201
1847,MEMBER_CHANGE,DA Davidson & Co.,da_davidson,True,Betty,Adams,Green Asset Management Group,Green Asset Management Group,4371 Oak Rd,Minneapolis,MN,55401
1848,RENAME,Crestwood Family Office,crestwood,False,Mark,Wright,Wright & Associates,Wright Partners,5154 Jefferson Ln,Columbus,OH,43201
1849,MEMBER_CHANGE,National Planning Holdings,nph,True,Margaret,Morris,Mitchell Advisory Group,Mitchell Advisory Group,1907 Broad Pkwy,Oklahoma City,OK,73101
1850,MEMBER_CHANGE,Raymond James Financial Services,raymond_james,True,Christopher,Baker,Mitchell Wealth Management Group,Mitchell Wealth Management Group,445 Lincoln Ave,Oklahoma City,OK,73101
1851,MEMBER_CHANGE,Parkside Wealth Strategies,parkside,False,Linda,Morgan,Morgan Asset Management,Morgan Asset Management,1139 Church St,Cleveland,OH,44101
1852,MEMBER_CHANGE,Edward Jones,edward_jones,True,James,Cruz,Mitchell Advisory Group,Mitchell Advisory Group,2672 Central Ln,Columbus,OH,43201
1853,MEMBER_CHANGE,Janney Montgomery Scott,janney,True,Megan,Young,Wang Capital Group,Wang Capital Group,5531 Madison Dr,Boston,MA,02101
1854,MERGE_SURVIVOR,Crestwood Family Office,crestwood,False,Donald,Smith,Smith Partners,Smith Partners,428 Monroe Court,Philadelphia,PA,19101
1855,MEMBER_CHANGE,Cambridge Investment Research,cambridge_inv,True,Steven,Garcia,Patel Financial Group,Patel Financial Group,792 Washington Rd,Denver,CO,80201
1856,SPLIT_PARENT,Morgan Stanley Wealth Management,morgan_stanley,True,Mark,Turner,Turner Family Wealth Group,Turner Family Wealth Group,4151 Oak Rd,San Antonio,TX,78201
1857,MEMBER_CHANGE,Clearwater Capital Group,clearwater,False,Joseph,Edwards,Diaz Family Office,Diaz Family Office,2249 Adams Rd,Phoenix,AZ,85001
1858,RENAME,Merrill Lynch Pierce Fenner & Smith,merrill_lynch,True,William,Rivera,Rivera Asset Management Group,Rivera Family Wealth Group,6905 Main St,Tampa,FL,33601
1859,MERGE_SURVIVOR,Woodbury Financial Services,woodbury,True,Charles,Miller,Miller Family Wealth Group,Miller Family Wealth Group,9736 Lincoln Dr,St. Louis,MO,63101
1860,MEMBER_CHANGE,Meridian Private Wealth,meridian_pw,False,Linda,Carter,Patel Private Wealth,Patel Private Wealth,7065 Market St,Denver,CO,80201
1861,MEMBER_CHANGE,Robert W. Baird & Co.,rwbaird,True,Karen,Thomas,Thomas Private Wealth Group,Thomas Private Wealth Group,4429 Church Pkwy,Raleigh,NC,27601
1862,RENAME,DA Davidson & Co.,da_davidson,True,Andrew,Green,Green Wealth Advisors,Green Private Wealth Group,3741 Madison Court,San Francisco,CA,94101
1863,RENAME,Commonwealth Financial Network,commonwealth,True,Andrew,Wang,Wang & Associates,Wang Family Wealth Group,8836 Market Dr,Las Vegas,NV,89101
1864,MEMBER_CHANGE,Morgan Stanley Wealth Management,morgan_stanley,True,Kenneth,Morris,Reyes Asset Management Group,Reyes Asset Management Group,6206 Monroe Court,Philadelphia,PA,19101
1865,RENAME,Ameriprise Financial Services,ameriprise,True,Mark,Roberts,Roberts Capital Group,Roberts Wealth Management Group,6610 Monroe Dr,Atlanta,GA,30301
1866,MEMBER_CHANGE,Hilliard Lyons,hilliard_lyons,True,Rachel,Moore,Roberts Private Wealth Group,Roberts Private Wealth Group,5189 Spring Blvd,Phoenix,AZ,85001
1867,MEMBER_CHANGE,Wells Fargo Advisors,wells_fargo,True,David,Phillips,Taylor Advisory Group,Taylor Advisory Group,8125 Highland Dr,Phoenix,AZ,85001
1868,MERGE_SURVIVOR,Raymond James Financial Services,raymond_james,True,Betty,Evans,Evans Financial Group,Evans Financial Group,8675 Adams Pkwy,Columbus,OH,43201
1869,MEMBER_CHANGE,UBS Financial Services,ubs,True,Barbara,Stewart,Martin Asset Management Group,Martin Asset Management Group,5202 Adams Pl,Dallas,TX,75201
1870,MEMBER_CHANGE,UBS Financial Services,ubs,True,Amanda,Yang,Edwards Portfolio Group,Edwards Portfolio Group,9909 Madison St,San Francisco,CA,94101
1871,MEMBER_CHANGE,Harborview Private Wealth,harborview,False,David,Parker,Morris Asset Management,Morris Asset Management,8107 Central Way,Nashville,TN,37201
1872,RENAME,Kingsbridge Capital Advisors,kingsbridge,False,Donald,King,King & Turner Group,King Capital Partners,8013 Market Court,Phoenix,AZ,85001
1873,MEMBER_CHANGE,Parkside Wealth Strategies,parkside,False,Thomas,Thompson,Green Wealth,Green Wealth,6255 Elm St,San Jose,CA,95101
1874,MEMBER_CHANGE,Cambridge Investment Research,cambridge_inv,True,Amanda,Zhang,Taylor Advisory Group,Taylor Advisory Group,7269 Cedar St,Milwaukee,WI,53201
1875,MEMBER_CHANGE,Commonwealth Financial Network,commonwealth,True,Rachel,Wright,Turner Wealth Advisors,Turner Wealth Advisors,8082 Elm Court,Baltimore,MD,21201
1876,MEMBER_CHANGE,DA Davidson & Co.,da_davidson,True,Betty,Young,Young Private Wealth Group,Young Private Wealth Group,7234 River Rd,Cleveland,OH,44101
1877,MEMBER_CHANGE,Oppenheimer & Co.,oppenheimer,True,John,Adams,Liu Capital Group,Liu Capital Group,9337 Church Blvd,Dallas,TX,75201
1878,RENAME,Janney Montgomery Scott,janney,True,Susan,Cruz,Cruz Capital Group,Cruz Advisory Group,6182 Market Pkwy,Indianapolis,IN,46201
1879,MERGE_SURVIVOR,Commonwealth Financial Network,commonwealth,True,Dorothy,Jackson,Jackson Capital Group,Jackson Capital Group,2317 Washington Court,Raleigh,NC,27601
1880,MEMBER_CHANGE,Morgan Stanley Wealth Management,morgan_stanley,True,Lisa,Young,Flores Investment Group,Flores Investment Group,2563 Commerce Ave,New York,NY,10001
1881,MEMBER_CHANGE,Janney Montgomery Scott,janney,True,Paul,Yang,Thomas Family Wealth Group,Thomas Family Wealth Group,1637 Central Way,Oklahoma City,OK,73101
1882,MEMBER_CHANGE,Wells Fargo Advisors,wells_fargo,True,Ashley,Martin,Evans Financial Group,Evans Financial Group,9839 Washington Ave,Washington,DC,20001
1883,MEMBER_CHANGE,Kingsbridge Capital Advisors,kingsbridge,False,Patricia,Carter,Liu Advisors,Liu Advisors,5751 Church St,Jacksonville,FL,32201
1884,MEMBER_CHANGE,Robert W. Baird & Co.,rwbaird,True,Anthony,Parker,Lee Asset Management Group,Lee Asset Management Group,9675 Adams Rd,Louisville,KY,40201
1885,MEMBER_CHANGE,Woodbury Financial Services,woodbury,True,Joseph,Rivera,Kim Wealth Partners,Kim Wealth Partners,9293 Central Dr,Houston,TX,77001
1886,SPLIT_PARENT,National Planning Holdings,nph,True,Charles,Miller,Miller Family Wealth Group,Miller Family Wealth Group,3646 Hill Blvd,Indianapolis,IN,46201
1887,MEMBER_CHANGE,National Planning Holdings,nph,True,Linda,Lee,Wilson Wealth Advisors,Wilson Wealth Advisors,9722 Church Ln,Oklahoma City,OK,73101
1888,MEMBER_CHANGE,National Planning Holdings,nph,True,Andrew,Miller,Phillips Wealth Partners,Phillips Wealth Partners,7856 Park Blvd,New York,NY,10001
1889,MEMBER_CHANGE,Summit Peak Advisors,summit_peak,False,Paul,Morris,Jackson Wealth,Jackson Wealth,2500 Elm Blvd,Raleigh,NC,27601
1890,MEMBER_CHANGE,Meridian Private Wealth,meridian_pw,False,Patricia,Brown,King Wealth,King Wealth,955 Elm Court,Atlanta,GA,30301
1891,MEMBER_CHANGE,Cetera Financial Group,cetera,True,Anthony,Smith,King Wealth Partners,King Wealth Partners,8298 Monroe Ave,Charlotte,NC,28201
1892,MERGE_TARGET,Securities America,securities_america,True,Betty,Nguyen,Nguyen Asset Management Group,Nguyen Asset Management Group,7873 Willow Rd,Cleveland,OH,44101
1893,RENAME,Oppenheimer & Co.,oppenheimer,True,Susan,Garcia,Garcia Asset Management Group,Garcia Portfolio Group,3604 Washington Rd,Dallas,TX,75201
1894,SPLIT_PARENT,Clearwater Capital Group,clearwater,False,Sandra,Carter,Carter Capital Partners,Carter Capital Partners,8129 Liberty Rd,San Antonio,TX,78201
1895,RENAME,Securities America,securities_america,True,Sandra,Diaz,Diaz & Wright Group,Diaz Capital Group,3016 Main Pl,Kansas City,MO,64101
1896,MEMBER_CHANGE,Northgate Investment Partners,northgate,False,Christopher,Anderson,Reyes Family Office,Reyes Family Office,3602 Broad Court,Jacksonville,FL,32201
1897,MEMBER_CHANGE,DA Davidson & Co.,da_davidson,True,Anthony,Wang,Anderson Family Wealth Group,Anderson Family Wealth Group,274 Park Way,Louisville,KY,40201
1898,MEMBER_CHANGE,Cambridge Investment Research,cambridge_inv,True,Megan,Garcia,Smith Portfolio Group,Smith Portfolio Group,5185 Spring Ave,Louisville,KY,40201
1899,RENAME,Parkside Wealth Strategies,parkside,False,Steven,Rivera,Rivera Asset Management,Rivera Partners,4573 Oak Rd,Raleigh,NC,27601
1900,MEMBER_CHANGE,DA Davidson & Co.,da_davidson,True,Paul,Campbell,Edwards Family Wealth Group,Edwards Family Wealth Group,4245 Hill St,Portland,OR,97201
1901,MEMBER_CHANGE,Clearwater Capital Group,clearwater,False,Linda,Williams,Huang Capital Partners,Huang Capital Partners,7546 Commerce Blvd,Raleigh,NC,27601
1902,SPLIT_PARENT,Crestwood Family Office,crestwood,False,Jessica,Khan,Khan Wealth,Khan Wealth,725 Willow St,Richmond,VA,23219
1903,MEMBER_CHANGE,Highfield Asset Management,highfield,False,Sarah,Turner,Collins Capital,Collins Capital,2256 Maple Ln,San Antonio,TX,78201
1904,MEMBER_CHANGE,UBS Financial Services,ubs,True,Richard,Parker,Turner Family Wealth Group,Turner Family Wealth Group,1121 Spring Ave,Tampa,FL,33601
1905,MEMBER_CHANGE,Robert W. Baird & Co.,rwbaird,True,Megan,Chen,Diaz Portfolio Group,Diaz Portfolio Group,373 Spring Pl,San Jose,CA,95101
1906,MEMBER_CHANGE,Highfield Asset Management,highfield,False,Sandra,Anderson,Reyes Private Wealth,Reyes Private Wealth,8559 Main Ln,Baltimore,MD,21201
1907,MEMBER_CHANGE,Clearwater Capital Group,clearwater,False,David,Collins,Jones Advisors,Jones Advisors,8316 Elm Rd,Phoenix,AZ,85001
1908,MEMBER_CHANGE,LPL Financial,lpl_financial,True,Helen,Anderson,Williams Wealth Partners,Williams Wealth Partners,3355 Liberty Court,Baltimore,MD,21201
1909,RENAME,LPL Financial,lpl_financial,True,James,Allen,Allen Institutional Group,Allen Wealth Partners,9284 Willow Ave,Oklahoma City,OK,73101
1910,MEMBER_CHANGE,Ameriprise Financial Services,ameriprise,True,Robert,Wilson,Chen Family Wealth Group,Chen Family Wealth Group,1510 Highland Way,Phoenix,AZ,85001
1911,MERGE_SURVIVOR,Wells Fargo Advisors,wells_fargo,True,David,Anderson,Anderson Family Wealth Group,Anderson Family Wealth Group,1515 Washington Pl,Pittsburgh,PA,15201
1912,MEMBER_CHANGE,Kingsbridge Capital Advisors,kingsbridge,False,James,Hall,Morgan Capital,Morgan Capital,271 Park Pl,Kansas City,MO,64101
1913,MEMBER_CHANGE,Merrill Lynch Pierce Fenner & Smith,merrill_lynch,True,Susan,Brown,Allen Institutional Group,Allen Institutional Group,3230 Adams Blvd,Denver,CO,80201
1914,MEMBER_CHANGE,UBS Financial Services,ubs,True,Barbara,Johnson,Collins Wealth Partners,Collins Wealth Partners,3016 Hill Blvd,Portland,OR,97201
1915,MEMBER_CHANGE,Oppenheimer & Co.,oppenheimer,True,Linda,Stewart,White Advisory Group,White Advisory Group,4569 Park Blvd,Seattle,WA,98101
1916,MEMBER_CHANGE,Robert W. Baird & Co.,rwbaird,True,Betty,Mitchell,Martin Private Wealth Group,Martin Private Wealth Group,8126 Willow Pkwy,Louisville,KY,40201
1917,MERGE_TARGET,Hilliard Lyons,hilliard_lyons,True,Susan,Adams,Adams Institutional Group,Adams Institutional Group,2893 Oak Pkwy,Las Vegas,NV,89101
1918,RENAME,Raymond James Financial Services,raymond_james,True,Jessica,Roberts,Roberts Investment Group,Roberts Advisory Group,7208 Willow Rd,Fort Worth,TX,76101
1919,MEMBER_CHANGE,Oppenheimer & Co.,oppenheimer,True,Joseph,Green,Carter Family Wealth Group,Carter Family Wealth Group,4506 Maple Court,Fort Worth,TX,76101
1920,MEMBER_CHANGE,Robert W. Baird & Co.,rwbaird,True,Megan,Johnson,Nelson Wealth Partners,Nelson Wealth Partners,615 Cedar Court,Austin,TX,78701
1921,MEMBER_CHANGE,Commonwealth Financial Network,commonwealth,True,Ashley,White,Nelson Portfolio Group,Nelson Portfolio Group,5391 Willow Pkwy,Las Vegas,NV,89101
1922,MEMBER_CHANGE,Ridgeway Wealth Management,ridgeway,False,Karen,Young,Yang Partners,Yang Partners,5381 Liberty Ave,Washington,DC,20001
1923,MEMBER_CHANGE,Meridian Private Wealth,meridian_pw,False,Karen,Phillips,Taylor Family Office,Taylor Family Office,7890 Spring Pl,Philadelphia,PA,19101
1924,MEMBER_CHANGE,LPL Financial,lpl_financial,True,Karen,Cruz,Allen Investment Group,Allen Investment Group,7748 Central Blvd,New York,NY,10022
1925,RENAME,Ameriprise Financial Services,ameriprise,True,Amanda,Nelson,Nelson & Associates,Nelson Portfolio Group,9536 Liberty Ln,Memphis,TN,38101
1926,MEMBER_CHANGE,Commonwealth Financial Network,commonwealth,True,Jessica,Jackson,Martin Family Wealth Group,Martin Family Wealth Group,6214 Broad Pl,Raleigh,NC,27601
1927,RENAME,Ridgeway Wealth Management,ridgeway,False,Betty,Allen,Allen Advisors,Allen Partners,3938 Monroe Court,Philadelphia,PA,19101
1928,MEMBER_CHANGE,Cetera Financial Group,cetera,True,Christopher,Cruz,Morgan Wealth Partners,Morgan Wealth Partners,9561 Lincoln Pkwy,New York,NY,10022
1929,MEMBER_CHANGE,LPL Financial,lpl_financial,True,Linda,Wright,Taylor Wealth Partners,Taylor Wealth Partners,9878 Liberty Court,Jacksonville,FL,32201
1930,MEMBER_CHANGE,National Planning Holdings,nph,True,John,Patel,Wilson Institutional Group,Wilson Institutional Group,5558 Oak Ave,Denver,CO,80201
1931,MEMBER_CHANGE,Summit Peak Advisors,summit_peak,False,Betty,Brown,Khan Private Wealth,Khan Private Wealth,7615 Lincoln Blvd,Kansas City,MO,64101
1932,MEMBER_CHANGE,Morgan Stanley Wealth Management,morgan_stanley,True,Ashley,Zhang,Thomas Investment Group,Thomas Investment Group,5036 River Ave,Austin,TX,78701
1933,RENAME,Stifel Nicolaus & Company,stifel_nicolaus,True,Anthony,Green,Green Wealth Advisors,Green Private Wealth Group,4109 Elm Court,Louisville,KY,40201
1934,MEMBER_CHANGE,Morgan Stanley Wealth Management,morgan_stanley,True,Jennifer,Roberts,Taylor Capital Group,Taylor Capital Group,1736 Commerce Court,Memphis,TN,38101
1935,MEMBER_CHANGE,Harborview Private Wealth,harborview,False,Megan,Chen,Wang Capital Partners,Wang Capital Partners,6265 Jefferson Dr,Philadelphia,PA,19101
1936,MEMBER_CHANGE,DA Davidson & Co.,da_davidson,True,Matthew,Huang,King Investment Group,King Investment Group,6651 Monroe Pl,Seattle,WA,98101
1937,MERGE_TARGET,Clearwater Capital Group,clearwater,False,Sandra,Phillips,Phillips Family Office,Phillips Family Office,8850 Maple Pl,Minneapolis,MN,55401
1938,MEMBER_CHANGE,Ridgeway Wealth Management,ridgeway,False,Charles,Hall,Johnson Advisors,Johnson Advisors,3018 Monroe Dr,Louisville,KY,40201
1939,MEMBER_CHANGE,Hilliard Lyons,hilliard_lyons,True,David,Baker,Rivera Wealth Management Group,Rivera Wealth Management Group,9916 Monroe Ln,Houston,TX,77001
1940,MEMBER_CHANGE,Kingsbridge Capital Advisors,kingsbridge,False,Susan,Green,Wilson Capital Partners,Wilson Capital Partners,3179 Oak Dr,Denver,CO,80201
1941,MERGE_TARGET,Cetera Financial Group,cetera,True,David,Wright,Wright Asset Management Group,Wright Asset Management Group,3047 Madison Blvd,Seattle,WA,98101
1942,RENAME,Janney Montgomery Scott,janney,True,Nancy,Cruz,Cruz Asset Management Group,Cruz Financial Group,670 Hill Ln,Austin,TX,78701
1943,MEMBER_CHANGE,LPL Financial,lpl_financial,True,Daniel,Nelson,Cruz Wealth Advisors,Cruz Wealth Advisors,1843 Jefferson Ave,Washington,DC,20001
1944,MEMBER_CHANGE,Ridgeway Wealth Management,ridgeway,False,Matthew,Lee,Diaz Family Office,Diaz Family Office,300 Washington Pl,San Diego,CA,92101
1945,RENAME,National Planning Holdings,nph,True,Barbara,Nguyen,Nguyen Wealth Management Group,Nguyen Institutional Group,7549 Main Way,Memphis,TN,38101
1946,SPLIT_PARENT,Cetera Financial Group,cetera,True,Michael,Allen,Allen Asset Management Group,Allen Asset Management Group,4337 Adams Ave,St. Louis,MO,63101
1947,RENAME,Summit Peak Advisors,summit_peak,False,Ashley,Rivera,Rivera Asset Management,Rivera Private Wealth,7858 Liberty Pl,Tampa,FL,33601
1948,MERGE_SURVIVOR,Hilliard Lyons,hilliard_lyons,True,Joseph,Patel,Patel Investment Group,Patel Investment Group,7047 Central Ln,Phoenix,AZ,85001
1949,MEMBER_CHANGE,Raymond James Financial Services,raymond_james,True,Emily,Kim,Wright Family Wealth Group,Wright Family Wealth Group,9769 Hill Dr,Miami,FL,33101
1950,MEMBER_CHANGE,Clearwater Capital Group,clearwater,False,Anthony,Huang,Reyes Capital Partners,Reyes Capital Partners,7225 Oak Way,Seattle,WA,98101
1951,RENAME,UBS Financial Services,ubs,True,Joseph,Huang,Huang Private Wealth Group,Huang Financial Group,7640 Willow St,St. Louis,MO,63101
1952,MEMBER_CHANGE,Ridgeway Wealth Management,ridgeway,False,Mark,Smith,Martin Family Office,Martin Family Office,5628 Union Rd,New York,NY,10022
1953,MEMBER_CHANGE,Securities America,securities_america,True,David,Jackson,Anderson Wealth Partners,Anderson Wealth Partners,5947 Madison St,Atlanta,GA,30301
1954,RENAME,Oppenheimer & Co.,oppenheimer,True,Kenneth,Turner,Turner Institutional Group,Turner Wealth Management Group,9861 Cedar Pl,Los Angeles,CA,90001
1955,MEMBER_CHANGE,Securities America,securities_america,True,Andrew,Diaz,Harris Investment Group,Harris Investment Group,1477 Central Ave,San Diego,CA,92101
1956,MERGE_TARGET,Crestwood Family Office,crestwood,False,Charles,Turner,Turner Capital Partners,Turner Capital Partners,7163 Hill Pl,Kansas City,MO,64101
1957,MEMBER_CHANGE,Harborview Private Wealth,harborview,False,Robert,Williams,Harris Asset Management,Harris Asset Management,9423 Jefferson St,Houston,TX,77001
1958,RENAME,Oppenheimer & Co.,oppenheimer,True,Karen,Williams,Williams Institutional Group,Williams Investment Group,1756 Lincoln Court,Phoenix,AZ,85001
1959,MEMBER_CHANGE,Oppenheimer & Co.,oppenheimer,True,Robert,Green,Green Asset Management Group,Green Asset Management Group,466 Washington Rd,Phoenix,AZ,85001
1960,MEMBER_CHANGE,Clearwater Capital Group,clearwater,False,Rachel,Moore,Davis Advisors,Davis Advisors,9453 Hill Rd,Richmond,VA,23219
1961,MEMBER_CHANGE,Cambridge Investment Research,cambridge_inv,True,Joseph,Morris,Zhang Advisory Group,Zhang Advisory Group,900 Willow Pkwy,Raleigh,NC,27601
1962,SPLIT_PARENT,Edward Jones,edward_jones,True,Sandra,Thompson,Thompson Family Wealth Group,Thompson Family Wealth Group,3142 Hill Court,Los Angeles,CA,90001
1963,RENAME,Woodbury Financial Services,woodbury,True,Betty,Wang,Wang & Allen Advisors,Wang Investment Group,4768 Hill St,Baltimore,MD,21201
1964,MEMBER_CHANGE,Edward Jones,edward_jones,True,Helen,Rivera,Patel Asset Management Group,Patel Asset Management Group,2226 Hill Rd,Kansas City,MO,64101
1965,SPLIT_PARENT,Woodbury Financial Services,woodbury,True,Sarah,Miller,Miller Advisory Group,Miller Advisory Group,3783 Main Pl,Columbus,OH,43201
1966,MEMBER_CHANGE,Merrill Lynch Pierce Fenner & Smith,merrill_lynch,True,Sandra,Chen,Young Family Wealth Group,Young Family Wealth Group,7647 Highland Ln,St. Louis,MO,63101
1967,RENAME,Oppenheimer & Co.,oppenheimer,True,Jessica,Nguyen,Nguyen Family Wealth Group,Nguyen Financial Group,9236 Main Pl,Oklahoma City,OK,73101
1968,RENAME,Oppenheimer & Co.,oppenheimer,True,Lisa,Lee,Lee Private Wealth Group,Lee Financial Group,2586 Jefferson Way,Fort Worth,TX,76101
1969,MEMBER_CHANGE,Securities America,securities_america,True,Nancy,Thompson,Cruz Asset Management Group,Cruz Asset Management Group,4289 Lincoln St,Portland,OR,97201
1970,MEMBER_CHANGE,Merrill Lynch Pierce Fenner & Smith,merrill_lynch,True,Andrew,Edwards,Carter Capital Group,Carter Capital Group,1461 Park Court,Louisville,KY,40201
1971,MEMBER_CHANGE,Janney Montgomery Scott,janney,True,Anthony,Parker,Morris Capital Group,Morris Capital Group,7497 Union Way,New York,NY,10022
1972,RENAME,Raymond James Financial Services,raymond_james,True,Amanda,Gomez,Gomez & Allen Advisors,Gomez Investment Group,5861 Highland Ln,Baltimore,MD,21201
1973,MEMBER_CHANGE,Northgate Investment Partners,northgate,False,Emily,Diaz,Morris Investment Partners,Morris Investment Partners,9216 Adams Way,Charlotte,NC,28201
1974,SPLIT_PARENT,DA Davidson & Co.,da_davidson,True,Jessica,Wilson,Wilson Asset Management Group,Wilson Asset Management Group,2123 Cedar Ln,Fort Worth,TX,76101
1975,MEMBER_CHANGE,Edward Jones,edward_jones,True,Betty,Young,Roberts Wealth Partners,Roberts Wealth Partners,3026 Washington Ln,Boston,MA,02101
1976,MEMBER_CHANGE,Cetera Financial Group,cetera,True,Steven,Collins,Morris Advisory Group,Morris Advisory Group,6951 Broad Rd,Nashville,TN,37201
1977,MEMBER_CHANGE,Northgate Investment Partners,northgate,False,Nancy,Liu,Turner Wealth,Turner Wealth,5306 Market Court,Tampa,FL,33601
1978,MEMBER_CHANGE,DA Davidson & Co.,da_davidson,True,Anthony,Young,Zhang Asset Management Group,Zhang Asset Management Group,8207 Monroe Way,Seattle,WA,98101
1979,MEMBER_CHANGE,Clearwater Capital Group,clearwater,False,David,Torres,Taylor Capital,Taylor Capital,6654 River St,Tampa,FL,33601
1980,RENAME,Clearwater Capital Group,clearwater,False,Jennifer,Morris,Morris & Associates,Morris Capital Partners,2922 Union Ave,Las Vegas,NV,89101
1981,SPLIT_PARENT,National Planning Holdings,nph,True,Margaret,Flores,Flores Asset Management Group,Flores Asset Management Group,3194 Church St,Richmond,VA,23219
1982,MEMBER_CHANGE,Stifel Nicolaus & Company,stifel_nicolaus,True,Michael,Turner,Evans Portfolio Group,Evans Portfolio Group,8347 Maple Pkwy,Portland,OR,97201
1983,MEMBER_CHANGE,Crestwood Family Office,crestwood,False,Betty,Flores,Johnson Private Wealth,Johnson Private Wealth,4195 Washington Pkwy,Raleigh,NC,27601
1984,SPLIT_PARENT,Ridgeway Wealth Management,ridgeway,False,David,Torres,Torres Partners,Torres Partners,9952 Church Ln,Boston,MA,02101
1985,MEMBER_CHANGE,Cambridge Investment Research,cambridge_inv,True,Betty,Khan,Zhang Investment Group,Zhang Investment Group,7600 Willow Dr,Austin,TX,78701
1986,MEMBER_CHANGE,Commonwealth Financial Network,commonwealth,True,Barbara,Jackson,King Investment Group,King Investment Group,4900 Maple St,Fort Worth,TX,76101
1987,RENAME,National Planning Holdings,nph,True,Dorothy,Nelson,Nelson & Associates,Nelson Advisory Group,9983 Jefferson Dr,Austin,TX,78701
1988,MEMBER_CHANGE,Ameriprise Financial Services,ameriprise,True,Betty,Torres,Diaz Private Wealth Group,Diaz Private Wealth Group,9996 Spring Blvd,Charlotte,NC,28201
1989,SPLIT_PARENT,Ameriprise Financial Services,ameriprise,True,William,Smith,Smith Family Wealth Group,Smith Family Wealth Group,629 Union Ln,Cleveland,OH,44101
1990,RENAME,Commonwealth Financial Network,commonwealth,True,Nancy,Jones,Jones Portfolio Group,Jones Asset Management Group,4360 Liberty Court,San Antonio,TX,78201
1991,MERGE_SURVIVOR,Harborview Private Wealth,harborview,False,Megan,Diaz,Diaz Asset Management,Diaz Asset Management,488 Jefferson Way,Chicago,IL,60601
1992,MEMBER_CHANGE,Janney Montgomery Scott,janney,True,Linda,Wright,Chen Family Wealth Group,Chen Family Wealth Group,753 Willow Ln,Miami,FL,33101
1993,MEMBER_CHANGE,Kingsbridge Capital Advisors,kingsbridge,False,Margaret,Moore,Green Wealth,Green Wealth,1797 Elm Rd,Pittsburgh,PA,15201
1994,MEMBER_CHANGE,Northgate Investment Partners,northgate,False,Dorothy,White,Reyes Capital,Reyes Capital,6104 Madison Pl,Dallas,TX,75201
1995,MEMBER_CHANGE,Parkside Wealth Strategies,parkside,False,Sandra,Zhang,Patel Capital Partners,Patel Capital Partners,3542 Hill Ave,Oklahoma City,OK,73101
1996,MEMBER_CHANGE,Kingsbridge Capital Advisors,kingsbridge,False,Ashley,Taylor,Nelson Capital Partners,Nelson Capital Partners,4109 Monroe Rd,Oklahoma City,OK,73101
1997,MEMBER_CHANGE,Janney Montgomery Scott,janney,True,Patricia,Flores,Wright Financial Group,Wright Financial Group,4325 Highland Rd,St. Louis,MO,63101
1998,MEMBER_CHANGE,UBS Financial Services,ubs,True,Helen,Hill,Moore Wealth Advisors,Moore Wealth Advisors,4825 Main Dr,Louisville,KY,40201
1999,MEMBER_CHANGE,National Planning Holdings,nph,True,Andrew,Edwards,Collins Wealth Partners,Collins Wealth Partners,5124 Liberty Blvd,Portland,OR,97201
2000,MEMBER_CHANGE,Kingsbridge Capital Advisors,kingsbridge,False,Kenneth,Smith,Baker Capital Partners,Baker Capital Partners,4931 Elm Blvd,Dallas,TX,75201
2001,RENAME,Woodbury Financial Services,woodbury,True,Andrew,Zhang,Zhang & Associates,Zhang Asset Management Group,4315 Church Dr,New York,NY,10022
2002,MEMBER_CHANGE,Meridian Private Wealth,meridian_pw,False,Sandra,Nelson,Gomez Investment Partners,Gomez Investment Partners,2530 Highland St,Indianapolis,IN,46201
2003,RENAME,Hilliard Lyons,hilliard_lyons,True,Barbara,Stewart,Stewart & Associates,Stewart Wealth Advisors,6749 Commerce Pkwy,San Jose,CA,95101
2004,MEMBER_CHANGE,Hilliard Lyons,hilliard_lyons,True,Barbara,Phillips,Gomez Wealth Advisors,Gomez Wealth Advisors,5249 Market Pl,Las Vegas,NV,89101
2005,RENAME,Meridian Private Wealth,meridian_pw,False,Linda,Diaz,Diaz Asset Management,Diaz Capital,8705 Commerce Blvd,Raleigh,NC,27601
2006,MEMBER_CHANGE,Highfield Asset Management,highfield,False,Joseph,Phillips,Smith Wealth,Smith Wealth,5709 Lake Rd,Fort Worth,TX,76101
2007,MEMBER_CHANGE,Stifel Nicolaus & Company,stifel_nicolaus,True,Jessica,Jackson,Thompson Portfolio Group,Thompson Portfolio Group,2059 Church Dr,Washington,DC,20001
2008,MEMBER_CHANGE,Commonwealth Financial Network,commonwealth,True,Barbara,Wang,Roberts Institutional Group,Roberts Institutional Group,299 Adams Court,Columbus,OH,43201
2009,MEMBER_CHANGE,Crestwood Family Office,crestwood,False,Andrew,Thomas,Torres Partners,Torres Partners,6628 Church Ave,Oklahoma City,OK,73101
2010,MEMBER_CHANGE,Cambridge Investment Research,cambridge_inv,True,Jennifer,Miller,Thompson Wealth Advisors,Thompson Wealth Advisors,8861 Adams Court,Phoenix,AZ,85001
2011,MEMBER_CHANGE,Summit Peak Advisors,summit_peak,False,Jessica,Young,Adams Wealth Management,Adams Wealth Management,8667 Lake Dr,Indianapolis,IN,46201
2012,MEMBER_CHANGE,Summit Peak Advisors,summit_peak,False,Helen,Lee,Edwards Advisors,Edwards Advisors,3841 Liberty Way,Austin,TX,78701
2013,RENAME,UBS Financial Services,ubs,True,Megan,Thompson,Thompson Asset Management Group,Thompson Wealth Advisors,4646 Maple Dr,Houston,TX,77001
2014,MEMBER_CHANGE,Highfield Asset Management,highfield,False,Kenneth,Zhang,Campbell Investment Partners,Campbell Investment Partners,1097 Park Dr,Charlotte,NC,28201
2015,MEMBER_CHANGE,National Planning Holdings,nph,True,Matthew,Scott,Baker Financial Group,Baker Financial Group,1710 Central St,Nashville,TN,37201
2016,MEMBER_CHANGE,Summit Peak Advisors,summit_peak,False,William,Johnson,Thomas Capital Partners,Thomas Capital Partners,2007 Jefferson Ave,Raleigh,NC,27601
2017,MEMBER_CHANGE,Edward Jones,edward_jones,True,Daniel,Williams,Mitchell Portfolio Group,Mitchell Portfolio Group,3622 Broad Way,Denver,CO,80201
2018,MEMBER_CHANGE,National Planning Holdings,nph,True,David,Martin,Gomez Asset Management Group,Gomez Asset Management Group,1927 Adams Way,Jacksonville,FL,32201
2019,SPLIT_PARENT,National Planning Holdings,nph,True,Amanda,Morris,Morris Financial Group,Morris Financial Group,108 Hill Ln,St. Louis,MO,63101
2020,RENAME,Robert W. Baird & Co.,rwbaird,True,Linda,Turner,Turner & Associates,Turner Investment Group,5484 Market Way,Miami,FL,33101
2021,RENAME,Janney Montgomery Scott,janney,True,Kenneth,Martin,Martin Institutional Group,Martin Wealth Advisors,4179 Spring Rd,Boston,MA,02101
2022,MEMBER_CHANGE,Cambridge Investment Research,cambridge_inv,True,Nancy,Scott,Turner Financial Group,Turner Financial Group,1926 Monroe Blvd,Minneapolis,MN,55401
2023,MEMBER_CHANGE,Morgan Stanley Wealth Management,morgan_stanley,True,Sandra,Morris,Yang Wealth Advisors,Yang Wealth Advisors,7808 Commerce Blvd,Austin,TX,78701
2024,MEMBER_CHANGE,Merrill Lynch Pierce Fenner & Smith,merrill_lynch,True,Thomas,Collins,Cruz Wealth Partners,Cruz Wealth Partners,1649 Jefferson Pl,Tampa,FL,33601
2025,RENAME,Clearwater Capital Group,clearwater,False,Daniel,Thomas,Thomas Wealth Management,Thomas Wealth,3897 Park Rd,Miami,FL,33101
2026,SPLIT_PARENT,Janney Montgomery Scott,janney,True,Sarah,Morgan,Morgan Wealth Advisors,Morgan Wealth Advisors,7831 Cedar Rd,Richmond,VA,23219
2027,RENAME,Edward Jones,edward_jones,True,Emily,Cruz,Cruz Family Wealth Group,Cruz Investment Group,5404 Washington Dr,Memphis,TN,38101
2028,MEMBER_CHANGE,Summit Peak Advisors,summit_peak,False,Robert,Flores,Zhang Capital,Zhang Capital,2674 Spring Court,Raleigh,NC,27601
2029,MEMBER_CHANGE,Kingsbridge Capital Advisors,kingsbridge,False,Margaret,Green,Patel Family Office,Patel Family Office,4513 Lake Rd,Raleigh,NC,27601
2030,MEMBER_CHANGE,Parkside Wealth Strategies,parkside,False,Joseph,Gomez,Torres Capital,Torres Capital,5117 Spring Pl,Nashville,TN,37201
2031,MEMBER_CHANGE,Ameriprise Financial Services,ameriprise,True,Andrew,Johnson,Green Portfolio Group,Green Portfolio Group,6547 Monroe Ln,New York,NY,10001
2032,MEMBER_CHANGE,Northgate Investment Partners,northgate,False,Daniel,Kim,Brown Family Office,Brown Family Office,5893 Church Blvd,Kansas City,MO,64101
2033,MEMBER_CHANGE,Northgate Investment Partners,northgate,False,Helen,Collins,Johnson Advisors,Johnson Advisors,3517 Union Rd,Seattle,WA,98101
2034,SPLIT_PARENT,Clearwater Capital Group,clearwater,False,Karen,Johnson,Johnson Private Wealth,Johnson Private Wealth,7104 Lincoln Pl,Boston,MA,02101
2035,MEMBER_CHANGE,Securities America,securities_america,True,Robert,Edwards,Khan Advisory Group,Khan Advisory Group,8340 Jefferson Rd,Philadelphia,PA,19101
2036,MEMBER_CHANGE,Merrill Lynch Pierce Fenner & Smith,merrill_lynch,True,Linda,Wilson,Taylor Capital Group,Taylor Capital Group,7959 Adams Pkwy,Raleigh,NC,27601
2037,SPLIT_PARENT,UBS Financial Services,ubs,True,Nancy,Edwards,Edwards Family Wealth Group,Edwards Family Wealth Group,8079 Lake Rd,St. Louis,MO,63101
2038,MEMBER_CHANGE,National Planning Holdings,nph,True,Joseph,Harris,Brown Private Wealth Group,Brown Private Wealth Group,1019 Church Pl,San Francisco,CA,94101
2039,MEMBER_CHANGE,Securities America,securities_america,True,Karen,Edwards,Adams Wealth Partners,Adams Wealth Partners,1919 Commerce Blvd,Houston,TX,77001
2040,RENAME,Oppenheimer & Co.,oppenheimer,True,Margaret,Lee,Lee Financial Group,Lee Investment Group,2564 Highland Rd,Portland,OR,97201
2041,MEMBER_CHANGE,Edward Jones,edward_jones,True,Linda,Miller,Garcia Financial Group,Garcia Financial Group,4117 Spring Pkwy,Tampa,FL,33601
2042,MEMBER_CHANGE,Northgate Investment Partners,northgate,False,Karen,Campbell,Carter Asset Management,Carter Asset Management,4874 Liberty St,San Diego,CA,92101
2043,RENAME,Northgate Investment Partners,northgate,False,William,Huang,Huang & Stewart Partners,Huang Private Wealth,6018 Monroe Way,Fort Worth,TX,76101
2044,MEMBER_CHANGE,LPL Financial,lpl_financial,True,Kenneth,Lee,Nelson Advisory Group,Nelson Advisory Group,7649 Willow Pl,Jacksonville,FL,32201
2045,MEMBER_CHANGE,Ridgeway Wealth Management,ridgeway,False,Paul,Torres,Martin Wealth Management,Martin Wealth Management,479 Elm Ave,Baltimore,MD,21201
2046,MEMBER_CHANGE,Cetera Financial Group,cetera,True,Sarah,Carter,Khan Financial Group,Khan Financial Group,886 Market St,Miami,FL,33101
2047,MEMBER_CHANGE,Hilliard Lyons,hilliard_lyons,True,Linda,Miller,Roberts Asset Management Group,Roberts Asset Management Group,625 Market Pl,Tampa,FL,33601
2048,RENAME,Commonwealth Financial Network,commonwealth,True,Andrew,Roberts,Roberts & Associates,Roberts Capital Group,1199 Adams Ave,Portland,OR,97201
2049,MEMBER_CHANGE,Merrill Lynch Pierce Fenner & Smith,merrill_lynch,True,Sarah,Moore,Morgan Private Wealth Group,Morgan Private Wealth Group,8812 Washington Court,Phoenix,AZ,85001
2050,MEMBER_CHANGE,National Planning Holdings,nph,True,Amanda,Johnson,Evans Institutional Group,Evans Institutional Group,3227 Monroe Ave,Milwaukee,WI,53201
2051,MEMBER_CHANGE,Clearwater Capital Group,clearwater,False,Robert,Martin,Nelson Capital Partners,Nelson Capital Partners,2593 Church Pl,Houston,TX,77001
2052,MEMBER_CHANGE,LPL Financial,lpl_financial,True,Barbara,Johnson,Wright Financial Group,Wright Financial Group,8746 Monroe Ln,New York,NY,10022
2053,SPLIT_PARENT,DA Davidson & Co.,da_davidson,True,Emily,Young,Young Wealth Management Group,Young Wealth Management Group,6488 Main St,Columbus,OH,43201
2054,MEMBER_CHANGE,Oppenheimer & Co.,oppenheimer,True,Jessica,Khan,Moore Wealth Partners,Moore Wealth Partners,3751 Highland Pl,Tampa,FL,33601
2055,MEMBER_CHANGE,Ameriprise Financial Services,ameriprise,True,Karen,Wilson,Morgan Portfolio Group,Morgan Portfolio Group,5910 Liberty Pkwy,Dallas,TX,75201
2056,MEMBER_CHANGE,Edward Jones,edward_jones,True,Mark,Wang,Jackson Wealth Partners,Jackson Wealth Partners,3075 Cedar St,Tampa,FL,33601
2057,MEMBER_CHANGE,Woodbury Financial Services,woodbury,True,Jennifer,Stewart,Morgan Investment Group,Morgan Investment Group,8948 Willow Ave,Nashville,TN,37201
2058,MEMBER_CHANGE,Meridian Private Wealth,meridian_pw,False,Jessica,White,Kim Advisors,Kim Advisors,3521 Park Rd,San Jose,CA,95101
2059,MEMBER_CHANGE,Cetera Financial Group,cetera,True,Linda,Chen,White Advisory Group,White Advisory Group,5921 Main Blvd,Atlanta,GA,30301
2060,RENAME,Wells Fargo Advisors,wells_fargo,True,Nancy,Johnson,Johnson & Associates,Johnson Financial Group,3517 Lincoln St,Atlanta,GA,30301
2061,MEMBER_CHANGE,Ameriprise Financial Services,ameriprise,True,Betty,Diaz,Thomas Advisory Group,Thomas Advisory Group,6334 Highland Ave,Phoenix,AZ,85001
2062,MEMBER_CHANGE,LPL Financial,lpl_financial,True,Margaret,Stewart,Wang Portfolio Group,Wang Portfolio Group,8562 Cedar Blvd,Fort Worth,TX,76101
2063,RENAME,Wells Fargo Advisors,wells_fargo,True,Linda,Stewart,Stewart & Reyes Group,Stewart Portfolio Group,5971 Adams Pl,Baltimore,MD,21201
2064,MEMBER_CHANGE,Edward Jones,edward_jones,True,Sarah,Adams,Garcia Wealth Advisors,Garcia Wealth Advisors,5995 Commerce Rd,Miami,FL,33101
2065,RENAME,Wells Fargo Advisors,wells_fargo,True,Dorothy,Johnson,Johnson Investment Group,Johnson Wealth Management Group,6326 Madison Ln,Philadelphia,PA,19101
2066,MEMBER_CHANGE,Hilliard Lyons,hilliard_lyons,True,Linda,Hall,Allen Private Wealth Group,Allen Private Wealth Group,7213 Church Rd,Columbus,OH,43201
2067,MEMBER_CHANGE,Harborview Private Wealth,harborview,False,Megan,Kim,Diaz Family Office,Diaz Family Office,7822 Main Rd,Nashville,TN,37201
2068,MEMBER_CHANGE,UBS Financial Services,ubs,True,Donald,Diaz,Zhang Advisory Group,Zhang Advisory Group,3005 Highland St,San Diego,CA,92101
2069,MEMBER_CHANGE,Cambridge Investment Research,cambridge_inv,True,Charles,Chen,Wilson Family Wealth Group,Wilson Family Wealth Group,7797 Monroe St,Chicago,IL,60601
2070,SPLIT_PARENT,Woodbury Financial Services,woodbury,True,Anthony,Huang,Huang Family Wealth Group,Huang Family Wealth Group,4901 Willow Pkwy,Baltimore,MD,21201
2071,MEMBER_CHANGE,Clearwater Capital Group,clearwater,False,Kenneth,Harris,Flores Capital,Flores Capital,2961 Market Blvd,Austin,TX,78701
2072,RENAME,Hilliard Lyons,hilliard_lyons,True,Joseph,Patel,Patel & Jackson Group,Patel Investment Group,591 Commerce Dr,Denver,CO,80201
2073,MEMBER_CHANGE,DA Davidson & Co.,da_davidson,True,Linda,Green,Wang Wealth Partners,Wang Wealth Partners,5360 Main St,Oklahoma City,OK,73101
2074,MEMBER_CHANGE,Morgan Stanley Wealth Management,morgan_stanley,True,Helen,Taylor,Williams Family Wealth Group,Williams Family Wealth Group,2464 Madison St,Tampa,FL,33601
2075,RENAME,DA Davidson & Co.,da_davidson,True,Megan,Reyes,Reyes Wealth Partners,Reyes Wealth Advisors,2881 Washington Ave,New York,NY,10001
2076,MEMBER_CHANGE,Hilliard Lyons,hilliard_lyons,True,Linda,Green,Garcia Asset Management Group,Garcia Asset Management Group,1186 Cedar Way,Kansas City,MO,64101
2077,RENAME,Cetera Financial Group,cetera,True,Jessica,Adams,Adams & Smith Advisors,Adams Investment Group,9983 Church St,Denver,CO,80201
2078,SPLIT_PARENT,Commonwealth Financial Network,commonwealth,True,Patricia,Yang,Yang Wealth Partners,Yang Wealth Partners,2200 Spring Court,Louisville,KY,40201
2079,MEMBER_CHANGE,Woodbury Financial Services,woodbury,True,Susan,Martin,Baker Financial Group,Baker Financial Group,9459 Park Blvd,Columbus,OH,43201
2080,MEMBER_CHANGE,Cambridge Investment Research,cambridge_inv,True,Helen,Martin,Khan Investment Group,Khan Investment Group,3795 Union Ave,Philadelphia,PA,19101
2081,MEMBER_CHANGE,Harborview Private Wealth,harborview,False,Daniel,Williams,Young Wealth Management,Young Wealth Management,1824 Lake Dr,Indianapolis,IN,46201
2082,RENAME,LPL Financial,lpl_financial,True,Kenneth,Wright,Wright & Associates,Wright Family Wealth Group,7671 Union Pkwy,Cleveland,OH,44101
2083,SPLIT_PARENT,Cambridge Investment Research,cambridge_inv,True,Emily,Liu,Liu Wealth Partners,Liu Wealth Partners,2257 Spring Ln,Louisville,KY,40201
2084,MEMBER_CHANGE,Ridgeway Wealth Management,ridgeway,False,Megan,Diaz,Gomez Partners,Gomez Partners,6408 Church St,Jacksonville,FL,32201
2085,MEMBER_CHANGE,LPL Financial,lpl_financial,True,Patricia,Liu,Moore Institutional Group,Moore Institutional Group,658 Lake Blvd,Memphis,TN,38101
2086,MEMBER_CHANGE,Oppenheimer & Co.,oppenheimer,True,Ashley,Brown,Roberts Financial Group,Roberts Financial Group,8027 Willow Dr,Portland,OR,97201
2087,MEMBER_CHANGE,DA Davidson & Co.,da_davidson,True,Christopher,Evans,Jackson Financial Group,Jackson Financial Group,4405 Central Way,San Antonio,TX,78201
2088,MEMBER_CHANGE,Crestwood Family Office,crestwood,False,Barbara,Campbell,Diaz Asset Management,Diaz Asset Management,5627 Spring Blvd,Indianapolis,IN,46201
2089,SPLIT_PARENT,Oppenheimer & Co.,oppenheimer,True,Linda,Morgan,Morgan Wealth Advisors,Morgan Wealth Advisors,7576 Union Ave,Oklahoma City,OK,73101
2090,RENAME,Northgate Investment Partners,northgate,False,Susan,Martin,Martin & Associates,Martin Wealth,6087 Madison St,Tampa,FL,33601
2091,MEMBER_CHANGE,Raymond James Financial Services,raymond_james,True,Susan,Cruz,White Financial Group,White Financial Group,1920 Cedar Court,Seattle,WA,98101
2092,MEMBER_CHANGE,Raymond James Financial Services,raymond_james,True,Lisa,Huang,Allen Financial Group,Allen Financial Group,7246 Central Ave,Miami,FL,33101
2093,SPLIT_PARENT,LPL Financial,lpl_financial,True,Betty,Lee,Lee Wealth Advisors,Lee Wealth Advisors,3292 Elm Dr,New York,NY,10022
2094,RENAME,Edward Jones,edward_jones,True,Lisa,Campbell,Campbell Investment Group,Campbell Portfolio Group,2586 Highland Court,Cleveland,OH,44101
2095,MEMBER_CHANGE,UBS Financial Services,ubs,True,William,Thomas,Torres Wealth Advisors,Torres Wealth Advisors,3875 Liberty Court,San Jose,CA,95101
2096,MEMBER_CHANGE,Hilliard Lyons,hilliard_lyons,True,Daniel,Diaz,Miller Institutional Group,Miller Institutional Group,2813 Church Pkwy,Columbus,OH,43201
2097,MEMBER_CHANGE,Clearwater Capital Group,clearwater,False,John,Nguyen,Mitchell Wealth Management,Mitchell Wealth Management,7047 Park Rd,Chicago,IL,60601
2098,RENAME,DA Davidson & Co.,da_davidson,True,Andrew,Nguyen,Nguyen & Diaz Advisors,Nguyen Wealth Advisors,7001 Commerce Way,Nashville,TN,37201
2099,RENAME,Raymond James Financial Services,raymond_james,True,Kenneth,Smith,Smith & Hall Advisors,Smith Private Wealth Group,4217 Liberty Court,Denver,CO,80201
2100,MEMBER_CHANGE,Edward Jones,edward_jones,True,John,Williams,Phillips Private Wealth Group,Phillips Private Wealth Group,1070 Monroe Ln,San Diego,CA,92101
2101,SPLIT_PARENT,Raymond James Financial Services,raymond_james,True,Patricia,Lee,Lee Investment Group,Lee Investment Group,4072 Lincoln Blvd,Baltimore,MD,21201
2102,SPLIT_PARENT,DA Davidson & Co.,da_davidson,True,Rachel,Thomas,Thomas Advisory Group,Thomas Advisory Group,5841 Maple Dr,San Francisco,CA,94101
2103,MEMBER_CHANGE,Raymond James Financial Services,raymond_james,True,Anthony,Harris,Davis Family Wealth Group,Davis Family Wealth Group,9699 Union Blvd,Fort Worth,TX,76101
2104,RENAME,Ameriprise Financial Services,ameriprise,True,Charles,Cruz,Cruz & Yang Partners,Cruz Wealth Partners,5465 Main Ave,Cleveland,OH,44101
2105,MEMBER_CHANGE,Janney Montgomery Scott,janney,True,Andrew,Williams,Miller Institutional Group,Miller Institutional Group,9904 Commerce Dr,Atlanta,GA,30301
2106,MEMBER_CHANGE,Janney Montgomery Scott,janney,True,Sandra,Gomez,Mitchell Family Wealth Group,Mitchell Family Wealth Group,7544 Elm Ave,Oklahoma City,OK,73101
2107,MEMBER_CHANGE,Highfield Asset Management,highfield,False,Steven,Smith,Williams Family Office,Williams Family Office,4285 Cedar Way,Milwaukee,WI,53201
2108,MEMBER_CHANGE,National Planning Holdings,nph,True,Anthony,Hall,Liu Family Wealth Group,Liu Family Wealth Group,8083 Monroe Rd,Columbus,OH,43201
2109,MEMBER_CHANGE,Cambridge Investment Research,cambridge_inv,True,Robert,Anderson,Garcia Family Wealth Group,Garcia Family Wealth Group,9984 Broad Pl,Charlotte,NC,28201
2110,MERGE_TARGET,Meridian Private Wealth,meridian_pw,False,Linda,Chen,Chen Family Office,Chen Family Office,7008 Oak Ave,San Francisco,CA,94101
2111,MEMBER_CHANGE,Clearwater Capital Group,clearwater,False,Sandra,Williams,Yang Investment Partners,Yang Investment Partners,8420 Spring Ln,Indianapolis,IN,46201
2112,MEMBER_CHANGE,Hilliard Lyons,hilliard_lyons,True,Paul,Johnson,Smith Private Wealth Group,Smith Private Wealth Group,8055 Lake Pkwy,Minneapolis,MN,55401
2113,MEMBER_CHANGE,Stifel Nicolaus & Company,stifel_nicolaus,True,Amanda,Morgan,Green Institutional Group,Green Institutional Group,4454 Cedar Way,Boston,MA,02101
2114,MEMBER_CHANGE,Woodbury Financial Services,woodbury,True,Robert,Scott,Nguyen Portfolio Group,Nguyen Portfolio Group,8602 Union Ln,Los Angeles,CA,90001
2115,MEMBER_CHANGE,Woodbury Financial Services,woodbury,True,Charles,Martin,Gomez Institutional Group,Gomez Institutional Group,1715 Highland Ave,San Antonio,TX,78201
2116,RENAME,Northgate Investment Partners,northgate,False,Donald,Torres,Torres Private Wealth,Torres Wealth Management,9992 Madison Ln,Los Angeles,CA,90001
2117,MEMBER_CHANGE,Hilliard Lyons,hilliard_lyons,True,Anthony,Morgan,Zhang Financial Group,Zhang Financial Group,9493 Market St,Memphis,TN,38101
2118,RENAME,Clearwater Capital Group,clearwater,False,Sandra,Parker,Parker Investment Partners,Parker Partners,3639 Highland Blvd,New York,NY,10022
2119,SPLIT_PARENT,Kingsbridge Capital Advisors,kingsbridge,False,Jennifer,Miller,Miller Investment Partners,Miller Investment Partners,6852 Main Way,Indianapolis,IN,46201
2120,MEMBER_CHANGE,Hilliard Lyons,hilliard_lyons,True,Rachel,Davis,Scott Advisory Group,Scott Advisory Group,4632 Jefferson St,Nashville,TN,37201
2121,MEMBER_CHANGE,Ameriprise Financial Services,ameriprise,True,Richard,Jackson,Morgan Investment Group,Morgan Investment Group,3530 Central Court,Nashville,TN,37201
2122,RENAME,Crestwood Family Office,crestwood,False,Betty,Morris,Morris Wealth Management,Morris Private Wealth,2918 Commerce Ave,Oklahoma City,OK,73101
2123,RENAME,Hilliard Lyons,hilliard_lyons,True,Amanda,Mitchell,Mitchell & Moore Partners,Mitchell Family Wealth Group,3828 Spring Rd,Philadelphia,PA,19101
2124,MEMBER_CHANGE,Parkside Wealth Strategies,parkside,False,Karen,Williams,Turner Family Office,Turner Family Office,5226 Broad Way,Austin,TX,78701
2125,MEMBER_CHANGE,Northgate Investment Partners,northgate,False,Amanda,Turner,Thomas Investment Partners,Thomas Investment Partners,8053 Willow Pl,Atlanta,GA,30301
2126,RENAME,Highfield Asset Management,highfield,False,Karen,Morris,Morris Advisors,Morris Capital,2861 Spring St,San Antonio,TX,78201
2127,MEMBER_CHANGE,Edward Jones,edward_jones,True,Susan,Collins,Allen Wealth Advisors,Allen Wealth Advisors,9282 River Court,Tampa,FL,33601
2128,MEMBER_CHANGE,LPL Financial,lpl_financial,True,Joseph,Martin,Evans Family Wealth Group,Evans Family Wealth Group,1344 Park Ave,Phoenix,AZ,85001
2129,RENAME,Harborview Private Wealth,harborview,False,Megan,Wang,Wang & Associates,Wang Family Office,4415 Elm Pl,Tampa,FL,33601
2130,MEMBER_CHANGE,Hilliard Lyons,hilliard_lyons,True,John,Lee,Wilson Asset Management Group,Wilson Asset Management Group,1797 Adams Rd,Richmond,VA,23219
2131,MEMBER_CHANGE,National Planning Holdings,nph,True,Patricia,Carter,King Advisory Group,King Advisory Group,7350 Oak Dr,Boston,MA,02101
2132,MEMBER_CHANGE,Raymond James Financial Services,raymond_james,True,Mark,Flores,Johnson Financial Group,Johnson Financial Group,3777 Liberty Dr,Charlotte,NC,28201
2133,MEMBER_CHANGE,Highfield Asset Management,highfield,False,Andrew,Campbell,Adams Advisors,Adams Advisors,2481 Main Rd,Charlotte,NC,28201
2134,MEMBER_CHANGE,Morgan Stanley Wealth Management,morgan_stanley,True,Susan,Kim,Baker Financial Group,Baker Financial Group,6891 Central Court,Portland,OR,97201
2135,MERGE_TARGET,Edward Jones,edward_jones,True,Margaret,Anderson,Anderson Wealth Advisors,Anderson Wealth Advisors,9617 Lincoln Pkwy,Las Vegas,NV,89101
2136,RENAME,Crestwood Family Office,crestwood,False,Steven,Collins,Collins & Collins Advisors,Collins Private Wealth,4418 Madison Pl,Louisville,KY,40201
2137,MEMBER_CHANGE,Highfield Asset Management,highfield,False,Charles,Scott,King Asset Management,King Asset Management,5950 Maple Blvd,Nashville,TN,37201
2138,MEMBER_CHANGE,Meridian Private Wealth,meridian_pw,False,Nancy,Green,Patel Asset Management,Patel Asset Management,9585 Elm Ave,Miami,FL,33101
2139,MEMBER_CHANGE,Harborview Private Wealth,harborview,False,Charles,Zhang,Mitchell Private Wealth,Mitchell Private Wealth,1817 Broad Dr,Washington,DC,20001
2140,MEMBER_CHANGE,Harborview Private Wealth,harborview,False,Donald,Wright,Lee Advisors,Lee Advisors,7723 Hill Pkwy,Chicago,IL,60601
2141,MERGE_TARGET,Ameriprise Financial Services,ameriprise,True,Amanda,Adams,Adams Financial Group,Adams Financial Group,9783 Madison Ave,San Jose,CA,95101
2142,MEMBER_CHANGE,Morgan Stanley Wealth Management,morgan_stanley,True,Margaret,Hill,Adams Wealth Advisors,Adams Wealth Advisors,1042 Willow Way,Dallas,TX,75201
2143,RENAME,Merrill Lynch Pierce Fenner & Smith,merrill_lynch,True,Lisa,Jones,Jones Wealth Advisors,Jones Family Wealth Group,4623 Highland Rd,New York,NY,10022
2144,MEMBER_CHANGE,Harborview Private Wealth,harborview,False,Amanda,Thompson,Hall Family Office,Hall Family Office,2284 Lincoln Dr,Atlanta,GA,30301
2145,MEMBER_CHANGE,Janney Montgomery Scott,janney,True,Nancy,Brown,Edwards Institutional Group,Edwards Institutional Group,5091 Spring Dr,Portland,OR,97201
2146,MEMBER_CHANGE,Summit Peak Advisors,summit_peak,False,William,Liu,Flores Capital,Flores Capital,8941 Union Pkwy,Nashville,TN,37201
2147,MERGE_SURVIVOR,Meridian Private Wealth,meridian_pw,False,James,Evans,Evans Partners,Evans Partners,5971 Highland Ave,Houston,TX,77001
2148,MEMBER_CHANGE,Woodbury Financial Services,woodbury,True,Steven,Morris,Campbell Asset Management Group,Campbell Asset Management Group,2741 Adams Dr,Charlotte,NC,28201
2149,MEMBER_CHANGE,Woodbury Financial Services,woodbury,True,Jessica,Roberts,Chen Investment Group,Chen Investment Group,583 Church Way,San Antonio,TX,78201
2150,RENAME,Oppenheimer & Co.,oppenheimer,True,David,Miller,Miller & Associates,Miller Asset Management Group,9504 Liberty Ln,Baltimore,MD,21201
2151,MEMBER_CHANGE,DA Davidson & Co.,da_davidson,True,John,Miller,Wilson Capital Group,Wilson Capital Group,3098 Cedar Rd,Washington,DC,20001
2152,MEMBER_CHANGE,LPL Financial,lpl_financial,True,Jennifer,Adams,Liu Wealth Partners,Liu Wealth Partners,8286 Maple Blvd,Indianapolis,IN,46201
2153,RENAME,DA Davidson & Co.,da_davidson,True,Matthew,White,White & Turner Group,White Capital Group,1436 Spring Way,Philadelphia,PA,19101
2154,MEMBER_CHANGE,Cambridge Investment Research,cambridge_inv,True,Helen,Jones,Johnson Portfolio Group,Johnson Portfolio Group,1097 Central St,Louisville,KY,40201
2155,MEMBER_CHANGE,Wells Fargo Advisors,wells_fargo,True,James,Johnson,Smith Wealth Advisors,Smith Wealth Advisors,306 Main Pl,Las Vegas,NV,89101
2156,MEMBER_CHANGE,Janney Montgomery Scott,janney,True,Andrew,Collins,Khan Portfolio Group,Khan Portfolio Group,9330 Willow Ave,Austin,TX,78701
2157,MERGE_SURVIVOR,Edward Jones,edward_jones,True,Amanda,Hall,Hall Investment Group,Hall Investment Group,8868 Park Pl,Philadelphia,PA,19101
2158,MEMBER_CHANGE,Meridian Private Wealth,meridian_pw,False,Sarah,White,Phillips Private Wealth,Phillips Private Wealth,9504 Washington Way,Austin,TX,78701
2159,MEMBER_CHANGE,Cambridge Investment Research,cambridge_inv,True,Ashley,Nelson,Lee Financial Group,Lee Financial Group,597 Broad St,Tampa,FL,33601
2160,MEMBER_CHANGE,Highfield Asset Management,highfield,False,Paul,Evans,Khan Investment Partners,Khan Investment Partners,4874 Cedar Pl,Austin,TX,78701
2161,MEMBER_CHANGE,National Planning Holdings,nph,True,John,Adams,Taylor Private Wealth Group,Taylor Private Wealth Group,8253 Park Pkwy,Dallas,TX,75201
2162,RENAME,Woodbury Financial Services,woodbury,True,Jennifer,Nelson,Nelson & Wang Group,Nelson Institutional Group,9078 Lincoln Way,San Antonio,TX,78201
2163,SPLIT_PARENT,Ridgeway Wealth Management,ridgeway,False,Helen,Jones,Jones Private Wealth,Jones Private Wealth,4134 Willow Blvd,Charlotte,NC,28201
2164,MEMBER_CHANGE,Clearwater Capital Group,clearwater,False,Margaret,Wilson,Thomas Family Office,Thomas Family Office,781 Willow St,Raleigh,NC,27601
2165,MEMBER_CHANGE,Summit Peak Advisors,summit_peak,False,Richard,Diaz,Miller Asset Management,Miller Asset Management,1590 Union Pl,Cleveland,OH,44101
2166,RENAME,National Planning Holdings,nph,True,Emily,Edwards,Edwards & White Group,Edwards Wealth Advisors,8647 Lincoln Court,Jacksonville,FL,32201
2167,MEMBER_CHANGE,Janney Montgomery Scott,janney,True,Sandra,Garcia,Wilson Financial Group,Wilson Financial Group,3344 River Ln,Memphis,TN,38101
2168,MEMBER_CHANGE,Cetera Financial Group,cetera,True,Karen,Flores,Garcia Financial Group,Garcia Financial Group,490 Commerce Ave,Nashville,TN,37201
2169,MEMBER_CHANGE,Securities America,securities_america,True,Sarah,Flores,Evans Asset Management Group,Evans Asset Management Group,5111 Commerce Rd,Chicago,IL,60601
2170,MEMBER_CHANGE,Cambridge Investment Research,cambridge_inv,True,Nancy,Moore,Thomas Private Wealth Group,Thomas Private Wealth Group,5131 Highland Pkwy,Tampa,FL,33601
2171,MEMBER_CHANGE,LPL Financial,lpl_financial,True,Paul,Scott,Stewart Wealth Management Group,Stewart Wealth Management Group,8853 Main St,Denver,CO,80201
2172,MEMBER_CHANGE,DA Davidson & Co.,da_davidson,True,Richard,Collins,Scott Wealth Advisors,Scott Wealth Advisors,959 Union Ln,Miami,FL,33101
2173,MEMBER_CHANGE,Cambridge Investment Research,cambridge_inv,True,Dorothy,Torres,Rivera Capital Group,Rivera Capital Group,832 Park Ave,Kansas City,MO,64101
2174,MEMBER_CHANGE,LPL Financial,lpl_financial,True,Kenneth,Zhang,Collins Capital Group,Collins Capital Group,1295 Liberty Dr,Minneapolis,MN,55401
2175,MEMBER_CHANGE,Edward Jones,edward_jones,True,Nancy,Davis,Turner Portfolio Group,Turner Portfolio Group,355 Oak Ln,Fort Worth,TX,76101
2176,RENAME,Highfield Asset Management,highfield,False,Joseph,Kim,Kim & Associates,Kim Investment Partners,177 Lake Pl,Austin,TX,78701
2177,MEMBER_CHANGE,DA Davidson & Co.,da_davidson,True,Karen,Taylor,Torres Asset Management Group,Torres Asset Management Group,833 Elm Blvd,St. Louis,MO,63101
2178,MEMBER_CHANGE,Stifel Nicolaus & Company,stifel_nicolaus,True,Kenneth,Chen,Parker Wealth Partners,Parker Wealth Partners,7027 Union Pkwy,Denver,CO,80201
2179,RENAME,Edward Jones,edward_jones,True,Paul,Flores,Flores Wealth Partners,Flores Family Wealth Group,267 Madison Ln,Las Vegas,NV,89101
2180,MEMBER_CHANGE,Robert W. Baird & Co.,rwbaird,True,Sarah,Miller,Lee Financial Group,Lee Financial Group,4252 Broad St,Memphis,TN,38101
2181,SPLIT_PARENT,UBS Financial Services,ubs,True,Ashley,Wilson,Wilson Institutional Group,Wilson Institutional Group,3753 Maple Ave,San Antonio,TX,78201
2182,MEMBER_CHANGE,LPL Financial,lpl_financial,True,Linda,White,Jones Investment Group,Jones Investment Group,8897 Spring Blvd,Indianapolis,IN,46201
2183,MEMBER_CHANGE,Ridgeway Wealth Management,ridgeway,False,William,Torres,Young Asset Management,Young Asset Management,4793 River Pkwy,Indianapolis,IN,46201
2184,MEMBER_CHANGE,Wells Fargo Advisors,wells_fargo,True,Patricia,Khan,Hill Advisory Group,Hill Advisory Group,1517 Central Way,Jacksonville,FL,32201
2185,MEMBER_CHANGE,Raymond James Financial Services,raymond_james,True,Jessica,Johnson,Williams Financial Group,Williams Financial Group,7944 Cedar Ave,Columbus,OH,43201
2186,MEMBER_CHANGE,UBS Financial Services,ubs,True,Lisa,Diaz,Anderson Private Wealth Group,Anderson Private Wealth Group,1204 Lake Ln,Richmond,VA,23219
2187,SPLIT_PARENT,Hilliard Lyons,hilliard_lyons,True,Ashley,Stewart,Stewart Investment Group,Stewart Investment Group,7342 Broad St,Miami,FL,33101
2188,SPLIT_PARENT,Northgate Investment Partners,northgate,False,Matthew,Morgan,Morgan Advisors,Morgan Advisors,5308 Oak Pkwy,New York,NY,10001
2189,SPLIT_PARENT,Raymond James Financial Services,raymond_james,True,Jennifer,Huang,Huang Wealth Partners,Huang Wealth Partners,2975 Willow Way,Jacksonville,FL,32201
2190,MEMBER_CHANGE,Highfield Asset Management,highfield,False,Michael,Wilson,Hill Family Office,Hill Family Office,2608 River Court,Houston,TX,77001
2191,MEMBER_CHANGE,Stifel Nicolaus & Company,stifel_nicolaus,True,Linda,White,Turner Advisory Group,Turner Advisory Group,5603 Union Way,New York,NY,10022
2192,MERGE_TARGET,Meridian Private Wealth,meridian_pw,False,Ashley,Jones,Jones Advisors,Jones Advisors,9957 Market Rd,Boston,MA,02101
2193,RENAME,LPL Financial,lpl_financial,True,Charles,Carter,Carter & Allen Advisors,Carter Capital Group,1029 Cedar Ave,Baltimore,MD,21201
2194,RENAME,Cambridge Investment Research,cambridge_inv,True,Jessica,Johnson,Johnson & Associates,Johnson Portfolio Group,2883 Adams Pl,Louisville,KY,40201
2195,MEMBER_CHANGE,UBS Financial Services,ubs,True,Jessica,Gomez,Yang Private Wealth Group,Yang Private Wealth Group,3928 Main Ln,New York,NY,10001
2196,MEMBER_CHANGE,National Planning Holdings,nph,True,Robert,Reyes,Lee Asset Management Group,Lee Asset Management Group,9388 Cedar Dr,Los Angeles,CA,90001
2197,RENAME,National Planning Holdings,nph,True,Jessica,Jones,Jones & Flores Group,Jones Wealth Management Group,7905 Highland Ln,Seattle,WA,98101
2198,SPLIT_PARENT,Ridgeway Wealth Management,ridgeway,False,Amanda,Nguyen,Nguyen Capital Partners,Nguyen Capital Partners,3993 Union Way,Richmond,VA,23219
2199,RENAME,Robert W. Baird & Co.,rwbaird,True,Lisa,Turner,Turner & Associates,Turner Financial Group,7950 Elm Way,Tampa,FL,33601
2200,MEMBER_CHANGE,Highfield Asset Management,highfield,False,Linda,Cruz,White Capital,White Capital,4799 Church Blvd,Las Vegas,NV,89101
2201,MEMBER_CHANGE,Robert W. Baird & Co.,rwbaird,True,Patricia,Johnson,Torres Family Wealth Group,Torres Family Wealth Group,443 Madison Rd,Dallas,TX,75201
2202,SPLIT_PARENT,UBS Financial Services,ubs,True,Dorothy,Flores,Flores Family Wealth Group,Flores Family Wealth Group,8971 Lake Ln,San Diego,CA,92101
2203,MEMBER_CHANGE,Clearwater Capital Group,clearwater,False,Donald,Baker,Jackson Family Office,Jackson Family Office,6999 Madison Way,Atlanta,GA,30301
2204,MEMBER_CHANGE,Ameriprise Financial Services,ameriprise,True,John,Stewart,Nelson Capital Group,Nelson Capital Group,5634 Spring Ln,San Diego,CA,92101
2205,SPLIT_PARENT,Crestwood Family Office,crestwood,False,Susan,Jackson,Jackson Advisors,Jackson Advisors,3654 Liberty Dr,Portland,OR,97201
2206,MEMBER_CHANGE,Edward Jones,edward_jones,True,James,Garcia,Torres Financial Group,Torres Financial Group,9081 Monroe Ln,Louisville,KY,40201
2207,RENAME,Kingsbridge Capital Advisors,kingsbridge,False,Kenneth,Jackson,Jackson Private Wealth,Jackson Family Office,2415 Commerce Ave,Tampa,FL,33601
2208,SPLIT_PARENT,Kingsbridge Capital Advisors,kingsbridge,False,Ashley,Allen,Allen Wealth Management,Allen Wealth Management,6852 Oak Dr,Fort Worth,TX,76101
2209,MEMBER_CHANGE,Oppenheimer & Co.,oppenheimer,True,Betty,Brown,Liu Investment Group,Liu Investment Group,6396 Market Ln,Austin,TX,78701
2210,MEMBER_CHANGE,Ameriprise Financial Services,ameriprise,True,Nancy,Morgan,Edwards Advisory Group,Edwards Advisory Group,6423 Highland Blvd,San Francisco,CA,94101
2211,RENAME,Crestwood Family Office,crestwood,False,Emily,Morgan,Morgan & Associates,Morgan Capital,6684 Highland Dr,Dallas,TX,75201
2212,MEMBER_CHANGE,Cetera Financial Group,cetera,True,Amanda,Garcia,Nelson Advisory Group,Nelson Advisory Group,2239 Monroe Way,Nashville,TN,37201
2213,MEMBER_CHANGE,Woodbury Financial Services,woodbury,True,Andrew,Miller,Campbell Family Wealth Group,Campbell Family Wealth Group,678 Union Ave,Houston,TX,77001
2214,MEMBER_CHANGE,Merrill Lynch Pierce Fenner & Smith,merrill_lynch,True,William,Evans,Smith Wealth Management Group,Smith Wealth Management Group,5531 Maple Pl,Washington,DC,20001
2215,MEMBER_CHANGE,Edward Jones,edward_jones,True,William,Collins,Jackson Wealth Partners,Jackson Wealth Partners,1181 Willow Pkwy,Nashville,TN,37201
2216,MEMBER_CHANGE,National Planning Holdings,nph,True,Steven,Patel,Baker Capital Group,Baker Capital Group,2970 River Rd,Philadelphia,PA,19101
2217,RENAME,Summit Peak Advisors,summit_peak,False,Helen,Taylor,Taylor & Associates,Taylor Capital,2774 Madison Ave,Tampa,FL,33601
2218,SPLIT_PARENT,Parkside Wealth Strategies,parkside,False,Amanda,Flores,Flores Capital,Flores Capital,9302 Central Way,San Francisco,CA,94101
2219,MEMBER_CHANGE,Harborview Private Wealth,harborview,False,Amanda,Edwards,Davis Capital,Davis Capital,7389 Cedar St,San Diego,CA,92101
2220,MEMBER_CHANGE,Highfield Asset Management,highfield,False,Sarah,Young,Baker Family Office,Baker Family Office,7913 Washington St,Pittsburgh,PA,15201
2221,MEMBER_CHANGE,Harborview Private Wealth,harborview,False,James,Taylor,Kim Capital Partners,Kim Capital Partners,9682 Highland Blvd,Atlanta,GA,30301
2222,RENAME,Highfield Asset Management,highfield,False,John,Hall,Hall Capital Partners,Hall Wealth Management,5733 Spring Ave,Louisville,KY,40201
2223,MEMBER_CHANGE,Merrill Lynch Pierce Fenner & Smith,merrill_lynch,True,Linda,Young,Wilson Portfolio Group,Wilson Portfolio Group,5016 Union Ln,Dallas,TX,75201
2224,RENAME,Wells Fargo Advisors,wells_fargo,True,Matthew,Turner,Turner Family Wealth Group,Turner Capital Group,4889 Liberty Ave,Washington,DC,20001
2225,MEMBER_CHANGE,Woodbury Financial Services,woodbury,True,Daniel,Young,Johnson Portfolio Group,Johnson Portfolio Group,9771 Madison Blvd,Louisville,KY,40201
2226,MEMBER_CHANGE,Meridian Private Wealth,meridian_pw,False,Paul,Harris,Thomas Asset Management,Thomas Asset Management,4691 Market St,Minneapolis,MN,55401
2227,MEMBER_CHANGE,Oppenheimer & Co.,oppenheimer,True,Robert,Zhang,Brown Institutional Group,Brown Institutional Group,4012 Liberty Rd,Indianapolis,IN,46201
2228,MEMBER_CHANGE,Ameriprise Financial Services,ameriprise,True,James,Kim,Wright Wealth Management Group,Wright Wealth Management Group,4570 Adams Way,Phoenix,AZ,85001
2229,MEMBER_CHANGE,Oppenheimer & Co.,oppenheimer,True,Megan,Allen,Williams Investment Group,Williams Investment Group,274 Adams Pkwy,New York,NY,10022
2230,MEMBER_CHANGE,Janney Montgomery Scott,janney,True,Linda,Roberts,Thomas Financial Group,Thomas Financial Group,6326 Lincoln St,San Francisco,CA,94101
2231,MEMBER_CHANGE,Harborview Private Wealth,harborview,False,Daniel,Smith,Wright Private Wealth,Wright Private Wealth,8498 Madison Ln,Oklahoma City,OK,73101
2232,MEMBER_CHANGE,Raymond James Financial Services,raymond_james,True,Joseph,Wilson,Reyes Wealth Partners,Reyes Wealth Partners,9150 Park Way,Seattle,WA,98101
2233,RENAME,Robert W. Baird & Co.,rwbaird,True,David,Wang,Wang Investment Group,Wang Financial Group,1489 Union Pl,Miami,FL,33101
2234,MERGE_TARGET,Highfield Asset Management,highfield,False,Joseph,Johnson,Johnson Capital,Johnson Capital,1853 Lake Ave,Austin,TX,78701
2235,MEMBER_CHANGE,Hilliard Lyons,hilliard_lyons,True,Patricia,Adams,Moore Portfolio Group,Moore Portfolio Group,3982 Monroe Ave,Houston,TX,77001
2236,MEMBER_CHANGE,Morgan Stanley Wealth Management,morgan_stanley,True,Paul,Diaz,Stewart Capital Group,Stewart Capital Group,1253 Elm Pkwy,Kansas City,MO,64101
2237,MEMBER_CHANGE,Kingsbridge Capital Advisors,kingsbridge,False,Emily,Hall,Patel Wealth,Patel Wealth,2098 Oak Blvd,Jacksonville,FL,32201
2238,MEMBER_CHANGE,Parkside Wealth Strategies,parkside,False,Nancy,Miller,Anderson Wealth,Anderson Wealth,1600 Main Ln,Columbus,OH,43201
2239,MEMBER_CHANGE,Edward Jones,edward_jones,True,Michael,Liu,Collins Private Wealth Group,Collins Private Wealth Group,6438 Spring Court,Jacksonville,FL,32201
2240,MEMBER_CHANGE,Commonwealth Financial Network,commonwealth,True,Linda,Mitchell,Collins Financial Group,Collins Financial Group,3148 Commerce Rd,Pittsburgh,PA,15201
2241,RENAME,Meridian Private Wealth,meridian_pw,False,Michael,Adams,Adams & Nelson Group,Adams Capital,8416 Main Ave,Austin,TX,78701
2242,MEMBER_CHANGE,Edward Jones,edward_jones,True,Linda,Harris,Moore Wealth Advisors,Moore Wealth Advisors,9527 Park Ave,Houston,TX,77001
2243,RENAME,Edward Jones,edward_jones,True,Daniel,Zhang,Zhang & Associates,Zhang Capital Group,3830 Washington Ln,Pittsburgh,PA,15201
2244,RENAME,Janney Montgomery Scott,janney,True,Megan,Flores,Flores Portfolio Group,Flores Wealth Advisors,4776 Park Ln,Indianapolis,IN,46201
2245,SPLIT_PARENT,Clearwater Capital Group,clearwater,False,Lisa,Stewart,Stewart Advisors,Stewart Advisors,8792 Main Rd,Seattle,WA,98101
2246,MEMBER_CHANGE,Northgate Investment Partners,northgate,False,Patricia,Martin,Jones Partners,Jones Partners,1128 Commerce Pl,Chicago,IL,60601
2247,MEMBER_CHANGE,Woodbury Financial Services,woodbury,True,Amanda,Thompson,Garcia Institutional Group,Garcia Institutional Group,7406 Main Ave,Nashville,TN,37201
2248,RENAME,National Planning Holdings,nph,True,Karen,Edwards,Edwards & Associates,Edwards Institutional Group,1179 Highland Rd,Nashville,TN,37201
2249,MEMBER_CHANGE,Ameriprise Financial Services,ameriprise,True,Amanda,Anderson,Stewart Financial Group,Stewart Financial Group,6169 Commerce Rd,Minneapolis,MN,55401
2250,SPLIT_PARENT,Oppenheimer & Co.,oppenheimer,True,Jessica,Stewart,Stewart Advisory Group,Stewart Advisory Group,3837 Highland Blvd,Los Angeles,CA,90001
2251,RENAME,Harborview Private Wealth,harborview,False,Lisa,Flores,Flores & Zhang Advisors,Flores Capital Partners,7663 Spring Ln,Kansas City,MO,64101
2252,MEMBER_CHANGE,Meridian Private Wealth,meridian_pw,False,James,Garcia,Adams Capital,Adams Capital,2427 Adams Ln,Baltimore,MD,21201
2253,MEMBER_CHANGE,Morgan Stanley Wealth Management,morgan_stanley,True,Megan,Green,Patel Capital Group,Patel Capital Group,6349 Church Blvd,Memphis,TN,38101
2254,RENAME,Hilliard Lyons,hilliard_lyons,True,James,Green,Green & Adams Advisors,Green Institutional Group,2930 Elm Pkwy,Austin,TX,78701
2255,MEMBER_CHANGE,Edward Jones,edward_jones,True,Andrew,Yang,Johnson Asset Management Group,Johnson Asset Management Group,7837 Elm Rd,Oklahoma City,OK,73101
2256,MEMBER_CHANGE,Edward Jones,edward_jones,True,Lisa,Green,Hall Asset Management Group,Hall Asset Management Group,2693 River Court,San Francisco,CA,94101
2257,MEMBER_CHANGE,Stifel Nicolaus & Company,stifel_nicolaus,True,John,Phillips,Hall Portfolio Group,Hall Portfolio Group,8277 Madison Ln,San Jose,CA,95101
2258,SPLIT_PARENT,Commonwealth Financial Network,commonwealth,True,Michael,Scott,Scott Private Wealth Group,Scott Private Wealth Group,1196 Spring Way,St. Louis,MO,63101
2259,MEMBER_CHANGE,Janney Montgomery Scott,janney,True,Ashley,Jackson,Harris Wealth Advisors,Harris Wealth Advisors,8197 Park Ln,Minneapolis,MN,55401
2260,MEMBER_CHANGE,Morgan Stanley Wealth Management,morgan_stanley,True,Anthony,Gomez,Turner Investment Group,Turner Investment Group,5647 Church Rd,Richmond,VA,23219
2261,MEMBER_CHANGE,Cetera Financial Group,cetera,True,Barbara,Lee,Davis Portfolio Group,Davis Portfolio Group,2220 Market Rd,Oklahoma City,OK,73101
2262,RENAME,Crestwood Family Office,crestwood,False,Karen,Khan,Khan & Mitchell Advisors,Khan Capital,6154 Highland Way,Houston,TX,77001
2263,RENAME,Morgan Stanley Wealth Management,morgan_stanley,True,Ashley,Torres,Torres & Brown Partners,Torres Asset Management Group,4132 Park Pl,Columbus,OH,43201
2264,MEMBER_CHANGE,Parkside Wealth Strategies,parkside,False,Robert,Campbell,Turner Capital Partners,Turner Capital Partners,4696 Central Pl,Portland,OR,97201
2265,MEMBER_CHANGE,Summit Peak Advisors,summit_peak,False,Michael,Huang,Edwards Advisors,Edwards Advisors,2182 Spring Pkwy,Columbus,OH,43201
2266,RENAME,Harborview Private Wealth,harborview,False,Rachel,Evans,Evans & Cruz Group,Evans Advisors,4181 Commerce Pkwy,Raleigh,NC,27601
2267,MEMBER_CHANGE,Highfield Asset Management,highfield,False,Megan,Morris,King Asset Management,King Asset Management,1666 Lincoln Blvd,Richmond,VA,23219
2268,RENAME,Oppenheimer & Co.,oppenheimer,True,David,Campbell,Campbell Portfolio Group,Campbell Financial Group,7680 Broad Rd,Houston,TX,77001
2269,MEMBER_CHANGE,Ameriprise Financial Services,ameriprise,True,Patricia,Edwards,Morgan Advisory Group,Morgan Advisory Group,4625 Liberty Blvd,Louisville,KY,40201
2270,MEMBER_CHANGE,Meridian Private Wealth,meridian_pw,False,James,Young,Baker Advisors,Baker Advisors,3759 Church St,Nashville,TN,37201
2271,MERGE_SURVIVOR,Hilliard Lyons,hilliard_lyons,True,Amanda,Baker,Baker Wealth Advisors,Baker Wealth Advisors,2494 Hill Pl,Minneapolis,MN,55401
2272,MEMBER_CHANGE,Oppenheimer & Co.,oppenheimer,True,Margaret,Hall,Liu Wealth Advisors,Liu Wealth Advisors,3377 Church Dr,St. Louis,MO,63101
2273,MEMBER_CHANGE,Woodbury Financial Services,woodbury,True,Charles,Davis,Young Family Wealth Group,Young Family Wealth Group,1092 Adams Dr,Cleveland,OH,44101
2274,MEMBER_CHANGE,Summit Peak Advisors,summit_peak,False,John,Khan,Young Advisors,Young Advisors,6260 Madison St,Denver,CO,80201
2275,MEMBER_CHANGE,Robert W. Baird & Co.,rwbaird,True,Ashley,Wright,Moore Wealth Partners,Moore Wealth Partners,514 Main Ln,Phoenix,AZ,85001
2276,MEMBER_CHANGE,Hilliard Lyons,hilliard_lyons,True,Karen,Turner,Morgan Investment Group,Morgan Investment Group,7418 Church Ln,Boston,MA,02101
2277,MEMBER_CHANGE,LPL Financial,lpl_financial,True,Sandra,Martin,Adams Capital Group,Adams Capital Group,1865 Hill Way,San Francisco,CA,94101
2278,MEMBER_CHANGE,Edward Jones,edward_jones,True,Michael,Baker,Nelson Wealth Partners,Nelson Wealth Partners,2768 Highland Blvd,Nashville,TN,37201
2279,MERGE_TARGET,Morgan Stanley Wealth Management,morgan_stanley,True,Joseph,Brown,Brown Capital Group,Brown Capital Group,9153 Commerce Pl,Dallas,TX,75201
2280,MEMBER_CHANGE,Oppenheimer & Co.,oppenheimer,True,Matthew,Edwards,Carter Wealth Management Group,Carter Wealth Management Group,7214 Church Pl,Memphis,TN,38101
2281,MEMBER_CHANGE,LPL Financial,lpl_financial,True,Karen,Hill,Evans Wealth Management Group,Evans Wealth Management Group,4735 Spring Pkwy,Portland,OR,97201
2282,MEMBER_CHANGE,UBS Financial Services,ubs,True,Donald,Evans,Brown Family Wealth Group,Brown Family Wealth Group,2260 Commerce Ave,Houston,TX,77001
2283,MEMBER_CHANGE,Raymond James Financial Services,raymond_james,True,Dorothy,Brown,Miller Wealth Advisors,Miller Wealth Advisors,2776 Liberty Dr,Phoenix,AZ,85001
2284,MEMBER_CHANGE,Northgate Investment Partners,northgate,False,John,Thomas,Scott Private Wealth,Scott Private Wealth,1429 Madison Pl,Houston,TX,77001
2285,MEMBER_CHANGE,Commonwealth Financial Network,commonwealth,True,Christopher,Wilson,Mitchell Wealth Management Group,Mitchell Wealth Management Group,8696 Madison Ln,Dallas,TX,75201
2286,RENAME,Securities America,securities_america,True,David,Lee,Lee Private Wealth Group,Lee Advisory Group,7448 Washington Ave,Indianapolis,IN,46201
2287,MEMBER_CHANGE,Stifel Nicolaus & Company,stifel_nicolaus,True,Mark,Harris,Brown Institutional Group,Brown Institutional Group,9237 Main St,Columbus,OH,43201
2288,RENAME,Commonwealth Financial Network,commonwealth,True,Robert,Williams,Williams Capital Group,Williams Advisory Group,3911 Elm Blvd,Miami,FL,33101
2289,MEMBER_CHANGE,Oppenheimer & Co.,oppenheimer,True,Ashley,White,Nguyen Institutional Group,Nguyen Institutional Group,6584 Main Court,Seattle,WA,98101
2290,MEMBER_CHANGE,Commonwealth Financial Network,commonwealth,True,Donald,Wright,Parker Family Wealth Group,Parker Family Wealth Group,6898 Central Ave,Los Angeles,CA,90001
2291,MEMBER_CHANGE,Edward Jones,edward_jones,True,Susan,Turner,Williams Advisory Group,Williams Advisory Group,3860 Highland Way,New York,NY,10001
2292,RENAME,Hilliard Lyons,hilliard_lyons,True,David,Gomez,Gomez & Young Advisors,Gomez Capital Group,8441 Washington Ln,Fort Worth,TX,76101
2293,RENAME,Raymond James Financial Services,raymond_james,True,Jessica,Smith,Smith & Associates,Smith Institutional Group,4710 Hill Court,Louisville,KY,40201
2294,MEMBER_CHANGE,Cambridge Investment Research,cambridge_inv,True,Emily,Kim,Taylor Advisory Group,Taylor Advisory Group,4298 Spring Dr,Nashville,TN,37201
2295,MEMBER_CHANGE,Highfield Asset Management,highfield,False,William,Young,Hill Wealth,Hill Wealth,4775 Jefferson St,Atlanta,GA,30301
2296,RENAME,Woodbury Financial Services,woodbury,True,Barbara,Morgan,Morgan & Associates,Morgan Asset Management Group,3452 Washington Ave,Los Angeles,CA,90001
2297,RENAME,DA Davidson & Co.,da_davidson,True,Richard,Stewart,Stewart & Smith Group,Stewart Advisory Group,3379 Monroe Pkwy,Denver,CO,80201
2298,MEMBER_CHANGE,Clearwater Capital Group,clearwater,False,Michael,Moore,Liu Wealth Management,Liu Wealth Management,5070 Willow Way,Chicago,IL,60601
2299,MERGE_TARGET,Kingsbridge Capital Advisors,kingsbridge,False,Mark,Roberts,Roberts Investment Partners,Roberts Investment Partners,3652 Market St,Denver,CO,80201
2300,RENAME,Morgan Stanley Wealth Management,morgan_stanley,True,Anthony,Chen,Chen & Thompson Group,Chen Investment Group,5571 Park Way,Las Vegas,NV,89101
2301,MEMBER_CHANGE,Crestwood Family Office,crestwood,False,John,Morris,Nelson Family Office,Nelson Family Office,9960 Monroe Blvd,Minneapolis,MN,55401
2302,RENAME,Commonwealth Financial Network,commonwealth,True,Helen,Phillips,Phillips & Associates,Phillips Wealth Partners,4171 Maple Pkwy,Philadelphia,PA,19101
2303,RENAME,Highfield Asset Management,highfield,False,James,Zhang,Zhang & Associates,Zhang Partners,919 Main Rd,New York,NY,10001
2304,MEMBER_CHANGE,Janney Montgomery Scott,janney,True,Sarah,Nguyen,Nguyen Family Wealth Group,Nguyen Family Wealth Group,9407 Washington Ave,Chicago,IL,60601
2305,MEMBER_CHANGE,Hilliard Lyons,hilliard_lyons,True,Nancy,Brown,Diaz Advisory Group,Diaz Advisory Group,7033 Adams Pl,Houston,TX,77001
2306,MEMBER_CHANGE,Robert W. Baird & Co.,rwbaird,True,Mark,Kim,Diaz Wealth Management Group,Diaz Wealth Management Group,4973 Monroe St,San Antonio,TX,78201
2307,RENAME,Janney Montgomery Scott,janney,True,Charles,Martin,Martin Asset Management Group,Martin Financial Group,3453 Cedar St,Raleigh,NC,27601
2308,SPLIT_PARENT,LPL Financial,lpl_financial,True,James,Davis,Davis Private Wealth Group,Davis Private Wealth Group,3947 Jefferson Pkwy,Boston,MA,02101
2309,MEMBER_CHANGE,Robert W. Baird & Co.,rwbaird,True,Lisa,Adams,Johnson Family Wealth Group,Johnson Family Wealth Group,9327 Commerce Ave,Dallas,TX,75201
2310,SPLIT_PARENT,Edward Jones,edward_jones,True,William,Hill,Hill Institutional Group,Hill Institutional Group,6283 Main St,Minneapolis,MN,55401
2311,MEMBER_CHANGE,Cetera Financial Group,cetera,True,Donald,Carter,Flores Investment Group,Flores Investment Group,317 Highland St,Houston,TX,77001
2312,MEMBER_CHANGE,Northgate Investment Partners,northgate,False,Sandra,Kim,Collins Investment Partners,Collins Investment Partners,7950 Park Rd,New York,NY,10022
2313,RENAME,Ridgeway Wealth Management,ridgeway,False,Paul,Huang,Huang & Associates,Huang Advisors,3947 Liberty Way,New York,NY,10001
2314,MERGE_SURVIVOR,Kingsbridge Capital Advisors,kingsbridge,False,Robert,Huang,Huang Wealth Management,Huang Wealth Management,7232 Central Way,Columbus,OH,43201
2315,RENAME,Harborview Private Wealth,harborview,False,Michael,Young,Young Capital,Young Private Wealth,1548 Broad Pl,Kansas City,MO,64101
2316,MEMBER_CHANGE,Clearwater Capital Group,clearwater,False,Linda,Johnson,Mitchell Capital,Mitchell Capital,6215 Union Pl,Boston,MA,02101
2317,MEMBER_CHANGE,Securities America,securities_america,True,Richard,Torres,King Family Wealth Group,King Family Wealth Group,5781 Madison Blvd,Pittsburgh,PA,15201
2318,MEMBER_CHANGE,DA Davidson & Co.,da_davidson,True,William,Phillips,Nelson Capital Group,Nelson Capital Group,4891 Elm Way,Tampa,FL,33601
2319,MEMBER_CHANGE,Cetera Financial Group,cetera,True,Nancy,Roberts,Green Private Wealth Group,Green Private Wealth Group,9965 Hill Blvd,Oklahoma City,OK,73101
2320,MEMBER_CHANGE,Parkside Wealth Strategies,parkside,False,Betty,Davis,Diaz Capital Partners,Diaz Capital Partners,7485 Monroe Court,San Jose,CA,95101
2321,MEMBER_CHANGE,Highfield Asset Management,highfield,False,Matthew,Chen,Wright Asset Management,Wright Asset Management,2476 Broad Pl,Tampa,FL,33601
2322,RENAME,Kingsbridge Capital Advisors,kingsbridge,False,Christopher,Zhang,Zhang & Associates,Zhang Wealth Management,2385 Park Ln,Phoenix,AZ,85001
2323,RENAME,Clearwater Capital Group,clearwater,False,Margaret,Liu,Liu & Associates,Liu Wealth,8314 Central St,Cleveland,OH,44101
2324,SPLIT_PARENT,Wells Fargo Advisors,wells_fargo,True,Emily,Smith,Smith Wealth Partners,Smith Wealth Partners,9118 Union Blvd,Columbus,OH,43201
2325,RENAME,Ridgeway Wealth Management,ridgeway,False,Jennifer,Hall,Hall & Associates,Hall Wealth,5432 Adams Pl,Boston,MA,02101
2326,SPLIT_PARENT,Parkside Wealth Strategies,parkside,False,Betty,Campbell,Campbell Family Office,Campbell Family Office,3689 Highland Pl,Baltimore,MD,21201
2327,MEMBER_CHANGE,Harborview Private Wealth,harborview,False,Kenneth,Gomez,White Capital Partners,White Capital Partners,2651 Liberty Dr,New York,NY,10001
2328,MEMBER_CHANGE,Highfield Asset Management,highfield,False,Ashley,Zhang,Khan Wealth,Khan Wealth,8213 Elm Ave,Denver,CO,80201
2329,RENAME,Stifel Nicolaus & Company,stifel_nicolaus,True,Betty,Allen,Allen Wealth Advisors,Allen Advisory Group,8979 Church Ave,Jacksonville,FL,32201
2330,MEMBER_CHANGE,Morgan Stanley Wealth Management,morgan_stanley,True,David,Phillips,Johnson Wealth Partners,Johnson Wealth Partners,2083 Park Blvd,Houston,TX,77001
2331,RENAME,Merrill Lynch Pierce Fenner & Smith,merrill_lynch,True,Steven,Adams,Adams & Associates,Adams Private Wealth Group,7012 Willow Ln,New York,NY,10001
2332,MEMBER_CHANGE,Harborview Private Wealth,harborview,False,Jennifer,Turner,Allen Private Wealth,Allen Private Wealth,6452 Willow Dr,Denver,CO,80201
2333,RENAME,Cetera Financial Group,cetera,True,Amanda,Gomez,Gomez & Jones Advisors,Gomez Financial Group,9821 Oak Way,Los Angeles,CA,90001
2334,MERGE_SURVIVOR,Commonwealth Financial Network,commonwealth,True,Sarah,Scott,Scott Wealth Management Group,Scott Wealth Management Group,4290 Liberty Way,Las Vegas,NV,89101
2335,MEMBER_CHANGE,Northgate Investment Partners,northgate,False,Thomas,Roberts,Morgan Wealth,Morgan Wealth,7025 Liberty Pkwy,Richmond,VA,23219
2336,MEMBER_CHANGE,Highfield Asset Management,highfield,False,Barbara,Harris,Cruz Capital Partners,Cruz Capital Partners,547 Lincoln St,Minneapolis,MN,55401
2337,MEMBER_CHANGE,Northgate Investment Partners,northgate,False,Betty,Kim,Baker Investment Partners,Baker Investment Partners,9008 Maple Ave,Charlotte,NC,28201
2338,MEMBER_CHANGE,Crestwood Family Office,crestwood,False,Margaret,Moore,Nelson Family Office,Nelson Family Office,5627 Lake Pkwy,Raleigh,NC,27601
2339,MEMBER_CHANGE,UBS Financial Services,ubs,True,John,Jones,Allen Wealth Advisors,Allen Wealth Advisors,7492 Park Pkwy,Baltimore,MD,21201
2340,MEMBER_CHANGE,Wells Fargo Advisors,wells_fargo,True,Dorothy,Johnson,Cruz Investment Group,Cruz Investment Group,9822 Union St,Miami,FL,33101
2341,MEMBER_CHANGE,Ameriprise Financial Services,ameriprise,True,Nancy,Campbell,Rivera Investment Group,Rivera Investment Group,7688 Hill Pkwy,Las Vegas,NV,89101
2342,RENAME,Summit Peak Advisors,summit_peak,False,Jessica,Diaz,Diaz & Associates,Diaz Partners,4248 Highland Ave,Cleveland,OH,44101
2343,MEMBER_CHANGE,Commonwealth Financial Network,commonwealth,True,Donald,King,Yang Financial Group,Yang Financial Group,4906 Washington St,Seattle,WA,98101
2344,MEMBER_CHANGE,Woodbury Financial Services,woodbury,True,Helen,Roberts,Green Private Wealth Group,Green Private Wealth Group,2636 Maple Dr,Raleigh,NC,27601
2345,MEMBER_CHANGE,Commonwealth Financial Network,commonwealth,True,Richard,Flores,Smith Asset Management Group,Smith Asset Management Group,2993 Monroe Ln,Los Angeles,CA,90001
2346,MEMBER_CHANGE,Janney Montgomery Scott,janney,True,Megan,Patel,White Capital Group,White Capital Group,9661 Commerce Dr,Atlanta,GA,30301
2347,MEMBER_CHANGE,Summit Peak Advisors,summit_peak,False,Robert,Phillips,Miller Capital,Miller Capital,2380 Elm Pkwy,Portland,OR,97201
2348,MERGE_SURVIVOR,Morgan Stanley Wealth Management,morgan_stanley,True,Ashley,Hall,Hall Capital Group,Hall Capital Group,7144 Main Court,Louisville,KY,40201
2349,MEMBER_CHANGE,Kingsbridge Capital Advisors,kingsbridge,False,Mark,Khan,Miller Family Office,Miller Family Office,7860 Oak Rd,Milwaukee,WI,53201
2350,MEMBER_CHANGE,Securities America,securities_america,True,Robert,Parker,Jones Private Wealth Group,Jones Private Wealth Group,1529 Hill Pl,Raleigh,NC,27601
2351,MERGE_TARGET,DA Davidson & Co.,da_davidson,True,Barbara,Wang,Wang Advisory Group,Wang Advisory Group,2353 Cedar St,San Jose,CA,95101
2352,RENAME,Merrill Lynch Pierce Fenner & Smith,merrill_lynch,True,Emily,Anderson,Anderson Portfolio Group,Anderson Institutional Group,3319 Jefferson Court,Louisville,KY,40201
2353,MEMBER_CHANGE,Securities America,securities_america,True,Charles,Flores,Baker Private Wealth Group,Baker Private Wealth Group,3139 Highland Ln,San Antonio,TX,78201
2354,MEMBER_CHANGE,Securities America,securities_america,True,Helen,Hall,White Advisory Group,White Advisory Group,2514 River Blvd,Memphis,TN,38101
2355,RENAME,Morgan Stanley Wealth Management,morgan_stanley,True,Karen,Brown,Brown Financial Group,Brown Wealth Advisors,299 Cedar Court,San Francisco,CA,94101
2356,MEMBER_CHANGE,National Planning Holdings,nph,True,Donald,Jones,Smith Wealth Partners,Smith Wealth Partners,2345 Spring Dr,Raleigh,NC,27601
2357,MEMBER_CHANGE,Summit Peak Advisors,summit_peak,False,Anthony,Jones,Thomas Capital Partners,Thomas Capital Partners,7936 Commerce Dr,Philadelphia,PA,19101
2358,RENAME,LPL Financial,lpl_financial,True,Nancy,Carter,Carter Wealth Partners,Carter Institutional Group,8970 Maple Blvd,San Diego,CA,92101
2359,MEMBER_CHANGE,Meridian Private Wealth,meridian_pw,False,Patricia,Reyes,Moore Wealth,Moore Wealth,7926 Market Ave,Portland,OR,97201
2360,MEMBER_CHANGE,LPL Financial,lpl_financial,True,Sandra,Adams,Turner Asset Management Group,Turner Asset Management Group,6026 Lake Rd,Baltimore,MD,21201
2361,MEMBER_CHANGE,UBS Financial Services,ubs,True,Paul,Morgan,Williams Capital Group,Williams Capital Group,6565 Main Dr,Louisville,KY,40201
2362,MEMBER_CHANGE,DA Davidson & Co.,da_davidson,True,Donald,Baker,Phillips Advisory Group,Phillips Advisory Group,2186 Commerce Pkwy,Miami,FL,33101
2363,MEMBER_CHANGE,Highfield Asset Management,highfield,False,David,Parker,Diaz Capital,Diaz Capital,4054 Broad Court,Seattle,WA,98101
2364,SPLIT_PARENT,Commonwealth Financial Network,commonwealth,True,William,Green,Green Portfolio Group,Green Portfolio Group,606 Madison Ave,Boston,MA,02101
2365,MEMBER_CHANGE,Merrill Lynch Pierce Fenner & Smith,merrill_lynch,True,Christopher,Allen,Morgan Institutional Group,Morgan Institutional Group,754 Willow Rd,Memphis,TN,38101
2366,MEMBER_CHANGE,Robert W. Baird & Co.,rwbaird,True,Dorothy,Liu,Diaz Capital Group,Diaz Capital Group,5072 Central Pkwy,Nashville,TN,37201
2367,MEMBER_CHANGE,Parkside Wealth Strategies,parkside,False,Jessica,Zhang,Zhang Capital Partners,Zhang Capital Partners,8479 Commerce Ln,Pittsburgh,PA,15201
2368,MEMBER_CHANGE,Harborview Private Wealth,harborview,False,Amanda,Khan,Kim Wealth Management,Kim Wealth Management,9919 Union Pkwy,San Diego,CA,92101
2369,MEMBER_CHANGE,Commonwealth Financial Network,commonwealth,True,Nancy,Phillips,Garcia Family Wealth Group,Garcia Family Wealth Group,8122 Spring Court,Cleveland,OH,44101
2370,MEMBER_CHANGE,Woodbury Financial Services,woodbury,True,Megan,Hall,Martin Institutional Group,Martin Institutional Group,4494 Hill Rd,St. Louis,MO,63101
2371,SPLIT_PARENT,Cambridge Investment Research,cambridge_inv,True,Mark,King,King Capital Group,King Capital Group,4022 Highland Dr,Washington,DC,20001
2372,MEMBER_CHANGE,Janney Montgomery Scott,janney,True,Linda,Thomas,Lee Capital Group,Lee Capital Group,8581 Union Ln,San Francisco,CA,94101
2373,SPLIT_PARENT,Robert W. Baird & Co.,rwbaird,True,Megan,Green,Green Institutional Group,Green Institutional Group,3185 Monroe Pkwy,San Diego,CA,92101
2374,MEMBER_CHANGE,Summit Peak Advisors,summit_peak,False,Megan,Wilson,Thomas Private Wealth,Thomas Private Wealth,8992 Central Pl,Fort Worth,TX,76101
2375,MEMBER_CHANGE,Summit Peak Advisors,summit_peak,False,Joseph,Jackson,Gomez Asset Management,Gomez Asset Management,2941 Cedar Rd,Charlotte,NC,28201
2376,MEMBER_CHANGE,Edward Jones,edward_jones,True,Jennifer,Anderson,Patel Institutional Group,Patel Institutional Group,5627 Washington Way,Louisville,KY,40201
2377,SPLIT_PARENT,Stifel Nicolaus & Company,stifel_nicolaus,True,Betty,Baker,Baker Family Wealth Group,Baker Family Wealth Group,4535 Highland Way,Tampa,FL,33601
2378,MEMBER_CHANGE,Oppenheimer & Co.,oppenheimer,True,Betty,Scott,Martin Portfolio Group,Martin Portfolio Group,1280 Hill Ave,Las Vegas,NV,89101
2379,MEMBER_CHANGE,Clearwater Capital Group,clearwater,False,Robert,Reyes,Hill Partners,Hill Partners,1190 Park Rd,Minneapolis,MN,55401
2380,MEMBER_CHANGE,Ameriprise Financial Services,ameriprise,True,David,Khan,Gomez Wealth Partners,Gomez Wealth Partners,8474 Highland Ln,Jacksonville,FL,32201
2381,RENAME,Robert W. Baird & Co.,rwbaird,True,Michael,Green,Green & Associates,Green Institutional Group,8120 Broad Ave,Raleigh,NC,27601
2382,MEMBER_CHANGE,Cetera Financial Group,cetera,True,Emily,Yang,King Private Wealth Group,King Private Wealth Group,2389 Washington Ave,Louisville,KY,40201
2383,RENAME,Northgate Investment Partners,northgate,False,Michael,Williams,Williams Partners,Williams Wealth,4644 Cedar Court,Tampa,FL,33601
2384,RENAME,Robert W. Baird & Co.,rwbaird,True,Thomas,Patel,Patel Wealth Advisors,Patel Private Wealth Group,7034 Park St,Portland,OR,97201
2385,MEMBER_CHANGE,UBS Financial Services,ubs,True,Sarah,Young,Davis Capital Group,Davis Capital Group,4641 River Ln,Charlotte,NC,28201
2386,MEMBER_CHANGE,Stifel Nicolaus & Company,stifel_nicolaus,True,David,Collins,Evans Portfolio Group,Evans Portfolio Group,9448 Monroe Rd,Boston,MA,02101
2387,MEMBER_CHANGE,Hilliard Lyons,hilliard_lyons,True,Andrew,Moore,Moore Wealth Management Group,Moore Wealth Management Group,9171 Highland Pl,Columbus,OH,43201
2388,RENAME,LPL Financial,lpl_financial,True,Nancy,Jackson,Jackson & Rivera Partners,Jackson Wealth Advisors,385 Washington Ave,Portland,OR,97201
2389,MEMBER_CHANGE,Crestwood Family Office,crestwood,False,Jennifer,Gomez,Thompson Capital Partners,Thompson Capital Partners,2140 Cedar Dr,Baltimore,MD,21201
2390,MEMBER_CHANGE,Stifel Nicolaus & Company,stifel_nicolaus,True,Sarah,Stewart,Nelson Portfolio Group,Nelson Portfolio Group,2813 Washington Dr,San Francisco,CA,94101
2391,MEMBER_CHANGE,Wells Fargo Advisors,wells_fargo,True,Jessica,Hill,Harris Institutional Group,Harris Institutional Group,5154 Madison Pkwy,St. Louis,MO,63101
2392,MEMBER_CHANGE,Meridian Private Wealth,meridian_pw,False,Anthony,Stewart,Adams Advisors,Adams Advisors,3904 Cedar Ave,Baltimore,MD,21201
2393,SPLIT_PARENT,Harborview Private Wealth,harborview,False,Ashley,Adams,Adams Capital,Adams Capital,6399 Broad Ln,New York,NY,10022
2394,MERGE_SURVIVOR,Securities America,securities_america,True,Paul,Jackson,Jackson Institutional Group,Jackson Institutional Group,8153 Madison Court,Oklahoma City,OK,73101
2395,MERGE_TARGET,Oppenheimer & Co.,oppenheimer,True,John,Hall,Hall Wealth Advisors,Hall Wealth Advisors,6455 Jefferson Pkwy,Fort Worth,TX,76101
2396,MEMBER_CHANGE,Hilliard Lyons,hilliard_lyons,True,Kenneth,Lee,Collins Private Wealth Group,Collins Private Wealth Group,9946 Liberty Ln,San Jose,CA,95101
2397,RENAME,Summit Peak Advisors,summit_peak,False,Betty,Jackson,Jackson Capital Partners,Jackson Advisors,5248 Willow Ln,San Francisco,CA,94101
2398,MEMBER_CHANGE,Stifel Nicolaus & Company,stifel_nicolaus,True,Joseph,Reyes,Yang Advisory Group,Yang Advisory Group,6316 Broad Way,New York,NY,10022
2399,SPLIT_PARENT,Ridgeway Wealth Management,ridgeway,False,Emily,Harris,Harris Wealth,Harris Wealth,7509 Liberty St,Las Vegas,NV,89101
2400,MEMBER_CHANGE,National Planning Holdings,nph,True,Linda,Nelson,Torres Asset Management Group,Torres Asset Management Group,435 Commerce Ln,Atlanta,GA,30301
2401,MEMBER_CHANGE,Parkside Wealth Strategies,parkside,False,James,Scott,Garcia Family Office,Garcia Family Office,4276 Willow Dr,San Francisco,CA,94101
2402,MEMBER_CHANGE,Hilliard Lyons,hilliard_lyons,True,Dorothy,Chen,Baker Investment Group,Baker Investment Group,2861 Lake Pkwy,Cleveland,OH,44101
2403,MERGE_TARGET,Woodbury Financial Services,woodbury,True,Susan,Khan,Khan Advisory Group,Khan Advisory Group,694 Lincoln Pl,Chicago,IL,60601
2404,MEMBER_CHANGE,Northgate Investment Partners,northgate,False,Christopher,Wang,Garcia Capital,Garcia Capital,1613 Broad Court,Chicago,IL,60601
2405,RENAME,Robert W. Baird & Co.,rwbaird,True,David,Campbell,Campbell & Associates,Campbell Wealth Partners,7523 Elm Rd,Dallas,TX,75201
2406,MEMBER_CHANGE,Meridian Private Wealth,meridian_pw,False,Karen,Scott,Thompson Capital,Thompson Capital,3853 Madison Rd,San Jose,CA,95101
2407,MERGE_TARGET,Cambridge Investment Research,cambridge_inv,True,William,White,White Private Wealth Group,White Private Wealth Group,954 Highland Blvd,Seattle,WA,98101
2408,RENAME,Securities America,securities_america,True,Patricia,Green,Green & Smith Group,Green Investment Group,3970 Main Dr,St. Louis,MO,63101
2409,SPLIT_PARENT,Harborview Private Wealth,harborview,False,William,Jones,Jones Wealth,Jones Wealth,4508 Washington Court,San Antonio,TX,78201
2410,RENAME,Northgate Investment Partners,northgate,False,Dorothy,Carter,Carter & Jones Partners,Carter Private Wealth,3031 Elm Court,Austin,TX,78701
2411,RENAME,Stifel Nicolaus & Company,stifel_nicolaus,True,James,King,King Portfolio Group,King Investment Group,4561 Market St,Miami,FL,33101
2412,MEMBER_CHANGE,Cambridge Investment Research,cambridge_inv,True,John,Martin,Hill Investment Group,Hill Investment Group,2836 Oak Way,Dallas,TX,75201
2413,MEMBER_CHANGE,Meridian Private Wealth,meridian_pw,False,Megan,Johnson,Harris Wealth Management,Harris Wealth Management,6116 Highland Rd,Kansas City,MO,64101
2414,MEMBER_CHANGE,Stifel Nicolaus & Company,stifel_nicolaus,True,Emily,Morris,Anderson Family Wealth Group,Anderson Family Wealth Group,1900 Liberty Dr,San Jose,CA,95101
2415,MEMBER_CHANGE,Kingsbridge Capital Advisors,kingsbridge,False,Linda,Campbell,Morris Partners,Morris Partners,1198 Lincoln Blvd,New York,NY,10001
2416,SPLIT_PARENT,Janney Montgomery Scott,janney,True,Dorothy,Campbell,Campbell Financial Group,Campbell Financial Group,6571 Central Court,Memphis,TN,38101
2417,RENAME,Highfield Asset Management,highfield,False,Susan,Nelson,Nelson Private Wealth,Nelson Asset Management,5898 Broad Pkwy,Memphis,TN,38101
2418,RENAME,Northgate Investment Partners,northgate,False,Steven,Campbell,Campbell & Morris Group,Campbell Family Office,2834 Market Way,San Diego,CA,92101
2419,MEMBER_CHANGE,Summit Peak Advisors,summit_peak,False,Kenneth,Reyes,Jackson Wealth,Jackson Wealth,9927 Willow Rd,San Antonio,TX,78201
2420,MEMBER_CHANGE,Woodbury Financial Services,woodbury,True,Betty,Jackson,Nguyen Asset Management Group,Nguyen Asset Management Group,5007 Willow St,Nashville,TN,37201
2421,SPLIT_PARENT,Commonwealth Financial Network,commonwealth,True,Matthew,Morris,Morris Wealth Management Group,Morris Wealth Management Group,3631 Madison Blvd,Atlanta,GA,30301
2422,MEMBER_CHANGE,Meridian Private Wealth,meridian_pw,False,Helen,Patel,Patel Capital,Patel Capital,5047 Lincoln Dr,Dallas,TX,75201
2423,MEMBER_CHANGE,Morgan Stanley Wealth Management,morgan_stanley,True,Emily,Baker,Yang Financial Group,Yang Financial Group,4243 Commerce Ln,Kansas City,MO,64101
2424,MEMBER_CHANGE,Harborview Private Wealth,harborview,False,Ashley,Moore,Torres Advisors,Torres Advisors,7690 Elm Ln,Chicago,IL,60601
2425,MEMBER_CHANGE,Stifel Nicolaus & Company,stifel_nicolaus,True,Margaret,Flores,Yang Institutional Group,Yang Institutional Group,1759 River Pl,Chicago,IL,60601
2426,MEMBER_CHANGE,Hilliard Lyons,hilliard_lyons,True,Joseph,Carter,Wang Asset Management Group,Wang Asset Management Group,7200 Maple Pkwy,Seattle,WA,98101
2427,MEMBER_CHANGE,Hilliard Lyons,hilliard_lyons,True,Kenneth,Carter,Carter Financial Group,Carter Financial Group,763 Commerce Ave,Washington,DC,20001
2428,MEMBER_CHANGE,Oppenheimer & Co.,oppenheimer,True,John,Thomas,Allen Wealth Advisors,Allen Wealth Advisors,2818 Main Ave,Dallas,TX,75201
2429,MEMBER_CHANGE,Crestwood Family Office,crestwood,False,Ashley,Brown,Thompson Partners,Thompson Partners,504 Market Dr,Cleveland,OH,44101
2430,MEMBER_CHANGE,Hilliard Lyons,hilliard_lyons,True,Sarah,Patel,Adams Asset Management Group,Adams Asset Management Group,5572 Broad Way,Washington,DC,20001
2431,MEMBER_CHANGE,Woodbury Financial Services,woodbury,True,Jessica,Miller,Young Capital Group,Young Capital Group,934 Market Pkwy,San Antonio,TX,78201
2432,MEMBER_CHANGE,Highfield Asset Management,highfield,False,Thomas,Cruz,Morris Capital Partners,Morris Capital Partners,7200 Monroe Court,Los Angeles,CA,90001
2433,MEMBER_CHANGE,Ridgeway Wealth Management,ridgeway,False,Karen,Hall,Reyes Wealth Management,Reyes Wealth Management,8389 Maple Blvd,Las Vegas,NV,89101
2434,MEMBER_CHANGE,Oppenheimer & Co.,oppenheimer,True,Donald,Hall,Reyes Family Wealth Group,Reyes Family Wealth Group,4476 Elm Blvd,Jacksonville,FL,32201
2435,MEMBER_CHANGE,Merrill Lynch Pierce Fenner & Smith,merrill_lynch,True,Sarah,Harris,Nguyen Wealth Partners,Nguyen Wealth Partners,6561 Lake St,Los Angeles,CA,90001
2436,MEMBER_CHANGE,Janney Montgomery Scott,janney,True,Donald,Harris,Wilson Advisory Group,Wilson Advisory Group,6954 Highland Dr,Baltimore,MD,21201
2437,MEMBER_CHANGE,Summit Peak Advisors,summit_peak,False,David,Edwards,Green Asset Management,Green Asset Management,9409 Hill Dr,New York,NY,10001
2438,RENAME,Merrill Lynch Pierce Fenner & Smith,merrill_lynch,True,Christopher,Zhang,Zhang & Associates,Zhang Wealth Management Group,4450 Adams Way,Houston,TX,77001
2439,SPLIT_PARENT,Stifel Nicolaus & Company,stifel_nicolaus,True,Dorothy,Wang,Wang Investment Group,Wang Investment Group,8185 Cedar Ave,Kansas City,MO,64101
2440,RENAME,Summit Peak Advisors,summit_peak,False,Jennifer,Evans,Evans & Associates,Evans Private Wealth,7782 Hill Pkwy,Boston,MA,02101
2441,MEMBER_CHANGE,Securities America,securities_america,True,William,Zhang,Turner Institutional Group,Turner Institutional Group,5449 Market Blvd,Pittsburgh,PA,15201
2442,RENAME,Cambridge Investment Research,cambridge_inv,True,Paul,Khan,Khan & Associates,Khan Portfolio Group,4118 Lake St,Milwaukee,WI,53201
2443,MEMBER_CHANGE,Commonwealth Financial Network,commonwealth,True,Emily,Kim,Wright Wealth Advisors,Wright Wealth Advisors,5024 Commerce Ln,Chicago,IL,60601
2444,MEMBER_CHANGE,National Planning Holdings,nph,True,Charles,White,Khan Wealth Partners,Khan Wealth Partners,1844 Elm Court,Columbus,OH,43201
2445,RENAME,Meridian Private Wealth,meridian_pw,False,Mark,Liu,Liu & Kim Group,Liu Advisors,7707 Elm Ave,Tampa,FL,33601
2446,SPLIT_PARENT,Cambridge Investment Research,cambridge_inv,True,Karen,Flores,Flores Family Wealth Group,Flores Family Wealth Group,6651 Madison Pkwy,Oklahoma City,OK,73101
2447,MEMBER_CHANGE,Janney Montgomery Scott,janney,True,Donald,Gomez,Harris Investment Group,Harris Investment Group,7983 Union Ave,Nashville,TN,37201
2448,MEMBER_CHANGE,Parkside Wealth Strategies,parkside,False,Michael,Miller,Green Family Office,Green Family Office,7180 Elm Ln,Raleigh,NC,27601
2449,MEMBER_CHANGE,Morgan Stanley Wealth Management,morgan_stanley,True,Thomas,Zhang,Torres Private Wealth Group,Torres Private Wealth Group,5146 Lake Way,Minneapolis,MN,55401
2450,SPLIT_PARENT,Parkside Wealth Strategies,parkside,False,Betty,Gomez,Gomez Advisors,Gomez Advisors,6740 Madison Dr,Seattle,WA,98101
2451,MEMBER_CHANGE,Stifel Nicolaus & Company,stifel_nicolaus,True,Robert,Davis,Khan Investment Group,Khan Investment Group,5606 Washington Pkwy,Nashville,TN,37201
2452,MEMBER_CHANGE,National Planning Holdings,nph,True,Paul,Nguyen,Zhang Private Wealth Group,Zhang Private Wealth Group,1749 Maple Ave,New York,NY,10001
2453,MEMBER_CHANGE,Raymond James Financial Services,raymond_james,True,Matthew,Wilson,Green Financial Group,Green Financial Group,1612 Liberty Blvd,Chicago,IL,60601
2454,RENAME,Morgan Stanley Wealth Management,morgan_stanley,True,Patricia,Anderson,Anderson Institutional Group,Anderson Wealth Management Group,2286 River Pl,Washington,DC,20001
2455,MEMBER_CHANGE,Ridgeway Wealth Management,ridgeway,False,Amanda,Liu,Garcia Partners,Garcia Partners,2806 River Pl,Philadelphia,PA,19101
2456,RENAME,UBS Financial Services,ubs,True,Rachel,Garcia,Garcia & Patel Group,Garcia Wealth Management Group,103 Park Blvd,Memphis,TN,38101
2457,MEMBER_CHANGE,Clearwater Capital Group,clearwater,False,Emily,Taylor,Miller Investment Partners,Miller Investment Partners,9821 River Pkwy,Cleveland,OH,44101
2458,MEMBER_CHANGE,Merrill Lynch Pierce Fenner & Smith,merrill_lynch,True,Christopher,Allen,Young Investment Group,Young Investment Group,1164 Jefferson Pkwy,Indianapolis,IN,46201
2459,MEMBER_CHANGE,LPL Financial,lpl_financial,True,Richard,Smith,Miller Financial Group,Miller Financial Group,3766 Liberty Rd,Los Angeles,CA,90001
2460,MEMBER_CHANGE,DA Davidson & Co.,da_davidson,True,Jessica,Harris,Parker Investment Group,Parker Investment Group,7844 Jefferson Pl,Miami,FL,33101
2461,MEMBER_CHANGE,Janney Montgomery Scott,janney,True,William,Collins,Diaz Family Wealth Group,Diaz Family Wealth Group,6671 Madison Dr,Denver,CO,80201
2462,MEMBER_CHANGE,Ridgeway Wealth Management,ridgeway,False,Andrew,Torres,Jackson Advisors,Jackson Advisors,7657 Elm Blvd,Los Angeles,CA,90001
2463,RENAME,Merrill Lynch Pierce Fenner & Smith,merrill_lynch,True,Michael,Gomez,Gomez Capital Group,Gomez Private Wealth Group,2519 Cedar Way,San Diego,CA,92101
2464,SPLIT_PARENT,Raymond James Financial Services,raymond_james,True,William,Young,Young Capital Group,Young Capital Group,5342 Highland Dr,Raleigh,NC,27601
2465,RENAME,Cetera Financial Group,cetera,True,Margaret,Davis,Davis Wealth Management Group,Davis Institutional Group,9145 Adams Pkwy,Denver,CO,80201
2466,MEMBER_CHANGE,Parkside Wealth Strategies,parkside,False,Barbara,Stewart,Yang Capital Partners,Yang Capital Partners,654 Willow Blvd,Memphis,TN,38101
2467,MEMBER_CHANGE,Edward Jones,edward_jones,True,William,Huang,Jones Wealth Management Group,Jones Wealth Management Group,614 Hill Ln,Austin,TX,78701
2468,MEMBER_CHANGE,Clearwater Capital Group,clearwater,False,Donald,Scott,Nelson Family Office,Nelson Family Office,5401 Jefferson Blvd,Nashville,TN,37201
2469,MEMBER_CHANGE,Crestwood Family Office,crestwood,False,Kenneth,Collins,Parker Private Wealth,Parker Private Wealth,9382 Liberty Blvd,New York,NY,10001
2470,MEMBER_CHANGE,Meridian Private Wealth,meridian_pw,False,Susan,Turner,Martin Family Office,Martin Family Office,1627 Commerce Pl,Dallas,TX,75201
2471,MEMBER_CHANGE,UBS Financial Services,ubs,True,Steven,Chen,Harris Wealth Advisors,Harris Wealth Advisors,9994 Commerce Rd,Jacksonville,FL,32201
2472,MEMBER_CHANGE,Crestwood Family Office,crestwood,False,Helen,Moore,Flores Partners,Flores Partners,251 Church Pl,Oklahoma City,OK,73101
2473,MEMBER_CHANGE,Summit Peak Advisors,summit_peak,False,James,Smith,Torres Private Wealth,Torres Private Wealth,144 Cedar Way,Miami,FL,33101
2474,MEMBER_CHANGE,Edward Jones,edward_jones,True,Karen,Anderson,Moore Capital Group,Moore Capital Group,8373 Hill Court,Memphis,TN,38101
2475,RENAME,Highfield Asset Management,highfield,False,Susan,Gomez,Gomez & Allen Advisors,Gomez Wealth Management,3322 Madison St,Kansas City,MO,64101
2476,MEMBER_CHANGE,Crestwood Family Office,crestwood,False,Lisa,King,Carter Investment Partners,Carter Investment Partners,8927 Monroe Way,Los Angeles,CA,90001
2477,MEMBER_CHANGE,Janney Montgomery Scott,janney,True,James,Morgan,Johnson Asset Management Group,Johnson Asset Management Group,9755 Church Ave,Raleigh,NC,27601
2478,MEMBER_CHANGE,Clearwater Capital Group,clearwater,False,Matthew,Smith,Kim Capital Partners,Kim Capital Partners,9469 Lake Pl,Pittsburgh,PA,15201
2479,MEMBER_CHANGE,Stifel Nicolaus & Company,stifel_nicolaus,True,Ashley,Roberts,Martin Wealth Partners,Martin Wealth Partners,734 Lake Pkwy,Indianapolis,IN,46201
2480,RENAME,DA Davidson & Co.,da_davidson,True,Steven,Smith,Smith Wealth Partners,Smith Wealth Advisors,3855 Oak Dr,Atlanta,GA,30301
2481,MERGE_SURVIVOR,Stifel Nicolaus & Company,stifel_nicolaus,True,Betty,Smith,Smith Asset Management Group,Smith Asset Management Group,882 Maple Rd,Tampa,FL,33601
2482,MEMBER_CHANGE,Clearwater Capital Group,clearwater,False,Nancy,Thomas,Flores Partners,Flores Partners,8320 Adams Rd,St. Louis,MO,63101
2483,MEMBER_CHANGE,Ridgeway Wealth Management,ridgeway,False,Betty,Davis,Hall Wealth Management,Hall Wealth Management,3596 Central Court,Seattle,WA,98101
2484,SPLIT_PARENT,Northgate Investment Partners,northgate,False,Joseph,Zhang,Zhang Advisors,Zhang Advisors,6473 Central Pl,Austin,TX,78701
2485,MERGE_SURVIVOR,Securities America,securities_america,True,Matthew,Smith,Smith Institutional Group,Smith Institutional Group,7136 Maple Pl,Charlotte,NC,28201
2486,MEMBER_CHANGE,Commonwealth Financial Network,commonwealth,True,Betty,Parker,Miller Investment Group,Miller Investment Group,4330 Washington Rd,Indianapolis,IN,46201
2487,MEMBER_CHANGE,Cetera Financial Group,cetera,True,Anthony,Mitchell,Yang Asset Management Group,Yang Asset Management Group,3443 Adams Blvd,Louisville,KY,40201
2488,MEMBER_CHANGE,Wells Fargo Advisors,wells_fargo,True,Robert,Young,Allen Wealth Advisors,Allen Wealth Advisors,9089 Church Ave,Houston,TX,77001
2489,RENAME,Raymond James Financial Services,raymond_james,True,Joseph,Zhang,Zhang Capital Group,Zhang Wealth Management Group,4024 Maple Rd,Austin,TX,78701
2490,RENAME,Wells Fargo Advisors,wells_fargo,True,Ashley,Wright,Wright & Associates,Wright Private Wealth Group,8299 Monroe Court,Kansas City,MO,64101
2491,MEMBER_CHANGE,Cambridge Investment Research,cambridge_inv,True,Nancy,Mitchell,Baker Institutional Group,Baker Institutional Group,4659 Maple Pl,Phoenix,AZ,85001
2492,MEMBER_CHANGE,Hilliard Lyons,hilliard_lyons,True,Patricia,Wilson,Nguyen Advisory Group,Nguyen Advisory Group,9034 Hill St,Richmond,VA,23219
2493,MEMBER_CHANGE,Summit Peak Advisors,summit_peak,False,Jennifer,Parker,Jones Capital,Jones Capital,2488 Spring Blvd,Cleveland,OH,44101
2494,RENAME,Clearwater Capital Group,clearwater,False,Jessica,Thomas,Thomas & Rivera Partners,Thomas Capital Partners,5857 Main Pl,Las Vegas,NV,89101
2495,MEMBER_CHANGE,Summit Peak Advisors,summit_peak,False,Daniel,Huang,Miller Asset Management,Miller Asset Management,6693 Park Blvd,Jacksonville,FL,32201
2496,RENAME,Woodbury Financial Services,woodbury,True,Patricia,Morgan,Morgan & Associates,Morgan Portfolio Group,1196 Adams Dr,Minneapolis,MN,55401
2497,RENAME,Securities America,securities_america,True,Dorothy,Nguyen,Nguyen Advisory Group,Nguyen Capital Group,6143 Park St,Los Angeles,CA,90001
2498,MEMBER_CHANGE,Ameriprise Financial Services,ameriprise,True,Matthew,Carter,Smith Portfolio Group,Smith Portfolio Group,5923 Main Pl,Oklahoma City,OK,73101
2499,MEMBER_CHANGE,Cetera Financial Group,cetera,True,Amanda,Turner,King Financial Group,King Financial Group,1496 Elm Ave,St. Louis,MO,63101
2500,RENAME,Cambridge Investment Research,cambridge_inv,True,Helen,Morgan,Morgan & Edwards Partners,Morgan Private Wealth Group,9813 Elm Way,Minneapolis,MN,55401
2501,MEMBER_CHANGE,Securities America,securities_america,True,Kenneth,Chen,Reyes Capital Group,Reyes Capital Group,2062 Broad St,Nashville,TN,37201
2502,RENAME,Stifel Nicolaus & Company,stifel_nicolaus,True,Kenneth,Mitchell,Mitchell & Roberts Advisors,Mitchell Asset Management Group,4907 Oak Ave,Chicago,IL,60601
2503,MEMBER_CHANGE,Janney Montgomery Scott,janney,True,David,Collins,Edwards Wealth Partners,Edwards Wealth Partners,6319 Elm Rd,Oklahoma City,OK,73101
2504,MEMBER_CHANGE,Meridian Private Wealth,meridian_pw,False,Ashley,Chen,Jones Asset Management,Jones Asset Management,6060 Maple Way,Denver,CO,80201
2505,MEMBER_CHANGE,Crestwood Family Office,crestwood,False,Patricia,Smith,Flores Partners,Flores Partners,528 River Pl,Austin,TX,78701
2506,MEMBER_CHANGE,Harborview Private Wealth,harborview,False,Jessica,Hall,Huang Capital,Huang Capital,8700 Broad Pkwy,Philadelphia,PA,19101
2507,MEMBER_CHANGE,Hilliard Lyons,hilliard_lyons,True,Barbara,Davis,Miller Wealth Partners,Miller Wealth Partners,5568 Spring Ave,Austin,TX,78701
2508,MEMBER_CHANGE,National Planning Holdings,nph,True,Linda,Baker,Gomez Private Wealth Group,Gomez Private Wealth Group,3893 Oak Rd,Denver,CO,80201
2509,MEMBER_CHANGE,Clearwater Capital Group,clearwater,False,Joseph,Patel,Morris Asset Management,Morris Asset Management,1405 Liberty Court,Portland,OR,97201
2510,MEMBER_CHANGE,Meridian Private Wealth,meridian_pw,False,Susan,White,Allen Asset Management,Allen Asset Management,4974 Cedar Ln,Los Angeles,CA,90001
2511,MEMBER_CHANGE,Janney Montgomery Scott,janney,True,Sarah,Brown,Garcia Institutional Group,Garcia Institutional Group,5560 Hill St,San Diego,CA,92101
2512,RENAME,Merrill Lynch Pierce Fenner & Smith,merrill_lynch,True,Richard,Gomez,Gomez & Brown Group,Gomez Wealth Management Group,1850 Commerce St,Raleigh,NC,27601
2513,MEMBER_CHANGE,Summit Peak Advisors,summit_peak,False,Mark,Zhang,Hill Asset Management,Hill Asset Management,1851 Hill Blvd,Pittsburgh,PA,15201
2514,MEMBER_CHANGE,Securities America,securities_america,True,Sandra,Mitchell,Garcia Capital Group,Garcia Capital Group,2858 Washington Pkwy,Philadelphia,PA,19101
2515,MEMBER_CHANGE,Kingsbridge Capital Advisors,kingsbridge,False,Betty,Carter,Baker Advisors,Baker Advisors,2175 Washington Court,Charlotte,NC,28201
2516,MEMBER_CHANGE,Cetera Financial Group,cetera,True,Sarah,Moore,Cruz Wealth Advisors,Cruz Wealth Advisors,4577 Highland Dr,Minneapolis,MN,55401
2517,MEMBER_CHANGE,Securities America,securities_america,True,Margaret,Martin,Brown Asset Management Group,Brown Asset Management Group,3557 Broad Ln,Jacksonville,FL,32201
2518,RENAME,Clearwater Capital Group,clearwater,False,Susan,Young,Young & Associates,Young Private Wealth,2331 Lincoln Pkwy,Baltimore,MD,21201
2519,MEMBER_CHANGE,Parkside Wealth Strategies,parkside,False,Richard,Young,Young Investment Partners,Young Investment Partners,4180 Broad Ave,Baltimore,MD,21201
2520,RENAME,Robert W. Baird & Co.,rwbaird,True,Megan,Hall,Hall & Associates,Hall Wealth Management Group,1977 Lincoln Pkwy,Jacksonville,FL,32201
2521,MEMBER_CHANGE,Crestwood Family Office,crestwood,False,Margaret,Flores,Edwards Capital,Edwards Capital,9547 Washington Pkwy,San Antonio,TX,78201
2522,RENAME,Ridgeway Wealth Management,ridgeway,False,Donald,Wilson,Wilson Advisors,Wilson Partners,3882 Lake St,Houston,TX,77001
2523,RENAME,Ridgeway Wealth Management,ridgeway,False,Betty,Wilson,Wilson Investment Partners,Wilson Advisors,4630 Cedar Pkwy,New York,NY,10001
2524,MEMBER_CHANGE,Kingsbridge Capital Advisors,kingsbridge,False,Amanda,Baker,Collins Wealth,Collins Wealth,325 Madison Ave,Oklahoma City,OK,73101
2525,MEMBER_CHANGE,Edward Jones,edward_jones,True,Karen,Wang,Moore Investment Group,Moore Investment Group,2119 Willow Pl,Baltimore,MD,21201
2526,MEMBER_CHANGE,DA Davidson & Co.,da_davidson,True,Betty,Reyes,Cruz Wealth Partners,Cruz Wealth Partners,7364 Union Dr,Dallas,TX,75201
2527,MEMBER_CHANGE,Edward Jones,edward_jones,True,Richard,Jackson,Scott Advisory Group,Scott Advisory Group,4077 Commerce Way,San Francisco,CA,94101
2528,RENAME,Cetera Financial Group,cetera,True,Michael,Martin,Martin & Taylor Partners,Martin Wealth Management Group,7199 Jefferson Blvd,Chicago,IL,60601
2529,RENAME,Summit Peak Advisors,summit_peak,False,Michael,Stewart,Stewart & Harris Group,Stewart Capital Partners,8689 River Dr,Baltimore,MD,21201
2530,RENAME,Wells Fargo Advisors,wells_fargo,True,Andrew,Moore,Moore Capital Group,Moore Wealth Partners,4676 Washington Ln,New York,NY,10001
2531,RENAME,Commonwealth Financial Network,commonwealth,True,Susan,Jones,Jones & Miller Advisors,Jones Portfolio Group,7545 Willow Rd,Columbus,OH,43201
2532,MEMBER_CHANGE,Ameriprise Financial Services,ameriprise,True,Sarah,Kim,Edwards Wealth Partners,Edwards Wealth Partners,7912 Lincoln Rd,San Jose,CA,95101
2533,MEMBER_CHANGE,Commonwealth Financial Network,commonwealth,True,Joseph,Diaz,Adams Investment Group,Adams Investment Group,380 Monroe Dr,Minneapolis,MN,55401
2534,MEMBER_CHANGE,DA Davidson & Co.,da_davidson,True,Patricia,Thomas,Carter Wealth Advisors,Carter Wealth Advisors,2470 Cedar Rd,Louisville,KY,40201
2535,MEMBER_CHANGE,Cambridge Investment Research,cambridge_inv,True,Ashley,Diaz,Edwards Private Wealth Group,Edwards Private Wealth Group,4553 Union Court,Denver,CO,80201
2536,RENAME,Crestwood Family Office,crestwood,False,Betty,Johnson,Johnson Capital,Johnson Wealth,9392 Cedar Dr,Seattle,WA,98101
2537,RENAME,Robert W. Baird & Co.,rwbaird,True,Donald,Morris,Morris & Baker Group,Morris Institutional Group,9208 Broad Pkwy,Cleveland,OH,44101
2538,RENAME,Parkside Wealth Strategies,parkside,False,Daniel,Turner,Turner Wealth Management,Turner Capital Partners,8756 Main Blvd,New York,NY,10022
2539,MEMBER_CHANGE,Oppenheimer & Co.,oppenheimer,True,David,Anderson,Flores Portfolio Group,Flores Portfolio Group,5691 Main Way,Jacksonville,FL,32201
2540,MEMBER_CHANGE,LPL Financial,lpl_financial,True,Emily,Harris,Reyes Wealth Partners,Reyes Wealth Partners,7060 Hill Rd,Pittsburgh,PA,15201
2541,RENAME,Edward Jones,edward_jones,True,Betty,Parker,Parker & Associates,Parker Portfolio Group,9360 Highland Pl,Philadelphia,PA,19101
2542,MEMBER_CHANGE,DA Davidson & Co.,da_davidson,True,Andrew,Wilson,Evans Advisory Group,Evans Advisory Group,4112 Spring St,Oklahoma City,OK,73101
2543,RENAME,Hilliard Lyons,hilliard_lyons,True,Patricia,Morris,Morris & Baker Partners,Morris Advisory Group,8824 Spring Way,Columbus,OH,43201
2544,RENAME,Cetera Financial Group,cetera,True,Helen,Johnson,Johnson Investment Group,Johnson Family Wealth Group,1349 Cedar Pkwy,San Diego,CA,92101
2545,RENAME,Stifel Nicolaus & Company,stifel_nicolaus,True,Margaret,Huang,Huang Family Wealth Group,Huang Wealth Management Group,3458 Jefferson Ln,Tampa,FL,33601
2546,MEMBER_CHANGE,Crestwood Family Office,crestwood,False,James,Huang,Miller Asset Management,Miller Asset Management,7329 Liberty Blvd,Columbus,OH,43201
2547,MEMBER_CHANGE,Crestwood Family Office,crestwood,False,Charles,Huang,Jackson Private Wealth,Jackson Private Wealth,1686 Oak Rd,New York,NY,10001
2548,RENAME,Parkside Wealth Strategies,parkside,False,Rachel,Flores,Flores Capital,Flores Wealth,4694 Church Pkwy,Atlanta,GA,30301
2549,MEMBER_CHANGE,Highfield Asset Management,highfield,False,Dorothy,Wang,Garcia Private Wealth,Garcia Private Wealth,3978 Broad Ave,Phoenix,AZ,85001
2550,MEMBER_CHANGE,Summit Peak Advisors,summit_peak,False,Emily,Hill,Patel Wealth Management,Patel Wealth Management,8896 Adams Dr,Los Angeles,CA,90001
2551,MEMBER_CHANGE,Commonwealth Financial Network,commonwealth,True,Kenneth,Martin,Mitchell Investment Group,Mitchell Investment Group,204 Commerce Dr,Baltimore,MD,21201
2552,MEMBER_CHANGE,Highfield Asset Management,highfield,False,Richard,Cruz,Miller Wealth,Miller Wealth,8352 Highland Dr,Portland,OR,97201
2553,SPLIT_PARENT,Robert W. Baird & Co.,rwbaird,True,James,Green,Green Family Wealth Group,Green Family Wealth Group,5817 Willow Way,Boston,MA,02101
2554,SPLIT_PARENT,Harborview Private Wealth,harborview,False,Christopher,Johnson,Johnson Wealth,Johnson Wealth,9466 Main Rd,Jacksonville,FL,32201
2555,RENAME,LPL Financial,lpl_financial,True,Christopher,White,White Investment Group,White Family Wealth Group,840 Adams Blvd,Jacksonville,FL,32201
2556,RENAME,Clearwater Capital Group,clearwater,False,Anthony,Thomas,Thomas Capital Partners,Thomas Capital,4933 Jefferson St,Atlanta,GA,30301
2557,MEMBER_CHANGE,Stifel Nicolaus & Company,stifel_nicolaus,True,Paul,Zhang,Wilson Wealth Management Group,Wilson Wealth Management Group,2031 Adams Dr,Louisville,KY,40201
2558,MEMBER_CHANGE,Kingsbridge Capital Advisors,kingsbridge,False,Mark,Huang,Chen Family Office,Chen Family Office,2621 Liberty Ave,San Jose,CA,95101
2559,MEMBER_CHANGE,Commonwealth Financial Network,commonwealth,True,Daniel,Hill,Smith Investment Group,Smith Investment Group,6236 Oak Court,Austin,TX,78701
2560,RENAME,Ridgeway Wealth Management,ridgeway,False,Margaret,Miller,Miller Private Wealth,Miller Wealth,2681 Park Ave,Dallas,TX,75201
2561,MEMBER_CHANGE,Cetera Financial Group,cetera,True,Helen,Miller,Green Advisory Group,Green Advisory Group,2822 Hill Court,Boston,MA,02101
2562,MEMBER_CHANGE,Highfield Asset Management,highfield,False,Margaret,Baker,Yang Wealth Management,Yang Wealth Management,9694 Spring Way,San Jose,CA,95101
2563,MEMBER_CHANGE,Clearwater Capital Group,clearwater,False,James,Evans,Mitchell Wealth Management,Mitchell Wealth Management,3632 Jefferson Ln,Austin,TX,78701
2564,MEMBER_CHANGE,Woodbury Financial Services,woodbury,True,David,Huang,Thompson Capital Group,Thompson Capital Group,4363 Broad Dr,New York,NY,10022
2565,MEMBER_CHANGE,Edward Jones,edward_jones,True,Robert,Turner,Young Asset Management Group,Young Asset Management Group,8872 Jefferson Ave,Pittsburgh,PA,15201
2566,MEMBER_CHANGE,Wells Fargo Advisors,wells_fargo,True,Ashley,Phillips,Yang Wealth Management Group,Yang Wealth Management Group,3864 Adams Court,San Antonio,TX,78201
2567,MEMBER_CHANGE,Securities America,securities_america,True,David,Wang,Hill Institutional Group,Hill Institutional Group,9613 Liberty Blvd,Chicago,IL,60601
2568,MEMBER_CHANGE,Cambridge Investment Research,cambridge_inv,True,Emily,Hill,Mitchell Advisory Group,Mitchell Advisory Group,2171 Lake St,Miami,FL,33101
2569,MERGE_SURVIVOR,Meridian Private Wealth,meridian_pw,False,Megan,Mitchell,Mitchell Wealth,Mitchell Wealth,4056 Central Court,Phoenix,AZ,85001
2570,RENAME,Oppenheimer & Co.,oppenheimer,True,Susan,Mitchell,Mitchell Financial Group,Mitchell Private Wealth Group,4354 Hill Pl,Boston,MA,02101
2571,MEMBER_CHANGE,Raymond James Financial Services,raymond_james,True,Sarah,Smith,Williams Asset Management Group,Williams Asset Management Group,8136 Park Blvd,Columbus,OH,43201
2572,MEMBER_CHANGE,Harborview Private Wealth,harborview,False,Paul,Morris,Campbell Capital,Campbell Capital,7347 Maple Ln,Tampa,FL,33601
2573,MEMBER_CHANGE,Merrill Lynch Pierce Fenner & Smith,merrill_lynch,True,Michael,Young,Nelson Investment Group,Nelson Investment Group,4627 Spring St,Los Angeles,CA,90001
2574,RENAME,Northgate Investment Partners,northgate,False,James,Morgan,Morgan Family Office,Morgan Partners,496 Adams St,Phoenix,AZ,85001
2575,SPLIT_PARENT,Oppenheimer & Co.,oppenheimer,True,Christopher,Morris,Morris Family Wealth Group,Morris Family Wealth Group,9698 Maple Ave,Jacksonville,FL,32201
2576,MERGE_TARGET,Commonwealth Financial Network,commonwealth,True,Richard,Adams,Adams Wealth Advisors,Adams Wealth Advisors,6187 Oak Pkwy,New York,NY,10022
2577,MEMBER_CHANGE,Crestwood Family Office,crestwood,False,William,Chen,Scott Private Wealth,Scott Private Wealth,6310 Union Ave,Miami,FL,33101
2578,RENAME,Kingsbridge Capital Advisors,kingsbridge,False,Andrew,Morris,Morris & Associates,Morris Investment Partners,4373 Washington Ave,Tampa,FL,33601
2579,SPLIT_PARENT,Clearwater Capital Group,clearwater,False,Charles,Phillips,Phillips Wealth Management,Phillips Wealth Management,8947 Commerce Rd,Minneapolis,MN,55401
2580,MEMBER_CHANGE,Cambridge Investment Research,cambridge_inv,True,Margaret,Carter,Moore Investment Group,Moore Investment Group,4834 Market Pkwy,Los Angeles,CA,90001
2581,MEMBER_CHANGE,Oppenheimer & Co.,oppenheimer,True,Megan,Cruz,Baker Wealth Management Group,Baker Wealth Management Group,8409 Madison Way,New York,NY,10022
2582,MEMBER_CHANGE,UBS Financial Services,ubs,True,Jessica,Brown,Brown Wealth Management Group,Brown Wealth Management Group,4380 Lake Ln,Washington,DC,20001
2583,MERGE_TARGET,Kingsbridge Capital Advisors,kingsbridge,False,Jennifer,Garcia,Garcia Private Wealth,Garcia Private Wealth,8552 Hill Court,Dallas,TX,75201
2584,MEMBER_CHANGE,DA Davidson & Co.,da_davidson,True,Andrew,Nelson,Roberts Private Wealth Group,Roberts Private Wealth Group,3963 Madison Blvd,San Francisco,CA,94101
2585,RENAME,Cambridge Investment Research,cambridge_inv,True,Mark,King,King Wealth Partners,King Capital Group,902 Willow Rd,San Jose,CA,95101
2586,MEMBER_CHANGE,Summit Peak Advisors,summit_peak,False,Jennifer,Collins,Nguyen Partners,Nguyen Partners,9152 Liberty St,Raleigh,NC,27601
2587,MEMBER_CHANGE,UBS Financial Services,ubs,True,James,Martin,Jackson Advisory Group,Jackson Advisory Group,6820 Broad Pkwy,Boston,MA,02101
2588,MEMBER_CHANGE,Ameriprise Financial Services,ameriprise,True,Betty,Huang,Scott Wealth Management Group,Scott Wealth Management Group,8715 Washington Blvd,Houston,TX,77001
2589,MEMBER_CHANGE,UBS Financial Services,ubs,True,Patricia,Rivera,Khan Wealth Management Group,Khan Wealth Management Group,2105 Lincoln Rd,Cleveland,OH,44101
2590,MEMBER_CHANGE,Wells Fargo Advisors,wells_fargo,True,Daniel,Cruz,Wang Wealth Advisors,Wang Wealth Advisors,181 Hill Rd,Austin,TX,78701
2591,MEMBER_CHANGE,Securities America,securities_america,True,Christopher,Collins,Hall Advisory Group,Hall Advisory Group,8548 Park Ln,Jacksonville,FL,32201
2592,MEMBER_CHANGE,Cambridge Investment Research,cambridge_inv,True,Linda,Phillips,Hill Wealth Partners,Hill Wealth Partners,4068 Elm Ave,Dallas,TX,75201
2593,MEMBER_CHANGE,Harborview Private Wealth,harborview,False,Ashley,Patel,Evans Investment Partners,Evans Investment Partners,2899 Market Pkwy,Denver,CO,80201
2594,RENAME,Cetera Financial Group,cetera,True,Kenneth,Taylor,Taylor & Allen Group,Taylor Wealth Management Group,4076 Madison Blvd,Louisville,KY,40201
2595,MEMBER_CHANGE,Crestwood Family Office,crestwood,False,Thomas,Yang,Green Advisors,Green Advisors,1805 River Rd,Phoenix,AZ,85001
2596,MEMBER_CHANGE,Ameriprise Financial Services,ameriprise,True,Dorothy,Williams,Lee Asset Management Group,Lee Asset Management Group,4877 Church Ln,San Jose,CA,95101
2597,RENAME,Hilliard Lyons,hilliard_lyons,True,Karen,Morris,Morris & Associates,Morris Wealth Partners,793 Washington Ln,Columbus,OH,43201
2598,MEMBER_CHANGE,Crestwood Family Office,crestwood,False,Patricia,King,Wright Asset Management,Wright Asset Management,3163 River Dr,New York,NY,10022
2599,MEMBER_CHANGE,Ridgeway Wealth Management,ridgeway,False,Jennifer,White,Baker Family Office,Baker Family Office,5141 Madison Rd,Seattle,WA,98101
2600,RENAME,Cambridge Investment Research,cambridge_inv,True,Emily,Lee,Lee Advisory Group,Lee Wealth Advisors,8377 Main Dr,Philadelphia,PA,19101
2601,RENAME,Hilliard Lyons,hilliard_lyons,True,Donald,Carter,Carter Capital Group,Carter Family Wealth Group,8307 Market Blvd,San Francisco,CA,94101
2602,RENAME,Oppenheimer & Co.,oppenheimer,True,Thomas,Nelson,Nelson & Associates,Nelson Portfolio Group,1108 Union Pl,Los Angeles,CA,90001
2603,MEMBER_CHANGE,Janney Montgomery Scott,janney,True,Patricia,Gomez,Zhang Wealth Partners,Zhang Wealth Partners,4012 Park Dr,Fort Worth,TX,76101
2604,RENAME,Northgate Investment Partners,northgate,False,Lisa,Thomas,Thomas & Associates,Thomas Asset Management,4322 Highland Pl,San Antonio,TX,78201
2605,RENAME,DA Davidson & Co.,da_davidson,True,Mark,Khan,Khan Family Wealth Group,Khan Investment Group,1774 Maple Ave,St. Louis,MO,63101
2606,MEMBER_CHANGE,Ameriprise Financial Services,ameriprise,True,Daniel,Morgan,Nelson Family Wealth Group,Nelson Family Wealth Group,2127 Central St,St. Louis,MO,63101
2607,MEMBER_CHANGE,Edward Jones,edward_jones,True,Helen,Hall,Gomez Private Wealth Group,Gomez Private Wealth Group,3343 Commerce Dr,San Diego,CA,92101
2608,RENAME,DA Davidson & Co.,da_davidson,True,Sarah,White,White Portfolio Group,White Wealth Management Group,6762 Oak Ave,Phoenix,AZ,85001
2609,MEMBER_CHANGE,Parkside Wealth Strategies,parkside,False,Donald,Lee,Morris Asset Management,Morris Asset Management,8237 Monroe Pl,Las Vegas,NV,89101
2610,MEMBER_CHANGE,Wells Fargo Advisors,wells_fargo,True,Sandra,Huang,Rivera Asset Management Group,Rivera Asset Management Group,9152 Adams Court,New York,NY,10001
2611,MEMBER_CHANGE,Morgan Stanley Wealth Management,morgan_stanley,True,Susan,Anderson,Jackson Wealth Management Group,Jackson Wealth Management Group,581 Highland Ave,Oklahoma City,OK,73101
2612,MEMBER_CHANGE,Northgate Investment Partners,northgate,False,Jennifer,Evans,Davis Asset Management,Davis Asset Management,2195 Broad Court,New York,NY,10001
2613,RENAME,Stifel Nicolaus & Company,stifel_nicolaus,True,Nancy,Wright,Wright & Hall Partners,Wright Financial Group,8248 Hill Rd,St. Louis,MO,63101
2614,MEMBER_CHANGE,Wells Fargo Advisors,wells_fargo,True,Joseph,Carter,Wang Wealth Management Group,Wang Wealth Management Group,3601 Lincoln Pl,Richmond,VA,23219
2615,MEMBER_CHANGE,Summit Peak Advisors,summit_peak,False,Robert,Flores,Wilson Partners,Wilson Partners,1349 River Pkwy,Houston,TX,77001
2616,MEMBER_CHANGE,Summit Peak Advisors,summit_peak,False,Joseph,Chen,Huang Asset Management,Huang Asset Management,9521 River Ave,Tampa,FL,33601
2617,MEMBER_CHANGE,Janney Montgomery Scott,janney,True,Patricia,Yang,White Asset Management Group,White Asset Management Group,8781 Commerce Pl,New York,NY,10022
2618,MEMBER_CHANGE,National Planning Holdings,nph,True,Christopher,Hall,Morris Asset Management Group,Morris Asset Management Group,3290 Washington Blvd,Fort Worth,TX,76101
2619,SPLIT_PARENT,Woodbury Financial Services,woodbury,True,Megan,Rivera,Rivera Investment Group,Rivera Investment Group,1304 Lake Way,San Francisco,CA,94101
2620,MEMBER_CHANGE,Oppenheimer & Co.,oppenheimer,True,Andrew,Morris,Flores Private Wealth Group,Flores Private Wealth Group,1611 Hill St,Seattle,WA,98101
2621,MEMBER_CHANGE,Raymond James Financial Services,raymond_james,True,Steven,Evans,Mitchell Asset Management Group,Mitchell Asset Management Group,802 Willow St,Oklahoma City,OK,73101
2622,SPLIT_PARENT,Stifel Nicolaus & Company,stifel_nicolaus,True,Linda,Kim,Kim Asset Management Group,Kim Asset Management Group,7123 Madison St,Cleveland,OH,44101
2623,MEMBER_CHANGE,Harborview Private Wealth,harborview,False,Linda,Mitchell,Davis Capital,Davis Capital,7088 Monroe St,Los Angeles,CA,90001
2624,MEMBER_CHANGE,Edward Jones,edward_jones,True,Betty,Smith,Campbell Advisory Group,Campbell Advisory Group,6019 Lincoln Ln,St. Louis,MO,63101
2625,MEMBER_CHANGE,Merrill Lynch Pierce Fenner & Smith,merrill_lynch,True,Jessica,Taylor,Nguyen Investment Group,Nguyen Investment Group,7565 Maple Pl,Fort Worth,TX,76101
2626,MEMBER_CHANGE,Wells Fargo Advisors,wells_fargo,True,Nancy,Miller,Morgan Advisory Group,Morgan Advisory Group,4261 Spring Pl,Chicago,IL,60601
2627,MERGE_SURVIVOR,Clearwater Capital Group,clearwater,False,Sandra,Rivera,Rivera Asset Management,Rivera Asset Management,3104 Madison Pkwy,Philadelphia,PA,19101
2628,MEMBER_CHANGE,Commonwealth Financial Network,commonwealth,True,Patricia,Mitchell,Green Wealth Advisors,Green Wealth Advisors,2436 Broad Dr,Cleveland,OH,44101
2629,MEMBER_CHANGE,Clearwater Capital Group,clearwater,False,Anthony,Jackson,Young Partners,Young Partners,1997 Lake Rd,Boston,MA,02101
2630,MEMBER_CHANGE,Morgan Stanley Wealth Management,morgan_stanley,True,Christopher,Martin,Adams Advisory Group,Adams Advisory Group,5713 River Dr,Raleigh,NC,27601
2631,RENAME,Meridian Private Wealth,meridian_pw,False,Helen,Stewart,Stewart & Scott Group,Stewart Asset Management,2336 Madison St,Fort Worth,TX,76101
2632,MEMBER_CHANGE,Stifel Nicolaus & Company,stifel_nicolaus,True,Sarah,Brown,Evans Family Wealth Group,Evans Family Wealth Group,2133 Oak Ave,Louisville,KY,40201
2633,MEMBER_CHANGE,Ameriprise Financial Services,ameriprise,True,Patricia,Baker,Phillips Wealth Management Group,Phillips Wealth Management Group,8413 Willow Pkwy,Pittsburgh,PA,15201
2634,MEMBER_CHANGE,Harborview Private Wealth,harborview,False,James,King,Khan Investment Partners,Khan Investment Partners,4781 Highland Blvd,New York,NY,10022
2635,MEMBER_CHANGE,Harborview Private Wealth,harborview,False,David,Yang,Martin Wealth Management,Martin Wealth Management,2813 Lincoln Pkwy,Portland,OR,97201
2636,RENAME,Woodbury Financial Services,woodbury,True,Margaret,Morgan,Morgan Wealth Partners,Morgan Portfolio Group,9483 Lincoln Rd,Boston,MA,02101
2637,RENAME,Kingsbridge Capital Advisors,kingsbridge,False,Megan,Morris,Morris & Associates,Morris Wealth Management,7574 Maple Court,Seattle,WA,98101
2638,RENAME,Raymond James Financial Services,raymond_james,True,Jessica,Patel,Patel Institutional Group,Patel Capital Group,9590 Lincoln Pkwy,Charlotte,NC,28201
2639,SPLIT_PARENT,Raymond James Financial Services,raymond_james,True,Jennifer,Roberts,Roberts Private Wealth Group,Roberts Private Wealth Group,4923 Main Court,Denver,CO,80201
2640,RENAME,National Planning Holdings,nph,True,Amanda,Patel,Patel Institutional Group,Patel Advisory Group,2969 Park Ave,Austin,TX,78701
2641,MEMBER_CHANGE,Clearwater Capital Group,clearwater,False,Megan,Evans,Young Capital,Young Capital,7143 Lincoln Pkwy,Boston,MA,02101
2642,MEMBER_CHANGE,UBS Financial Services,ubs,True,Patricia,Torres,Evans Family Wealth Group,Evans Family Wealth Group,476 Central Way,Dallas,TX,75201
2643,RENAME,DA Davidson & Co.,da_davidson,True,Joseph,Nelson,Nelson & Associates,Nelson Asset Management Group,600 Church Way,Austin,TX,78701
2644,MEMBER_CHANGE,Crestwood Family Office,crestwood,False,Mark,Torres,Allen Asset Management,Allen Asset Management,3837 Market Pkwy,Columbus,OH,43201
2645,RENAME,Oppenheimer & Co.,oppenheimer,True,Megan,Wang,Wang Wealth Partners,Wang Capital Group,4097 Market Blvd,Boston,MA,02101
2646,MEMBER_CHANGE,Northgate Investment Partners,northgate,False,Kenneth,Moore,Chen Investment Partners,Chen Investment Partners,150 Willow Ln,San Antonio,TX,78201
2647,SPLIT_PARENT,Raymond James Financial Services,raymond_james,True,Emily,Evans,Evans Asset Management Group,Evans Asset Management Group,5692 Main Court,Dallas,TX,75201
2648,MEMBER_CHANGE,DA Davidson & Co.,da_davidson,True,Donald,Williams,Morris Capital Group,Morris Capital Group,9021 Union Blvd,Milwaukee,WI,53201
2649,RENAME,Ridgeway Wealth Management,ridgeway,False,Paul,Garcia,Garcia & Associates,Garcia Asset Management,6365 Highland Ln,Washington,DC,20001
2650,RENAME,Cetera Financial Group,cetera,True,William,Kim,Kim Family Wealth Group,Kim Advisory Group,344 Central Way,Milwaukee,WI,53201
2651,MEMBER_CHANGE,Wells Fargo Advisors,wells_fargo,True,Richard,Johnson,Morgan Advisory Group,Morgan Advisory Group,8759 Spring Pkwy,Oklahoma City,OK,73101
2652,MEMBER_CHANGE,Parkside Wealth Strategies,parkside,False,Paul,Jackson,Martin Advisors,Martin Advisors,4475 Lincoln Court,Dallas,TX,75201
2653,SPLIT_PARENT,Stifel Nicolaus & Company,stifel_nicolaus,True,Rachel,Patel,Patel Wealth Partners,Patel Wealth Partners,8439 Hill St,New York,NY,10022
2654,RENAME,Clearwater Capital Group,clearwater,False,Christopher,Baker,Baker & Khan Group,Baker Advisors,116 Main Court,Milwaukee,WI,53201
2655,MEMBER_CHANGE,Woodbury Financial Services,woodbury,True,Michael,Anderson,Wang Asset Management Group,Wang Asset Management Group,1125 Oak Ave,Las Vegas,NV,89101
2656,SPLIT_PARENT,Cambridge Investment Research,cambridge_inv,True,Matthew,Jones,Jones Private Wealth Group,Jones Private Wealth Group,3267 Broad Pl,New York,NY,10022
2657,MERGE_TARGET,UBS Financial Services,ubs,True,William,Nguyen,Nguyen Wealth Advisors,Nguyen Wealth Advisors,1017 Broad Rd,Phoenix,AZ,85001
2658,RENAME,Janney Montgomery Scott,janney,True,Megan,Jones,Jones & Lee Advisors,Jones Family Wealth Group,5365 Oak Way,Baltimore,MD,21201
2659,MEMBER_CHANGE,Northgate Investment Partners,northgate,False,Helen,Huang,Huang Asset Management,Huang Asset Management,3309 Highland Way,Baltimore,MD,21201
2660,MEMBER_CHANGE,Kingsbridge Capital Advisors,kingsbridge,False,Emily,Allen,Brown Private Wealth,Brown Private Wealth,3712 Church Rd,San Francisco,CA,94101
2661,MEMBER_CHANGE,Morgan Stanley Wealth Management,morgan_stanley,True,Charles,King,Adams Financial Group,Adams Financial Group,9911 River Ln,San Jose,CA,95101
2662,MEMBER_CHANGE,UBS Financial Services,ubs,True,Jennifer,Evans,Liu Investment Group,Liu Investment Group,6706 Monroe Ln,San Diego,CA,92101
2663,RENAME,Woodbury Financial Services,woodbury,True,Thomas,Scott,Scott Investment Group,Scott Wealth Management Group,9200 Maple Way,Raleigh,NC,27601
2664,MEMBER_CHANGE,Parkside Wealth Strategies,parkside,False,Barbara,Lee,Kim Partners,Kim Partners,2737 Highland Pkwy,Houston,TX,77001
2665,MEMBER_CHANGE,Northgate Investment Partners,northgate,False,Christopher,Moore,Johnson Family Office,Johnson Family Office,8684 Union Court,Indianapolis,IN,46201
2666,RENAME,Merrill Lynch Pierce Fenner & Smith,merrill_lynch,True,Matthew,Thomas,Thomas & Martin Group,Thomas Advisory Group,7536 Lake Ave,San Diego,CA,92101
2667,RENAME,Parkside Wealth Strategies,parkside,False,Sarah,Scott,Scott & Associates,Scott Capital,3419 Willow Ln,Philadelphia,PA,19101
2668,MEMBER_CHANGE,Ameriprise Financial Services,ameriprise,True,Michael,Taylor,Kim Private Wealth Group,Kim Private Wealth Group,7706 Main Dr,San Jose,CA,95101
2669,MEMBER_CHANGE,Ridgeway Wealth Management,ridgeway,False,Christopher,Reyes,Garcia Wealth Management,Garcia Wealth Management,2776 Main Ln,San Antonio,TX,78201
2670,SPLIT_PARENT,Stifel Nicolaus & Company,stifel_nicolaus,True,Sandra,Harris,Harris Wealth Advisors,Harris Wealth Advisors,5306 Elm Way,Minneapolis,MN,55401
2671,MEMBER_CHANGE,Securities America,securities_america,True,Joseph,Diaz,Scott Asset Management Group,Scott Asset Management Group,2086 Park Dr,Atlanta,GA,30301
2672,MEMBER_CHANGE,Merrill Lynch Pierce Fenner & Smith,merrill_lynch,True,Sandra,Williams,Young Wealth Partners,Young Wealth Partners,4435 Highland St,San Jose,CA,95101
2673,RENAME,Meridian Private Wealth,meridian_pw,False,Rachel,King,King & Lee Group,King Partners,2407 Lincoln Rd,Miami,FL,33101
2674,MEMBER_CHANGE,UBS Financial Services,ubs,True,Michael,Garcia,Green Wealth Partners,Green Wealth Partners,4765 Oak Dr,Atlanta,GA,30301
2675,RENAME,Edward Jones,edward_jones,True,Steven,Chen,Chen Family Wealth Group,Chen Private Wealth Group,6626 Commerce Court,Philadelphia,PA,19101
2676,MEMBER_CHANGE,Parkside Wealth Strategies,parkside,False,Emily,Cruz,Yang Capital Partners,Yang Capital Partners,8286 Union Court,San Jose,CA,95101
2677,MEMBER_CHANGE,Parkside Wealth Strategies,parkside,False,William,Nelson,Jones Partners,Jones Partners,2745 Church Ave,Minneapolis,MN,55401
2678,MEMBER_CHANGE,Highfield Asset Management,highfield,False,John,Parker,Mitchell Capital,Mitchell Capital,1776 Church Dr,Indianapolis,IN,46201
2679,MEMBER_CHANGE,Cambridge Investment Research,cambridge_inv,True,Sarah,Martin,Taylor Portfolio Group,Taylor Portfolio Group,9047 Spring Way,St. Louis,MO,63101
2680,SPLIT_PARENT,Ameriprise Financial Services,ameriprise,True,Mark,Morris,Morris Asset Management Group,Morris Asset Management Group,3895 Central Dr,San Antonio,TX,78201
2681,MEMBER_CHANGE,Meridian Private Wealth,meridian_pw,False,Emily,Chen,Anderson Asset Management,Anderson Asset Management,5317 Madison St,Oklahoma City,OK,73101
2682,MEMBER_CHANGE,Stifel Nicolaus & Company,stifel_nicolaus,True,Charles,Nguyen,Morris Financial Group,Morris Financial Group,475 Commerce Pkwy,Tampa,FL,33601
2683,RENAME,Crestwood Family Office,crestwood,False,Sandra,Hill,Hill Advisors,Hill Wealth,7531 Commerce St,Memphis,TN,38101
2684,RENAME,Meridian Private Wealth,meridian_pw,False,Linda,Harris,Harris Wealth,Harris Family Office,8591 Monroe Blvd,New York,NY,10001
2685,RENAME,Hilliard Lyons,hilliard_lyons,True,James,Nguyen,Nguyen & Young Group,Nguyen Wealth Advisors,2453 Maple Blvd,Austin,TX,78701
2686,SPLIT_PARENT,Stifel Nicolaus & Company,stifel_nicolaus,True,Lisa,King,King Institutional Group,King Institutional Group,2708 Maple Ln,Louisville,KY,40201
2687,MEMBER_CHANGE,Morgan Stanley Wealth Management,morgan_stanley,True,John,Patel,Mitchell Financial Group,Mitchell Financial Group,1818 Union Rd,Memphis,TN,38101
2688,RENAME,National Planning Holdings,nph,True,Charles,Reyes,Reyes Family Wealth Group,Reyes Private Wealth Group,8666 Church Blvd,Houston,TX,77001
2689,MEMBER_CHANGE,National Planning Holdings,nph,True,Nancy,Liu,King Portfolio Group,King Portfolio Group,6619 Jefferson Pkwy,Los Angeles,CA,90001
2690,MEMBER_CHANGE,Securities America,securities_america,True,Sandra,Jackson,Mitchell Institutional Group,Mitchell Institutional Group,4499 Lake Ln,Richmond,VA,23219
2691,MEMBER_CHANGE,Woodbury Financial Services,woodbury,True,Joseph,Thomas,Young Wealth Advisors,Young Wealth Advisors,364 Washington Blvd,Los Angeles,CA,90001
2692,MEMBER_CHANGE,Meridian Private Wealth,meridian_pw,False,Sandra,Allen,Khan Partners,Khan Partners,3865 Union Court,Milwaukee,WI,53201
2693,MEMBER_CHANGE,Crestwood Family Office,crestwood,False,Matthew,Rivera,Collins Investment Partners,Collins Investment Partners,8412 River Blvd,Denver,CO,80201
2694,SPLIT_PARENT,Highfield Asset Management,highfield,False,Megan,Wright,Wright Wealth Management,Wright Wealth Management,8491 Central Ave,Phoenix,AZ,85001
2695,MEMBER_CHANGE,Janney Montgomery Scott,janney,True,Ashley,Torres,Adams Institutional Group,Adams Institutional Group,9040 Market Way,Los Angeles,CA,90001
2696,MEMBER_CHANGE,Harborview Private Wealth,harborview,False,Paul,Patel,Garcia Private Wealth,Garcia Private Wealth,3033 Lake Court,Memphis,TN,38101
2697,RENAME,Ameriprise Financial Services,ameriprise,True,Nancy,Baker,Baker & Associates,Baker Advisory Group,8935 Monroe Blvd,New York,NY,10022
2698,MEMBER_CHANGE,Parkside Wealth Strategies,parkside,False,Susan,Parker,Adams Investment Partners,Adams Investment Partners,6333 Monroe Ave,Richmond,VA,23219
2699,MEMBER_CHANGE,Merrill Lynch Pierce Fenner & Smith,merrill_lynch,True,William,Nguyen,Hall Portfolio Group,Hall Portfolio Group,8819 Commerce Ln,Tampa,FL,33601
2700,MEMBER_CHANGE,Raymond James Financial Services,raymond_james,True,William,Davis,Roberts Asset Management Group,Roberts Asset Management Group,8387 Commerce Blvd,San Diego,CA,92101
2701,MEMBER_CHANGE,Oppenheimer & Co.,oppenheimer,True,Anthony,Patel,Roberts Advisory Group,Roberts Advisory Group,8192 Adams St,Tampa,FL,33601
2702,RENAME,Oppenheimer & Co.,oppenheimer,True,Susan,Smith,Smith & Moore Partners,Smith Asset Management Group,3151 Union Dr,Louisville,KY,40201
2703,SPLIT_PARENT,UBS Financial Services,ubs,True,Paul,Liu,Liu Wealth Management Group,Liu Wealth Management Group,6004 Monroe Ln,Las Vegas,NV,89101
2704,MEMBER_CHANGE,Crestwood Family Office,crestwood,False,Paul,Edwards,Wright Capital Partners,Wright Capital Partners,9425 Oak St,San Antonio,TX,78201
2705,MEMBER_CHANGE,LPL Financial,lpl_financial,True,Anthony,Harris,Yang Wealth Advisors,Yang Wealth Advisors,2982 Monroe Pl,Louisville,KY,40201
2706,MEMBER_CHANGE,Robert W. Baird & Co.,rwbaird,True,Amanda,Phillips,Anderson Wealth Advisors,Anderson Wealth Advisors,6541 Jefferson Pkwy,Memphis,TN,38101
2707,MEMBER_CHANGE,Edward Jones,edward_jones,True,Margaret,Roberts,Scott Portfolio Group,Scott Portfolio Group,4919 Washington Dr,San Diego,CA,92101
2708,MEMBER_CHANGE,Ridgeway Wealth Management,ridgeway,False,Joseph,Turner,Stewart Wealth Management,Stewart Wealth Management,4511 Lincoln Dr,Jacksonville,FL,32201
2709,MEMBER_CHANGE,Securities America,securities_america,True,Emily,Khan,Kim Private Wealth Group,Kim Private Wealth Group,5673 Lincoln Blvd,Indianapolis,IN,46201
2710,MEMBER_CHANGE,Merrill Lynch Pierce Fenner & Smith,merrill_lynch,True,Michael,Campbell,Anderson Wealth Advisors,Anderson Wealth Advisors,5635 Adams Way,Austin,TX,78701
2711,MEMBER_CHANGE,Parkside Wealth Strategies,parkside,False,Rachel,Morgan,Nguyen Capital,Nguyen Capital,9528 Washington Ln,Pittsburgh,PA,15201
2712,MEMBER_CHANGE,Stifel Nicolaus & Company,stifel_nicolaus,True,Jennifer,Allen,Wright Wealth Advisors,Wright Wealth Advisors,6162 Cedar Dr,Miami,FL,33101
2713,MEMBER_CHANGE,Wells Fargo Advisors,wells_fargo,True,Kenneth,Hill,Collins Asset Management Group,Collins Asset Management Group,6149 Willow St,Minneapolis,MN,55401
2714,MEMBER_CHANGE,Cambridge Investment Research,cambridge_inv,True,John,Rivera,Nguyen Wealth Advisors,Nguyen Wealth Advisors,5414 Main Pkwy,Nashville,TN,37201
2715,MEMBER_CHANGE,Northgate Investment Partners,northgate,False,Matthew,Hill,Morgan Investment Partners,Morgan Investment Partners,4387 Lake St,Jacksonville,FL,32201
2716,MEMBER_CHANGE,Janney Montgomery Scott,janney,True,Thomas,Nguyen,Davis Institutional Group,Davis Institutional Group,8493 Highland Ave,San Antonio,TX,78201
2717,RENAME,Parkside Wealth Strategies,parkside,False,Patricia,Phillips,Phillips & Wright Partners,Phillips Capital Partners,2800 Oak Dr,Cleveland,OH,44101
2718,MEMBER_CHANGE,Clearwater Capital Group,clearwater,False,David,Diaz,Gomez Advisors,Gomez Advisors,4509 Oak Ave,Louisville,KY,40201
2719,RENAME,Edward Jones,edward_jones,True,Betty,Allen,Allen & Associates,Allen Private Wealth Group,5428 River Way,Philadelphia,PA,19101
2720,MEMBER_CHANGE,Oppenheimer & Co.,oppenheimer,True,Matthew,Wright,Thomas Private Wealth Group,Thomas Private Wealth Group,3648 Adams Blvd,Louisville,KY,40201
2721,MEMBER_CHANGE,Woodbury Financial Services,woodbury,True,Patricia,Thomas,Lee Asset Management Group,Lee Asset Management Group,7896 Adams Court,Philadelphia,PA,19101
2722,RENAME,Stifel Nicolaus & Company,stifel_nicolaus,True,Sandra,Adams,Adams & Anderson Partners,Adams Capital Group,850 Main Pkwy,San Francisco,CA,94101
2723,MERGE_TARGET,Meridian Private Wealth,meridian_pw,False,Charles,Edwards,Edwards Wealth,Edwards Wealth,4744 Monroe Ave,Los Angeles,CA,90001
2724,MEMBER_CHANGE,Northgate Investment Partners,northgate,False,Matthew,Yang,Anderson Capital Partners,Anderson Capital Partners,6373 Broad Court,San Antonio,TX,78201
2725,MEMBER_CHANGE,Harborview Private Wealth,harborview,False,Sandra,Torres,Campbell Capital Partners,Campbell Capital Partners,9299 Oak Pkwy,San Diego,CA,92101
2726,MEMBER_CHANGE,Northgate Investment Partners,northgate,False,Mark,Jones,Smith Investment Partners,Smith Investment Partners,6014 Elm Dr,Miami,FL,33101
2727,MEMBER_CHANGE,Cambridge Investment Research,cambridge_inv,True,Robert,Green,Zhang Capital Group,Zhang Capital Group,6689 Washington Blvd,Oklahoma City,OK,73101
2728,MEMBER_CHANGE,Securities America,securities_america,True,Mark,Rivera,Flores Wealth Management Group,Flores Wealth Management Group,5415 Monroe Pkwy,Miami,FL,33101
2729,MERGE_SURVIVOR,Cetera Financial Group,cetera,True,Ashley,Mitchell,Mitchell Financial Group,Mitchell Financial Group,4679 River Blvd,San Diego,CA,92101
2730,MEMBER_CHANGE,Commonwealth Financial Network,commonwealth,True,Karen,Morris,Rivera Capital Group,Rivera Capital Group,4681 Central Pl,Pittsburgh,PA,15201
2731,SPLIT_PARENT,Cetera Financial Group,cetera,True,Karen,Patel,Patel Capital Group,Patel Capital Group,4819 Washington Court,San Diego,CA,92101
2732,MEMBER_CHANGE,Janney Montgomery Scott,janney,True,Robert,Chen,Wang Private Wealth Group,Wang Private Wealth Group,1459 Liberty Ln,Oklahoma City,OK,73101
2733,RENAME,Morgan Stanley Wealth Management,morgan_stanley,True,Thomas,Kim,Kim & Associates,Kim Wealth Management Group,745 Oak Blvd,Denver,CO,80201
2734,MEMBER_CHANGE,Hilliard Lyons,hilliard_lyons,True,Richard,Torres,Gomez Institutional Group,Gomez Institutional Group,3902 Maple Dr,San Diego,CA,92101
2735,MERGE_TARGET,Kingsbridge Capital Advisors,kingsbridge,False,Joseph,Khan,Khan Private Wealth,Khan Private Wealth,5299 Maple Dr,New York,NY,10001
2736,MEMBER_CHANGE,Oppenheimer & Co.,oppenheimer,True,Paul,Liu,Baker Wealth Management Group,Baker Wealth Management Group,8648 Park Ln,Boston,MA,02101
2737,MERGE_SURVIVOR,Crestwood Family Office,crestwood,False,Daniel,Cruz,Cruz Wealth,Cruz Wealth,4751 River Rd,Cleveland,OH,44101
2738,MEMBER_CHANGE,Cambridge Investment Research,cambridge_inv,True,Patricia,Khan,Nguyen Asset Management Group,Nguyen Asset Management Group,9708 Broad Way,Dallas,TX,75201
2739,MEMBER_CHANGE,Commonwealth Financial Network,commonwealth,True,Sandra,Yang,Green Financial Group,Green Financial Group,7326 Adams Rd,Baltimore,MD,21201
2740,MEMBER_CHANGE,Raymond James Financial Services,raymond_james,True,Matthew,Lee,Wilson Capital Group,Wilson Capital Group,8542 Adams Blvd,Louisville,KY,40201
2741,RENAME,Janney Montgomery Scott,janney,True,Anthony,Jones,Jones & Thompson Group,Jones Wealth Advisors,3678 Washington Court,Philadelphia,PA,19101
2742,SPLIT_PARENT,Crestwood Family Office,crestwood,False,Thomas,Thomas,Thomas Wealth,Thomas Wealth,2169 Park Pkwy,Dallas,TX,75201
2743,MEMBER_CHANGE,Highfield Asset Management,highfield,False,Jessica,Green,Turner Investment Partners,Turner Investment Partners,1617 Oak Ln,New York,NY,10001
2744,MEMBER_CHANGE,Highfield Asset Management,highfield,False,Nancy,Morris,Campbell Advisors,Campbell Advisors,6905 Hill Way,San Jose,CA,95101
2745,MEMBER_CHANGE,Edward Jones,edward_jones,True,James,Hall,Nelson Capital Group,Nelson Capital Group,496 Central Blvd,Raleigh,NC,27601
2746,MEMBER_CHANGE,DA Davidson & Co.,da_davidson,True,Susan,Hall,Collins Private Wealth Group,Collins Private Wealth Group,7571 Washington Blvd,Washington,DC,20001
2747,MEMBER_CHANGE,Commonwealth Financial Network,commonwealth,True,Robert,Roberts,King Wealth Partners,King Wealth Partners,6050 Central Rd,Raleigh,NC,27601
2748,MEMBER_CHANGE,Raymond James Financial Services,raymond_james,True,Dorothy,Wang,Moore Portfolio Group,Moore Portfolio Group,635 Spring Blvd,Richmond,VA,23219
2749,RENAME,Merrill Lynch Pierce Fenner & Smith,merrill_lynch,True,Barbara,Lee,Lee & Hill Advisors,Lee Institutional Group,7531 Lincoln Court,Charlotte,NC,28201
2750,MEMBER_CHANGE,Crestwood Family Office,crestwood,False,Donald,Mitchell,Hill Partners,Hill Partners,9100 Washington Way,San Antonio,TX,78201
2751,MEMBER_CHANGE,Kingsbridge Capital Advisors,kingsbridge,False,Emily,Gomez,Anderson Wealth,Anderson Wealth,7590 Union Dr,Jacksonville,FL,32201
2752,MEMBER_CHANGE,Ameriprise Financial Services,ameriprise,True,Betty,Wang,Kim Portfolio Group,Kim Portfolio Group,9644 Washington St,Nashville,TN,37201
2753,MEMBER_CHANGE,LPL Financial,lpl_financial,True,Robert,Davis,Moore Portfolio Group,Moore Portfolio Group,9387 Broad Dr,Baltimore,MD,21201
2754,MEMBER_CHANGE,Highfield Asset Management,highfield,False,Linda,Jackson,Miller Family Office,Miller Family Office,5456 Union Pkwy,Houston,TX,77001
2755,RENAME,Kingsbridge Capital Advisors,kingsbridge,False,Kenneth,Harris,Harris Investment Partners,Harris Asset Management,9121 Elm Dr,San Jose,CA,95101
2756,MEMBER_CHANGE,Oppenheimer & Co.,oppenheimer,True,Charles,Roberts,Edwards Advisory Group,Edwards Advisory Group,9563 Central Dr,Nashville,TN,37201
2757,MEMBER_CHANGE,Securities America,securities_america,True,Lisa,White,Thompson Asset Management Group,Thompson Asset Management Group,2101 Commerce Way,Minneapolis,MN,55401
2758,RENAME,Stifel Nicolaus & Company,stifel_nicolaus,True,Christopher,Khan,Khan & Wright Advisors,Khan Asset Management Group,4848 Lake St,Portland,OR,97201
2759,RENAME,Oppenheimer & Co.,oppenheimer,True,Steven,Huang,Huang Private Wealth Group,Huang Wealth Partners,9563 Monroe Way,Richmond,VA,23219
2760,SPLIT_PARENT,Harborview Private Wealth,harborview,False,Joseph,Anderson,Anderson Capital Partners,Anderson Capital Partners,9989 Highland Way,New York,NY,10001
2761,MEMBER_CHANGE,LPL Financial,lpl_financial,True,Patricia,Parker,Anderson Financial Group,Anderson Financial Group,1244 Washington St,Oklahoma City,OK,73101
2762,MEMBER_CHANGE,Stifel Nicolaus & Company,stifel_nicolaus,True,Karen,Stewart,Nelson Wealth Advisors,Nelson Wealth Advisors,8254 Adams Ave,Fort Worth,TX,76101
2763,MEMBER_CHANGE,Commonwealth Financial Network,commonwealth,True,Sarah,Martin,Wilson Portfolio Group,Wilson Portfolio Group,9247 Market Dr,San Diego,CA,92101
2764,MEMBER_CHANGE,Raymond James Financial Services,raymond_james,True,Dorothy,Brown,Khan Institutional Group,Khan Institutional Group,1714 Elm Pl,Memphis,TN,38101
2765,MEMBER_CHANGE,Crestwood Family Office,crestwood,False,Karen,Harris,Carter Advisors,Carter Advisors,2938 Oak St,Indianapolis,IN,46201
2766,MEMBER_CHANGE,Northgate Investment Partners,northgate,False,Rachel,Huang,Hall Wealth Management,Hall Wealth Management,7728 Market Court,Miami,FL,33101
2767,SPLIT_PARENT,Meridian Private Wealth,meridian_pw,False,Emily,Adams,Adams Private Wealth,Adams Private Wealth,3550 Liberty Pl,Miami,FL,33101
2768,MEMBER_CHANGE,Hilliard Lyons,hilliard_lyons,True,Sarah,Taylor,Harris Institutional Group,Harris Institutional Group,8865 Lincoln St,Los Angeles,CA,90001
2769,RENAME,Edward Jones,edward_jones,True,John,Thompson,Thompson & Johnson Partners,Thompson Wealth Partners,3971 Lincoln Ave,Portland,OR,97201
2770,MERGE_SURVIVOR,Meridian Private Wealth,meridian_pw,False,Emily,King,King Wealth,King Wealth,7640 Maple Pl,San Jose,CA,95101
2771,MEMBER_CHANGE,Edward Jones,edward_jones,True,Michael,Nguyen,Yang Private Wealth Group,Yang Private Wealth Group,474 Monroe Blvd,Portland,OR,97201
2772,MEMBER_CHANGE,LPL Financial,lpl_financial,True,Joseph,Morgan,Stewart Capital Group,Stewart Capital Group,493 Maple Rd,Jacksonville,FL,32201
2773,MEMBER_CHANGE,Commonwealth Financial Network,commonwealth,True,Karen,Baker,Diaz Family Wealth Group,Diaz Family Wealth Group,8478 Park St,Richmond,VA,23219
2774,RENAME,Clearwater Capital Group,clearwater,False,Matthew,Wang,Wang Advisors,Wang Partners,9546 Madison Way,Phoenix,AZ,85001
2775,MEMBER_CHANGE,Edward Jones,edward_jones,True,Donald,Turner,Hall Private Wealth Group,Hall Private Wealth Group,1986 Elm Ln,Chicago,IL,60601
2776,RENAME,Kingsbridge Capital Advisors,kingsbridge,False,Charles,Reyes,Reyes Private Wealth,Reyes Capital,1993 Park Blvd,San Antonio,TX,78201
2777,RENAME,Meridian Private Wealth,meridian_pw,False,Dorothy,Flores,Flores & Associates,Flores Capital Partners,2387 Oak Ave,St. Louis,MO,63101
2778,MEMBER_CHANGE,Northgate Investment Partners,northgate,False,Patricia,Wilson,Davis Wealth,Davis Wealth,6368 Lincoln Ave,San Diego,CA,92101
2779,MEMBER_CHANGE,Parkside Wealth Strategies,parkside,False,Ashley,Young,Williams Wealth,Williams Wealth,622 Jefferson Blvd,Oklahoma City,OK,73101
2780,MEMBER_CHANGE,Ridgeway Wealth Management,ridgeway,False,Barbara,Carter,Morris Capital Partners,Morris Capital Partners,4174 Park Pkwy,Fort Worth,TX,76101
2781,MEMBER_CHANGE,UBS Financial Services,ubs,True,David,Lee,Roberts Advisory Group,Roberts Advisory Group,7168 Lincoln Pl,Fort Worth,TX,76101
2782,MEMBER_CHANGE,Securities America,securities_america,True,Betty,Torres,Parker Investment Group,Parker Investment Group,7560 Church Rd,Cleveland,OH,44101
2783,MERGE_SURVIVOR,Wells Fargo Advisors,wells_fargo,True,Charles,Morris,Morris Wealth Partners,Morris Wealth Partners,2985 Cedar Ave,Seattle,WA,98101
2784,MERGE_TARGET,Morgan Stanley Wealth Management,morgan_stanley,True,Helen,Cruz,Cruz Asset Management Group,Cruz Asset Management Group,8698 Elm Pl,New York,NY,10001
2785,RENAME,National Planning Holdings,nph,True,Sarah,Wilson,Wilson Portfolio Group,Wilson Investment Group,9870 River Ln,San Diego,CA,92101
2786,RENAME,Morgan Stanley Wealth Management,morgan_stanley,True,Rachel,Thomas,Thomas & Yang Partners,Thomas Family Wealth Group,6108 Willow Ln,Houston,TX,77001
2787,MEMBER_CHANGE,Summit Peak Advisors,summit_peak,False,Betty,Kim,Khan Advisors,Khan Advisors,9420 Broad Pl,San Diego,CA,92101
2788,SPLIT_PARENT,Northgate Investment Partners,northgate,False,Rachel,Hall,Hall Partners,Hall Partners,1692 Lake Way,San Antonio,TX,78201
2789,MEMBER_CHANGE,Raymond James Financial Services,raymond_james,True,Kenneth,Flores,Thomas Asset Management Group,Thomas Asset Management Group,5982 Central Pl,Tampa,FL,33601
2790,MEMBER_CHANGE,Hilliard Lyons,hilliard_lyons,True,Margaret,Allen,Allen Investment Group,Allen Investment Group,3573 Main Rd,Houston,TX,77001
2791,MEMBER_CHANGE,Highfield Asset Management,highfield,False,Linda,Thomas,Johnson Capital,Johnson Capital,7994 Oak Ln,San Antonio,TX,78201
2792,RENAME,Hilliard Lyons,hilliard_lyons,True,Amanda,Taylor,Taylor Wealth Partners,Taylor Financial Group,3881 Central Way,San Francisco,CA,94101
2793,RENAME,UBS Financial Services,ubs,True,Christopher,Phillips,Phillips & Liu Partners,Phillips Portfolio Group,1107 Jefferson Ave,Milwaukee,WI,53201
2794,MEMBER_CHANGE,Cetera Financial Group,cetera,True,Sandra,Harris,Johnson Asset Management Group,Johnson Asset Management Group,3838 Elm Blvd,Seattle,WA,98101
2795,RENAME,Cambridge Investment Research,cambridge_inv,True,Richard,Wright,Wright Investment Group,Wright Capital Group,4377 Washington St,Columbus,OH,43201
2796,MEMBER_CHANGE,Harborview Private Wealth,harborview,False,Betty,Carter,Williams Advisors,Williams Advisors,1060 Cedar St,Richmond,VA,23219
2797,MEMBER_CHANGE,Hilliard Lyons,hilliard_lyons,True,Susan,Kim,Hall Portfolio Group,Hall Portfolio Group,7496 Willow Ln,Denver,CO,80201
2798,MEMBER_CHANGE,Woodbury Financial Services,woodbury,True,Lisa,Anderson,Torres Financial Group,Torres Financial Group,9768 Union Pl,Louisville,KY,40201
2799,MEMBER_CHANGE,Janney Montgomery Scott,janney,True,Thomas,Thompson,Chen Investment Group,Chen Investment Group,4132 Hill Way,Philadelphia,PA,19101
2800,RENAME,Raymond James Financial Services,raymond_james,True,Steven,Nelson,Nelson & Gomez Group,Nelson Asset Management Group,144 Cedar St,Boston,MA,02101
2801,MEMBER_CHANGE,UBS Financial Services,ubs,True,Andrew,Yang,Khan Wealth Advisors,Khan Wealth Advisors,2109 Oak Dr,New York,NY,10022
2802,MEMBER_CHANGE,Summit Peak Advisors,summit_peak,False,Robert,Johnson,Carter Advisors,Carter Advisors,1744 Jefferson Ln,San Francisco,CA,94101
2803,MEMBER_CHANGE,Northgate Investment Partners,northgate,False,Sarah,Allen,Hall Capital,Hall Capital,7043 Market St,Tampa,FL,33601
2804,MEMBER_CHANGE,Morgan Stanley Wealth Management,morgan_stanley,True,Mark,Roberts,Miller Family Wealth Group,Miller Family Wealth Group,6100 Jefferson Ave,Dallas,TX,75201
2805,MEMBER_CHANGE,National Planning Holdings,nph,True,Karen,Liu,Huang Family Wealth Group,Huang Family Wealth Group,1872 Spring St,Kansas City,MO,64101
2806,MEMBER_CHANGE,Merrill Lynch Pierce Fenner & Smith,merrill_lynch,True,Richard,Jackson,Rivera Wealth Management Group,Rivera Wealth Management Group,6794 Jefferson Ave,Charlotte,NC,28201
2807,MEMBER_CHANGE,UBS Financial Services,ubs,True,Christopher,Garcia,Collins Advisory Group,Collins Advisory Group,5541 Maple St,Seattle,WA,98101
2808,MEMBER_CHANGE,Hilliard Lyons,hilliard_lyons,True,Amanda,Morris,Thompson Financial Group,Thompson Financial Group,5019 Park Ln,Austin,TX,78701
2809,MEMBER_CHANGE,Wells Fargo Advisors,wells_fargo,True,Daniel,Allen,Johnson Wealth Management Group,Johnson Wealth Management Group,9359 Madison Blvd,Washington,DC,20001
2810,MEMBER_CHANGE,Securities America,securities_america,True,Amanda,Huang,Cruz Capital Group,Cruz Capital Group,7420 Madison Ln,St. Louis,MO,63101
2811,MEMBER_CHANGE,Robert W. Baird & Co.,rwbaird,True,Sandra,Stewart,Johnson Advisory Group,Johnson Advisory Group,2074 Central St,Oklahoma City,OK,73101
2812,MEMBER_CHANGE,Edward Jones,edward_jones,True,Helen,Wang,Phillips Asset Management Group,Phillips Asset Management Group,2665 Jefferson Rd,Milwaukee,WI,53201
2813,MEMBER_CHANGE,Highfield Asset Management,highfield,False,John,Rivera,Green Capital,Green Capital,1393 Willow Pkwy,Houston,TX,77001
2814,MEMBER_CHANGE,Cambridge Investment Research,cambridge_inv,True,Richard,Morris,Chen Investment Group,Chen Investment Group,7882 Main St,Chicago,IL,60601
2815,RENAME,Robert W. Baird & Co.,rwbaird,True,Betty,Flores,Flores Family Wealth Group,Flores Asset Management Group,1741 River Pl,Pittsburgh,PA,15201
2816,RENAME,Morgan Stanley Wealth Management,morgan_stanley,True,William,Patel,Patel & Associates,Patel Private Wealth Group,928 Jefferson Pkwy,Minneapolis,MN,55401
2817,MEMBER_CHANGE,Ridgeway Wealth Management,ridgeway,False,Barbara,Nelson,Davis Investment Partners,Davis Investment Partners,711 Main Rd,Pittsburgh,PA,15201
2818,MERGE_TARGET,Stifel Nicolaus & Company,stifel_nicolaus,True,Jessica,Morgan,Morgan Wealth Advisors,Morgan Wealth Advisors,1213 Liberty Pkwy,San Francisco,CA,94101
2819,MEMBER_CHANGE,National Planning Holdings,nph,True,Christopher,Collins,King Advisory Group,King Advisory Group,1177 Spring Blvd,Los Angeles,CA,90001
2820,MEMBER_CHANGE,Robert W. Baird & Co.,rwbaird,True,Barbara,Flores,Phillips Wealth Advisors,Phillips Wealth Advisors,720 Highland Rd,St. Louis,MO,63101
2821,MEMBER_CHANGE,Clearwater Capital Group,clearwater,False,Kenneth,Huang,Kim Family Office,Kim Family Office,8770 Commerce Dr,Houston,TX,77001
2822,MEMBER_CHANGE,Edward Jones,edward_jones,True,Lisa,Yang,Gomez Financial Group,Gomez Financial Group,2070 Madison Ln,St. Louis,MO,63101
2823,MEMBER_CHANGE,Securities America,securities_america,True,Jennifer,White,Miller Asset Management Group,Miller Asset Management Group,6358 Cedar Blvd,Fort Worth,TX,76101
2824,RENAME,Commonwealth Financial Network,commonwealth,True,Andrew,Brown,Brown Capital Group,Brown Financial Group,7962 Highland Rd,Charlotte,NC,28201
2825,MEMBER_CHANGE,Stifel Nicolaus & Company,stifel_nicolaus,True,Jessica,Rivera,Morris Capital Group,Morris Capital Group,7258 Washington Dr,Miami,FL,33101
2826,MEMBER_CHANGE,Ridgeway Wealth Management,ridgeway,False,Lisa,Liu,Phillips Investment Partners,Phillips Investment Partners,9649 Highland Ave,Richmond,VA,23219
2827,MEMBER_CHANGE,Ameriprise Financial Services,ameriprise,True,Patricia,Baker,Jones Family Wealth Group,Jones Family Wealth Group,4427 Washington Ln,San Diego,CA,92101
2828,MEMBER_CHANGE,Morgan Stanley Wealth Management,morgan_stanley,True,James,Flores,Nelson Wealth Management Group,Nelson Wealth Management Group,8547 Jefferson Court,San Jose,CA,95101
2829,MEMBER_CHANGE,Wells Fargo Advisors,wells_fargo,True,James,Thompson,Flores Wealth Management Group,Flores Wealth Management Group,2694 Union St,Indianapolis,IN,46201
2830,MEMBER_CHANGE,Wells Fargo Advisors,wells_fargo,True,Barbara,Liu,Khan Private Wealth Group,Khan Private Wealth Group,3953 Willow Pkwy,Portland,OR,97201
2831,MEMBER_CHANGE,Cambridge Investment Research,cambridge_inv,True,Karen,Adams,Rivera Portfolio Group,Rivera Portfolio Group,7449 Elm Ave,Phoenix,AZ,85001
2832,MEMBER_CHANGE,Ameriprise Financial Services,ameriprise,True,Mark,Johnson,Reyes Wealth Advisors,Reyes Wealth Advisors,8351 Church Pkwy,Seattle,WA,98101
2833,MEMBER_CHANGE,Parkside Wealth Strategies,parkside,False,Michael,Campbell,Johnson Wealth,Johnson Wealth,9055 Lincoln Rd,Denver,CO,80201
2834,MERGE_SURVIVOR,Securities America,securities_america,True,Thomas,Taylor,Taylor Private Wealth Group,Taylor Private Wealth Group,7493 Willow Court,Miami,FL,33101
2835,MEMBER_CHANGE,Crestwood Family Office,crestwood,False,Richard,Thompson,Roberts Capital Partners,Roberts Capital Partners,8404 Willow Way,New York,NY,10001
2836,RENAME,Securities America,securities_america,True,Daniel,Brown,Brown & Associates,Brown Wealth Management Group,4351 Central St,Baltimore,MD,21201
2837,RENAME,Commonwealth Financial Network,commonwealth,True,Sarah,Baker,Baker Advisory Group,Baker Institutional Group,1635 Washington Dr,Las Vegas,NV,89101
2838,MEMBER_CHANGE,National Planning Holdings,nph,True,Andrew,Morris,Allen Portfolio Group,Allen Portfolio Group,6706 Maple Ave,San Jose,CA,95101
2839,MEMBER_CHANGE,Cambridge Investment Research,cambridge_inv,True,Andrew,Johnson,Cruz Portfolio Group,Cruz Portfolio Group,4530 Washington Pkwy,Milwaukee,WI,53201
2840,MEMBER_CHANGE,Securities America,securities_america,True,Anthony,Jones,Moore Financial Group,Moore Financial Group,6524 Highland Way,Chicago,IL,60601
2841,MEMBER_CHANGE,Robert W. Baird & Co.,rwbaird,True,Joseph,Adams,Gomez Capital Group,Gomez Capital Group,3857 Liberty Ave,Indianapolis,IN,46201
2842,MEMBER_CHANGE,Highfield Asset Management,highfield,False,Steven,Harris,Patel Wealth Management,Patel Wealth Management,7038 Cedar Pl,Milwaukee,WI,53201
2843,MEMBER_CHANGE,UBS Financial Services,ubs,True,Lisa,Reyes,Yang Wealth Advisors,Yang Wealth Advisors,4165 Washington Way,Seattle,WA,98101
2844,SPLIT_PARENT,Ridgeway Wealth Management,ridgeway,False,Helen,Carter,Carter Advisors,Carter Advisors,5560 Adams Ln,Washington,DC,20001
2845,MEMBER_CHANGE,Wells Fargo Advisors,wells_fargo,True,Nancy,Garcia,Gomez Institutional Group,Gomez Institutional Group,6623 Washington Rd,Los Angeles,CA,90001
2846,MEMBER_CHANGE,Highfield Asset Management,highfield,False,Betty,Adams,Kim Family Office,Kim Family Office,4737 Broad Ln,Las Vegas,NV,89101
2847,MEMBER_CHANGE,Securities America,securities_america,True,Megan,Harris,Reyes Wealth Partners,Reyes Wealth Partners,7133 Main Rd,Atlanta,GA,30301
2848,MEMBER_CHANGE,Cambridge Investment Research,cambridge_inv,True,Rachel,Martin,Moore Private Wealth Group,Moore Private Wealth Group,7373 Main Blvd,Boston,MA,02101
2849,RENAME,Oppenheimer & Co.,oppenheimer,True,Richard,Nguyen,Nguyen & Yang Group,Nguyen Investment Group,2718 Willow Pkwy,Charlotte,NC,28201
2850,SPLIT_PARENT,Clearwater Capital Group,clearwater,False,Margaret,Thompson,Thompson Asset Management,Thompson Asset Management,9057 Elm St,Miami,FL,33101
2851,RENAME,National Planning Holdings,nph,True,Mark,Thompson,Thompson Investment Group,Thompson Wealth Advisors,6655 Central Court,Columbus,OH,43201
2852,MEMBER_CHANGE,Woodbury Financial Services,woodbury,True,Nancy,Huang,Liu Asset Management Group,Liu Asset Management Group,2352 Hill Ln,Raleigh,NC,27601
2853,MEMBER_CHANGE,Raymond James Financial Services,raymond_james,True,Andrew,Lee,Adams Portfolio Group,Adams Portfolio Group,9533 Maple Ln,New York,NY,10022
2854,RENAME,Woodbury Financial Services,woodbury,True,William,Garcia,Garcia & Stewart Partners,Garcia Wealth Partners,1310 Park Ave,Pittsburgh,PA,15201
2855,MEMBER_CHANGE,Highfield Asset Management,highfield,False,Patricia,Allen,Scott Wealth Management,Scott Wealth Management,2774 Park Ln,Philadelphia,PA,19101
2856,MERGE_SURVIVOR,Stifel Nicolaus & Company,stifel_nicolaus,True,Anthony,Baker,Baker Family Wealth Group,Baker Family Wealth Group,6778 Main Pl,Austin,TX,78701
2857,MEMBER_CHANGE,Stifel Nicolaus & Company,stifel_nicolaus,True,Dorothy,Yang,Wang Wealth Partners,Wang Wealth Partners,5362 Central Court,Philadelphia,PA,19101
2858,MERGE_SURVIVOR,DA Davidson & Co.,da_davidson,True,Jennifer,Morgan,Morgan Family Wealth Group,Morgan Family Wealth Group,459 Washington Pl,San Francisco,CA,94101
2859,MEMBER_CHANGE,Northgate Investment Partners,northgate,False,Sandra,Diaz,Hall Capital,Hall Capital,4395 Cedar Pkwy,Philadelphia,PA,19101
2860,MEMBER_CHANGE,Cetera Financial Group,cetera,True,Matthew,Zhang,Diaz Wealth Management Group,Diaz Wealth Management Group,3266 Liberty Rd,San Francisco,CA,94101
2861,MERGE_TARGET,Morgan Stanley Wealth Management,morgan_stanley,True,Emily,Flores,Flores Asset Management Group,Flores Asset Management Group,1135 Commerce Way,Houston,TX,77001
2862,MEMBER_CHANGE,Northgate Investment Partners,northgate,False,Emily,Moore,Wilson Investment Partners,Wilson Investment Partners,9841 Central Pkwy,Tampa,FL,33601
2863,MEMBER_CHANGE,Kingsbridge Capital Advisors,kingsbridge,False,Betty,Green,Mitchell Asset Management,Mitchell Asset Management,146 Lincoln Way,Boston,MA,02101
2864,MEMBER_CHANGE,Raymond James Financial Services,raymond_james,True,Christopher,Wilson,Thompson Private Wealth Group,Thompson Private Wealth Group,7355 Hill Ln,Cleveland,OH,44101
2865,MEMBER_CHANGE,Meridian Private Wealth,meridian_pw,False,Christopher,Phillips,Patel Advisors,Patel Advisors,5448 Broad Blvd,Memphis,TN,38101
2866,MEMBER_CHANGE,Kingsbridge Capital Advisors,kingsbridge,False,Linda,Miller,Martin Asset Management,Martin Asset Management,7017 Broad Court,Richmond,VA,23219
2867,RENAME,Summit Peak Advisors,summit_peak,False,Donald,Edwards,Edwards & Associates,Edwards Wealth Management,6585 Liberty Pkwy,Boston,MA,02101
2868,MEMBER_CHANGE,Ameriprise Financial Services,ameriprise,True,Rachel,Adams,Kim Wealth Advisors,Kim Wealth Advisors,6344 Highland Rd,Phoenix,AZ,85001
2869,SPLIT_PARENT,Oppenheimer & Co.,oppenheimer,True,Jennifer,Gomez,Gomez Wealth Partners,Gomez Wealth Partners,5237 Union St,San Antonio,TX,78201
2870,MEMBER_CHANGE,Wells Fargo Advisors,wells_fargo,True,Kenneth,Chen,Wilson Family Wealth Group,Wilson Family Wealth Group,9915 Union Blvd,Chicago,IL,60601
2871,RENAME,Meridian Private Wealth,meridian_pw,False,Patricia,Torres,Torres Wealth Management,Torres Advisors,6350 Liberty St,Washington,DC,20001
2872,SPLIT_PARENT,Wells Fargo Advisors,wells_fargo,True,William,Baker,Baker Private Wealth Group,Baker Private Wealth Group,7021 Union St,Columbus,OH,43201
2873,RENAME,Clearwater Capital Group,clearwater,False,Megan,Mitchell,Mitchell Capital,Mitchell Asset Management,6569 Park Ln,Nashville,TN,37201
2874,RENAME,Stifel Nicolaus & Company,stifel_nicolaus,True,Margaret,Collins,Collins Wealth Advisors,Collins Institutional Group,2160 Cedar Court,Pittsburgh,PA,15201
2875,MEMBER_CHANGE,Robert W. Baird & Co.,rwbaird,True,Megan,Rivera,Torres Portfolio Group,Torres Portfolio Group,1014 Lincoln Way,New York,NY,10001
2876,MEMBER_CHANGE,UBS Financial Services,ubs,True,Joseph,Campbell,Phillips Institutional Group,Phillips Institutional Group,9478 River Blvd,Denver,CO,80201
2877,MEMBER_CHANGE,Cambridge Investment Research,cambridge_inv,True,Christopher,Davis,Martin Investment Group,Martin Investment Group,869 River Ln,Las Vegas,NV,89101
2878,MERGE_SURVIVOR,Ridgeway Wealth Management,ridgeway,False,Paul,Patel,Patel Asset Management,Patel Asset Management,7225 Madison Way,Baltimore,MD,21201
2879,RENAME,UBS Financial Services,ubs,True,Sarah,Patel,Patel & Thompson Partners,Patel Asset Management Group,4394 Washington St,Denver,CO,80201
2880,SPLIT_PARENT,Oppenheimer & Co.,oppenheimer,True,Sandra,Huang,Huang Capital Group,Huang Capital Group,8128 Monroe Way,Oklahoma City,OK,73101
2881,RENAME,Securities America,securities_america,True,John,Roberts,Roberts & Associates,Roberts Financial Group,5154 Monroe Pl,Columbus,OH,43201
2882,RENAME,Edward Jones,edward_jones,True,Barbara,Khan,Khan Capital Group,Khan Portfolio Group,573 Madison Blvd,Charlotte,NC,28201
2883,MEMBER_CHANGE,Meridian Private Wealth,meridian_pw,False,Mark,Nguyen,Martin Family Office,Martin Family Office,6346 Elm Blvd,Baltimore,MD,21201
2884,MEMBER_CHANGE,Oppenheimer & Co.,oppenheimer,True,Anthony,Morgan,Brown Private Wealth Group,Brown Private Wealth Group,6596 Church Pl,St. Louis,MO,63101
2885,MEMBER_CHANGE,Woodbury Financial Services,woodbury,True,Jessica,Campbell,White Wealth Management Group,White Wealth Management Group,250 Liberty Ln,San Jose,CA,95101
2886,MEMBER_CHANGE,Meridian Private Wealth,meridian_pw,False,Emily,Khan,Davis Capital,Davis Capital,2592 River Blvd,Atlanta,GA,30301
2887,MEMBER_CHANGE,Cetera Financial Group,cetera,True,Patricia,Harris,Edwards Institutional Group,Edwards Institutional Group,7865 River Ln,San Diego,CA,92101
2888,MEMBER_CHANGE,Northgate Investment Partners,northgate,False,Jessica,Young,Evans Wealth,Evans Wealth,6492 Main Ave,Phoenix,AZ,85001
2889,MEMBER_CHANGE,LPL Financial,lpl_financial,True,Emily,Turner,Collins Private Wealth Group,Collins Private Wealth Group,1612 Willow Court,Indianapolis,IN,46201
2890,MEMBER_CHANGE,Securities America,securities_america,True,Paul,Anderson,Turner Asset Management Group,Turner Asset Management Group,1082 Main Court,New York,NY,10001
2891,MEMBER_CHANGE,Wells Fargo Advisors,wells_fargo,True,Sarah,Thomas,Gomez Wealth Advisors,Gomez Wealth Advisors,6589 Commerce Way,Boston,MA,02101
2892,RENAME,Raymond James Financial Services,raymond_james,True,Matthew,Huang,Huang Wealth Advisors,Huang Private Wealth Group,2932 Highland Pkwy,Washington,DC,20001
2893,MEMBER_CHANGE,Ameriprise Financial Services,ameriprise,True,Margaret,Miller,Kim Wealth Partners,Kim Wealth Partners,7409 Elm Ln,Indianapolis,IN,46201
2894,SPLIT_PARENT,Meridian Private Wealth,meridian_pw,False,Christopher,Turner,Turner Family Office,Turner Family Office,1347 Elm Ave,San Jose,CA,95101
2895,MEMBER_CHANGE,UBS Financial Services,ubs,True,Megan,Liu,Campbell Wealth Partners,Campbell Wealth Partners,3848 Adams Way,Oklahoma City,OK,73101
2896,MEMBER_CHANGE,Stifel Nicolaus & Company,stifel_nicolaus,True,Charles,Nguyen,Scott Family Wealth Group,Scott Family Wealth Group,9745 Adams Ln,Tampa,FL,33601
2897,MEMBER_CHANGE,UBS Financial Services,ubs,True,Mark,Young,Carter Capital Group,Carter Capital Group,2865 Willow Rd,Miami,FL,33101
2898,RENAME,LPL Financial,lpl_financial,True,Kenneth,Wilson,Wilson Portfolio Group,Wilson Private Wealth Group,9233 Liberty Dr,Miami,FL,33101
2899,RENAME,Oppenheimer & Co.,oppenheimer,True,Steven,Torres,Torres & Associates,Torres Wealth Partners,872 Oak Ln,Indianapolis,IN,46201
2900,MEMBER_CHANGE,Janney Montgomery Scott,janney,True,Rachel,Scott,Young Institutional Group,Young Institutional Group,7754 Spring Blvd,Jacksonville,FL,32201
2901,SPLIT_PARENT,Meridian Private Wealth,meridian_pw,False,William,Davis,Davis Capital,Davis Capital,3271 Elm Way,Seattle,WA,98101
2902,MEMBER_CHANGE,Northgate Investment Partners,northgate,False,Margaret,Nelson,Evans Capital Partners,Evans Capital Partners,1490 Jefferson Way,Memphis,TN,38101
2903,RENAME,Northgate Investment Partners,northgate,False,Anthony,Harris,Harris & Liu Advisors,Harris Investment Partners,2825 Commerce Blvd,New York,NY,10022
2904,MEMBER_CHANGE,Edward Jones,edward_jones,True,James,Reyes,Mitchell Asset Management Group,Mitchell Asset Management Group,2880 Maple Way,Washington,DC,20001
2905,MEMBER_CHANGE,Harborview Private Wealth,harborview,False,Lisa,Zhang,Diaz Asset Management,Diaz Asset Management,1095 Maple Pkwy,Las Vegas,NV,89101
2906,MEMBER_CHANGE,Stifel Nicolaus & Company,stifel_nicolaus,True,Dorothy,Khan,Martin Capital Group,Martin Capital Group,3284 Oak Ln,St. Louis,MO,63101
2907,MEMBER_CHANGE,Summit Peak Advisors,summit_peak,False,Robert,Chen,King Asset Management,King Asset Management,8341 Elm Rd,Richmond,VA,23219
2908,MEMBER_CHANGE,Highfield Asset Management,highfield,False,William,Thompson,Wright Advisors,Wright Advisors,5106 Main St,Philadelphia,PA,19101
2909,MEMBER_CHANGE,Cambridge Investment Research,cambridge_inv,True,Donald,Davis,Collins Asset Management Group,Collins Asset Management Group,7317 Commerce Court,Seattle,WA,98101
2910,RENAME,Cambridge Investment Research,cambridge_inv,True,William,Chen,Chen Private Wealth Group,Chen Asset Management Group,5758 Washington Rd,Indianapolis,IN,46201
2911,MEMBER_CHANGE,Robert W. Baird & Co.,rwbaird,True,Sandra,Roberts,Martin Wealth Partners,Martin Wealth Partners,7104 Oak Court,Fort Worth,TX,76101
2912,MEMBER_CHANGE,Clearwater Capital Group,clearwater,False,Joseph,Zhang,Liu Private Wealth,Liu Private Wealth,1180 Commerce Pkwy,Richmond,VA,23219
2913,MERGE_TARGET,Edward Jones,edward_jones,True,Ashley,Collins,Collins Wealth Advisors,Collins Wealth Advisors,1855 Main Pl,Charlotte,NC,28201
2914,MEMBER_CHANGE,Kingsbridge Capital Advisors,kingsbridge,False,Susan,Brown,Davis Capital,Davis Capital,8892 Jefferson Court,Miami,FL,33101
2915,MEMBER_CHANGE,Ridgeway Wealth Management,ridgeway,False,Amanda,Baker,Huang Asset Management,Huang Asset Management,6424 Broad Pkwy,Pittsburgh,PA,15201
2916,MEMBER_CHANGE,Cetera Financial Group,cetera,True,Michael,Stewart,Campbell Wealth Advisors,Campbell Wealth Advisors,2639 Monroe Pkwy,Chicago,IL,60601
2917,MEMBER_CHANGE,Janney Montgomery Scott,janney,True,Charles,Yang,Baker Portfolio Group,Baker Portfolio Group,2276 Commerce Ave,San Francisco,CA,94101
2918,MEMBER_CHANGE,Clearwater Capital Group,clearwater,False,Charles,Thompson,Cruz Capital,Cruz Capital,4258 Lincoln Dr,Los Angeles,CA,90001
2919,MEMBER_CHANGE,Summit Peak Advisors,summit_peak,False,Charles,Phillips,Huang Wealth Management,Huang Wealth Management,8954 Adams Ln,Indianapolis,IN,46201
2920,MEMBER_CHANGE,LPL Financial,lpl_financial,True,Matthew,Taylor,Wilson Advisory Group,Wilson Advisory Group,9221 Church Dr,Pittsburgh,PA,15201
2921,MEMBER_CHANGE,Ameriprise Financial Services,ameriprise,True,Patricia,King,Campbell Advisory Group,Campbell Advisory Group,4003 Highland Ave,Dallas,TX,75201
2922,MEMBER_CHANGE,Wells Fargo Advisors,wells_fargo,True,Charles,Torres,Hall Wealth Management Group,Hall Wealth Management Group,6520 Washington Pkwy,Fort Worth,TX,76101
2923,MEMBER_CHANGE,LPL Financial,lpl_financial,True,Paul,Kim,Huang Wealth Advisors,Huang Wealth Advisors,908 Liberty Pkwy,Boston,MA,02101
2924,MEMBER_CHANGE,Parkside Wealth Strategies,parkside,False,Karen,Flores,Taylor Capital,Taylor Capital,2084 Oak Ave,New York,NY,10001
2925,MERGE_TARGET,LPL Financial,lpl_financial,True,Mark,Anderson,Anderson Wealth Management Group,Anderson Wealth Management Group,366 Maple Court,Las Vegas,NV,89101
2926,MEMBER_CHANGE,Ameriprise Financial Services,ameriprise,True,Megan,Scott,Nguyen Private Wealth Group,Nguyen Private Wealth Group,842 Main Court,St. Louis,MO,63101
2927,MEMBER_CHANGE,Ridgeway Wealth Management,ridgeway,False,Karen,King,Wang Capital Partners,Wang Capital Partners,6428 Cedar St,Boston,MA,02101
2928,RENAME,Merrill Lynch Pierce Fenner & Smith,merrill_lynch,True,Andrew,Thomas,Thomas & Smith Advisors,Thomas Capital Group,6386 Maple Rd,Chicago,IL,60601
2929,MEMBER_CHANGE,Parkside Wealth Strategies,parkside,False,Paul,Khan,Yang Asset Management,Yang Asset Management,4840 Spring Dr,Phoenix,AZ,85001
2930,MEMBER_CHANGE,National Planning Holdings,nph,True,Megan,Kim,Morris Wealth Management Group,Morris Wealth Management Group,8006 Hill Ln,Boston,MA,02101
2931,MEMBER_CHANGE,Kingsbridge Capital Advisors,kingsbridge,False,Richard,Harris,Thomas Private Wealth,Thomas Private Wealth,5168 Madison Pkwy,Nashville,TN,37201
2932,MEMBER_CHANGE,Clearwater Capital Group,clearwater,False,Helen,Liu,Williams Partners,Williams Partners,3353 Adams St,Kansas City,MO,64101
2933,MEMBER_CHANGE,Clearwater Capital Group,clearwater,False,Joseph,Yang,Wang Capital,Wang Capital,157 Willow Rd,Oklahoma City,OK,73101
2934,RENAME,Crestwood Family Office,crestwood,False,Rachel,Nguyen,Nguyen Advisors,Nguyen Capital Partners,1321 Spring St,Los Angeles,CA,90001
2935,MEMBER_CHANGE,Cetera Financial Group,cetera,True,Ashley,Wang,Yang Institutional Group,Yang Institutional Group,6488 Madison Rd,Phoenix,AZ,85001
2936,MERGE_TARGET,Merrill Lynch Pierce Fenner & Smith,merrill_lynch,True,James,Yang,Yang Institutional Group,Yang Institutional Group,6538 Willow Rd,Phoenix,AZ,85001
2937,MEMBER_CHANGE,Harborview Private Wealth,harborview,False,Steven,Brown,Collins Advisors,Collins Advisors,4723 Main Way,Tampa,FL,33601
2938,MEMBER_CHANGE,Oppenheimer & Co.,oppenheimer,True,Barbara,Mitchell,Hill Portfolio Group,Hill Portfolio Group,9790 Hill Pkwy,Raleigh,NC,27601
2939,RENAME,UBS Financial Services,ubs,True,Susan,Evans,Evans & Associates,Evans Wealth Management Group,6117 Monroe Court,Jacksonville,FL,32201
2940,MEMBER_CHANGE,Cetera Financial Group,cetera,True,Barbara,Nelson,Carter Advisory Group,Carter Advisory Group,4920 Central Blvd,Las Vegas,NV,89101
2941,MEMBER_CHANGE,Securities America,securities_america,True,John,Adams,Roberts Portfolio Group,Roberts Portfolio Group,6739 Washington Ln,St. Louis,MO,63101
2942,MEMBER_CHANGE,Ameriprise Financial Services,ameriprise,True,Daniel,Roberts,Campbell Advisory Group,Campbell Advisory Group,8946 Madison Court,Boston,MA,02101
2943,SPLIT_PARENT,Cambridge Investment Research,cambridge_inv,True,Emily,Davis,Davis Financial Group,Davis Financial Group,8769 Union Way,Richmond,VA,23219
2944,MEMBER_CHANGE,Merrill Lynch Pierce Fenner & Smith,merrill_lynch,True,Nancy,Turner,Johnson Capital Group,Johnson Capital Group,9788 Madison Blvd,Louisville,KY,40201
2945,MEMBER_CHANGE,Ameriprise Financial Services,ameriprise,True,Mark,Gomez,Roberts Financial Group,Roberts Financial Group,6277 Main Pkwy,Charlotte,NC,28201
2946,MEMBER_CHANGE,Raymond James Financial Services,raymond_james,True,Karen,Smith,Garcia Investment Group,Garcia Investment Group,7171 Liberty Pl,Kansas City,MO,64101
2947,MEMBER_CHANGE,Meridian Private Wealth,meridian_pw,False,Jennifer,Evans,Roberts Asset Management,Roberts Asset Management,3160 Lincoln St,Denver,CO,80201
2948,MEMBER_CHANGE,Merrill Lynch Pierce Fenner & Smith,merrill_lynch,True,Patricia,Lee,Zhang Wealth Management Group,Zhang Wealth Management Group,9465 Willow Blvd,Houston,TX,77001
2949,MEMBER_CHANGE,Summit Peak Advisors,summit_peak,False,Jennifer,White,Torres Private Wealth,Torres Private Wealth,8463 Spring Ave,Kansas City,MO,64101
2950,MEMBER_CHANGE,Commonwealth Financial Network,commonwealth,True,Paul,Miller,Young Family Wealth Group,Young Family Wealth Group,1578 Union Blvd,Minneapolis,MN,55401
2951,MEMBER_CHANGE,Janney Montgomery Scott,janney,True,Barbara,Williams,Phillips Investment Group,Phillips Investment Group,1322 Cedar Court,Boston,MA,02101
2952,MEMBER_CHANGE,Raymond James Financial Services,raymond_james,True,Charles,Cruz,Garcia Portfolio Group,Garcia Portfolio Group,9802 Lincoln Blvd,Milwaukee,WI,53201
2953,RENAME,Robert W. Baird & Co.,rwbaird,True,Daniel,Taylor,Taylor Wealth Management Group,Taylor Investment Group,9982 Commerce Pl,Miami,FL,33101
2954,MEMBER_CHANGE,National Planning Holdings,nph,True,Michael,Rivera,Adams Wealth Management Group,Adams Wealth Management Group,4430 Adams Pl,San Francisco,CA,94101
2955,MEMBER_CHANGE,Parkside Wealth Strategies,parkside,False,Emily,Baker,Miller Asset Management,Miller Asset Management,5778 Union Rd,Louisville,KY,40201
2956,RENAME,Commonwealth Financial Network,commonwealth,True,Robert,King,King & Associates,King Asset Management Group,8386 Elm St,Portland,OR,97201
2957,MEMBER_CHANGE,Raymond James Financial Services,raymond_james,True,Margaret,Roberts,Zhang Capital Group,Zhang Capital Group,8241 Main Pkwy,New York,NY,10022
2958,SPLIT_PARENT,Crestwood Family Office,crestwood,False,Michael,Jones,Jones Family Office,Jones Family Office,3697 Liberty Pl,Baltimore,MD,21201
2959,MEMBER_CHANGE,Robert W. Baird & Co.,rwbaird,True,David,Miller,Nelson Investment Group,Nelson Investment Group,3561 Elm Rd,Raleigh,NC,27601
2960,RENAME,LPL Financial,lpl_financial,True,Barbara,Taylor,Taylor & Associates,Taylor Wealth Advisors,5475 Adams Rd,New York,NY,10001
2961,MEMBER_CHANGE,UBS Financial Services,ubs,True,Nancy,Flores,Hall Wealth Advisors,Hall Wealth Advisors,8565 Washington Blvd,Indianapolis,IN,46201
2962,MEMBER_CHANGE,Harborview Private Wealth,harborview,False,Amanda,Young,Harris Wealth,Harris Wealth,2332 Madison Ave,Las Vegas,NV,89101
2963,MEMBER_CHANGE,Parkside Wealth Strategies,parkside,False,Christopher,Nelson,Kim Private Wealth,Kim Private Wealth,202 Commerce Ave,Chicago,IL,60601
2964,RENAME,Summit Peak Advisors,summit_peak,False,Lisa,Carter,Carter & Moore Group,Carter Partners,1598 Cedar Pkwy,Louisville,KY,40201
2965,SPLIT_PARENT,Morgan Stanley Wealth Management,morgan_stanley,True,Amanda,Anderson,Anderson Financial Group,Anderson Financial Group,1889 Union Ave,Nashville,TN,37201
2966,MEMBER_CHANGE,LPL Financial,lpl_financial,True,Richard,Brown,Garcia Family Wealth Group,Garcia Family Wealth Group,814 Adams Pl,Columbus,OH,43201
2967,RENAME,Clearwater Capital Group,clearwater,False,Ashley,Brown,Brown Investment Partners,Brown Wealth Management,2330 Park St,Los Angeles,CA,90001
2968,MEMBER_CHANGE,Ameriprise Financial Services,ameriprise,True,Dorothy,Torres,Khan Asset Management Group,Khan Asset Management Group,9826 Spring St,New York,NY,10001
2969,RENAME,Commonwealth Financial Network,commonwealth,True,Steven,Yang,Yang & Phillips Group,Yang Family Wealth Group,1519 Market Pkwy,Denver,CO,80201
2970,RENAME,Securities America,securities_america,True,Sarah,Edwards,Edwards & Yang Partners,Edwards Wealth Partners,3819 Church Blvd,Portland,OR,97201
2971,MEMBER_CHANGE,Cambridge Investment Research,cambridge_inv,True,Rachel,Wright,Flores Portfolio Group,Flores Portfolio Group,9198 Highland Dr,Baltimore,MD,21201
2972,MEMBER_CHANGE,Hilliard Lyons,hilliard_lyons,True,William,Parker,Phillips Wealth Partners,Phillips Wealth Partners,4671 Commerce Ave,Baltimore,MD,21201
2973,MEMBER_CHANGE,Clearwater Capital Group,clearwater,False,Helen,Garcia,Evans Asset Management,Evans Asset Management,2414 Commerce Dr,Denver,CO,80201
2974,RENAME,Summit Peak Advisors,summit_peak,False,Jessica,Garcia,Garcia Capital Partners,Garcia Advisors,1258 Oak Rd,Oklahoma City,OK,73101
2975,MEMBER_CHANGE,UBS Financial Services,ubs,True,Michael,Carter,Scott Wealth Advisors,Scott Wealth Advisors,6707 Lake Blvd,Houston,TX,77001
2976,MEMBER_CHANGE,Ameriprise Financial Services,ameriprise,True,Helen,Evans,Jackson Family Wealth Group,Jackson Family Wealth Group,5997 Jefferson Rd,Cleveland,OH,44101
2977,MEMBER_CHANGE,Northgate Investment Partners,northgate,False,Paul,Turner,Wright Capital,Wright Capital,6992 Market St,Memphis,TN,38101
2978,MEMBER_CHANGE,Meridian Private Wealth,meridian_pw,False,Sarah,Adams,Mitchell Family Office,Mitchell Family Office,737 Adams Ln,Atlanta,GA,30301
2979,MEMBER_CHANGE,Edward Jones,edward_jones,True,Barbara,Allen,Carter Advisory Group,Carter Advisory Group,4218 River Court,Miami,FL,33101
2980,MEMBER_CHANGE,Edward Jones,edward_jones,True,Betty,Parker,Allen Investment Group,Allen Investment Group,5308 Lake Ln,Denver,CO,80201
2981,MEMBER_CHANGE,DA Davidson & Co.,da_davidson,True,Linda,Martin,Mitchell Wealth Management Group,Mitchell Wealth Management Group,5520 Spring St,Atlanta,GA,30301
2982,MEMBER_CHANGE,Clearwater Capital Group,clearwater,False,Paul,Patel,Kim Investment Partners,Kim Investment Partners,921 Lincoln Pl,Atlanta,GA,30301
2983,RENAME,Woodbury Financial Services,woodbury,True,Jennifer,Scott,Scott & Adams Advisors,Scott Private Wealth Group,6067 Lincoln Blvd,Fort Worth,TX,76101
2984,MERGE_TARGET,National Planning Holdings,nph,True,Daniel,Reyes,Reyes Wealth Management Group,Reyes Wealth Management Group,9833 Oak Court,Oklahoma City,OK,73101
2985,MEMBER_CHANGE,Highfield Asset Management,highfield,False,Amanda,Jones,Miller Partners,Miller Partners,8183 Church Rd,New York,NY,10022
2986,MEMBER_CHANGE,Ridgeway Wealth Management,ridgeway,False,Robert,Lee,Miller Advisors,Miller Advisors,1733 Maple Ave,Kansas City,MO,64101
2987,RENAME,Northgate Investment Partners,northgate,False,Barbara,Nguyen,Nguyen & Flores Advisors,Nguyen Wealth,9947 Union St,Dallas,TX,75201
2988,MEMBER_CHANGE,Oppenheimer & Co.,oppenheimer,True,Kenneth,Torres,Collins Financial Group,Collins Financial Group,6474 Oak Blvd,San Jose,CA,95101
2989,SPLIT_PARENT,Kingsbridge Capital Advisors,kingsbridge,False,John,Hill,Hill Wealth Management,Hill Wealth Management,6177 Lake Pl,San Francisco,CA,94101
2990,RENAME,Harborview Private Wealth,harborview,False,David,Cruz,Cruz & Associates,Cruz Capital,110 Maple Blvd,Austin,TX,78701
2991,RENAME,Ameriprise Financial Services,ameriprise,True,Sarah,Patel,Patel & Kim Advisors,Patel Portfolio Group,5954 Oak St,San Jose,CA,95101
2992,SPLIT_PARENT,Meridian Private Wealth,meridian_pw,False,Margaret,Morris,Morris Partners,Morris Partners,1393 Spring Ave,Oklahoma City,OK,73101
2993,MEMBER_CHANGE,Edward Jones,edward_jones,True,Daniel,Khan,Wang Capital Group,Wang Capital Group,9737 Hill Way,Richmond,VA,23219
2994,MEMBER_CHANGE,Oppenheimer & Co.,oppenheimer,True,Christopher,Scott,Adams Wealth Partners,Adams Wealth Partners,818 Commerce Ave,Atlanta,GA,30301
2995,RENAME,Harborview Private Wealth,harborview,False,Matthew,Zhang,Zhang & Torres Advisors,Zhang Capital,7697 Broad Court,Chicago,IL,60601
2996,MEMBER_CHANGE,Parkside Wealth Strategies,parkside,False,Helen,Smith,Collins Wealth Management,Collins Wealth Management,6099 Church St,Columbus,OH,43201
2997,MEMBER_CHANGE,Ridgeway Wealth Management,ridgeway,False,Joseph,Gomez,Brown Partners,Brown Partners,6533 River Pkwy,Fort Worth,TX,76101
2998,MEMBER_CHANGE,Janney Montgomery Scott,janney,True,Thomas,Thompson,Jackson Family Wealth Group,Jackson Family Wealth Group,9585 Cedar St,San Francisco,CA,94101
2999,MEMBER_CHANGE,Hilliard Lyons,hilliard_lyons,True,Jennifer,Johnson,Williams Advisory Group,Williams Advisory Group,7119 Oak Court,Richmond,VA,23219
3000,MEMBER_CHANGE,Harborview Private Wealth,harborview,False,Anthony,Wilson,Jones Wealth,Jones Wealth,8992 River Pkwy,Philadelphia,PA,19101
3001,MEMBER_CHANGE,Stifel Nicolaus & Company,stifel_nicolaus,True,Sarah,Martin,Liu Portfolio Group,Liu Portfolio Group,2955 Central Pl,Washington,DC,20001
3002,MEMBER_CHANGE,Northgate Investment Partners,northgate,False,Robert,Parker,Wang Private Wealth,Wang Private Wealth,9391 Spring Blvd,Los Angeles,CA,90001
3003,MEMBER_CHANGE,Hilliard Lyons,hilliard_lyons,True,Sandra,Wright,Jones Wealth Management Group,Jones Wealth Management Group,1071 Madison Way,Portland,OR,97201
3004,MEMBER_CHANGE,National Planning Holdings,nph,True,Susan,Diaz,Diaz Wealth Management Group,Diaz Wealth Management Group,6617 Highland Ln,Boston,MA,02101
3005,MEMBER_CHANGE,UBS Financial Services,ubs,True,Patricia,Liu,Mitchell Asset Management Group,Mitchell Asset Management Group,7296 Commerce Rd,Los Angeles,CA,90001
3006,MEMBER_CHANGE,Northgate Investment Partners,northgate,False,Anthony,Martin,Baker Asset Management,Baker Asset Management,4475 Liberty Blvd,Fort Worth,TX,76101
3007,RENAME,Ridgeway Wealth Management,ridgeway,False,Matthew,Roberts,Roberts & Garcia Group,Roberts Investment Partners,5125 Highland Pl,Columbus,OH,43201
3008,MEMBER_CHANGE,Morgan Stanley Wealth Management,morgan_stanley,True,Betty,Nguyen,Hill Financial Group,Hill Financial Group,7611 Lincoln Blvd,Oklahoma City,OK,73101
3009,MEMBER_CHANGE,Oppenheimer & Co.,oppenheimer,True,Lisa,Williams,Jackson Investment Group,Jackson Investment Group,5800 Main Ave,Minneapolis,MN,55401
3010,MEMBER_CHANGE,Edward Jones,edward_jones,True,Sarah,Stewart,King Wealth Partners,King Wealth Partners,2230 Lincoln Blvd,Seattle,WA,98101
3011,MEMBER_CHANGE,Wells Fargo Advisors,wells_fargo,True,Nancy,Yang,Mitchell Wealth Partners,Mitchell Wealth Partners,3110 Highland St,Austin,TX,78701
3012,SPLIT_PARENT,Ridgeway Wealth Management,ridgeway,False,Emily,Edwards,Edwards Capital,Edwards Capital,3685 Lake Rd,Oklahoma City,OK,73101
3013,MEMBER_CHANGE,Meridian Private Wealth,meridian_pw,False,Barbara,Edwards,Jones Partners,Jones Partners,623 Highland St,Baltimore,MD,21201
3014,RENAME,Clearwater Capital Group,clearwater,False,Robert,Scott,Scott Capital Partners,Scott Advisors,192 Church Court,Boston,MA,02101
3015,MEMBER_CHANGE,Parkside Wealth Strategies,parkside,False,John,Campbell,Rivera Investment Partners,Rivera Investment Partners,4080 Main Blvd,San Antonio,TX,78201
3016,MEMBER_CHANGE,Merrill Lynch Pierce Fenner & Smith,merrill_lynch,True,Dorothy,Flores,Hill Financial Group,Hill Financial Group,3703 Elm Pkwy,New York,NY,10001
3017,SPLIT_PARENT,Janney Montgomery Scott,janney,True,Jennifer,Kim,Kim Financial Group,Kim Financial Group,5573 Monroe Pkwy,Boston,MA,02101
3018,RENAME,Summit Peak Advisors,summit_peak,False,Jessica,Adams,Adams Capital,Adams Private Wealth,9366 Washington Ave,San Jose,CA,95101
3019,MEMBER_CHANGE,National Planning Holdings,nph,True,Charles,Scott,Morgan Asset Management Group,Morgan Asset Management Group,5206 Washington Ln,Los Angeles,CA,90001
3020,MEMBER_CHANGE,Stifel Nicolaus & Company,stifel_nicolaus,True,Patricia,Adams,Flores Institutional Group,Flores Institutional Group,3035 Main Blvd,Kansas City,MO,64101
3021,MEMBER_CHANGE,Hilliard Lyons,hilliard_lyons,True,Sandra,Lee,Campbell Investment Group,Campbell Investment Group,1373 Hill Way,Kansas City,MO,64101
3022,MEMBER_CHANGE,Highfield Asset Management,highfield,False,Dorothy,Carter,Edwards Wealth Management,Edwards Wealth Management,2165 Main Way,San Antonio,TX,78201
3023,RENAME,Merrill Lynch Pierce Fenner & Smith,merrill_lynch,True,Lisa,Chen,Chen & Associates,Chen Investment Group,3797 Liberty Court,New York,NY,10001
3024,MEMBER_CHANGE,LPL Financial,lpl_financial,True,Christopher,Stewart,Green Family Wealth Group,Green Family Wealth Group,2856 Cedar Pkwy,San Jose,CA,95101
3025,MEMBER_CHANGE,Merrill Lynch Pierce Fenner & Smith,merrill_lynch,True,Lisa,Roberts,Wang Wealth Advisors,Wang Wealth Advisors,2139 Market Pkwy,Minneapolis,MN,55401
3026,MERGE_TARGET,Crestwood Family Office,crestwood,False,James,Cruz,Cruz Private Wealth,Cruz Private Wealth,9365 Cedar Ln,Philadelphia,PA,19101
3027,SPLIT_PARENT,Northgate Investment Partners,northgate,False,Joseph,Rivera,Rivera Family Office,Rivera Family Office,3564 Central Pl,Oklahoma City,OK,73101
3028,MEMBER_CHANGE,Securities America,securities_america,True,Matthew,Thompson,Garcia Family Wealth Group,Garcia Family Wealth Group,9742 Spring Pkwy,Kansas City,MO,64101
3029,MEMBER_CHANGE,Harborview Private Wealth,harborview,False,David,King,Taylor Wealth,Taylor Wealth,6354 Central Court,Los Angeles,CA,90001
3030,RENAME,Harborview Private Wealth,harborview,False,Michael,Morris,Morris Investment Partners,Morris Private Wealth,3972 Commerce Court,St. Louis,MO,63101
3031,MEMBER_CHANGE,Meridian Private Wealth,meridian_pw,False,Betty,Harris,Jones Asset Management,Jones Asset Management,6251 Broad Blvd,Miami,FL,33101
3032,MERGE_SURVIVOR,Parkside Wealth Strategies,parkside,False,Rachel,Baker,Baker Capital,Baker Capital,8440 Hill Pl,Denver,CO,80201
3033,RENAME,Meridian Private Wealth,meridian_pw,False,Michael,Parker,Parker & Davis Partners,Parker Wealth,8519 Elm Blvd,Raleigh,NC,27601
3034,RENAME,LPL Financial,lpl_financial,True,James,Brown,Brown & Associates,Brown Investment Group,9130 Park Pkwy,Seattle,WA,98101
3035,MERGE_TARGET,Securities America,securities_america,True,Thomas,Turner,Turner Advisory Group,Turner Advisory Group,2316 Union Blvd,Chicago,IL,60601
3036,RENAME,Robert W. Baird & Co.,rwbaird,True,David,Thompson,Thompson & Associates,Thompson Wealth Partners,8083 Hill Dr,San Diego,CA,92101
3037,MEMBER_CHANGE,Parkside Wealth Strategies,parkside,False,Andrew,Garcia,Stewart Wealth,Stewart Wealth,1181 Madison Pl,Portland,OR,97201
3038,MEMBER_CHANGE,Woodbury Financial Services,woodbury,True,John,Green,Edwards Wealth Management Group,Edwards Wealth Management Group,2173 Adams St,San Diego,CA,92101
3039,MEMBER_CHANGE,UBS Financial Services,ubs,True,Matthew,Jackson,Brown Wealth Partners,Brown Wealth Partners,2545 Lake Blvd,San Diego,CA,92101
3040,MEMBER_CHANGE,Harborview Private Wealth,harborview,False,Kenneth,Evans,Hall Private Wealth,Hall Private Wealth,2183 Liberty Ave,Charlotte,NC,28201
3041,MEMBER_CHANGE,Hilliard Lyons,hilliard_lyons,True,Richard,Mitchell,Williams Investment Group,Williams Investment Group,8346 Maple Ln,Oklahoma City,OK,73101
3042,MEMBER_CHANGE,Highfield Asset Management,highfield,False,Lisa,Torres,Flores Investment Partners,Flores Investment Partners,6585 Park St,Chicago,IL,60601
3043,MEMBER_CHANGE,Hilliard Lyons,hilliard_lyons,True,Patricia,Wang,White Financial Group,White Financial Group,7586 Jefferson Pl,Memphis,TN,38101
3044,MEMBER_CHANGE,Highfield Asset Management,highfield,False,James,Evans,Miller Wealth Management,Miller Wealth Management,8902 Lake Blvd,Houston,TX,77001
3045,MEMBER_CHANGE,Ridgeway Wealth Management,ridgeway,False,Ashley,Green,Diaz Capital,Diaz Capital,9901 Maple Ln,Houston,TX,77001
3046,MEMBER_CHANGE,Commonwealth Financial Network,commonwealth,True,Amanda,Patel,Nguyen Portfolio Group,Nguyen Portfolio Group,769 Washington Pkwy,Cleveland,OH,44101
3047,MEMBER_CHANGE,Edward Jones,edward_jones,True,Daniel,Smith,Patel Wealth Management Group,Patel Wealth Management Group,4419 Lake Court,San Francisco,CA,94101
3048,MEMBER_CHANGE,Merrill Lynch Pierce Fenner & Smith,merrill_lynch,True,Donald,Wilson,Nguyen Asset Management Group,Nguyen Asset Management Group,2757 Elm Pkwy,Phoenix,AZ,85001
3049,RENAME,Summit Peak Advisors,summit_peak,False,Matthew,Davis,Davis Asset Management,Davis Family Office,8076 Main Court,Chicago,IL,60601
3050,MEMBER_CHANGE,Hilliard Lyons,hilliard_lyons,True,David,Harris,Carter Capital Group,Carter Capital Group,6943 Lincoln Way,Los Angeles,CA,90001
3051,MEMBER_CHANGE,DA Davidson & Co.,da_davidson,True,Ashley,Stewart,Edwards Asset Management Group,Edwards Asset Management Group,2606 Maple Pkwy,Miami,FL,33101
3052,MEMBER_CHANGE,Summit Peak Advisors,summit_peak,False,Betty,Turner,Torres Private Wealth,Torres Private Wealth,1090 River Pkwy,Seattle,WA,98101
3053,MEMBER_CHANGE,Northgate Investment Partners,northgate,False,Ashley,Taylor,Allen Partners,Allen Partners,7324 Madison Ln,Jacksonville,FL,32201
3054,RENAME,Ridgeway Wealth Management,ridgeway,False,Kenneth,Phillips,Phillips & Associates,Phillips Advisors,3781 Highland Ln,Washington,DC,20001
3055,MEMBER_CHANGE,Morgan Stanley Wealth Management,morgan_stanley,True,Betty,Patel,Diaz Portfolio Group,Diaz Portfolio Group,6275 Washington Way,Jacksonville,FL,32201
3056,MEMBER_CHANGE,Raymond James Financial Services,raymond_james,True,Patricia,Hall,Nguyen Investment Group,Nguyen Investment Group,7208 Cedar Ave,Seattle,WA,98101
3057,MEMBER_CHANGE,Raymond James Financial Services,raymond_james,True,Daniel,Miller,Jackson Asset Management Group,Jackson Asset Management Group,2351 Adams Pl,Boston,MA,02101
3058,MEMBER_CHANGE,Harborview Private Wealth,harborview,False,Andrew,Scott,Thompson Capital,Thompson Capital,1761 Union Court,Miami,FL,33101
3059,RENAME,Kingsbridge Capital Advisors,kingsbridge,False,Robert,Mitchell,Mitchell Family Office,Mitchell Capital Partners,9834 Union Pkwy,Philadelphia,PA,19101
3060,RENAME,Crestwood Family Office,crestwood,False,Amanda,Kim,Kim & Anderson Partners,Kim Family Office,2516 Church Dr,Denver,CO,80201
3061,MEMBER_CHANGE,Parkside Wealth Strategies,parkside,False,Jennifer,Stewart,Parker Wealth Management,Parker Wealth Management,9453 Union Ln,Indianapolis,IN,46201
3062,MEMBER_CHANGE,Stifel Nicolaus & Company,stifel_nicolaus,True,James,King,Carter Capital Group,Carter Capital Group,4022 Elm Rd,Kansas City,MO,64101
3063,RENAME,LPL Financial,lpl_financial,True,Karen,Parker,Parker & Yang Advisors,Parker Wealth Management Group,6074 Central Dr,Columbus,OH,43201
3064,MEMBER_CHANGE,Stifel Nicolaus & Company,stifel_nicolaus,True,Robert,Carter,Thomas Wealth Management Group,Thomas Wealth Management Group,4046 Maple Ave,Louisville,KY,40201
3065,MEMBER_CHANGE,Meridian Private Wealth,meridian_pw,False,Christopher,Mitchell,Hall Family Office,Hall Family Office,558 Willow Rd,Louisville,KY,40201
3066,MEMBER_CHANGE,Meridian Private Wealth,meridian_pw,False,Karen,Torres,Morgan Family Office,Morgan Family Office,9335 Union Rd,Minneapolis,MN,55401
3067,MEMBER_CHANGE,Oppenheimer & Co.,oppenheimer,True,Helen,Turner,Hill Portfolio Group,Hill Portfolio Group,4495 Adams Pl,Jacksonville,FL,32201
3068,MEMBER_CHANGE,Hilliard Lyons,hilliard_lyons,True,Emily,Phillips,Green Capital Group,Green Capital Group,9345 Commerce Rd,Memphis,TN,38101
3069,SPLIT_PARENT,DA Davidson & Co.,da_davidson,True,Megan,Morgan,Morgan Wealth Advisors,Morgan Wealth Advisors,6363 Maple Ln,Fort Worth,TX,76101
3070,MEMBER_CHANGE,Highfield Asset Management,highfield,False,Robert,Adams,Wilson Wealth,Wilson Wealth,3001 Spring Rd,Louisville,KY,40201
3071,RENAME,Morgan Stanley Wealth Management,morgan_stanley,True,Jessica,Edwards,Edwards & Taylor Partners,Edwards Wealth Management Group,9482 Spring Pkwy,Denver,CO,80201
3072,MEMBER_CHANGE,Cambridge Investment Research,cambridge_inv,True,Christopher,Scott,Lee Capital Group,Lee Capital Group,3137 Monroe Ln,St. Louis,MO,63101
3073,RENAME,Raymond James Financial Services,raymond_james,True,Sarah,Patel,Patel & Wright Partners,Patel Capital Group,9532 Lincoln Ln,Denver,CO,80201
3074,RENAME,Meridian Private Wealth,meridian_pw,False,Ashley,Anderson,Anderson Family Office,Anderson Wealth,4024 Main Way,San Francisco,CA,94101
3075,MEMBER_CHANGE,Raymond James Financial Services,raymond_james,True,David,Thomas,Torres Family Wealth Group,Torres Family Wealth Group,9742 Cedar Rd,Austin,TX,78701
3076,RENAME,DA Davidson & Co.,da_davidson,True,Joseph,Kim,Kim Wealth Advisors,Kim Wealth Partners,962 Union Rd,Tampa,FL,33601
3077,MEMBER_CHANGE,National Planning Holdings,nph,True,Charles,Jackson,Harris Investment Group,Harris Investment Group,6906 Cedar Rd,Nashville,TN,37201
3078,MEMBER_CHANGE,Highfield Asset Management,highfield,False,Matthew,Carter,Jackson Partners,Jackson Partners,7518 Highland Ln,Columbus,OH,43201
3079,MEMBER_CHANGE,Ridgeway Wealth Management,ridgeway,False,Ashley,Campbell,White Wealth,White Wealth,396 Main Court,San Antonio,TX,78201
3080,MEMBER_CHANGE,Commonwealth Financial Network,commonwealth,True,Steven,Turner,Lee Capital Group,Lee Capital Group,2836 Elm Ave,Phoenix,AZ,85001
3081,SPLIT_PARENT,Hilliard Lyons,hilliard_lyons,True,Helen,Adams,Adams Private Wealth Group,Adams Private Wealth Group,9225 Hill Pl,San Jose,CA,95101
3082,MEMBER_CHANGE,Edward Jones,edward_jones,True,Jessica,Gomez,Lee Institutional Group,Lee Institutional Group,4677 Adams Blvd,Milwaukee,WI,53201
3083,MEMBER_CHANGE,Highfield Asset Management,highfield,False,James,Hall,Khan Capital Partners,Khan Capital Partners,4355 Hill Way,Chicago,IL,60601
3084,MEMBER_CHANGE,Wells Fargo Advisors,wells_fargo,True,Linda,Williams,Thomas Institutional Group,Thomas Institutional Group,2780 Church St,Cleveland,OH,44101
3085,MEMBER_CHANGE,Cetera Financial Group,cetera,True,Steven,Thompson,Liu Family Wealth Group,Liu Family Wealth Group,2518 Lake Way,Kansas City,MO,64101
3086,MEMBER_CHANGE,Ameriprise Financial Services,ameriprise,True,Emily,Mitchell,Roberts Asset Management Group,Roberts Asset Management Group,6658 Union Pl,Baltimore,MD,21201
3087,MEMBER_CHANGE,Edward Jones,edward_jones,True,Karen,Diaz,Nelson Wealth Management Group,Nelson Wealth Management Group,1926 Hill St,Los Angeles,CA,90001
3088,MEMBER_CHANGE,Parkside Wealth Strategies,parkside,False,Sandra,Wang,Lee Capital,Lee Capital,7297 Central Ave,New York,NY,10022
3089,MEMBER_CHANGE,Parkside Wealth Strategies,parkside,False,Joseph,Hall,King Asset Management,King Asset Management,847 Oak St,Dallas,TX,75201
3090,MEMBER_CHANGE,Commonwealth Financial Network,commonwealth,True,Lisa,Moore,Reyes Investment Group,Reyes Investment Group,1176 River Blvd,Nashville,TN,37201
3091,MEMBER_CHANGE,Ameriprise Financial Services,ameriprise,True,Steven,Torres,Davis Asset Management Group,Davis Asset Management Group,533 Broad Rd,Columbus,OH,43201
3092,MEMBER_CHANGE,National Planning Holdings,nph,True,Christopher,Torres,Morgan Advisory Group,Morgan Advisory Group,6620 Market Ave,Minneapolis,MN,55401
3093,MEMBER_CHANGE,LPL Financial,lpl_financial,True,Helen,Chen,Thomas Private Wealth Group,Thomas Private Wealth Group,3345 Lincoln Pkwy,Washington,DC,20001
3094,MEMBER_CHANGE,Hilliard Lyons,hilliard_lyons,True,Michael,Jackson,Campbell Asset Management Group,Campbell Asset Management Group,2983 Adams St,St. Louis,MO,63101
3095,MEMBER_CHANGE,Kingsbridge Capital Advisors,kingsbridge,False,Andrew,Williams,Roberts Capital Partners,Roberts Capital Partners,4132 Willow Blvd,Louisville,KY,40201
3096,MEMBER_CHANGE,Woodbury Financial Services,woodbury,True,Matthew,Liu,Lee Institutional Group,Lee Institutional Group,3593 Lake Blvd,San Jose,CA,95101
3097,MERGE_TARGET,Raymond James Financial Services,raymond_james,True,Ashley,White,White Family Wealth Group,White Family Wealth Group,3214 Market Pkwy,St. Louis,MO,63101
3098,RENAME,LPL Financial,lpl_financial,True,James,Young,Young Wealth Partners,Young Capital Group,7860 Liberty Dr,Washington,DC,20001
3099,MEMBER_CHANGE,Stifel Nicolaus & Company,stifel_nicolaus,True,Donald,Jones,White Asset Management Group,White Asset Management Group,7093 Maple Court,Washington,DC,20001
3100,MEMBER_CHANGE,UBS Financial Services,ubs,True,Margaret,Mitchell,Hill Private Wealth Group,Hill Private Wealth Group,902 Central Way,Los Angeles,CA,90001
3101,MEMBER_CHANGE,Cambridge Investment Research,cambridge_inv,True,Christopher,Brown,Nguyen Portfolio Group,Nguyen Portfolio Group,8256 Cedar Court,San Jose,CA,95101
3102,MEMBER_CHANGE,Clearwater Capital Group,clearwater,False,Susan,Brown,Nguyen Partners,Nguyen Partners,1716 Main Way,San Antonio,TX,78201
3103,RENAME,Raymond James Financial Services,raymond_james,True,Betty,Miller,Miller Financial Group,Miller Capital Group,9170 Lake Court,Boston,MA,02101
3104,MEMBER_CHANGE,Kingsbridge Capital Advisors,kingsbridge,False,Emily,Patel,Collins Wealth,Collins Wealth,8177 Union Ln,Indianapolis,IN,46201
3105,MEMBER_CHANGE,Securities America,securities_america,True,Paul,Roberts,Morgan Asset Management Group,Morgan Asset Management Group,7939 Park Pl,Atlanta,GA,30301
3106,MEMBER_CHANGE,Northgate Investment Partners,northgate,False,Dorothy,Hill,Wilson Capital,Wilson Capital,3537 Park Blvd,Dallas,TX,75201
3107,MEMBER_CHANGE,LPL Financial,lpl_financial,True,Steven,Morgan,Johnson Institutional Group,Johnson Institutional Group,1838 Monroe Pkwy,Seattle,WA,98101
3108,MEMBER_CHANGE,Robert W. Baird & Co.,rwbaird,True,Anthony,Gomez,Scott Wealth Advisors,Scott Wealth Advisors,9374 Elm Blvd,Austin,TX,78701
3109,RENAME,Crestwood Family Office,crestwood,False,Lisa,Hill,Hill & Associates,Hill Partners,6277 Washington Pkwy,Oklahoma City,OK,73101
3110,MEMBER_CHANGE,Edward Jones,edward_jones,True,John,Carter,Diaz Wealth Management Group,Diaz Wealth Management Group,6483 Lake Way,Charlotte,NC,28201
3111,MEMBER_CHANGE,Merrill Lynch Pierce Fenner & Smith,merrill_lynch,True,Michael,Nguyen,Mitchell Wealth Management Group,Mitchell Wealth Management Group,4549 Lincoln Way,San Francisco,CA,94101
3112,MERGE_SURVIVOR,Wells Fargo Advisors,wells_fargo,True,Donald,Smith,Smith Financial Group,Smith Financial Group,5265 Lake Court,Denver,CO,80201
3113,MEMBER_CHANGE,Northgate Investment Partners,northgate,False,Helen,Brown,Diaz Asset Management,Diaz Asset Management,5407 Elm St,Houston,TX,77001
3114,MEMBER_CHANGE,Stifel Nicolaus & Company,stifel_nicolaus,True,Helen,Green,Anderson Asset Management Group,Anderson Asset Management Group,1039 Market Rd,Memphis,TN,38101
3115,MEMBER_CHANGE,Stifel Nicolaus & Company,stifel_nicolaus,True,Mark,Zhang,Chen Family Wealth Group,Chen Family Wealth Group,7858 Union Pl,Las Vegas,NV,89101
3116,MEMBER_CHANGE,Merrill Lynch Pierce Fenner & Smith,merrill_lynch,True,Rachel,Reyes,Reyes Wealth Partners,Reyes Wealth Partners,7901 Oak Pl,Nashville,TN,37201
3117,MEMBER_CHANGE,Robert W. Baird & Co.,rwbaird,True,Anthony,Huang,Jones Investment Group,Jones Investment Group,1202 Willow Ave,Milwaukee,WI,53201
3118,RENAME,Crestwood Family Office,crestwood,False,Paul,Jones,Jones & Wright Partners,Jones Wealth,9377 Monroe Pl,Oklahoma City,OK,73101
3119,MEMBER_CHANGE,Cetera Financial Group,cetera,True,Ashley,Thompson,Johnson Portfolio Group,Johnson Portfolio Group,1596 Highland Ln,Pittsburgh,PA,15201
3120,MEMBER_CHANGE,Edward Jones,edward_jones,True,Anthony,Adams,King Financial Group,King Financial Group,9064 Commerce Pl,Austin,TX,78701
3121,MEMBER_CHANGE,UBS Financial Services,ubs,True,Linda,Morris,Khan Wealth Management Group,Khan Wealth Management Group,2346 Main Rd,San Jose,CA,95101
3122,MEMBER_CHANGE,Cetera Financial Group,cetera,True,Sandra,Torres,Parker Wealth Management Group,Parker Wealth Management Group,1265 Broad Way,Philadelphia,PA,19101
3123,MEMBER_CHANGE,Raymond James Financial Services,raymond_james,True,Megan,Baker,Moore Wealth Partners,Moore Wealth Partners,1300 Park Pkwy,Charlotte,NC,28201
3124,RENAME,Northgate Investment Partners,northgate,False,Sandra,Yang,Yang & Jackson Partners,Yang Wealth Management,6711 Jefferson Court,Portland,OR,97201
3125,MEMBER_CHANGE,Kingsbridge Capital Advisors,kingsbridge,False,Andrew,Nguyen,Hill Partners,Hill Partners,9379 Market Way,Fort Worth,TX,76101
3126,MEMBER_CHANGE,Merrill Lynch Pierce Fenner & Smith,merrill_lynch,True,Mark,Morgan,Green Financial Group,Green Financial Group,8027 Lake Ave,St. Louis,MO,63101
3127,MEMBER_CHANGE,Northgate Investment Partners,northgate,False,Daniel,Khan,Wilson Capital Partners,Wilson Capital Partners,6479 Union St,Kansas City,MO,64101
3128,MEMBER_CHANGE,Oppenheimer & Co.,oppenheimer,True,Helen,Thompson,Campbell Wealth Advisors,Campbell Wealth Advisors,7884 Church Court,Baltimore,MD,21201
3129,MEMBER_CHANGE,Hilliard Lyons,hilliard_lyons,True,Steven,Khan,Chen Institutional Group,Chen Institutional Group,3507 Church Pkwy,Denver,CO,80201
3130,SPLIT_PARENT,Edward Jones,edward_jones,True,Joseph,Phillips,Phillips Private Wealth Group,Phillips Private Wealth Group,6362 Spring Rd,Jacksonville,FL,32201
3131,RENAME,Morgan Stanley Wealth Management,morgan_stanley,True,Barbara,Cruz,Cruz & Associates,Cruz Family Wealth Group,9573 Church Pl,Austin,TX,78701
3132,MEMBER_CHANGE,Stifel Nicolaus & Company,stifel_nicolaus,True,Ashley,Liu,Moore Wealth Management Group,Moore Wealth Management Group,2697 Cedar Pkwy,Houston,TX,77001
3133,RENAME,Hilliard Lyons,hilliard_lyons,True,John,Morgan,Morgan Advisory Group,Morgan Capital Group,8067 Lincoln Rd,Seattle,WA,98101
3134,SPLIT_PARENT,National Planning Holdings,nph,True,Dorothy,Khan,Khan Wealth Partners,Khan Wealth Partners,7963 Main St,New York,NY,10001
3135,MEMBER_CHANGE,Raymond James Financial Services,raymond_james,True,Betty,Baker,Carter Financial Group,Carter Financial Group,6582 River Rd,Tampa,FL,33601
3136,SPLIT_PARENT,Ridgeway Wealth Management,ridgeway,False,Sandra,Hall,Hall Family Office,Hall Family Office,4978 Highland Way,Pittsburgh,PA,15201
3137,MEMBER_CHANGE,Ameriprise Financial Services,ameriprise,True,Christopher,Flores,Liu Private Wealth Group,Liu Private Wealth Group,6977 Park Ln,Washington,DC,20001
3138,RENAME,Cetera Financial Group,cetera,True,Robert,Martin,Martin & Hill Partners,Martin Capital Group,641 Main Ln,Charlotte,NC,28201
3139,RENAME,Hilliard Lyons,hilliard_lyons,True,Sarah,Edwards,Edwards & Associates,Edwards Advisory Group,7804 Park St,Pittsburgh,PA,15201
3140,MEMBER_CHANGE,Crestwood Family Office,crestwood,False,Linda,Rivera,Thompson Wealth Management,Thompson Wealth Management,7089 Broad Blvd,Kansas City,MO,64101
3141,MEMBER_CHANGE,Ameriprise Financial Services,ameriprise,True,William,Evans,Davis Institutional Group,Davis Institutional Group,9364 Church Pl,San Diego,CA,92101
3142,MEMBER_CHANGE,National Planning Holdings,nph,True,Jessica,Taylor,White Capital Group,White Capital Group,3473 Oak Pl,Pittsburgh,PA,15201
3143,MEMBER_CHANGE,Ameriprise Financial Services,ameriprise,True,Jessica,White,Anderson Capital Group,Anderson Capital Group,5830 Cedar Blvd,Cleveland,OH,44101
3144,MEMBER_CHANGE,LPL Financial,lpl_financial,True,Mark,White,Flores Institutional Group,Flores Institutional Group,3481 Madison Rd,Charlotte,NC,28201
3145,RENAME,Merrill Lynch Pierce Fenner & Smith,merrill_lynch,True,Sarah,Evans,Evans Portfolio Group,Evans Wealth Partners,8693 Broad Court,Portland,OR,97201
3146,MEMBER_CHANGE,Northgate Investment Partners,northgate,False,Matthew,Wang,Evans Family Office,Evans Family Office,5812 River Ln,Milwaukee,WI,53201
3147,MEMBER_CHANGE,Stifel Nicolaus & Company,stifel_nicolaus,True,Karen,Yang,Wright Wealth Partners,Wright Wealth Partners,4886 Adams Dr,Denver,CO,80201
3148,RENAME,Harborview Private Wealth,harborview,False,Steven,Patel,Patel & Khan Partners,Patel Wealth,5102 Broad Ave,Memphis,TN,38101
3149,MEMBER_CHANGE,National Planning Holdings,nph,True,Megan,Garcia,Gomez Advisory Group,Gomez Advisory Group,4072 Liberty Rd,San Francisco,CA,94101
3150,MEMBER_CHANGE,National Planning Holdings,nph,True,Paul,Morris,Young Advisory Group,Young Advisory Group,9519 Hill Ln,Indianapolis,IN,46201
3151,MEMBER_CHANGE,Morgan Stanley Wealth Management,morgan_stanley,True,Rachel,Huang,Morris Institutional Group,Morris Institutional Group,9297 Washington Blvd,Columbus,OH,43201
3152,MEMBER_CHANGE,UBS Financial Services,ubs,True,Andrew,Thompson,Wright Wealth Advisors,Wright Wealth Advisors,6983 Elm Pkwy,Raleigh,NC,27601
3153,MERGE_SURVIVOR,Crestwood Family Office,crestwood,False,Anthony,Roberts,Roberts Asset Management,Roberts Asset Management,8658 Highland Rd,Philadelphia,PA,19101
3154,RENAME,Stifel Nicolaus & Company,stifel_nicolaus,True,Christopher,Miller,Miller Capital Group,Miller Wealth Management Group,9455 Jefferson Blvd,Chicago,IL,60601
3155,MEMBER_CHANGE,Harborview Private Wealth,harborview,False,John,Cruz,Davis Capital Partners,Davis Capital Partners,810 Commerce Pl,Denver,CO,80201
3156,MEMBER_CHANGE,Highfield Asset Management,highfield,False,Donald,Johnson,Scott Advisors,Scott Advisors,4803 Church Ln,Louisville,KY,40201
3157,MEMBER_CHANGE,Oppenheimer & Co.,oppenheimer,True,Sandra,Wilson,Khan Portfolio Group,Khan Portfolio Group,2261 Monroe Blvd,Los Angeles,CA,90001
3158,RENAME,Stifel Nicolaus & Company,stifel_nicolaus,True,James,Williams,Williams & Harris Partners,Williams Wealth Partners,4657 Highland Ln,Denver,CO,80201
3159,MEMBER_CHANGE,DA Davidson & Co.,da_davidson,True,Sandra,Mitchell,Moore Family Wealth Group,Moore Family Wealth Group,3760 Highland St,New York,NY,10022
3160,RENAME,Raymond James Financial Services,raymond_james,True,Lisa,Miller,Miller Wealth Management Group,Miller Investment Group,1980 Park Way,Oklahoma City,OK,73101
3161,RENAME,Meridian Private Wealth,meridian_pw,False,Betty,Huang,Huang & Reyes Advisors,Huang Private Wealth,8763 Liberty Pkwy,Memphis,TN,38101
3162,RENAME,Edward Jones,edward_jones,True,Jennifer,Gomez,Gomez Family Wealth Group,Gomez Capital Group,7822 Main Court,Milwaukee,WI,53201
3163,RENAME,Summit Peak Advisors,summit_peak,False,David,Kim,Kim & Associates,Kim Wealth Management,3678 Maple Rd,Louisville,KY,40201
3164,MEMBER_CHANGE,Securities America,securities_america,True,Jennifer,Campbell,Thomas Wealth Partners,Thomas Wealth Partners,5461 Lincoln Ln,Columbus,OH,43201
3165,MEMBER_CHANGE,Merrill Lynch Pierce Fenner & Smith,merrill_lynch,True,James,Torres,White Wealth Advisors,White Wealth Advisors,9123 Willow St,Fort Worth,TX,76101
3166,MEMBER_CHANGE,Janney Montgomery Scott,janney,True,Steven,Parker,Thomas Asset Management Group,Thomas Asset Management Group,2681 Union Blvd,Los Angeles,CA,90001
3167,MEMBER_CHANGE,Meridian Private Wealth,meridian_pw,False,Anthony,Wang,Thomas Investment Partners,Thomas Investment Partners,7595 River Blvd,Indianapolis,IN,46201
3168,MEMBER_CHANGE,Cetera Financial Group,cetera,True,Dorothy,Wang,Diaz Private Wealth Group,Diaz Private Wealth Group,406 River Dr,Atlanta,GA,30301
3169,MEMBER_CHANGE,Harborview Private Wealth,harborview,False,Anthony,Hall,Flores Asset Management,Flores Asset Management,6592 Central St,Los Angeles,CA,90001
3170,RENAME,Securities America,securities_america,True,Sarah,Collins,Collins & Associates,Collins Family Wealth Group,2407 Highland Rd,Las Vegas,NV,89101
3171,RENAME,Northgate Investment Partners,northgate,False,Rachel,Brown,Brown & Associates,Brown Capital,1569 Church Way,Atlanta,GA,30301
3172,MEMBER_CHANGE,Highfield Asset Management,highfield,False,John,Scott,Jones Capital Partners,Jones Capital Partners,4417 Park St,Denver,CO,80201
3173,SPLIT_PARENT,Edward Jones,edward_jones,True,Sarah,Brown,Brown Investment Group,Brown Investment Group,3841 Central Pl,Chicago,IL,60601
3174,SPLIT_PARENT,LPL Financial,lpl_financial,True,Christopher,Lee,Lee Wealth Advisors,Lee Wealth Advisors,4692 Madison Ln,Oklahoma City,OK,73101
3175,MEMBER_CHANGE,LPL Financial,lpl_financial,True,Donald,Campbell,Morris Capital Group,Morris Capital Group,2712 Park Dr,San Diego,CA,92101
3176,MEMBER_CHANGE,Cambridge Investment Research,cambridge_inv,True,William,Chen,Evans Advisory Group,Evans Advisory Group,252 Elm St,San Diego,CA,92101
3177,RENAME,Oppenheimer & Co.,oppenheimer,True,Betty,Roberts,Roberts & Nguyen Group,Roberts Private Wealth Group,3631 Park St,Columbus,OH,43201
3178,SPLIT_PARENT,Morgan Stanley Wealth Management,morgan_stanley,True,Mark,Thomas,Thomas Wealth Partners,Thomas Wealth Partners,6789 Jefferson Way,Houston,TX,77001
3179,MEMBER_CHANGE,Crestwood Family Office,crestwood,False,James,Carter,Parker Family Office,Parker Family Office,7575 Willow St,Atlanta,GA,30301
3180,MEMBER_CHANGE,Meridian Private Wealth,meridian_pw,False,Helen,Morgan,Moore Capital Partners,Moore Capital Partners,5791 Monroe Pl,Charlotte,NC,28201
3181,MEMBER_CHANGE,Highfield Asset Management,highfield,False,Joseph,Wilson,Anderson Investment Partners,Anderson Investment Partners,6165 Park St,Phoenix,AZ,85001
3182,RENAME,Highfield Asset Management,highfield,False,Daniel,Wang,Wang & Wang Partners,Wang Advisors,9630 Central Rd,Minneapolis,MN,55401
3183,SPLIT_PARENT,LPL Financial,lpl_financial,True,Donald,Johnson,Johnson Advisory Group,Johnson Advisory Group,4537 Liberty Blvd,Los Angeles,CA,90001
3184,MEMBER_CHANGE,Raymond James Financial Services,raymond_james,True,Richard,Cruz,Young Financial Group,Young Financial Group,1215 Highland St,Phoenix,AZ,85001
3185,MEMBER_CHANGE,Ameriprise Financial Services,ameriprise,True,Barbara,Johnson,Taylor Institutional Group,Taylor Institutional Group,2269 River St,Louisville,KY,40201
3186,MERGE_SURVIVOR,UBS Financial Services,ubs,True,Ashley,Lee,Lee Family Wealth Group,Lee Family Wealth Group,6876 Hill Court,Kansas City,MO,64101
3187,MEMBER_CHANGE,Crestwood Family Office,crestwood,False,Sarah,Cruz,Chen Capital Partners,Chen Capital Partners,8213 Spring Rd,Baltimore,MD,21201
3188,MEMBER_CHANGE,Wells Fargo Advisors,wells_fargo,True,Richard,Hill,Patel Portfolio Group,Patel Portfolio Group,3096 Hill St,Las Vegas,NV,89101
3189,RENAME,Hilliard Lyons,hilliard_lyons,True,Jessica,White,White & Martin Partners,White Wealth Advisors,7320 Elm Way,Dallas,TX,75201
3190,MEMBER_CHANGE,Oppenheimer & Co.,oppenheimer,True,Michael,Torres,Huang Private Wealth Group,Huang Private Wealth Group,3047 Elm Pl,St. Louis,MO,63101
3191,SPLIT_PARENT,UBS Financial Services,ubs,True,Rachel,Patel,Patel Family Wealth Group,Patel Family Wealth Group,5723 Lincoln Ln,Tampa,FL,33601
3192,MEMBER_CHANGE,Janney Montgomery Scott,janney,True,William,Wang,Wang Wealth Advisors,Wang Wealth Advisors,2515 Lake Way,Charlotte,NC,28201
3193,SPLIT_PARENT,Kingsbridge Capital Advisors,kingsbridge,False,Matthew,Adams,Adams Wealth Management,Adams Wealth Management,1350 Washington Ave,San Diego,CA,92101
3194,MEMBER_CHANGE,Merrill Lynch Pierce Fenner & Smith,merrill_lynch,True,Matthew,Jones,Brown Private Wealth Group,Brown Private Wealth Group,8798 Jefferson Court,Los Angeles,CA,90001
3195,MEMBER_CHANGE,Stifel Nicolaus & Company,stifel_nicolaus,True,Steven,Wilson,Edwards Wealth Advisors,Edwards Wealth Advisors,6914 Adams Pkwy,Chicago,IL,60601
3196,SPLIT_PARENT,Ridgeway Wealth Management,ridgeway,False,William,Nelson,Nelson Partners,Nelson Partners,8041 River St,Columbus,OH,43201
3197,SPLIT_PARENT,Woodbury Financial Services,woodbury,True,Charles,Scott,Scott Private Wealth Group,Scott Private Wealth Group,9729 Broad Pkwy,Indianapolis,IN,46201
3198,MEMBER_CHANGE,Harborview Private Wealth,harborview,False,Rachel,Jackson,Anderson Wealth Management,Anderson Wealth Management,5315 Adams Ave,Minneapolis,MN,55401
3199,MEMBER_CHANGE,Wells Fargo Advisors,wells_fargo,True,Matthew,Stewart,Anderson Investment Group,Anderson Investment Group,8164 Lincoln Rd,Charlotte,NC,28201
3200,MEMBER_CHANGE,Stifel Nicolaus & Company,stifel_nicolaus,True,Steven,Martin,Nelson Investment Group,Nelson Investment Group,2779 Main Pl,Seattle,WA,98101
3201,MEMBER_CHANGE,Raymond James Financial Services,raymond_james,True,James,Mitchell,Davis Asset Management Group,Davis Asset Management Group,2986 Lincoln Pl,Indianapolis,IN,46201
3202,MEMBER_CHANGE,National Planning Holdings,nph,True,Ashley,Williams,Zhang Advisory Group,Zhang Advisory Group,3299 Adams St,Tampa,FL,33601
3203,RENAME,Clearwater Capital Group,clearwater,False,Matthew,Thomas,Thomas Wealth Management,Thomas Investment Partners,4923 River Way,New York,NY,10022
3204,MEMBER_CHANGE,Janney Montgomery Scott,janney,True,Karen,Williams,Chen Wealth Advisors,Chen Wealth Advisors,8277 Market Pkwy,Pittsburgh,PA,15201
3205,MEMBER_CHANGE,Parkside Wealth Strategies,parkside,False,Ashley,Parker,Smith Investment Partners,Smith Investment Partners,7712 Main Blvd,New York,NY,10001
3206,MEMBER_CHANGE,Meridian Private Wealth,meridian_pw,False,Linda,Thompson,Evans Family Office,Evans Family Office,8414 Union Pl,Houston,TX,77001
3207,MEMBER_CHANGE,Woodbury Financial Services,woodbury,True,Sandra,Roberts,Thomas Institutional Group,Thomas Institutional Group,7443 Commerce Rd,Richmond,VA,23219
3208,RENAME,Harborview Private Wealth,harborview,False,Daniel,Hill,Hill & Turner Group,Hill Family Office,3527 Washington Pkwy,Nashville,TN,37201
3209,MEMBER_CHANGE,Cetera Financial Group,cetera,True,Lisa,Thompson,Thompson Investment Group,Thompson Investment Group,7511 Commerce Way,Nashville,TN,37201
3210,RENAME,Summit Peak Advisors,summit_peak,False,Christopher,Taylor,Taylor & Associates,Taylor Private Wealth,9393 Elm St,Baltimore,MD,21201
3211,MEMBER_CHANGE,Merrill Lynch Pierce Fenner & Smith,merrill_lynch,True,Sarah,Hill,Scott Wealth Advisors,Scott Wealth Advisors,1471 Elm Pkwy,San Diego,CA,92101
3212,SPLIT_PARENT,Morgan Stanley Wealth Management,morgan_stanley,True,Karen,Roberts,Roberts Family Wealth Group,Roberts Family Wealth Group,2683 Elm Pkwy,Seattle,WA,98101
3213,MEMBER_CHANGE,Wells Fargo Advisors,wells_fargo,True,Ashley,Campbell,King Asset Management Group,King Asset Management Group,3677 Oak Blvd,Pittsburgh,PA,15201
3214,SPLIT_PARENT,Oppenheimer & Co.,oppenheimer,True,Sarah,Morris,Morris Institutional Group,Morris Institutional Group,9628 Lincoln Dr,Milwaukee,WI,53201
3215,MEMBER_CHANGE,Stifel Nicolaus & Company,stifel_nicolaus,True,Rachel,Phillips,Parker Family Wealth Group,Parker Family Wealth Group,2625 Church Ln,Austin,TX,78701
3216,MEMBER_CHANGE,Clearwater Capital Group,clearwater,False,Michael,Morgan,Reyes Investment Partners,Reyes Investment Partners,3047 Oak Ln,Las Vegas,NV,89101
3217,RENAME,Merrill Lynch Pierce Fenner & Smith,merrill_lynch,True,Jennifer,Parker,Parker & Cruz Advisors,Parker Wealth Partners,8527 Main Court,Oklahoma City,OK,73101
3218,MEMBER_CHANGE,Wells Fargo Advisors,wells_fargo,True,Rachel,Patel,Jackson Family Wealth Group,Jackson Family Wealth Group,1852 Lake Court,Los Angeles,CA,90001
3219,MEMBER_CHANGE,UBS Financial Services,ubs,True,David,Yang,Roberts Wealth Advisors,Roberts Wealth Advisors,3777 Liberty Blvd,Houston,TX,77001
3220,MEMBER_CHANGE,Clearwater Capital Group,clearwater,False,Lisa,Cruz,Anderson Capital,Anderson Capital,1646 Washington Ave,Louisville,KY,40201
3221,MEMBER_CHANGE,Crestwood Family Office,crestwood,False,Lisa,Morris,Rivera Wealth,Rivera Wealth,6202 Central Blvd,Milwaukee,WI,53201
3222,RENAME,Securities America,securities_america,True,Margaret,Mitchell,Mitchell Family Wealth Group,Mitchell Financial Group,6677 River St,Philadelphia,PA,19101
3223,RENAME,Northgate Investment Partners,northgate,False,Rachel,Davis,Davis & Roberts Advisors,Davis Asset Management,5452 Hill Court,Tampa,FL,33601
3224,MEMBER_CHANGE,UBS Financial Services,ubs,True,Sarah,Wilson,Allen Wealth Partners,Allen Wealth Partners,2288 Union St,Los Angeles,CA,90001
3225,MEMBER_CHANGE,Summit Peak Advisors,summit_peak,False,William,Campbell,Anderson Wealth Management,Anderson Wealth Management,8332 Commerce Way,Cleveland,OH,44101
3226,MEMBER_CHANGE,Commonwealth Financial Network,commonwealth,True,Linda,Liu,Chen Capital Group,Chen Capital Group,8632 Spring Ln,Memphis,TN,38101
3227,MEMBER_CHANGE,Janney Montgomery Scott,janney,True,Megan,Green,Stewart Wealth Partners,Stewart Wealth Partners,2045 Broad Ln,San Diego,CA,92101
3228,MEMBER_CHANGE,Edward Jones,edward_jones,True,Helen,Anderson,Parker Investment Group,Parker Investment Group,1931 Broad Blvd,Milwaukee,WI,53201
3229,MEMBER_CHANGE,Summit Peak Advisors,summit_peak,False,Lisa,Moore,Anderson Wealth,Anderson Wealth,3267 Washington St,Denver,CO,80201
3230,MEMBER_CHANGE,Harborview Private Wealth,harborview,False,Thomas,Taylor,Williams Investment Partners,Williams Investment Partners,2772 Broad Rd,Tampa,FL,33601
3231,RENAME,Edward Jones,edward_jones,True,Joseph,Young,Young Portfolio Group,Young Family Wealth Group,8056 Market Pkwy,San Antonio,TX,78201
3232,RENAME,Merrill Lynch Pierce Fenner & Smith,merrill_lynch,True,Patricia,Huang,Huang & Smith Partners,Huang Portfolio Group,7415 Elm Ln,Pittsburgh,PA,15201
3233,MERGE_TARGET,Woodbury Financial Services,woodbury,True,Megan,Evans,Evans Wealth Partners,Evans Wealth Partners,9526 Liberty Court,Philadelphia,PA,19101
3234,MEMBER_CHANGE,Kingsbridge Capital Advisors,kingsbridge,False,Daniel,Kim,Rivera Advisors,Rivera Advisors,1916 Adams Court,New York,NY,10022
3235,MEMBER_CHANGE,UBS Financial Services,ubs,True,Sarah,Rivera,Liu Asset Management Group,Liu Asset Management Group,7018 Madison St,San Jose,CA,95101
3236,MEMBER_CHANGE,Harborview Private Wealth,harborview,False,Ashley,Mitchell,Brown Partners,Brown Partners,5798 Park Blvd,Tampa,FL,33601
3237,MEMBER_CHANGE,Oppenheimer & Co.,oppenheimer,True,Paul,Zhang,Mitchell Asset Management Group,Mitchell Asset Management Group,3189 Cedar St,Nashville,TN,37201
3238,MEMBER_CHANGE,Kingsbridge Capital Advisors,kingsbridge,False,Charles,Johnson,King Capital,King Capital,4526 Lake Court,Charlotte,NC,28201
3239,MEMBER_CHANGE,Securities America,securities_america,True,Betty,Campbell,Kim Capital Group,Kim Capital Group,9162 Liberty Blvd,Baltimore,MD,21201
3240,MERGE_SURVIVOR,Clearwater Capital Group,clearwater,False,Amanda,Taylor,Taylor Wealth Management,Taylor Wealth Management,1123 Oak Way,Memphis,TN,38101
3241,MEMBER_CHANGE,Securities America,securities_america,True,Mark,Taylor,Taylor Financial Group,Taylor Financial Group,7245 Lake Dr,Austin,TX,78701
3242,MEMBER_CHANGE,Meridian Private Wealth,meridian_pw,False,Barbara,Martin,Liu Advisors,Liu Advisors,8318 Broad Ln,Fort Worth,TX,76101
3243,RENAME,Edward Jones,edward_jones,True,Patricia,Flores,Flores Wealth Partners,Flores Family Wealth Group,1464 Market Pl,San Antonio,TX,78201
3244,MEMBER_CHANGE,Highfield Asset Management,highfield,False,Robert,Cruz,Wang Family Office,Wang Family Office,3000 Lincoln Way,Philadelphia,PA,19101
3245,MEMBER_CHANGE,Stifel Nicolaus & Company,stifel_nicolaus,True,Margaret,Thompson,Carter Wealth Partners,Carter Wealth Partners,1880 Main Ave,Jacksonville,FL,32201
3246,MEMBER_CHANGE,Raymond James Financial Services,raymond_james,True,Daniel,Harris,Patel Investment Group,Patel Investment Group,3395 Lake Pkwy,Dallas,TX,75201
3247,MEMBER_CHANGE,Wells Fargo Advisors,wells_fargo,True,Jessica,Huang,Zhang Wealth Advisors,Zhang Wealth Advisors,3766 Willow Blvd,Kansas City,MO,64101
3248,MEMBER_CHANGE,Crestwood Family Office,crestwood,False,Michael,Wright,Reyes Wealth,Reyes Wealth,8756 Commerce Pl,New York,NY,10022
3249,SPLIT_PARENT,DA Davidson & Co.,da_davidson,True,Patricia,Hall,Hall Asset Management Group,Hall Asset Management Group,1656 Church St,Milwaukee,WI,53201
3250,SPLIT_PARENT,Northgate Investment Partners,northgate,False,Karen,Lee,Lee Wealth Management,Lee Wealth Management,2836 Main Court,Cleveland,OH,44101
3251,MEMBER_CHANGE,Wells Fargo Advisors,wells_fargo,True,Donald,Zhang,Harris Private Wealth Group,Harris Private Wealth Group,2187 Jefferson Pkwy,Atlanta,GA,30301
3252,RENAME,Cetera Financial Group,cetera,True,Joseph,Nelson,Nelson Family Wealth Group,Nelson Wealth Advisors,1913 Willow Pkwy,Baltimore,MD,21201
3253,MEMBER_CHANGE,National Planning Holdings,nph,True,Barbara,Young,Diaz Advisory Group,Diaz Advisory Group,8964 Liberty Rd,Washington,DC,20001
3254,MEMBER_CHANGE,Ridgeway Wealth Management,ridgeway,False,Thomas,Liu,Anderson Partners,Anderson Partners,2568 Liberty Ln,Las Vegas,NV,89101
3255,RENAME,Hilliard Lyons,hilliard_lyons,True,Betty,Mitchell,Mitchell & Associates,Mitchell Asset Management Group,2898 Broad Pl,Portland,OR,97201
3256,MEMBER_CHANGE,Clearwater Capital Group,clearwater,False,Amanda,Chen,Wilson Private Wealth,Wilson Private Wealth,7443 Park Rd,Richmond,VA,23219
3257,MEMBER_CHANGE,Cambridge Investment Research,cambridge_inv,True,Matthew,Torres,Roberts Investment Group,Roberts Investment Group,5726 Spring Dr,St. Louis,MO,63101
3258,MEMBER_CHANGE,Robert W. Baird & Co.,rwbaird,True,Nancy,Thomas,Turner Institutional Group,Turner Institutional Group,247 Monroe Way,Denver,CO,80201
3259,MEMBER_CHANGE,Highfield Asset Management,highfield,False,Daniel,Phillips,Gomez Wealth Management,Gomez Wealth Management,468 Jefferson Rd,Raleigh,NC,27601
3260,RENAME,Raymond James Financial Services,raymond_james,True,Amanda,Flores,Flores Wealth Management Group,Flores Asset Management Group,9770 River Ave,Atlanta,GA,30301
3261,RENAME,National Planning Holdings,nph,True,Amanda,Hill,Hill & Associates,Hill Financial Group,453 Central St,Boston,MA,02101
3262,SPLIT_PARENT,Summit Peak Advisors,summit_peak,False,Megan,Nelson,Nelson Investment Partners,Nelson Investment Partners,8259 Hill Court,Washington,DC,20001
3263,RENAME,Ridgeway Wealth Management,ridgeway,False,Amanda,Zhang,Zhang & Hill Advisors,Zhang Wealth Management,4756 Lincoln Rd,Houston,TX,77001
3264,SPLIT_PARENT,Cambridge Investment Research,cambridge_inv,True,Matthew,Khan,Khan Portfolio Group,Khan Portfolio Group,8358 River Ave,Baltimore,MD,21201
3265,MEMBER_CHANGE,Ameriprise Financial Services,ameriprise,True,Anthony,Evans,Young Financial Group,Young Financial Group,8603 Church Pl,Fort Worth,TX,76101
3266,MEMBER_CHANGE,DA Davidson & Co.,da_davidson,True,Andrew,Miller,Mitchell Wealth Advisors,Mitchell Wealth Advisors,1850 Lincoln Rd,Pittsburgh,PA,15201
3267,MEMBER_CHANGE,Securities America,securities_america,True,Ashley,Jackson,Martin Wealth Partners,Martin Wealth Partners,5277 Main Pkwy,San Jose,CA,95101
3268,MEMBER_CHANGE,Ridgeway Wealth Management,ridgeway,False,Margaret,Smith,Khan Family Office,Khan Family Office,262 Spring Blvd,San Antonio,TX,78201
3269,MEMBER_CHANGE,Clearwater Capital Group,clearwater,False,Mark,Edwards,Taylor Family Office,Taylor Family Office,2386 Jefferson St,Memphis,TN,38101
3270,MEMBER_CHANGE,DA Davidson & Co.,da_davidson,True,Karen,Green,Carter Portfolio Group,Carter Portfolio Group,1102 Main Court,Austin,TX,78701
3271,MEMBER_CHANGE,Robert W. Baird & Co.,rwbaird,True,Lisa,Cruz,Chen Wealth Partners,Chen Wealth Partners,5974 Market Ave,Columbus,OH,43201
3272,RENAME,Morgan Stanley Wealth Management,morgan_stanley,True,Helen,Liu,Liu & Associates,Liu Wealth Advisors,9490 Central Dr,Los Angeles,CA,90001
3273,MEMBER_CHANGE,Oppenheimer & Co.,oppenheimer,True,Karen,Torres,Allen Institutional Group,Allen Institutional Group,8961 Central Dr,Richmond,VA,23219
3274,MEMBER_CHANGE,Woodbury Financial Services,woodbury,True,Rachel,Taylor,Martin Family Wealth Group,Martin Family Wealth Group,1836 Central Pl,Baltimore,MD,21201
3275,MEMBER_CHANGE,Meridian Private Wealth,meridian_pw,False,Donald,Smith,Smith Capital,Smith Capital,7424 Willow St,Chicago,IL,60601
3276,MEMBER_CHANGE,Morgan Stanley Wealth Management,morgan_stanley,True,Sarah,Zhang,Williams Institutional Group,Williams Institutional Group,5751 Adams Ln,Memphis,TN,38101
3277,MEMBER_CHANGE,Wells Fargo Advisors,wells_fargo,True,Donald,Huang,Liu Portfolio Group,Liu Portfolio Group,5930 Church Dr,New York,NY,10022
3278,MEMBER_CHANGE,Parkside Wealth Strategies,parkside,False,Jennifer,Collins,Nguyen Investment Partners,Nguyen Investment Partners,1690 Central Rd,Portland,OR,97201
3279,MEMBER_CHANGE,Edward Jones,edward_jones,True,Christopher,Khan,Mitchell Institutional Group,Mitchell Institutional Group,4920 Madison Way,Portland,OR,97201
3280,MEMBER_CHANGE,UBS Financial Services,ubs,True,Sarah,Adams,Morris Financial Group,Morris Financial Group,419 Church Ave,Cleveland,OH,44101
3281,MEMBER_CHANGE,Commonwealth Financial Network,commonwealth,True,Thomas,Thomas,Flores Institutional Group,Flores Institutional Group,672 Main Ave,Fort Worth,TX,76101
3282,SPLIT_PARENT,Cetera Financial Group,cetera,True,Karen,Liu,Liu Family Wealth Group,Liu Family Wealth Group,2113 Oak Dr,San Francisco,CA,94101
3283,MEMBER_CHANGE,Parkside Wealth Strategies,parkside,False,Michael,White,Allen Investment Partners,Allen Investment Partners,2254 Broad Pkwy,Los Angeles,CA,90001
3284,MEMBER_CHANGE,DA Davidson & Co.,da_davidson,True,Sandra,Diaz,Thompson Institutional Group,Thompson Institutional Group,5718 Madison Court,Memphis,TN,38101
3285,MEMBER_CHANGE,Clearwater Capital Group,clearwater,False,Susan,Evans,Taylor Investment Partners,Taylor Investment Partners,732 Lincoln Blvd,San Diego,CA,92101
3286,SPLIT_PARENT,Wells Fargo Advisors,wells_fargo,True,Sarah,Wang,Wang Capital Group,Wang Capital Group,9887 Madison Way,San Diego,CA,92101
3287,MEMBER_CHANGE,Oppenheimer & Co.,oppenheimer,True,Michael,Collins,Morgan Investment Group,Morgan Investment Group,3118 Washington Ave,St. Louis,MO,63101
3288,MEMBER_CHANGE,Morgan Stanley Wealth Management,morgan_stanley,True,Megan,Baker,Harris Advisory Group,Harris Advisory Group,4931 Jefferson St,Indianapolis,IN,46201
3289,MEMBER_CHANGE,Commonwealth Financial Network,commonwealth,True,Steven,Martin,Baker Asset Management Group,Baker Asset Management Group,5073 Central Rd,Nashville,TN,37201
3290,SPLIT_PARENT,Hilliard Lyons,hilliard_lyons,True,Megan,White,White Portfolio Group,White Portfolio Group,7261 Spring Blvd,Philadelphia,PA,19101
3291,MEMBER_CHANGE,Meridian Private Wealth,meridian_pw,False,Steven,Jones,Mitchell Advisors,Mitchell Advisors,5220 Main Way,Phoenix,AZ,85001
3292,RENAME,Raymond James Financial Services,raymond_james,True,Andrew,Wright,Wright & Lee Partners,Wright Family Wealth Group,5796 Park Ave,San Jose,CA,95101
3293,MEMBER_CHANGE,Harborview Private Wealth,harborview,False,Richard,Khan,Brown Partners,Brown Partners,4181 Lincoln Blvd,Austin,TX,78701
3294,MERGE_TARGET,Merrill Lynch Pierce Fenner & Smith,merrill_lynch,True,William,Kim,Kim Family Wealth Group,Kim Family Wealth Group,7838 Lake Blvd,Kansas City,MO,64101
3295,MEMBER_CHANGE,Commonwealth Financial Network,commonwealth,True,Ashley,Rivera,Green Wealth Partners,Green Wealth Partners,8882 Church Court,Charlotte,NC,28201
3296,RENAME,Woodbury Financial Services,woodbury,True,Lisa,Carter,Carter & Nguyen Partners,Carter Capital Group,5363 Central Pl,San Jose,CA,95101
3297,RENAME,LPL Financial,lpl_financial,True,Rachel,Parker,Parker & Baker Partners,Parker Wealth Partners,2890 Union Pl,San Diego,CA,92101
3298,MEMBER_CHANGE,Harborview Private Wealth,harborview,False,Emily,White,Miller Family Office,Miller Family Office,1994 Market Pl,Minneapolis,MN,55401
3299,MEMBER_CHANGE,Hilliard Lyons,hilliard_lyons,True,James,Torres,Garcia Financial Group,Garcia Financial Group,1190 Oak Pl,Chicago,IL,60601
3300,RENAME,Cambridge Investment Research,cambridge_inv,True,Michael,Torres,Torres Portfolio Group,Torres Wealth Partners,9918 Maple Rd,Atlanta,GA,30301
3301,RENAME,Ameriprise Financial Services,ameriprise,True,Kenneth,Thompson,Thompson & Associates,Thompson Financial Group,3873 Monroe Pl,Fort Worth,TX,76101
3302,MEMBER_CHANGE,Hilliard Lyons,hilliard_lyons,True,David,Nelson,Allen Financial Group,Allen Financial Group,8765 Adams Rd,San Antonio,TX,78201
3303,MEMBER_CHANGE,Clearwater Capital Group,clearwater,False,Michael,Parker,Davis Private Wealth,Davis Private Wealth,9612 River Pkwy,Kansas City,MO,64101
3304,MEMBER_CHANGE,Edward Jones,edward_jones,True,Ashley,Morgan,Young Portfolio Group,Young Portfolio Group,3428 Oak Pl,Columbus,OH,43201
3305,MEMBER_CHANGE,Commonwealth Financial Network,commonwealth,True,Steven,Liu,Mitchell Wealth Management Group,Mitchell Wealth Management Group,3741 Park Ave,Cleveland,OH,44101
3306,RENAME,Edward Jones,edward_jones,True,Margaret,Garcia,Garcia & Zhang Advisors,Garcia Private Wealth Group,3393 Lake Court,St. Louis,MO,63101
3307,MEMBER_CHANGE,LPL Financial,lpl_financial,True,Jessica,Turner,Kim Wealth Management Group,Kim Wealth Management Group,8504 Commerce Court,Tampa,FL,33601
3308,MEMBER_CHANGE,Highfield Asset Management,highfield,False,Paul,Williams,Khan Asset Management,Khan Asset Management,1219 Willow Blvd,Raleigh,NC,27601
3309,MERGE_SURVIVOR,Securities America,securities_america,True,Patricia,Thomas,Thomas Wealth Management Group,Thomas Wealth Management Group,4773 Central Ln,Austin,TX,78701
3310,RENAME,Oppenheimer & Co.,oppenheimer,True,William,King,King Financial Group,King Investment Group,2102 Jefferson Rd,Baltimore,MD,21201
3311,MEMBER_CHANGE,Oppenheimer & Co.,oppenheimer,True,Thomas,Johnson,Kim Capital Group,Kim Capital Group,3809 Commerce Court,Chicago,IL,60601
3312,MEMBER_CHANGE,Wells Fargo Advisors,wells_fargo,True,Richard,Thompson,Roberts Private Wealth Group,Roberts Private Wealth Group,5936 Madison Way,Jacksonville,FL,32201
3313,MEMBER_CHANGE,Janney Montgomery Scott,janney,True,Charles,Reyes,Huang Asset Management Group,Huang Asset Management Group,8235 Maple Way,Atlanta,GA,30301
3314,RENAME,Crestwood Family Office,crestwood,False,Nancy,Kim,Kim Family Office,Kim Capital,9807 Lincoln Pkwy,Houston,TX,77001
3315,SPLIT_PARENT,Janney Montgomery Scott,janney,True,Mark,Jackson,Jackson Asset Management Group,Jackson Asset Management Group,2337 Highland Pkwy,Portland,OR,97201
3316,MEMBER_CHANGE,Robert W. Baird & Co.,rwbaird,True,Dorothy,Kim,Turner Asset Management Group,Turner Asset Management Group,4392 Spring St,Richmond,VA,23219
3317,MEMBER_CHANGE,National Planning Holdings,nph,True,Barbara,Khan,Gomez Wealth Management Group,Gomez Wealth Management Group,705 Cedar St,Tampa,FL,33601
3318,RENAME,Woodbury Financial Services,woodbury,True,Helen,Wright,Wright Wealth Partners,Wright Financial Group,3833 Highland St,Tampa,FL,33601
3319,MEMBER_CHANGE,Highfield Asset Management,highfield,False,Dorothy,Morris,Chen Private Wealth,Chen Private Wealth,2782 Cedar Ave,Tampa,FL,33601
3320,MEMBER_CHANGE,Woodbury Financial Services,woodbury,True,Lisa,Baker,Parker Wealth Advisors,Parker Wealth Advisors,4859 River Blvd,Seattle,WA,98101
3321,RENAME,DA Davidson & Co.,da_davidson,True,Paul,Stewart,Stewart & Associates,Stewart Wealth Advisors,8565 River Pkwy,Richmond,VA,23219
3322,MEMBER_CHANGE,Crestwood Family Office,crestwood,False,James,Anderson,Gomez Private Wealth,Gomez Private Wealth,7276 Washington Court,Louisville,KY,40201
3323,MEMBER_CHANGE,Clearwater Capital Group,clearwater,False,Emily,Jackson,Wright Wealth Management,Wright Wealth Management,5810 Monroe Court,San Diego,CA,92101
3324,RENAME,Cambridge Investment Research,cambridge_inv,True,Joseph,Chen,Chen & Associates,Chen Portfolio Group,941 Washington Blvd,Houston,TX,77001
3325,MEMBER_CHANGE,Ameriprise Financial Services,ameriprise,True,Christopher,Baker,Nelson Family Wealth Group,Nelson Family Wealth Group,8927 Broad Ave,San Diego,CA,92101
3326,MEMBER_CHANGE,Janney Montgomery Scott,janney,True,Christopher,Wright,Mitchell Advisory Group,Mitchell Advisory Group,7503 Maple Way,New York,NY,10001
3327,MEMBER_CHANGE,Parkside Wealth Strategies,parkside,False,Nancy,Rivera,Morris Wealth Management,Morris Wealth Management,8769 River Rd,Oklahoma City,OK,73101
3328,RENAME,Summit Peak Advisors,summit_peak,False,Richard,Patel,Patel & Associates,Patel Investment Partners,3476 Madison Way,San Jose,CA,95101
3329,MEMBER_CHANGE,Cambridge Investment Research,cambridge_inv,True,Christopher,Zhang,Campbell Private Wealth Group,Campbell Private Wealth Group,1459 Washington Dr,New York,NY,10022
3330,SPLIT_PARENT,Edward Jones,edward_jones,True,Susan,Rivera,Rivera Capital Group,Rivera Capital Group,7217 Central Ave,Phoenix,AZ,85001
3331,MEMBER_CHANGE,National Planning Holdings,nph,True,Sandra,Cruz,Evans Financial Group,Evans Financial Group,8927 Maple Rd,Oklahoma City,OK,73101
3332,MEMBER_CHANGE,National Planning Holdings,nph,True,Jessica,King,Liu Wealth Management Group,Liu Wealth Management Group,9485 Church Blvd,Philadelphia,PA,19101
3333,RENAME,Ameriprise Financial Services,ameriprise,True,Dorothy,Roberts,Roberts Capital Group,Roberts Wealth Management Group,6168 Spring Blvd,Boston,MA,02101
3334,MERGE_TARGET,Meridian Private Wealth,meridian_pw,False,Sandra,Kim,Kim Family Office,Kim Family Office,9687 Park Dr,Louisville,KY,40201
3335,MEMBER_CHANGE,Merrill Lynch Pierce Fenner & Smith,merrill_lynch,True,Karen,Adams,Stewart Wealth Advisors,Stewart Wealth Advisors,8922 Monroe St,Kansas City,MO,64101
3336,MEMBER_CHANGE,Crestwood Family Office,crestwood,False,Linda,Nguyen,Morgan Private Wealth,Morgan Private Wealth,3297 Elm Ln,New York,NY,10022
3337,MEMBER_CHANGE,Crestwood Family Office,crestwood,False,Jessica,Davis,Davis Wealth Management,Davis Wealth Management,4050 Highland Ave,New York,NY,10001
3338,MERGE_TARGET,Stifel Nicolaus & Company,stifel_nicolaus,True,Jessica,Wilson,Wilson Portfolio Group,Wilson Portfolio Group,7871 River Blvd,Nashville,TN,37201
3339,RENAME,Hilliard Lyons,hilliard_lyons,True,Joseph,Harris,Harris & Associates,Harris Family Wealth Group,7089 Oak Pkwy,Chicago,IL,60601
3340,RENAME,Harborview Private Wealth,harborview,False,Susan,King,King & Associates,King Asset Management,1755 Market Ave,Los Angeles,CA,90001
3341,MEMBER_CHANGE,Janney Montgomery Scott,janney,True,Nancy,Collins,Brown Investment Group,Brown Investment Group,5004 Park Way,Fort Worth,TX,76101
3342,MEMBER_CHANGE,DA Davidson & Co.,da_davidson,True,Barbara,Moore,Yang Capital Group,Yang Capital Group,8798 Commerce Dr,Las Vegas,NV,89101
3343,MEMBER_CHANGE,Northgate Investment Partners,northgate,False,Nancy,Collins,Wilson Capital Partners,Wilson Capital Partners,1392 Park Pl,Miami,FL,33101
3344,RENAME,Crestwood Family Office,crestwood,False,Megan,Hill,Hill & Associates,Hill Wealth Management,4119 Park Pl,Charlotte,NC,28201
3345,MEMBER_CHANGE,Summit Peak Advisors,summit_peak,False,Susan,Wright,Brown Partners,Brown Partners,5570 Central Pl,Milwaukee,WI,53201
3346,MEMBER_CHANGE,Merrill Lynch Pierce Fenner & Smith,merrill_lynch,True,Dorothy,Collins,Turner Wealth Partners,Turner Wealth Partners,7478 Union Dr,Phoenix,AZ,85001
3347,MEMBER_CHANGE,Kingsbridge Capital Advisors,kingsbridge,False,Andrew,Kim,Huang Family Office,Huang Family Office,6253 Lake Pkwy,Minneapolis,MN,55401
3348,MEMBER_CHANGE,National Planning Holdings,nph,True,Jessica,Hill,Scott Capital Group,Scott Capital Group,1995 Cedar Ln,Seattle,WA,98101
3349,RENAME,Stifel Nicolaus & Company,stifel_nicolaus,True,Betty,Cruz,Cruz & Associates,Cruz Portfolio Group,797 Union Blvd,Miami,FL,33101
3350,MEMBER_CHANGE,Parkside Wealth Strategies,parkside,False,Ashley,Adams,Baker Capital Partners,Baker Capital Partners,3077 Jefferson St,San Jose,CA,95101
3351,MEMBER_CHANGE,Securities America,securities_america,True,Barbara,Williams,Flores Institutional Group,Flores Institutional Group,6296 Madison St,Oklahoma City,OK,73101
3352,MEMBER_CHANGE,Parkside Wealth Strategies,parkside,False,Joseph,Edwards,Young Capital,Young Capital,8639 Maple Ln,Indianapolis,IN,46201
3353,MEMBER_CHANGE,Robert W. Baird & Co.,rwbaird,True,Charles,Liu,Lee Family Wealth Group,Lee Family Wealth Group,6853 Maple St,Philadelphia,PA,19101
3354,MEMBER_CHANGE,Woodbury Financial Services,woodbury,True,Steven,Anderson,King Institutional Group,King Institutional Group,3454 Spring Court,Denver,CO,80201
3355,MEMBER_CHANGE,Cetera Financial Group,cetera,True,Karen,Thompson,Williams Capital Group,Williams Capital Group,2138 Oak Dr,Boston,MA,02101
3356,SPLIT_PARENT,Securities America,securities_america,True,James,Wilson,Wilson Financial Group,Wilson Financial Group,3606 Main Rd,Dallas,TX,75201
3357,RENAME,Commonwealth Financial Network,commonwealth,True,Margaret,Jackson,Jackson & Associates,Jackson Asset Management Group,2300 Market Ave,Indianapolis,IN,46201
3358,MEMBER_CHANGE,Kingsbridge Capital Advisors,kingsbridge,False,Patricia,Patel,Cruz Investment Partners,Cruz Investment Partners,7526 Cedar Court,Pittsburgh,PA,15201
3359,RENAME,Stifel Nicolaus & Company,stifel_nicolaus,True,Rachel,King,King & Thompson Group,King Advisory Group,454 Highland Ln,Portland,OR,97201
3360,MEMBER_CHANGE,Summit Peak Advisors,summit_peak,False,Linda,Baker,Flores Capital Partners,Flores Capital Partners,6688 Hill Pkwy,New York,NY,10001
3361,MEMBER_CHANGE,National Planning Holdings,nph,True,Susan,King,Anderson Wealth Advisors,Anderson Wealth Advisors,8891 Monroe Rd,Richmond,VA,23219
3362,MEMBER_CHANGE,Cambridge Investment Research,cambridge_inv,True,Matthew,Thomas,Morris Wealth Partners,Morris Wealth Partners,5341 Monroe Pl,San Antonio,TX,78201
3363,MEMBER_CHANGE,Meridian Private Wealth,meridian_pw,False,Richard,Green,Chen Private Wealth,Chen Private Wealth,8908 Adams Way,San Diego,CA,92101
3364,MEMBER_CHANGE,Meridian Private Wealth,meridian_pw,False,David,Collins,Davis Capital Partners,Davis Capital Partners,4456 Park St,Milwaukee,WI,53201
3365,RENAME,Summit Peak Advisors,summit_peak,False,Helen,Carter,Carter & Green Group,Carter Wealth,1831 Monroe Ln,San Francisco,CA,94101
3366,MEMBER_CHANGE,Northgate Investment Partners,northgate,False,Michael,Chen,Thomas Investment Partners,Thomas Investment Partners,3512 Highland Court,Cleveland,OH,44101
3367,MEMBER_CHANGE,Highfield Asset Management,highfield,False,Michael,Garcia,Rivera Capital Partners,Rivera Capital Partners,3467 Central Way,Atlanta,GA,30301
3368,MEMBER_CHANGE,Kingsbridge Capital Advisors,kingsbridge,False,Emily,Miller,Rivera Advisors,Rivera Advisors,3934 Park Ln,Seattle,WA,98101
3369,RENAME,Northgate Investment Partners,northgate,False,Patricia,Adams,Adams Capital,Adams Partners,4213 Cedar Dr,New York,NY,10001
3370,MERGE_SURVIVOR,Woodbury Financial Services,woodbury,True,James,Evans,Evans Private Wealth Group,Evans Private Wealth Group,5819 Park Court,Baltimore,MD,21201
3371,MEMBER_CHANGE,Morgan Stanley Wealth Management,morgan_stanley,True,Robert,Baker,Mitchell Investment Group,Mitchell Investment Group,6586 Elm Pl,Indianapolis,IN,46201
3372,MEMBER_CHANGE,Summit Peak Advisors,summit_peak,False,Richard,Nguyen,Williams Investment Partners,Williams Investment Partners,1211 Church Blvd,Columbus,OH,43201
3373,MEMBER_CHANGE,Highfield Asset Management,highfield,False,Daniel,Edwards,Evans Partners,Evans Partners,5934 Jefferson Way,San Diego,CA,92101
3374,RENAME,Morgan Stanley Wealth Management,morgan_stanley,True,Paul,Morris,Morris Wealth Management Group,Morris Wealth Partners,1186 Main St,Minneapolis,MN,55401
3375,MEMBER_CHANGE,Harborview Private Wealth,harborview,False,Dorothy,Nguyen,Chen Investment Partners,Chen Investment Partners,1733 Highland Dr,San Jose,CA,95101
3376,MEMBER_CHANGE,Robert W. Baird & Co.,rwbaird,True,Anthony,Phillips,Morgan Advisory Group,Morgan Advisory Group,9124 Church Ave,Chicago,IL,60601
3377,MEMBER_CHANGE,Woodbury Financial Services,woodbury,True,Steven,Garcia,Collins Portfolio Group,Collins Portfolio Group,5171 Cedar Blvd,Dallas,TX,75201
3378,MEMBER_CHANGE,Northgate Investment Partners,northgate,False,Susan,Campbell,Mitchell Capital Partners,Mitchell Capital Partners,561 Highland Court,Raleigh,NC,27601
3379,MEMBER_CHANGE,Raymond James Financial Services,raymond_james,True,Helen,Patel,Martin Portfolio Group,Martin Portfolio Group,6766 Park Blvd,Austin,TX,78701
3380,MEMBER_CHANGE,Hilliard Lyons,hilliard_lyons,True,Paul,Smith,Hall Wealth Partners,Hall Wealth Partners,2461 Washington Rd,New York,NY,10001
3381,RENAME,Robert W. Baird & Co.,rwbaird,True,Anthony,Anderson,Anderson & Associates,Anderson Asset Management Group,1733 Cedar Court,Richmond,VA,23219
3382,MEMBER_CHANGE,UBS Financial Services,ubs,True,Andrew,Jackson,Thomas Wealth Partners,Thomas Wealth Partners,6368 Market Ln,Philadelphia,PA,19101
3383,RENAME,Harborview Private Wealth,harborview,False,Nancy,Jackson,Jackson & Lee Group,Jackson Partners,7880 Main Blvd,Tampa,FL,33601
3384,MEMBER_CHANGE,DA Davidson & Co.,da_davidson,True,Sarah,Green,Edwards Institutional Group,Edwards Institutional Group,2882 Oak Blvd,Los Angeles,CA,90001
3385,MEMBER_CHANGE,UBS Financial Services,ubs,True,Sandra,Chen,Wright Advisory Group,Wright Advisory Group,6504 Madison Blvd,Houston,TX,77001
3386,MEMBER_CHANGE,National Planning Holdings,nph,True,Andrew,Nguyen,Thomas Asset Management Group,Thomas Asset Management Group,9008 Highland St,New York,NY,10001
3387,RENAME,Oppenheimer & Co.,oppenheimer,True,Dorothy,Baker,Baker & Miller Group,Baker Portfolio Group,5228 Main St,Philadelphia,PA,19101
3388,MERGE_SURVIVOR,Commonwealth Financial Network,commonwealth,True,Donald,Wilson,Wilson Capital Group,Wilson Capital Group,9325 Main St,Kansas City,MO,64101
3389,RENAME,Edward Jones,edward_jones,True,Amanda,Nelson,Nelson & Associates,Nelson Private Wealth Group,3204 Monroe St,Atlanta,GA,30301
3390,MEMBER_CHANGE,LPL Financial,lpl_financial,True,John,Adams,Garcia Private Wealth Group,Garcia Private Wealth Group,3445 Central Ln,Portland,OR,97201
3391,MEMBER_CHANGE,UBS Financial Services,ubs,True,Nancy,Chen,Baker Private Wealth Group,Baker Private Wealth Group,6487 Commerce Blvd,Austin,TX,78701
3392,MEMBER_CHANGE,Wells Fargo Advisors,wells_fargo,True,Emily,Baker,Khan Wealth Partners,Khan Wealth Partners,5280 Liberty Rd,Baltimore,MD,21201
3393,MEMBER_CHANGE,Summit Peak Advisors,summit_peak,False,William,Patel,Hall Wealth,Hall Wealth,9430 Washington Court,Houston,TX,77001
3394,MEMBER_CHANGE,Commonwealth Financial Network,commonwealth,True,Megan,Williams,Nelson Wealth Partners,Nelson Wealth Partners,5119 Lake Ln,Chicago,IL,60601
3395,MEMBER_CHANGE,Raymond James Financial Services,raymond_james,True,Mark,Liu,Morris Wealth Partners,Morris Wealth Partners,4902 Elm Blvd,Louisville,KY,40201
3396,MEMBER_CHANGE,Raymond James Financial Services,raymond_james,True,Andrew,Anderson,Diaz Asset Management Group,Diaz Asset Management Group,352 Elm Pl,Austin,TX,78701
3397,SPLIT_PARENT,Edward Jones,edward_jones,True,Rachel,Thompson,Thompson Private Wealth Group,Thompson Private Wealth Group,2425 Adams St,Pittsburgh,PA,15201
3398,MEMBER_CHANGE,Robert W. Baird & Co.,rwbaird,True,Patricia,Miller,Stewart Financial Group,Stewart Financial Group,7873 Washington Ln,Richmond,VA,23219
3399,MEMBER_CHANGE,Morgan Stanley Wealth Management,morgan_stanley,True,Helen,Johnson,Cruz Investment Group,Cruz Investment Group,6992 Church Pl,Nashville,TN,37201
3400,RENAME,Wells Fargo Advisors,wells_fargo,True,Mark,Kim,Kim & Associates,Kim Investment Group,7805 Madison Ave,Kansas City,MO,64101
3401,MERGE_SURVIVOR,Woodbury Financial Services,woodbury,True,Kenneth,Reyes,Reyes Wealth Advisors,Reyes Wealth Advisors,494 Union Blvd,San Francisco,CA,94101
3402,RENAME,Hilliard Lyons,hilliard_lyons,True,Lisa,Gomez,Gomez Wealth Partners,Gomez Wealth Advisors,5846 Cedar Ln,Los Angeles,CA,90001
3403,MEMBER_CHANGE,Raymond James Financial Services,raymond_james,True,Margaret,Wright,Miller Portfolio Group,Miller Portfolio Group,1909 Spring Court,Pittsburgh,PA,15201
3404,MEMBER_CHANGE,Parkside Wealth Strategies,parkside,False,Sandra,Flores,Taylor Family Office,Taylor Family Office,8955 Lincoln Rd,St. Louis,MO,63101
3405,RENAME,Summit Peak Advisors,summit_peak,False,Jessica,Liu,Liu Capital Partners,Liu Family Office,4282 Commerce Court,Milwaukee,WI,53201
3406,MEMBER_CHANGE,Summit Peak Advisors,summit_peak,False,James,Huang,Cruz Family Office,Cruz Family Office,2179 Park Way,Las Vegas,NV,89101
3407,MEMBER_CHANGE,UBS Financial Services,ubs,True,Sandra,Stewart,Rivera Wealth Advisors,Rivera Wealth Advisors,4511 River Way,Indianapolis,IN,46201
3408,RENAME,Morgan Stanley Wealth Management,morgan_stanley,True,Barbara,Stewart,Stewart Private Wealth Group,Stewart Advisory Group,7281 Union Court,Phoenix,AZ,85001
3409,MEMBER_CHANGE,National Planning Holdings,nph,True,Sarah,Kim,Roberts Wealth Management Group,Roberts Wealth Management Group,8139 River Pkwy,Portland,OR,97201
3410,MEMBER_CHANGE,Raymond James Financial Services,raymond_james,True,Joseph,Khan,Green Wealth Partners,Green Wealth Partners,814 Oak Ln,Portland,OR,97201
3411,MEMBER_CHANGE,Crestwood Family Office,crestwood,False,Andrew,Rivera,Kim Advisors,Kim Advisors,6539 Broad Blvd,Jacksonville,FL,32201
3412,SPLIT_PARENT,Summit Peak Advisors,summit_peak,False,Sarah,White,White Investment Partners,White Investment Partners,8952 Hill Court,Milwaukee,WI,53201
3413,MERGE_SURVIVOR,Robert W. Baird & Co.,rwbaird,True,Ashley,Williams,Williams Wealth Advisors,Williams Wealth Advisors,2684 Cedar Dr,Portland,OR,97201
3414,SPLIT_PARENT,Cambridge Investment Research,cambridge_inv,True,Margaret,King,King Wealth Partners,King Wealth Partners,7172 Washington Blvd,New York,NY,10001
3415,RENAME,LPL Financial,lpl_financial,True,William,Taylor,Taylor & Campbell Group,Taylor Advisory Group,8155 Union Blvd,New York,NY,10001
3416,RENAME,Hilliard Lyons,hilliard_lyons,True,Jennifer,Smith,Smith Wealth Advisors,Smith Advisory Group,3668 Main St,New York,NY,10022
3417,MERGE_TARGET,Morgan Stanley Wealth Management,morgan_stanley,True,Helen,Campbell,Campbell Asset Management Group,Campbell Asset Management Group,4174 River Ln,Kansas City,MO,64101
3418,RENAME,Stifel Nicolaus & Company,stifel_nicolaus,True,Rachel,Davis,Davis & Liu Advisors,Davis Portfolio Group,179 Main Court,Cleveland,OH,44101
3419,RENAME,National Planning Holdings,nph,True,Emily,Garcia,Garcia Portfolio Group,Garcia Private Wealth Group,4230 Cedar Ln,New York,NY,10001
3420,MEMBER_CHANGE,Morgan Stanley Wealth Management,morgan_stanley,True,Emily,Young,Zhang Private Wealth Group,Zhang Private Wealth Group,6399 Highland Blvd,Charlotte,NC,28201
3421,MEMBER_CHANGE,Raymond James Financial Services,raymond_james,True,Andrew,Liu,Thomas Financial Group,Thomas Financial Group,9635 Union Court,Portland,OR,97201
3422,MEMBER_CHANGE,Crestwood Family Office,crestwood,False,Emily,Torres,Stewart Wealth Management,Stewart Wealth Management,832 Lincoln St,Tampa,FL,33601
3423,MEMBER_CHANGE,Summit Peak Advisors,summit_peak,False,Ashley,Allen,Allen Asset Management,Allen Asset Management,1446 Central Ln,Raleigh,NC,27601
3424,MERGE_TARGET,Robert W. Baird & Co.,rwbaird,True,Nancy,Harris,Harris Wealth Management Group,Harris Wealth Management Group,930 Main Pkwy,Pittsburgh,PA,15201
3425,MEMBER_CHANGE,Cambridge Investment Research,cambridge_inv,True,John,Davis,Cruz Advisory Group,Cruz Advisory Group,4180 Madison Ave,Philadelphia,PA,19101
3426,RENAME,Crestwood Family Office,crestwood,False,Donald,Adams,Adams Capital Partners,Adams Wealth,1674 Market Ave,Nashville,TN,37201
3427,MEMBER_CHANGE,Merrill Lynch Pierce Fenner & Smith,merrill_lynch,True,Barbara,Gomez,Carter Institutional Group,Carter Institutional Group,6151 Liberty Rd,Oklahoma City,OK,73101
3428,MEMBER_CHANGE,Cambridge Investment Research,cambridge_inv,True,Susan,Green,Morris Portfolio Group,Morris Portfolio Group,5163 Elm St,Jacksonville,FL,32201
3429,MEMBER_CHANGE,Kingsbridge Capital Advisors,kingsbridge,False,Sandra,Wang,Khan Partners,Khan Partners,1220 Willow Dr,Nashville,TN,37201
3430,MEMBER_CHANGE,Northgate Investment Partners,northgate,False,Linda,Carter,Thompson Family Office,Thompson Family Office,6835 Main Way,Nashville,TN,37201
3431,MEMBER_CHANGE,DA Davidson & Co.,da_davidson,True,Linda,Parker,Phillips Portfolio Group,Phillips Portfolio Group,4202 River Pkwy,San Francisco,CA,94101
3432,MERGE_TARGET,Meridian Private Wealth,meridian_pw,False,Betty,Green,Green Capital Partners,Green Capital Partners,2529 Liberty St,Philadelphia,PA,19101
3433,MEMBER_CHANGE,UBS Financial Services,ubs,True,Karen,Garcia,Wilson Wealth Partners,Wilson Wealth Partners,362 Elm Court,Phoenix,AZ,85001
3434,RENAME,Harborview Private Wealth,harborview,False,Barbara,Moore,Moore & Associates,Moore Capital,3745 Market Way,St. Louis,MO,63101
3435,MEMBER_CHANGE,Parkside Wealth Strategies,parkside,False,William,Turner,Smith Capital,Smith Capital,6507 Elm St,Cleveland,OH,44101
3436,SPLIT_PARENT,Hilliard Lyons,hilliard_lyons,True,Barbara,Liu,Liu Private Wealth Group,Liu Private Wealth Group,8240 Hill Pl,San Diego,CA,92101
3437,MERGE_TARGET,Ameriprise Financial Services,ameriprise,True,Mark,Patel,Patel Capital Group,Patel Capital Group,3256 Madison Rd,San Jose,CA,95101
3438,RENAME,Parkside Wealth Strategies,parkside,False,Mark,Scott,Scott & Parker Group,Scott Capital Partners,385 Main Rd,Phoenix,AZ,85001
3439,MEMBER_CHANGE,LPL Financial,lpl_financial,True,Margaret,Phillips,Miller Wealth Advisors,Miller Wealth Advisors,2385 Central Pl,Philadelphia,PA,19101
3440,MEMBER_CHANGE,Securities America,securities_america,True,Helen,Wang,Cruz Asset Management Group,Cruz Asset Management Group,1237 Church Blvd,Nashville,TN,37201
3441,RENAME,Hilliard Lyons,hilliard_lyons,True,Emily,Johnson,Johnson & Mitchell Advisors,Johnson Wealth Partners,6613 Cedar St,Chicago,IL,60601
3442,MEMBER_CHANGE,Ameriprise Financial Services,ameriprise,True,Susan,Williams,Anderson Advisory Group,Anderson Advisory Group,1007 Hill Ln,Baltimore,MD,21201
3443,MEMBER_CHANGE,Morgan Stanley Wealth Management,morgan_stanley,True,Michael,Yang,Garcia Investment Group,Garcia Investment Group,9300 Lake Court,Dallas,TX,75201
3444,MEMBER_CHANGE,Ameriprise Financial Services,ameriprise,True,Barbara,Jackson,Johnson Private Wealth Group,Johnson Private Wealth Group,2979 Park Blvd,Portland,OR,97201
3445,MEMBER_CHANGE,Crestwood Family Office,crestwood,False,Richard,Cruz,Jones Private Wealth,Jones Private Wealth,1567 Elm St,Indianapolis,IN,46201
3446,MEMBER_CHANGE,Securities America,securities_america,True,Kenneth,Gomez,Smith Financial Group,Smith Financial Group,7135 Madison Pl,Columbus,OH,43201
3447,MEMBER_CHANGE,Clearwater Capital Group,clearwater,False,Helen,Wang,Allen Family Office,Allen Family Office,853 River Blvd,Dallas,TX,75201
3448,SPLIT_PARENT,Ameriprise Financial Services,ameriprise,True,Margaret,White,White Institutional Group,White Institutional Group,5012 Lincoln St,Philadelphia,PA,19101
3449,MEMBER_CHANGE,Woodbury Financial Services,woodbury,True,Mark,Thomas,Wright Advisory Group,Wright Advisory Group,212 Willow Way,Fort Worth,TX,76101
3450,MEMBER_CHANGE,Crestwood Family Office,crestwood,False,Jessica,Harris,Hall Capital,Hall Capital,4351 Lake Pl,Boston,MA,02101
3451,MEMBER_CHANGE,Cetera Financial Group,cetera,True,Patricia,White,Hall Asset Management Group,Hall Asset Management Group,8861 Washington Blvd,Nashville,TN,37201
3452,MEMBER_CHANGE,Northgate Investment Partners,northgate,False,Sarah,Smith,Stewart Capital,Stewart Capital,7617 Union Blvd,Memphis,TN,38101
3453,MEMBER_CHANGE,Ameriprise Financial Services,ameriprise,True,Rachel,Brown,Rivera Asset Management Group,Rivera Asset Management Group,6953 Liberty Ln,Washington,DC,20001
3454,MEMBER_CHANGE,Parkside Wealth Strategies,parkside,False,Emily,Phillips,Moore Capital,Moore Capital,4622 Maple Pkwy,Atlanta,GA,30301
3455,MEMBER_CHANGE,Highfield Asset Management,highfield,False,Jessica,Brown,Zhang Asset Management,Zhang Asset Management,7341 Market Rd,Richmond,VA,23219
3456,MEMBER_CHANGE,Janney Montgomery Scott,janney,True,Susan,Taylor,Nelson Private Wealth Group,Nelson Private Wealth Group,2715 Highland St,Fort Worth,TX,76101
3457,SPLIT_PARENT,Hilliard Lyons,hilliard_lyons,True,James,Williams,Williams Asset Management Group,Williams Asset Management Group,1883 Market Rd,Miami,FL,33101
3458,SPLIT_PARENT,National Planning Holdings,nph,True,Patricia,Allen,Allen Investment Group,Allen Investment Group,2157 Lake Pl,San Francisco,CA,94101
3459,MEMBER_CHANGE,Summit Peak Advisors,summit_peak,False,Emily,Thompson,Allen Partners,Allen Partners,5133 Adams Ln,Las Vegas,NV,89101
3460,MEMBER_CHANGE,Securities America,securities_america,True,Megan,Nguyen,Davis Investment Group,Davis Investment Group,1523 Spring Ln,Indianapolis,IN,46201
3461,MEMBER_CHANGE,Woodbury Financial Services,woodbury,True,Megan,Jackson,Taylor Capital Group,Taylor Capital Group,4307 Highland Blvd,New York,NY,10022
3462,RENAME,DA Davidson & Co.,da_davidson,True,Paul,Khan,Khan Family Wealth Group,Khan Wealth Partners,1540 Monroe Ave,Philadelphia,PA,19101
3463,MEMBER_CHANGE,Ridgeway Wealth Management,ridgeway,False,Helen,Carter,Hall Advisors,Hall Advisors,9057 Central Ave,Cleveland,OH,44101
3464,RENAME,Raymond James Financial Services,raymond_james,True,Dorothy,Harris,Harris Family Wealth Group,Harris Wealth Management Group,7129 Lake Rd,Columbus,OH,43201
3465,MEMBER_CHANGE,Oppenheimer & Co.,oppenheimer,True,Linda,Cruz,Patel Wealth Partners,Patel Wealth Partners,8299 Market Blvd,Houston,TX,77001
3466,MEMBER_CHANGE,Cambridge Investment Research,cambridge_inv,True,Mark,Campbell,Thompson Portfolio Group,Thompson Portfolio Group,6977 Central St,Memphis,TN,38101
3467,MEMBER_CHANGE,DA Davidson & Co.,da_davidson,True,Sarah,Morgan,Huang Wealth Management Group,Huang Wealth Management Group,5790 Cedar Ave,Los Angeles,CA,90001
3468,MEMBER_CHANGE,LPL Financial,lpl_financial,True,Joseph,Khan,Taylor Capital Group,Taylor Capital Group,5195 Park Rd,Phoenix,AZ,85001
3469,RENAME,Summit Peak Advisors,summit_peak,False,Daniel,Harris,Harris Wealth,Harris Partners,2040 Liberty Ln,Chicago,IL,60601
3470,RENAME,Janney Montgomery Scott,janney,True,Amanda,Stewart,Stewart & Associates,Stewart Wealth Advisors,7044 Main Dr,Minneapolis,MN,55401
3471,MEMBER_CHANGE,Raymond James Financial Services,raymond_james,True,Betty,Mitchell,Collins Family Wealth Group,Collins Family Wealth Group,8377 Lincoln St,Chicago,IL,60601
3472,MEMBER_CHANGE,Edward Jones,edward_jones,True,Margaret,Jackson,Brown Family Wealth Group,Brown Family Wealth Group,3403 Cedar Pkwy,Atlanta,GA,30301
3473,SPLIT_PARENT,Securities America,securities_america,True,Rachel,Evans,Evans Portfolio Group,Evans Portfolio Group,910 Maple Ave,San Francisco,CA,94101
3474,MEMBER_CHANGE,UBS Financial Services,ubs,True,Dorothy,Mitchell,Jackson Wealth Partners,Jackson Wealth Partners,7879 Cedar Dr,Philadelphia,PA,19101
3475,MEMBER_CHANGE,Northgate Investment Partners,northgate,False,James,Green,Stewart Wealth,Stewart Wealth,9761 Jefferson Court,Baltimore,MD,21201
3476,MEMBER_CHANGE,UBS Financial Services,ubs,True,William,Harris,Liu Institutional Group,Liu Institutional Group,6456 Elm Pl,Richmond,VA,23219
3477,MEMBER_CHANGE,Northgate Investment Partners,northgate,False,Jessica,Phillips,Reyes Asset Management,Reyes Asset Management,4333 Cedar Pkwy,Seattle,WA,98101
3478,MEMBER_CHANGE,Meridian Private Wealth,meridian_pw,False,William,Roberts,Lee Asset Management,Lee Asset Management,5484 Willow St,San Antonio,TX,78201
3479,MEMBER_CHANGE,Merrill Lynch Pierce Fenner & Smith,merrill_lynch,True,Helen,Phillips,Adams Capital Group,Adams Capital Group,3761 Spring Court,San Jose,CA,95101
3480,RENAME,Harborview Private Wealth,harborview,False,Joseph,Johnson,Johnson & Associates,Johnson Capital Partners,2827 Central Court,Atlanta,GA,30301
3481,MEMBER_CHANGE,Cambridge Investment Research,cambridge_inv,True,Linda,Young,Baker Investment Group,Baker Investment Group,7767 Broad St,Columbus,OH,43201
3482,MEMBER_CHANGE,Ameriprise Financial Services,ameriprise,True,Richard,Hill,Flores Private Wealth Group,Flores Private Wealth Group,7091 Main Court,Miami,FL,33101
3483,MEMBER_CHANGE,Wells Fargo Advisors,wells_fargo,True,Charles,Scott,Baker Investment Group,Baker Investment Group,2226 Park Pkwy,Pittsburgh,PA,15201
3484,MERGE_SURVIVOR,Kingsbridge Capital Advisors,kingsbridge,False,Nancy,Martin,Martin Capital Partners,Martin Capital Partners,8134 Monroe Ave,Tampa,FL,33601
3485,MEMBER_CHANGE,Edward Jones,edward_jones,True,John,Liu,Wright Advisory Group,Wright Advisory Group,760 Jefferson Ln,Boston,MA,02101
3486,MEMBER_CHANGE,Meridian Private Wealth,meridian_pw,False,Margaret,Brown,Yang Partners,Yang Partners,3082 River Court,New York,NY,10001
3487,MERGE_SURVIVOR,Ridgeway Wealth Management,ridgeway,False,Helen,Torres,Torres Private Wealth,Torres Private Wealth,7727 Market St,New York,NY,10001
3488,SPLIT_PARENT,LPL Financial,lpl_financial,True,Steven,Parker,Parker Wealth Partners,Parker Wealth Partners,3281 Monroe Blvd,Fort Worth,TX,76101
3489,SPLIT_PARENT,Highfield Asset Management,highfield,False,Betty,Anderson,Anderson Capital,Anderson Capital,2091 Lincoln Pkwy,Los Angeles,CA,90001
3490,MEMBER_CHANGE,Summit Peak Advisors,summit_peak,False,Susan,Martin,Phillips Family Office,Phillips Family Office,9135 Willow Way,Indianapolis,IN,46201
3491,MEMBER_CHANGE,DA Davidson & Co.,da_davidson,True,Sarah,Liu,Johnson Asset Management Group,Johnson Asset Management Group,7349 Union Pl,Houston,TX,77001
3492,MEMBER_CHANGE,Cetera Financial Group,cetera,True,Betty,Thomas,Edwards Private Wealth Group,Edwards Private Wealth Group,4128 Highland Pl,Dallas,TX,75201
3493,MEMBER_CHANGE,Merrill Lynch Pierce Fenner & Smith,merrill_lynch,True,Robert,Carter,Brown Family Wealth Group,Brown Family Wealth Group,1991 Madison Rd,Dallas,TX,75201
3494,MEMBER_CHANGE,DA Davidson & Co.,da_davidson,True,Jennifer,Jackson,Smith Financial Group,Smith Financial Group,258 Park Dr,Louisville,KY,40201
3495,MEMBER_CHANGE,UBS Financial Services,ubs,True,Richard,Turner,Morgan Wealth Partners,Morgan Wealth Partners,2664 River Dr,San Antonio,TX,78201
3496,MEMBER_CHANGE,Woodbury Financial Services,woodbury,True,Megan,King,Huang Advisory Group,Huang Advisory Group,9568 Elm Rd,Tampa,FL,33601
3497,RENAME,Meridian Private Wealth,meridian_pw,False,Andrew,Rivera,Rivera & Associates,Rivera Wealth,3710 Main St,Denver,CO,80201
3498,MEMBER_CHANGE,Parkside Wealth Strategies,parkside,False,Paul,Patel,Stewart Family Office,Stewart Family Office,9941 Maple St,Nashville,TN,37201
3499,RENAME,Meridian Private Wealth,meridian_pw,False,Mark,Williams,Williams & Taylor Advisors,Williams Capital,1753 Willow Ave,Las Vegas,NV,89101
3500,MEMBER_CHANGE,Commonwealth Financial Network,commonwealth,True,David,Carter,Morris Family Wealth Group,Morris Family Wealth Group,9112 Lincoln Rd,Memphis,TN,38101
3501,MEMBER_CHANGE,Harborview Private Wealth,harborview,False,Christopher,Morris,White Wealth Management,White Wealth Management,5506 Lake Rd,Boston,MA,02101
3502,MEMBER_CHANGE,Merrill Lynch Pierce Fenner & Smith,merrill_lynch,True,Robert,Morris,Smith Capital Group,Smith Capital Group,379 Cedar Rd,Minneapolis,MN,55401
3503,MEMBER_CHANGE,Cetera Financial Group,cetera,True,James,Wang,Morgan Investment Group,Morgan Investment Group,8137 Market Pkwy,Milwaukee,WI,53201
3504,MEMBER_CHANGE,Meridian Private Wealth,meridian_pw,False,Sandra,Morgan,King Capital Partners,King Capital Partners,4143 Central Pl,Nashville,TN,37201
3505,MEMBER_CHANGE,Crestwood Family Office,crestwood,False,Linda,Chen,Wilson Asset Management,Wilson Asset Management,1351 Jefferson Way,Oklahoma City,OK,73101
3506,MEMBER_CHANGE,Summit Peak Advisors,summit_peak,False,Mark,Jones,Wilson Advisors,Wilson Advisors,9803 Willow Pkwy,Minneapolis,MN,55401
3507,MEMBER_CHANGE,Cambridge Investment Research,cambridge_inv,True,Michael,Collins,Wright Capital Group,Wright Capital Group,4353 Elm Ln,Los Angeles,CA,90001
3508,RENAME,Northgate Investment Partners,northgate,False,Megan,Nelson,Nelson & Associates,Nelson Capital,3820 Adams Ln,New York,NY,10022
3509,MEMBER_CHANGE,Raymond James Financial Services,raymond_james,True,Thomas,Brown,Patel Wealth Partners,Patel Wealth Partners,7229 Monroe Pl,San Francisco,CA,94101
3510,MEMBER_CHANGE,Cetera Financial Group,cetera,True,Emily,Mitchell,Nelson Investment Group,Nelson Investment Group,700 Willow Ave,Atlanta,GA,30301
3511,MEMBER_CHANGE,Wells Fargo Advisors,wells_fargo,True,Christopher,Wang,Nelson Advisory Group,Nelson Advisory Group,1101 Market Way,San Antonio,TX,78201
3512,SPLIT_PARENT,Hilliard Lyons,hilliard_lyons,True,Nancy,Khan,Khan Wealth Partners,Khan Wealth Partners,7975 Central Dr,Raleigh,NC,27601
3513,MEMBER_CHANGE,Ridgeway Wealth Management,ridgeway,False,Megan,Jones,Jackson Wealth,Jackson Wealth,8073 Spring Rd,Columbus,OH,43201
3514,MEMBER_CHANGE,Cambridge Investment Research,cambridge_inv,True,Karen,Allen,Morgan Investment Group,Morgan Investment Group,7346 River Ave,Denver,CO,80201
3515,MEMBER_CHANGE,Cambridge Investment Research,cambridge_inv,True,Thomas,Parker,Collins Financial Group,Collins Financial Group,3066 Lincoln St,San Jose,CA,95101
3516,RENAME,National Planning Holdings,nph,True,Daniel,Wright,Wright & Associates,Wright Wealth Partners,6562 Union Court,Memphis,TN,38101
3517,MEMBER_CHANGE,Raymond James Financial Services,raymond_james,True,Ashley,Davis,Anderson Wealth Advisors,Anderson Wealth Advisors,8557 River St,Atlanta,GA,30301
3518,MEMBER_CHANGE,Cetera Financial Group,cetera,True,Ashley,Taylor,Martin Investment Group,Martin Investment Group,268 Jefferson Ln,Fort Worth,TX,76101
3519,RENAME,Raymond James Financial Services,raymond_james,True,Patricia,Jones,Jones Financial Group,Jones Family Wealth Group,3483 Spring Dr,Boston,MA,02101
3520,MEMBER_CHANGE,Parkside Wealth Strategies,parkside,False,Lisa,Taylor,Baker Family Office,Baker Family Office,2366 Willow Pkwy,San Diego,CA,92101
3521,MEMBER_CHANGE,Edward Jones,edward_jones,True,James,Adams,Green Family Wealth Group,Green Family Wealth Group,8356 Commerce Pkwy,Chicago,IL,60601
3522,MEMBER_CHANGE,Cetera Financial Group,cetera,True,Ashley,Reyes,Khan Wealth Partners,Khan Wealth Partners,8570 Market Ln,Pittsburgh,PA,15201
3523,MEMBER_CHANGE,Ridgeway Wealth Management,ridgeway,False,Michael,Huang,Anderson Partners,Anderson Partners,5582 Monroe Pl,Charlotte,NC,28201
3524,RENAME,Robert W. Baird & Co.,rwbaird,True,James,Scott,Scott & Associates,Scott Wealth Management Group,8698 Broad Blvd,Raleigh,NC,27601
3525,MEMBER_CHANGE,Edward Jones,edward_jones,True,Andrew,Flores,Flores Family Wealth Group,Flores Family Wealth Group,1473 Spring Pkwy,Atlanta,GA,30301
3526,MEMBER_CHANGE,Cetera Financial Group,cetera,True,Donald,Davis,Morgan Wealth Management Group,Morgan Wealth Management Group,5249 Park Pl,Baltimore,MD,21201
3527,SPLIT_PARENT,Ameriprise Financial Services,ameriprise,True,Michael,Stewart,Stewart Financial Group,Stewart Financial Group,8295 Broad Way,Minneapolis,MN,55401
3528,MEMBER_CHANGE,Harborview Private Wealth,harborview,False,Karen,Evans,Scott Investment Partners,Scott Investment Partners,2701 Madison Ave,Pittsburgh,PA,15201
3529,MEMBER_CHANGE,Harborview Private Wealth,harborview,False,Sarah,Smith,Harris Asset Management,Harris Asset Management,4354 Elm Blvd,Raleigh,NC,27601
3530,MEMBER_CHANGE,Edward Jones,edward_jones,True,Thomas,White,Stewart Investment Group,Stewart Investment Group,7561 Adams Dr,Austin,TX,78701
3531,MEMBER_CHANGE,UBS Financial Services,ubs,True,Thomas,Johnson,Anderson Institutional Group,Anderson Institutional Group,2512 Commerce Ave,Philadelphia,PA,19101
3532,MEMBER_CHANGE,Northgate Investment Partners,northgate,False,Emily,Flores,Chen Capital Partners,Chen Capital Partners,6178 Church Way,Milwaukee,WI,53201
3533,RENAME,Woodbury Financial Services,woodbury,True,Joseph,Hall,Hall & Liu Group,Hall Private Wealth Group,7029 Washington St,Seattle,WA,98101
3534,MEMBER_CHANGE,LPL Financial,lpl_financial,True,Linda,Reyes,Liu Wealth Advisors,Liu Wealth Advisors,6194 Cedar Rd,San Francisco,CA,94101
3535,MEMBER_CHANGE,Clearwater Capital Group,clearwater,False,Kenneth,Yang,Hill Wealth Management,Hill Wealth Management,9167 Lake St,Louisville,KY,40201
3536,MEMBER_CHANGE,LPL Financial,lpl_financial,True,Ashley,Zhang,Chen Asset Management Group,Chen Asset Management Group,9579 Main Dr,Pittsburgh,PA,15201
3537,MEMBER_CHANGE,Meridian Private Wealth,meridian_pw,False,William,Moore,Anderson Partners,Anderson Partners,3052 Adams Ln,Portland,OR,97201
3538,MEMBER_CHANGE,Summit Peak Advisors,summit_peak,False,William,Nelson,Smith Wealth,Smith Wealth,4460 Washington Ln,San Francisco,CA,94101
3539,MEMBER_CHANGE,Commonwealth Financial Network,commonwealth,True,Sarah,Phillips,Brown Asset Management Group,Brown Asset Management Group,9051 Main Ave,Atlanta,GA,30301
3540,MEMBER_CHANGE,Ameriprise Financial Services,ameriprise,True,Joseph,Davis,Wang Advisory Group,Wang Advisory Group,1417 Lincoln Dr,Atlanta,GA,30301
3541,MEMBER_CHANGE,Highfield Asset Management,highfield,False,Matthew,Patel,Liu Private Wealth,Liu Private Wealth,276 Oak Rd,Pittsburgh,PA,15201
3542,MEMBER_CHANGE,Edward Jones,edward_jones,True,Andrew,Nguyen,Anderson Asset Management Group,Anderson Asset Management Group,7617 Washington Rd,San Francisco,CA,94101
3543,MEMBER_CHANGE,DA Davidson & Co.,da_davidson,True,Charles,Gomez,White Private Wealth Group,White Private Wealth Group,7318 Washington Pkwy,San Francisco,CA,94101
3544,MEMBER_CHANGE,Summit Peak Advisors,summit_peak,False,Thomas,Zhang,Green Advisors,Green Advisors,9196 Main Court,Columbus,OH,43201
3545,MEMBER_CHANGE,National Planning Holdings,nph,True,Barbara,Scott,Stewart Asset Management Group,Stewart Asset Management Group,5426 Hill St,San Jose,CA,95101
3546,MEMBER_CHANGE,Highfield Asset Management,highfield,False,Dorothy,Moore,Evans Wealth Management,Evans Wealth Management,9111 Spring Ave,St. Louis,MO,63101
3547,MEMBER_CHANGE,Stifel Nicolaus & Company,stifel_nicolaus,True,Charles,Morgan,White Investment Group,White Investment Group,7669 Liberty Blvd,Minneapolis,MN,55401
3548,MEMBER_CHANGE,LPL Financial,lpl_financial,True,Joseph,Collins,Huang Private Wealth Group,Huang Private Wealth Group,2722 Highland Ave,Las Vegas,NV,89101
3549,MEMBER_CHANGE,Stifel Nicolaus & Company,stifel_nicolaus,True,Sarah,Thomas,Diaz Wealth Management Group,Diaz Wealth Management Group,4990 Monroe Pkwy,Milwaukee,WI,53201
3550,SPLIT_PARENT,UBS Financial Services,ubs,True,Thomas,Chen,Chen Asset Management Group,Chen Asset Management Group,6977 Jefferson Ln,Oklahoma City,OK,73101
3551,MERGE_SURVIVOR,Clearwater Capital Group,clearwater,False,Christopher,Nelson,Nelson Capital,Nelson Capital,9159 Church Rd,Washington,DC,20001
3552,RENAME,Edward Jones,edward_jones,True,Rachel,Hall,Hall & King Advisors,Hall Wealth Partners,9707 Willow St,Atlanta,GA,30301
3553,MEMBER_CHANGE,Crestwood Family Office,crestwood,False,Helen,Wang,Rivera Asset Management,Rivera Asset Management,7224 River St,Baltimore,MD,21201
3554,MEMBER_CHANGE,Crestwood Family Office,crestwood,False,Charles,Patel,Torres Family Office,Torres Family Office,455 Washington St,Tampa,FL,33601
3555,MEMBER_CHANGE,Morgan Stanley Wealth Management,morgan_stanley,True,Joseph,Brown,Roberts Investment Group,Roberts Investment Group,9848 Oak Blvd,Austin,TX,78701
3556,RENAME,Northgate Investment Partners,northgate,False,William,Yang,Yang & Thomas Advisors,Yang Private Wealth,5003 Lake Pkwy,Los Angeles,CA,90001
3557,MEMBER_CHANGE,Robert W. Baird & Co.,rwbaird,True,Jessica,Adams,Mitchell Portfolio Group,Mitchell Portfolio Group,666 Highland Dr,Austin,TX,78701
3558,SPLIT_PARENT,Highfield Asset Management,highfield,False,Christopher,Scott,Scott Advisors,Scott Advisors,4151 Park Blvd,New York,NY,10001
3559,MEMBER_CHANGE,LPL Financial,lpl_financial,True,Susan,Reyes,Scott Private Wealth Group,Scott Private Wealth Group,767 Elm Pl,Oklahoma City,OK,73101
3560,MEMBER_CHANGE,Hilliard Lyons,hilliard_lyons,True,Nancy,Anderson,Davis Portfolio Group,Davis Portfolio Group,3806 Spring Rd,Oklahoma City,OK,73101
3561,MERGE_TARGET,Summit Peak Advisors,summit_peak,False,Robert,White,White Family Office,White Family Office,9617 Market Court,Boston,MA,02101
3562,MEMBER_CHANGE,Janney Montgomery Scott,janney,True,Kenneth,Lee,Evans Advisory Group,Evans Advisory Group,4123 Park Blvd,Seattle,WA,98101
3563,MEMBER_CHANGE,Meridian Private Wealth,meridian_pw,False,Linda,Wright,Hill Capital,Hill Capital,9800 Madison Blvd,New York,NY,10001
3564,MEMBER_CHANGE,Summit Peak Advisors,summit_peak,False,Steven,Davis,Johnson Private Wealth,Johnson Private Wealth,9345 Adams Court,Columbus,OH,43201
3565,RENAME,Wells Fargo Advisors,wells_fargo,True,Thomas,Chen,Chen & Associates,Chen Wealth Partners,4527 Maple Blvd,Pittsburgh,PA,15201
3566,RENAME,UBS Financial Services,ubs,True,Ashley,Morgan,Morgan & Associates,Morgan Capital Group,9904 Lincoln Pl,Richmond,VA,23219
3567,RENAME,Woodbury Financial Services,woodbury,True,Amanda,Wilson,Wilson & Associates,Wilson Wealth Management Group,2031 Elm Dr,Minneapolis,MN,55401
3568,RENAME,DA Davidson & Co.,da_davidson,True,Matthew,Jones,Jones & Reyes Partners,Jones Financial Group,7633 River Pkwy,Louisville,KY,40201
3569,SPLIT_PARENT,Robert W. Baird & Co.,rwbaird,True,Christopher,Jones,Jones Wealth Management Group,Jones Wealth Management Group,6390 Washington Pkwy,San Francisco,CA,94101
3570,MEMBER_CHANGE,Kingsbridge Capital Advisors,kingsbridge,False,Barbara,Hall,Roberts Advisors,Roberts Advisors,7442 Spring Pkwy,Philadelphia,PA,19101
3571,SPLIT_PARENT,National Planning Holdings,nph,True,Thomas,Anderson,Anderson Asset Management Group,Anderson Asset Management Group,7412 Maple Dr,Philadelphia,PA,19101
3572,MEMBER_CHANGE,Commonwealth Financial Network,commonwealth,True,Robert,Garcia,White Family Wealth Group,White Family Wealth Group,6666 Elm Ln,San Francisco,CA,94101
3573,RENAME,Commonwealth Financial Network,commonwealth,True,Sarah,Moore,Moore Wealth Partners,Moore Institutional Group,8434 Church Ln,Indianapolis,IN,46201
3574,MEMBER_CHANGE,DA Davidson & Co.,da_davidson,True,Megan,Wilson,Yang Investment Group,Yang Investment Group,516 Broad Ln,San Antonio,TX,78201
3575,MEMBER_CHANGE,Ameriprise Financial Services,ameriprise,True,Paul,Young,Johnson Wealth Management Group,Johnson Wealth Management Group,9456 Highland Blvd,Tampa,FL,33601
3576,MEMBER_CHANGE,Highfield Asset Management,highfield,False,Daniel,Martin,King Capital,King Capital,4531 Oak Dr,San Jose,CA,95101
3577,MEMBER_CHANGE,Harborview Private Wealth,harborview,False,James,Hall,Jones Private Wealth,Jones Private Wealth,3872 Spring Pl,New York,NY,10001
3578,MEMBER_CHANGE,Oppenheimer & Co.,oppenheimer,True,Karen,Brown,Thompson Advisory Group,Thompson Advisory Group,2386 Cedar Pkwy,Philadelphia,PA,19101
3579,MEMBER_CHANGE,Janney Montgomery Scott,janney,True,Barbara,Liu,Parker Wealth Management Group,Parker Wealth Management Group,8577 Jefferson Way,Pittsburgh,PA,15201
3580,RENAME,Ameriprise Financial Services,ameriprise,True,Thomas,Martin,Martin & Associates,Martin Financial Group,2178 Willow Rd,San Diego,CA,92101
3581,MEMBER_CHANGE,Raymond James Financial Services,raymond_james,True,Ashley,Campbell,Rivera Wealth Advisors,Rivera Wealth Advisors,3970 Liberty Rd,Nashville,TN,37201
3582,MEMBER_CHANGE,Harborview Private Wealth,harborview,False,Emily,Thomas,Patel Wealth,Patel Wealth,9778 Washington St,Denver,CO,80201
3583,RENAME,Northgate Investment Partners,northgate,False,Jessica,Baker,Baker & Associates,Baker Capital Partners,779 Madison Way,Las Vegas,NV,89101
3584,MEMBER_CHANGE,Clearwater Capital Group,clearwater,False,Daniel,King,Thomas Advisors,Thomas Advisors,3941 Monroe Blvd,Pittsburgh,PA,15201
3585,MEMBER_CHANGE,National Planning Holdings,nph,True,Andrew,Hall,Green Capital Group,Green Capital Group,1660 Willow Pkwy,Chicago,IL,60601
3586,MERGE_SURVIVOR,LPL Financial,lpl_financial,True,Jennifer,Nelson,Nelson Family Wealth Group,Nelson Family Wealth Group,8994 Union Rd,Milwaukee,WI,53201
3587,MEMBER_CHANGE,Robert W. Baird & Co.,rwbaird,True,Susan,Scott,Liu Wealth Advisors,Liu Wealth Advisors,5564 Church Court,Washington,DC,20001
3588,MEMBER_CHANGE,Crestwood Family Office,crestwood,False,Joseph,Green,Campbell Advisors,Campbell Advisors,8971 Washington Pl,Milwaukee,WI,53201
3589,MEMBER_CHANGE,Harborview Private Wealth,harborview,False,Jennifer,Scott,Wilson Family Office,Wilson Family Office,2916 Main Court,San Francisco,CA,94101
3590,MEMBER_CHANGE,DA Davidson & Co.,da_davidson,True,Patricia,Gomez,Wilson Institutional Group,Wilson Institutional Group,9676 Monroe Blvd,Louisville,KY,40201
3591,RENAME,Janney Montgomery Scott,janney,True,Anthony,Huang,Huang Advisory Group,Huang Institutional Group,5324 Adams Pl,Phoenix,AZ,85001
3592,MEMBER_CHANGE,Summit Peak Advisors,summit_peak,False,Dorothy,Martin,Hill Capital,Hill Capital,9200 Washington Blvd,Austin,TX,78701
3593,MEMBER_CHANGE,Meridian Private Wealth,meridian_pw,False,Steven,Parker,Smith Wealth,Smith Wealth,8837 Washington Pl,Memphis,TN,38101
3594,MEMBER_CHANGE,LPL Financial,lpl_financial,True,Andrew,Moore,Adams Investment Group,Adams Investment Group,9151 Madison Dr,Pittsburgh,PA,15201
3595,MEMBER_CHANGE,Northgate Investment Partners,northgate,False,Charles,Chen,Liu Capital,Liu Capital,308 Maple Blvd,San Jose,CA,95101
3596,MEMBER_CHANGE,Stifel Nicolaus & Company,stifel_nicolaus,True,Michael,Yang,Garcia Wealth Partners,Garcia Wealth Partners,9434 Highland Blvd,St. Louis,MO,63101
3597,MEMBER_CHANGE,Morgan Stanley Wealth Management,morgan_stanley,True,John,Nguyen,Phillips Family Wealth Group,Phillips Family Wealth Group,6940 Lincoln Blvd,Atlanta,GA,30301
3598,SPLIT_PARENT,UBS Financial Services,ubs,True,Thomas,Flores,Flores Asset Management Group,Flores Asset Management Group,104 Hill Pl,Chicago,IL,60601
3599,MEMBER_CHANGE,National Planning Holdings,nph,True,Dorothy,Patel,Green Advisory Group,Green Advisory Group,3132 Maple Way,Seattle,WA,98101
3600,MEMBER_CHANGE,Kingsbridge Capital Advisors,kingsbridge,False,James,Young,Johnson Advisors,Johnson Advisors,1326 Oak Ave,Portland,OR,97201
3601,MEMBER_CHANGE,Stifel Nicolaus & Company,stifel_nicolaus,True,Michael,Young,Torres Advisory Group,Torres Advisory Group,8926 Broad Blvd,San Diego,CA,92101
3602,RENAME,LPL Financial,lpl_financial,True,Kenneth,Chen,Chen & Associates,Chen Financial Group,1634 Maple Pkwy,Columbus,OH,43201
3603,MEMBER_CHANGE,DA Davidson & Co.,da_davidson,True,Donald,Huang,Edwards Wealth Management Group,Edwards Wealth Management Group,6979 Main Court,Dallas,TX,75201
3604,MEMBER_CHANGE,Ameriprise Financial Services,ameriprise,True,Thomas,Nguyen,Parker Wealth Management Group,Parker Wealth Management Group,5348 Lincoln Rd,Memphis,TN,38101
3605,MEMBER_CHANGE,Wells Fargo Advisors,wells_fargo,True,Sarah,Gomez,Chen Wealth Management Group,Chen Wealth Management Group,7866 Madison Blvd,Memphis,TN,38101
3606,MEMBER_CHANGE,Janney Montgomery Scott,janney,True,Betty,Rivera,Collins Wealth Advisors,Collins Wealth Advisors,5899 Main St,Portland,OR,97201
3607,MEMBER_CHANGE,Oppenheimer & Co.,oppenheimer,True,Richard,Nguyen,Nelson Investment Group,Nelson Investment Group,3374 Hill Ln,Phoenix,AZ,85001
3608,MEMBER_CHANGE,Ameriprise Financial Services,ameriprise,True,Jennifer,Yang,Parker Investment Group,Parker Investment Group,3752 Union Ave,Fort Worth,TX,76101
3609,MEMBER_CHANGE,Meridian Private Wealth,meridian_pw,False,Barbara,Johnson,Patel Family Office,Patel Family Office,1978 Main Pkwy,Indianapolis,IN,46201
3610,MEMBER_CHANGE,Janney Montgomery Scott,janney,True,Sarah,Scott,Green Wealth Partners,Green Wealth Partners,2348 Park Ave,Las Vegas,NV,89101
3611,MEMBER_CHANGE,Hilliard Lyons,hilliard_lyons,True,Lisa,Johnson,Yang Wealth Partners,Yang Wealth Partners,2005 Adams Dr,Kansas City,MO,64101
3612,RENAME,LPL Financial,lpl_financial,True,Dorothy,Baker,Baker Capital Group,Baker Institutional Group,6462 Market Pl,Raleigh,NC,27601
3613,SPLIT_PARENT,Cetera Financial Group,cetera,True,Robert,Green,Green Family Wealth Group,Green Family Wealth Group,3514 Hill Pkwy,Seattle,WA,98101
3614,MEMBER_CHANGE,LPL Financial,lpl_financial,True,Sarah,Moore,Williams Wealth Partners,Williams Wealth Partners,7121 Maple Way,Nashville,TN,37201
3615,MEMBER_CHANGE,Meridian Private Wealth,meridian_pw,False,Richard,Chen,Miller Asset Management,Miller Asset Management,9119 Jefferson St,Phoenix,AZ,85001
3616,RENAME,Clearwater Capital Group,clearwater,False,Linda,Evans,Evans Private Wealth,Evans Wealth Management,9350 Park Blvd,Denver,CO,80201
3617,MEMBER_CHANGE,Harborview Private Wealth,harborview,False,Anthony,Wang,Williams Capital,Williams Capital,4802 Central Dr,Atlanta,GA,30301
3618,MEMBER_CHANGE,Janney Montgomery Scott,janney,True,Betty,Morris,Morgan Wealth Partners,Morgan Wealth Partners,1374 Monroe Way,San Jose,CA,95101
3619,MEMBER_CHANGE,Stifel Nicolaus & Company,stifel_nicolaus,True,Margaret,Williams,Scott Asset Management Group,Scott Asset Management Group,5592 Park Court,Las Vegas,NV,89101
3620,MEMBER_CHANGE,National Planning Holdings,nph,True,Nancy,Patel,Adams Portfolio Group,Adams Portfolio Group,276 Washington Pl,Seattle,WA,98101
3621,RENAME,Northgate Investment Partners,northgate,False,Jessica,Torres,Torres Wealth Management,Torres Advisors,6301 Monroe Blvd,Baltimore,MD,21201
3622,RENAME,Securities America,securities_america,True,Emily,Williams,Williams & Jones Advisors,Williams Wealth Partners,7761 Washington Dr,Cleveland,OH,44101
3623,MEMBER_CHANGE,Cetera Financial Group,cetera,True,Robert,Thompson,Jones Institutional Group,Jones Institutional Group,298 Main Pkwy,Oklahoma City,OK,73101
3624,MEMBER_CHANGE,Stifel Nicolaus & Company,stifel_nicolaus,True,Karen,Evans,Huang Capital Group,Huang Capital Group,5227 Commerce Rd,Austin,TX,78701
3625,MEMBER_CHANGE,Merrill Lynch Pierce Fenner & Smith,merrill_lynch,True,Donald,Turner,Reyes Wealth Partners,Reyes Wealth Partners,3941 Spring Pkwy,St. Louis,MO,63101
3626,MEMBER_CHANGE,Morgan Stanley Wealth Management,morgan_stanley,True,Ashley,King,Gomez Advisory Group,Gomez Advisory Group,7914 Central Ave,Indianapolis,IN,46201
3627,MERGE_SURVIVOR,Ridgeway Wealth Management,ridgeway,False,Sandra,Brown,Brown Investment Partners,Brown Investment Partners,8107 Church Ln,Philadelphia,PA,19101
3628,MEMBER_CHANGE,Janney Montgomery Scott,janney,True,Rachel,Evans,Nelson Wealth Advisors,Nelson Wealth Advisors,8661 Hill Rd,Fort Worth,TX,76101
3629,MEMBER_CHANGE,Ameriprise Financial Services,ameriprise,True,Margaret,Yang,Hill Family Wealth Group,Hill Family Wealth Group,6246 Maple Court,Atlanta,GA,30301
3630,MEMBER_CHANGE,Clearwater Capital Group,clearwater,False,Patricia,Liu,Liu Family Office,Liu Family Office,4300 Madison Way,San Diego,CA,92101
3631,MERGE_SURVIVOR,Ridgeway Wealth Management,ridgeway,False,Nancy,Morris,Morris Advisors,Morris Advisors,6721 Central Ave,Louisville,KY,40201
3632,MEMBER_CHANGE,Ridgeway Wealth Management,ridgeway,False,David,Thomas,Liu Wealth,Liu Wealth,8610 Willow Court,St. Louis,MO,63101
3633,MEMBER_CHANGE,National Planning Holdings,nph,True,Dorothy,Khan,Brown Investment Group,Brown Investment Group,7518 Commerce Blvd,Portland,OR,97201
3634,MEMBER_CHANGE,Clearwater Capital Group,clearwater,False,Helen,Cruz,Smith Asset Management,Smith Asset Management,5147 Spring St,Kansas City,MO,64101
3635,MEMBER_CHANGE,Kingsbridge Capital Advisors,kingsbridge,False,Helen,Moore,Nguyen Partners,Nguyen Partners,4852 Lake Pl,Baltimore,MD,21201
3636,MEMBER_CHANGE,Northgate Investment Partners,northgate,False,Steven,Williams,Williams Private Wealth,Williams Private Wealth,698 Lake Dr,Atlanta,GA,30301
3637,RENAME,Robert W. Baird & Co.,rwbaird,True,Sandra,Gomez,Gomez & Associates,Gomez Wealth Advisors,4124 Park St,Memphis,TN,38101
3638,MEMBER_CHANGE,Commonwealth Financial Network,commonwealth,True,Sandra,Anderson,Parker Advisory Group,Parker Advisory Group,464 Lincoln Way,San Antonio,TX,78201
3639,MEMBER_CHANGE,Securities America,securities_america,True,Daniel,Torres,Anderson Family Wealth Group,Anderson Family Wealth Group,3104 Madison Ln,Raleigh,NC,27601
3640,RENAME,Parkside Wealth Strategies,parkside,False,Emily,Diaz,Diaz Capital Partners,Diaz Investment Partners,1431 Broad St,Miami,FL,33101
3641,MEMBER_CHANGE,Ameriprise Financial Services,ameriprise,True,Donald,Jones,Diaz Wealth Advisors,Diaz Wealth Advisors,7159 Spring Dr,Miami,FL,33101
3642,MEMBER_CHANGE,Northgate Investment Partners,northgate,False,Richard,Flores,Cruz Wealth Management,Cruz Wealth Management,864 Lincoln Way,Fort Worth,TX,76101
3643,MEMBER_CHANGE,National Planning Holdings,nph,True,Patricia,Nguyen,Jackson Wealth Partners,Jackson Wealth Partners,2871 Liberty Court,Richmond,VA,23219
3644,MEMBER_CHANGE,Meridian Private Wealth,meridian_pw,False,Patricia,Edwards,Morris Capital Partners,Morris Capital Partners,6650 Main Pl,Nashville,TN,37201
3645,MEMBER_CHANGE,Meridian Private Wealth,meridian_pw,False,Joseph,Roberts,Zhang Investment Partners,Zhang Investment Partners,9455 Elm Blvd,San Antonio,TX,78201
3646,MEMBER_CHANGE,Harborview Private Wealth,harborview,False,Karen,Patel,Brown Investment Partners,Brown Investment Partners,9291 Madison Ave,Tampa,FL,33601
3647,MERGE_SURVIVOR,Meridian Private Wealth,meridian_pw,False,Betty,Cruz,Cruz Capital Partners,Cruz Capital Partners,587 Madison Ln,Fort Worth,TX,76101
3648,MEMBER_CHANGE,LPL Financial,lpl_financial,True,Joseph,Torres,Morris Private Wealth Group,Morris Private Wealth Group,6689 Monroe Blvd,Portland,OR,97201
3649,MEMBER_CHANGE,Parkside Wealth Strategies,parkside,False,Jennifer,Edwards,Baker Advisors,Baker Advisors,9606 Highland Blvd,Miami,FL,33101
3650,MEMBER_CHANGE,Clearwater Capital Group,clearwater,False,Linda,Harris,Garcia Wealth Management,Garcia Wealth Management,8890 Washington Way,San Antonio,TX,78201
3651,MEMBER_CHANGE,Securities America,securities_america,True,Sarah,Hall,Flores Family Wealth Group,Flores Family Wealth Group,5389 Monroe Dr,Columbus,OH,43201
3652,RENAME,Ameriprise Financial Services,ameriprise,True,David,Nelson,Nelson Portfolio Group,Nelson Family Wealth Group,199 Central Ln,Denver,CO,80201
3653,MEMBER_CHANGE,Woodbury Financial Services,woodbury,True,Nancy,Phillips,Taylor Asset Management Group,Taylor Asset Management Group,9722 River Blvd,New York,NY,10022
3654,MEMBER_CHANGE,Edward Jones,edward_jones,True,Susan,Martin,Mitchell Institutional Group,Mitchell Institutional Group,3940 Maple Dr,Nashville,TN,37201
3655,MEMBER_CHANGE,Janney Montgomery Scott,janney,True,Mark,Thomas,Edwards Wealth Management Group,Edwards Wealth Management Group,1950 River Pl,Portland,OR,97201
3656,RENAME,Woodbury Financial Services,woodbury,True,Margaret,Adams,Adams & Turner Advisors,Adams Wealth Management Group,6332 Broad Blvd,Houston,TX,77001
3657,MEMBER_CHANGE,Woodbury Financial Services,woodbury,True,Sandra,Johnson,Lee Wealth Advisors,Lee Wealth Advisors,7295 Park St,Louisville,KY,40201
3658,RENAME,Robert W. Baird & Co.,rwbaird,True,Megan,Campbell,Campbell & Associates,Campbell Investment Group,4549 Lake Court,Miami,FL,33101
3659,RENAME,Crestwood Family Office,crestwood,False,Paul,Parker,Parker & Associates,Parker Advisors,989 Liberty Blvd,Houston,TX,77001
3660,MEMBER_CHANGE,Ameriprise Financial Services,ameriprise,True,Paul,Smith,Davis Asset Management Group,Davis Asset Management Group,7824 Market St,Las Vegas,NV,89101
3661,SPLIT_PARENT,Kingsbridge Capital Advisors,kingsbridge,False,Nancy,Diaz,Diaz Investment Partners,Diaz Investment Partners,3733 Union Ave,Oklahoma City,OK,73101
3662,RENAME,Highfield Asset Management,highfield,False,Susan,Gomez,Gomez Investment Partners,Gomez Partners,1786 Lincoln Rd,Pittsburgh,PA,15201
3663,MEMBER_CHANGE,Parkside Wealth Strategies,parkside,False,Andrew,Anderson,Yang Asset Management,Yang Asset Management,1626 Spring St,Jacksonville,FL,32201
3664,MEMBER_CHANGE,Ameriprise Financial Services,ameriprise,True,Anthony,Nelson,Davis Financial Group,Davis Financial Group,991 Broad Blvd,Baltimore,MD,21201
3665,MEMBER_CHANGE,Kingsbridge Capital Advisors,kingsbridge,False,Linda,Thompson,Williams Capital Partners,Williams Capital Partners,885 Park St,Miami,FL,33101
3666,MEMBER_CHANGE,Kingsbridge Capital Advisors,kingsbridge,False,Sandra,Green,Williams Asset Management,Williams Asset Management,1174 Jefferson Blvd,Memphis,TN,38101
3667,RENAME,Raymond James Financial Services,raymond_james,True,Susan,Taylor,Taylor Financial Group,Taylor Portfolio Group,6893 Central Blvd,Seattle,WA,98101
3668,SPLIT_PARENT,Clearwater Capital Group,clearwater,False,Kenneth,Chen,Chen Asset Management,Chen Asset Management,5445 Monroe St,New York,NY,10022
3669,MERGE_SURVIVOR,Ameriprise Financial Services,ameriprise,True,Charles,Campbell,Campbell Wealth Advisors,Campbell Wealth Advisors,9593 Spring Pkwy,Austin,TX,78701
3670,RENAME,Kingsbridge Capital Advisors,kingsbridge,False,Dorothy,Turner,Turner Capital Partners,Turner Investment Partners,1555 Maple Ln,Tampa,FL,33601
3671,MEMBER_CHANGE,Morgan Stanley Wealth Management,morgan_stanley,True,Linda,Reyes,Kim Portfolio Group,Kim Portfolio Group,1940 Adams Pkwy,Las Vegas,NV,89101
3672,RENAME,Meridian Private Wealth,meridian_pw,False,Joseph,Taylor,Taylor & Harris Group,Taylor Capital Partners,6754 Lincoln Blvd,New York,NY,10001
3673,MEMBER_CHANGE,Securities America,securities_america,True,Dorothy,Hall,Campbell Investment Group,Campbell Investment Group,374 Lake Pkwy,San Antonio,TX,78201
3674,MEMBER_CHANGE,Ameriprise Financial Services,ameriprise,True,James,Collins,Turner Investment Group,Turner Investment Group,7002 Park Rd,San Francisco,CA,94101
3675,RENAME,Robert W. Baird & Co.,rwbaird,True,Anthony,King,King & Associates,King Portfolio Group,6350 Church Blvd,Indianapolis,IN,46201
3676,MEMBER_CHANGE,Oppenheimer & Co.,oppenheimer,True,James,Taylor,Cruz Financial Group,Cruz Financial Group,196 Maple Blvd,New York,NY,10001
3677,MEMBER_CHANGE,Crestwood Family Office,crestwood,False,Lisa,Miller,Khan Capital,Khan Capital,4986 Washington Pl,Fort Worth,TX,76101
3678,MEMBER_CHANGE,Cetera Financial Group,cetera,True,William,Johnson,Johnson Portfolio Group,Johnson Portfolio Group,1574 Elm Dr,Kansas City,MO,64101
3679,RENAME,Hilliard Lyons,hilliard_lyons,True,Donald,Smith,Smith Advisory Group,Smith Investment Group,9132 Hill Pkwy,Atlanta,GA,30301
3680,MEMBER_CHANGE,DA Davidson & Co.,da_davidson,True,Sarah,Campbell,Harris Portfolio Group,Harris Portfolio Group,6272 Church Way,New York,NY,10001
3681,MEMBER_CHANGE,Raymond James Financial Services,raymond_james,True,Margaret,Young,Harris Asset Management Group,Harris Asset Management Group,5314 Elm Rd,Los Angeles,CA,90001
3682,MEMBER_CHANGE,Hilliard Lyons,hilliard_lyons,True,Sandra,Wright,White Family Wealth Group,White Family Wealth Group,7061 Hill Court,Phoenix,AZ,85001
3683,MERGE_SURVIVOR,Harborview Private Wealth,harborview,False,Jessica,Lee,Lee Capital Partners,Lee Capital Partners,6116 Monroe Rd,New York,NY,10022
3684,MEMBER_CHANGE,Stifel Nicolaus & Company,stifel_nicolaus,True,Nancy,Diaz,Lee Family Wealth Group,Lee Family Wealth Group,4556 Market Court,Dallas,TX,75201
3685,MEMBER_CHANGE,Wells Fargo Advisors,wells_fargo,True,Robert,Roberts,Huang Family Wealth Group,Huang Family Wealth Group,9438 Jefferson Way,Charlotte,NC,28201
3686,MEMBER_CHANGE,Cambridge Investment Research,cambridge_inv,True,Susan,Huang,Thompson Family Wealth Group,Thompson Family Wealth Group,6654 Madison Blvd,Jacksonville,FL,32201
3687,MEMBER_CHANGE,Raymond James Financial Services,raymond_james,True,Megan,Patel,Green Wealth Management Group,Green Wealth Management Group,6344 Lincoln Way,St. Louis,MO,63101
3688,MEMBER_CHANGE,Northgate Investment Partners,northgate,False,Jessica,Scott,Campbell Family Office,Campbell Family Office,4748 Highland Ave,San Diego,CA,92101
3689,MEMBER_CHANGE,Hilliard Lyons,hilliard_lyons,True,Lisa,Martin,Allen Portfolio Group,Allen Portfolio Group,8039 Union Blvd,San Diego,CA,92101
3690,MEMBER_CHANGE,Crestwood Family Office,crestwood,False,Mark,Morgan,Martin Capital,Martin Capital,8692 Lincoln Blvd,San Jose,CA,95101
3691,RENAME,Cetera Financial Group,cetera,True,Emily,Evans,Evans & Associates,Evans Investment Group,281 Lincoln Ln,Memphis,TN,38101
3692,SPLIT_PARENT,Merrill Lynch Pierce Fenner & Smith,merrill_lynch,True,Dorothy,Kim,Kim Portfolio Group,Kim Portfolio Group,9658 Madison Blvd,Jacksonville,FL,32201
3693,MEMBER_CHANGE,Highfield Asset Management,highfield,False,Daniel,Baker,Nguyen Wealth Management,Nguyen Wealth Management,9766 Broad Blvd,Pittsburgh,PA,15201
3694,MEMBER_CHANGE,Parkside Wealth Strategies,parkside,False,Ashley,Khan,Patel Asset Management,Patel Asset Management,4162 Park Pl,Boston,MA,02101
3695,MEMBER_CHANGE,Crestwood Family Office,crestwood,False,Anthony,King,Huang Family Office,Huang Family Office,9209 Market Way,Minneapolis,MN,55401
3696,RENAME,Ameriprise Financial Services,ameriprise,True,Amanda,Anderson,Anderson & Associates,Anderson Capital Group,7207 Main Rd,San Antonio,TX,78201
3697,MEMBER_CHANGE,Stifel Nicolaus & Company,stifel_nicolaus,True,Donald,Adams,Campbell Investment Group,Campbell Investment Group,900 Market Rd,St. Louis,MO,63101
3698,MEMBER_CHANGE,Clearwater Capital Group,clearwater,False,Thomas,Huang,Miller Private Wealth,Miller Private Wealth,3379 Broad Court,Jacksonville,FL,32201
3699,MEMBER_CHANGE,Northgate Investment Partners,northgate,False,Barbara,Turner,Garcia Capital,Garcia Capital,2165 Lincoln St,New York,NY,10022
3700,SPLIT_PARENT,Morgan Stanley Wealth Management,morgan_stanley,True,William,Young,Young Wealth Partners,Young Wealth Partners,913 Church Way,Memphis,TN,38101
3701,MEMBER_CHANGE,Raymond James Financial Services,raymond_james,True,Mark,Yang,Reyes Family Wealth Group,Reyes Family Wealth Group,1203 River Dr,Los Angeles,CA,90001
3702,MEMBER_CHANGE,Meridian Private Wealth,meridian_pw,False,Sandra,Allen,Reyes Wealth Management,Reyes Wealth Management,1258 Park Rd,San Antonio,TX,78201
3703,RENAME,Morgan Stanley Wealth Management,morgan_stanley,True,Anthony,Campbell,Campbell Private Wealth Group,Campbell Portfolio Group,8221 Spring Blvd,Tampa,FL,33601
3704,MEMBER_CHANGE,Commonwealth Financial Network,commonwealth,True,Christopher,Rivera,Williams Portfolio Group,Williams Portfolio Group,8949 Madison Pl,Las Vegas,NV,89101
3705,MERGE_TARGET,Janney Montgomery Scott,janney,True,Christopher,Stewart,Stewart Institutional Group,Stewart Institutional Group,2318 River St,Oklahoma City,OK,73101
3706,RENAME,Woodbury Financial Services,woodbury,True,Charles,Brown,Brown Asset Management Group,Brown Wealth Advisors,3092 Lake Pl,Columbus,OH,43201
3707,MEMBER_CHANGE,Morgan Stanley Wealth Management,morgan_stanley,True,Linda,Lee,Kim Financial Group,Kim Financial Group,7089 Madison Pkwy,Philadelphia,PA,19101
3708,RENAME,Woodbury Financial Services,woodbury,True,Steven,Carter,Carter & Associates,Carter Portfolio Group,6664 Elm Pkwy,Tampa,FL,33601
3709,RENAME,Parkside Wealth Strategies,parkside,False,Robert,Diaz,Diaz Investment Partners,Diaz Private Wealth,6691 Central Blvd,New York,NY,10001
3710,MEMBER_CHANGE,Merrill Lynch Pierce Fenner & Smith,merrill_lynch,True,Joseph,Lee,Parker Capital Group,Parker Capital Group,4130 Church St,Atlanta,GA,30301
3711,SPLIT_PARENT,Woodbury Financial Services,woodbury,True,Margaret,Flores,Flores Private Wealth Group,Flores Private Wealth Group,8721 Madison Pkwy,Oklahoma City,OK,73101
3712,MEMBER_CHANGE,Commonwealth Financial Network,commonwealth,True,Anthony,Davis,Morris Institutional Group,Morris Institutional Group,4857 Main Rd,Charlotte,NC,28201
3713,MEMBER_CHANGE,Summit Peak Advisors,summit_peak,False,John,Flores,Hall Investment Partners,Hall Investment Partners,2074 Liberty Blvd,Nashville,TN,37201
3714,MEMBER_CHANGE,Stifel Nicolaus & Company,stifel_nicolaus,True,Daniel,Green,Parker Advisory Group,Parker Advisory Group,7999 Union Pkwy,Nashville,TN,37201
3715,MEMBER_CHANGE,Meridian Private Wealth,meridian_pw,False,Rachel,Green,Miller Partners,Miller Partners,949 Commerce Way,Minneapolis,MN,55401
3716,MEMBER_CHANGE,Edward Jones,edward_jones,True,Anthony,Diaz,Jones Financial Group,Jones Financial Group,5828 Oak Dr,Baltimore,MD,21201
3717,MEMBER_CHANGE,Merrill Lynch Pierce Fenner & Smith,merrill_lynch,True,Linda,Wright,Morris Institutional Group,Morris Institutional Group,3038 Oak Blvd,Oklahoma City,OK,73101
3718,MEMBER_CHANGE,Clearwater Capital Group,clearwater,False,Paul,Harris,Stewart Wealth Management,Stewart Wealth Management,9891 Adams Ave,Pittsburgh,PA,15201
3719,MEMBER_CHANGE,Edward Jones,edward_jones,True,David,Khan,Baker Advisory Group,Baker Advisory Group,3540 Jefferson St,Jacksonville,FL,32201
3720,RENAME,Janney Montgomery Scott,janney,True,Daniel,Khan,Khan & Associates,Khan Wealth Partners,5187 Hill Way,Seattle,WA,98101
3721,MEMBER_CHANGE,Securities America,securities_america,True,Thomas,Adams,Smith Wealth Partners,Smith Wealth Partners,8183 Madison St,Atlanta,GA,30301
3722,MEMBER_CHANGE,Crestwood Family Office,crestwood,False,Anthony,Green,Flores Capital,Flores Capital,3794 Spring Ave,New York,NY,10001
3723,MEMBER_CHANGE,Harborview Private Wealth,harborview,False,Joseph,Taylor,Flores Private Wealth,Flores Private Wealth,1348 Monroe Pkwy,Houston,TX,77001
3724,RENAME,Summit Peak Advisors,summit_peak,False,Patricia,Turner,Turner & Roberts Advisors,Turner Partners,9231 Monroe Pl,Phoenix,AZ,85001
3725,MEMBER_CHANGE,Commonwealth Financial Network,commonwealth,True,Patricia,Khan,Parker Investment Group,Parker Investment Group,8918 Highland Pl,Phoenix,AZ,85001
3726,MEMBER_CHANGE,Robert W. Baird & Co.,rwbaird,True,Thomas,Evans,Nguyen Advisory Group,Nguyen Advisory Group,4290 Oak Pkwy,Houston,TX,77001
3727,MEMBER_CHANGE,Securities America,securities_america,True,Richard,Evans,Rivera Wealth Management Group,Rivera Wealth Management Group,5741 Willow Court,Phoenix,AZ,85001
3728,MEMBER_CHANGE,Crestwood Family Office,crestwood,False,Joseph,Moore,King Capital Partners,King Capital Partners,4369 Hill Pkwy,Memphis,TN,38101
3729,RENAME,Ridgeway Wealth Management,ridgeway,False,Karen,Harris,Harris & Phillips Partners,Harris Wealth Management,2016 Lincoln St,Minneapolis,MN,55401
3730,MEMBER_CHANGE,Clearwater Capital Group,clearwater,False,Emily,Wright,Smith Partners,Smith Partners,4770 Main Pkwy,Charlotte,NC,28201
3731,SPLIT_PARENT,Highfield Asset Management,highfield,False,James,Collins,Collins Investment Partners,Collins Investment Partners,5325 River Ave,Tampa,FL,33601
3732,MEMBER_CHANGE,Robert W. Baird & Co.,rwbaird,True,Megan,Thompson,Morris Advisory Group,Morris Advisory Group,9999 Liberty Court,Dallas,TX,75201
3733,RENAME,LPL Financial,lpl_financial,True,David,Khan,Khan & Jones Partners,Khan Wealth Advisors,495 Union Dr,Pittsburgh,PA,15201
3734,MEMBER_CHANGE,DA Davidson & Co.,da_davidson,True,Richard,Baker,Morgan Investment Group,Morgan Investment Group,753 Lake Court,Louisville,KY,40201
3735,MEMBER_CHANGE,Parkside Wealth Strategies,parkside,False,Charles,Harris,Carter Family Office,Carter Family Office,4666 Church St,Atlanta,GA,30301
3736,MEMBER_CHANGE,Securities America,securities_america,True,Sarah,Collins,Smith Investment Group,Smith Investment Group,6518 Spring Blvd,St. Louis,MO,63101
3737,RENAME,Harborview Private Wealth,harborview,False,Jennifer,Garcia,Garcia Investment Partners,Garcia Family Office,4728 Liberty Ln,St. Louis,MO,63101
3738,MEMBER_CHANGE,Edward Jones,edward_jones,True,Rachel,Hill,Reyes Advisory Group,Reyes Advisory Group,5712 Adams Ln,San Diego,CA,92101
3739,MEMBER_CHANGE,Edward Jones,edward_jones,True,Dorothy,Zhang,Kim Advisory Group,Kim Advisory Group,7774 River Rd,New York,NY,10022
3740,MEMBER_CHANGE,Cambridge Investment Research,cambridge_inv,True,Dorothy,Turner,Yang Wealth Management Group,Yang Wealth Management Group,7177 Commerce St,Miami,FL,33101
3741,MERGE_TARGET,Crestwood Family Office,crestwood,False,Megan,Carter,Carter Capital Partners,Carter Capital Partners,797 Broad Blvd,Los Angeles,CA,90001
3742,MERGE_TARGET,Ridgeway Wealth Management,ridgeway,False,Joseph,Phillips,Phillips Wealth Management,Phillips Wealth Management,1618 Central Rd,Columbus,OH,43201
3743,MEMBER_CHANGE,Merrill Lynch Pierce Fenner & Smith,merrill_lynch,True,Betty,Edwards,Thomas Institutional Group,Thomas Institutional Group,2479 Lincoln Ln,Philadelphia,PA,19101
3744,MEMBER_CHANGE,Wells Fargo Advisors,wells_fargo,True,Christopher,Davis,Mitchell Wealth Partners,Mitchell Wealth Partners,9169 Spring Court,Chicago,IL,60601
3745,RENAME,Oppenheimer & Co.,oppenheimer,True,Christopher,Khan,Khan Wealth Management Group,Khan Asset Management Group,4048 Washington Ave,San Antonio,TX,78201
3746,MEMBER_CHANGE,Woodbury Financial Services,woodbury,True,Sandra,Hall,Williams Wealth Partners,Williams Wealth Partners,7551 Union Blvd,Dallas,TX,75201
3747,SPLIT_PARENT,Morgan Stanley Wealth Management,morgan_stanley,True,Sarah,White,White Portfolio Group,White Portfolio Group,7806 Union St,Raleigh,NC,27601
3748,SPLIT_PARENT,Commonwealth Financial Network,commonwealth,True,Paul,Torres,Torres Family Wealth Group,Torres Family Wealth Group,4663 River Way,Chicago,IL,60601
3749,MERGE_SURVIVOR,Meridian Private Wealth,meridian_pw,False,Jessica,Cruz,Cruz Capital,Cruz Capital,3322 Maple Way,Houston,TX,77001
3750,MEMBER_CHANGE,Janney Montgomery Scott,janney,True,Charles,Moore,Stewart Private Wealth Group,Stewart Private Wealth Group,9476 Spring Dr,Portland,OR,97201
3751,RENAME,Robert W. Baird & Co.,rwbaird,True,Margaret,Liu,Liu & Associates,Liu Financial Group,6448 Madison Blvd,Baltimore,MD,21201
3752,MEMBER_CHANGE,LPL Financial,lpl_financial,True,Sarah,Thomas,King Family Wealth Group,King Family Wealth Group,9540 Lincoln St,Louisville,KY,40201
3753,MEMBER_CHANGE,Stifel Nicolaus & Company,stifel_nicolaus,True,Andrew,Phillips,Wilson Family Wealth Group,Wilson Family Wealth Group,6397 Maple Court,Denver,CO,80201
3754,MEMBER_CHANGE,Morgan Stanley Wealth Management,morgan_stanley,True,Megan,Moore,Torres Financial Group,Torres Financial Group,9201 Jefferson St,Fort Worth,TX,76101
3755,MEMBER_CHANGE,Parkside Wealth Strategies,parkside,False,Sarah,Hall,Campbell Family Office,Campbell Family Office,893 Spring St,Memphis,TN,38101
3756,MEMBER_CHANGE,Stifel Nicolaus & Company,stifel_nicolaus,True,Barbara,Anderson,Hill Asset Management Group,Hill Asset Management Group,4010 Madison St,Louisville,KY,40201
3757,MEMBER_CHANGE,UBS Financial Services,ubs,True,Ashley,Diaz,Reyes Wealth Advisors,Reyes Wealth Advisors,1537 Church Ln,San Francisco,CA,94101
3758,MEMBER_CHANGE,Clearwater Capital Group,clearwater,False,Megan,King,Evans Asset Management,Evans Asset Management,9729 Cedar St,Fort Worth,TX,76101
3759,RENAME,National Planning Holdings,nph,True,Robert,Gomez,Gomez Advisory Group,Gomez Private Wealth Group,2801 Oak Dr,New York,NY,10022
3760,SPLIT_PARENT,Raymond James Financial Services,raymond_james,True,Karen,Wilson,Wilson Wealth Management Group,Wilson Wealth Management Group,4397 Spring Blvd,Jacksonville,FL,32201
3761,MEMBER_CHANGE,Northgate Investment Partners,northgate,False,Robert,Taylor,Morris Private Wealth,Morris Private Wealth,9413 Jefferson Pkwy,Louisville,KY,40201
3762,MEMBER_CHANGE,Stifel Nicolaus & Company,stifel_nicolaus,True,Michael,Yang,Roberts Institutional Group,Roberts Institutional Group,3158 Lincoln St,Chicago,IL,60601
3763,MEMBER_CHANGE,Woodbury Financial Services,woodbury,True,Karen,Adams,Green Wealth Management Group,Green Wealth Management Group,2279 Jefferson Pl,Minneapolis,MN,55401
3764,MEMBER_CHANGE,Parkside Wealth Strategies,parkside,False,Kenneth,Wright,Parker Private Wealth,Parker Private Wealth,4323 Hill Pkwy,San Diego,CA,92101
3765,MEMBER_CHANGE,UBS Financial Services,ubs,True,Margaret,Garcia,Young Family Wealth Group,Young Family Wealth Group,9223 Broad Rd,Seattle,WA,98101
3766,MERGE_SURVIVOR,Parkside Wealth Strategies,parkside,False,Jennifer,White,White Asset Management,White Asset Management,1583 Cedar Court,New York,NY,10022
3767,MEMBER_CHANGE,Kingsbridge Capital Advisors,kingsbridge,False,Margaret,Miller,Davis Asset Management,Davis Asset Management,9852 Lincoln Pl,Washington,DC,20001
3768,MEMBER_CHANGE,Cambridge Investment Research,cambridge_inv,True,Daniel,Young,Young Wealth Partners,Young Wealth Partners,5509 Lincoln Ln,San Jose,CA,95101
3769,MEMBER_CHANGE,Meridian Private Wealth,meridian_pw,False,Anthony,Campbell,Phillips Private Wealth,Phillips Private Wealth,2547 Cedar Way,Richmond,VA,23219
3770,MEMBER_CHANGE,Commonwealth Financial Network,commonwealth,True,Patricia,Nelson,King Family Wealth Group,King Family Wealth Group,6774 Lincoln St,Charlotte,NC,28201
3771,MEMBER_CHANGE,Summit Peak Advisors,summit_peak,False,Thomas,Adams,Miller Family Office,Miller Family Office,2386 River Court,Milwaukee,WI,53201
3772,MEMBER_CHANGE,Morgan Stanley Wealth Management,morgan_stanley,True,James,Cruz,Smith Wealth Partners,Smith Wealth Partners,7454 Church Blvd,Baltimore,MD,21201
3773,MEMBER_CHANGE,Highfield Asset Management,highfield,False,Patricia,Moore,Johnson Capital,Johnson Capital,3323 Willow Ave,Louisville,KY,40201
3774,MEMBER_CHANGE,Cambridge Investment Research,cambridge_inv,True,Emily,Flores,Johnson Private Wealth Group,Johnson Private Wealth Group,6235 Park St,Houston,TX,77001
3775,MERGE_SURVIVOR,Ameriprise Financial Services,ameriprise,True,Mark,Cruz,Cruz Family Wealth Group,Cruz Family Wealth Group,1577 Madison Way,Philadelphia,PA,19101
3776,MEMBER_CHANGE,Oppenheimer & Co.,oppenheimer,True,Mark,Rivera,Brown Capital Group,Brown Capital Group,8727 Jefferson Pkwy,Chicago,IL,60601
3777,MERGE_TARGET,Hilliard Lyons,hilliard_lyons,True,Thomas,Anderson,Anderson Wealth Partners,Anderson Wealth Partners,5051 Maple Dr,Charlotte,NC,28201
3778,MEMBER_CHANGE,National Planning Holdings,nph,True,Joseph,Morris,Allen Financial Group,Allen Financial Group,9392 Hill St,Las Vegas,NV,89101
3779,SPLIT_PARENT,Robert W. Baird & Co.,rwbaird,True,Karen,Jackson,Jackson Private Wealth Group,Jackson Private Wealth Group,5340 Liberty Way,Pittsburgh,PA,15201
3780,SPLIT_PARENT,UBS Financial Services,ubs,True,Sarah,Reyes,Reyes Financial Group,Reyes Financial Group,2117 Highland Ave,Cleveland,OH,44101
3781,MEMBER_CHANGE,Kingsbridge Capital Advisors,kingsbridge,False,Sarah,Chen,Mitchell Family Office,Mitchell Family Office,7222 Adams Rd,Memphis,TN,38101
3782,MEMBER_CHANGE,National Planning Holdings,nph,True,Jessica,Gomez,Green Capital Group,Green Capital Group,6462 Cedar Court,Charlotte,NC,28201
3783,MEMBER_CHANGE,Edward Jones,edward_jones,True,Robert,Roberts,Collins Portfolio Group,Collins Portfolio Group,8208 Hill Court,Kansas City,MO,64101
3784,MERGE_TARGET,DA Davidson & Co.,da_davidson,True,Helen,Smith,Smith Capital Group,Smith Capital Group,7779 Oak Blvd,Charlotte,NC,28201
3785,RENAME,Crestwood Family Office,crestwood,False,Patricia,Zhang,Zhang & Associates,Zhang Capital Partners,1553 Central Rd,Charlotte,NC,28201
3786,MEMBER_CHANGE,Meridian Private Wealth,meridian_pw,False,Lisa,Rivera,Khan Wealth,Khan Wealth,9335 Washington Blvd,New York,NY,10022
3787,MEMBER_CHANGE,Woodbury Financial Services,woodbury,True,Helen,Roberts,Green Financial Group,Green Financial Group,4063 Park Dr,Dallas,TX,75201
3788,MEMBER_CHANGE,Harborview Private Wealth,harborview,False,Linda,Parker,Edwards Capital Partners,Edwards Capital Partners,3584 Union Blvd,Fort Worth,TX,76101
3789,MEMBER_CHANGE,National Planning Holdings,nph,True,Paul,Williams,Young Wealth Partners,Young Wealth Partners,754 Washington Court,San Diego,CA,92101
3790,MEMBER_CHANGE,Oppenheimer & Co.,oppenheimer,True,Sarah,Roberts,Morris Investment Group,Morris Investment Group,6568 Jefferson Ln,Richmond,VA,23219
3791,SPLIT_PARENT,Meridian Private Wealth,meridian_pw,False,Rachel,Diaz,Diaz Capital,Diaz Capital,4331 Washington Way,Raleigh,NC,27601
3792,MEMBER_CHANGE,Parkside Wealth Strategies,parkside,False,Paul,Baker,Evans Capital,Evans Capital,3767 Adams Court,Oklahoma City,OK,73101
3793,MEMBER_CHANGE,Kingsbridge Capital Advisors,kingsbridge,False,Michael,Jackson,Williams Capital,Williams Capital,4004 Union Blvd,New York,NY,10022
3794,MEMBER_CHANGE,National Planning Holdings,nph,True,Daniel,Rivera,Martin Family Wealth Group,Martin Family Wealth Group,102 Maple Ln,Richmond,VA,23219
3795,MEMBER_CHANGE,Edward Jones,edward_jones,True,Paul,Adams,Morris Investment Group,Morris Investment Group,8558 Hill Rd,San Diego,CA,92101
3796,RENAME,Edward Jones,edward_jones,True,Kenneth,Hall,Hall & Associates,Hall Institutional Group,1256 Broad Pkwy,Cleveland,OH,44101
3797,RENAME,Raymond James Financial Services,raymond_james,True,Megan,Smith,Smith Financial Group,Smith Institutional Group,8017 Spring Pl,Phoenix,AZ,85001
3798,MEMBER_CHANGE,Oppenheimer & Co.,oppenheimer,True,Sarah,Roberts,Edwards Capital Group,Edwards Capital Group,2178 Lincoln St,Atlanta,GA,30301
3799,MEMBER_CHANGE,Oppenheimer & Co.,oppenheimer,True,Linda,King,Roberts Family Wealth Group,Roberts Family Wealth Group,1237 Park Court,Columbus,OH,43201
3800,MEMBER_CHANGE,Wells Fargo Advisors,wells_fargo,True,Dorothy,Moore,Smith Family Wealth Group,Smith Family Wealth Group,6544 River Dr,Fort Worth,TX,76101
3801,MEMBER_CHANGE,Ridgeway Wealth Management,ridgeway,False,Charles,Miller,Anderson Family Office,Anderson Family Office,2566 Elm Way,Atlanta,GA,30301
3802,RENAME,Ameriprise Financial Services,ameriprise,True,Dorothy,Jackson,Jackson & Edwards Advisors,Jackson Advisory Group,1335 Madison Court,Los Angeles,CA,90001
3803,RENAME,DA Davidson & Co.,da_davidson,True,Betty,Kim,Kim Wealth Advisors,Kim Wealth Partners,7933 Main Way,New York,NY,10001
3804,MEMBER_CHANGE,Edward Jones,edward_jones,True,Donald,Phillips,Torres Wealth Management Group,Torres Wealth Management Group,4000 Lincoln St,Oklahoma City,OK,73101
3805,RENAME,Woodbury Financial Services,woodbury,True,Sarah,Taylor,Taylor Advisory Group,Taylor Portfolio Group,8348 River Blvd,Seattle,WA,98101
3806,SPLIT_PARENT,Merrill Lynch Pierce Fenner & Smith,merrill_lynch,True,Robert,Turner,Turner Financial Group,Turner Financial Group,4974 Adams St,San Diego,CA,92101
3807,SPLIT_PARENT,Highfield Asset Management,highfield,False,Linda,Thompson,Thompson Partners,Thompson Partners,7216 Commerce Pl,Miami,FL,33101
3808,RENAME,LPL Financial,lpl_financial,True,Sandra,Nelson,Nelson & Associates,Nelson Asset Management Group,2356 Willow Pkwy,New York,NY,10001
3809,MEMBER_CHANGE,Clearwater Capital Group,clearwater,False,Joseph,Morris,Chen Capital,Chen Capital,325 Oak Dr,Memphis,TN,38101
3810,MEMBER_CHANGE,Edward Jones,edward_jones,True,Charles,Carter,Parker Capital Group,Parker Capital Group,6711 Hill Ln,Houston,TX,77001
3811,MEMBER_CHANGE,Janney Montgomery Scott,janney,True,Mark,Carter,Adams Wealth Partners,Adams Wealth Partners,5261 Broad Way,Pittsburgh,PA,15201
3812,MEMBER_CHANGE,Edward Jones,edward_jones,True,Matthew,Evans,Campbell Advisory Group,Campbell Advisory Group,9718 Liberty Pkwy,Minneapolis,MN,55401
3813,RENAME,Crestwood Family Office,crestwood,False,Emily,Chen,Chen & Associates,Chen Asset Management,4651 Broad Ave,Indianapolis,IN,46201
3814,SPLIT_PARENT,Woodbury Financial Services,woodbury,True,Barbara,Green,Green Wealth Management Group,Green Wealth Management Group,9754 Adams Pkwy,Nashville,TN,37201
3815,MEMBER_CHANGE,Clearwater Capital Group,clearwater,False,Emily,Jackson,Smith Investment Partners,Smith Investment Partners,9884 Liberty Dr,Dallas,TX,75201
3816,SPLIT_PARENT,Clearwater Capital Group,clearwater,False,Margaret,Morgan,Morgan Family Office,Morgan Family Office,4959 Park Blvd,San Diego,CA,92101
3817,MEMBER_CHANGE,Crestwood Family Office,crestwood,False,Mark,Torres,Gomez Investment Partners,Gomez Investment Partners,6342 Cedar Blvd,Philadelphia,PA,19101
3818,MEMBER_CHANGE,LPL Financial,lpl_financial,True,Robert,Wang,Gomez Family Wealth Group,Gomez Family Wealth Group,8843 Church Ave,Philadelphia,PA,19101
3819,MEMBER_CHANGE,Oppenheimer & Co.,oppenheimer,True,Richard,Rivera,Young Wealth Advisors,Young Wealth Advisors,5661 Lake Rd,New York,NY,10022
3820,MEMBER_CHANGE,Morgan Stanley Wealth Management,morgan_stanley,True,Richard,Garcia,Anderson Institutional Group,Anderson Institutional Group,7479 Madison Blvd,San Diego,CA,92101
3821,MERGE_TARGET,Parkside Wealth Strategies,parkside,False,Matthew,Lee,Lee Wealth Management,Lee Wealth Management,8800 Liberty Rd,Minneapolis,MN,55401
3822,RENAME,Janney Montgomery Scott,janney,True,Daniel,Lee,Lee Wealth Partners,Lee Institutional Group,2747 Spring Ln,Kansas City,MO,64101
3823,MEMBER_CHANGE,Crestwood Family Office,crestwood,False,Mark,Collins,Edwards Capital Partners,Edwards Capital Partners,1152 Market Court,Cleveland,OH,44101
3824,RENAME,Raymond James Financial Services,raymond_james,True,Thomas,Jackson,Jackson & Garcia Advisors,Jackson Financial Group,8715 Church Court,Raleigh,NC,27601
3825,MEMBER_CHANGE,UBS Financial Services,ubs,True,Richard,Green,Parker Wealth Advisors,Parker Wealth Advisors,4853 Maple Ln,Cleveland,OH,44101
3826,MEMBER_CHANGE,UBS Financial Services,ubs,True,Thomas,Wilson,Edwards Private Wealth Group,Edwards Private Wealth Group,3375 Liberty Rd,Portland,OR,97201
3827,RENAME,Kingsbridge Capital Advisors,kingsbridge,False,Karen,Hill,Hill Advisors,Hill Investment Partners,7760 Adams Pkwy,St. Louis,MO,63101
3828,RENAME,Securities America,securities_america,True,Paul,Hill,Hill Financial Group,Hill Wealth Management Group,5417 Market Ln,Atlanta,GA,30301
3829,RENAME,Woodbury Financial Services,woodbury,True,Paul,Roberts,Roberts & Reyes Advisors,Roberts Asset Management Group,3258 Union Court,Charlotte,NC,28201
3830,RENAME,Morgan Stanley Wealth Management,morgan_stanley,True,Amanda,Zhang,Zhang Private Wealth Group,Zhang Financial Group,2625 Park Ln,San Antonio,TX,78201
3831,MEMBER_CHANGE,UBS Financial Services,ubs,True,Sandra,Nguyen,Brown Portfolio Group,Brown Portfolio Group,2405 Madison Ave,Las Vegas,NV,89101
3832,RENAME,DA Davidson & Co.,da_davidson,True,Thomas,Smith,Smith & Thomas Partners,Smith Private Wealth Group,6959 Spring Pl,Nashville,TN,37201
3833,MEMBER_CHANGE,Crestwood Family Office,crestwood,False,Linda,Wilson,Cruz Asset Management,Cruz Asset Management,6757 Hill Pl,Minneapolis,MN,55401
3834,MEMBER_CHANGE,Ridgeway Wealth Management,ridgeway,False,William,Green,Hill Private Wealth,Hill Private Wealth,5470 Monroe Pl,Minneapolis,MN,55401
3835,MEMBER_CHANGE,Hilliard Lyons,hilliard_lyons,True,Michael,Lee,Anderson Wealth Partners,Anderson Wealth Partners,7804 Madison Rd,New York,NY,10001
3836,MEMBER_CHANGE,Morgan Stanley Wealth Management,morgan_stanley,True,James,Jones,Nguyen Wealth Advisors,Nguyen Wealth Advisors,7413 Spring Court,Baltimore,MD,21201
3837,SPLIT_PARENT,Summit Peak Advisors,summit_peak,False,Susan,Zhang,Zhang Capital,Zhang Capital,4870 Union St,Washington,DC,20001
3838,MEMBER_CHANGE,Merrill Lynch Pierce Fenner & Smith,merrill_lynch,True,Karen,Morris,Nguyen Capital Group,Nguyen Capital Group,4283 Spring Ave,Dallas,TX,75201
3839,MEMBER_CHANGE,LPL Financial,lpl_financial,True,Steven,Khan,Huang Wealth Partners,Huang Wealth Partners,4360 Maple Court,Pittsburgh,PA,15201
3840,MEMBER_CHANGE,Woodbury Financial Services,woodbury,True,Mark,Garcia,Kim Wealth Partners,Kim Wealth Partners,180 Elm Dr,Jacksonville,FL,32201
3841,RENAME,Cambridge Investment Research,cambridge_inv,True,Margaret,Wang,Wang Wealth Partners,Wang Wealth Advisors,7076 Main Court,Columbus,OH,43201
3842,MEMBER_CHANGE,Clearwater Capital Group,clearwater,False,James,Parker,Lee Capital Partners,Lee Capital Partners,786 Adams Ave,Atlanta,GA,30301
3843,MEMBER_CHANGE,Morgan Stanley Wealth Management,morgan_stanley,True,Nancy,Hall,Flores Advisory Group,Flores Advisory Group,846 Broad Rd,San Francisco,CA,94101
3844,MEMBER_CHANGE,Raymond James Financial Services,raymond_james,True,Helen,Khan,Rivera Institutional Group,Rivera Institutional Group,6837 Oak Blvd,Los Angeles,CA,90001
3845,RENAME,Summit Peak Advisors,summit_peak,False,Jennifer,Reyes,Reyes & Roberts Partners,Reyes Partners,8956 Broad Court,Columbus,OH,43201
3846,SPLIT_PARENT,Morgan Stanley Wealth Management,morgan_stanley,True,Megan,Morgan,Morgan Wealth Partners,Morgan Wealth Partners,1233 Park Rd,Pittsburgh,PA,15201
3847,RENAME,Morgan Stanley Wealth Management,morgan_stanley,True,Rachel,Morgan,Morgan & Associates,Morgan Asset Management Group,1184 Broad Way,St. Louis,MO,63101
3848,MEMBER_CHANGE,Commonwealth Financial Network,commonwealth,True,Linda,Morgan,Liu Financial Group,Liu Financial Group,2310 Hill Pl,Dallas,TX,75201
3849,MEMBER_CHANGE,Securities America,securities_america,True,Kenneth,Wilson,Davis Advisory Group,Davis Advisory Group,6040 Lincoln Pkwy,San Francisco,CA,94101
3850,MEMBER_CHANGE,Cambridge Investment Research,cambridge_inv,True,Charles,Thomas,Allen Capital Group,Allen Capital Group,792 Jefferson Dr,Washington,DC,20001
3851,MEMBER_CHANGE,Northgate Investment Partners,northgate,False,Mark,Baker,Morris Capital Partners,Morris Capital Partners,5001 Market St,Portland,OR,97201
3852,MEMBER_CHANGE,Oppenheimer & Co.,oppenheimer,True,Karen,Thomas,Turner Institutional Group,Turner Institutional Group,3749 Highland Rd,New York,NY,10022
3853,MEMBER_CHANGE,Highfield Asset Management,highfield,False,Michael,Reyes,Gomez Asset Management,Gomez Asset Management,839 Elm Ln,New York,NY,10001
3854,MEMBER_CHANGE,LPL Financial,lpl_financial,True,William,Zhang,Martin Wealth Partners,Martin Wealth Partners,2510 Church St,Columbus,OH,43201
3855,MEMBER_CHANGE,Merrill Lynch Pierce Fenner & Smith,merrill_lynch,True,Karen,Miller,Wang Wealth Advisors,Wang Wealth Advisors,9938 Monroe Blvd,Oklahoma City,OK,73101
3856,RENAME,Cambridge Investment Research,cambridge_inv,True,Paul,Evans,Evans & Associates,Evans Wealth Management Group,7778 Park Rd,Dallas,TX,75201
3857,MEMBER_CHANGE,UBS Financial Services,ubs,True,Margaret,Hall,Miller Portfolio Group,Miller Portfolio Group,7309 Union Way,Raleigh,NC,27601
3858,MEMBER_CHANGE,Janney Montgomery Scott,janney,True,Nancy,Green,Green Financial Group,Green Financial Group,6040 Broad Pl,San Antonio,TX,78201
3859,MEMBER_CHANGE,Ridgeway Wealth Management,ridgeway,False,William,Parker,Jones Asset Management,Jones Asset Management,7069 Adams Rd,Cleveland,OH,44101
3860,MEMBER_CHANGE,Crestwood Family Office,crestwood,False,William,Cruz,Thomas Partners,Thomas Partners,8306 Market Blvd,St. Louis,MO,63101
3861,RENAME,Oppenheimer & Co.,oppenheimer,True,Susan,Huang,Huang Wealth Advisors,Huang Asset Management Group,8526 Hill Ave,Portland,OR,97201
3862,MEMBER_CHANGE,Cetera Financial Group,cetera,True,Helen,Johnson,Harris Institutional Group,Harris Institutional Group,3700 Washington Ln,New York,NY,10022
3863,MEMBER_CHANGE,Crestwood Family Office,crestwood,False,Emily,Jones,Reyes Asset Management,Reyes Asset Management,6272 Liberty Pkwy,San Francisco,CA,94101
3864,MEMBER_CHANGE,LPL Financial,lpl_financial,True,Jessica,Morgan,Flores Financial Group,Flores Financial Group,4892 Market Dr,Philadelphia,PA,19101
3865,MEMBER_CHANGE,Meridian Private Wealth,meridian_pw,False,Emily,Thompson,Thomas Partners,Thomas Partners,6390 Lincoln Blvd,Pittsburgh,PA,15201
3866,MEMBER_CHANGE,Edward Jones,edward_jones,True,Nancy,Thomas,Torres Private Wealth Group,Torres Private Wealth Group,8777 Monroe Ave,Kansas City,MO,64101
3867,RENAME,Securities America,securities_america,True,Barbara,Moore,Moore Family Wealth Group,Moore Wealth Partners,2503 Lincoln Pl,Oklahoma City,OK,73101
3868,RENAME,National Planning Holdings,nph,True,Kenneth,Flores,Flores & Associates,Flores Portfolio Group,9090 Highland St,Baltimore,MD,21201
3869,MEMBER_CHANGE,Parkside Wealth Strategies,parkside,False,Amanda,Liu,Harris Capital,Harris Capital,7639 Adams Blvd,Columbus,OH,43201
3870,MEMBER_CHANGE,Kingsbridge Capital Advisors,kingsbridge,False,Donald,Moore,Davis Capital Partners,Davis Capital Partners,8334 Highland St,Dallas,TX,75201
3871,SPLIT_PARENT,Highfield Asset Management,highfield,False,Christopher,White,White Capital Partners,White Capital Partners,9491 Oak St,Milwaukee,WI,53201
3872,MEMBER_CHANGE,Oppenheimer & Co.,oppenheimer,True,Robert,Martin,Huang Family Wealth Group,Huang Family Wealth Group,8982 Church Way,Chicago,IL,60601
3873,MEMBER_CHANGE,Ridgeway Wealth Management,ridgeway,False,Nancy,Moore,Thompson Capital Partners,Thompson Capital Partners,7417 Highland Pl,Indianapolis,IN,46201
3874,MEMBER_CHANGE,Merrill Lynch Pierce Fenner & Smith,merrill_lynch,True,Helen,Gomez,Flores Financial Group,Flores Financial Group,5243 Spring Dr,Pittsburgh,PA,15201
3875,MEMBER_CHANGE,Cambridge Investment Research,cambridge_inv,True,Matthew,Torres,Lee Wealth Advisors,Lee Wealth Advisors,8960 Broad St,Atlanta,GA,30301
3876,MEMBER_CHANGE,Crestwood Family Office,crestwood,False,Andrew,Miller,Nelson Asset Management,Nelson Asset Management,1186 Willow Pkwy,Houston,TX,77001
3877,MEMBER_CHANGE,Oppenheimer & Co.,oppenheimer,True,Jessica,Garcia,Phillips Wealth Management Group,Phillips Wealth Management Group,9239 Highland Rd,Louisville,KY,40201
3878,MEMBER_CHANGE,Cambridge Investment Research,cambridge_inv,True,Jennifer,Stewart,Morris Family Wealth Group,Morris Family Wealth Group,6499 Washington Ln,Boston,MA,02101
3879,MEMBER_CHANGE,Edward Jones,edward_jones,True,Emily,Nguyen,Martin Wealth Advisors,Martin Wealth Advisors,8484 Jefferson Ln,Fort Worth,TX,76101
3880,RENAME,Cambridge Investment Research,cambridge_inv,True,John,Huang,Huang Wealth Advisors,Huang Investment Group,376 Union Way,Memphis,TN,38101
3881,SPLIT_PARENT,Merrill Lynch Pierce Fenner & Smith,merrill_lynch,True,Charles,Harris,Harris Portfolio Group,Harris Portfolio Group,6639 Union Ave,Austin,TX,78701
3882,RENAME,Wells Fargo Advisors,wells_fargo,True,Megan,Johnson,Johnson Portfolio Group,Johnson Institutional Group,5567 Adams Ave,Boston,MA,02101
3883,RENAME,Highfield Asset Management,highfield,False,Jessica,Miller,Miller & Thomas Advisors,Miller Capital,9390 Church Court,Cleveland,OH,44101
3884,RENAME,Kingsbridge Capital Advisors,kingsbridge,False,Nancy,Zhang,Zhang & Jackson Group,Zhang Wealth,8468 Monroe Blvd,New York,NY,10022
3885,MEMBER_CHANGE,Kingsbridge Capital Advisors,kingsbridge,False,Mark,Campbell,Smith Family Office,Smith Family Office,6457 Liberty Pkwy,Los Angeles,CA,90001
3886,MEMBER_CHANGE,Meridian Private Wealth,meridian_pw,False,John,Adams,Brown Capital Partners,Brown Capital Partners,9703 Elm Dr,Raleigh,NC,27601
3887,MERGE_SURVIVOR,Northgate Investment Partners,northgate,False,Charles,Gomez,Gomez Asset Management,Gomez Asset Management,2458 Lincoln Court,St. Louis,MO,63101
3888,RENAME,Highfield Asset Management,highfield,False,Mark,White,White & Associates,White Investment Partners,8478 Union Ln,Denver,CO,80201
3889,MEMBER_CHANGE,Woodbury Financial Services,woodbury,True,Andrew,Anderson,Wang Wealth Management Group,Wang Wealth Management Group,4074 Liberty Pl,Los Angeles,CA,90001
3890,MEMBER_CHANGE,Cetera Financial Group,cetera,True,Linda,Nelson,King Financial Group,King Financial Group,8472 Broad Ln,Cleveland,OH,44101
3891,MEMBER_CHANGE,Summit Peak Advisors,summit_peak,False,Sarah,Carter,Thomas Private Wealth,Thomas Private Wealth,5905 Liberty Way,New York,NY,10001
3892,SPLIT_PARENT,Summit Peak Advisors,summit_peak,False,Linda,Adams,Adams Advisors,Adams Advisors,1763 Monroe Blvd,Fort Worth,TX,76101
3893,SPLIT_PARENT,Wells Fargo Advisors,wells_fargo,True,Sarah,Wright,Wright Capital Group,Wright Capital Group,799 Union Pl,Atlanta,GA,30301
3894,RENAME,Ridgeway Wealth Management,ridgeway,False,Robert,Scott,Scott & Associates,Scott Capital,1633 Market Way,Richmond,VA,23219
3895,MEMBER_CHANGE,Woodbury Financial Services,woodbury,True,Mark,Johnson,Campbell Wealth Partners,Campbell Wealth Partners,4690 Hill St,Denver,CO,80201
3896,SPLIT_PARENT,Hilliard Lyons,hilliard_lyons,True,Barbara,Mitchell,Mitchell Advisory Group,Mitchell Advisory Group,1814 Maple Rd,Houston,TX,77001
3897,MEMBER_CHANGE,Janney Montgomery Scott,janney,True,Sarah,Thompson,Brown Institutional Group,Brown Institutional Group,1777 Monroe Blvd,Columbus,OH,43201
3898,MEMBER_CHANGE,Kingsbridge Capital Advisors,kingsbridge,False,David,Rivera,Zhang Partners,Zhang Partners,3351 Lincoln Court,Atlanta,GA,30301
3899,MEMBER_CHANGE,Wells Fargo Advisors,wells_fargo,True,Michael,Young,Turner Asset Management Group,Turner Asset Management Group,8846 Broad Ave,Los Angeles,CA,90001
3900,RENAME,National Planning Holdings,nph,True,Ashley,Liu,Liu & Associates,Liu Financial Group,7413 Central St,Dallas,TX,75201
3901,MEMBER_CHANGE,Stifel Nicolaus & Company,stifel_nicolaus,True,Matthew,Martin,Khan Institutional Group,Khan Institutional Group,4474 Willow Ln,Miami,FL,33101
3902,MEMBER_CHANGE,Janney Montgomery Scott,janney,True,Charles,Young,Flores Financial Group,Flores Financial Group,9512 River St,Columbus,OH,43201
3903,MEMBER_CHANGE,Clearwater Capital Group,clearwater,False,Steven,Davis,Reyes Family Office,Reyes Family Office,4985 Main Ave,Milwaukee,WI,53201
3904,MEMBER_CHANGE,Edward Jones,edward_jones,True,William,Moore,Evans Capital Group,Evans Capital Group,7960 Park Way,Miami,FL,33101
3905,SPLIT_PARENT,Ridgeway Wealth Management,ridgeway,False,Anthony,Huang,Huang Wealth,Huang Wealth,5917 Highland Way,Louisville,KY,40201
3906,RENAME,Ameriprise Financial Services,ameriprise,True,Christopher,Phillips,Phillips Asset Management Group,Phillips Family Wealth Group,2513 Union Way,Columbus,OH,43201
3907,SPLIT_PARENT,Wells Fargo Advisors,wells_fargo,True,Barbara,Hill,Hill Wealth Advisors,Hill Wealth Advisors,3514 Liberty St,San Diego,CA,92101
3908,SPLIT_PARENT,National Planning Holdings,nph,True,David,Wright,Wright Wealth Advisors,Wright Wealth Advisors,6134 Liberty Rd,San Jose,CA,95101
3909,MEMBER_CHANGE,Clearwater Capital Group,clearwater,False,Emily,Nguyen,White Capital,White Capital,5016 Maple Ln,Louisville,KY,40201
3910,RENAME,Merrill Lynch Pierce Fenner & Smith,merrill_lynch,True,Helen,Scott,Scott Investment Group,Scott Institutional Group,4266 Central Dr,Pittsburgh,PA,15201
3911,MEMBER_CHANGE,Cetera Financial Group,cetera,True,John,Liu,Johnson Financial Group,Johnson Financial Group,3496 River Rd,Las Vegas,NV,89101
3912,MEMBER_CHANGE,Meridian Private Wealth,meridian_pw,False,Donald,Kim,Collins Investment Partners,Collins Investment Partners,6469 Washington Ave,Washington,DC,20001
3913,RENAME,Crestwood Family Office,crestwood,False,Emily,Scott,Scott & Associates,Scott Asset Management,4743 Church Ave,Minneapolis,MN,55401
3914,MEMBER_CHANGE,Robert W. Baird & Co.,rwbaird,True,David,Hill,Davis Asset Management Group,Davis Asset Management Group,1142 Jefferson St,Oklahoma City,OK,73101
3915,MEMBER_CHANGE,Morgan Stanley Wealth Management,morgan_stanley,True,Donald,Thompson,Yang Investment Group,Yang Investment Group,1360 Market Ave,Memphis,TN,38101
3916,MEMBER_CHANGE,National Planning Holdings,nph,True,Thomas,Mitchell,Jones Institutional Group,Jones Institutional Group,4796 Cedar Dr,Denver,CO,80201
3917,MEMBER_CHANGE,Clearwater Capital Group,clearwater,False,Linda,Diaz,Parker Capital Partners,Parker Capital Partners,6434 Liberty St,Pittsburgh,PA,15201
3918,SPLIT_PARENT,Robert W. Baird & Co.,rwbaird,True,Helen,Jackson,Jackson Family Wealth Group,Jackson Family Wealth Group,8076 Jefferson Rd,New York,NY,10022
3919,MEMBER_CHANGE,Crestwood Family Office,crestwood,False,Jessica,Wang,Gomez Capital,Gomez Capital,8882 Lincoln Rd,Charlotte,NC,28201
3920,MEMBER_CHANGE,Edward Jones,edward_jones,True,Charles,Stewart,Khan Investment Group,Khan Investment Group,7059 Church Pl,New York,NY,10022
3921,MEMBER_CHANGE,National Planning Holdings,nph,True,Lisa,Gomez,Nguyen Family Wealth Group,Nguyen Family Wealth Group,3166 Cedar Court,Jacksonville,FL,32201
3922,MEMBER_CHANGE,Cetera Financial Group,cetera,True,William,Patel,Adams Financial Group,Adams Financial Group,2117 Broad Ln,Baltimore,MD,21201
3923,SPLIT_PARENT,Cetera Financial Group,cetera,True,Sandra,Jones,Jones Wealth Management Group,Jones Wealth Management Group,2386 Spring Ln,Charlotte,NC,28201
3924,MEMBER_CHANGE,Robert W. Baird & Co.,rwbaird,True,Mark,Evans,Khan Wealth Management Group,Khan Wealth Management Group,2302 Elm Blvd,Columbus,OH,43201
3925,MEMBER_CHANGE,Robert W. Baird & Co.,rwbaird,True,Ashley,Carter,Gomez Wealth Advisors,Gomez Wealth Advisors,749 Maple Dr,Atlanta,GA,30301
3926,MEMBER_CHANGE,Cetera Financial Group,cetera,True,Emily,Jackson,White Asset Management Group,White Asset Management Group,8099 Willow Pkwy,New York,NY,10022
3927,MEMBER_CHANGE,Wells Fargo Advisors,wells_fargo,True,David,Lee,Huang Financial Group,Huang Financial Group,1282 Spring Blvd,Denver,CO,80201
3928,MEMBER_CHANGE,Robert W. Baird & Co.,rwbaird,True,Ashley,Anderson,Davis Wealth Partners,Davis Wealth Partners,4913 Main Pkwy,San Jose,CA,95101
3929,RENAME,Edward Jones,edward_jones,True,Donald,Morgan,Morgan & Scott Advisors,Morgan Capital Group,1126 Jefferson Rd,Memphis,TN,38101
3930,MEMBER_CHANGE,Parkside Wealth Strategies,parkside,False,Rachel,Collins,Green Investment Partners,Green Investment Partners,2395 Lincoln St,San Antonio,TX,78201
3931,RENAME,Securities America,securities_america,True,Nancy,Harris,Harris & Morris Advisors,Harris Financial Group,2201 Lincoln Dr,Houston,TX,77001
3932,MEMBER_CHANGE,National Planning Holdings,nph,True,Mark,Nguyen,Patel Capital Group,Patel Capital Group,6348 Broad Pl,Washington,DC,20001
3933,MEMBER_CHANGE,National Planning Holdings,nph,True,Michael,Campbell,Turner Investment Group,Turner Investment Group,8062 Union Way,Las Vegas,NV,89101
3934,MEMBER_CHANGE,Meridian Private Wealth,meridian_pw,False,Daniel,Moore,Khan Wealth,Khan Wealth,4992 Broad St,New York,NY,10022
3935,RENAME,Edward Jones,edward_jones,True,Helen,King,King & Associates,King Wealth Management Group,3031 Adams Pl,Oklahoma City,OK,73101
3936,MEMBER_CHANGE,Merrill Lynch Pierce Fenner & Smith,merrill_lynch,True,Mark,Johnson,Chen Wealth Partners,Chen Wealth Partners,4827 Union Rd,Boston,MA,02101
3937,MEMBER_CHANGE,DA Davidson & Co.,da_davidson,True,William,Kim,Moore Investment Group,Moore Investment Group,8839 Central Dr,Portland,OR,97201
3938,MEMBER_CHANGE,Morgan Stanley Wealth Management,morgan_stanley,True,Dorothy,Green,Baker Advisory Group,Baker Advisory Group,3924 Maple Rd,Louisville,KY,40201
3939,MEMBER_CHANGE,Robert W. Baird & Co.,rwbaird,True,Sarah,Liu,Reyes Family Wealth Group,Reyes Family Wealth Group,1471 Willow Way,Seattle,WA,98101
3940,RENAME,National Planning Holdings,nph,True,Matthew,Moore,Moore & Young Group,Moore Capital Group,1620 Cedar Rd,Pittsburgh,PA,15201
3941,MEMBER_CHANGE,Ameriprise Financial Services,ameriprise,True,Emily,Hill,Campbell Financial Group,Campbell Financial Group,9760 Spring Dr,Houston,TX,77001
3942,MEMBER_CHANGE,Raymond James Financial Services,raymond_james,True,Sandra,Reyes,Young Wealth Management Group,Young Wealth Management Group,9654 Spring Rd,Charlotte,NC,28201
3943,RENAME,Ameriprise Financial Services,ameriprise,True,Linda,Diaz,Diaz & Associates,Diaz Asset Management Group,7061 Cedar Court,Jacksonville,FL,32201
3944,RENAME,UBS Financial Services,ubs,True,Susan,Khan,Khan & Associates,Khan Capital Group,8325 Oak St,Philadelphia,PA,19101
3945,RENAME,Crestwood Family Office,crestwood,False,Jessica,Baker,Baker Wealth,Baker Advisors,1505 River Dr,Pittsburgh,PA,15201
3946,MEMBER_CHANGE,Merrill Lynch Pierce Fenner & Smith,merrill_lynch,True,Richard,Allen,Garcia Private Wealth Group,Garcia Private Wealth Group,4198 Lake Ln,Raleigh,NC,27601
3947,RENAME,Securities America,securities_america,True,Margaret,Taylor,Taylor & Rivera Partners,Taylor Institutional Group,1802 Main Way,Boston,MA,02101
3948,RENAME,Merrill Lynch Pierce Fenner & Smith,merrill_lynch,True,Helen,Nelson,Nelson Family Wealth Group,Nelson Private Wealth Group,842 Broad Ln,Cleveland,OH,44101
3949,MEMBER_CHANGE,Oppenheimer & Co.,oppenheimer,True,William,King,Allen Investment Group,Allen Investment Group,5517 Monroe Way,Chicago,IL,60601
3950,SPLIT_PARENT,Cetera Financial Group,cetera,True,Helen,Diaz,Diaz Wealth Management Group,Diaz Wealth Management Group,2439 Madison Pkwy,Jacksonville,FL,32201
3951,MEMBER_CHANGE,Stifel Nicolaus & Company,stifel_nicolaus,True,Emily,Allen,Torres Wealth Partners,Torres Wealth Partners,3036 Liberty Dr,New York,NY,10001
3952,MEMBER_CHANGE,DA Davidson & Co.,da_davidson,True,Andrew,Davis,Brown Investment Group,Brown Investment Group,3298 Oak Blvd,Miami,FL,33101
3953,RENAME,Cetera Financial Group,cetera,True,Jennifer,Diaz,Diaz Portfolio Group,Diaz Family Wealth Group,5590 Liberty St,Nashville,TN,37201
3954,MEMBER_CHANGE,Parkside Wealth Strategies,parkside,False,John,King,Taylor Investment Partners,Taylor Investment Partners,1665 Cedar Rd,Dallas,TX,75201
3955,MEMBER_CHANGE,Morgan Stanley Wealth Management,morgan_stanley,True,Megan,Lee,Flores Financial Group,Flores Financial Group,700 Cedar Pl,Houston,TX,77001
3956,MEMBER_CHANGE,Robert W. Baird & Co.,rwbaird,True,Christopher,Jones,Stewart Portfolio Group,Stewart Portfolio Group,9379 Elm St,Philadelphia,PA,19101
3957,MEMBER_CHANGE,Meridian Private Wealth,meridian_pw,False,Barbara,Torres,Green Advisors,Green Advisors,3471 Adams Court,Dallas,TX,75201
3958,RENAME,Raymond James Financial Services,raymond_james,True,Thomas,Zhang,Zhang & Associates,Zhang Investment Group,4652 Oak St,Nashville,TN,37201
3959,RENAME,Stifel Nicolaus & Company,stifel_nicolaus,True,Rachel,Wilson,Wilson & Smith Group,Wilson Investment Group,2985 Oak Pl,Las Vegas,NV,89101
3960,SPLIT_PARENT,Raymond James Financial Services,raymond_james,True,John,Miller,Miller Institutional Group,Miller Institutional Group,859 Maple Ave,Fort Worth,TX,76101
3961,RENAME,Robert W. Baird & Co.,rwbaird,True,Jessica,Allen,Allen & Turner Group,Allen Advisory Group,3763 Highland Ave,Jacksonville,FL,32201
3962,RENAME,Stifel Nicolaus & Company,stifel_nicolaus,True,Daniel,Torres,Torres & Adams Advisors,Torres Investment Group,8570 Lincoln Ave,Fort Worth,TX,76101
3963,SPLIT_PARENT,LPL Financial,lpl_financial,True,Donald,Reyes,Reyes Portfolio Group,Reyes Portfolio Group,4264 Spring Ln,Seattle,WA,98101
3964,MEMBER_CHANGE,Oppenheimer & Co.,oppenheimer,True,Mark,Patel,Jackson Wealth Partners,Jackson Wealth Partners,3142 Market Ln,Denver,CO,80201
3965,MEMBER_CHANGE,Northgate Investment Partners,northgate,False,Amanda,Nelson,Evans Capital Partners,Evans Capital Partners,7115 Main Blvd,Indianapolis,IN,46201
3966,RENAME,National Planning Holdings,nph,True,Barbara,Green,Green & Associates,Green Asset Management Group,3267 Hill Blvd,Chicago,IL,60601
3967,MEMBER_CHANGE,Crestwood Family Office,crestwood,False,Sarah,Cruz,Scott Advisors,Scott Advisors,7264 Monroe Way,Raleigh,NC,27601
3968,SPLIT_PARENT,Kingsbridge Capital Advisors,kingsbridge,False,Donald,Thompson,Thompson Wealth Management,Thompson Wealth Management,9113 Church Pl,Austin,TX,78701
3969,SPLIT_PARENT,Woodbury Financial Services,woodbury,True,Patricia,Chen,Chen Advisory Group,Chen Advisory Group,5936 Lincoln Ave,Oklahoma City,OK,73101
3970,RENAME,Harborview Private Wealth,harborview,False,Daniel,Nguyen,Nguyen Investment Partners,Nguyen Family Office,6177 Spring Pkwy,Houston,TX,77001
3971,MEMBER_CHANGE,Robert W. Baird & Co.,rwbaird,True,Robert,Nelson,Morris Asset Management Group,Morris Asset Management Group,2683 Willow Dr,Miami,FL,33101
3972,MEMBER_CHANGE,UBS Financial Services,ubs,True,Sarah,Liu,Wang Asset Management Group,Wang Asset Management Group,6923 River Ave,San Francisco,CA,94101
3973,RENAME,Commonwealth Financial Network,commonwealth,True,Karen,White,White & Associates,White Advisory Group,6724 Highland Pl,San Jose,CA,95101
3974,MEMBER_CHANGE,Janney Montgomery Scott,janney,True,Megan,Johnson,Morgan Wealth Partners,Morgan Wealth Partners,6552 Madison Pl,Columbus,OH,43201
3975,RENAME,Oppenheimer & Co.,oppenheimer,True,Anthony,Carter,Carter Investment Group,Carter Portfolio Group,6780 Elm Pkwy,Boston,MA,02101
3976,MEMBER_CHANGE,Highfield Asset Management,highfield,False,Karen,Diaz,Stewart Advisors,Stewart Advisors,2624 River Dr,Las Vegas,NV,89101
3977,MEMBER_CHANGE,Commonwealth Financial Network,commonwealth,True,Richard,Nguyen,Moore Wealth Partners,Moore Wealth Partners,1791 Spring Way,Phoenix,AZ,85001
3978,MEMBER_CHANGE,LPL Financial,lpl_financial,True,Charles,Stewart,Huang Institutional Group,Huang Institutional Group,6954 Park Court,Columbus,OH,43201
3979,MEMBER_CHANGE,Oppenheimer & Co.,oppenheimer,True,Jennifer,Evans,Jackson Institutional Group,Jackson Institutional Group,4795 Madison Court,Oklahoma City,OK,73101
3980,MERGE_TARGET,Cambridge Investment Research,cambridge_inv,True,Sandra,Harris,Harris Institutional Group,Harris Institutional Group,9565 Main Ln,Philadelphia,PA,19101
3981,RENAME,DA Davidson & Co.,da_davidson,True,Jessica,Moore,Moore Capital Group,Moore Wealth Partners,9365 Commerce Pkwy,Charlotte,NC,28201
3982,RENAME,Woodbury Financial Services,woodbury,True,Megan,Morris,Morris & Turner Partners,Morris Wealth Advisors,1364 Madison Ave,Washington,DC,20001
3983,MEMBER_CHANGE,Meridian Private Wealth,meridian_pw,False,Paul,Taylor,Cruz Asset Management,Cruz Asset Management,1464 Cedar Ln,Miami,FL,33101
3984,MEMBER_CHANGE,Kingsbridge Capital Advisors,kingsbridge,False,Betty,Flores,Edwards Capital Partners,Edwards Capital Partners,1548 Main Dr,New York,NY,10022
3985,MEMBER_CHANGE,Commonwealth Financial Network,commonwealth,True,Ashley,Reyes,Baker Investment Group,Baker Investment Group,6318 Oak Way,San Jose,CA,95101
3986,RENAME,Northgate Investment Partners,northgate,False,James,Miller,Miller & Thomas Partners,Miller Investment Partners,8886 Broad Ln,Raleigh,NC,27601
3987,RENAME,Securities America,securities_america,True,John,Carter,Carter & Associates,Carter Investment Group,6434 Adams Rd,Portland,OR,97201
3988,SPLIT_PARENT,Edward Jones,edward_jones,True,Joseph,Wilson,Wilson Private Wealth Group,Wilson Private Wealth Group,4777 Lincoln Dr,Pittsburgh,PA,15201
3989,MEMBER_CHANGE,Northgate Investment Partners,northgate,False,Richard,Green,Patel Capital Partners,Patel Capital Partners,6602 Washington Pl,San Francisco,CA,94101
3990,MEMBER_CHANGE,Clearwater Capital Group,clearwater,False,Robert,Miller,Stewart Wealth Management,Stewart Wealth Management,2794 Lincoln Rd,Washington,DC,20001
3991,MERGE_SURVIVOR,Northgate Investment Partners,northgate,False,Betty,Jackson,Jackson Advisors,Jackson Advisors,9895 Cedar Way,San Diego,CA,92101
3992,SPLIT_PARENT,Crestwood Family Office,crestwood,False,Rachel,Huang,Huang Wealth Management,Huang Wealth Management,5024 Main Dr,Memphis,TN,38101
3993,RENAME,Clearwater Capital Group,clearwater,False,Emily,Martin,Martin & Associates,Martin Asset Management,1409 Union Ave,Austin,TX,78701
3994,RENAME,Kingsbridge Capital Advisors,kingsbridge,False,Margaret,Edwards,Edwards Investment Partners,Edwards Family Office,4886 Highland Way,Phoenix,AZ,85001
3995,MERGE_TARGET,Woodbury Financial Services,woodbury,True,Margaret,Adams,Adams Institutional Group,Adams Institutional Group,519 Madison Court,Columbus,OH,43201
3996,MEMBER_CHANGE,Edward Jones,edward_jones,True,Lisa,Parker,White Portfolio Group,White Portfolio Group,1917 Oak Ave,Las Vegas,NV,89101
3997,RENAME,Wells Fargo Advisors,wells_fargo,True,Christopher,Scott,Scott Financial Group,Scott Portfolio Group,551 Cedar Ln,Charlotte,NC,28201
3998,MEMBER_CHANGE,National Planning Holdings,nph,True,Linda,Miller,Thompson Family Wealth Group,Thompson Family Wealth Group,9686 Oak Ave,Jacksonville,FL,32201
3999,MEMBER_CHANGE,Stifel Nicolaus & Company,stifel_nicolaus,True,John,Stewart,Thompson Wealth Partners,Thompson Wealth Partners,3629 Commerce Ln,Raleigh,NC,27601
4000,MEMBER_CHANGE,Ridgeway Wealth Management,ridgeway,False,Daniel,Wright,Cruz Investment Partners,Cruz Investment Partners,8840 Cedar Rd,Los Angeles,CA,90001
4001,MEMBER_CHANGE,Clearwater Capital Group,clearwater,False,Amanda,Johnson,Mitchell Investment Partners,Mitchell Investment Partners,1551 Adams St,Houston,TX,77001
4002,RENAME,Meridian Private Wealth,meridian_pw,False,Sandra,Hall,Hall Asset Management,Hall Wealth Management,3647 Oak Ave,Indianapolis,IN,46201
4003,RENAME,Parkside Wealth Strategies,parkside,False,Jessica,Garcia,Garcia & Associates,Garcia Wealth,6661 Main Rd,Pittsburgh,PA,15201
4004,MEMBER_CHANGE,Kingsbridge Capital Advisors,kingsbridge,False,Mark,Thomas,Parker Wealth,Parker Wealth,508 Oak Rd,San Jose,CA,95101
4005,MEMBER_CHANGE,Highfield Asset Management,highfield,False,Amanda,Baker,Moore Asset Management,Moore Asset Management,9304 Madison Ln,San Antonio,TX,78201
4006,MEMBER_CHANGE,DA Davidson & Co.,da_davidson,True,David,Lee,Williams Family Wealth Group,Williams Family Wealth Group,1285 Broad Pkwy,Los Angeles,CA,90001
4007,MEMBER_CHANGE,Stifel Nicolaus & Company,stifel_nicolaus,True,Betty,Wilson,Moore Private Wealth Group,Moore Private Wealth Group,3386 Hill Court,Oklahoma City,OK,73101
4008,RENAME,Janney Montgomery Scott,janney,True,Helen,Martin,Martin & Torres Advisors,Martin Investment Group,1081 Park Pl,Jacksonville,FL,32201
4009,MEMBER_CHANGE,Merrill Lynch Pierce Fenner & Smith,merrill_lynch,True,Karen,Nguyen,Brown Family Wealth Group,Brown Family Wealth Group,7932 Highland Ave,Minneapolis,MN,55401
4010,MEMBER_CHANGE,Clearwater Capital Group,clearwater,False,Christopher,Wang,Miller Advisors,Miller Advisors,9005 Lincoln St,Phoenix,AZ,85001
4011,MEMBER_CHANGE,Oppenheimer & Co.,oppenheimer,True,Jennifer,Brown,Miller Family Wealth Group,Miller Family Wealth Group,1515 Commerce Ave,Fort Worth,TX,76101
4012,RENAME,Highfield Asset Management,highfield,False,Thomas,Patel,Patel Advisors,Patel Wealth,9651 Union Rd,New York,NY,10022
4013,MEMBER_CHANGE,Raymond James Financial Services,raymond_james,True,Jennifer,White,Yang Financial Group,Yang Financial Group,170 Washington Court,Boston,MA,02101
4014,MEMBER_CHANGE,Summit Peak Advisors,summit_peak,False,Dorothy,Roberts,Young Wealth,Young Wealth,2053 Elm Court,Kansas City,MO,64101
4015,MEMBER_CHANGE,Meridian Private Wealth,meridian_pw,False,Charles,Scott,King Capital,King Capital,8039 Liberty Ave,St. Louis,MO,63101
4016,MEMBER_CHANGE,Edward Jones,edward_jones,True,Ashley,Adams,Baker Wealth Advisors,Baker Wealth Advisors,6137 Commerce Ln,Seattle,WA,98101
4017,SPLIT_PARENT,Meridian Private Wealth,meridian_pw,False,Sandra,Thomas,Thomas Wealth Management,Thomas Wealth Management,1275 Lake Court,Phoenix,AZ,85001
4018,MEMBER_CHANGE,UBS Financial Services,ubs,True,Matthew,Thompson,Allen Portfolio Group,Allen Portfolio Group,1921 Union Ln,San Antonio,TX,78201
4019,MEMBER_CHANGE,Summit Peak Advisors,summit_peak,False,Lisa,White,Young Capital,Young Capital,4187 Church Blvd,San Antonio,TX,78201
4020,RENAME,Hilliard Lyons,hilliard_lyons,True,Andrew,Liu,Liu & Cruz Advisors,Liu Wealth Management Group,1347 Liberty Dr,Phoenix,AZ,85001
4021,MEMBER_CHANGE,Parkside Wealth Strategies,parkside,False,Michael,Wilson,Jackson Private Wealth,Jackson Private Wealth,942 Madison Pkwy,Milwaukee,WI,53201
4022,MEMBER_CHANGE,Ridgeway Wealth Management,ridgeway,False,Susan,Campbell,Nguyen Wealth,Nguyen Wealth,6760 Central Rd,Washington,DC,20001
4023,MEMBER_CHANGE,Oppenheimer & Co.,oppenheimer,True,Joseph,Martin,King Investment Group,King Investment Group,8240 Adams Rd,Houston,TX,77001
4024,RENAME,Morgan Stanley Wealth Management,morgan_stanley,True,Thomas,Turner,Turner Investment Group,Turner Capital Group,4736 Commerce Ave,Kansas City,MO,64101
4025,MEMBER_CHANGE,National Planning Holdings,nph,True,Christopher,Torres,Phillips Family Wealth Group,Phillips Family Wealth Group,4620 Market Court,Washington,DC,20001
4026,MEMBER_CHANGE,Cetera Financial Group,cetera,True,William,Turner,Phillips Wealth Partners,Phillips Wealth Partners,8401 Highland Pkwy,Columbus,OH,43201
4027,MEMBER_CHANGE,UBS Financial Services,ubs,True,Daniel,Diaz,Torres Private Wealth Group,Torres Private Wealth Group,9780 Church Pl,Milwaukee,WI,53201
4028,RENAME,Ameriprise Financial Services,ameriprise,True,Lisa,Parker,Parker Financial Group,Parker Asset Management Group,3511 Willow Pl,Miami,FL,33101
4029,MEMBER_CHANGE,Janney Montgomery Scott,janney,True,Sandra,Cruz,Zhang Investment Group,Zhang Investment Group,7444 Church Ave,Kansas City,MO,64101
4030,MEMBER_CHANGE,Raymond James Financial Services,raymond_james,True,John,Turner,Hill Investment Group,Hill Investment Group,6024 Lincoln Pl,New York,NY,10022
4031,MEMBER_CHANGE,Robert W. Baird & Co.,rwbaird,True,Joseph,Lee,Huang Wealth Management Group,Huang Wealth Management Group,7905 Main St,Phoenix,AZ,85001
4032,MEMBER_CHANGE,Janney Montgomery Scott,janney,True,Karen,Parker,Davis Advisory Group,Davis Advisory Group,183 Lincoln Court,Baltimore,MD,21201
4033,MEMBER_CHANGE,Meridian Private Wealth,meridian_pw,False,Patricia,Parker,Martin Partners,Martin Partners,8487 Jefferson Ave,New York,NY,10001
4034,MEMBER_CHANGE,Morgan Stanley Wealth Management,morgan_stanley,True,Donald,Jones,Flores Wealth Advisors,Flores Wealth Advisors,9922 Oak Rd,Philadelphia,PA,19101
4035,RENAME,Commonwealth Financial Network,commonwealth,True,Thomas,Mitchell,Mitchell & Associates,Mitchell Investment Group,226 Commerce Ln,San Jose,CA,95101
4036,MEMBER_CHANGE,Edward Jones,edward_jones,True,Amanda,Jackson,Reyes Private Wealth Group,Reyes Private Wealth Group,2094 Willow Blvd,San Diego,CA,92101
4037,MEMBER_CHANGE,Stifel Nicolaus & Company,stifel_nicolaus,True,Sarah,Davis,Carter Investment Group,Carter Investment Group,3065 Washington Court,Dallas,TX,75201
4038,RENAME,Janney Montgomery Scott,janney,True,James,Mitchell,Mitchell & Thomas Advisors,Mitchell Wealth Partners,7817 Spring Blvd,Cleveland,OH,44101
4039,MEMBER_CHANGE,Edward Jones,edward_jones,True,Christopher,Rivera,Phillips Portfolio Group,Phillips Portfolio Group,9856 River St,New York,NY,10001
4040,MEMBER_CHANGE,Robert W. Baird & Co.,rwbaird,True,Donald,Allen,Williams Family Wealth Group,Williams Family Wealth Group,9180 Hill Way,St. Louis,MO,63101
4041,MERGE_TARGET,Summit Peak Advisors,summit_peak,False,Joseph,White,White Private Wealth,White Private Wealth,1767 Liberty Ave,Charlotte,NC,28201
4042,MEMBER_CHANGE,Hilliard Lyons,hilliard_lyons,True,Betty,Zhang,Lee Capital Group,Lee Capital Group,3282 Spring Way,Dallas,TX,75201
4043,MEMBER_CHANGE,LPL Financial,lpl_financial,True,Megan,Patel,Gomez Investment Group,Gomez Investment Group,225 Madison Rd,San Antonio,TX,78201
4044,RENAME,Kingsbridge Capital Advisors,kingsbridge,False,Karen,Hall,Hall & Associates,Hall Asset Management,770 Broad Way,Cleveland,OH,44101
4045,RENAME,Stifel Nicolaus & Company,stifel_nicolaus,True,John,Wilson,Wilson & Parker Advisors,Wilson Wealth Advisors,381 Maple St,Denver,CO,80201
4046,MEMBER_CHANGE,Wells Fargo Advisors,wells_fargo,True,Jennifer,Thompson,Young Family Wealth Group,Young Family Wealth Group,5497 Lake Rd,Houston,TX,77001
4047,MEMBER_CHANGE,Woodbury Financial Services,woodbury,True,Karen,Hall,Huang Investment Group,Huang Investment Group,8464 Monroe Ave,Indianapolis,IN,46201
4048,MEMBER_CHANGE,Janney Montgomery Scott,janney,True,Karen,Young,Carter Asset Management Group,Carter Asset Management Group,7540 River Blvd,Boston,MA,02101
4049,RENAME,UBS Financial Services,ubs,True,Daniel,Garcia,Garcia Financial Group,Garcia Institutional Group,8454 Union Court,Richmond,VA,23219
4050,MEMBER_CHANGE,Stifel Nicolaus & Company,stifel_nicolaus,True,Andrew,Nelson,Nguyen Advisory Group,Nguyen Advisory Group,5741 Commerce Court,New York,NY,10022
4051,MEMBER_CHANGE,Ridgeway Wealth Management,ridgeway,False,Amanda,Diaz,Nelson Asset Management,Nelson Asset Management,9687 Monroe Ave,Dallas,TX,75201
4052,MEMBER_CHANGE,Wells Fargo Advisors,wells_fargo,True,Michael,King,Lee Institutional Group,Lee Institutional Group,7384 Hill Dr,Memphis,TN,38101
4053,MEMBER_CHANGE,Woodbury Financial Services,woodbury,True,Robert,Torres,Smith Capital Group,Smith Capital Group,5538 Central Pl,Washington,DC,20001
4054,RENAME,Parkside Wealth Strategies,parkside,False,Linda,Patel,Patel & Associates,Patel Private Wealth,9805 Highland Rd,New York,NY,10022
4055,MEMBER_CHANGE,Securities America,securities_america,True,Joseph,White,Anderson Portfolio Group,Anderson Portfolio Group,110 Madison Pkwy,Milwaukee,WI,53201
4056,MEMBER_CHANGE,National Planning Holdings,nph,True,Linda,Taylor,Edwards Wealth Partners,Edwards Wealth Partners,5986 Elm Court,St. Louis,MO,63101
4057,MEMBER_CHANGE,Summit Peak Advisors,summit_peak,False,Lisa,Gomez,Green Partners,Green Partners,6281 Maple St,Las Vegas,NV,89101
4058,MEMBER_CHANGE,Oppenheimer & Co.,oppenheimer,True,Ashley,Carter,Nelson Advisory Group,Nelson Advisory Group,3926 Jefferson Rd,Louisville,KY,40201
4059,MEMBER_CHANGE,Ameriprise Financial Services,ameriprise,True,Donald,King,Garcia Asset Management Group,Garcia Asset Management Group,5315 Elm Way,Baltimore,MD,21201
4060,MEMBER_CHANGE,Merrill Lynch Pierce Fenner & Smith,merrill_lynch,True,Betty,Khan,Flores Institutional Group,Flores Institutional Group,9277 Maple Rd,Pittsburgh,PA,15201
4061,MEMBER_CHANGE,Highfield Asset Management,highfield,False,Rachel,Taylor,Brown Capital,Brown Capital,5960 Lake St,Miami,FL,33101
4062,MEMBER_CHANGE,Robert W. Baird & Co.,rwbaird,True,Kenneth,Baker,Baker Family Wealth Group,Baker Family Wealth Group,6628 Broad Pkwy,San Jose,CA,95101
4063,MEMBER_CHANGE,Kingsbridge Capital Advisors,kingsbridge,False,Jennifer,Flores,Zhang Family Office,Zhang Family Office,4945 Hill Rd,Kansas City,MO,64101
4064,MEMBER_CHANGE,Northgate Investment Partners,northgate,False,Robert,Adams,Huang Capital,Huang Capital,5393 Main Court,Seattle,WA,98101
4065,MEMBER_CHANGE,Ridgeway Wealth Management,ridgeway,False,Nancy,Roberts,Harris Capital,Harris Capital,4204 Washington Dr,Denver,CO,80201
4066,MEMBER_CHANGE,Cambridge Investment Research,cambridge_inv,True,Barbara,White,Morgan Wealth Management Group,Morgan Wealth Management Group,4587 Maple Way,San Diego,CA,92101
4067,MEMBER_CHANGE,Janney Montgomery Scott,janney,True,Helen,Liu,Reyes Capital Group,Reyes Capital Group,5703 Lake Ln,St. Louis,MO,63101
4068,MEMBER_CHANGE,Wells Fargo Advisors,wells_fargo,True,John,Miller,Mitchell Capital Group,Mitchell Capital Group,5266 Jefferson Rd,Pittsburgh,PA,15201
4069,MEMBER_CHANGE,Parkside Wealth Strategies,parkside,False,Steven,Wang,Nguyen Capital,Nguyen Capital,8275 Highland Ln,New York,NY,10001
4070,MERGE_SURVIVOR,LPL Financial,lpl_financial,True,Paul,Taylor,Taylor Capital Group,Taylor Capital Group,7508 Oak Dr,Fort Worth,TX,76101
4071,MEMBER_CHANGE,Stifel Nicolaus & Company,stifel_nicolaus,True,Christopher,Carter,Evans Capital Group,Evans Capital Group,9926 River Pl,Austin,TX,78701
4072,MERGE_SURVIVOR,Parkside Wealth Strategies,parkside,False,Mark,Zhang,Zhang Wealth,Zhang Wealth,5378 Church Court,San Diego,CA,92101
4073,MERGE_TARGET,Cambridge Investment Research,cambridge_inv,True,Nancy,White,White Wealth Management Group,White Wealth Management Group,4679 Main Blvd,St. Louis,MO,63101
4074,SPLIT_PARENT,Cetera Financial Group,cetera,True,Betty,Anderson,Anderson Family Wealth Group,Anderson Family Wealth Group,9931 Maple Way,San Jose,CA,95101
4075,MEMBER_CHANGE,Wells Fargo Advisors,wells_fargo,True,Steven,Baker,Young Investment Group,Young Investment Group,9934 Elm Blvd,New York,NY,10022
4076,MEMBER_CHANGE,Janney Montgomery Scott,janney,True,Megan,Thomas,Flores Financial Group,Flores Financial Group,8973 Monroe Blvd,San Antonio,TX,78201
4077,RENAME,Hilliard Lyons,hilliard_lyons,True,Donald,Gomez,Gomez & Cruz Advisors,Gomez Investment Group,6753 Lincoln Pkwy,Fort Worth,TX,76101
4078,MEMBER_CHANGE,Commonwealth Financial Network,commonwealth,True,Steven,Evans,Hill Advisory Group,Hill Advisory Group,2167 Willow St,Fort Worth,TX,76101
4079,RENAME,Wells Fargo Advisors,wells_fargo,True,Mark,Gomez,Gomez & Associates,Gomez Investment Group,8293 Oak Rd,Tampa,FL,33601
4080,MEMBER_CHANGE,Northgate Investment Partners,northgate,False,Sandra,Campbell,Smith Capital,Smith Capital,2577 Oak Ln,Philadelphia,PA,19101
4081,MEMBER_CHANGE,Ridgeway Wealth Management,ridgeway,False,Margaret,Morgan,Brown Wealth,Brown Wealth,9544 Lake Dr,Fort Worth,TX,76101
4082,MEMBER_CHANGE,Hilliard Lyons,hilliard_lyons,True,Sarah,Miller,White Financial Group,White Financial Group,9999 Commerce Ave,St. Louis,MO,63101
4083,MEMBER_CHANGE,UBS Financial Services,ubs,True,Lisa,Allen,Brown Institutional Group,Brown Institutional Group,455 Washington Pkwy,Oklahoma City,OK,73101
4084,MEMBER_CHANGE,Cetera Financial Group,cetera,True,Daniel,Carter,Nguyen Investment Group,Nguyen Investment Group,3118 Spring Ln,San Francisco,CA,94101
4085,SPLIT_PARENT,Harborview Private Wealth,harborview,False,Linda,Jones,Jones Asset Management,Jones Asset Management,6136 Willow Pkwy,Denver,CO,80201
4086,MEMBER_CHANGE,Morgan Stanley Wealth Management,morgan_stanley,True,Betty,Martin,Gomez Portfolio Group,Gomez Portfolio Group,2436 Lake St,Seattle,WA,98101
4087,MEMBER_CHANGE,Summit Peak Advisors,summit_peak,False,Rachel,Moore,Reyes Advisors,Reyes Advisors,2339 Adams Dr,Phoenix,AZ,85001
4088,MEMBER_CHANGE,DA Davidson & Co.,da_davidson,True,Barbara,Cruz,Nelson Wealth Advisors,Nelson Wealth Advisors,1336 River Pl,Las Vegas,NV,89101
4089,RENAME,Janney Montgomery Scott,janney,True,Ashley,Reyes,Reyes & Associates,Reyes Wealth Partners,4115 Jefferson St,San Antonio,TX,78201
4090,MEMBER_CHANGE,Woodbury Financial Services,woodbury,True,Joseph,Morgan,Morris Capital Group,Morris Capital Group,3308 Union Pkwy,Philadelphia,PA,19101
4091,MEMBER_CHANGE,Parkside Wealth Strategies,parkside,False,Margaret,Anderson,Parker Capital Partners,Parker Capital Partners,8274 Madison Ln,Milwaukee,WI,53201
4092,MEMBER_CHANGE,Oppenheimer & Co.,oppenheimer,True,Linda,Patel,Scott Investment Group,Scott Investment Group,7815 Church Ln,Houston,TX,77001
4093,MEMBER_CHANGE,Raymond James Financial Services,raymond_james,True,William,Huang,Patel Portfolio Group,Patel Portfolio Group,2723 Central Ave,Nashville,TN,37201
4094,RENAME,Commonwealth Financial Network,commonwealth,True,Helen,Brown,Brown & Johnson Advisors,Brown Asset Management Group,1315 Adams Pkwy,Chicago,IL,60601
4095,RENAME,Raymond James Financial Services,raymond_james,True,Thomas,Harris,Harris Institutional Group,Harris Private Wealth Group,1965 Lincoln Way,Boston,MA,02101
4096,MEMBER_CHANGE,Ridgeway Wealth Management,ridgeway,False,Daniel,Hill,Johnson Family Office,Johnson Family Office,7928 Church Ln,Fort Worth,TX,76101
4097,MEMBER_CHANGE,Oppenheimer & Co.,oppenheimer,True,Anthony,Carter,Wilson Investment Group,Wilson Investment Group,3350 Union Way,San Antonio,TX,78201
4098,MEMBER_CHANGE,Securities America,securities_america,True,Paul,Chen,Gomez Investment Group,Gomez Investment Group,1273 Elm Ln,Cleveland,OH,44101
4099,MEMBER_CHANGE,Crestwood Family Office,crestwood,False,Megan,Moore,Diaz Asset Management,Diaz Asset Management,6123 Madison Dr,Minneapolis,MN,55401
4100,MEMBER_CHANGE,Merrill Lynch Pierce Fenner & Smith,merrill_lynch,True,Joseph,Martin,Young Investment Group,Young Investment Group,5204 Park St,Los Angeles,CA,90001
4101,MEMBER_CHANGE,Morgan Stanley Wealth Management,morgan_stanley,True,Dorothy,Phillips,Nelson Capital Group,Nelson Capital Group,4124 Highland Court,Portland,OR,97201
4102,MEMBER_CHANGE,Parkside Wealth Strategies,parkside,False,Andrew,Huang,Huang Advisors,Huang Advisors,1298 Park Blvd,Indianapolis,IN,46201
4103,RENAME,Cetera Financial Group,cetera,True,Lisa,Phillips,Phillips & Associates,Phillips Institutional Group,8328 Lincoln Ln,Richmond,VA,23219
4104,MERGE_SURVIVOR,Edward Jones,edward_jones,True,Thomas,Baker,Baker Wealth Advisors,Baker Wealth Advisors,4324 Cedar Way,Boston,MA,02101
4105,MEMBER_CHANGE,Edward Jones,edward_jones,True,Andrew,Moore,Flores Capital Group,Flores Capital Group,9440 Maple Pl,Fort Worth,TX,76101
4106,MEMBER_CHANGE,Parkside Wealth Strategies,parkside,False,Sandra,Martin,Wilson Partners,Wilson Partners,1644 Cedar Rd,New York,NY,10022
4107,RENAME,Clearwater Capital Group,clearwater,False,Nancy,Khan,Khan Family Office,Khan Private Wealth,2781 Liberty Ln,Memphis,TN,38101
4108,MEMBER_CHANGE,Janney Montgomery Scott,janney,True,Andrew,Anderson,Green Financial Group,Green Financial Group,3709 Willow Ave,Dallas,TX,75201
4109,RENAME,Commonwealth Financial Network,commonwealth,True,Daniel,Thompson,Thompson & King Group,Thompson Capital Group,5759 Lake Dr,Minneapolis,MN,55401
4110,MEMBER_CHANGE,Clearwater Capital Group,clearwater,False,William,Davis,Cruz Family Office,Cruz Family Office,5244 Monroe Ln,Richmond,VA,23219
4111,MEMBER_CHANGE,Commonwealth Financial Network,commonwealth,True,Amanda,Collins,Martin Wealth Advisors,Martin Wealth Advisors,7330 Market Rd,Pittsburgh,PA,15201
4112,SPLIT_PARENT,Cetera Financial Group,cetera,True,Christopher,Taylor,Taylor Wealth Partners,Taylor Wealth Partners,9565 River Pl,San Antonio,TX,78201
4113,MEMBER_CHANGE,Morgan Stanley Wealth Management,morgan_stanley,True,James,Wright,Flores Institutional Group,Flores Institutional Group,2362 Spring St,Baltimore,MD,21201
4114,MEMBER_CHANGE,National Planning Holdings,nph,True,Sarah,Green,Roberts Asset Management Group,Roberts Asset Management Group,5457 Lincoln Court,Oklahoma City,OK,73101
4115,MEMBER_CHANGE,Meridian Private Wealth,meridian_pw,False,Margaret,Morgan,Moore Partners,Moore Partners,7009 Monroe Blvd,Atlanta,GA,30301
4116,MEMBER_CHANGE,Highfield Asset Management,highfield,False,Sarah,Mitchell,Collins Capital Partners,Collins Capital Partners,3038 Broad Dr,Nashville,TN,37201
4117,SPLIT_PARENT,Harborview Private Wealth,harborview,False,John,Evans,Evans Capital Partners,Evans Capital Partners,9673 Monroe Dr,Indianapolis,IN,46201
4118,RENAME,Ridgeway Wealth Management,ridgeway,False,Paul,Huang,Huang & Associates,Huang Capital,1295 Elm Pkwy,San Antonio,TX,78201
4119,MEMBER_CHANGE,Janney Montgomery Scott,janney,True,Margaret,Gomez,Huang Institutional Group,Huang Institutional Group,6182 Main Blvd,Dallas,TX,75201
4120,MEMBER_CHANGE,Summit Peak Advisors,summit_peak,False,Rachel,Liu,Young Capital Partners,Young Capital Partners,7660 Central St,Seattle,WA,98101
4121,RENAME,Parkside Wealth Strategies,parkside,False,Lisa,Hall,Hall Advisors,Hall Wealth Management,7696 Elm Pl,San Antonio,TX,78201
4122,MEMBER_CHANGE,Meridian Private Wealth,meridian_pw,False,Lisa,Jackson,Young Partners,Young Partners,7619 Main Dr,Columbus,OH,43201
4123,MEMBER_CHANGE,Kingsbridge Capital Advisors,kingsbridge,False,Sandra,Zhang,Campbell Capital,Campbell Capital,1633 River Way,Boston,MA,02101
4124,MEMBER_CHANGE,Ridgeway Wealth Management,ridgeway,False,Anthony,Liu,Morgan Advisors,Morgan Advisors,3263 Jefferson Blvd,Chicago,IL,60601
4125,MEMBER_CHANGE,Parkside Wealth Strategies,parkside,False,Andrew,Williams,Edwards Investment Partners,Edwards Investment Partners,5288 Maple Ln,Minneapolis,MN,55401
4126,RENAME,DA Davidson & Co.,da_davidson,True,Ashley,Smith,Smith Wealth Partners,Smith Asset Management Group,3329 Madison Dr,San Diego,CA,92101
4127,MEMBER_CHANGE,Meridian Private Wealth,meridian_pw,False,Donald,Brown,Green Advisors,Green Advisors,171 Cedar Ave,San Diego,CA,92101
4128,RENAME,Highfield Asset Management,highfield,False,Charles,Johnson,Johnson Capital Partners,Johnson Partners,8586 River Court,San Francisco,CA,94101
4129,MEMBER_CHANGE,Raymond James Financial Services,raymond_james,True,James,Young,Lee Wealth Partners,Lee Wealth Partners,8998 Park Dr,Fort Worth,TX,76101
4130,SPLIT_PARENT,Cetera Financial Group,cetera,True,Ashley,Cruz,Cruz Portfolio Group,Cruz Portfolio Group,6342 Main Court,San Jose,CA,95101
4131,RENAME,Harborview Private Wealth,harborview,False,Jessica,Phillips,Phillips Advisors,Phillips Family Office,8271 Adams Ave,Fort Worth,TX,76101
4132,MEMBER_CHANGE,DA Davidson & Co.,da_davidson,True,Daniel,Wright,Zhang Capital Group,Zhang Capital Group,4248 Broad Rd,Milwaukee,WI,53201
4133,MEMBER_CHANGE,Highfield Asset Management,highfield,False,James,Morris,Wilson Partners,Wilson Partners,9312 Willow Ln,San Francisco,CA,94101
4134,MEMBER_CHANGE,National Planning Holdings,nph,True,Paul,Yang,Davis Advisory Group,Davis Advisory Group,2485 Hill Pkwy,Louisville,KY,40201
4135,MEMBER_CHANGE,Northgate Investment Partners,northgate,False,Jessica,Baker,Wang Wealth Management,Wang Wealth Management,3625 Willow St,New York,NY,10001
4136,RENAME,Merrill Lynch Pierce Fenner & Smith,merrill_lynch,True,Richard,Yang,Yang Portfolio Group,Yang Capital Group,4880 Lincoln Ave,Raleigh,NC,27601
4137,MEMBER_CHANGE,Hilliard Lyons,hilliard_lyons,True,Rachel,Gomez,Collins Family Wealth Group,Collins Family Wealth Group,1083 Central St,Fort Worth,TX,76101
4138,MEMBER_CHANGE,Cambridge Investment Research,cambridge_inv,True,Emily,Flores,Roberts Institutional Group,Roberts Institutional Group,685 River Rd,Houston,TX,77001
4139,SPLIT_PARENT,UBS Financial Services,ubs,True,Andrew,Brown,Brown Wealth Partners,Brown Wealth Partners,4064 Maple Pl,Memphis,TN,38101
4140,RENAME,DA Davidson & Co.,da_davidson,True,Barbara,Wright,Wright & Lee Partners,Wright Private Wealth Group,3599 Spring Dr,Cleveland,OH,44101
4141,RENAME,Kingsbridge Capital Advisors,kingsbridge,False,Richard,Thompson,Thompson & Associates,Thompson Asset Management,3659 Commerce Rd,Kansas City,MO,64101
4142,MEMBER_CHANGE,Oppenheimer & Co.,oppenheimer,True,Anthony,Anderson,Rivera Wealth Management Group,Rivera Wealth Management Group,3329 Oak Pkwy,New York,NY,10001
4143,MEMBER_CHANGE,Wells Fargo Advisors,wells_fargo,True,Emily,Liu,Campbell Capital Group,Campbell Capital Group,6349 River Way,San Antonio,TX,78201
4144,MEMBER_CHANGE,Commonwealth Financial Network,commonwealth,True,Mark,Turner,Carter Wealth Partners,Carter Wealth Partners,691 Maple Pkwy,Los Angeles,CA,90001
4145,RENAME,Raymond James Financial Services,raymond_james,True,Dorothy,Patel,Patel & Associates,Patel Institutional Group,1782 Lincoln Pkwy,Cleveland,OH,44101
4146,MEMBER_CHANGE,Harborview Private Wealth,harborview,False,Barbara,Baker,Diaz Advisors,Diaz Advisors,8025 Liberty Ave,Milwaukee,WI,53201
4147,RENAME,Merrill Lynch Pierce Fenner & Smith,merrill_lynch,True,Richard,Torres,Torres & Parker Advisors,Torres Wealth Advisors,6477 Madison Court,Milwaukee,WI,53201
4148,MEMBER_CHANGE,Wells Fargo Advisors,wells_fargo,True,Daniel,Roberts,Roberts Portfolio Group,Roberts Portfolio Group,7800 Lincoln Way,Washington,DC,20001
4149,MEMBER_CHANGE,National Planning Holdings,nph,True,Margaret,Rivera,Thomas Institutional Group,Thomas Institutional Group,3363 Washington Ln,Houston,TX,77001
4150,MEMBER_CHANGE,Commonwealth Financial Network,commonwealth,True,Dorothy,Stewart,Reyes Capital Group,Reyes Capital Group,560 Spring Court,Fort Worth,TX,76101
4151,MEMBER_CHANGE,Hilliard Lyons,hilliard_lyons,True,Barbara,Jones,Martin Capital Group,Martin Capital Group,8932 Maple Pkwy,Washington,DC,20001
4152,MERGE_TARGET,Cetera Financial Group,cetera,True,Sarah,Adams,Adams Family Wealth Group,Adams Family Wealth Group,2556 Central Pl,Charlotte,NC,28201
4153,MEMBER_CHANGE,Hilliard Lyons,hilliard_lyons,True,Karen,Morgan,Harris Portfolio Group,Harris Portfolio Group,9820 Monroe Court,San Jose,CA,95101
4154,RENAME,Janney Montgomery Scott,janney,True,Christopher,Nguyen,Nguyen Portfolio Group,Nguyen Asset Management Group,2426 Cedar Way,Raleigh,NC,27601
4155,RENAME,Oppenheimer & Co.,oppenheimer,True,Helen,Williams,Williams & Yang Partners,Williams Private Wealth Group,5510 Central Rd,Milwaukee,WI,53201
4156,MERGE_SURVIVOR,Cetera Financial Group,cetera,True,Helen,Hall,Hall Portfolio Group,Hall Portfolio Group,3508 Main Dr,New York,NY,10001
4157,MEMBER_CHANGE,Raymond James Financial Services,raymond_james,True,Sarah,Thomas,Wright Advisory Group,Wright Advisory Group,2681 Jefferson Blvd,Raleigh,NC,27601
4158,RENAME,Northgate Investment Partners,northgate,False,Nancy,Green,Green & Associates,Green Wealth Management,9277 Church Dr,Indianapolis,IN,46201
4159,MEMBER_CHANGE,Oppenheimer & Co.,oppenheimer,True,David,Jackson,Turner Capital Group,Turner Capital Group,1103 Washington Pl,San Diego,CA,92101
4160,RENAME,Meridian Private Wealth,meridian_pw,False,Susan,Torres,Torres Wealth,Torres Investment Partners,7087 Cedar Dr,New York,NY,10001
4161,RENAME,Summit Peak Advisors,summit_peak,False,Jessica,Nelson,Nelson & Associates,Nelson Advisors,225 Central Pkwy,Raleigh,NC,27601
4162,MEMBER_CHANGE,Raymond James Financial Services,raymond_james,True,Betty,Yang,Turner Financial Group,Turner Financial Group,3766 Central Blvd,Raleigh,NC,27601
4163,MEMBER_CHANGE,Summit Peak Advisors,summit_peak,False,Daniel,Edwards,Baker Capital Partners,Baker Capital Partners,1999 Cedar Court,Seattle,WA,98101
4164,RENAME,Raymond James Financial Services,raymond_james,True,Sarah,Wilson,Wilson & Associates,Wilson Family Wealth Group,7976 Church Court,Las Vegas,NV,89101
4165,MEMBER_CHANGE,Edward Jones,edward_jones,True,Ashley,Baker,Morgan Portfolio Group,Morgan Portfolio Group,1107 Main Way,Phoenix,AZ,85001
4166,MEMBER_CHANGE,Raymond James Financial Services,raymond_james,True,Sandra,Adams,Brown Investment Group,Brown Investment Group,4665 Elm Dr,Seattle,WA,98101
4167,RENAME,Ridgeway Wealth Management,ridgeway,False,Andrew,Hall,Hall & Torres Group,Hall Advisors,949 Willow Way,Atlanta,GA,30301
4168,SPLIT_PARENT,Commonwealth Financial Network,commonwealth,True,Richard,Morris,Morris Portfolio Group,Morris Portfolio Group,7099 Cedar Pkwy,Pittsburgh,PA,15201
4169,SPLIT_PARENT,Kingsbridge Capital Advisors,kingsbridge,False,Patricia,Miller,Miller Family Office,Miller Family Office,6076 Liberty Pkwy,Milwaukee,WI,53201
4170,MEMBER_CHANGE,Hilliard Lyons,hilliard_lyons,True,Megan,Roberts,Hill Financial Group,Hill Financial Group,6763 River St,St. Louis,MO,63101
4171,MEMBER_CHANGE,Woodbury Financial Services,woodbury,True,Jessica,Anderson,Campbell Advisory Group,Campbell Advisory Group,3291 River Rd,New York,NY,10022
4172,MEMBER_CHANGE,Morgan Stanley Wealth Management,morgan_stanley,True,Jessica,Chen,Collins Capital Group,Collins Capital Group,2595 Washington Rd,San Diego,CA,92101
4173,MEMBER_CHANGE,Ridgeway Wealth Management,ridgeway,False,Margaret,Nelson,Cruz Private Wealth,Cruz Private Wealth,3315 Monroe Way,Richmond,VA,23219
4174,MEMBER_CHANGE,Edward Jones,edward_jones,True,Karen,Davis,Wilson Private Wealth Group,Wilson Private Wealth Group,9593 Maple Rd,Charlotte,NC,28201
4175,MEMBER_CHANGE,Woodbury Financial Services,woodbury,True,Lisa,Hall,Nelson Wealth Management Group,Nelson Wealth Management Group,6028 Liberty Rd,Raleigh,NC,27601
4176,RENAME,Ridgeway Wealth Management,ridgeway,False,Donald,Flores,Flores & Mitchell Advisors,Flores Partners,1968 Spring Way,Pittsburgh,PA,15201
4177,RENAME,Wells Fargo Advisors,wells_fargo,True,David,Wang,Wang & Associates,Wang Capital Group,708 Adams Ave,Los Angeles,CA,90001
4178,MEMBER_CHANGE,Merrill Lynch Pierce Fenner & Smith,merrill_lynch,True,Richard,Torres,Collins Investment Group,Collins Investment Group,6965 Main St,Miami,FL,33101
4179,MEMBER_CHANGE,UBS Financial Services,ubs,True,Steven,Davis,Hill Capital Group,Hill Capital Group,9283 Highland Dr,Indianapolis,IN,46201
4180,MEMBER_CHANGE,Meridian Private Wealth,meridian_pw,False,Christopher,Jones,Wang Private Wealth,Wang Private Wealth,9895 Jefferson Court,Fort Worth,TX,76101
4181,RENAME,Stifel Nicolaus & Company,stifel_nicolaus,True,Sarah,Young,Young & Associates,Young Wealth Advisors,8298 Liberty Dr,Washington,DC,20001
4182,RENAME,Commonwealth Financial Network,commonwealth,True,David,Phillips,Phillips & Associates,Phillips Investment Group,1866 River Pkwy,Memphis,TN,38101
4183,MEMBER_CHANGE,Commonwealth Financial Network,commonwealth,True,John,Flores,Garcia Wealth Partners,Garcia Wealth Partners,6398 Lake Court,Baltimore,MD,21201
4184,SPLIT_PARENT,Kingsbridge Capital Advisors,kingsbridge,False,Nancy,Zhang,Zhang Investment Partners,Zhang Investment Partners,4033 Elm St,Fort Worth,TX,76101
4185,MEMBER_CHANGE,Merrill Lynch Pierce Fenner & Smith,merrill_lynch,True,Joseph,Garcia,Edwards Investment Group,Edwards Investment Group,6779 Madison Pl,Dallas,TX,75201
4186,MEMBER_CHANGE,Northgate Investment Partners,northgate,False,Emily,Turner,Moore Investment Partners,Moore Investment Partners,6536 Central Pl,Indianapolis,IN,46201
4187,MEMBER_CHANGE,Meridian Private Wealth,meridian_pw,False,Megan,Allen,Yang Capital,Yang Capital,8260 Union Blvd,Seattle,WA,98101
4188,MEMBER_CHANGE,Morgan Stanley Wealth Management,morgan_stanley,True,Helen,Edwards,Khan Wealth Management Group,Khan Wealth Management Group,2414 Main Court,Memphis,TN,38101
4189,MEMBER_CHANGE,Ridgeway Wealth Management,ridgeway,False,Richard,Zhang,Garcia Investment Partners,Garcia Investment Partners,6276 Main Pl,Phoenix,AZ,85001
4190,MEMBER_CHANGE,National Planning Holdings,nph,True,Richard,Wilson,Carter Capital Group,Carter Capital Group,4684 Park Blvd,Minneapolis,MN,55401
4191,MEMBER_CHANGE,Highfield Asset Management,highfield,False,Michael,Wright,Hill Advisors,Hill Advisors,1034 Church Dr,Charlotte,NC,28201
4192,MEMBER_CHANGE,Oppenheimer & Co.,oppenheimer,True,Betty,Wang,Zhang Institutional Group,Zhang Institutional Group,3656 Lincoln Pkwy,Jacksonville,FL,32201
4193,MEMBER_CHANGE,Summit Peak Advisors,summit_peak,False,Matthew,Miller,Garcia Partners,Garcia Partners,1031 Adams St,Pittsburgh,PA,15201
4194,RENAME,UBS Financial Services,ubs,True,Susan,Lee,Lee Investment Group,Lee Portfolio Group,9744 Lake Ave,Boston,MA,02101
4195,MEMBER_CHANGE,Ameriprise Financial Services,ameriprise,True,Paul,Johnson,Davis Family Wealth Group,Davis Family Wealth Group,158 River Court,Los Angeles,CA,90001
4196,MEMBER_CHANGE,LPL Financial,lpl_financial,True,Patricia,Rivera,Diaz Advisory Group,Diaz Advisory Group,5603 Liberty Rd,Houston,TX,77001
4197,MEMBER_CHANGE,Oppenheimer & Co.,oppenheimer,True,Steven,Patel,Liu Portfolio Group,Liu Portfolio Group,3044 Broad St,Richmond,VA,23219
4198,MEMBER_CHANGE,Crestwood Family Office,crestwood,False,Lisa,Hall,Brown Investment Partners,Brown Investment Partners,3714 Church Way,Baltimore,MD,21201
4199,MERGE_TARGET,Cetera Financial Group,cetera,True,David,Harris,Harris Asset Management Group,Harris Asset Management Group,6553 Washington Court,New York,NY,10022
4200,MEMBER_CHANGE,Cambridge Investment Research,cambridge_inv,True,Emily,Scott,Wilson Investment Group,Wilson Investment Group,7130 Market Ave,Washington,DC,20001
4201,MEMBER_CHANGE,Meridian Private Wealth,meridian_pw,False,Margaret,Chen,Allen Capital Partners,Allen Capital Partners,4301 Monroe Way,New York,NY,10001
4202,MEMBER_CHANGE,Meridian Private Wealth,meridian_pw,False,Thomas,Zhang,Wang Advisors,Wang Advisors,1306 Maple St,Washington,DC,20001
4203,MEMBER_CHANGE,Ridgeway Wealth Management,ridgeway,False,Emily,Yang,Jackson Advisors,Jackson Advisors,237 Broad Ln,Minneapolis,MN,55401
4204,RENAME,Parkside Wealth Strategies,parkside,False,Matthew,Phillips,Phillips & Associates,Phillips Capital Partners,8354 River Blvd,Philadelphia,PA,19101
4205,RENAME,Securities America,securities_america,True,Rachel,Davis,Davis & Associates,Davis Family Wealth Group,5153 Elm Ln,St. Louis,MO,63101
4206,MERGE_TARGET,Stifel Nicolaus & Company,stifel_nicolaus,True,Patricia,Flores,Flores Family Wealth Group,Flores Family Wealth Group,5932 Church St,Philadelphia,PA,19101
4207,MEMBER_CHANGE,DA Davidson & Co.,da_davidson,True,Dorothy,Edwards,Green Financial Group,Green Financial Group,1710 Market Way,Raleigh,NC,27601
4208,RENAME,DA Davidson & Co.,da_davidson,True,Thomas,Parker,Parker & Associates,Parker Wealth Advisors,8991 Park Ln,Charlotte,NC,28201
4209,MEMBER_CHANGE,Cetera Financial Group,cetera,True,Christopher,Zhang,Campbell Institutional Group,Campbell Institutional Group,5957 Main Ave,Memphis,TN,38101
4210,MEMBER_CHANGE,Highfield Asset Management,highfield,False,Paul,Yang,Nelson Family Office,Nelson Family Office,2916 Highland Blvd,Austin,TX,78701
4211,RENAME,Cetera Financial Group,cetera,True,Sandra,Green,Green Family Wealth Group,Green Financial Group,8533 Liberty Court,New York,NY,10001
4212,MEMBER_CHANGE,National Planning Holdings,nph,True,John,Hill,Adams Institutional Group,Adams Institutional Group,6605 Maple Ln,Nashville,TN,37201
4213,MEMBER_CHANGE,LPL Financial,lpl_financial,True,Rachel,Hall,Carter Institutional Group,Carter Institutional Group,9966 Union Court,St. Louis,MO,63101
4214,MEMBER_CHANGE,Morgan Stanley Wealth Management,morgan_stanley,True,Karen,Adams,Young Portfolio Group,Young Portfolio Group,9663 Lake Pl,Portland,OR,97201
4215,RENAME,Securities America,securities_america,True,Richard,Wilson,Wilson & Associates,Wilson Capital Group,5693 Broad Way,Raleigh,NC,27601
4216,SPLIT_PARENT,Ameriprise Financial Services,ameriprise,True,Charles,Green,Green Capital Group,Green Capital Group,9983 Commerce Ln,Seattle,WA,98101
4217,MEMBER_CHANGE,Morgan Stanley Wealth Management,morgan_stanley,True,John,Roberts,Chen Advisory Group,Chen Advisory Group,9226 Willow Court,New York,NY,10022
4218,MEMBER_CHANGE,Oppenheimer & Co.,oppenheimer,True,Michael,White,Kim Private Wealth Group,Kim Private Wealth Group,4866 Cedar Way,Philadelphia,PA,19101
4219,MEMBER_CHANGE,Highfield Asset Management,highfield,False,Dorothy,Garcia,Wright Capital Partners,Wright Capital Partners,9134 Highland Dr,Portland,OR,97201
4220,MEMBER_CHANGE,Merrill Lynch Pierce Fenner & Smith,merrill_lynch,True,Linda,Wright,Gomez Capital Group,Gomez Capital Group,6595 Willow Ave,Tampa,FL,33601
4221,RENAME,Securities America,securities_america,True,Ashley,Garcia,Garcia & Cruz Advisors,Garcia Institutional Group,1970 River Court,Milwaukee,WI,53201
4222,MEMBER_CHANGE,UBS Financial Services,ubs,True,Nancy,King,Huang Institutional Group,Huang Institutional Group,6015 Monroe St,New York,NY,10001
4223,MEMBER_CHANGE,Harborview Private Wealth,harborview,False,Joseph,Davis,Anderson Investment Partners,Anderson Investment Partners,4519 Broad Blvd,Cleveland,OH,44101
4224,RENAME,Ameriprise Financial Services,ameriprise,True,Helen,Chen,Chen & Associates,Chen Financial Group,5827 Church Way,Chicago,IL,60601
4225,MEMBER_CHANGE,Kingsbridge Capital Advisors,kingsbridge,False,Karen,Brown,Diaz Partners,Diaz Partners,2414 Highland Dr,New York,NY,10022
4226,MEMBER_CHANGE,Wells Fargo Advisors,wells_fargo,True,Jessica,Chen,Reyes Investment Group,Reyes Investment Group,5668 Church St,Houston,TX,77001
4227,MEMBER_CHANGE,Kingsbridge Capital Advisors,kingsbridge,False,Linda,Kim,Hill Partners,Hill Partners,8183 Hill Blvd,Portland,OR,97201
4228,MEMBER_CHANGE,Northgate Investment Partners,northgate,False,Andrew,Flores,Hill Wealth Management,Hill Wealth Management,5746 Elm Blvd,San Jose,CA,95101
4229,MEMBER_CHANGE,Stifel Nicolaus & Company,stifel_nicolaus,True,James,Huang,Flores Portfolio Group,Flores Portfolio Group,3554 Cedar Court,New York,NY,10022
4230,MEMBER_CHANGE,DA Davidson & Co.,da_davidson,True,Karen,Parker,Liu Wealth Management Group,Liu Wealth Management Group,323 Commerce Dr,New York,NY,10022
4231,MEMBER_CHANGE,Raymond James Financial Services,raymond_james,True,Mark,Liu,Patel Investment Group,Patel Investment Group,6406 Church Ln,San Diego,CA,92101
4232,RENAME,Robert W. Baird & Co.,rwbaird,True,Emily,Adams,Adams Wealth Advisors,Adams Capital Group,4019 Commerce Rd,New York,NY,10022
4233,MEMBER_CHANGE,Harborview Private Wealth,harborview,False,Barbara,Roberts,Hall Wealth,Hall Wealth,4639 River Ln,St. Louis,MO,63101
4234,MEMBER_CHANGE,Hilliard Lyons,hilliard_lyons,True,Helen,Jackson,Cruz Financial Group,Cruz Financial Group,4289 Oak Ln,Tampa,FL,33601
4235,MEMBER_CHANGE,Highfield Asset Management,highfield,False,Joseph,Yang,Patel Advisors,Patel Advisors,6029 Church Rd,Indianapolis,IN,46201
4236,MEMBER_CHANGE,Hilliard Lyons,hilliard_lyons,True,Barbara,Taylor,Martin Capital Group,Martin Capital Group,1174 Hill Ln,Milwaukee,WI,53201
4237,MERGE_SURVIVOR,Highfield Asset Management,highfield,False,Helen,Mitchell,Mitchell Family Office,Mitchell Family Office,5898 Market Dr,San Francisco,CA,94101
4238,MEMBER_CHANGE,Cambridge Investment Research,cambridge_inv,True,Helen,Allen,Patel Wealth Partners,Patel Wealth Partners,9300 Adams Dr,Washington,DC,20001
4239,RENAME,Kingsbridge Capital Advisors,kingsbridge,False,Helen,Green,Green & Diaz Group,Green Capital,6923 Commerce Dr,Milwaukee,WI,53201
4240,MEMBER_CHANGE,DA Davidson & Co.,da_davidson,True,Betty,Thomas,Campbell Capital Group,Campbell Capital Group,4037 Elm St,Kansas City,MO,64101
4241,RENAME,Commonwealth Financial Network,commonwealth,True,Karen,Campbell,Campbell & Associates,Campbell Financial Group,174 Market Pkwy,Seattle,WA,98101
4242,MEMBER_CHANGE,Stifel Nicolaus & Company,stifel_nicolaus,True,Ashley,Turner,Morgan Institutional Group,Morgan Institutional Group,6793 Monroe Pkwy,Boston,MA,02101
4243,MEMBER_CHANGE,Edward Jones,edward_jones,True,James,Patel,Allen Advisory Group,Allen Advisory Group,7155 Broad Pl,Tampa,FL,33601
4244,MEMBER_CHANGE,UBS Financial Services,ubs,True,Kenneth,Yang,Johnson Family Wealth Group,Johnson Family Wealth Group,5106 Spring St,Louisville,KY,40201
4245,RENAME,Crestwood Family Office,crestwood,False,Robert,Phillips,Phillips Capital Partners,Phillips Capital,8816 Hill Ln,Kansas City,MO,64101
4246,RENAME,LPL Financial,lpl_financial,True,James,Brown,Brown Capital Group,Brown Financial Group,3328 Hill Blvd,St. Louis,MO,63101
4247,MEMBER_CHANGE,Northgate Investment Partners,northgate,False,James,Wright,Roberts Partners,Roberts Partners,7758 Jefferson Dr,Minneapolis,MN,55401
4248,MEMBER_CHANGE,Parkside Wealth Strategies,parkside,False,Thomas,King,Zhang Wealth Management,Zhang Wealth Management,5256 Hill Pl,New York,NY,10001
4249,MEMBER_CHANGE,Stifel Nicolaus & Company,stifel_nicolaus,True,Joseph,Diaz,Kim Wealth Management Group,Kim Wealth Management Group,1139 Madison Blvd,Oklahoma City,OK,73101
4250,RENAME,Securities America,securities_america,True,Lisa,Davis,Davis & Harris Advisors,Davis Capital Group,729 Union Blvd,New York,NY,10001
4251,RENAME,Janney Montgomery Scott,janney,True,Jennifer,Johnson,Johnson & Khan Partners,Johnson Institutional Group,3130 Central Ave,Denver,CO,80201
4252,MEMBER_CHANGE,Edward Jones,edward_jones,True,Helen,Johnson,White Private Wealth Group,White Private Wealth Group,2381 Jefferson Pkwy,Indianapolis,IN,46201
4253,MEMBER_CHANGE,Northgate Investment Partners,northgate,False,Linda,Allen,Lee Advisors,Lee Advisors,8152 Broad Pl,Jacksonville,FL,32201
4254,RENAME,Merrill Lynch Pierce Fenner & Smith,merrill_lynch,True,Richard,Davis,Davis & Carter Partners,Davis Investment Group,4015 Union Pl,Portland,OR,97201
4255,MEMBER_CHANGE,Morgan Stanley Wealth Management,morgan_stanley,True,Donald,Phillips,Huang Investment Group,Huang Investment Group,6671 Willow Blvd,Kansas City,MO,64101
4256,SPLIT_PARENT,Clearwater Capital Group,clearwater,False,Steven,Moore,Moore Asset Management,Moore Asset Management,7212 Union Ln,Austin,TX,78701
4257,MEMBER_CHANGE,Summit Peak Advisors,summit_peak,False,Megan,Johnson,Davis Partners,Davis Partners,8678 Willow Way,Columbus,OH,43201
4258,RENAME,Cambridge Investment Research,cambridge_inv,True,Matthew,Carter,Carter Advisory Group,Carter Family Wealth Group,5835 Willow Rd,Oklahoma City,OK,73101
4259,MEMBER_CHANGE,Merrill Lynch Pierce Fenner & Smith,merrill_lynch,True,Jessica,Wang,Turner Asset Management Group,Turner Asset Management Group,771 Broad Ave,Pittsburgh,PA,15201
4260,MEMBER_CHANGE,Stifel Nicolaus & Company,stifel_nicolaus,True,Jennifer,Hill,Miller Private Wealth Group,Miller Private Wealth Group,7909 Union Rd,Washington,DC,20001
4261,MEMBER_CHANGE,Clearwater Capital Group,clearwater,False,Nancy,Parker,King Advisors,King Advisors,7534 Liberty St,Baltimore,MD,21201
4262,MEMBER_CHANGE,Raymond James Financial Services,raymond_james,True,Megan,Chen,Anderson Wealth Advisors,Anderson Wealth Advisors,1863 Madison Way,Jacksonville,FL,32201
4263,MERGE_SURVIVOR,Stifel Nicolaus & Company,stifel_nicolaus,True,Ashley,Martin,Martin Asset Management Group,Martin Asset Management Group,1664 Elm Ave,Nashville,TN,37201
4264,MEMBER_CHANGE,Clearwater Capital Group,clearwater,False,Betty,Johnson,Torres Family Office,Torres Family Office,2832 Monroe Ln,Indianapolis,IN,46201
4265,MERGE_SURVIVOR,Highfield Asset Management,highfield,False,Richard,Anderson,Anderson Family Office,Anderson Family Office,570 Market Rd,Cleveland,OH,44101
4266,MEMBER_CHANGE,Wells Fargo Advisors,wells_fargo,True,Steven,Smith,Patel Institutional Group,Patel Institutional Group,7342 Lincoln Blvd,New York,NY,10001
4267,MEMBER_CHANGE,National Planning Holdings,nph,True,Amanda,Nguyen,Kim Wealth Management Group,Kim Wealth Management Group,7045 Highland Dr,Phoenix,AZ,85001
4268,MEMBER_CHANGE,Woodbury Financial Services,woodbury,True,James,Brown,Harris Wealth Management Group,Harris Wealth Management Group,3948 Broad Pkwy,Oklahoma City,OK,73101
4269,MEMBER_CHANGE,Merrill Lynch Pierce Fenner & Smith,merrill_lynch,True,Michael,Phillips,Stewart Financial Group,Stewart Financial Group,1071 River Pl,Los Angeles,CA,90001
4270,MEMBER_CHANGE,Harborview Private Wealth,harborview,False,Charles,Nelson,Reyes Wealth Management,Reyes Wealth Management,9769 Central Blvd,San Diego,CA,92101
4271,MEMBER_CHANGE,Parkside Wealth Strategies,parkside,False,Megan,Lee,Adams Advisors,Adams Advisors,1737 Washington Dr,San Francisco,CA,94101
4272,MEMBER_CHANGE,Summit Peak Advisors,summit_peak,False,Helen,Phillips,Lee Asset Management,Lee Asset Management,9210 Market St,Denver,CO,80201
4273,RENAME,Cambridge Investment Research,cambridge_inv,True,Lisa,Zhang,Zhang Asset Management Group,Zhang Private Wealth Group,4880 Church Blvd,Chicago,IL,60601
4274,SPLIT_PARENT,Raymond James Financial Services,raymond_james,True,Karen,Phillips,Phillips Advisory Group,Phillips Advisory Group,6665 River Pl,Los Angeles,CA,90001
4275,RENAME,Meridian Private Wealth,meridian_pw,False,Charles,Carter,Carter & Smith Partners,Carter Capital,3991 Cedar Dr,Indianapolis,IN,46201
4276,RENAME,Raymond James Financial Services,raymond_james,True,Patricia,Torres,Torres & Martin Group,Torres Capital Group,7334 Lincoln Way,Austin,TX,78701
4277,MEMBER_CHANGE,Woodbury Financial Services,woodbury,True,Michael,Wright,Jones Private Wealth Group,Jones Private Wealth Group,5526 River Pkwy,New York,NY,10022
4278,MEMBER_CHANGE,Crestwood Family Office,crestwood,False,Emily,Garcia,Turner Investment Partners,Turner Investment Partners,3279 Maple Court,Jacksonville,FL,32201
4279,MEMBER_CHANGE,Kingsbridge Capital Advisors,kingsbridge,False,John,Garcia,Harris Family Office,Harris Family Office,6203 Lake Ave,Los Angeles,CA,90001
4280,RENAME,Ridgeway Wealth Management,ridgeway,False,Christopher,Parker,Parker & Moore Group,Parker Wealth Management,8026 Commerce Ave,Philadelphia,PA,19101
4281,MEMBER_CHANGE,Oppenheimer & Co.,oppenheimer,True,Megan,Thompson,Flores Investment Group,Flores Investment Group,9677 Cedar Way,St. Louis,MO,63101
4282,MEMBER_CHANGE,Raymond James Financial Services,raymond_james,True,Jessica,Reyes,Yang Capital Group,Yang Capital Group,1152 Jefferson Dr,San Jose,CA,95101
4283,MEMBER_CHANGE,Cambridge Investment Research,cambridge_inv,True,Steven,Cruz,Chen Asset Management Group,Chen Asset Management Group,2414 Union Pkwy,Phoenix,AZ,85001
4284,MEMBER_CHANGE,Crestwood Family Office,crestwood,False,Andrew,White,Reyes Asset Management,Reyes Asset Management,8114 Lake Pkwy,Dallas,TX,75201
4285,MEMBER_CHANGE,LPL Financial,lpl_financial,True,Donald,Carter,Gomez Wealth Advisors,Gomez Wealth Advisors,4133 Lincoln Pkwy,Houston,TX,77001
4286,MEMBER_CHANGE,Summit Peak Advisors,summit_peak,False,Daniel,Young,Adams Advisors,Adams Advisors,7644 Madison Way,San Antonio,TX,78201
4287,RENAME,Northgate Investment Partners,northgate,False,John,Scott,Scott & Associates,Scott Capital,9354 Market Way,Minneapolis,MN,55401
4288,MEMBER_CHANGE,Morgan Stanley Wealth Management,morgan_stanley,True,John,Morris,Diaz Wealth Partners,Diaz Wealth Partners,5773 Broad Pkwy,Phoenix,AZ,85001
4289,SPLIT_PARENT,Hilliard Lyons,hilliard_lyons,True,Matthew,Brown,Brown Wealth Partners,Brown Wealth Partners,4591 Spring St,New York,NY,10001
4290,RENAME,Summit Peak Advisors,summit_peak,False,Daniel,Smith,Smith & Thomas Advisors,Smith Capital,6281 Adams Court,Charlotte,NC,28201
4291,MEMBER_CHANGE,Securities America,securities_america,True,Richard,Campbell,Carter Portfolio Group,Carter Portfolio Group,660 Park Rd,Washington,DC,20001
4292,RENAME,Highfield Asset Management,highfield,False,Michael,Taylor,Taylor Private Wealth,Taylor Wealth Management,5280 Market Ln,Atlanta,GA,30301
4293,MEMBER_CHANGE,Northgate Investment Partners,northgate,False,Sarah,Stewart,Brown Advisors,Brown Advisors,878 Hill St,St. Louis,MO,63101
4294,RENAME,Northgate Investment Partners,northgate,False,Anthony,Thompson,Thompson & Huang Advisors,Thompson Family Office,7624 Union Pl,Denver,CO,80201
4295,MEMBER_CHANGE,Kingsbridge Capital Advisors,kingsbridge,False,Donald,Parker,Mitchell Capital,Mitchell Capital,4033 Madison Court,Miami,FL,33101
4296,MEMBER_CHANGE,Wells Fargo Advisors,wells_fargo,True,Sarah,Zhang,Jones Advisory Group,Jones Advisory Group,9102 Union Blvd,Atlanta,GA,30301
4297,MEMBER_CHANGE,LPL Financial,lpl_financial,True,Dorothy,Yang,Brown Capital Group,Brown Capital Group,1740 Lake Dr,San Francisco,CA,94101
4298,MEMBER_CHANGE,DA Davidson & Co.,da_davidson,True,Michael,Huang,Miller Wealth Advisors,Miller Wealth Advisors,5187 Washington Blvd,New York,NY,10001
4299,RENAME,Wells Fargo Advisors,wells_fargo,True,Donald,Mitchell,Mitchell Private Wealth Group,Mitchell Institutional Group,9060 Washington Pl,Charlotte,NC,28201
4300,SPLIT_PARENT,LPL Financial,lpl_financial,True,Robert,Morgan,Morgan Wealth Advisors,Morgan Wealth Advisors,3327 Union Ave,Las Vegas,NV,89101
4301,MEMBER_CHANGE,Cambridge Investment Research,cambridge_inv,True,Mark,Gomez,Reyes Institutional Group,Reyes Institutional Group,6835 Lake Ln,New York,NY,10001
4302,MEMBER_CHANGE,Stifel Nicolaus & Company,stifel_nicolaus,True,Sarah,Allen,Roberts Institutional Group,Roberts Institutional Group,1508 Church Way,Charlotte,NC,28201
4303,RENAME,Crestwood Family Office,crestwood,False,Nancy,Phillips,Phillips Capital Partners,Phillips Partners,7732 Adams Court,Pittsburgh,PA,15201
4304,RENAME,Harborview Private Wealth,harborview,False,Kenneth,Diaz,Diaz Wealth Management,Diaz Capital Partners,7119 Commerce Blvd,Los Angeles,CA,90001
4305,MEMBER_CHANGE,UBS Financial Services,ubs,True,Jennifer,Morgan,Scott Investment Group,Scott Investment Group,1423 Hill Ave,Chicago,IL,60601
4306,MEMBER_CHANGE,Commonwealth Financial Network,commonwealth,True,Margaret,Khan,Nelson Private Wealth Group,Nelson Private Wealth Group,7205 Lake Rd,Boston,MA,02101
4307,RENAME,Hilliard Lyons,hilliard_lyons,True,John,Patel,Patel Advisory Group,Patel Institutional Group,8834 Broad Pl,Philadelphia,PA,19101
4308,MEMBER_CHANGE,LPL Financial,lpl_financial,True,William,Nguyen,Nelson Wealth Management Group,Nelson Wealth Management Group,8768 Willow Ave,San Antonio,TX,78201
4309,MEMBER_CHANGE,Highfield Asset Management,highfield,False,Megan,Khan,Morris Wealth,Morris Wealth,4438 Church Rd,Louisville,KY,40201
4310,MEMBER_CHANGE,Robert W. Baird & Co.,rwbaird,True,Lisa,Stewart,Flores Portfolio Group,Flores Portfolio Group,7843 Elm Pkwy,Memphis,TN,38101
4311,MEMBER_CHANGE,Hilliard Lyons,hilliard_lyons,True,Karen,King,Nguyen Private Wealth Group,Nguyen Private Wealth Group,9931 Washington Way,Milwaukee,WI,53201
4312,MEMBER_CHANGE,Commonwealth Financial Network,commonwealth,True,Nancy,Carter,Harris Financial Group,Harris Financial Group,7409 Adams Ave,Miami,FL,33101
4313,MEMBER_CHANGE,Cambridge Investment Research,cambridge_inv,True,Linda,Harris,Morris Investment Group,Morris Investment Group,7073 Lake Pkwy,Washington,DC,20001
4314,MEMBER_CHANGE,DA Davidson & Co.,da_davidson,True,Ashley,Cruz,Wilson Family Wealth Group,Wilson Family Wealth Group,6681 Monroe Ln,Atlanta,GA,30301
4315,MEMBER_CHANGE,Securities America,securities_america,True,Ashley,Roberts,Johnson Capital Group,Johnson Capital Group,6054 Commerce Dr,Kansas City,MO,64101
4316,MEMBER_CHANGE,Wells Fargo Advisors,wells_fargo,True,Paul,Evans,Mitchell Wealth Advisors,Mitchell Wealth Advisors,7928 Adams Rd,Los Angeles,CA,90001
4317,MEMBER_CHANGE,LPL Financial,lpl_financial,True,Karen,Davis,Jackson Institutional Group,Jackson Institutional Group,4829 Union Ln,Houston,TX,77001
4318,MEMBER_CHANGE,Janney Montgomery Scott,janney,True,John,Brown,Patel Asset Management Group,Patel Asset Management Group,6346 Washington Way,Milwaukee,WI,53201
4319,SPLIT_PARENT,Edward Jones,edward_jones,True,Anthony,Smith,Smith Wealth Partners,Smith Wealth Partners,1909 Maple Way,Baltimore,MD,21201
4320,MEMBER_CHANGE,Northgate Investment Partners,northgate,False,James,Jackson,Cruz Investment Partners,Cruz Investment Partners,2952 Church Ave,Louisville,KY,40201
4321,MEMBER_CHANGE,LPL Financial,lpl_financial,True,Sandra,Edwards,Rivera Advisory Group,Rivera Advisory Group,1946 Broad Ln,Tampa,FL,33601
4322,MEMBER_CHANGE,Crestwood Family Office,crestwood,False,Linda,Diaz,Jackson Family Office,Jackson Family Office,4391 Commerce St,Indianapolis,IN,46201
4323,MEMBER_CHANGE,DA Davidson & Co.,da_davidson,True,Linda,Gomez,Nguyen Wealth Advisors,Nguyen Wealth Advisors,9363 Lincoln Pkwy,Miami,FL,33101
4324,RENAME,Highfield Asset Management,highfield,False,Patricia,Kim,Kim Capital Partners,Kim Partners,3646 Lincoln Court,Boston,MA,02101
4325,MEMBER_CHANGE,Northgate Investment Partners,northgate,False,Lisa,Miller,Smith Partners,Smith Partners,4659 Central Dr,Minneapolis,MN,55401
4326,RENAME,Ridgeway Wealth Management,ridgeway,False,Megan,Wang,Wang & Wilson Group,Wang Advisors,6679 Adams Dr,Phoenix,AZ,85001
4327,MEMBER_CHANGE,Northgate Investment Partners,northgate,False,Matthew,Garcia,Roberts Capital,Roberts Capital,2475 Monroe Pkwy,San Antonio,TX,78201
4328,RENAME,Ridgeway Wealth Management,ridgeway,False,Christopher,Baker,Baker & Associates,Baker Partners,6380 Spring Pkwy,Columbus,OH,43201
4329,MEMBER_CHANGE,Robert W. Baird & Co.,rwbaird,True,Mark,Diaz,Williams Wealth Partners,Williams Wealth Partners,917 Lincoln Blvd,Pittsburgh,PA,15201
4330,MEMBER_CHANGE,Wells Fargo Advisors,wells_fargo,True,Susan,Jackson,Mitchell Financial Group,Mitchell Financial Group,2890 Elm Court,San Jose,CA,95101
4331,MEMBER_CHANGE,Robert W. Baird & Co.,rwbaird,True,Karen,Yang,Davis Wealth Advisors,Davis Wealth Advisors,3255 Main Ave,Tampa,FL,33601
4332,MEMBER_CHANGE,Wells Fargo Advisors,wells_fargo,True,Margaret,Martin,Edwards Portfolio Group,Edwards Portfolio Group,6661 Church St,Raleigh,NC,27601
4333,MEMBER_CHANGE,Oppenheimer & Co.,oppenheimer,True,Amanda,Taylor,Campbell Portfolio Group,Campbell Portfolio Group,8630 Church Rd,Portland,OR,97201
4334,MEMBER_CHANGE,Commonwealth Financial Network,commonwealth,True,William,Harris,Gomez Portfolio Group,Gomez Portfolio Group,7453 Broad Pkwy,Chicago,IL,60601
4335,MEMBER_CHANGE,Oppenheimer & Co.,oppenheimer,True,Daniel,Brown,Kim Investment Group,Kim Investment Group,1844 Commerce Ave,San Antonio,TX,78201
4336,RENAME,Robert W. Baird & Co.,rwbaird,True,Jessica,Zhang,Zhang & Associates,Zhang Asset Management Group,5600 Madison Pl,Cleveland,OH,44101
4337,RENAME,Crestwood Family Office,crestwood,False,Richard,Carter,Carter & Jones Partners,Carter Wealth Management,8857 Union Ave,New York,NY,10001
4338,MEMBER_CHANGE,Cetera Financial Group,cetera,True,Ashley,Smith,Hall Advisory Group,Hall Advisory Group,5234 Madison Dr,Philadelphia,PA,19101
4339,RENAME,Cetera Financial Group,cetera,True,Matthew,Chen,Chen & Associates,Chen Private Wealth Group,2855 Broad Way,Louisville,KY,40201
4340,MEMBER_CHANGE,Clearwater Capital Group,clearwater,False,Andrew,Jones,Adams Capital,Adams Capital,6889 Cedar Ln,St. Louis,MO,63101
4341,MEMBER_CHANGE,Janney Montgomery Scott,janney,True,Andrew,Collins,Flores Advisory Group,Flores Advisory Group,8095 Central Court,Houston,TX,77001
4342,MEMBER_CHANGE,Merrill Lynch Pierce Fenner & Smith,merrill_lynch,True,Dorothy,Chen,Chen Advisory Group,Chen Advisory Group,8710 Liberty Pkwy,Pittsburgh,PA,15201
4343,MEMBER_CHANGE,Highfield Asset Management,highfield,False,Susan,Allen,Brown Family Office,Brown Family Office,8790 Washington St,San Antonio,TX,78201
4344,RENAME,Northgate Investment Partners,northgate,False,Anthony,Diaz,Diaz & Associates,Diaz Partners,8285 Maple Ln,Minneapolis,MN,55401
4345,MERGE_SURVIVOR,Hilliard Lyons,hilliard_lyons,True,Matthew,Patel,Patel Institutional Group,Patel Institutional Group,2913 Cedar Ln,Columbus,OH,43201
4346,MEMBER_CHANGE,Summit Peak Advisors,summit_peak,False,Joseph,Hill,Flores Wealth,Flores Wealth,4066 Maple Way,Richmond,VA,23219
4347,MEMBER_CHANGE,Meridian Private Wealth,meridian_pw,False,Richard,Flores,Wright Investment Partners,Wright Investment Partners,9576 Oak St,Denver,CO,80201
4348,MEMBER_CHANGE,Harborview Private Wealth,harborview,False,Patricia,Zhang,Chen Partners,Chen Partners,4075 Commerce Blvd,St. Louis,MO,63101
4349,MEMBER_CHANGE,Hilliard Lyons,hilliard_lyons,True,Margaret,Adams,Torres Wealth Advisors,Torres Wealth Advisors,5554 Market Dr,Oklahoma City,OK,73101
4350,MEMBER_CHANGE,Harborview Private Wealth,harborview,False,William,Scott,Yang Advisors,Yang Advisors,9892 Highland Court,San Antonio,TX,78201
4351,RENAME,Raymond James Financial Services,raymond_james,True,Patricia,Zhang,Zhang Advisory Group,Zhang Wealth Partners,3668 Broad Blvd,Dallas,TX,75201
4352,MEMBER_CHANGE,Parkside Wealth Strategies,parkside,False,Mark,Yang,Morgan Private Wealth,Morgan Private Wealth,1834 Jefferson Rd,Houston,TX,77001
4353,MEMBER_CHANGE,Clearwater Capital Group,clearwater,False,Emily,Reyes,Edwards Capital,Edwards Capital,5386 Central Ave,Indianapolis,IN,46201
4354,MEMBER_CHANGE,Clearwater Capital Group,clearwater,False,Nancy,Gomez,Huang Family Office,Huang Family Office,3040 Cedar Blvd,Jacksonville,FL,32201
4355,MEMBER_CHANGE,DA Davidson & Co.,da_davidson,True,Karen,Liu,Davis Family Wealth Group,Davis Family Wealth Group,8980 Lincoln Dr,Portland,OR,97201
4356,MEMBER_CHANGE,Woodbury Financial Services,woodbury,True,Sandra,Brown,Scott Wealth Partners,Scott Wealth Partners,1700 Park Court,Indianapolis,IN,46201
4357,MEMBER_CHANGE,Oppenheimer & Co.,oppenheimer,True,Nancy,Patel,Miller Capital Group,Miller Capital Group,6483 Park St,St. Louis,MO,63101
4358,RENAME,Stifel Nicolaus & Company,stifel_nicolaus,True,James,Yang,Yang Wealth Management Group,Yang Financial Group,9894 Lincoln Court,Oklahoma City,OK,73101
4359,MEMBER_CHANGE,Northgate Investment Partners,northgate,False,Steven,Morris,Williams Wealth Management,Williams Wealth Management,7122 Liberty Rd,Louisville,KY,40201
4360,RENAME,Highfield Asset Management,highfield,False,Rachel,Mitchell,Mitchell Wealth,Mitchell Capital Partners,2321 Church Rd,Los Angeles,CA,90001
4361,MEMBER_CHANGE,Securities America,securities_america,True,Barbara,White,Phillips Investment Group,Phillips Investment Group,1863 Jefferson Way,Jacksonville,FL,32201
4362,MEMBER_CHANGE,Oppenheimer & Co.,oppenheimer,True,Sandra,Hill,Flores Asset Management Group,Flores Asset Management Group,8426 Maple Ave,Fort Worth,TX,76101
4363,MEMBER_CHANGE,Edward Jones,edward_jones,True,Emily,Adams,Baker Advisory Group,Baker Advisory Group,7125 Jefferson St,Raleigh,NC,27601
4364,RENAME,Harborview Private Wealth,harborview,False,Thomas,Davis,Davis Investment Partners,Davis Capital Partners,3808 Liberty Rd,New York,NY,10001
4365,MEMBER_CHANGE,Harborview Private Wealth,harborview,False,Richard,Green,Allen Capital,Allen Capital,2912 Church Blvd,San Francisco,CA,94101
4366,MEMBER_CHANGE,Wells Fargo Advisors,wells_fargo,True,Margaret,Morris,Campbell Family Wealth Group,Campbell Family Wealth Group,3860 Oak Ln,Charlotte,NC,28201
4367,MEMBER_CHANGE,LPL Financial,lpl_financial,True,Paul,Chen,Green Capital Group,Green Capital Group,5155 Main Ave,Tampa,FL,33601
4368,MEMBER_CHANGE,Wells Fargo Advisors,wells_fargo,True,William,King,Young Wealth Partners,Young Wealth Partners,2855 River Court,San Francisco,CA,94101
4369,MEMBER_CHANGE,Raymond James Financial Services,raymond_james,True,Mark,White,Taylor Family Wealth Group,Taylor Family Wealth Group,4679 Lake Pl,New York,NY,10001
4370,RENAME,Harborview Private Wealth,harborview,False,Megan,Allen,Allen & Moore Advisors,Allen Capital Partners,6839 Willow Ave,San Antonio,TX,78201
4371,MEMBER_CHANGE,Ridgeway Wealth Management,ridgeway,False,Barbara,Moore,Green Wealth,Green Wealth,5610 Madison Rd,New York,NY,10001
4372,MEMBER_CHANGE,Woodbury Financial Services,woodbury,True,James,Johnson,Young Private Wealth Group,Young Private Wealth Group,5161 Commerce Pl,Jacksonville,FL,32201
4373,SPLIT_PARENT,Woodbury Financial Services,woodbury,True,Jessica,Evans,Evans Family Wealth Group,Evans Family Wealth Group,1164 Park Way,Los Angeles,CA,90001
4374,MEMBER_CHANGE,Oppenheimer & Co.,oppenheimer,True,Megan,Hall,Chen Institutional Group,Chen Institutional Group,2299 River Pl,Phoenix,AZ,85001
4375,MEMBER_CHANGE,Ridgeway Wealth Management,ridgeway,False,Patricia,Mitchell,Brown Asset Management,Brown Asset Management,3034 Lincoln Ave,Houston,TX,77001
4376,MEMBER_CHANGE,Morgan Stanley Wealth Management,morgan_stanley,True,Charles,Harris,King Asset Management Group,King Asset Management Group,5335 Broad Rd,Austin,TX,78701
4377,SPLIT_PARENT,Crestwood Family Office,crestwood,False,Emily,Gomez,Gomez Capital,Gomez Capital,677 Church Blvd,Charlotte,NC,28201
4378,RENAME,Commonwealth Financial Network,commonwealth,True,Nancy,Collins,Collins Private Wealth Group,Collins Asset Management Group,7190 Highland Ln,St. Louis,MO,63101
4379,MEMBER_CHANGE,LPL Financial,lpl_financial,True,Margaret,Parker,Roberts Capital Group,Roberts Capital Group,3929 Lake Court,Las Vegas,NV,89101
4380,MEMBER_CHANGE,Merrill Lynch Pierce Fenner & Smith,merrill_lynch,True,Emily,Torres,Martin Private Wealth Group,Martin Private Wealth Group,1171 Church Court,Jacksonville,FL,32201
4381,MEMBER_CHANGE,Woodbury Financial Services,woodbury,True,Sarah,Torres,Chen Portfolio Group,Chen Portfolio Group,3876 River Blvd,San Francisco,CA,94101
4382,MEMBER_CHANGE,Kingsbridge Capital Advisors,kingsbridge,False,Amanda,Patel,Young Partners,Young Partners,6302 Madison Blvd,Miami,FL,33101
4383,MEMBER_CHANGE,Crestwood Family Office,crestwood,False,Richard,Kim,Thompson Family Office,Thompson Family Office,3234 Park Rd,Cleveland,OH,44101
4384,SPLIT_PARENT,Securities America,securities_america,True,Megan,White,White Advisory Group,White Advisory Group,4316 Park Way,Louisville,KY,40201
4385,MEMBER_CHANGE,Wells Fargo Advisors,wells_fargo,True,Daniel,Anderson,Nguyen Asset Management Group,Nguyen Asset Management Group,4268 Adams St,Miami,FL,33101
4386,RENAME,Cetera Financial Group,cetera,True,Karen,Khan,Khan & Yang Advisors,Khan Wealth Partners,2979 River Dr,Boston,MA,02101
4387,RENAME,LPL Financial,lpl_financial,True,Nancy,Evans,Evans & Carter Partners,Evans Investment Group,9184 Spring Pl,New York,NY,10022
4388,RENAME,Ameriprise Financial Services,ameriprise,True,Paul,Jackson,Jackson & Yang Partners,Jackson Capital Group,455 Highland Pl,San Jose,CA,95101
4389,SPLIT_PARENT,Northgate Investment Partners,northgate,False,Helen,Turner,Turner Asset Management,Turner Asset Management,6214 Broad Rd,Raleigh,NC,27601
4390,MEMBER_CHANGE,Clearwater Capital Group,clearwater,False,Ashley,Jones,Harris Wealth Management,Harris Wealth Management,7094 Broad Ln,Seattle,WA,98101
4391,MEMBER_CHANGE,Oppenheimer & Co.,oppenheimer,True,Megan,Morgan,King Portfolio Group,King Portfolio Group,1674 Commerce Ln,Oklahoma City,OK,73101
4392,MEMBER_CHANGE,UBS Financial Services,ubs,True,Joseph,Torres,Nelson Private Wealth Group,Nelson Private Wealth Group,9102 Market Dr,New York,NY,10001
4393,MEMBER_CHANGE,UBS Financial Services,ubs,True,James,Green,Khan Portfolio Group,Khan Portfolio Group,5674 Hill Blvd,Boston,MA,02101
4394,RENAME,Cambridge Investment Research,cambridge_inv,True,Dorothy,Jackson,Jackson & Associates,Jackson Wealth Partners,4766 Adams Pkwy,Memphis,TN,38101
4395,RENAME,Ridgeway Wealth Management,ridgeway,False,Nancy,Campbell,Campbell Advisors,Campbell Family Office,7140 Jefferson Pkwy,Tampa,FL,33601
4396,MEMBER_CHANGE,Woodbury Financial Services,woodbury,True,Susan,Phillips,Martin Financial Group,Martin Financial Group,368 Madison Ave,Kansas City,MO,64101
4397,MEMBER_CHANGE,Harborview Private Wealth,harborview,False,Amanda,Rivera,Huang Family Office,Huang Family Office,9672 Oak Ave,Indianapolis,IN,46201
4398,MEMBER_CHANGE,Woodbury Financial Services,woodbury,True,John,Evans,Wang Private Wealth Group,Wang Private Wealth Group,1423 Main Dr,Cleveland,OH,44101
4399,MEMBER_CHANGE,Robert W. Baird & Co.,rwbaird,True,Helen,Khan,Miller Capital Group,Miller Capital Group,6525 Commerce Pl,Baltimore,MD,21201
4400,MEMBER_CHANGE,Cetera Financial Group,cetera,True,Nancy,King,Smith Institutional Group,Smith Institutional Group,5649 Maple Court,Miami,FL,33101
4401,MEMBER_CHANGE,Cetera Financial Group,cetera,True,Barbara,Parker,Cruz Private Wealth Group,Cruz Private Wealth Group,6397 Commerce Rd,Indianapolis,IN,46201
4402,MEMBER_CHANGE,National Planning Holdings,nph,True,Michael,Reyes,Jackson Wealth Partners,Jackson Wealth Partners,3499 Willow Pkwy,Milwaukee,WI,53201
4403,MEMBER_CHANGE,National Planning Holdings,nph,True,John,Young,King Wealth Management Group,King Wealth Management Group,4658 Spring St,Oklahoma City,OK,73101
4404,RENAME,Summit Peak Advisors,summit_peak,False,Margaret,Flores,Flores & Associates,Flores Wealth Management,3857 Commerce Pl,Denver,CO,80201
4405,SPLIT_PARENT,UBS Financial Services,ubs,True,Thomas,Lee,Lee Family Wealth Group,Lee Family Wealth Group,4430 Washington Court,Milwaukee,WI,53201
4406,RENAME,Merrill Lynch Pierce Fenner & Smith,merrill_lynch,True,Patricia,Chen,Chen Portfolio Group,Chen Family Wealth Group,8899 Highland Blvd,Oklahoma City,OK,73101
4407,MEMBER_CHANGE,Summit Peak Advisors,summit_peak,False,Andrew,Thompson,Davis Investment Partners,Davis Investment Partners,645 Elm Pl,Chicago,IL,60601
4408,MEMBER_CHANGE,Meridian Private Wealth,meridian_pw,False,Charles,Hill,Mitchell Private Wealth,Mitchell Private Wealth,8136 Madison Blvd,Las Vegas,NV,89101
4409,RENAME,Meridian Private Wealth,meridian_pw,False,Kenneth,Rivera,Rivera Family Office,Rivera Wealth,6838 Monroe Dr,Cleveland,OH,44101
4410,MEMBER_CHANGE,Kingsbridge Capital Advisors,kingsbridge,False,Daniel,Flores,Roberts Advisors,Roberts Advisors,6771 Central St,Las Vegas,NV,89101
4411,RENAME,Edward Jones,edward_jones,True,Sarah,Rivera,Rivera & Flores Advisors,Rivera Capital Group,3716 Main Ave,New York,NY,10022
4412,MEMBER_CHANGE,Northgate Investment Partners,northgate,False,Sandra,Harris,Zhang Capital,Zhang Capital,7297 Central Pkwy,Las Vegas,NV,89101
4413,SPLIT_PARENT,Woodbury Financial Services,woodbury,True,Jennifer,Garcia,Garcia Portfolio Group,Garcia Portfolio Group,3514 Main Rd,Miami,FL,33101
4414,MERGE_TARGET,Meridian Private Wealth,meridian_pw,False,Karen,Moore,Moore Capital Partners,Moore Capital Partners,7631 Willow Court,Las Vegas,NV,89101
4415,MEMBER_CHANGE,Northgate Investment Partners,northgate,False,Jennifer,Chen,Brown Advisors,Brown Advisors,6445 Spring Ln,Dallas,TX,75201
4416,RENAME,UBS Financial Services,ubs,True,Matthew,Stewart,Stewart Private Wealth Group,Stewart Asset Management Group,3632 Hill Rd,Seattle,WA,98101
4417,MEMBER_CHANGE,Edward Jones,edward_jones,True,Susan,Roberts,Martin Asset Management Group,Martin Asset Management Group,8434 Monroe Pkwy,Las Vegas,NV,89101
4418,MEMBER_CHANGE,Crestwood Family Office,crestwood,False,Anthony,Brown,White Wealth,White Wealth,8901 Maple Blvd,Jacksonville,FL,32201
4419,MEMBER_CHANGE,Stifel Nicolaus & Company,stifel_nicolaus,True,Sarah,Davis,Adams Institutional Group,Adams Institutional Group,7008 Maple Way,Chicago,IL,60601
4420,MEMBER_CHANGE,Ameriprise Financial Services,ameriprise,True,Sarah,Evans,Chen Private Wealth Group,Chen Private Wealth Group,7415 River Rd,Washington,DC,20001
4421,RENAME,Ameriprise Financial Services,ameriprise,True,Dorothy,Liu,Liu & Associates,Liu Asset Management Group,2935 Union Ln,San Diego,CA,92101
4422,MEMBER_CHANGE,DA Davidson & Co.,da_davidson,True,Charles,Morgan,Hill Financial Group,Hill Financial Group,8917 Spring St,Miami,FL,33101
4423,MEMBER_CHANGE,Woodbury Financial Services,woodbury,True,Robert,King,Wang Portfolio Group,Wang Portfolio Group,8101 Commerce Rd,Minneapolis,MN,55401
4424,RENAME,Northgate Investment Partners,northgate,False,Karen,Evans,Evans & Johnson Partners,Evans Investment Partners,4799 Church Dr,Seattle,WA,98101
4425,MEMBER_CHANGE,Clearwater Capital Group,clearwater,False,Mark,Torres,Collins Private Wealth,Collins Private Wealth,2366 Highland Pl,Jacksonville,FL,32201
4426,MEMBER_CHANGE,Ameriprise Financial Services,ameriprise,True,Michael,Wang,Patel Wealth Partners,Patel Wealth Partners,550 Monroe Dr,Raleigh,NC,27601
4427,MEMBER_CHANGE,DA Davidson & Co.,da_davidson,True,Kenneth,Chen,Flores Wealth Advisors,Flores Wealth Advisors,7887 River St,Indianapolis,IN,46201
4428,MEMBER_CHANGE,Meridian Private Wealth,meridian_pw,False,Emily,Green,Johnson Capital Partners,Johnson Capital Partners,7001 Jefferson Pl,Phoenix,AZ,85001
4429,MEMBER_CHANGE,Janney Montgomery Scott,janney,True,Emily,Green,Adams Capital Group,Adams Capital Group,3372 River Ave,Houston,TX,77001
4430,MEMBER_CHANGE,Oppenheimer & Co.,oppenheimer,True,Steven,Harris,Morgan Advisory Group,Morgan Advisory Group,3507 Oak Pkwy,Pittsburgh,PA,15201
4431,MEMBER_CHANGE,UBS Financial Services,ubs,True,Andrew,Miller,Diaz Family Wealth Group,Diaz Family Wealth Group,862 Highland Rd,Los Angeles,CA,90001
4432,RENAME,Summit Peak Advisors,summit_peak,False,Margaret,Torres,Torres Wealth,Torres Family Office,5950 Adams Court,Dallas,TX,75201
4433,MEMBER_CHANGE,Stifel Nicolaus & Company,stifel_nicolaus,True,Daniel,Wright,Reyes Wealth Partners,Reyes Wealth Partners,5726 Lake Court,Oklahoma City,OK,73101
4434,MEMBER_CHANGE,Kingsbridge Capital Advisors,kingsbridge,False,Robert,Diaz,Torres Advisors,Torres Advisors,5702 Washington Dr,San Diego,CA,92101
4435,MEMBER_CHANGE,Cetera Financial Group,cetera,True,Barbara,Johnson,Williams Institutional Group,Williams Institutional Group,320 Oak Rd,Kansas City,MO,64101
4436,MEMBER_CHANGE,Morgan Stanley Wealth Management,morgan_stanley,True,Susan,Stewart,Stewart Private Wealth Group,Stewart Private Wealth Group,1249 Oak Dr,Denver,CO,80201
4437,MEMBER_CHANGE,National Planning Holdings,nph,True,Robert,Flores,Lee Asset Management Group,Lee Asset Management Group,1374 Maple Pkwy,St. Louis,MO,63101
4438,MEMBER_CHANGE,Cambridge Investment Research,cambridge_inv,True,Margaret,Thomas,Gomez Family Wealth Group,Gomez Family Wealth Group,6638 Spring Ave,Phoenix,AZ,85001
4439,MEMBER_CHANGE,Securities America,securities_america,True,Andrew,Hall,Cruz Capital Group,Cruz Capital Group,8331 Park Way,San Francisco,CA,94101
4440,MEMBER_CHANGE,DA Davidson & Co.,da_davidson,True,Daniel,Chen,Jones Wealth Partners,Jones Wealth Partners,5120 Commerce Way,Milwaukee,WI,53201
4441,MEMBER_CHANGE,Parkside Wealth Strategies,parkside,False,Christopher,Martin,Rivera Family Office,Rivera Family Office,8474 Commerce St,San Francisco,CA,94101
4442,MEMBER_CHANGE,Crestwood Family Office,crestwood,False,Lisa,Wang,Reyes Wealth Management,Reyes Wealth Management,6843 Lincoln Ln,Boston,MA,02101
4443,SPLIT_PARENT,Highfield Asset Management,highfield,False,Charles,Collins,Collins Wealth Management,Collins Wealth Management,359 Adams Pl,San Diego,CA,92101
4444,RENAME,Hilliard Lyons,hilliard_lyons,True,Betty,Wright,Wright & Associates,Wright Portfolio Group,9703 Willow St,Cleveland,OH,44101
4445,MEMBER_CHANGE,Kingsbridge Capital Advisors,kingsbridge,False,Christopher,Scott,Jones Investment Partners,Jones Investment Partners,2788 Liberty Dr,Columbus,OH,43201
4446,MEMBER_CHANGE,Morgan Stanley Wealth Management,morgan_stanley,True,Anthony,Reyes,Roberts Family Wealth Group,Roberts Family Wealth Group,3146 Commerce Ln,Seattle,WA,98101
4447,SPLIT_PARENT,Meridian Private Wealth,meridian_pw,False,John,King,King Investment Partners,King Investment Partners,7983 Union Dr,Richmond,VA,23219
4448,RENAME,Securities America,securities_america,True,Sandra,Anderson,Anderson & Gomez Group,Anderson Investment Group,1199 Hill St,Washington,DC,20001
4449,RENAME,Merrill Lynch Pierce Fenner & Smith,merrill_lynch,True,Anthony,Liu,Liu & Associates,Liu Private Wealth Group,8815 Lincoln Ln,Los Angeles,CA,90001
4450,MEMBER_CHANGE,Janney Montgomery Scott,janney,True,Betty,Wright,Allen Financial Group,Allen Financial Group,4091 Park Court,Pittsburgh,PA,15201
4451,MEMBER_CHANGE,Clearwater Capital Group,clearwater,False,Rachel,Brown,Martin Capital Partners,Martin Capital Partners,8297 Spring Blvd,Indianapolis,IN,46201
4452,SPLIT_PARENT,Ameriprise Financial Services,ameriprise,True,Kenneth,Huang,Huang Wealth Partners,Huang Wealth Partners,2200 Main Dr,Nashville,TN,37201
4453,MEMBER_CHANGE,Woodbury Financial Services,woodbury,True,William,Anderson,Young Private Wealth Group,Young Private Wealth Group,373 Adams Blvd,Columbus,OH,43201
4454,MEMBER_CHANGE,Summit Peak Advisors,summit_peak,False,Rachel,Wilson,Baker Advisors,Baker Advisors,5954 Maple Court,Baltimore,MD,21201
4455,MEMBER_CHANGE,Cetera Financial Group,cetera,True,Daniel,Rivera,Kim Financial Group,Kim Financial Group,7949 River Ave,Fort Worth,TX,76101
4456,MEMBER_CHANGE,Merrill Lynch Pierce Fenner & Smith,merrill_lynch,True,Lisa,Anderson,Wang Capital Group,Wang Capital Group,1350 Market Dr,New York,NY,10001
4457,MEMBER_CHANGE,Raymond James Financial Services,raymond_james,True,Barbara,Khan,Rivera Capital Group,Rivera Capital Group,3304 Hill Ln,Nashville,TN,37201
4458,MEMBER_CHANGE,Securities America,securities_america,True,Susan,Allen,Scott Advisory Group,Scott Advisory Group,8738 Monroe Court,Louisville,KY,40201
4459,MEMBER_CHANGE,Kingsbridge Capital Advisors,kingsbridge,False,Amanda,Wilson,Edwards Wealth,Edwards Wealth,8111 Central Pkwy,Nashville,TN,37201
4460,MEMBER_CHANGE,Oppenheimer & Co.,oppenheimer,True,Susan,Taylor,Khan Portfolio Group,Khan Portfolio Group,1048 Highland Court,Denver,CO,80201
4461,SPLIT_PARENT,Harborview Private Wealth,harborview,False,William,Wang,Wang Capital,Wang Capital,9176 Lincoln Pl,Louisville,KY,40201
4462,MEMBER_CHANGE,Summit Peak Advisors,summit_peak,False,William,Green,Chen Wealth,Chen Wealth,6273 Jefferson Pl,Richmond,VA,23219
4463,MEMBER_CHANGE,LPL Financial,lpl_financial,True,David,Morris,Mitchell Advisory Group,Mitchell Advisory Group,1690 Highland Dr,Denver,CO,80201
4464,MEMBER_CHANGE,Securities America,securities_america,True,William,Parker,Garcia Wealth Advisors,Garcia Wealth Advisors,772 Adams St,Jacksonville,FL,32201
4465,MEMBER_CHANGE,Securities America,securities_america,True,Paul,Reyes,Lee Wealth Partners,Lee Wealth Partners,6410 Park Rd,San Diego,CA,92101
4466,RENAME,Harborview Private Wealth,harborview,False,Megan,Lee,Lee Family Office,Lee Capital,5207 Washington Ave,St. Louis,MO,63101
4467,MEMBER_CHANGE,Highfield Asset Management,highfield,False,Paul,Adams,Roberts Capital Partners,Roberts Capital Partners,4067 Monroe St,Pittsburgh,PA,15201
4468,MEMBER_CHANGE,Crestwood Family Office,crestwood,False,Jessica,King,Anderson Wealth,Anderson Wealth,8537 Spring Blvd,Raleigh,NC,27601
4469,MERGE_SURVIVOR,Highfield Asset Management,highfield,False,Matthew,Young,Young Wealth,Young Wealth,1527 River Ln,Phoenix,AZ,85001
4470,MEMBER_CHANGE,Edward Jones,edward_jones,True,Amanda,Garcia,Garcia Capital Group,Garcia Capital Group,5938 Willow Dr,Chicago,IL,60601
4471,MEMBER_CHANGE,Merrill Lynch Pierce Fenner & Smith,merrill_lynch,True,Patricia,Garcia,White Wealth Management Group,White Wealth Management Group,3209 Oak Rd,Seattle,WA,98101
4472,MEMBER_CHANGE,Morgan Stanley Wealth Management,morgan_stanley,True,Michael,Wright,Adams Wealth Advisors,Adams Wealth Advisors,1540 Union Ave,Chicago,IL,60601
4473,SPLIT_PARENT,Woodbury Financial Services,woodbury,True,Margaret,Torres,Torres Portfolio Group,Torres Portfolio Group,9095 River Pl,Nashville,TN,37201
4474,MEMBER_CHANGE,Ameriprise Financial Services,ameriprise,True,David,Stewart,Stewart Family Wealth Group,Stewart Family Wealth Group,7180 Lake Rd,Nashville,TN,37201
4475,MEMBER_CHANGE,Highfield Asset Management,highfield,False,Barbara,Nelson,Davis Asset Management,Davis Asset Management,3110 Broad Pkwy,Philadelphia,PA,19101
4476,MEMBER_CHANGE,Raymond James Financial Services,raymond_james,True,Paul,Huang,Evans Portfolio Group,Evans Portfolio Group,4472 Spring Blvd,Chicago,IL,60601
4477,RENAME,Cetera Financial Group,cetera,True,Kenneth,Cruz,Cruz Wealth Management Group,Cruz Private Wealth Group,1787 Main Ln,Philadelphia,PA,19101
4478,MEMBER_CHANGE,Parkside Wealth Strategies,parkside,False,Joseph,Patel,Diaz Family Office,Diaz Family Office,1628 Main St,Cleveland,OH,44101
4479,MEMBER_CHANGE,Kingsbridge Capital Advisors,kingsbridge,False,Nancy,Johnson,Taylor Investment Partners,Taylor Investment Partners,2295 Adams Ave,Memphis,TN,38101
4480,MERGE_TARGET,Securities America,securities_america,True,Charles,Flores,Flores Wealth Advisors,Flores Wealth Advisors,2163 Elm Ave,Minneapolis,MN,55401
4481,SPLIT_PARENT,Hilliard Lyons,hilliard_lyons,True,Betty,Taylor,Taylor Institutional Group,Taylor Institutional Group,6342 Broad Pkwy,Las Vegas,NV,89101
4482,MERGE_TARGET,Raymond James Financial Services,raymond_james,True,John,Campbell,Campbell Advisory Group,Campbell Advisory Group,4539 Commerce Pkwy,Phoenix,AZ,85001
4483,RENAME,Crestwood Family Office,crestwood,False,James,Smith,Smith & Campbell Advisors,Smith Private Wealth,9417 Lake Blvd,Washington,DC,20001
4484,MEMBER_CHANGE,Commonwealth Financial Network,commonwealth,True,William,Morgan,Morris Investment Group,Morris Investment Group,9131 Church Way,Chicago,IL,60601
4485,MEMBER_CHANGE,Harborview Private Wealth,harborview,False,Kenneth,Evans,Taylor Capital,Taylor Capital,599 Oak Way,San Francisco,CA,94101
4486,MEMBER_CHANGE,Securities America,securities_america,True,Megan,Thomas,Evans Financial Group,Evans Financial Group,2210 Hill Dr,Boston,MA,02101
4487,SPLIT_PARENT,Ameriprise Financial Services,ameriprise,True,Joseph,Moore,Moore Portfolio Group,Moore Portfolio Group,5828 Maple Rd,Oklahoma City,OK,73101
4488,MEMBER_CHANGE,LPL Financial,lpl_financial,True,Thomas,Roberts,Wright Institutional Group,Wright Institutional Group,8484 Church St,Dallas,TX,75201
4489,MEMBER_CHANGE,Parkside Wealth Strategies,parkside,False,Ashley,Brown,Hill Partners,Hill Partners,6327 Oak Rd,Boston,MA,02101
4490,MEMBER_CHANGE,Morgan Stanley Wealth Management,morgan_stanley,True,John,Wilson,Patel Investment Group,Patel Investment Group,4395 Main Ln,Washington,DC,20001
4491,MEMBER_CHANGE,Meridian Private Wealth,meridian_pw,False,Dorothy,Edwards,Liu Capital Partners,Liu Capital Partners,4417 Jefferson Ln,St. Louis,MO,63101
4492,MEMBER_CHANGE,Oppenheimer & Co.,oppenheimer,True,Mark,Wright,Collins Portfolio Group,Collins Portfolio Group,481 Hill Ave,Miami,FL,33101
4493,MEMBER_CHANGE,Crestwood Family Office,crestwood,False,Michael,Campbell,Rivera Private Wealth,Rivera Private Wealth,7237 Lincoln Rd,Fort Worth,TX,76101
4494,RENAME,UBS Financial Services,ubs,True,Richard,Yang,Yang & Associates,Yang Asset Management Group,5494 Church Pl,Milwaukee,WI,53201
4495,RENAME,Summit Peak Advisors,summit_peak,False,Thomas,White,White Capital,White Asset Management,9256 Commerce Court,Miami,FL,33101
4496,RENAME,Parkside Wealth Strategies,parkside,False,Barbara,Adams,Adams & Williams Advisors,Adams Family Office,5794 Madison Pkwy,Richmond,VA,23219
4497,MEMBER_CHANGE,Clearwater Capital Group,clearwater,False,Robert,Baker,Jones Advisors,Jones Advisors,6479 Union St,Baltimore,MD,21201
4498,MEMBER_CHANGE,Kingsbridge Capital Advisors,kingsbridge,False,Richard,Flores,Liu Capital,Liu Capital,9792 Main Ave,Philadelphia,PA,19101
4499,RENAME,Summit Peak Advisors,summit_peak,False,Matthew,Carter,Carter & Associates,Carter Family Office,249 Hill Way,Pittsburgh,PA,15201
4500,RENAME,Robert W. Baird & Co.,rwbaird,True,Ashley,Yang,Yang Capital Group,Yang Private Wealth Group,9560 Broad St,Fort Worth,TX,76101
4501,MEMBER_CHANGE,Cambridge Investment Research,cambridge_inv,True,Daniel,Nelson,Jackson Capital Group,Jackson Capital Group,2086 Monroe Rd,Cleveland,OH,44101
4502,MEMBER_CHANGE,National Planning Holdings,nph,True,Emily,Mitchell,Reyes Advisory Group,Reyes Advisory Group,9276 Washington Pkwy,Seattle,WA,98101
4503,MEMBER_CHANGE,Janney Montgomery Scott,janney,True,Linda,Edwards,Gomez Family Wealth Group,Gomez Family Wealth Group,2099 Hill Way,Portland,OR,97201
4504,MEMBER_CHANGE,Crestwood Family Office,crestwood,False,Robert,Moore,Torres Advisors,Torres Advisors,5140 Jefferson Blvd,Boston,MA,02101
4505,MEMBER_CHANGE,Stifel Nicolaus & Company,stifel_nicolaus,True,Richard,Edwards,Scott Private Wealth Group,Scott Private Wealth Group,6798 Commerce Dr,Chicago,IL,60601
4506,RENAME,Clearwater Capital Group,clearwater,False,Emily,Wright,Wright & Associates,Wright Advisors,2165 Union Ln,Minneapolis,MN,55401
4507,MEMBER_CHANGE,Morgan Stanley Wealth Management,morgan_stanley,True,James,Adams,Martin Wealth Advisors,Martin Wealth Advisors,8571 Lincoln Court,Baltimore,MD,21201
4508,MEMBER_CHANGE,Clearwater Capital Group,clearwater,False,David,Allen,Nguyen Capital,Nguyen Capital,9815 Washington Pl,Tampa,FL,33601
4509,RENAME,Ridgeway Wealth Management,ridgeway,False,Daniel,Huang,Huang & Associates,Huang Capital,8710 Washington Court,New York,NY,10001
4510,MEMBER_CHANGE,Northgate Investment Partners,northgate,False,Ashley,Green,Campbell Advisors,Campbell Advisors,2627 Lake Pl,Fort Worth,TX,76101
4511,MEMBER_CHANGE,UBS Financial Services,ubs,True,Christopher,Khan,Yang Wealth Advisors,Yang Wealth Advisors,8525 Spring Ln,Tampa,FL,33601
4512,MEMBER_CHANGE,Crestwood Family Office,crestwood,False,James,Collins,Cruz Family Office,Cruz Family Office,8045 Madison Way,Miami,FL,33101
4513,MEMBER_CHANGE,Morgan Stanley Wealth Management,morgan_stanley,True,Karen,Morgan,Hill Wealth Partners,Hill Wealth Partners,5407 Central Dr,Raleigh,NC,27601
4514,MEMBER_CHANGE,Robert W. Baird & Co.,rwbaird,True,Sarah,Edwards,Roberts Capital Group,Roberts Capital Group,9518 Commerce Pl,Dallas,TX,75201
4515,MEMBER_CHANGE,Merrill Lynch Pierce Fenner & Smith,merrill_lynch,True,Barbara,Martin,Scott Institutional Group,Scott Institutional Group,3387 Maple Way,Nashville,TN,37201
4516,MEMBER_CHANGE,Highfield Asset Management,highfield,False,Daniel,Green,Cruz Private Wealth,Cruz Private Wealth,9925 Church Blvd,Miami,FL,33101
4517,MEMBER_CHANGE,Harborview Private Wealth,harborview,False,Mark,King,Hall Investment Partners,Hall Investment Partners,8905 Liberty Way,San Francisco,CA,94101
4518,MEMBER_CHANGE,Merrill Lynch Pierce Fenner & Smith,merrill_lynch,True,Andrew,Flores,Collins Institutional Group,Collins Institutional Group,4869 Market Ln,San Jose,CA,95101
4519,MEMBER_CHANGE,Cetera Financial Group,cetera,True,Barbara,Smith,King Private Wealth Group,King Private Wealth Group,2030 Broad Pkwy,Minneapolis,MN,55401
4520,MEMBER_CHANGE,Cetera Financial Group,cetera,True,Anthony,Thompson,Wright Advisory Group,Wright Advisory Group,4494 Broad Ln,Washington,DC,20001
4521,MEMBER_CHANGE,Summit Peak Advisors,summit_peak,False,Lisa,Edwards,Jones Private Wealth,Jones Private Wealth,7240 River Ave,Richmond,VA,23219
4522,MEMBER_CHANGE,DA Davidson & Co.,da_davidson,True,Michael,Brown,Campbell Portfolio Group,Campbell Portfolio Group,7092 Lake St,Chicago,IL,60601
4523,MEMBER_CHANGE,National Planning Holdings,nph,True,Kenneth,Flores,Scott Family Wealth Group,Scott Family Wealth Group,8362 Washington St,San Antonio,TX,78201
4524,RENAME,DA Davidson & Co.,da_davidson,True,Matthew,Chen,Chen & Associates,Chen Wealth Management Group,1506 Monroe Pl,Portland,OR,97201
4525,MEMBER_CHANGE,Commonwealth Financial Network,commonwealth,True,Charles,Carter,Anderson Wealth Partners,Anderson Wealth Partners,2468 Elm Court,San Francisco,CA,94101
4526,RENAME,Northgate Investment Partners,northgate,False,Jessica,Patel,Patel & Associates,Patel Advisors,5102 Monroe Pkwy,San Jose,CA,95101
4527,MEMBER_CHANGE,Commonwealth Financial Network,commonwealth,True,Robert,Morgan,Flores Wealth Advisors,Flores Wealth Advisors,899 Highland Court,Indianapolis,IN,46201
4528,MEMBER_CHANGE,Cetera Financial Group,cetera,True,Steven,Davis,Garcia Institutional Group,Garcia Institutional Group,8392 Oak Rd,New York,NY,10001
4529,MEMBER_CHANGE,Summit Peak Advisors,summit_peak,False,Joseph,Moore,Thomas Investment Partners,Thomas Investment Partners,9169 Main Ave,Oklahoma City,OK,73101
4530,MEMBER_CHANGE,Meridian Private Wealth,meridian_pw,False,Susan,Johnson,Adams Advisors,Adams Advisors,6239 Market Ln,Memphis,TN,38101
4531,MEMBER_CHANGE,Crestwood Family Office,crestwood,False,Joseph,Adams,Miller Private Wealth,Miller Private Wealth,5446 Hill Rd,Baltimore,MD,21201
4532,MEMBER_CHANGE,Highfield Asset Management,highfield,False,Nancy,Baker,Scott Advisors,Scott Advisors,9697 Elm Ln,Los Angeles,CA,90001
4533,RENAME,Woodbury Financial Services,woodbury,True,Sandra,Hall,Hall Financial Group,Hall Wealth Partners,6701 Church Blvd,Minneapolis,MN,55401
4534,SPLIT_PARENT,Raymond James Financial Services,raymond_james,True,Michael,Turner,Turner Capital Group,Turner Capital Group,3478 Lincoln Rd,Richmond,VA,23219
4535,MEMBER_CHANGE,National Planning Holdings,nph,True,Jessica,Nguyen,Miller Portfolio Group,Miller Portfolio Group,2609 Liberty Court,Washington,DC,20001
4536,MEMBER_CHANGE,Cetera Financial Group,cetera,True,Richard,King,Stewart Institutional Group,Stewart Institutional Group,2615 Market Pl,Los Angeles,CA,90001
4537,MEMBER_CHANGE,LPL Financial,lpl_financial,True,Kenneth,Garcia,Liu Capital Group,Liu Capital Group,5358 Adams Dr,Boston,MA,02101
4538,SPLIT_PARENT,Stifel Nicolaus & Company,stifel_nicolaus,True,John,Cruz,Cruz Financial Group,Cruz Financial Group,7538 Spring Pl,Boston,MA,02101
4539,MEMBER_CHANGE,Raymond James Financial Services,raymond_james,True,Megan,White,Wang Investment Group,Wang Investment Group,6428 Washington Ln,Indianapolis,IN,46201
4540,RENAME,Edward Jones,edward_jones,True,Megan,Torres,Torres Wealth Management Group,Torres Asset Management Group,7926 Church Court,San Francisco,CA,94101
4541,MEMBER_CHANGE,Janney Montgomery Scott,janney,True,Susan,Allen,Smith Financial Group,Smith Financial Group,9294 Broad St,Raleigh,NC,27601
4542,SPLIT_PARENT,Clearwater Capital Group,clearwater,False,Jennifer,Garcia,Garcia Wealth Management,Garcia Wealth Management,9430 Cedar Pkwy,Miami,FL,33101
4543,MEMBER_CHANGE,Merrill Lynch Pierce Fenner & Smith,merrill_lynch,True,Betty,Gomez,Baker Capital Group,Baker Capital Group,6167 Maple Blvd,Portland,OR,97201
4544,MEMBER_CHANGE,Ridgeway Wealth Management,ridgeway,False,Andrew,Hall,Allen Wealth,Allen Wealth,5126 Broad Blvd,Oklahoma City,OK,73101
4545,MEMBER_CHANGE,Edward Jones,edward_jones,True,Joseph,Stewart,Green Wealth Partners,Green Wealth Partners,8971 Washington Court,Charlotte,NC,28201
4546,MEMBER_CHANGE,Cambridge Investment Research,cambridge_inv,True,Matthew,Gomez,Parker Portfolio Group,Parker Portfolio Group,7896 Hill Way,Atlanta,GA,30301
4547,MEMBER_CHANGE,Cetera Financial Group,cetera,True,Charles,Jackson,Nguyen Capital Group,Nguyen Capital Group,9641 Oak Way,New York,NY,10022
4548,RENAME,Hilliard Lyons,hilliard_lyons,True,Sarah,Allen,Allen & Associates,Allen Family Wealth Group,4414 Church Dr,Denver,CO,80201
4549,MEMBER_CHANGE,Stifel Nicolaus & Company,stifel_nicolaus,True,Paul,Garcia,Mitchell Financial Group,Mitchell Financial Group,8171 Cedar Pl,Baltimore,MD,21201
4550,MEMBER_CHANGE,Summit Peak Advisors,summit_peak,False,Thomas,Martin,Anderson Capital,Anderson Capital,143 Highland Rd,Richmond,VA,23219
4551,RENAME,Meridian Private Wealth,meridian_pw,False,Michael,Hall,Hall & Associates,Hall Family Office,4048 River Ave,Washington,DC,20001
4552,SPLIT_PARENT,Edward Jones,edward_jones,True,Karen,Gomez,Gomez Financial Group,Gomez Financial Group,7745 Cedar St,Chicago,IL,60601
4553,MEMBER_CHANGE,Wells Fargo Advisors,wells_fargo,True,Rachel,Wright,Wright Institutional Group,Wright Institutional Group,4233 Jefferson Way,Columbus,OH,43201
4554,MEMBER_CHANGE,Northgate Investment Partners,northgate,False,Thomas,Morris,Evans Investment Partners,Evans Investment Partners,4038 Union Ave,Indianapolis,IN,46201
4555,MEMBER_CHANGE,Harborview Private Wealth,harborview,False,Matthew,Nguyen,Baker Capital,Baker Capital,2933 Willow Pl,Kansas City,MO,64101
4556,MEMBER_CHANGE,Cambridge Investment Research,cambridge_inv,True,Daniel,Carter,Hill Wealth Partners,Hill Wealth Partners,1801 Lake Pl,San Francisco,CA,94101
4557,SPLIT_PARENT,Kingsbridge Capital Advisors,kingsbridge,False,Linda,Allen,Allen Wealth,Allen Wealth,6547 Central Pl,Louisville,KY,40201
4558,MEMBER_CHANGE,Ameriprise Financial Services,ameriprise,True,Linda,Johnson,Evans Institutional Group,Evans Institutional Group,5245 Elm Dr,Dallas,TX,75201
4559,MEMBER_CHANGE,Securities America,securities_america,True,Mark,Wilson,Torres Capital Group,Torres Capital Group,9155 Main Pkwy,Washington,DC,20001
4560,RENAME,Commonwealth Financial Network,commonwealth,True,Megan,Allen,Allen & Associates,Allen Financial Group,6033 Market Ave,Baltimore,MD,21201
4561,MEMBER_CHANGE,DA Davidson & Co.,da_davidson,True,Steven,Yang,Moore Wealth Advisors,Moore Wealth Advisors,4400 Church Ave,Jacksonville,FL,32201
4562,MEMBER_CHANGE,Cetera Financial Group,cetera,True,Kenneth,Yang,Harris Advisory Group,Harris Advisory Group,5047 Jefferson St,Denver,CO,80201
4563,MEMBER_CHANGE,Morgan Stanley Wealth Management,morgan_stanley,True,Donald,Nelson,Miller Wealth Partners,Miller Wealth Partners,6660 Highland Way,Philadelphia,PA,19101
4564,RENAME,Robert W. Baird & Co.,rwbaird,True,Linda,Parker,Parker & Associates,Parker Portfolio Group,8114 Adams Dr,Seattle,WA,98101
4565,MEMBER_CHANGE,Wells Fargo Advisors,wells_fargo,True,Daniel,Morris,Scott Family Wealth Group,Scott Family Wealth Group,5332 Highland Pl,Los Angeles,CA,90001
4566,MEMBER_CHANGE,Cambridge Investment Research,cambridge_inv,True,William,Hill,Hall Wealth Partners,Hall Wealth Partners,6208 Liberty Ln,Los Angeles,CA,90001
4567,MEMBER_CHANGE,Wells Fargo Advisors,wells_fargo,True,Patricia,Jackson,Johnson Advisory Group,Johnson Advisory Group,6461 Cedar St,Houston,TX,77001
4568,RENAME,Ameriprise Financial Services,ameriprise,True,Lisa,Evans,Evans & Kim Advisors,Evans Institutional Group,611 Union St,Philadelphia,PA,19101
4569,MEMBER_CHANGE,Ameriprise Financial Services,ameriprise,True,Susan,Jones,Nguyen Financial Group,Nguyen Financial Group,9484 Church Rd,Portland,OR,97201
4570,MEMBER_CHANGE,UBS Financial Services,ubs,True,Linda,Adams,Mitchell Asset Management Group,Mitchell Asset Management Group,9887 Washington Court,Nashville,TN,37201
4571,RENAME,Oppenheimer & Co.,oppenheimer,True,Richard,Hill,Hill Wealth Management Group,Hill Family Wealth Group,2657 Cedar Pl,Pittsburgh,PA,15201
4572,SPLIT_PARENT,Summit Peak Advisors,summit_peak,False,Donald,Parker,Parker Asset Management,Parker Asset Management,9690 Madison Way,Memphis,TN,38101
4573,MEMBER_CHANGE,Ridgeway Wealth Management,ridgeway,False,Christopher,Parker,Scott Advisors,Scott Advisors,7119 Commerce Dr,Louisville,KY,40201
4574,MEMBER_CHANGE,Highfield Asset Management,highfield,False,Anthony,Nelson,Collins Asset Management,Collins Asset Management,9837 Madison St,Minneapolis,MN,55401
4575,MEMBER_CHANGE,UBS Financial Services,ubs,True,Thomas,Phillips,Wilson Investment Group,Wilson Investment Group,8848 Central Dr,San Francisco,CA,94101
4576,MEMBER_CHANGE,Northgate Investment Partners,northgate,False,Jennifer,Collins,Jackson Advisors,Jackson Advisors,5759 Cedar Dr,Richmond,VA,23219
4577,MEMBER_CHANGE,Morgan Stanley Wealth Management,morgan_stanley,True,Matthew,Moore,Thompson Advisory Group,Thompson Advisory Group,872 Broad Way,Denver,CO,80201
4578,MEMBER_CHANGE,LPL Financial,lpl_financial,True,Barbara,Roberts,Turner Wealth Partners,Turner Wealth Partners,3814 Madison Ln,Columbus,OH,43201
4579,RENAME,Oppenheimer & Co.,oppenheimer,True,Patricia,Collins,Collins & Edwards Partners,Collins Family Wealth Group,9402 Madison Way,Houston,TX,77001
4580,MEMBER_CHANGE,Harborview Private Wealth,harborview,False,David,Stewart,Campbell Partners,Campbell Partners,3311 Liberty St,Chicago,IL,60601
4581,MEMBER_CHANGE,Parkside Wealth Strategies,parkside,False,Barbara,Campbell,Cruz Advisors,Cruz Advisors,6067 Monroe Ln,Louisville,KY,40201
4582,MEMBER_CHANGE,Securities America,securities_america,True,Barbara,Jackson,Nguyen Wealth Management Group,Nguyen Wealth Management Group,8515 Washington Pl,Austin,TX,78701
4583,MEMBER_CHANGE,Ridgeway Wealth Management,ridgeway,False,Robert,Scott,Harris Capital Partners,Harris Capital Partners,9787 Hill Ave,Dallas,TX,75201
4584,RENAME,Highfield Asset Management,highfield,False,Barbara,Huang,Huang & Associates,Huang Asset Management,6495 Madison Pkwy,Philadelphia,PA,19101
4585,MEMBER_CHANGE,Merrill Lynch Pierce Fenner & Smith,merrill_lynch,True,Karen,Allen,Cruz Investment Group,Cruz Investment Group,3313 Washington Ave,Indianapolis,IN,46201
4586,RENAME,Kingsbridge Capital Advisors,kingsbridge,False,Christopher,King,King Private Wealth,King Capital,6286 Maple Ave,Pittsburgh,PA,15201
4587,MEMBER_CHANGE,Commonwealth Financial Network,commonwealth,True,Daniel,Lee,Roberts Investment Group,Roberts Investment Group,5558 Broad Rd,Memphis,TN,38101
4588,RENAME,Northgate Investment Partners,northgate,False,Sarah,Adams,Adams & Martin Group,Adams Investment Partners,4570 Lincoln Pl,Fort Worth,TX,76101
4589,RENAME,LPL Financial,lpl_financial,True,Karen,Cruz,Cruz Investment Group,Cruz Capital Group,4690 River Ave,San Antonio,TX,78201
4590,MEMBER_CHANGE,Cambridge Investment Research,cambridge_inv,True,Lisa,Williams,Khan Family Wealth Group,Khan Family Wealth Group,8821 Union Pl,Phoenix,AZ,85001
4591,SPLIT_PARENT,Edward Jones,edward_jones,True,Nancy,Wang,Wang Financial Group,Wang Financial Group,3173 Market St,Oklahoma City,OK,73101
4592,RENAME,Raymond James Financial Services,raymond_james,True,Michael,Jackson,Jackson Capital Group,Jackson Wealth Advisors,8945 Cedar Pkwy,Fort Worth,TX,76101
4593,MEMBER_CHANGE,Ameriprise Financial Services,ameriprise,True,Paul,Stewart,Rivera Wealth Partners,Rivera Wealth Partners,1733 Central Rd,Minneapolis,MN,55401
4594,SPLIT_PARENT,Merrill Lynch Pierce Fenner & Smith,merrill_lynch,True,Steven,Nguyen,Nguyen Institutional Group,Nguyen Institutional Group,2304 Washington St,Houston,TX,77001
4595,RENAME,Robert W. Baird & Co.,rwbaird,True,Susan,Harris,Harris & Associates,Harris Advisory Group,4080 Spring Rd,Chicago,IL,60601
4596,MEMBER_CHANGE,Highfield Asset Management,highfield,False,David,Flores,Davis Capital,Davis Capital,7356 Washington Court,Fort Worth,TX,76101
4597,MEMBER_CHANGE,Parkside Wealth Strategies,parkside,False,Betty,Jackson,Smith Advisors,Smith Advisors,126 Market Way,Memphis,TN,38101
4598,MEMBER_CHANGE,Parkside Wealth Strategies,parkside,False,Lisa,Morris,Nelson Capital Partners,Nelson Capital Partners,857 Adams Pkwy,New York,NY,10001
4599,RENAME,Cetera Financial Group,cetera,True,Patricia,Green,Green Wealth Management Group,Green Private Wealth Group,9004 Lake Way,Las Vegas,NV,89101
4600,MEMBER_CHANGE,Raymond James Financial Services,raymond_james,True,Donald,Miller,Torres Wealth Management Group,Torres Wealth Management Group,8016 Madison Way,Houston,TX,77001
4601,RENAME,Kingsbridge Capital Advisors,kingsbridge,False,Margaret,Anderson,Anderson Partners,Anderson Wealth,8275 Elm St,Seattle,WA,98101
4602,MEMBER_CHANGE,Securities America,securities_america,True,Ashley,Adams,Zhang Wealth Advisors,Zhang Wealth Advisors,6567 Central St,Denver,CO,80201
4603,RENAME,Wells Fargo Advisors,wells_fargo,True,Barbara,Nguyen,Nguyen & Associates,Nguyen Portfolio Group,3743 Oak Dr,San Jose,CA,95101
4604,RENAME,DA Davidson & Co.,da_davidson,True,Kenneth,Diaz,Diaz Wealth Management Group,Diaz Capital Group,6663 Hill Pkwy,Milwaukee,WI,53201
4605,MEMBER_CHANGE,Ameriprise Financial Services,ameriprise,True,Mark,Harris,Miller Portfolio Group,Miller Portfolio Group,1465 Lincoln St,Nashville,TN,37201
4606,MEMBER_CHANGE,Harborview Private Wealth,harborview,False,Lisa,Campbell,Phillips Partners,Phillips Partners,6439 Hill Pkwy,Los Angeles,CA,90001
4607,MEMBER_CHANGE,National Planning Holdings,nph,True,Emily,Nguyen,Diaz Wealth Management Group,Diaz Wealth Management Group,3859 River Blvd,Oklahoma City,OK,73101
4608,MEMBER_CHANGE,Clearwater Capital Group,clearwater,False,Sandra,Diaz,Collins Wealth Management,Collins Wealth Management,7483 Union St,San Antonio,TX,78201
4609,RENAME,Securities America,securities_america,True,William,Stewart,Stewart Family Wealth Group,Stewart Capital Group,9252 Highland Ave,Jacksonville,FL,32201
4610,MEMBER_CHANGE,DA Davidson & Co.,da_davidson,True,Christopher,Adams,Moore Portfolio Group,Moore Portfolio Group,6510 Jefferson St,Kansas City,MO,64101
4611,MEMBER_CHANGE,Robert W. Baird & Co.,rwbaird,True,Emily,Campbell,Davis Capital Group,Davis Capital Group,4140 Maple Pkwy,Charlotte,NC,28201
4612,RENAME,Kingsbridge Capital Advisors,kingsbridge,False,Betty,Reyes,Reyes & Patel Partners,Reyes Capital,5685 Washington Ln,New York,NY,10001
4613,RENAME,Raymond James Financial Services,raymond_james,True,Daniel,Davis,Davis & Associates,Davis Asset Management Group,9461 Adams St,Boston,MA,02101
4614,RENAME,Harborview Private Wealth,harborview,False,Barbara,Nelson,Nelson & Stewart Partners,Nelson Private Wealth,4627 Market St,Dallas,TX,75201
4615,MEMBER_CHANGE,Meridian Private Wealth,meridian_pw,False,Linda,Green,White Advisors,White Advisors,6130 Central Dr,Miami,FL,33101
4616,RENAME,Clearwater Capital Group,clearwater,False,Kenneth,Thomas,Thomas & Associates,Thomas Wealth Management,1454 Main Ln,Louisville,KY,40201
4617,MEMBER_CHANGE,Ameriprise Financial Services,ameriprise,True,Andrew,Hall,Liu Capital Group,Liu Capital Group,1483 Commerce Rd,Oklahoma City,OK,73101
4618,MEMBER_CHANGE,Parkside Wealth Strategies,parkside,False,Michael,Scott,Nguyen Wealth Management,Nguyen Wealth Management,3666 Monroe Pl,San Antonio,TX,78201
4619,MEMBER_CHANGE,Morgan Stanley Wealth Management,morgan_stanley,True,Rachel,Davis,Stewart Private Wealth Group,Stewart Private Wealth Group,5084 Oak Ave,Dallas,TX,75201
4620,MEMBER_CHANGE,Parkside Wealth Strategies,parkside,False,Amanda,White,Harris Advisors,Harris Advisors,1521 Highland Pl,Louisville,KY,40201
4621,MEMBER_CHANGE,Cambridge Investment Research,cambridge_inv,True,James,Cruz,Collins Financial Group,Collins Financial Group,9377 Highland St,Columbus,OH,43201
4622,MEMBER_CHANGE,Oppenheimer & Co.,oppenheimer,True,Kenneth,White,Nelson Private Wealth Group,Nelson Private Wealth Group,8173 Commerce Ave,Minneapolis,MN,55401
4623,MEMBER_CHANGE,Harborview Private Wealth,harborview,False,Steven,Thompson,Thomas Partners,Thomas Partners,5759 Madison Court,Atlanta,GA,30301
4624,MERGE_SURVIVOR,Parkside Wealth Strategies,parkside,False,Michael,Yang,Yang Wealth Management,Yang Wealth Management,5071 Maple Blvd,Indianapolis,IN,46201
4625,SPLIT_PARENT,Parkside Wealth Strategies,parkside,False,Nancy,Smith,Smith Private Wealth,Smith Private Wealth,1627 Lincoln Rd,Tampa,FL,33601
4626,MEMBER_CHANGE,Summit Peak Advisors,summit_peak,False,Steven,Smith,Morris Asset Management,Morris Asset Management,9776 Spring Dr,Charlotte,NC,28201
4627,MEMBER_CHANGE,Ameriprise Financial Services,ameriprise,True,Rachel,Thomas,Carter Wealth Partners,Carter Wealth Partners,1989 Monroe Court,Kansas City,MO,64101
4628,MEMBER_CHANGE,Northgate Investment Partners,northgate,False,Michael,Hill,Nelson Capital Partners,Nelson Capital Partners,7236 Oak St,Las Vegas,NV,89101
4629,MEMBER_CHANGE,Robert W. Baird & Co.,rwbaird,True,Richard,Cruz,Allen Capital Group,Allen Capital Group,9719 Liberty Way,Columbus,OH,43201
4630,RENAME,Clearwater Capital Group,clearwater,False,David,Turner,Turner & Allen Partners,Turner Capital Partners,3972 Oak Dr,Columbus,OH,43201
4631,RENAME,LPL Financial,lpl_financial,True,Steven,Gomez,Gomez & Flores Advisors,Gomez Asset Management Group,7492 Spring Way,Indianapolis,IN,46201
4632,MEMBER_CHANGE,Meridian Private Wealth,meridian_pw,False,David,Parker,Davis Partners,Davis Partners,5051 Central Rd,Tampa,FL,33601
4633,SPLIT_PARENT,Meridian Private Wealth,meridian_pw,False,Robert,Gomez,Gomez Investment Partners,Gomez Investment Partners,7289 Adams Dr,San Antonio,TX,78201
4634,RENAME,Securities America,securities_america,True,David,Scott,Scott & Wright Partners,Scott Asset Management Group,420 Spring Rd,San Jose,CA,95101
4635,RENAME,Commonwealth Financial Network,commonwealth,True,Michael,Nelson,Nelson Capital Group,Nelson Portfolio Group,9662 Willow Pkwy,Denver,CO,80201
4636,MEMBER_CHANGE,Summit Peak Advisors,summit_peak,False,Linda,Liu,Flores Wealth,Flores Wealth,1823 Cedar St,Raleigh,NC,27601
4637,MEMBER_CHANGE,National Planning Holdings,nph,True,Helen,Morgan,Hill Wealth Partners,Hill Wealth Partners,7465 Willow Rd,Washington,DC,20001
4638,RENAME,Cetera Financial Group,cetera,True,Jennifer,Nelson,Nelson & Associates,Nelson Investment Group,8484 Highland Way,Dallas,TX,75201
4639,MERGE_SURVIVOR,LPL Financial,lpl_financial,True,Nancy,Cruz,Cruz Portfolio Group,Cruz Portfolio Group,3542 River Court,Oklahoma City,OK,73101
4640,MEMBER_CHANGE,Robert W. Baird & Co.,rwbaird,True,Donald,Stewart,Morris Advisory Group,Morris Advisory Group,9602 Main Pkwy,Miami,FL,33101
4641,MEMBER_CHANGE,Robert W. Baird & Co.,rwbaird,True,Margaret,Wright,Campbell Capital Group,Campbell Capital Group,6929 Main Ln,Las Vegas,NV,89101
4642,RENAME,Crestwood Family Office,crestwood,False,Rachel,Reyes,Reyes Family Office,Reyes Wealth Management,3081 Church Ln,Houston,TX,77001
4643,RENAME,Edward Jones,edward_jones,True,Susan,Wilson,Wilson Private Wealth Group,Wilson Asset Management Group,9076 Commerce St,Richmond,VA,23219
4644,MEMBER_CHANGE,Northgate Investment Partners,northgate,False,Paul,Martin,Liu Capital Partners,Liu Capital Partners,7574 Jefferson Pkwy,Louisville,KY,40201
4645,MEMBER_CHANGE,Ameriprise Financial Services,ameriprise,True,Susan,Chen,Morris Institutional Group,Morris Institutional Group,3460 Highland Pkwy,Baltimore,MD,21201
4646,MEMBER_CHANGE,Raymond James Financial Services,raymond_james,True,Paul,Collins,White Financial Group,White Financial Group,7774 Highland Blvd,Atlanta,GA,30301
4647,MEMBER_CHANGE,Merrill Lynch Pierce Fenner & Smith,merrill_lynch,True,Kenneth,Chen,Brown Financial Group,Brown Financial Group,4005 Willow Ave,San Diego,CA,92101
4648,MEMBER_CHANGE,Securities America,securities_america,True,Ashley,Jackson,Flores Investment Group,Flores Investment Group,3170 Union St,Baltimore,MD,21201
4649,MEMBER_CHANGE,Securities America,securities_america,True,Margaret,Torres,Young Advisory Group,Young Advisory Group,2786 Lake Dr,Charlotte,NC,28201
4650,MEMBER_CHANGE,UBS Financial Services,ubs,True,Andrew,Liu,Jackson Portfolio Group,Jackson Portfolio Group,9756 Lake Rd,San Francisco,CA,94101
4651,MEMBER_CHANGE,DA Davidson & Co.,da_davidson,True,David,Johnson,Patel Asset Management Group,Patel Asset Management Group,551 Lincoln Pkwy,Indianapolis,IN,46201
4652,RENAME,Harborview Private Wealth,harborview,False,Mark,Cruz,Cruz & Rivera Group,Cruz Partners,6634 Broad Pl,San Diego,CA,92101
4653,RENAME,Edward Jones,edward_jones,True,Jennifer,Adams,Adams & Stewart Advisors,Adams Wealth Advisors,6519 Spring Blvd,St. Louis,MO,63101
4654,MEMBER_CHANGE,Janney Montgomery Scott,janney,True,Susan,Patel,Wilson Wealth Advisors,Wilson Wealth Advisors,5730 Lake Way,Chicago,IL,60601
4655,MEMBER_CHANGE,UBS Financial Services,ubs,True,Nancy,Carter,Huang Wealth Partners,Huang Wealth Partners,4258 Market Court,Oklahoma City,OK,73101
4656,MERGE_SURVIVOR,Janney Montgomery Scott,janney,True,Jessica,Baker,Baker Capital Group,Baker Capital Group,4120 Cedar Ave,Pittsburgh,PA,15201
4657,MEMBER_CHANGE,Kingsbridge Capital Advisors,kingsbridge,False,Paul,Nelson,Patel Partners,Patel Partners,4293 Washington Pl,Washington,DC,20001
4658,MEMBER_CHANGE,Janney Montgomery Scott,janney,True,Charles,Wilson,Campbell Wealth Management Group,Campbell Wealth Management Group,5408 Lake Way,Baltimore,MD,21201
4659,MERGE_SURVIVOR,Northgate Investment Partners,northgate,False,Kenneth,Wilson,Wilson Private Wealth,Wilson Private Wealth,5556 Main Way,Boston,MA,02101
4660,SPLIT_PARENT,Meridian Private Wealth,meridian_pw,False,Sandra,Carter,Carter Asset Management,Carter Asset Management,7417 Central Ln,New York,NY,10022
4661,MEMBER_CHANGE,Ridgeway Wealth Management,ridgeway,False,John,Wright,Williams Advisors,Williams Advisors,9768 Elm Blvd,San Antonio,TX,78201
4662,MEMBER_CHANGE,Stifel Nicolaus & Company,stifel_nicolaus,True,David,Nelson,Wang Financial Group,Wang Financial Group,660 Maple Pkwy,Nashville,TN,37201
4663,MEMBER_CHANGE,Securities America,securities_america,True,Steven,King,Flores Advisory Group,Flores Advisory Group,9797 Monroe Pkwy,San Diego,CA,92101
4664,MEMBER_CHANGE,Securities America,securities_america,True,Matthew,Khan,Roberts Wealth Advisors,Roberts Wealth Advisors,8030 Washington Court,Minneapolis,MN,55401
4665,MEMBER_CHANGE,Edward Jones,edward_jones,True,Sarah,Turner,Martin Investment Group,Martin Investment Group,5174 Highland Pl,Baltimore,MD,21201
4666,SPLIT_PARENT,LPL Financial,lpl_financial,True,Emily,Lee,Lee Private Wealth Group,Lee Private Wealth Group,7864 Union Pkwy,Memphis,TN,38101
4667,MEMBER_CHANGE,Janney Montgomery Scott,janney,True,Ashley,Morris,Davis Asset Management Group,Davis Asset Management Group,236 Lake Dr,Austin,TX,78701
4668,SPLIT_PARENT,Securities America,securities_america,True,Helen,Rivera,Rivera Wealth Management Group,Rivera Wealth Management Group,7816 Main St,Nashville,TN,37201
4669,MEMBER_CHANGE,Merrill Lynch Pierce Fenner & Smith,merrill_lynch,True,Joseph,Campbell,Anderson Wealth Advisors,Anderson Wealth Advisors,8089 River Pl,Phoenix,AZ,85001
4670,MEMBER_CHANGE,Raymond James Financial Services,raymond_james,True,Karen,Taylor,Moore Institutional Group,Moore Institutional Group,2708 Adams St,Phoenix,AZ,85001
4671,SPLIT_PARENT,Crestwood Family Office,crestwood,False,Linda,Torres,Torres Investment Partners,Torres Investment Partners,6105 Hill Ave,Memphis,TN,38101
4672,RENAME,Robert W. Baird & Co.,rwbaird,True,Susan,Hall,Hall & Associates,Hall Portfolio Group,2352 Union Ave,Chicago,IL,60601
4673,MEMBER_CHANGE,Meridian Private Wealth,meridian_pw,False,Betty,Reyes,Hill Family Office,Hill Family Office,2256 Jefferson Pl,New York,NY,10022
4674,MEMBER_CHANGE,Northgate Investment Partners,northgate,False,David,Anderson,Scott Capital,Scott Capital,6747 Union Pkwy,Atlanta,GA,30301
4675,MEMBER_CHANGE,Robert W. Baird & Co.,rwbaird,True,Dorothy,Moore,Taylor Wealth Management Group,Taylor Wealth Management Group,3865 Adams Ln,Chicago,IL,60601
4676,RENAME,Commonwealth Financial Network,commonwealth,True,Jessica,Wang,Wang & Torres Partners,Wang Capital Group,4889 Adams Court,Jacksonville,FL,32201
4677,RENAME,Edward Jones,edward_jones,True,James,Roberts,Roberts & Lee Partners,Roberts Capital Group,8417 Commerce Blvd,Charlotte,NC,28201
4678,MEMBER_CHANGE,Harborview Private Wealth,harborview,False,Jennifer,Morris,Jackson Family Office,Jackson Family Office,8863 Liberty St,Milwaukee,WI,53201
4679,MERGE_SURVIVOR,UBS Financial Services,ubs,True,David,Huang,Huang Wealth Partners,Huang Wealth Partners,5598 Jefferson Pkwy,Dallas,TX,75201
4680,MEMBER_CHANGE,Stifel Nicolaus & Company,stifel_nicolaus,True,Christopher,Patel,Hill Financial Group,Hill Financial Group,1336 Hill Court,Oklahoma City,OK,73101
4681,MEMBER_CHANGE,Cambridge Investment Research,cambridge_inv,True,Mark,Green,Evans Institutional Group,Evans Institutional Group,7641 Main Ave,Louisville,KY,40201
4682,MEMBER_CHANGE,UBS Financial Services,ubs,True,Joseph,Evans,Roberts Asset Management Group,Roberts Asset Management Group,8232 Broad Way,San Diego,CA,92101
4683,MEMBER_CHANGE,Morgan Stanley Wealth Management,morgan_stanley,True,Richard,Yang,Wilson Capital Group,Wilson Capital Group,1306 Highland Blvd,Los Angeles,CA,90001
4684,MEMBER_CHANGE,Wells Fargo Advisors,wells_fargo,True,Christopher,Campbell,Moore Wealth Advisors,Moore Wealth Advisors,5880 Elm Dr,Columbus,OH,43201
4685,MEMBER_CHANGE,Harborview Private Wealth,harborview,False,Mark,Stewart,Roberts Capital Partners,Roberts Capital Partners,161 Hill Pkwy,Jacksonville,FL,32201
4686,MERGE_TARGET,Northgate Investment Partners,northgate,False,Patricia,Gomez,Gomez Private Wealth,Gomez Private Wealth,8382 Washington Pkwy,Philadelphia,PA,19101
4687,MEMBER_CHANGE,Oppenheimer & Co.,oppenheimer,True,Richard,Harris,Turner Capital Group,Turner Capital Group,5387 Cedar Ave,Milwaukee,WI,53201
4688,MERGE_TARGET,Clearwater Capital Group,clearwater,False,Anthony,Khan,Khan Wealth Management,Khan Wealth Management,7368 Maple Rd,St. Louis,MO,63101
4689,RENAME,LPL Financial,lpl_financial,True,John,Yang,Yang & Brown Partners,Yang Financial Group,5576 Jefferson Rd,San Antonio,TX,78201
4690,MEMBER_CHANGE,Summit Peak Advisors,summit_peak,False,Thomas,Edwards,Wang Capital,Wang Capital,4999 Central Way,Charlotte,NC,28201
4691,MEMBER_CHANGE,National Planning Holdings,nph,True,Helen,Morgan,Taylor Asset Management Group,Taylor Asset Management Group,2234 Willow Pkwy,Phoenix,AZ,85001
4692,SPLIT_PARENT,Cambridge Investment Research,cambridge_inv,True,Jessica,Harris,Harris Family Wealth Group,Harris Family Wealth Group,1248 Washington Rd,Portland,OR,97201
4693,MEMBER_CHANGE,Summit Peak Advisors,summit_peak,False,Ashley,Davis,Reyes Capital Partners,Reyes Capital Partners,3960 Monroe Ln,Kansas City,MO,64101
4694,MEMBER_CHANGE,Commonwealth Financial Network,commonwealth,True,Sandra,Edwards,Liu Wealth Partners,Liu Wealth Partners,4967 Park Rd,Jacksonville,FL,32201
4695,MERGE_TARGET,Kingsbridge Capital Advisors,kingsbridge,False,Jennifer,Huang,Huang Investment Partners,Huang Investment Partners,7676 Market Way,San Jose,CA,95101
4696,MEMBER_CHANGE,Woodbury Financial Services,woodbury,True,Sarah,Wang,Torres Financial Group,Torres Financial Group,1907 Spring Ln,Denver,CO,80201
4697,MEMBER_CHANGE,Stifel Nicolaus & Company,stifel_nicolaus,True,Lisa,Evans,Huang Institutional Group,Huang Institutional Group,804 Washington Pkwy,Portland,OR,97201
4698,MEMBER_CHANGE,UBS Financial Services,ubs,True,Susan,Evans,Thompson Wealth Advisors,Thompson Wealth Advisors,407 Church Rd,San Diego,CA,92101
4699,SPLIT_PARENT,Janney Montgomery Scott,janney,True,Patricia,Gomez,Gomez Asset Management Group,Gomez Asset Management Group,928 Church St,Chicago,IL,60601
4700,MEMBER_CHANGE,National Planning Holdings,nph,True,Betty,Flores,Smith Portfolio Group,Smith Portfolio Group,1178 Madison Pl,Raleigh,NC,27601
4701,MEMBER_CHANGE,Stifel Nicolaus & Company,stifel_nicolaus,True,Robert,Gomez,Flores Investment Group,Flores Investment Group,4818 Washington Ln,Las Vegas,NV,89101
4702,RENAME,Harborview Private Wealth,harborview,False,Thomas,Wilson,Wilson & Associates,Wilson Private Wealth,4387 Broad Blvd,Los Angeles,CA,90001
4703,MEMBER_CHANGE,Stifel Nicolaus & Company,stifel_nicolaus,True,Karen,Jones,Patel Portfolio Group,Patel Portfolio Group,3883 Oak Pkwy,Phoenix,AZ,85001
4704,MEMBER_CHANGE,Harborview Private Wealth,harborview,False,Sandra,Hill,Kim Partners,Kim Partners,1742 Union Pl,Dallas,TX,75201
4705,MEMBER_CHANGE,Ameriprise Financial Services,ameriprise,True,Jessica,Moore,Miller Family Wealth Group,Miller Family Wealth Group,1962 Monroe Way,Austin,TX,78701
4706,RENAME,Clearwater Capital Group,clearwater,False,Daniel,Hill,Hill & Associates,Hill Investment Partners,1178 Hill Way,Oklahoma City,OK,73101
4707,RENAME,Cetera Financial Group,cetera,True,Emily,Patel,Patel & Diaz Partners,Patel Wealth Management Group,288 Church Ave,Cleveland,OH,44101
4708,RENAME,Robert W. Baird & Co.,rwbaird,True,Thomas,Wang,Wang Family Wealth Group,Wang Portfolio Group,3749 Park Pl,Richmond,VA,23219
4709,MEMBER_CHANGE,Cambridge Investment Research,cambridge_inv,True,Paul,Patel,Adams Wealth Partners,Adams Wealth Partners,2780 Washington Pkwy,Tampa,FL,33601
4710,MEMBER_CHANGE,Kingsbridge Capital Advisors,kingsbridge,False,Dorothy,Williams,Chen Private Wealth,Chen Private Wealth,6936 Union Ln,Raleigh,NC,27601
4711,MEMBER_CHANGE,Summit Peak Advisors,summit_peak,False,Linda,Edwards,Khan Wealth,Khan Wealth,5882 Lake Pkwy,New York,NY,10022
4712,MERGE_TARGET,Summit Peak Advisors,summit_peak,False,Christopher,Taylor,Taylor Family Office,Taylor Family Office,2779 Adams Rd,Kansas City,MO,64101
4713,RENAME,Crestwood Family Office,crestwood,False,Donald,Hill,Hill Partners,Hill Private Wealth,273 Oak Dr,Dallas,TX,75201
4714,RENAME,Woodbury Financial Services,woodbury,True,Emily,Johnson,Johnson & Martin Partners,Johnson Portfolio Group,721 Liberty St,Milwaukee,WI,53201
4715,MEMBER_CHANGE,Janney Montgomery Scott,janney,True,Andrew,Thomas,Flores Private Wealth Group,Flores Private Wealth Group,5207 River Blvd,Atlanta,GA,30301
4716,MEMBER_CHANGE,Cambridge Investment Research,cambridge_inv,True,Jennifer,Mitchell,Harris Family Wealth Group,Harris Family Wealth Group,5422 Spring Rd,Chicago,IL,60601
4717,MEMBER_CHANGE,Harborview Private Wealth,harborview,False,Jennifer,Thompson,Anderson Advisors,Anderson Advisors,2147 Lincoln Pkwy,Minneapolis,MN,55401
4718,RENAME,Woodbury Financial Services,woodbury,True,Charles,Reyes,Reyes Asset Management Group,Reyes Family Wealth Group,1102 Adams Ln,Atlanta,GA,30301
4719,SPLIT_PARENT,Hilliard Lyons,hilliard_lyons,True,Paul,Roberts,Roberts Advisory Group,Roberts Advisory Group,3318 River Dr,Portland,OR,97201
4720,MEMBER_CHANGE,DA Davidson & Co.,da_davidson,True,Michael,Evans,Johnson Wealth Partners,Johnson Wealth Partners,5334 Park Pkwy,Austin,TX,78701
4721,SPLIT_PARENT,Summit Peak Advisors,summit_peak,False,Lisa,Anderson,Anderson Asset Management,Anderson Asset Management,7780 Central Dr,Oklahoma City,OK,73101
4722,MEMBER_CHANGE,Ameriprise Financial Services,ameriprise,True,James,King,Harris Wealth Advisors,Harris Wealth Advisors,1715 Lake Dr,New York,NY,10022
4723,MEMBER_CHANGE,Parkside Wealth Strategies,parkside,False,Barbara,Patel,White Investment Partners,White Investment Partners,5676 Lake Dr,Chicago,IL,60601
4724,MEMBER_CHANGE,LPL Financial,lpl_financial,True,Margaret,Wright,Green Wealth Partners,Green Wealth Partners,1762 Washington Blvd,Seattle,WA,98101
4725,MEMBER_CHANGE,Northgate Investment Partners,northgate,False,Kenneth,Nelson,Kim Investment Partners,Kim Investment Partners,454 Church Pkwy,Tampa,FL,33601
4726,SPLIT_PARENT,Hilliard Lyons,hilliard_lyons,True,Matthew,Collins,Collins Financial Group,Collins Financial Group,2676 Oak Dr,Columbus,OH,43201
4727,MEMBER_CHANGE,Hilliard Lyons,hilliard_lyons,True,James,Smith,King Private Wealth Group,King Private Wealth Group,6649 Oak Blvd,Charlotte,NC,28201
4728,MEMBER_CHANGE,Clearwater Capital Group,clearwater,False,Steven,Young,King Wealth,King Wealth,564 Commerce Ave,Louisville,KY,40201
4729,RENAME,Hilliard Lyons,hilliard_lyons,True,Sarah,Mitchell,Mitchell & Nelson Group,Mitchell Financial Group,987 Highland Rd,Chicago,IL,60601
4730,MEMBER_CHANGE,Robert W. Baird & Co.,rwbaird,True,Rachel,Allen,Moore Institutional Group,Moore Institutional Group,5001 Spring Ln,Denver,CO,80201
4731,MEMBER_CHANGE,Merrill Lynch Pierce Fenner & Smith,merrill_lynch,True,Margaret,Moore,Gomez Portfolio Group,Gomez Portfolio Group,2660 Willow Pl,Phoenix,AZ,85001
4732,MEMBER_CHANGE,Raymond James Financial Services,raymond_james,True,Joseph,Wright,White Wealth Advisors,White Wealth Advisors,683 Commerce Court,Houston,TX,77001
4733,MERGE_TARGET,National Planning Holdings,nph,True,David,Zhang,Zhang Advisory Group,Zhang Advisory Group,5756 Main Pl,Columbus,OH,43201
4734,MEMBER_CHANGE,Crestwood Family Office,crestwood,False,Barbara,Davis,Evans Investment Partners,Evans Investment Partners,1220 Broad Way,San Antonio,TX,78201
4735,RENAME,Oppenheimer & Co.,oppenheimer,True,Linda,Zhang,Zhang & Stewart Advisors,Zhang Capital Group,5964 Commerce Ave,Memphis,TN,38101
4736,MEMBER_CHANGE,Cetera Financial Group,cetera,True,Margaret,Huang,Anderson Wealth Advisors,Anderson Wealth Advisors,2253 Hill Ln,Charlotte,NC,28201
4737,MEMBER_CHANGE,Morgan Stanley Wealth Management,morgan_stanley,True,Robert,Martin,Davis Family Wealth Group,Davis Family Wealth Group,6825 Elm Ave,Tampa,FL,33601
4738,MEMBER_CHANGE,Ridgeway Wealth Management,ridgeway,False,Helen,Hall,Yang Family Office,Yang Family Office,3990 Spring Blvd,New York,NY,10001
4739,MEMBER_CHANGE,Meridian Private Wealth,meridian_pw,False,Thomas,Morgan,Nelson Family Office,Nelson Family Office,1298 Spring St,Seattle,WA,98101
4740,RENAME,Raymond James Financial Services,raymond_james,True,Michael,King,King Family Wealth Group,King Portfolio Group,9313 Union Ln,Miami,FL,33101
4741,MEMBER_CHANGE,Summit Peak Advisors,summit_peak,False,Barbara,Wilson,Parker Family Office,Parker Family Office,9859 Jefferson Way,Houston,TX,77001
4742,MEMBER_CHANGE,Janney Montgomery Scott,janney,True,Matthew,Wright,Cruz Advisory Group,Cruz Advisory Group,7021 Main Court,Los Angeles,CA,90001
4743,MEMBER_CHANGE,Crestwood Family Office,crestwood,False,John,Garcia,Williams Wealth,Williams Wealth,823 Maple Rd,Baltimore,MD,21201
4744,MEMBER_CHANGE,Crestwood Family Office,crestwood,False,Rachel,Nelson,Zhang Partners,Zhang Partners,3647 Broad Blvd,Minneapolis,MN,55401
4745,MEMBER_CHANGE,Clearwater Capital Group,clearwater,False,Steven,Wang,Campbell Asset Management,Campbell Asset Management,9230 Cedar Court,St. Louis,MO,63101
4746,MEMBER_CHANGE,Edward Jones,edward_jones,True,Mark,Baker,Thompson Asset Management Group,Thompson Asset Management Group,1977 Lincoln Dr,Boston,MA,02101
4747,MEMBER_CHANGE,Cambridge Investment Research,cambridge_inv,True,Kenneth,Harris,Flores Wealth Advisors,Flores Wealth Advisors,7851 Liberty Court,Washington,DC,20001
4748,MEMBER_CHANGE,Merrill Lynch Pierce Fenner & Smith,merrill_lynch,True,Kenneth,Flores,Lee Institutional Group,Lee Institutional Group,5887 Madison Pkwy,Los Angeles,CA,90001
4749,MEMBER_CHANGE,Hilliard Lyons,hilliard_lyons,True,Christopher,Scott,Parker Portfolio Group,Parker Portfolio Group,6355 Spring Ln,Boston,MA,02101
4750,MEMBER_CHANGE,Securities America,securities_america,True,Thomas,Nguyen,Nguyen Financial Group,Nguyen Financial Group,2985 Market St,New York,NY,10001
4751,MEMBER_CHANGE,Commonwealth Financial Network,commonwealth,True,Jessica,Hall,Collins Financial Group,Collins Financial Group,2665 Main Court,San Antonio,TX,78201
4752,MEMBER_CHANGE,Ridgeway Wealth Management,ridgeway,False,Linda,Patel,Adams Capital,Adams Capital,3264 Jefferson Dr,Washington,DC,20001
4753,MEMBER_CHANGE,Cetera Financial Group,cetera,True,Jennifer,Mitchell,Johnson Financial Group,Johnson Financial Group,8550 Lake St,Tampa,FL,33601
4754,MEMBER_CHANGE,Stifel Nicolaus & Company,stifel_nicolaus,True,Helen,Evans,Morgan Asset Management Group,Morgan Asset Management Group,9990 Jefferson Court,St. Louis,MO,63101
4755,MEMBER_CHANGE,National Planning Holdings,nph,True,Megan,Hall,Torres Private Wealth Group,Torres Private Wealth Group,4282 Willow Rd,St. Louis,MO,63101
4756,MEMBER_CHANGE,Securities America,securities_america,True,Joseph,Carter,Flores Financial Group,Flores Financial Group,1401 Hill Ln,Raleigh,NC,27601
4757,MEMBER_CHANGE,Robert W. Baird & Co.,rwbaird,True,Sandra,Davis,Williams Asset Management Group,Williams Asset Management Group,6308 Market Court,Baltimore,MD,21201
4758,MEMBER_CHANGE,Ameriprise Financial Services,ameriprise,True,Christopher,Allen,Jones Wealth Advisors,Jones Wealth Advisors,5631 Monroe Way,Philadelphia,PA,19101
4759,RENAME,Merrill Lynch Pierce Fenner & Smith,merrill_lynch,True,Sandra,Allen,Allen & Hall Advisors,Allen Capital Group,7163 Oak Pl,St. Louis,MO,63101
4760,MEMBER_CHANGE,Summit Peak Advisors,summit_peak,False,Ashley,Taylor,Lee Family Office,Lee Family Office,3495 River Dr,Phoenix,AZ,85001
4761,MEMBER_CHANGE,Cambridge Investment Research,cambridge_inv,True,Dorothy,Nguyen,Wang Institutional Group,Wang Institutional Group,7290 Park Pkwy,Dallas,TX,75201
4762,MERGE_TARGET,Morgan Stanley Wealth Management,morgan_stanley,True,Robert,Wilson,Wilson Capital Group,Wilson Capital Group,8771 Willow Ln,Oklahoma City,OK,73101
4763,MEMBER_CHANGE,Northgate Investment Partners,northgate,False,Anthony,Jones,Harris Capital Partners,Harris Capital Partners,7912 Commerce Dr,New York,NY,10022
4764,SPLIT_PARENT,Ridgeway Wealth Management,ridgeway,False,Matthew,Miller,Miller Family Office,Miller Family Office,8212 Liberty Court,Raleigh,NC,27601
4765,MEMBER_CHANGE,Wells Fargo Advisors,wells_fargo,True,Donald,Roberts,Patel Investment Group,Patel Investment Group,6910 Cedar Pl,Seattle,WA,98101
4766,MEMBER_CHANGE,Securities America,securities_america,True,Steven,Gomez,Cruz Investment Group,Cruz Investment Group,306 Cedar Blvd,Indianapolis,IN,46201
4767,MEMBER_CHANGE,Ridgeway Wealth Management,ridgeway,False,Michael,Cruz,Wilson Private Wealth,Wilson Private Wealth,4852 Spring Pl,New York,NY,10022
4768,RENAME,Ridgeway Wealth Management,ridgeway,False,Michael,Wright,Wright & Scott Advisors,Wright Investment Partners,9764 Oak Court,Los Angeles,CA,90001
4769,MEMBER_CHANGE,Ridgeway Wealth Management,ridgeway,False,Dorothy,Scott,Gomez Asset Management,Gomez Asset Management,3520 Highland Way,Memphis,TN,38101
4770,RENAME,Kingsbridge Capital Advisors,kingsbridge,False,Dorothy,Harris,Harris & Reyes Advisors,Harris Asset Management,8455 Commerce Blvd,Denver,CO,80201
4771,MERGE_SURVIVOR,DA Davidson & Co.,da_davidson,True,Richard,Hill,Hill Advisory Group,Hill Advisory Group,316 Park Rd,Charlotte,NC,28201
4772,MEMBER_CHANGE,Cambridge Investment Research,cambridge_inv,True,Kenneth,Johnson,Morgan Institutional Group,Morgan Institutional Group,1073 Main St,Pittsburgh,PA,15201
4773,RENAME,Merrill Lynch Pierce Fenner & Smith,merrill_lynch,True,Andrew,White,White & Reyes Group,White Capital Group,2678 Broad Rd,Richmond,VA,23219
4774,MEMBER_CHANGE,Parkside Wealth Strategies,parkside,False,Charles,Mitchell,Johnson Capital Partners,Johnson Capital Partners,4654 Cedar Way,Portland,OR,97201
4775,MEMBER_CHANGE,National Planning Holdings,nph,True,Matthew,Moore,King Wealth Partners,King Wealth Partners,6871 Monroe Ln,Dallas,TX,75201
4776,MEMBER_CHANGE,Cambridge Investment Research,cambridge_inv,True,Mark,Khan,Hall Family Wealth Group,Hall Family Wealth Group,3289 Willow Ave,Cleveland,OH,44101
4777,SPLIT_PARENT,Woodbury Financial Services,woodbury,True,Nancy,Taylor,Taylor Investment Group,Taylor Investment Group,5618 Elm Way,Nashville,TN,37201
4778,MEMBER_CHANGE,Kingsbridge Capital Advisors,kingsbridge,False,Megan,Khan,Brown Partners,Brown Partners,2818 Elm Dr,Los Angeles,CA,90001
4779,RENAME,Raymond James Financial Services,raymond_james,True,Mark,Yang,Yang & Khan Group,Yang Wealth Partners,738 Willow Ln,Kansas City,MO,64101
4780,MEMBER_CHANGE,Ameriprise Financial Services,ameriprise,True,Thomas,Wang,Anderson Capital Group,Anderson Capital Group,1391 Union Pl,Cleveland,OH,44101
4781,SPLIT_PARENT,National Planning Holdings,nph,True,Robert,Lee,Lee Wealth Partners,Lee Wealth Partners,1775 Market Blvd,Miami,FL,33101
4782,MEMBER_CHANGE,Highfield Asset Management,highfield,False,James,Flores,Wright Wealth,Wright Wealth,6863 Lincoln Ln,Los Angeles,CA,90001
4783,MEMBER_CHANGE,Harborview Private Wealth,harborview,False,Emily,Nguyen,Khan Wealth,Khan Wealth,3044 Park Pkwy,San Diego,CA,92101
4784,MEMBER_CHANGE,Commonwealth Financial Network,commonwealth,True,Joseph,Torres,Carter Wealth Partners,Carter Wealth Partners,4612 Commerce Pkwy,Los Angeles,CA,90001
4785,MEMBER_CHANGE,National Planning Holdings,nph,True,Daniel,Morgan,Nguyen Advisory Group,Nguyen Advisory Group,6920 Maple Pl,San Diego,CA,92101
4786,RENAME,Commonwealth Financial Network,commonwealth,True,Betty,Evans,Evans Investment Group,Evans Capital Group,9138 River Rd,Denver,CO,80201
4787,MEMBER_CHANGE,Raymond James Financial Services,raymond_james,True,Mark,Brown,Moore Investment Group,Moore Investment Group,4352 Liberty Court,Dallas,TX,75201
4788,MEMBER_CHANGE,Robert W. Baird & Co.,rwbaird,True,Donald,Diaz,Mitchell Asset Management Group,Mitchell Asset Management Group,3235 Adams Ave,Charlotte,NC,28201
4789,SPLIT_PARENT,Meridian Private Wealth,meridian_pw,False,Dorothy,Harris,Harris Capital Partners,Harris Capital Partners,1358 River Pl,Los Angeles,CA,90001
4790,MERGE_SURVIVOR,Stifel Nicolaus & Company,stifel_nicolaus,True,William,Chen,Chen Private Wealth Group,Chen Private Wealth Group,8832 Oak Blvd,Las Vegas,NV,89101
4791,MERGE_SURVIVOR,Ridgeway Wealth Management,ridgeway,False,Nancy,Turner,Turner Wealth Management,Turner Wealth Management,2095 Hill Ave,St. Louis,MO,63101
4792,MEMBER_CHANGE,Northgate Investment Partners,northgate,False,John,Turner,Parker Wealth Management,Parker Wealth Management,6797 Main Ln,Phoenix,AZ,85001
4793,MEMBER_CHANGE,Morgan Stanley Wealth Management,morgan_stanley,True,Daniel,Thompson,Nelson Private Wealth Group,Nelson Private Wealth Group,8314 Highland Ave,Philadelphia,PA,19101
4794,SPLIT_PARENT,Clearwater Capital Group,clearwater,False,Rachel,Khan,Khan Wealth Management,Khan Wealth Management,2151 Adams Pl,Las Vegas,NV,89101
4795,MEMBER_CHANGE,Ridgeway Wealth Management,ridgeway,False,Donald,Kim,Moore Investment Partners,Moore Investment Partners,8065 Madison Court,Boston,MA,02101
4796,MEMBER_CHANGE,Ridgeway Wealth Management,ridgeway,False,Betty,Collins,Young Wealth,Young Wealth,841 Lake Rd,Phoenix,AZ,85001
4797,MEMBER_CHANGE,Robert W. Baird & Co.,rwbaird,True,Anthony,Baker,Thomas Private Wealth Group,Thomas Private Wealth Group,8548 Cedar Ave,Boston,MA,02101
4798,MEMBER_CHANGE,Kingsbridge Capital Advisors,kingsbridge,False,Sarah,Phillips,Allen Partners,Allen Partners,5700 Maple Dr,San Jose,CA,95101
4799,MEMBER_CHANGE,Oppenheimer & Co.,oppenheimer,True,Robert,Gomez,Adams Portfolio Group,Adams Portfolio Group,136 River Rd,Atlanta,GA,30301
4800,MEMBER_CHANGE,UBS Financial Services,ubs,True,Richard,Williams,Torres Asset Management Group,Torres Asset Management Group,122 Highland Rd,Chicago,IL,60601
4801,MERGE_SURVIVOR,Summit Peak Advisors,summit_peak,False,Nancy,Nelson,Nelson Wealth,Nelson Wealth,4948 Union Court,Kansas City,MO,64101
4802,MEMBER_CHANGE,Cambridge Investment Research,cambridge_inv,True,Sarah,Jones,Jones Wealth Management Group,Jones Wealth Management Group,3342 Cedar Rd,Washington,DC,20001
4803,RENAME,Northgate Investment Partners,northgate,False,Nancy,Thompson,Thompson & Thompson Advisors,Thompson Private Wealth,7862 Elm Blvd,Kansas City,MO,64101
4804,MEMBER_CHANGE,Oppenheimer & Co.,oppenheimer,True,Ashley,Scott,Phillips Wealth Partners,Phillips Wealth Partners,995 Jefferson Rd,New York,NY,10022
4805,MEMBER_CHANGE,Stifel Nicolaus & Company,stifel_nicolaus,True,Dorothy,Green,Zhang Financial Group,Zhang Financial Group,4450 Hill Pkwy,Pittsburgh,PA,15201
4806,MEMBER_CHANGE,Woodbury Financial Services,woodbury,True,Donald,Adams,Adams Wealth Management Group,Adams Wealth Management Group,3862 Lake Pkwy,Philadelphia,PA,19101
4807,SPLIT_PARENT,Harborview Private Wealth,harborview,False,Mark,Hill,Hill Wealth Management,Hill Wealth Management,4833 Maple Blvd,Memphis,TN,38101
4808,MEMBER_CHANGE,Janney Montgomery Scott,janney,True,Lisa,Thompson,Smith Asset Management Group,Smith Asset Management Group,377 Lake Blvd,Milwaukee,WI,53201
4809,MEMBER_CHANGE,Northgate Investment Partners,northgate,False,Amanda,Liu,Scott Advisors,Scott Advisors,1170 Liberty Court,Los Angeles,CA,90001
4810,MEMBER_CHANGE,Hilliard Lyons,hilliard_lyons,True,Charles,King,Kim Asset Management Group,Kim Asset Management Group,4055 Maple St,Phoenix,AZ,85001
4811,MEMBER_CHANGE,Morgan Stanley Wealth Management,morgan_stanley,True,Andrew,King,Phillips Asset Management Group,Phillips Asset Management Group,5544 River Ln,Philadelphia,PA,19101
4812,MEMBER_CHANGE,LPL Financial,lpl_financial,True,Ashley,Anderson,White Asset Management Group,White Asset Management Group,713 Lincoln Rd,New York,NY,10022
4813,SPLIT_PARENT,UBS Financial Services,ubs,True,Paul,Adams,Adams Wealth Partners,Adams Wealth Partners,8636 Lincoln Way,St. Louis,MO,63101
4814,MEMBER_CHANGE,Janney Montgomery Scott,janney,True,Thomas,Nguyen,Nguyen Institutional Group,Nguyen Institutional Group,9666 Market Pkwy,San Francisco,CA,94101
4815,MEMBER_CHANGE,Cambridge Investment Research,cambridge_inv,True,Jennifer,Stewart,Campbell Private Wealth Group,Campbell Private Wealth Group,7756 Main Dr,Memphis,TN,38101
4816,MEMBER_CHANGE,Summit Peak Advisors,summit_peak,False,Christopher,Jackson,Johnson Partners,Johnson Partners,7571 Jefferson St,Houston,TX,77001
4817,MEMBER_CHANGE,Ameriprise Financial Services,ameriprise,True,Thomas,Stewart,Morris Advisory Group,Morris Advisory Group,7972 Spring Pkwy,Denver,CO,80201
4818,MEMBER_CHANGE,Woodbury Financial Services,woodbury,True,Emily,Turner,Khan Advisory Group,Khan Advisory Group,705 Jefferson Court,Philadelphia,PA,19101
4819,MEMBER_CHANGE,Wells Fargo Advisors,wells_fargo,True,Robert,Scott,Adams Private Wealth Group,Adams Private Wealth Group,9500 Liberty Ln,Chicago,IL,60601
4820,MEMBER_CHANGE,UBS Financial Services,ubs,True,Rachel,Wright,Evans Wealth Management Group,Evans Wealth Management Group,2888 Maple Rd,Seattle,WA,98101
4821,MEMBER_CHANGE,Janney Montgomery Scott,janney,True,Dorothy,Kim,Khan Capital Group,Khan Capital Group,5575 Highland Ln,Atlanta,GA,30301
4822,MEMBER_CHANGE,Robert W. Baird & Co.,rwbaird,True,Patricia,Wang,White Advisory Group,White Advisory Group,8603 River Pkwy,Baltimore,MD,21201
4823,MEMBER_CHANGE,Harborview Private Wealth,harborview,False,Emily,White,Torres Capital,Torres Capital,3848 Highland Ave,Raleigh,NC,27601
4824,RENAME,Northgate Investment Partners,northgate,False,John,Lee,Lee & Khan Group,Lee Advisors,3936 Willow Dr,New York,NY,10001
4825,MEMBER_CHANGE,Highfield Asset Management,highfield,False,Patricia,Johnson,Allen Wealth Management,Allen Wealth Management,9695 Highland Blvd,Las Vegas,NV,89101
4826,MEMBER_CHANGE,Kingsbridge Capital Advisors,kingsbridge,False,Paul,Smith,Scott Advisors,Scott Advisors,6422 Liberty Ave,Richmond,VA,23219
4827,MEMBER_CHANGE,Commonwealth Financial Network,commonwealth,True,Sandra,Parker,Harris Private Wealth Group,Harris Private Wealth Group,7545 Park Pkwy,Denver,CO,80201
4828,MEMBER_CHANGE,Northgate Investment Partners,northgate,False,Barbara,Reyes,Edwards Capital,Edwards Capital,4573 Market Way,Dallas,TX,75201
4829,MEMBER_CHANGE,Parkside Wealth Strategies,parkside,False,Kenneth,Smith,Patel Asset Management,Patel Asset Management,5817 Market Ln,Oklahoma City,OK,73101
4830,MERGE_SURVIVOR,Ridgeway Wealth Management,ridgeway,False,Donald,Chen,Chen Wealth Management,Chen Wealth Management,2613 Commerce Ln,Boston,MA,02101
4831,MEMBER_CHANGE,Ameriprise Financial Services,ameriprise,True,Donald,Flores,Martin Family Wealth Group,Martin Family Wealth Group,1381 Lake Rd,Portland,OR,97201
4832,MEMBER_CHANGE,Edward Jones,edward_jones,True,James,Green,Yang Financial Group,Yang Financial Group,6498 Jefferson St,Milwaukee,WI,53201
4833,MEMBER_CHANGE,Morgan Stanley Wealth Management,morgan_stanley,True,Emily,Evans,Torres Wealth Advisors,Torres Wealth Advisors,1759 Commerce Dr,Nashville,TN,37201
4834,SPLIT_PARENT,Ameriprise Financial Services,ameriprise,True,Megan,Wilson,Wilson Private Wealth Group,Wilson Private Wealth Group,2089 Lincoln Blvd,Oklahoma City,OK,73101
4835,MERGE_TARGET,Morgan Stanley Wealth Management,morgan_stanley,True,Betty,Edwards,Edwards Portfolio Group,Edwards Portfolio Group,9230 Broad Dr,Louisville,KY,40201
4836,RENAME,Northgate Investment Partners,northgate,False,Steven,Hill,Hill & Associates,Hill Investment Partners,6664 Park Pkwy,Tampa,FL,33601
4837,MERGE_TARGET,Harborview Private Wealth,harborview,False,Megan,Adams,Adams Partners,Adams Partners,1765 River Pl,Louisville,KY,40201
4838,RENAME,Commonwealth Financial Network,commonwealth,True,James,Zhang,Zhang & Associates,Zhang Advisory Group,9918 Liberty Dr,Indianapolis,IN,46201
4839,MEMBER_CHANGE,Ridgeway Wealth Management,ridgeway,False,Megan,Flores,Baker Wealth,Baker Wealth,8963 Lincoln Ln,Pittsburgh,PA,15201
4840,RENAME,Raymond James Financial Services,raymond_james,True,Karen,King,King Wealth Partners,King Investment Group,997 Spring St,Richmond,VA,23219
4841,MEMBER_CHANGE,Parkside Wealth Strategies,parkside,False,Richard,Turner,Nguyen Partners,Nguyen Partners,216 Oak Ave,San Antonio,TX,78201
4842,MEMBER_CHANGE,Ridgeway Wealth Management,ridgeway,False,Margaret,Chen,Garcia Private Wealth,Garcia Private Wealth,7048 Maple Ln,Houston,TX,77001
4843,MEMBER_CHANGE,Meridian Private Wealth,meridian_pw,False,Daniel,Chen,Nelson Advisors,Nelson Advisors,9305 Hill Rd,Richmond,VA,23219
4844,MEMBER_CHANGE,Kingsbridge Capital Advisors,kingsbridge,False,Lisa,Green,Garcia Capital,Garcia Capital,1537 Lake St,Chicago,IL,60601
4845,MEMBER_CHANGE,Ridgeway Wealth Management,ridgeway,False,Dorothy,Huang,Rivera Capital,Rivera Capital,3265 Market Rd,Las Vegas,NV,89101
4846,MEMBER_CHANGE,Clearwater Capital Group,clearwater,False,Patricia,Wilson,Evans Partners,Evans Partners,9286 Lincoln Way,San Diego,CA,92101
4847,MEMBER_CHANGE,Edward Jones,edward_jones,True,William,Yang,Jones Wealth Management Group,Jones Wealth Management Group,4420 Union Rd,Cleveland,OH,44101
4848,MEMBER_CHANGE,Wells Fargo Advisors,wells_fargo,True,Patricia,White,Cruz Financial Group,Cruz Financial Group,4114 Church Ln,Louisville,KY,40201
4849,MEMBER_CHANGE,Oppenheimer & Co.,oppenheimer,True,Susan,Turner,Jones Portfolio Group,Jones Portfolio Group,2369 Elm Ave,Cleveland,OH,44101
4850,MEMBER_CHANGE,Securities America,securities_america,True,Linda,Hill,Liu Investment Group,Liu Investment Group,443 Madison Dr,Phoenix,AZ,85001
4851,MEMBER_CHANGE,Cambridge Investment Research,cambridge_inv,True,Betty,Young,Lee Wealth Partners,Lee Wealth Partners,2091 Commerce Ln,Houston,TX,77001
4852,MEMBER_CHANGE,Kingsbridge Capital Advisors,kingsbridge,False,Amanda,Evans,Chen Partners,Chen Partners,2648 Park Ln,Indianapolis,IN,46201
4853,SPLIT_PARENT,Northgate Investment Partners,northgate,False,Joseph,Edwards,Edwards Family Office,Edwards Family Office,4011 Madison Court,Jacksonville,FL,32201
4854,MEMBER_CHANGE,Oppenheimer & Co.,oppenheimer,True,Nancy,Scott,Gomez Private Wealth Group,Gomez Private Wealth Group,6880 Jefferson Ln,San Francisco,CA,94101
4855,MEMBER_CHANGE,Morgan Stanley Wealth Management,morgan_stanley,True,Sandra,Khan,Moore Advisory Group,Moore Advisory Group,9560 Union Ave,Portland,OR,97201
4856,RENAME,Crestwood Family Office,crestwood,False,Mark,Parker,Parker Partners,Parker Capital,5724 Elm Court,Dallas,TX,75201
4857,MEMBER_CHANGE,Highfield Asset Management,highfield,False,Richard,Hall,Khan Capital Partners,Khan Capital Partners,1766 Washington Ln,St. Louis,MO,63101
4858,RENAME,Stifel Nicolaus & Company,stifel_nicolaus,True,Dorothy,Gomez,Gomez Wealth Management Group,Gomez Wealth Partners,9400 Spring Blvd,Austin,TX,78701
4859,SPLIT_PARENT,Oppenheimer & Co.,oppenheimer,True,Daniel,Wang,Wang Portfolio Group,Wang Portfolio Group,6890 Monroe Rd,Indianapolis,IN,46201
4860,RENAME,Janney Montgomery Scott,janney,True,Susan,Thompson,Thompson & Associates,Thompson Advisory Group,7132 Monroe Court,Milwaukee,WI,53201
4861,MEMBER_CHANGE,Cambridge Investment Research,cambridge_inv,True,Charles,Khan,Huang Private Wealth Group,Huang Private Wealth Group,1318 River Dr,Columbus,OH,43201
4862,MEMBER_CHANGE,UBS Financial Services,ubs,True,Ashley,Carter,Martin Wealth Management Group,Martin Wealth Management Group,8615 Main Pl,Boston,MA,02101
4863,MEMBER_CHANGE,Commonwealth Financial Network,commonwealth,True,Steven,Johnson,Garcia Capital Group,Garcia Capital Group,5298 Liberty Pl,St. Louis,MO,63101
4864,MEMBER_CHANGE,Ridgeway Wealth Management,ridgeway,False,Matthew,Baker,Morgan Family Office,Morgan Family Office,2834 Monroe Way,Cleveland,OH,44101
4865,SPLIT_PARENT,Commonwealth Financial Network,commonwealth,True,Amanda,Brown,Brown Investment Group,Brown Investment Group,5938 Highland Ave,Dallas,TX,75201
4866,RENAME,Morgan Stanley Wealth Management,morgan_stanley,True,Paul,Nguyen,Nguyen & Edwards Advisors,Nguyen Advisory Group,7767 Washington Ave,Baltimore,MD,21201
4867,MEMBER_CHANGE,LPL Financial,lpl_financial,True,Kenneth,Lee,Hill Family Wealth Group,Hill Family Wealth Group,468 Park Blvd,Jacksonville,FL,32201
4868,MEMBER_CHANGE,Oppenheimer & Co.,oppenheimer,True,Amanda,Nguyen,Allen Private Wealth Group,Allen Private Wealth Group,8868 Main Blvd,Richmond,VA,23219
4869,RENAME,Oppenheimer & Co.,oppenheimer,True,Lisa,Parker,Parker & Kim Partners,Parker Portfolio Group,9757 Highland Way,Kansas City,MO,64101
4870,MEMBER_CHANGE,Northgate Investment Partners,northgate,False,Jessica,Allen,Reyes Capital Partners,Reyes Capital Partners,9459 Park Pkwy,Washington,DC,20001
4871,MEMBER_CHANGE,Commonwealth Financial Network,commonwealth,True,Jennifer,Torres,King Capital Group,King Capital Group,1205 Highland Blvd,Indianapolis,IN,46201
4872,MEMBER_CHANGE,Crestwood Family Office,crestwood,False,William,Wang,Thompson Wealth,Thompson Wealth,1304 Maple Way,Fort Worth,TX,76101
4873,MEMBER_CHANGE,DA Davidson & Co.,da_davidson,True,Betty,Allen,Smith Advisory Group,Smith Advisory Group,8745 Madison Blvd,Washington,DC,20001
4874,MEMBER_CHANGE,DA Davidson & Co.,da_davidson,True,David,Flores,Huang Asset Management Group,Huang Asset Management Group,1805 Cedar Blvd,Louisville,KY,40201
4875,RENAME,Securities America,securities_america,True,Andrew,Reyes,Reyes Wealth Management Group,Reyes Investment Group,3463 Park St,New York,NY,10001
4876,MEMBER_CHANGE,Securities America,securities_america,True,Joseph,Allen,Torres Asset Management Group,Torres Asset Management Group,4183 Oak Court,Dallas,TX,75201
4877,MEMBER_CHANGE,National Planning Holdings,nph,True,Emily,Evans,Turner Wealth Partners,Turner Wealth Partners,9252 Elm Court,Kansas City,MO,64101
4878,MEMBER_CHANGE,Stifel Nicolaus & Company,stifel_nicolaus,True,Amanda,Morris,Khan Private Wealth Group,Khan Private Wealth Group,744 Commerce Court,Cleveland,OH,44101
4879,MEMBER_CHANGE,Edward Jones,edward_jones,True,Margaret,Thompson,Taylor Institutional Group,Taylor Institutional Group,7331 Lake Ln,Washington,DC,20001
4880,MEMBER_CHANGE,Northgate Investment Partners,northgate,False,Mark,Turner,Mitchell Private Wealth,Mitchell Private Wealth,2546 Washington St,Raleigh,NC,27601
4881,RENAME,Raymond James Financial Services,raymond_james,True,James,Jones,Jones Financial Group,Jones Portfolio Group,7459 Main Court,Seattle,WA,98101
4882,RENAME,Raymond James Financial Services,raymond_james,True,Jessica,Baker,Baker Family Wealth Group,Baker Wealth Partners,1236 Madison Blvd,Minneapolis,MN,55401
4883,RENAME,Woodbury Financial Services,woodbury,True,Sandra,Morris,Morris & Torres Group,Morris Advisory Group,6580 Spring Ave,San Jose,CA,95101
4884,MEMBER_CHANGE,Woodbury Financial Services,woodbury,True,Andrew,Thompson,Scott Capital Group,Scott Capital Group,1597 Union St,New York,NY,10022
4885,MEMBER_CHANGE,Hilliard Lyons,hilliard_lyons,True,Nancy,Wilson,Williams Wealth Advisors,Williams Wealth Advisors,1981 Broad Rd,Tampa,FL,33601
4886,MEMBER_CHANGE,Northgate Investment Partners,northgate,False,Robert,Scott,Collins Capital,Collins Capital,2210 Madison Blvd,Fort Worth,TX,76101
4887,MEMBER_CHANGE,Harborview Private Wealth,harborview,False,Matthew,Adams,Smith Advisors,Smith Advisors,6954 Main Way,San Diego,CA,92101
4888,MEMBER_CHANGE,Raymond James Financial Services,raymond_james,True,Lisa,Miller,King Wealth Management Group,King Wealth Management Group,2615 Adams Court,Columbus,OH,43201
4889,MERGE_SURVIVOR,Morgan Stanley Wealth Management,morgan_stanley,True,Matthew,Parker,Parker Wealth Partners,Parker Wealth Partners,2432 Church Rd,Jacksonville,FL,32201
4890,MEMBER_CHANGE,Ameriprise Financial Services,ameriprise,True,Jennifer,Collins,Khan Advisory Group,Khan Advisory Group,9509 Cedar Ln,Portland,OR,97201
4891,MEMBER_CHANGE,Raymond James Financial Services,raymond_james,True,James,Miller,Johnson Portfolio Group,Johnson Portfolio Group,1932 Madison Ln,Columbus,OH,43201
4892,SPLIT_PARENT,Wells Fargo Advisors,wells_fargo,True,Sandra,Chen,Chen Asset Management Group,Chen Asset Management Group,6416 Central Way,Denver,CO,80201
4893,MEMBER_CHANGE,Morgan Stanley Wealth Management,morgan_stanley,True,Betty,Wilson,Jackson Wealth Management Group,Jackson Wealth Management Group,4265 Willow Rd,Indianapolis,IN,46201
4894,MEMBER_CHANGE,Merrill Lynch Pierce Fenner & Smith,merrill_lynch,True,Andrew,Morgan,Nguyen Private Wealth Group,Nguyen Private Wealth Group,7241 Lincoln Rd,Pittsburgh,PA,15201
4895,MEMBER_CHANGE,Ameriprise Financial Services,ameriprise,True,Kenneth,Jackson,Johnson Institutional Group,Johnson Institutional Group,9055 River Rd,Oklahoma City,OK,73101
4896,RENAME,Securities America,securities_america,True,John,Miller,Miller & Associates,Miller Capital Group,1656 Commerce Ln,Denver,CO,80201
4897,MERGE_SURVIVOR,Raymond James Financial Services,raymond_james,True,Rachel,Flores,Flores Family Wealth Group,Flores Family Wealth Group,2884 Market St,Pittsburgh,PA,15201
4898,MEMBER_CHANGE,Raymond James Financial Services,raymond_james,True,Rachel,Stewart,Miller Private Wealth Group,Miller Private Wealth Group,5976 Main Pl,New York,NY,10022
4899,RENAME,Kingsbridge Capital Advisors,kingsbridge,False,Amanda,Khan,Khan & Associates,Khan Family Office,9490 Liberty Ln,Philadelphia,PA,19101
4900,MEMBER_CHANGE,Crestwood Family Office,crestwood,False,Dorothy,Turner,Davis Private Wealth,Davis Private Wealth,2761 Liberty Pl,Louisville,KY,40201
4901,MEMBER_CHANGE,LPL Financial,lpl_financial,True,Sandra,Rivera,Edwards Investment Group,Edwards Investment Group,2281 Union Court,Chicago,IL,60601
4902,MEMBER_CHANGE,Oppenheimer & Co.,oppenheimer,True,Betty,Carter,Chen Wealth Advisors,Chen Wealth Advisors,3263 Jefferson Way,Denver,CO,80201
4903,MEMBER_CHANGE,Stifel Nicolaus & Company,stifel_nicolaus,True,Michael,White,Wang Wealth Partners,Wang Wealth Partners,1038 Liberty Rd,Minneapolis,MN,55401
4904,MEMBER_CHANGE,DA Davidson & Co.,da_davidson,True,Amanda,Flores,Wright Family Wealth Group,Wright Family Wealth Group,3351 Broad Pl,Los Angeles,CA,90001
4905,SPLIT_PARENT,Northgate Investment Partners,northgate,False,Richard,Garcia,Garcia Wealth,Garcia Wealth,5500 Monroe Blvd,Nashville,TN,37201
4906,MERGE_TARGET,Oppenheimer & Co.,oppenheimer,True,Barbara,Cruz,Cruz Asset Management Group,Cruz Asset Management Group,3074 Jefferson Way,Tampa,FL,33601
4907,MEMBER_CHANGE,Securities America,securities_america,True,David,White,Anderson Asset Management Group,Anderson Asset Management Group,761 Lake Ave,Atlanta,GA,30301
4908,MEMBER_CHANGE,Robert W. Baird & Co.,rwbaird,True,Christopher,Parker,Gomez Wealth Management Group,Gomez Wealth Management Group,3998 Main Rd,Washington,DC,20001
4909,MEMBER_CHANGE,Summit Peak Advisors,summit_peak,False,Patricia,King,Yang Asset Management,Yang Asset Management,214 Liberty Pkwy,Raleigh,NC,27601
4910,RENAME,Wells Fargo Advisors,wells_fargo,True,Jessica,Green,Green & Associates,Green Private Wealth Group,5170 Elm Blvd,St. Louis,MO,63101
4911,MEMBER_CHANGE,Highfield Asset Management,highfield,False,Mark,Morgan,Torres Private Wealth,Torres Private Wealth,4933 Union Pl,St. Louis,MO,63101
4912,MEMBER_CHANGE,Highfield Asset Management,highfield,False,David,Yang,Williams Private Wealth,Williams Private Wealth,5877 Highland Ln,Atlanta,GA,30301
4913,RENAME,Oppenheimer & Co.,oppenheimer,True,Ashley,Hall,Hall & Associates,Hall Portfolio Group,1546 Cedar Dr,Atlanta,GA,30301
4914,MEMBER_CHANGE,National Planning Holdings,nph,True,Linda,Adams,White Wealth Management Group,White Wealth Management Group,5104 Monroe Pl,Kansas City,MO,64101
4915,MEMBER_CHANGE,Cetera Financial Group,cetera,True,Barbara,Adams,Adams Wealth Partners,Adams Wealth Partners,5427 Monroe Ave,Phoenix,AZ,85001
4916,MEMBER_CHANGE,DA Davidson & Co.,da_davidson,True,Amanda,Jackson,Carter Portfolio Group,Carter Portfolio Group,5943 Market Pkwy,Kansas City,MO,64101
4917,RENAME,Parkside Wealth Strategies,parkside,False,Robert,Khan,Khan & Associates,Khan Wealth,5811 Union Blvd,Austin,TX,78701
4918,MEMBER_CHANGE,Wells Fargo Advisors,wells_fargo,True,Jennifer,Nguyen,Thomas Asset Management Group,Thomas Asset Management Group,8647 Broad Ln,Chicago,IL,60601
4919,MERGE_TARGET,Morgan Stanley Wealth Management,morgan_stanley,True,Barbara,Thomas,Thomas Wealth Partners,Thomas Wealth Partners,7612 Madison Ave,San Diego,CA,92101
4920,MEMBER_CHANGE,Ridgeway Wealth Management,ridgeway,False,Margaret,Allen,Turner Wealth Management,Turner Wealth Management,8557 Highland Pkwy,Columbus,OH,43201
4921,RENAME,Morgan Stanley Wealth Management,morgan_stanley,True,Linda,Thompson,Thompson & Morris Group,Thompson Asset Management Group,1833 Adams Ave,Charlotte,NC,28201
4922,MEMBER_CHANGE,Crestwood Family Office,crestwood,False,Jessica,Jones,Phillips Capital Partners,Phillips Capital Partners,9558 Broad Blvd,Kansas City,MO,64101
4923,RENAME,Wells Fargo Advisors,wells_fargo,True,Jennifer,Edwards,Edwards & Associates,Edwards Asset Management Group,896 Lake Dr,Cleveland,OH,44101
4924,RENAME,Ridgeway Wealth Management,ridgeway,False,Linda,Stewart,Stewart & Associates,Stewart Asset Management,8604 Union Pl,Dallas,TX,75201
4925,SPLIT_PARENT,Cambridge Investment Research,cambridge_inv,True,Karen,Reyes,Reyes Institutional Group,Reyes Institutional Group,9288 Broad Court,Memphis,TN,38101
4926,MEMBER_CHANGE,Cambridge Investment Research,cambridge_inv,True,William,Wilson,Mitchell Wealth Partners,Mitchell Wealth Partners,3947 Highland Way,Memphis,TN,38101
4927,RENAME,Harborview Private Wealth,harborview,False,Donald,Brown,Brown Family Office,Brown Wealth Management,240 Church St,Raleigh,NC,27601
4928,MEMBER_CHANGE,Stifel Nicolaus & Company,stifel_nicolaus,True,Andrew,Diaz,Gomez Wealth Partners,Gomez Wealth Partners,9641 Broad Rd,San Francisco,CA,94101
4929,MERGE_SURVIVOR,Oppenheimer & Co.,oppenheimer,True,Dorothy,Cruz,Cruz Institutional Group,Cruz Institutional Group,4239 River Rd,San Antonio,TX,78201
4930,RENAME,Meridian Private Wealth,meridian_pw,False,Robert,Adams,Adams & Wilson Group,Adams Family Office,9627 Washington Ln,San Diego,CA,92101
4931,RENAME,DA Davidson & Co.,da_davidson,True,Jennifer,Young,Young & Associates,Young Institutional Group,3905 River Way,Washington,DC,20001
4932,RENAME,National Planning Holdings,nph,True,Richard,Edwards,Edwards & Wang Advisors,Edwards Asset Management Group,607 Adams Rd,Charlotte,NC,28201
4933,MEMBER_CHANGE,Oppenheimer & Co.,oppenheimer,True,Kenneth,Thomas,Diaz Wealth Advisors,Diaz Wealth Advisors,3529 Broad Court,Oklahoma City,OK,73101
4934,MEMBER_CHANGE,Kingsbridge Capital Advisors,kingsbridge,False,Dorothy,Brown,Stewart Partners,Stewart Partners,7670 Broad Pkwy,Milwaukee,WI,53201
4935,MERGE_TARGET,Hilliard Lyons,hilliard_lyons,True,Barbara,Zhang,Zhang Capital Group,Zhang Capital Group,7480 Market Dr,Minneapolis,MN,55401
4936,MEMBER_CHANGE,Oppenheimer & Co.,oppenheimer,True,Robert,Roberts,Parker Wealth Advisors,Parker Wealth Advisors,1280 Lincoln Way,Cleveland,OH,44101
4937,MEMBER_CHANGE,Janney Montgomery Scott,janney,True,Matthew,Anderson,Allen Institutional Group,Allen Institutional Group,738 Commerce Dr,Chicago,IL,60601
4938,MEMBER_CHANGE,Ameriprise Financial Services,ameriprise,True,Amanda,Hall,Khan Institutional Group,Khan Institutional Group,7734 Jefferson Ln,Philadelphia,PA,19101
4939,MEMBER_CHANGE,Highfield Asset Management,highfield,False,Joseph,Flores,King Partners,King Partners,142 Commerce Court,Tampa,FL,33601
4940,MEMBER_CHANGE,Edward Jones,edward_jones,True,Mark,Davis,Gomez Investment Group,Gomez Investment Group,2534 Park Dr,Miami,FL,33101
4941,MEMBER_CHANGE,Oppenheimer & Co.,oppenheimer,True,Margaret,Baker,Smith Advisory Group,Smith Advisory Group,3198 Madison Pkwy,Pittsburgh,PA,15201
4942,MEMBER_CHANGE,Woodbury Financial Services,woodbury,True,David,Wilson,Wilson Wealth Advisors,Wilson Wealth Advisors,5556 Union St,Austin,TX,78701
4943,MEMBER_CHANGE,Stifel Nicolaus & Company,stifel_nicolaus,True,Susan,Nguyen,Morris Investment Group,Morris Investment Group,6532 Spring Dr,San Jose,CA,95101
4944,SPLIT_PARENT,Ameriprise Financial Services,ameriprise,True,Donald,King,King Family Wealth Group,King Family Wealth Group,5523 Cedar Rd,Richmond,VA,23219
4945,RENAME,Ameriprise Financial Services,ameriprise,True,Charles,Martin,Martin Advisory Group,Martin Portfolio Group,978 Park Blvd,San Diego,CA,92101
4946,MEMBER_CHANGE,Stifel Nicolaus & Company,stifel_nicolaus,True,Jessica,Liu,Baker Financial Group,Baker Financial Group,1326 River Ln,Richmond,VA,23219
4947,MEMBER_CHANGE,Oppenheimer & Co.,oppenheimer,True,Andrew,Miller,Gomez Advisory Group,Gomez Advisory Group,5948 Spring Pl,Washington,DC,20001
4948,MEMBER_CHANGE,Harborview Private Wealth,harborview,False,Lisa,Smith,Williams Capital,Williams Capital,702 Oak Ln,San Antonio,TX,78201
4949,SPLIT_PARENT,Commonwealth Financial Network,commonwealth,True,Steven,Jones,Jones Advisory Group,Jones Advisory Group,6950 River Rd,Louisville,KY,40201
4950,MEMBER_CHANGE,National Planning Holdings,nph,True,Steven,Wilson,Khan Financial Group,Khan Financial Group,6516 Cedar Blvd,Philadelphia,PA,19101
4951,MERGE_TARGET,Securities America,securities_america,True,Emily,Harris,Harris Institutional Group,Harris Institutional Group,9882 Maple Blvd,Raleigh,NC,27601
4952,MEMBER_CHANGE,Ridgeway Wealth Management,ridgeway,False,Daniel,Martin,Chen Family Office,Chen Family Office,5423 Main Way,Memphis,TN,38101
4953,MERGE_TARGET,Wells Fargo Advisors,wells_fargo,True,Charles,Taylor,Taylor Investment Group,Taylor Investment Group,8964 Church Dr,New York,NY,10022
4954,MEMBER_CHANGE,Hilliard Lyons,hilliard_lyons,True,Anthony,Taylor,Young Wealth Partners,Young Wealth Partners,6968 Central Pl,Charlotte,NC,28201
4955,MEMBER_CHANGE,Ridgeway Wealth Management,ridgeway,False,Michael,Baker,Kim Investment Partners,Kim Investment Partners,6178 Willow Pl,Oklahoma City,OK,73101
4956,MEMBER_CHANGE,National Planning Holdings,nph,True,Jennifer,Nguyen,Brown Investment Group,Brown Investment Group,6782 Park Pl,Milwaukee,WI,53201
4957,MEMBER_CHANGE,Morgan Stanley Wealth Management,morgan_stanley,True,Megan,Flores,Hall Financial Group,Hall Financial Group,8929 Broad Rd,Fort Worth,TX,76101
4958,MEMBER_CHANGE,Stifel Nicolaus & Company,stifel_nicolaus,True,Karen,King,Hall Asset Management Group,Hall Asset Management Group,3240 Highland Pkwy,Chicago,IL,60601
4959,MEMBER_CHANGE,Robert W. Baird & Co.,rwbaird,True,Mark,Nguyen,Williams Wealth Management Group,Williams Wealth Management Group,8612 Washington Dr,Memphis,TN,38101
4960,MEMBER_CHANGE,National Planning Holdings,nph,True,Helen,Patel,Reyes Institutional Group,Reyes Institutional Group,2428 Madison Pkwy,New York,NY,10022
4961,RENAME,LPL Financial,lpl_financial,True,Daniel,Moore,Moore Capital Group,Moore Wealth Management Group,9344 Jefferson Pl,Oklahoma City,OK,73101
4962,RENAME,Ridgeway Wealth Management,ridgeway,False,John,Hill,Hill Investment Partners,Hill Wealth,7602 Monroe Pkwy,Los Angeles,CA,90001
4963,MEMBER_CHANGE,Cetera Financial Group,cetera,True,Patricia,Wang,Johnson Family Wealth Group,Johnson Family Wealth Group,1199 Spring Ave,Austin,TX,78701
4964,MEMBER_CHANGE,UBS Financial Services,ubs,True,Helen,Nelson,Jackson Portfolio Group,Jackson Portfolio Group,3520 Hill Rd,Richmond,VA,23219
4965,MEMBER_CHANGE,UBS Financial Services,ubs,True,Megan,Anderson,Green Portfolio Group,Green Portfolio Group,7892 Washington Ave,Las Vegas,NV,89101
4966,RENAME,LPL Financial,lpl_financial,True,William,Carter,Carter & Associates,Carter Institutional Group,3272 Union Dr,Columbus,OH,43201
4967,MEMBER_CHANGE,National Planning Holdings,nph,True,Margaret,Williams,Stewart Portfolio Group,Stewart Portfolio Group,2681 Highland Ln,Richmond,VA,23219
4968,MEMBER_CHANGE,Raymond James Financial Services,raymond_james,True,Linda,Brown,Smith Capital Group,Smith Capital Group,3775 Main Way,Phoenix,AZ,85001
4969,RENAME,LPL Financial,lpl_financial,True,Daniel,Wang,Wang Wealth Advisors,Wang Asset Management Group,790 Oak Court,San Diego,CA,92101
4970,MEMBER_CHANGE,Highfield Asset Management,highfield,False,Steven,Harris,Rivera Advisors,Rivera Advisors,7690 Jefferson Rd,Austin,TX,78701
4971,MEMBER_CHANGE,Ameriprise Financial Services,ameriprise,True,Patricia,Johnson,King Wealth Partners,King Wealth Partners,9269 Spring Way,Tampa,FL,33601
4972,MEMBER_CHANGE,Securities America,securities_america,True,Kenneth,Green,Patel Investment Group,Patel Investment Group,9070 Elm St,Memphis,TN,38101
4973,MEMBER_CHANGE,Edward Jones,edward_jones,True,Margaret,Stewart,Taylor Family Wealth Group,Taylor Family Wealth Group,8595 Liberty St,Phoenix,AZ,85001
4974,RENAME,LPL Financial,lpl_financial,True,Margaret,Roberts,Roberts Family Wealth Group,Roberts Wealth Advisors,968 River Rd,Baltimore,MD,21201
4975,SPLIT_PARENT,Harborview Private Wealth,harborview,False,Margaret,Torres,Torres Asset Management,Torres Asset Management,9596 Spring Blvd,San Francisco,CA,94101
4976,MEMBER_CHANGE,Commonwealth Financial Network,commonwealth,True,Karen,Martin,Smith Portfolio Group,Smith Portfolio Group,6931 Liberty St,Milwaukee,WI,53201
4977,MEMBER_CHANGE,Highfield Asset Management,highfield,False,Megan,Phillips,Adams Capital,Adams Capital,4311 Spring Blvd,Louisville,KY,40201
4978,RENAME,Ameriprise Financial Services,ameriprise,True,Anthony,Adams,Adams Private Wealth Group,Adams Wealth Advisors,7731 Liberty Rd,Raleigh,NC,27601
4979,RENAME,Commonwealth Financial Network,commonwealth,True,Helen,Yang,Yang Financial Group,Yang Wealth Advisors,4374 Main Way,New York,NY,10001
4980,MEMBER_CHANGE,Summit Peak Advisors,summit_peak,False,Sandra,Kim,Thompson Family Office,Thompson Family Office,5311 Commerce Way,Kansas City,MO,64101
4981,MEMBER_CHANGE,Northgate Investment Partners,northgate,False,Steven,Brown,Green Wealth,Green Wealth,2431 Broad Court,Miami,FL,33101
4982,MEMBER_CHANGE,Woodbury Financial Services,woodbury,True,Robert,Smith,Wang Investment Group,Wang Investment Group,9041 River Blvd,Memphis,TN,38101
4983,RENAME,Cambridge Investment Research,cambridge_inv,True,Michael,Patel,Patel Institutional Group,Patel Portfolio Group,2333 Market Blvd,Memphis,TN,38101
4984,SPLIT_PARENT,Ridgeway Wealth Management,ridgeway,False,William,Collins,Collins Family Office,Collins Family Office,4313 Cedar Way,New York,NY,10022
4985,RENAME,Morgan Stanley Wealth Management,morgan_stanley,True,Jennifer,Thomas,Thomas Asset Management Group,Thomas Financial Group,1321 Church Court,Milwaukee,WI,53201
4986,RENAME,UBS Financial Services,ubs,True,Jennifer,Nguyen,Nguyen Investment Group,Nguyen Family Wealth Group,6617 Central Court,New York,NY,10001
4987,MEMBER_CHANGE,Summit Peak Advisors,summit_peak,False,Dorothy,Parker,Jones Family Office,Jones Family Office,6293 River Way,Portland,OR,97201
4988,MEMBER_CHANGE,Clearwater Capital Group,clearwater,False,Donald,Adams,Turner Wealth,Turner Wealth,2464 Jefferson Pkwy,Cleveland,OH,44101
4989,RENAME,Edward Jones,edward_jones,True,Joseph,Liu,Liu & Miller Advisors,Liu Investment Group,4400 Elm Court,Louisville,KY,40201
4990,SPLIT_PARENT,Stifel Nicolaus & Company,stifel_nicolaus,True,Karen,Cruz,Cruz Institutional Group,Cruz Institutional Group,4524 Maple Ln,New York,NY,10022
4991,MEMBER_CHANGE,Merrill Lynch Pierce Fenner & Smith,merrill_lynch,True,Andrew,Hill,Phillips Private Wealth Group,Phillips Private Wealth Group,9215 Union Rd,Boston,MA,02101
4992,MEMBER_CHANGE,Morgan Stanley Wealth Management,morgan_stanley,True,Sandra,Edwards,Adams Wealth Management Group,Adams Wealth Management Group,2041 Commerce St,Miami,FL,33101
4993,MEMBER_CHANGE,Northgate Investment Partners,northgate,False,Thomas,King,Hall Wealth,Hall Wealth,6113 Washington St,Raleigh,NC,27601
4994,RENAME,Ameriprise Financial Services,ameriprise,True,Richard,Reyes,Reyes Capital Group,Reyes Wealth Management Group,7821 River St,Seattle,WA,98101
4995,RENAME,Stifel Nicolaus & Company,stifel_nicolaus,True,Mark,Green,Green & Wang Group,Green Wealth Advisors,9586 Willow Way,St. Louis,MO,63101
4996,SPLIT_PARENT,DA Davidson & Co.,da_davidson,True,Ashley,Edwards,Edwards Investment Group,Edwards Investment Group,4911 Madison Ave,Chicago,IL,60601
4997,RENAME,Oppenheimer & Co.,oppenheimer,True,William,Garcia,Garcia & Associates,Garcia Wealth Management Group,9449 Main St,Raleigh,NC,27601
4998,MEMBER_CHANGE,UBS Financial Services,ubs,True,Christopher,Gomez,Hall Wealth Advisors,Hall Wealth Advisors,6032 Main Blvd,New York,NY,10001
4999,MEMBER_CHANGE,Hilliard Lyons,hilliard_lyons,True,Sarah,Phillips,Moore Capital Group,Moore Capital Group,4835 Highland Way,San Jose,CA,95101
5000,SPLIT_CHILD,DA Davidson & Co.,da_davidson,True,Daniel,Wright,Wright Institutional Group,Wright Institutional Group,7098 Washington Pkwy,Raleigh,NC,27601
5001,SPLIT_CHILD,Securities America,securities_america,True,Daniel,Nguyen,Nguyen Asset Management Group,Nguyen Asset Management Group,9366 Monroe Blvd,Fort Worth,TX,76101
5002,SPLIT_CHILD,Cetera Financial Group,cetera,True,Charles,King,King Financial Group,King Financial Group,2702 Commerce Dr,Denver,CO,80201
5003,SPLIT_CHILD,Ridgeway Wealth Management,ridgeway,False,Margaret,Wang,Wang Asset Management,Wang Asset Management,2813 Commerce St,San Francisco,CA,94101
5004,SPLIT_CHILD,Harborview Private Wealth,harborview,False,Dorothy,Anderson,Anderson Advisors,Anderson Advisors,4047 Hill Rd,Milwaukee,WI,53201
5005,SPLIT_CHILD,Woodbury Financial Services,woodbury,True,Margaret,Hill,Hill Private Wealth Group,Hill Private Wealth Group,853 Willow Ave,Denver,CO,80201
5006,SPLIT_CHILD,Hilliard Lyons,hilliard_lyons,True,Megan,Reyes,Reyes Family Wealth Group,Reyes Family Wealth Group,6429 Maple Court,Chicago,IL,60601
5007,SPLIT_CHILD,Highfield Asset Management,highfield,False,Nancy,Huang,Huang Asset Management,Huang Asset Management,6585 Washington Court,Boston,MA,02101
5008,SPLIT_CHILD,Securities America,securities_america,True,Nancy,Morris,Morris Family Wealth Group,Morris Family Wealth Group,8618 Liberty Court,Raleigh,NC,27601
5009,SPLIT_CHILD,Commonwealth Financial Network,commonwealth,True,Amanda,Taylor,Taylor Wealth Partners,Taylor Wealth Partners,4205 Broad Rd,New York,NY,10022
5010,SPLIT_CHILD,Cetera Financial Group,cetera,True,Donald,Cruz,Cruz Institutional Group,Cruz Institutional Group,6001 Maple Court,Milwaukee,WI,53201
5011,SPLIT_CHILD,Cambridge Investment Research,cambridge_inv,True,Amanda,Collins,Collins Capital Group,Collins Capital Group,6933 Maple Dr,Denver,CO,80201
5012,SPLIT_CHILD,Oppenheimer & Co.,oppenheimer,True,Paul,Brown,Brown Wealth Advisors,Brown Wealth Advisors,8951 Lake Dr,Philadelphia,PA,19101
5013,SPLIT_CHILD,UBS Financial Services,ubs,True,Jessica,Harris,Harris Wealth Advisors,Harris Wealth Advisors,553 Cedar Ln,Pittsburgh,PA,15201
5014,SPLIT_CHILD,LPL Financial,lpl_financial,True,Matthew,Thompson,Thompson Financial Group,Thompson Financial Group,6994 Highland Ave,San Diego,CA,92101
5015,SPLIT_CHILD,Raymond James Financial Services,raymond_james,True,Anthony,Hall,Hall Financial Group,Hall Financial Group,9970 Lake Pkwy,Boston,MA,02101
5016,SPLIT_CHILD,DA Davidson & Co.,da_davidson,True,James,Garcia,Garcia Institutional Group,Garcia Institutional Group,2684 Washington St,Houston,TX,77001
5017,SPLIT_CHILD,Ridgeway Wealth Management,ridgeway,False,Nancy,Jackson,Jackson Wealth,Jackson Wealth,8311 Monroe Pl,Austin,TX,78701
5018,SPLIT_CHILD,Kingsbridge Capital Advisors,kingsbridge,False,John,Smith,Smith Capital,Smith Capital,4039 Highland Ave,Louisville,KY,40201
5019,SPLIT_CHILD,Commonwealth Financial Network,commonwealth,True,Charles,Jackson,Jackson Private Wealth Group,Jackson Private Wealth Group,3292 Lake Ln,Fort Worth,TX,76101
5020,SPLIT_CHILD,Kingsbridge Capital Advisors,kingsbridge,False,William,Young,Young Partners,Young Partners,9826 Central Blvd,Phoenix,AZ,85001
5021,SPLIT_CHILD,Hilliard Lyons,hilliard_lyons,True,Christopher,Hall,Hall Wealth Management Group,Hall Wealth Management Group,3107 Lake Ave,Boston,MA,02101
5022,SPLIT_CHILD,Highfield Asset Management,highfield,False,Megan,Wang,Wang Family Office,Wang Family Office,8028 Washington St,San Antonio,TX,78201
5023,SPLIT_CHILD,Kingsbridge Capital Advisors,kingsbridge,False,Daniel,Evans,Evans Private Wealth,Evans Private Wealth,397 Lake Ave,Kansas City,MO,64101
5024,SPLIT_CHILD,Northgate Investment Partners,northgate,False,Linda,Turner,Turner Private Wealth,Turner Private Wealth,6634 Highland St,New York,NY,10001
5025,SPLIT_CHILD,Janney Montgomery Scott,janney,True,James,Edwards,Edwards Private Wealth Group,Edwards Private Wealth Group,9632 Church Ave,Kansas City,MO,64101
5026,SPLIT_CHILD,Ridgeway Wealth Management,ridgeway,False,Nancy,Huang,Huang Private Wealth,Huang Private Wealth,3582 Monroe Blvd,Seattle,WA,98101
5027,SPLIT_CHILD,DA Davidson & Co.,da_davidson,True,Kenneth,Campbell,Campbell Advisory Group,Campbell Advisory Group,4313 Park Court,Raleigh,NC,27601
5028,SPLIT_CHILD,Ameriprise Financial Services,ameriprise,True,Joseph,Torres,Torres Private Wealth Group,Torres Private Wealth Group,5221 River Way,Denver,CO,80201
5029,SPLIT_CHILD,UBS Financial Services,ubs,True,Sandra,Evans,Evans Private Wealth Group,Evans Private Wealth Group,1960 Jefferson St,Boston,MA,02101
5030,SPLIT_CHILD,Hilliard Lyons,hilliard_lyons,True,Ashley,Smith,Smith Investment Group,Smith Investment Group,8007 Elm Court,Austin,TX,78701
5031,SPLIT_CHILD,Northgate Investment Partners,northgate,False,Robert,Zhang,Zhang Investment Partners,Zhang Investment Partners,972 Oak Pkwy,Charlotte,NC,28201
5032,SPLIT_CHILD,Raymond James Financial Services,raymond_james,True,Susan,Smith,Smith Wealth Advisors,Smith Wealth Advisors,3411 River Pkwy,San Antonio,TX,78201
5033,SPLIT_CHILD,Ridgeway Wealth Management,ridgeway,False,Daniel,Chen,Chen Advisors,Chen Advisors,2848 Cedar Ln,New York,NY,10001
5034,SPLIT_CHILD,UBS Financial Services,ubs,True,John,Torres,Torres Portfolio Group,Torres Portfolio Group,3617 Washington Rd,Houston,TX,77001
5035,SPLIT_CHILD,Crestwood Family Office,crestwood,False,Jessica,White,White Capital,White Capital,5839 Washington Way,Las Vegas,NV,89101
5036,SPLIT_CHILD,Janney Montgomery Scott,janney,True,Christopher,Torres,Torres Investment Group,Torres Investment Group,803 Washington Ave,Columbus,OH,43201
5037,SPLIT_CHILD,Clearwater Capital Group,clearwater,False,Joseph,Miller,Miller Family Office,Miller Family Office,7756 Highland Pl,Seattle,WA,98101
5038,SPLIT_CHILD,Kingsbridge Capital Advisors,kingsbridge,False,Christopher,Campbell,Campbell Advisors,Campbell Advisors,2843 Lincoln Way,New York,NY,10022
5039,SPLIT_CHILD,Highfield Asset Management,highfield,False,Richard,Stewart,Stewart Wealth,Stewart Wealth,6668 Jefferson Court,San Antonio,TX,78201
5040,SPLIT_CHILD,Parkside Wealth Strategies,parkside,False,Joseph,Khan,Khan Family Office,Khan Family Office,7772 Adams Court,Baltimore,MD,21201
5041,SPLIT_CHILD,Raymond James Financial Services,raymond_james,True,Thomas,Phillips,Phillips Wealth Management Group,Phillips Wealth Management Group,3041 Spring Ave,Oklahoma City,OK,73101
5042,SPLIT_CHILD,Hilliard Lyons,hilliard_lyons,True,Matthew,Rivera,Rivera Asset Management Group,Rivera Asset Management Group,4303 Monroe Blvd,Milwaukee,WI,53201
5043,SPLIT_CHILD,Clearwater Capital Group,clearwater,False,Ashley,White,White Partners,White Partners,2895 Washington St,Richmond,VA,23219
5044,SPLIT_CHILD,Raymond James Financial Services,raymond_james,True,Emily,Allen,Allen Private Wealth Group,Allen Private Wealth Group,8018 Union Pl,Fort Worth,TX,76101
5045,SPLIT_CHILD,Oppenheimer & Co.,oppenheimer,True,John,Young,Young Institutional Group,Young Institutional Group,295 Willow Dr,Houston,TX,77001
5046,SPLIT_CHILD,LPL Financial,lpl_financial,True,Megan,Campbell,Campbell Wealth Partners,Campbell Wealth Partners,1316 Oak Pl,New York,NY,10022
5047,SPLIT_CHILD,Parkside Wealth Strategies,parkside,False,Ashley,King,King Private Wealth,King Private Wealth,143 Market Rd,Miami,FL,33101
5048,SPLIT_CHILD,Commonwealth Financial Network,commonwealth,True,Sarah,Taylor,Taylor Wealth Advisors,Taylor Wealth Advisors,4871 Madison Way,Atlanta,GA,30301
5049,SPLIT_CHILD,Cambridge Investment Research,cambridge_inv,True,Michael,White,White Financial Group,White Financial Group,8360 Hill Ln,Atlanta,GA,30301
5050,SPLIT_CHILD,Edward Jones,edward_jones,True,Amanda,Hall,Hall Wealth Management Group,Hall Wealth Management Group,213 Central Dr,New York,NY,10022
5051,SPLIT_CHILD,DA Davidson & Co.,da_davidson,True,Ashley,Hill,Hill Wealth Partners,Hill Wealth Partners,4918 Oak Pl,Miami,FL,33101
5052,SPLIT_CHILD,Kingsbridge Capital Advisors,kingsbridge,False,Mark,King,King Private Wealth,King Private Wealth,227 Maple Way,San Jose,CA,95101
5053,SPLIT_CHILD,LPL Financial,lpl_financial,True,Ashley,Taylor,Taylor Financial Group,Taylor Financial Group,9847 Jefferson Dr,San Diego,CA,92101
5054,SPLIT_CHILD,Edward Jones,edward_jones,True,Helen,Anderson,Anderson Portfolio Group,Anderson Portfolio Group,522 Cedar Court,Charlotte,NC,28201
5055,SPLIT_CHILD,LPL Financial,lpl_financial,True,Thomas,Smith,Smith Capital Group,Smith Capital Group,1868 Maple Blvd,Houston,TX,77001
5056,SPLIT_CHILD,Cambridge Investment Research,cambridge_inv,True,Matthew,Martin,Martin Wealth Management Group,Martin Wealth Management Group,7098 Park Ln,Tampa,FL,33601
5057,SPLIT_CHILD,Wells Fargo Advisors,wells_fargo,True,John,Jones,Jones Portfolio Group,Jones Portfolio Group,9873 Oak Pl,New York,NY,10022
5058,SPLIT_CHILD,Highfield Asset Management,highfield,False,Daniel,Allen,Allen Partners,Allen Partners,6673 Spring Ave,Houston,TX,77001
5059,SPLIT_CHILD,Hilliard Lyons,hilliard_lyons,True,Patricia,Turner,Turner Family Wealth Group,Turner Family Wealth Group,4575 Commerce Ave,Phoenix,AZ,85001
5060,SPLIT_CHILD,Wells Fargo Advisors,wells_fargo,True,Dorothy,Brown,Brown Institutional Group,Brown Institutional Group,6536 Hill Court,Washington,DC,20001
5061,SPLIT_CHILD,Woodbury Financial Services,woodbury,True,Ashley,Roberts,Roberts Asset Management Group,Roberts Asset Management Group,8459 Central Ln,Jacksonville,FL,32201
5062,SPLIT_CHILD,LPL Financial,lpl_financial,True,David,Taylor,Taylor Wealth Partners,Taylor Wealth Partners,1017 Jefferson Pkwy,New York,NY,10022
5063,SPLIT_CHILD,Parkside Wealth Strategies,parkside,False,Kenneth,Turner,Turner Investment Partners,Turner Investment Partners,8996 Union Ave,Charlotte,NC,28201
5064,SPLIT_CHILD,Crestwood Family Office,crestwood,False,Jessica,Parker,Parker Asset Management,Parker Asset Management,2073 Highland St,San Antonio,TX,78201
5065,SPLIT_CHILD,LPL Financial,lpl_financial,True,Richard,Morris,Morris Wealth Partners,Morris Wealth Partners,5593 Liberty Ln,Minneapolis,MN,55401
5066,SPLIT_CHILD,Harborview Private Wealth,harborview,False,Betty,Nelson,Nelson Capital Partners,Nelson Capital Partners,6917 Maple Pkwy,Oklahoma City,OK,73101
5067,SPLIT_CHILD,Securities America,securities_america,True,Thomas,Thompson,Thompson Portfolio Group,Thompson Portfolio Group,6638 Adams St,Philadelphia,PA,19101
5068,SPLIT_CHILD,Northgate Investment Partners,northgate,False,Patricia,Williams,Williams Wealth Management,Williams Wealth Management,2611 Cedar Way,Milwaukee,WI,53201
5069,SPLIT_CHILD,Northgate Investment Partners,northgate,False,Kenneth,Wright,Wright Wealth,Wright Wealth,8016 Jefferson St,San Diego,CA,92101
5070,SPLIT_CHILD,Clearwater Capital Group,clearwater,False,Charles,Parker,Parker Advisors,Parker Advisors,9195 Main Rd,Washington,DC,20001
5071,SPLIT_CHILD,Hilliard Lyons,hilliard_lyons,True,Mark,Allen,Allen Financial Group,Allen Financial Group,8370 Washington Way,Kansas City,MO,64101
5072,SPLIT_CHILD,UBS Financial Services,ubs,True,Thomas,King,King Advisory Group,King Advisory Group,2537 Oak Pkwy,Washington,DC,20001
5073,SPLIT_CHILD,Highfield Asset Management,highfield,False,Rachel,Diaz,Diaz Capital,Diaz Capital,8818 Hill Court,Portland,OR,97201
5074,SPLIT_CHILD,Edward Jones,edward_jones,True,Helen,Baker,Baker Advisory Group,Baker Advisory Group,6010 Liberty Court,Minneapolis,MN,55401
5075,SPLIT_CHILD,Commonwealth Financial Network,commonwealth,True,Daniel,Nelson,Nelson Investment Group,Nelson Investment Group,3215 Park Pl,Raleigh,NC,27601
5076,SPLIT_CHILD,Woodbury Financial Services,woodbury,True,John,Taylor,Taylor Family Wealth Group,Taylor Family Wealth Group,4276 Main Pkwy,Charlotte,NC,28201
5077,SPLIT_CHILD,Cambridge Investment Research,cambridge_inv,True,Emily,Rivera,Rivera Asset Management Group,Rivera Asset Management Group,7041 Park Pkwy,Cleveland,OH,44101
5078,SPLIT_CHILD,Robert W. Baird & Co.,rwbaird,True,Kenneth,Morgan,Morgan Asset Management Group,Morgan Asset Management Group,4788 Central Rd,San Francisco,CA,94101
5079,SPLIT_CHILD,Morgan Stanley Wealth Management,morgan_stanley,True,Thomas,Cruz,Cruz Financial Group,Cruz Financial Group,4170 Highland Court,Columbus,OH,43201
5080,SPLIT_CHILD,Stifel Nicolaus & Company,stifel_nicolaus,True,Sarah,Reyes,Reyes Asset Management Group,Reyes Asset Management Group,5782 Elm Dr,St. Louis,MO,63101
5081,SPLIT_CHILD,Cambridge Investment Research,cambridge_inv,True,William,Carter,Carter Family Wealth Group,Carter Family Wealth Group,9158 Madison Way,Memphis,TN,38101
5082,SPLIT_CHILD,Cetera Financial Group,cetera,True,Christopher,Patel,Patel Investment Group,Patel Investment Group,7854 Lake Pl,Columbus,OH,43201
5083,SPLIT_CHILD,Harborview Private Wealth,harborview,False,Donald,Zhang,Zhang Investment Partners,Zhang Investment Partners,148 Lincoln Blvd,Chicago,IL,60601
5084,SPLIT_CHILD,Highfield Asset Management,highfield,False,Richard,Flores,Flores Family Office,Flores Family Office,3285 Lake Rd,Chicago,IL,60601
5085,SPLIT_CHILD,Ridgeway Wealth Management,ridgeway,False,Joseph,Martin,Martin Capital,Martin Capital,1605 Willow Ln,Jacksonville,FL,32201
5086,SPLIT_CHILD,Meridian Private Wealth,meridian_pw,False,Steven,Liu,Liu Private Wealth,Liu Private Wealth,3000 Madison Dr,Memphis,TN,38101
5087,SPLIT_CHILD,Ameriprise Financial Services,ameriprise,True,Christopher,Khan,Khan Wealth Advisors,Khan Wealth Advisors,9219 Madison Blvd,Fort Worth,TX,76101
5088,SPLIT_CHILD,Harborview Private Wealth,harborview,False,Matthew,Torres,Torres Capital Partners,Torres Capital Partners,626 River Rd,San Francisco,CA,94101
5089,SPLIT_CHILD,Harborview Private Wealth,harborview,False,Karen,Torres,Torres Wealth,Torres Wealth,5121 Park Rd,Seattle,WA,98101
5090,SPLIT_CHILD,Janney Montgomery Scott,janney,True,Charles,Garcia,Garcia Private Wealth Group,Garcia Private Wealth Group,1824 Jefferson Pl,Indianapolis,IN,46201
5091,SPLIT_CHILD,Commonwealth Financial Network,commonwealth,True,Emily,Martin,Martin Wealth Partners,Martin Wealth Partners,9400 Spring Way,Seattle,WA,98101
5092,SPLIT_CHILD,Woodbury Financial Services,woodbury,True,Christopher,Morris,Morris Private Wealth Group,Morris Private Wealth Group,9180 Central Rd,Austin,TX,78701
5093,SPLIT_CHILD,Parkside Wealth Strategies,parkside,False,Kenneth,Nguyen,Nguyen Advisors,Nguyen Advisors,8384 Cedar Pl,Houston,TX,77001
5094,SPLIT_CHILD,Hilliard Lyons,hilliard_lyons,True,Christopher,Evans,Evans Private Wealth Group,Evans Private Wealth Group,2115 Madison Rd,Minneapolis,MN,55401
5095,SPLIT_CHILD,Ameriprise Financial Services,ameriprise,True,Amanda,Anderson,Anderson Wealth Partners,Anderson Wealth Partners,6447 River Blvd,Pittsburgh,PA,15201
5096,SPLIT_CHILD,Stifel Nicolaus & Company,stifel_nicolaus,True,Megan,Liu,Liu Wealth Advisors,Liu Wealth Advisors,7344 Washington Rd,Atlanta,GA,30301
5097,SPLIT_CHILD,Cambridge Investment Research,cambridge_inv,True,Anthony,King,King Advisory Group,King Advisory Group,8755 Commerce Pl,Portland,OR,97201
5098,SPLIT_CHILD,Parkside Wealth Strategies,parkside,False,Joseph,Torres,Torres Advisors,Torres Advisors,134 Oak Way,Nashville,TN,37201
5099,SPLIT_CHILD,Ridgeway Wealth Management,ridgeway,False,Joseph,Martin,Martin Private Wealth,Martin Private Wealth,1333 Market Dr,San Francisco,CA,94101
5100,SPLIT_CHILD,Wells Fargo Advisors,wells_fargo,True,Patricia,Liu,Liu Portfolio Group,Liu Portfolio Group,3006 Union Dr,Chicago,IL,60601
5101,SPLIT_CHILD,Raymond James Financial Services,raymond_james,True,Jennifer,Nelson,Nelson Wealth Advisors,Nelson Wealth Advisors,2910 Hill Pl,Jacksonville,FL,32201
5102,SPLIT_CHILD,Morgan Stanley Wealth Management,morgan_stanley,True,William,Johnson,Johnson Family Wealth Group,Johnson Family Wealth Group,8343 Maple Blvd,Indianapolis,IN,46201
5103,SPLIT_CHILD,Hilliard Lyons,hilliard_lyons,True,Betty,Allen,Allen Advisory Group,Allen Advisory Group,7938 Central Ln,San Jose,CA,95101
5104,SPLIT_CHILD,LPL Financial,lpl_financial,True,Kenneth,Jackson,Jackson Family Wealth Group,Jackson Family Wealth Group,877 Church Ave,San Francisco,CA,94101
5105,SPLIT_CHILD,Northgate Investment Partners,northgate,False,Margaret,Smith,Smith Family Office,Smith Family Office,6993 Adams Pkwy,Las Vegas,NV,89101
5106,SPLIT_CHILD,Raymond James Financial Services,raymond_james,True,Joseph,Reyes,Reyes Wealth Management Group,Reyes Wealth Management Group,6286 Broad Ln,Charlotte,NC,28201
5107,SPLIT_CHILD,Stifel Nicolaus & Company,stifel_nicolaus,True,Ashley,Wang,Wang Wealth Partners,Wang Wealth Partners,1778 Elm Ave,Cleveland,OH,44101
5108,SPLIT_CHILD,National Planning Holdings,nph,True,Linda,Phillips,Phillips Family Wealth Group,Phillips Family Wealth Group,705 Lincoln Pl,New York,NY,10001
5109,SPLIT_CHILD,Clearwater Capital Group,clearwater,False,Sandra,Jones,Jones Investment Partners,Jones Investment Partners,7272 Maple Pl,Pittsburgh,PA,15201
5110,SPLIT_CHILD,Kingsbridge Capital Advisors,kingsbridge,False,James,Miller,Miller Wealth,Miller Wealth,2798 Spring St,San Diego,CA,92101
5111,SPLIT_CHILD,Commonwealth Financial Network,commonwealth,True,Matthew,Garcia,Garcia Asset Management Group,Garcia Asset Management Group,822 Main Rd,Chicago,IL,60601
5112,SPLIT_CHILD,Edward Jones,edward_jones,True,Daniel,Wang,Wang Financial Group,Wang Financial Group,2804 Central Pkwy,Tampa,FL,33601
5113,SPLIT_CHILD,Kingsbridge Capital Advisors,kingsbridge,False,Margaret,Patel,Patel Asset Management,Patel Asset Management,3816 Church Blvd,San Antonio,TX,78201
5114,SPLIT_CHILD,Merrill Lynch Pierce Fenner & Smith,merrill_lynch,True,Daniel,Brown,Brown Wealth Advisors,Brown Wealth Advisors,6507 Maple Rd,Richmond,VA,23219
5115,SPLIT_CHILD,Summit Peak Advisors,summit_peak,False,Helen,Young,Young Capital,Young Capital,6193 Oak Way,Richmond,VA,23219
5116,SPLIT_CHILD,Cetera Financial Group,cetera,True,Betty,Morris,Morris Asset Management Group,Morris Asset Management Group,7516 Market Rd,San Jose,CA,95101
5117,SPLIT_CHILD,Edward Jones,edward_jones,True,Robert,Kim,Kim Wealth Management Group,Kim Wealth Management Group,1205 River Ave,San Francisco,CA,94101
5118,SPLIT_CHILD,Merrill Lynch Pierce Fenner & Smith,merrill_lynch,True,Paul,Wilson,Wilson Wealth Partners,Wilson Wealth Partners,6526 Main Way,Columbus,OH,43201
5119,SPLIT_CHILD,Ameriprise Financial Services,ameriprise,True,Linda,Taylor,Taylor Advisory Group,Taylor Advisory Group,8836 Madison Ave,Washington,DC,20001
5120,SPLIT_CHILD,Robert W. Baird & Co.,rwbaird,True,Rachel,Torres,Torres Investment Group,Torres Investment Group,8600 Liberty Pl,St. Louis,MO,63101
5121,SPLIT_CHILD,Robert W. Baird & Co.,rwbaird,True,Megan,Thompson,Thompson Financial Group,Thompson Financial Group,5402 Union Way,Milwaukee,WI,53201
5122,SPLIT_CHILD,Harborview Private Wealth,harborview,False,Anthony,Yang,Yang Capital Partners,Yang Capital Partners,8354 Washington Pkwy,Columbus,OH,43201
5123,SPLIT_CHILD,Oppenheimer & Co.,oppenheimer,True,John,Wright,Wright Capital Group,Wright Capital Group,8274 Commerce Pkwy,Raleigh,NC,27601
5124,SPLIT_CHILD,Parkside Wealth Strategies,parkside,False,Megan,Diaz,Diaz Asset Management,Diaz Asset Management,3523 Lincoln Way,Milwaukee,WI,53201
5125,SPLIT_CHILD,Clearwater Capital Group,clearwater,False,John,Baker,Baker Investment Partners,Baker Investment Partners,1733 Oak Pl,Pittsburgh,PA,15201
5126,SPLIT_CHILD,Meridian Private Wealth,meridian_pw,False,Anthony,Phillips,Phillips Investment Partners,Phillips Investment Partners,8873 Cedar Pl,New York,NY,10001
5127,SPLIT_CHILD,Harborview Private Wealth,harborview,False,Paul,Lee,Lee Advisors,Lee Advisors,9435 Oak Dr,Oklahoma City,OK,73101
5128,SPLIT_CHILD,Meridian Private Wealth,meridian_pw,False,Sandra,Stewart,Stewart Partners,Stewart Partners,2285 Market Pl,Boston,MA,02101
5129,SPLIT_CHILD,Meridian Private Wealth,meridian_pw,False,Margaret,Evans,Evans Family Office,Evans Family Office,7071 Liberty St,Richmond,VA,23219
5130,SPLIT_CHILD,Janney Montgomery Scott,janney,True,Margaret,Jackson,Jackson Capital Group,Jackson Capital Group,5134 Union Way,Memphis,TN,38101
5131,SPLIT_CHILD,LPL Financial,lpl_financial,True,John,Wang,Wang Financial Group,Wang Financial Group,5451 Maple Blvd,Phoenix,AZ,85001
5132,SPLIT_CHILD,Woodbury Financial Services,woodbury,True,Michael,Garcia,Garcia Wealth Advisors,Garcia Wealth Advisors,4867 Elm Ln,San Jose,CA,95101
5133,SPLIT_CHILD,Securities America,securities_america,True,Thomas,Nguyen,Nguyen Wealth Partners,Nguyen Wealth Partners,4781 Cedar Court,New York,NY,10022
5134,SPLIT_CHILD,Stifel Nicolaus & Company,stifel_nicolaus,True,Thomas,Zhang,Zhang Wealth Partners,Zhang Wealth Partners,5756 Highland Rd,Chicago,IL,60601
5135,SPLIT_CHILD,Crestwood Family Office,crestwood,False,Barbara,Scott,Scott Wealth Management,Scott Wealth Management,3936 Spring Ln,Louisville,KY,40201
5136,SPLIT_CHILD,Ameriprise Financial Services,ameriprise,True,Donald,Wright,Wright Investment Group,Wright Investment Group,4628 Church Dr,Raleigh,NC,27601
5137,SPLIT_CHILD,Raymond James Financial Services,raymond_james,True,Dorothy,Morris,Morris Family Wealth Group,Morris Family Wealth Group,9778 Spring St,Atlanta,GA,30301
5138,SPLIT_CHILD,Edward Jones,edward_jones,True,Margaret,Wang,Wang Institutional Group,Wang Institutional Group,6039 Monroe Pl,Kansas City,MO,64101
5139,SPLIT_CHILD,Edward Jones,edward_jones,True,Mark,Hall,Hall Wealth Partners,Hall Wealth Partners,9277 Adams Pl,Dallas,TX,75201
5140,SPLIT_CHILD,Raymond James Financial Services,raymond_james,True,Jennifer,Jones,Jones Investment Group,Jones Investment Group,2894 Spring Court,Seattle,WA,98101
5141,SPLIT_CHILD,Cetera Financial Group,cetera,True,Margaret,Nelson,Nelson Portfolio Group,Nelson Portfolio Group,941 Maple Way,Nashville,TN,37201
5142,SPLIT_CHILD,Cambridge Investment Research,cambridge_inv,True,Christopher,Zhang,Zhang Investment Group,Zhang Investment Group,7969 Highland Blvd,Richmond,VA,23219
5143,SPLIT_CHILD,Clearwater Capital Group,clearwater,False,Paul,Roberts,Roberts Family Office,Roberts Family Office,5469 Washington Dr,Richmond,VA,23219
5144,SPLIT_CHILD,Raymond James Financial Services,raymond_james,True,Betty,Hall,Hall Wealth Partners,Hall Wealth Partners,9681 Highland Pkwy,Chicago,IL,60601
5145,SPLIT_CHILD,Janney Montgomery Scott,janney,True,Charles,Brown,Brown Advisory Group,Brown Advisory Group,8570 Spring Rd,Los Angeles,CA,90001
5146,SPLIT_CHILD,Stifel Nicolaus & Company,stifel_nicolaus,True,Ashley,Smith,Smith Wealth Management Group,Smith Wealth Management Group,9279 Hill Ave,Oklahoma City,OK,73101
5147,SPLIT_CHILD,Cambridge Investment Research,cambridge_inv,True,Emily,Collins,Collins Private Wealth Group,Collins Private Wealth Group,2211 River Blvd,Baltimore,MD,21201
5148,SPLIT_CHILD,Cambridge Investment Research,cambridge_inv,True,Emily,Stewart,Stewart Capital Group,Stewart Capital Group,7796 Spring Dr,Tampa,FL,33601
5149,SPLIT_CHILD,Meridian Private Wealth,meridian_pw,False,Jennifer,Jones,Jones Advisors,Jones Advisors,7998 Lincoln Dr,Oklahoma City,OK,73101
5150,SPLIT_CHILD,Clearwater Capital Group,clearwater,False,Christopher,Evans,Evans Investment Partners,Evans Investment Partners,6935 Maple Rd,San Diego,CA,92101
5151,SPLIT_CHILD,Stifel Nicolaus & Company,stifel_nicolaus,True,Sandra,Stewart,Stewart Investment Group,Stewart Investment Group,456 Hill St,Miami,FL,33101
5152,SPLIT_CHILD,Hilliard Lyons,hilliard_lyons,True,Lisa,Moore,Moore Wealth Management Group,Moore Wealth Management Group,6618 Lake Dr,Indianapolis,IN,46201
5153,SPLIT_CHILD,Summit Peak Advisors,summit_peak,False,Margaret,Jones,Jones Wealth,Jones Wealth,8737 Broad Way,Cleveland,OH,44101
5154,SPLIT_CHILD,Hilliard Lyons,hilliard_lyons,True,Linda,Thomas,Thomas Financial Group,Thomas Financial Group,2458 Market Blvd,Las Vegas,NV,89101
5155,SPLIT_CHILD,Ameriprise Financial Services,ameriprise,True,Lisa,Phillips,Phillips Advisory Group,Phillips Advisory Group,3680 Liberty Court,Los Angeles,CA,90001
5156,SPLIT_CHILD,Stifel Nicolaus & Company,stifel_nicolaus,True,Andrew,Miller,Miller Family Wealth Group,Miller Family Wealth Group,1180 Commerce Ave,Las Vegas,NV,89101
5157,SPLIT_CHILD,Highfield Asset Management,highfield,False,Michael,Harris,Harris Advisors,Harris Advisors,3891 Oak Court,Louisville,KY,40201
5158,SPLIT_CHILD,UBS Financial Services,ubs,True,Andrew,Young,Young Private Wealth Group,Young Private Wealth Group,8769 Church Rd,Charlotte,NC,28201
5159,SPLIT_CHILD,Ridgeway Wealth Management,ridgeway,False,Margaret,Diaz,Diaz Family Office,Diaz Family Office,988 Union Blvd,New York,NY,10022
5160,SPLIT_CHILD,Woodbury Financial Services,woodbury,True,Megan,Wang,Wang Advisory Group,Wang Advisory Group,1528 Lake Way,Boston,MA,02101
5161,SPLIT_CHILD,Cetera Financial Group,cetera,True,Jessica,Brown,Brown Family Wealth Group,Brown Family Wealth Group,2694 Union Ave,Los Angeles,CA,90001
5162,SPLIT_CHILD,National Planning Holdings,nph,True,Rachel,Harris,Harris Asset Management Group,Harris Asset Management Group,8054 Adams Ln,Minneapolis,MN,55401
5163,SPLIT_CHILD,Cetera Financial Group,cetera,True,Dorothy,Patel,Patel Financial Group,Patel Financial Group,7553 Lake Ln,Oklahoma City,OK,73101
5164,SPLIT_CHILD,Meridian Private Wealth,meridian_pw,False,Dorothy,Nguyen,Nguyen Investment Partners,Nguyen Investment Partners,5950 Willow Rd,Oklahoma City,OK,73101
5165,SPLIT_CHILD,Crestwood Family Office,crestwood,False,Amanda,Liu,Liu Partners,Liu Partners,3508 Hill Court,San Antonio,TX,78201
5166,SPLIT_CHILD,DA Davidson & Co.,da_davidson,True,Amanda,Wright,Wright Family Wealth Group,Wright Family Wealth Group,4197 Park Pl,San Antonio,TX,78201
5167,SPLIT_CHILD,Ridgeway Wealth Management,ridgeway,False,Richard,Yang,Yang Partners,Yang Partners,2389 Lincoln Pkwy,Fort Worth,TX,76101
5168,SPLIT_CHILD,Clearwater Capital Group,clearwater,False,Emily,King,King Private Wealth,King Private Wealth,3465 Lake St,Tampa,FL,33601
5169,SPLIT_CHILD,Commonwealth Financial Network,commonwealth,True,Amanda,Reyes,Reyes Investment Group,Reyes Investment Group,3248 Liberty Dr,Jacksonville,FL,32201
5170,SPLIT_CHILD,Securities America,securities_america,True,David,Jackson,Jackson Capital Group,Jackson Capital Group,1244 River Court,Nashville,TN,37201
5171,SPLIT_CHILD,Harborview Private Wealth,harborview,False,Jennifer,Stewart,Stewart Partners,Stewart Partners,7710 Main Blvd,Las Vegas,NV,89101
5172,SPLIT_CHILD,Harborview Private Wealth,harborview,False,Steven,Johnson,Johnson Family Office,Johnson Family Office,2371 Madison St,Las Vegas,NV,89101
5173,SPLIT_CHILD,UBS Financial Services,ubs,True,Ashley,Young,Young Family Wealth Group,Young Family Wealth Group,1838 Spring Ave,Denver,CO,80201
5174,SPLIT_CHILD,Morgan Stanley Wealth Management,morgan_stanley,True,Kenneth,Lee,Lee Wealth Advisors,Lee Wealth Advisors,7923 Madison Blvd,Philadelphia,PA,19101
5175,SPLIT_CHILD,Meridian Private Wealth,meridian_pw,False,Margaret,Young,Young Asset Management,Young Asset Management,4108 Adams Rd,San Diego,CA,92101
5176,SPLIT_CHILD,Parkside Wealth Strategies,parkside,False,Dorothy,Edwards,Edwards Wealth Management,Edwards Wealth Management,7531 Lake St,Austin,TX,78701
5177,SPLIT_CHILD,Wells Fargo Advisors,wells_fargo,True,Rachel,Young,Young Wealth Management Group,Young Wealth Management Group,7256 Highland Pl,Raleigh,NC,27601
5178,SPLIT_CHILD,Cambridge Investment Research,cambridge_inv,True,Christopher,Scott,Scott Investment Group,Scott Investment Group,650 Washington Dr,Louisville,KY,40201
5179,SPLIT_CHILD,Clearwater Capital Group,clearwater,False,Barbara,Evans,Evans Advisors,Evans Advisors,7537 Jefferson Ave,San Jose,CA,95101
5180,SPLIT_CHILD,Stifel Nicolaus & Company,stifel_nicolaus,True,Karen,Mitchell,Mitchell Investment Group,Mitchell Investment Group,8898 Hill Court,Boston,MA,02101
5181,SPLIT_CHILD,Ameriprise Financial Services,ameriprise,True,Megan,Yang,Yang Private Wealth Group,Yang Private Wealth Group,9795 Union Pkwy,Denver,CO,80201
5182,SPLIT_CHILD,Northgate Investment Partners,northgate,False,Megan,Scott,Scott Wealth,Scott Wealth,6392 Union Pl,Richmond,VA,23219
5183,SPLIT_CHILD,Ameriprise Financial Services,ameriprise,True,Rachel,Jones,Jones Family Wealth Group,Jones Family Wealth Group,9667 Hill Pl,Memphis,TN,38101
5184,SPLIT_CHILD,Wells Fargo Advisors,wells_fargo,True,Andrew,Allen,Allen Asset Management Group,Allen Asset Management Group,4219 Monroe Pl,Dallas,TX,75201
5185,SPLIT_CHILD,Ameriprise Financial Services,ameriprise,True,Donald,Lee,Lee Portfolio Group,Lee Portfolio Group,196 Main Rd,Houston,TX,77001
5186,SPLIT_CHILD,Stifel Nicolaus & Company,stifel_nicolaus,True,Karen,Taylor,Taylor Wealth Partners,Taylor Wealth Partners,2659 Adams Court,Las Vegas,NV,89101
5187,SPLIT_CHILD,Northgate Investment Partners,northgate,False,Linda,Mitchell,Mitchell Private Wealth,Mitchell Private Wealth,5510 Hill Way,New York,NY,10001
5188,SPLIT_CHILD,Oppenheimer & Co.,oppenheimer,True,William,Rivera,Rivera Portfolio Group,Rivera Portfolio Group,7799 Monroe Way,St. Louis,MO,63101
5189,SPLIT_CHILD,Raymond James Financial Services,raymond_james,True,Lisa,Morris,Morris Wealth Management Group,Morris Wealth Management Group,2146 Union Rd,Las Vegas,NV,89101
5190,SPLIT_CHILD,Commonwealth Financial Network,commonwealth,True,Ashley,Williams,Williams Family Wealth Group,Williams Family Wealth Group,3843 Madison Way,Dallas,TX,75201
5191,SPLIT_CHILD,Edward Jones,edward_jones,True,Jennifer,Yang,Yang Wealth Management Group,Yang Wealth Management Group,2200 Market St,Chicago,IL,60601
5192,SPLIT_CHILD,Ridgeway Wealth Management,ridgeway,False,Kenneth,Parker,Parker Wealth,Parker Wealth,7660 Commerce St,Minneapolis,MN,55401
5193,SPLIT_CHILD,Wells Fargo Advisors,wells_fargo,True,Donald,Thompson,Thompson Family Wealth Group,Thompson Family Wealth Group,7036 Oak Dr,Philadelphia,PA,19101
5194,SPLIT_CHILD,Securities America,securities_america,True,Margaret,Miller,Miller Advisory Group,Miller Advisory Group,4983 Main Way,Pittsburgh,PA,15201
5195,SPLIT_CHILD,Clearwater Capital Group,clearwater,False,Amanda,Wilson,Wilson Wealth,Wilson Wealth,6413 Hill Pl,Raleigh,NC,27601
5196,SPLIT_CHILD,Northgate Investment Partners,northgate,False,Sarah,Chen,Chen Capital,Chen Capital,8092 Willow Rd,Austin,TX,78701
5197,SPLIT_CHILD,LPL Financial,lpl_financial,True,Barbara,Collins,Collins Institutional Group,Collins Institutional Group,3396 Elm Court,Memphis,TN,38101
5198,SPLIT_CHILD,Ameriprise Financial Services,ameriprise,True,Linda,Cruz,Cruz Wealth Advisors,Cruz Wealth Advisors,5645 Maple Pl,Chicago,IL,60601
5199,SPLIT_CHILD,Oppenheimer & Co.,oppenheimer,True,Sandra,Wang,Wang Asset Management Group,Wang Asset Management Group,8637 Market Ave,Washington,DC,20001
5200,SPLIT_CHILD,Wells Fargo Advisors,wells_fargo,True,Lisa,Stewart,Stewart Financial Group,Stewart Financial Group,1899 Liberty Pl,Louisville,KY,40201
5201,SPLIT_CHILD,Cambridge Investment Research,cambridge_inv,True,Margaret,Cruz,Cruz Asset Management Group,Cruz Asset Management Group,1426 Madison Ln,Boston,MA,02101
5202,SPLIT_CHILD,Oppenheimer & Co.,oppenheimer,True,Rachel,Yang,Yang Wealth Partners,Yang Wealth Partners,806 Highland Dr,Baltimore,MD,21201
5203,SPLIT_CHILD,Northgate Investment Partners,northgate,False,Donald,Nguyen,Nguyen Investment Partners,Nguyen Investment Partners,6773 Church St,Oklahoma City,OK,73101
5204,SPLIT_CHILD,Meridian Private Wealth,meridian_pw,False,Emily,Liu,Liu Private Wealth,Liu Private Wealth,5237 Cedar Ln,San Antonio,TX,78201
5205,SPLIT_CHILD,Ameriprise Financial Services,ameriprise,True,William,White,White Advisory Group,White Advisory Group,9717 Spring Ln,Jacksonville,FL,32201
5206,SPLIT_CHILD,Commonwealth Financial Network,commonwealth,True,Daniel,Wilson,Wilson Wealth Partners,Wilson Wealth Partners,6185 Maple Court,Dallas,TX,75201
5207,SPLIT_CHILD,Meridian Private Wealth,meridian_pw,False,Karen,Hill,Hill Wealth Management,Hill Wealth Management,6720 Maple Pkwy,San Diego,CA,92101
5208,SPLIT_CHILD,DA Davidson & Co.,da_davidson,True,David,Moore,Moore Institutional Group,Moore Institutional Group,7139 Highland Way,Denver,CO,80201
5209,SPLIT_CHILD,Cambridge Investment Research,cambridge_inv,True,Helen,Chen,Chen Family Wealth Group,Chen Family Wealth Group,6454 Highland Way,Boston,MA,02101
5210,SPLIT_CHILD,Janney Montgomery Scott,janney,True,Kenneth,Campbell,Campbell Financial Group,Campbell Financial Group,9456 Monroe Court,St. Louis,MO,63101
5211,SPLIT_CHILD,Commonwealth Financial Network,commonwealth,True,Margaret,Stewart,Stewart Advisory Group,Stewart Advisory Group,1497 Highland Ln,Columbus,OH,43201
5212,SPLIT_CHILD,Harborview Private Wealth,harborview,False,Michael,Scott,Scott Capital,Scott Capital,8204 Church St,Indianapolis,IN,46201
5213,SPLIT_CHILD,Ridgeway Wealth Management,ridgeway,False,Anthony,Nguyen,Nguyen Wealth Management,Nguyen Wealth Management,3101 Washington Pl,Portland,OR,97201
5214,SPLIT_CHILD,Robert W. Baird & Co.,rwbaird,True,David,Green,Green Wealth Partners,Green Wealth Partners,2281 Lake St,San Antonio,TX,78201
5215,SPLIT_CHILD,Stifel Nicolaus & Company,stifel_nicolaus,True,Thomas,Baker,Baker Wealth Partners,Baker Wealth Partners,6741 Highland St,San Antonio,TX,78201
5216,SPLIT_CHILD,Cambridge Investment Research,cambridge_inv,True,Linda,Nguyen,Nguyen Advisory Group,Nguyen Advisory Group,1868 Monroe Pkwy,Phoenix,AZ,85001
5217,SPLIT_CHILD,DA Davidson & Co.,da_davidson,True,Emily,Lee,Lee Wealth Advisors,Lee Wealth Advisors,7067 Lake Way,New York,NY,10022
5218,SPLIT_CHILD,Crestwood Family Office,crestwood,False,Susan,Torres,Torres Private Wealth,Torres Private Wealth,3806 Lincoln St,Baltimore,MD,21201
5219,SPLIT_CHILD,DA Davidson & Co.,da_davidson,True,Charles,Anderson,Anderson Advisory Group,Anderson Advisory Group,297 Madison Dr,Washington,DC,20001
5220,SPLIT_CHILD,Morgan Stanley Wealth Management,morgan_stanley,True,Margaret,Baker,Baker Advisory Group,Baker Advisory Group,5880 Commerce Way,Louisville,KY,40201
5221,SPLIT_CHILD,Cetera Financial Group,cetera,True,Betty,Evans,Evans Family Wealth Group,Evans Family Wealth Group,4840 Washington Pkwy,Cleveland,OH,44101
5222,SPLIT_CHILD,Kingsbridge Capital Advisors,kingsbridge,False,Kenneth,Khan,Khan Wealth,Khan Wealth,130 River St,Los Angeles,CA,90001
5223,SPLIT_CHILD,Meridian Private Wealth,meridian_pw,False,Anthony,Zhang,Zhang Capital,Zhang Capital,7780 Park St,Fort Worth,TX,76101
5224,SPLIT_CHILD,Kingsbridge Capital Advisors,kingsbridge,False,Thomas,Allen,Allen Asset Management,Allen Asset Management,2952 Liberty Way,Denver,CO,80201
5225,SPLIT_CHILD,Ridgeway Wealth Management,ridgeway,False,Nancy,Jackson,Jackson Private Wealth,Jackson Private Wealth,2186 Union Dr,Oklahoma City,OK,73101
5226,SPLIT_CHILD,Janney Montgomery Scott,janney,True,Margaret,Garcia,Garcia Private Wealth Group,Garcia Private Wealth Group,9222 Market Blvd,New York,NY,10001
5227,SPLIT_CHILD,Northgate Investment Partners,northgate,False,Donald,Chen,Chen Asset Management,Chen Asset Management,154 Union Ln,Pittsburgh,PA,15201
5228,SPLIT_CHILD,LPL Financial,lpl_financial,True,Jennifer,Rivera,Rivera Institutional Group,Rivera Institutional Group,6867 Elm Ave,Boston,MA,02101
5229,SPLIT_CHILD,Raymond James Financial Services,raymond_james,True,Jennifer,Thomas,Thomas Institutional Group,Thomas Institutional Group,1149 Liberty Ave,Philadelphia,PA,19101
5230,SPLIT_CHILD,Meridian Private Wealth,meridian_pw,False,Christopher,Rivera,Rivera Wealth,Rivera Wealth,7745 Commerce Pkwy,New York,NY,10022
5231,SPLIT_CHILD,DA Davidson & Co.,da_davidson,True,Anthony,Turner,Turner Asset Management Group,Turner Asset Management Group,7045 Lincoln Ln,Columbus,OH,43201
5232,SPLIT_CHILD,Woodbury Financial Services,woodbury,True,Betty,Diaz,Diaz Family Wealth Group,Diaz Family Wealth Group,5076 Commerce Blvd,Miami,FL,33101
5233,SPLIT_CHILD,Kingsbridge Capital Advisors,kingsbridge,False,William,Diaz,Diaz Advisors,Diaz Advisors,2694 Madison Pl,Pittsburgh,PA,15201
5234,SPLIT_CHILD,UBS Financial Services,ubs,True,Barbara,Thompson,Thompson Capital Group,Thompson Capital Group,266 Park Dr,Minneapolis,MN,55401
5235,SPLIT_CHILD,DA Davidson & Co.,da_davidson,True,Amanda,Brown,Brown Family Wealth Group,Brown Family Wealth Group,2934 Union Pkwy,San Francisco,CA,94101
5236,SPLIT_CHILD,National Planning Holdings,nph,True,John,Chen,Chen Advisory Group,Chen Advisory Group,8137 Willow Dr,Washington,DC,20001
5237,SPLIT_CHILD,LPL Financial,lpl_financial,True,Matthew,Parker,Parker Family Wealth Group,Parker Family Wealth Group,1863 Union Dr,Dallas,TX,75201
5238,SPLIT_CHILD,Hilliard Lyons,hilliard_lyons,True,Steven,Stewart,Stewart Capital Group,Stewart Capital Group,2166 Liberty Way,Oklahoma City,OK,73101
5239,SPLIT_CHILD,Ameriprise Financial Services,ameriprise,True,Margaret,Adams,Adams Private Wealth Group,Adams Private Wealth Group,9636 Church Pl,Chicago,IL,60601
5240,SPLIT_CHILD,Woodbury Financial Services,woodbury,True,Donald,Brown,Brown Capital Group,Brown Capital Group,6699 Market Way,Boston,MA,02101
5241,SPLIT_CHILD,Harborview Private Wealth,harborview,False,Michael,Nelson,Nelson Wealth,Nelson Wealth,2161 Liberty Ln,Oklahoma City,OK,73101
5242,SPLIT_CHILD,Harborview Private Wealth,harborview,False,Charles,Young,Young Wealth Management,Young Wealth Management,4885 Central Pkwy,Houston,TX,77001
5243,SPLIT_CHILD,Ameriprise Financial Services,ameriprise,True,Barbara,Scott,Scott Investment Group,Scott Investment Group,9920 Market Dr,Miami,FL,33101
5244,SPLIT_CHILD,Ridgeway Wealth Management,ridgeway,False,Barbara,Yang,Yang Capital,Yang Capital,165 Liberty Ave,Nashville,TN,37201
5245,SPLIT_CHILD,Edward Jones,edward_jones,True,Joseph,Thompson,Thompson Portfolio Group,Thompson Portfolio Group,7748 Jefferson Way,Baltimore,MD,21201
5246,SPLIT_CHILD,Ridgeway Wealth Management,ridgeway,False,Paul,Roberts,Roberts Wealth,Roberts Wealth,4131 Lincoln Ave,Baltimore,MD,21201
5247,SPLIT_CHILD,National Planning Holdings,nph,True,Lisa,Adams,Adams Asset Management Group,Adams Asset Management Group,5775 Elm Court,San Jose,CA,95101
5248,SPLIT_CHILD,Robert W. Baird & Co.,rwbaird,True,Thomas,Collins,Collins Asset Management Group,Collins Asset Management Group,1878 Highland Pl,San Francisco,CA,94101
5249,SPLIT_CHILD,Commonwealth Financial Network,commonwealth,True,Emily,Parker,Parker Wealth Management Group,Parker Wealth Management Group,2246 Highland Rd,Boston,MA,02101
5250,SPLIT_CHILD,Ridgeway Wealth Management,ridgeway,False,Steven,Gomez,Gomez Investment Partners,Gomez Investment Partners,3208 Union Rd,Nashville,TN,37201
5251,SPLIT_CHILD,Edward Jones,edward_jones,True,Dorothy,Baker,Baker Asset Management Group,Baker Asset Management Group,6573 Maple Dr,Tampa,FL,33601
5252,SPLIT_CHILD,LPL Financial,lpl_financial,True,Jessica,Zhang,Zhang Asset Management Group,Zhang Asset Management Group,5723 Church Pl,New York,NY,10022
5253,SPLIT_CHILD,Commonwealth Financial Network,commonwealth,True,Robert,Collins,Collins Portfolio Group,Collins Portfolio Group,1581 Liberty Pl,St. Louis,MO,63101
5254,SPLIT_CHILD,Morgan Stanley Wealth Management,morgan_stanley,True,Lisa,Reyes,Reyes Asset Management Group,Reyes Asset Management Group,7367 Market Dr,Dallas,TX,75201
5255,SPLIT_CHILD,LPL Financial,lpl_financial,True,Anthony,Roberts,Roberts Family Wealth Group,Roberts Family Wealth Group,6073 Monroe Pkwy,Jacksonville,FL,32201
5256,SPLIT_CHILD,UBS Financial Services,ubs,True,Nancy,Khan,Khan Wealth Management Group,Khan Wealth Management Group,2017 Highland Rd,Phoenix,AZ,85001
5257,SPLIT_CHILD,Robert W. Baird & Co.,rwbaird,True,Charles,Turner,Turner Financial Group,Turner Financial Group,602 Madison Ln,Philadelphia,PA,19101
5258,SPLIT_CHILD,Kingsbridge Capital Advisors,kingsbridge,False,Helen,Morgan,Morgan Private Wealth,Morgan Private Wealth,3864 Madison St,Cleveland,OH,44101
5259,SPLIT_CHILD,Ridgeway Wealth Management,ridgeway,False,Linda,Mitchell,Mitchell Partners,Mitchell Partners,7281 Elm St,San Diego,CA,92101
5260,SPLIT_CHILD,Woodbury Financial Services,woodbury,True,John,Yang,Yang Advisory Group,Yang Advisory Group,3617 Central Court,Philadelphia,PA,19101
5261,SPLIT_CHILD,Stifel Nicolaus & Company,stifel_nicolaus,True,William,Taylor,Taylor Wealth Management Group,Taylor Wealth Management Group,9567 Broad Ln,Memphis,TN,38101
5262,SPLIT_CHILD,Morgan Stanley Wealth Management,morgan_stanley,True,Patricia,Green,Green Advisory Group,Green Advisory Group,7356 Washington St,Jacksonville,FL,32201
5263,SPLIT_CHILD,Oppenheimer & Co.,oppenheimer,True,Ashley,White,White Wealth Partners,White Wealth Partners,4199 Market Dr,Las Vegas,NV,89101
5264,SPLIT_CHILD,UBS Financial Services,ubs,True,Karen,Flores,Flores Financial Group,Flores Financial Group,115 Jefferson Ave,Pittsburgh,PA,15201
5265,SPLIT_CHILD,DA Davidson & Co.,da_davidson,True,James,Scott,Scott Asset Management Group,Scott Asset Management Group,5440 Commerce Rd,Jacksonville,FL,32201
5266,SPLIT_CHILD,Northgate Investment Partners,northgate,False,Rachel,Flores,Flores Capital Partners,Flores Capital Partners,7936 Oak Pl,Indianapolis,IN,46201
5267,SPLIT_CHILD,Cetera Financial Group,cetera,True,Betty,Lee,Lee Financial Group,Lee Financial Group,3396 Broad Dr,Houston,TX,77001
5268,SPLIT_CHILD,Woodbury Financial Services,woodbury,True,Betty,Martin,Martin Family Wealth Group,Martin Family Wealth Group,9881 Main Pkwy,Oklahoma City,OK,73101
5269,SPLIT_CHILD,Securities America,securities_america,True,Paul,Green,Green Wealth Advisors,Green Wealth Advisors,8827 Commerce Dr,Chicago,IL,60601
5270,SPLIT_CHILD,Summit Peak Advisors,summit_peak,False,Lisa,Campbell,Campbell Asset Management,Campbell Asset Management,7124 Central Ave,Chicago,IL,60601
5271,SPLIT_CHILD,Hilliard Lyons,hilliard_lyons,True,Christopher,Wright,Wright Advisory Group,Wright Advisory Group,1648 Elm Pkwy,Austin,TX,78701
5272,SPLIT_CHILD,Cambridge Investment Research,cambridge_inv,True,Sandra,Chen,Chen Asset Management Group,Chen Asset Management Group,2193 Spring Rd,Minneapolis,MN,55401
5273,SPLIT_CHILD,DA Davidson & Co.,da_davidson,True,Barbara,Yang,Yang Wealth Management Group,Yang Wealth Management Group,635 Highland Pl,Cleveland,OH,44101
5274,SPLIT_CHILD,Securities America,securities_america,True,Michael,Allen,Allen Wealth Management Group,Allen Wealth Management Group,1584 Monroe Rd,Las Vegas,NV,89101
5275,SPLIT_CHILD,Cetera Financial Group,cetera,True,Joseph,Chen,Chen Capital Group,Chen Capital Group,7748 Monroe St,Los Angeles,CA,90001
5276,SPLIT_CHILD,Wells Fargo Advisors,wells_fargo,True,John,Jones,Jones Portfolio Group,Jones Portfolio Group,1010 Oak Way,Fort Worth,TX,76101
5277,SPLIT_CHILD,Hilliard Lyons,hilliard_lyons,True,Susan,Rivera,Rivera Capital Group,Rivera Capital Group,4321 Lincoln Way,Columbus,OH,43201
5278,SPLIT_CHILD,Janney Montgomery Scott,janney,True,Kenneth,Reyes,Reyes Financial Group,Reyes Financial Group,4737 Lake Ln,Portland,OR,97201
5279,SPLIT_CHILD,Highfield Asset Management,highfield,False,Mark,Lee,Lee Wealth Management,Lee Wealth Management,631 Central Pkwy,San Francisco,CA,94101
5280,SPLIT_CHILD,Edward Jones,edward_jones,True,Richard,Jackson,Jackson Private Wealth Group,Jackson Private Wealth Group,9510 Market Pl,Portland,OR,97201
5281,SPLIT_CHILD,Kingsbridge Capital Advisors,kingsbridge,False,Nancy,Hall,Hall Wealth,Hall Wealth,8679 Lake Blvd,Philadelphia,PA,19101
5282,SPLIT_CHILD,Securities America,securities_america,True,Matthew,Smith,Smith Capital Group,Smith Capital Group,4913 Elm Court,Indianapolis,IN,46201
5283,SPLIT_CHILD,Parkside Wealth Strategies,parkside,False,Daniel,Scott,Scott Wealth,Scott Wealth,1796 Maple Pkwy,Los Angeles,CA,90001
5284,SPLIT_CHILD,DA Davidson & Co.,da_davidson,True,Matthew,Morris,Morris Capital Group,Morris Capital Group,9949 River St,Portland,OR,97201
5285,SPLIT_CHILD,Meridian Private Wealth,meridian_pw,False,Andrew,Taylor,Taylor Wealth Management,Taylor Wealth Management,4731 Maple Blvd,Nashville,TN,37201
5286,SPLIT_CHILD,National Planning Holdings,nph,True,Emily,Adams,Adams Portfolio Group,Adams Portfolio Group,9760 Oak Dr,San Diego,CA,92101
5287,SPLIT_CHILD,Edward Jones,edward_jones,True,Donald,Carter,Carter Wealth Advisors,Carter Wealth Advisors,7434 Union Ln,Kansas City,MO,64101
5288,SPLIT_CHILD,Ameriprise Financial Services,ameriprise,True,Nancy,Zhang,Zhang Asset Management Group,Zhang Asset Management Group,694 Church Ln,San Jose,CA,95101
5289,SPLIT_CHILD,Summit Peak Advisors,summit_peak,False,Susan,Roberts,Roberts Private Wealth,Roberts Private Wealth,1263 Park Rd,New York,NY,10022
5290,SPLIT_CHILD,Cambridge Investment Research,cambridge_inv,True,Anthony,Roberts,Roberts Portfolio Group,Roberts Portfolio Group,7806 Central Dr,Tampa,FL,33601
5291,SPLIT_CHILD,Hilliard Lyons,hilliard_lyons,True,Dorothy,Young,Young Wealth Partners,Young Wealth Partners,3285 Main Court,Philadelphia,PA,19101
5292,SPLIT_CHILD,Kingsbridge Capital Advisors,kingsbridge,False,Barbara,Thomas,Thomas Family Office,Thomas Family Office,4012 Washington Pkwy,Fort Worth,TX,76101
5293,SPLIT_CHILD,Northgate Investment Partners,northgate,False,Amanda,Huang,Huang Capital Partners,Huang Capital Partners,239 Washington Ln,Las Vegas,NV,89101
5294,SPLIT_CHILD,Ameriprise Financial Services,ameriprise,True,Donald,Rivera,Rivera Investment Group,Rivera Investment Group,172 Commerce Ave,Washington,DC,20001
5295,SPLIT_CHILD,Hilliard Lyons,hilliard_lyons,True,Kenneth,Carter,Carter Private Wealth Group,Carter Private Wealth Group,9126 Spring Ave,Columbus,OH,43201
5296,SPLIT_CHILD,National Planning Holdings,nph,True,Mark,Lee,Lee Private Wealth Group,Lee Private Wealth Group,1372 Commerce Court,Baltimore,MD,21201
5297,SPLIT_CHILD,National Planning Holdings,nph,True,Michael,Wright,Wright Financial Group,Wright Financial Group,7457 Lincoln Way,Minneapolis,MN,55401
5298,SPLIT_CHILD,Meridian Private Wealth,meridian_pw,False,William,Gomez,Gomez Capital,Gomez Capital,9253 Central Pkwy,San Diego,CA,92101
5299,SPLIT_CHILD,Morgan Stanley Wealth Management,morgan_stanley,True,Robert,Huang,Huang Advisory Group,Huang Advisory Group,1067 Elm Court,Atlanta,GA,30301
5300,SPLIT_CHILD,Securities America,securities_america,True,Sarah,Khan,Khan Financial Group,Khan Financial Group,4520 Oak Pl,Miami,FL,33101
5301,SPLIT_CHILD,Robert W. Baird & Co.,rwbaird,True,Amanda,Morris,Morris Investment Group,Morris Investment Group,4003 Union St,Fort Worth,TX,76101
5302,SPLIT_CHILD,Edward Jones,edward_jones,True,Margaret,Smith,Smith Asset Management Group,Smith Asset Management Group,7274 Commerce Court,Raleigh,NC,27601
5303,SPLIT_CHILD,LPL Financial,lpl_financial,True,Joseph,Phillips,Phillips Institutional Group,Phillips Institutional Group,2881 Hill Pkwy,Raleigh,NC,27601
5304,SPLIT_CHILD,Highfield Asset Management,highfield,False,Daniel,Nguyen,Nguyen Private Wealth,Nguyen Private Wealth,5696 Monroe Way,Houston,TX,77001
5305,SPLIT_CHILD,Northgate Investment Partners,northgate,False,Matthew,Kim,Kim Family Office,Kim Family Office,4717 Highland Ln,Raleigh,NC,27601
5306,SPLIT_CHILD,Morgan Stanley Wealth Management,morgan_stanley,True,Steven,Edwards,Edwards Capital Group,Edwards Capital Group,1652 Liberty Rd,Nashville,TN,37201
5307,SPLIT_CHILD,Hilliard Lyons,hilliard_lyons,True,Mark,Adams,Adams Capital Group,Adams Capital Group,3011 Willow Way,Denver,CO,80201
5308,SPLIT_CHILD,Wells Fargo Advisors,wells_fargo,True,Kenneth,Cruz,Cruz Wealth Advisors,Cruz Wealth Advisors,8813 Elm Pl,San Diego,CA,92101
5309,SPLIT_CHILD,Ameriprise Financial Services,ameriprise,True,Margaret,Diaz,Diaz Portfolio Group,Diaz Portfolio Group,9495 Oak Ave,Cleveland,OH,44101
5310,SPLIT_CHILD,UBS Financial Services,ubs,True,Karen,Miller,Miller Private Wealth Group,Miller Private Wealth Group,1938 Spring Ln,Raleigh,NC,27601
5311,SPLIT_CHILD,Meridian Private Wealth,meridian_pw,False,Donald,Patel,Patel Advisors,Patel Advisors,9003 Willow Ave,Nashville,TN,37201
5312,SPLIT_CHILD,Highfield Asset Management,highfield,False,Dorothy,Green,Green Investment Partners,Green Investment Partners,6988 Commerce St,Louisville,KY,40201
5313,SPLIT_CHILD,Janney Montgomery Scott,janney,True,Michael,Parker,Parker Asset Management Group,Parker Asset Management Group,8817 Main Pkwy,Tampa,FL,33601
5314,SPLIT_CHILD,Parkside Wealth Strategies,parkside,False,Matthew,Rivera,Rivera Advisors,Rivera Advisors,1209 Highland Dr,Indianapolis,IN,46201
5315,SPLIT_CHILD,Robert W. Baird & Co.,rwbaird,True,Sandra,King,King Family Wealth Group,King Family Wealth Group,1091 Washington Way,Nashville,TN,37201
5316,SPLIT_CHILD,National Planning Holdings,nph,True,Barbara,Green,Green Wealth Management Group,Green Wealth Management Group,4173 Church Rd,Washington,DC,20001
5317,SPLIT_CHILD,Ameriprise Financial Services,ameriprise,True,Nancy,Thomas,Thomas Family Wealth Group,Thomas Family Wealth Group,4049 Park Court,Portland,OR,97201
5318,SPLIT_CHILD,Clearwater Capital Group,clearwater,False,Charles,Harris,Harris Investment Partners,Harris Investment Partners,5991 Elm Rd,Nashville,TN,37201
5319,SPLIT_CHILD,UBS Financial Services,ubs,True,Ashley,Brown,Brown Capital Group,Brown Capital Group,1363 Spring Pl,Raleigh,NC,27601
5320,SPLIT_CHILD,Highfield Asset Management,highfield,False,Susan,Turner,Turner Capital,Turner Capital,6693 Park Court,Tampa,FL,33601
5321,SPLIT_CHILD,Securities America,securities_america,True,James,Lee,Lee Institutional Group,Lee Institutional Group,3418 Washington Rd,Dallas,TX,75201
5322,SPLIT_CHILD,Cetera Financial Group,cetera,True,Dorothy,Garcia,Garcia Asset Management Group,Garcia Asset Management Group,1903 Union Court,Las Vegas,NV,89101
5323,SPLIT_CHILD,Ameriprise Financial Services,ameriprise,True,Christopher,Collins,Collins Family Wealth Group,Collins Family Wealth Group,8476 Church Ln,Pittsburgh,PA,15201
5324,SPLIT_CHILD,Parkside Wealth Strategies,parkside,False,Dorothy,Stewart,Stewart Investment Partners,Stewart Investment Partners,7987 Madison Blvd,Fort Worth,TX,76101
5325,SPLIT_CHILD,Cambridge Investment Research,cambridge_inv,True,Patricia,Johnson,Johnson Advisory Group,Johnson Advisory Group,9217 Willow Rd,Raleigh,NC,27601
5326,SPLIT_CHILD,Hilliard Lyons,hilliard_lyons,True,Helen,Morris,Morris Financial Group,Morris Financial Group,3137 Madison Court,Philadelphia,PA,19101
5327,SPLIT_CHILD,Raymond James Financial Services,raymond_james,True,Emily,Huang,Huang Advisory Group,Huang Advisory Group,2112 Broad Blvd,Austin,TX,78701
5328,SPLIT_CHILD,Kingsbridge Capital Advisors,kingsbridge,False,Emily,Thompson,Thompson Wealth,Thompson Wealth,2978 Liberty Dr,San Diego,CA,92101
5329,SPLIT_CHILD,Clearwater Capital Group,clearwater,False,Barbara,Morris,Morris Partners,Morris Partners,6518 Washington Pl,Charlotte,NC,28201
5330,SPLIT_CHILD,Merrill Lynch Pierce Fenner & Smith,merrill_lynch,True,Rachel,Martin,Martin Family Wealth Group,Martin Family Wealth Group,1653 Market Pl,San Francisco,CA,94101
5331,SPLIT_CHILD,Morgan Stanley Wealth Management,morgan_stanley,True,Jennifer,Torres,Torres Wealth Partners,Torres Wealth Partners,1155 Central Pkwy,San Jose,CA,95101
5332,SPLIT_CHILD,Oppenheimer & Co.,oppenheimer,True,Sarah,Mitchell,Mitchell Wealth Advisors,Mitchell Wealth Advisors,4016 Maple Rd,New York,NY,10001
5333,SPLIT_CHILD,Woodbury Financial Services,woodbury,True,Michael,Liu,Liu Advisory Group,Liu Advisory Group,5787 Lincoln Dr,New York,NY,10022
5334,SPLIT_CHILD,LPL Financial,lpl_financial,True,Matthew,Yang,Yang Investment Group,Yang Investment Group,8375 Elm Ln,Raleigh,NC,27601
5335,SPLIT_CHILD,Cambridge Investment Research,cambridge_inv,True,Matthew,King,King Institutional Group,King Institutional Group,5060 Broad St,Denver,CO,80201
5336,SPLIT_CHILD,Highfield Asset Management,highfield,False,Ashley,Gomez,Gomez Asset Management,Gomez Asset Management,6330 Willow Way,Philadelphia,PA,19101
5337,SPLIT_CHILD,Morgan Stanley Wealth Management,morgan_stanley,True,Sandra,Chen,Chen Wealth Advisors,Chen Wealth Advisors,9671 Liberty Ln,San Diego,CA,92101
5338,SPLIT_CHILD,Commonwealth Financial Network,commonwealth,True,David,Thomas,Thomas Investment Group,Thomas Investment Group,6107 Oak Court,Baltimore,MD,21201
5339,SPLIT_CHILD,Highfield Asset Management,highfield,False,Daniel,Zhang,Zhang Asset Management,Zhang Asset Management,6781 Central Pl,Las Vegas,NV,89101
5340,SPLIT_CHILD,UBS Financial Services,ubs,True,Andrew,Turner,Turner Advisory Group,Turner Advisory Group,4983 Jefferson Ln,Chicago,IL,60601
5341,SPLIT_CHILD,Raymond James Financial Services,raymond_james,True,Susan,Lee,Lee Wealth Advisors,Lee Wealth Advisors,2964 Park St,Portland,OR,97201
5342,SPLIT_CHILD,Hilliard Lyons,hilliard_lyons,True,Christopher,Zhang,Zhang Capital Group,Zhang Capital Group,9019 Jefferson Blvd,Cleveland,OH,44101
5343,SPLIT_CHILD,Edward Jones,edward_jones,True,Megan,Patel,Patel Institutional Group,Patel Institutional Group,4842 Lincoln Way,Fort Worth,TX,76101
5344,SPLIT_CHILD,Robert W. Baird & Co.,rwbaird,True,Betty,Jackson,Jackson Private Wealth Group,Jackson Private Wealth Group,6598 Park Dr,New York,NY,10022
5345,SPLIT_CHILD,Robert W. Baird & Co.,rwbaird,True,Helen,Young,Young Asset Management Group,Young Asset Management Group,786 Cedar Way,San Jose,CA,95101
5346,SPLIT_CHILD,UBS Financial Services,ubs,True,Betty,Yang,Yang Investment Group,Yang Investment Group,8523 Monroe St,Charlotte,NC,28201
5347,SPLIT_CHILD,Commonwealth Financial Network,commonwealth,True,Anthony,Edwards,Edwards Asset Management Group,Edwards Asset Management Group,5205 Broad St,Miami,FL,33101
5348,SPLIT_CHILD,Hilliard Lyons,hilliard_lyons,True,Andrew,Patel,Patel Institutional Group,Patel Institutional Group,8285 River Pkwy,Phoenix,AZ,85001
5349,SPLIT_CHILD,Meridian Private Wealth,meridian_pw,False,David,Green,Green Advisors,Green Advisors,4263 Church Dr,Los Angeles,CA,90001
5350,SPLIT_CHILD,Harborview Private Wealth,harborview,False,Mark,Miller,Miller Partners,Miller Partners,1704 Lincoln Ln,Charlotte,NC,28201
5351,SPLIT_CHILD,Merrill Lynch Pierce Fenner & Smith,merrill_lynch,True,Nancy,Green,Green Investment Group,Green Investment Group,2454 Market Rd,Louisville,KY,40201
5352,SPLIT_CHILD,Highfield Asset Management,highfield,False,Sarah,Allen,Allen Wealth,Allen Wealth,4853 Monroe St,Tampa,FL,33601
5353,SPLIT_CHILD,Cetera Financial Group,cetera,True,Jennifer,Nelson,Nelson Portfolio Group,Nelson Portfolio Group,6299 Elm Blvd,Portland,OR,97201
5354,SPLIT_CHILD,Woodbury Financial Services,woodbury,True,Lisa,Jones,Jones Private Wealth Group,Jones Private Wealth Group,130 Market Rd,Cleveland,OH,44101
5355,SPLIT_CHILD,Clearwater Capital Group,clearwater,False,Sandra,Garcia,Garcia Partners,Garcia Partners,6369 Adams Ln,Los Angeles,CA,90001
5356,SPLIT_CHILD,Robert W. Baird & Co.,rwbaird,True,Michael,Anderson,Anderson Asset Management Group,Anderson Asset Management Group,200 River Ln,Pittsburgh,PA,15201
5357,SPLIT_CHILD,Robert W. Baird & Co.,rwbaird,True,John,Turner,Turner Private Wealth Group,Turner Private Wealth Group,7344 Hill Pkwy,Oklahoma City,OK,73101
5358,SPLIT_CHILD,Summit Peak Advisors,summit_peak,False,Matthew,Rivera,Rivera Wealth Management,Rivera Wealth Management,1835 Adams Ln,San Diego,CA,92101
5359,SPLIT_CHILD,Ridgeway Wealth Management,ridgeway,False,Kenneth,Thompson,Thompson Wealth,Thompson Wealth,491 Madison Ln,Minneapolis,MN,55401
5360,SPLIT_CHILD,Morgan Stanley Wealth Management,morgan_stanley,True,Jessica,Mitchell,Mitchell Wealth Partners,Mitchell Wealth Partners,5333 Commerce Dr,Dallas,TX,75201
5361,SPLIT_CHILD,Robert W. Baird & Co.,rwbaird,True,William,Green,Green Capital Group,Green Capital Group,1017 Washington Rd,Dallas,TX,75201
5362,SPLIT_CHILD,Highfield Asset Management,highfield,False,Anthony,Morgan,Morgan Asset Management,Morgan Asset Management,9475 Park Pl,San Francisco,CA,94101
5363,SPLIT_CHILD,National Planning Holdings,nph,True,Steven,Zhang,Zhang Wealth Management Group,Zhang Wealth Management Group,7651 Maple Ave,New York,NY,10001
5364,SPLIT_CHILD,Securities America,securities_america,True,Dorothy,Morris,Morris Investment Group,Morris Investment Group,8551 Willow St,San Jose,CA,95101
5365,SPLIT_CHILD,Merrill Lynch Pierce Fenner & Smith,merrill_lynch,True,Donald,Parker,Parker Institutional Group,Parker Institutional Group,518 Willow St,Milwaukee,WI,53201
5366,SPLIT_CHILD,Summit Peak Advisors,summit_peak,False,Sandra,Adams,Adams Wealth,Adams Wealth,4238 Central Pl,Columbus,OH,43201
5367,SPLIT_CHILD,Summit Peak Advisors,summit_peak,False,Mark,Parker,Parker Advisors,Parker Advisors,2099 Commerce Ave,Indianapolis,IN,46201
5368,SPLIT_CHILD,Wells Fargo Advisors,wells_fargo,True,Dorothy,Roberts,Roberts Capital Group,Roberts Capital Group,5946 Hill Ave,San Jose,CA,95101
5369,SPLIT_CHILD,Hilliard Lyons,hilliard_lyons,True,Emily,Wang,Wang Wealth Advisors,Wang Wealth Advisors,2817 River Pkwy,Austin,TX,78701
5370,SPLIT_CHILD,Morgan Stanley Wealth Management,morgan_stanley,True,Christopher,Smith,Smith Investment Group,Smith Investment Group,8417 Union Court,Houston,TX,77001
5371,SPLIT_CHILD,Ridgeway Wealth Management,ridgeway,False,Lisa,Patel,Patel Capital,Patel Capital,879 Market Pkwy,Washington,DC,20001
5372,SPLIT_CHILD,Wells Fargo Advisors,wells_fargo,True,Thomas,Davis,Davis Financial Group,Davis Financial Group,6530 Central St,San Antonio,TX,78201
5373,SPLIT_CHILD,National Planning Holdings,nph,True,Christopher,Flores,Flores Portfolio Group,Flores Portfolio Group,7146 Washington Pl,Los Angeles,CA,90001
5374,SPLIT_CHILD,Robert W. Baird & Co.,rwbaird,True,Sarah,Morris,Morris Wealth Management Group,Morris Wealth Management Group,7918 Adams Dr,San Diego,CA,92101
5375,SPLIT_CHILD,Cetera Financial Group,cetera,True,Paul,Stewart,Stewart Portfolio Group,Stewart Portfolio Group,1138 Lake Pkwy,Seattle,WA,98101
5376,SPLIT_CHILD,National Planning Holdings,nph,True,Donald,Brown,Brown Advisory Group,Brown Advisory Group,2865 Willow St,San Jose,CA,95101
5377,SPLIT_CHILD,Clearwater Capital Group,clearwater,False,Linda,Martin,Martin Wealth Management,Martin Wealth Management,6611 Elm Dr,Boston,MA,02101
5378,SPLIT_CHILD,Cetera Financial Group,cetera,True,Mark,Rivera,Rivera Wealth Partners,Rivera Wealth Partners,4944 Oak Dr,Raleigh,NC,27601
5379,SPLIT_CHILD,Crestwood Family Office,crestwood,False,Betty,Scott,Scott Investment Partners,Scott Investment Partners,3548 Broad Pkwy,Pittsburgh,PA,15201
5380,SPLIT_CHILD,Raymond James Financial Services,raymond_james,True,Paul,Moore,Moore Family Wealth Group,Moore Family Wealth Group,9310 Monroe Pl,Cleveland,OH,44101
5381,SPLIT_CHILD,LPL Financial,lpl_financial,True,John,Thomas,Thomas Advisory Group,Thomas Advisory Group,530 Market Ln,Indianapolis,IN,46201
5382,SPLIT_CHILD,Kingsbridge Capital Advisors,kingsbridge,False,Richard,Young,Young Asset Management,Young Asset Management,6841 Church Dr,San Diego,CA,92101
5383,SPLIT_CHILD,Woodbury Financial Services,woodbury,True,Rachel,Diaz,Diaz Wealth Management Group,Diaz Wealth Management Group,8543 Spring St,Oklahoma City,OK,73101
5384,SPLIT_CHILD,Edward Jones,edward_jones,True,Michael,Morris,Morris Wealth Partners,Morris Wealth Partners,8474 Commerce Ave,Oklahoma City,OK,73101
5385,SPLIT_CHILD,Crestwood Family Office,crestwood,False,Rachel,Johnson,Johnson Private Wealth,Johnson Private Wealth,2031 Central Blvd,Fort Worth,TX,76101
5386,SPLIT_CHILD,Cetera Financial Group,cetera,True,Dorothy,Hall,Hall Investment Group,Hall Investment Group,1816 Oak Pkwy,Chicago,IL,60601
5387,SPLIT_CHILD,Edward Jones,edward_jones,True,Patricia,Martin,Martin Wealth Partners,Martin Wealth Partners,4313 Commerce Pkwy,Columbus,OH,43201
5388,SPLIT_CHILD,Woodbury Financial Services,woodbury,True,Emily,Miller,Miller Family Wealth Group,Miller Family Wealth Group,1275 Commerce Ave,Minneapolis,MN,55401
5389,SPLIT_CHILD,Meridian Private Wealth,meridian_pw,False,Steven,Zhang,Zhang Partners,Zhang Partners,584 Park Rd,Washington,DC,20001
5390,SPLIT_CHILD,DA Davidson & Co.,da_davidson,True,Betty,Campbell,Campbell Institutional Group,Campbell Institutional Group,8359 Liberty Rd,Cleveland,OH,44101
5391,SPLIT_CHILD,National Planning Holdings,nph,True,Betty,Wright,Wright Institutional Group,Wright Institutional Group,8075 Monroe Dr,Raleigh,NC,27601
5392,SPLIT_CHILD,Ridgeway Wealth Management,ridgeway,False,Andrew,Morgan,Morgan Investment Partners,Morgan Investment Partners,9911 Lincoln Ln,Las Vegas,NV,89101
5393,SPLIT_CHILD,Ameriprise Financial Services,ameriprise,True,James,Adams,Adams Investment Group,Adams Investment Group,3690 Lincoln Ln,Chicago,IL,60601
5394,SPLIT_CHILD,National Planning Holdings,nph,True,Andrew,Zhang,Zhang Financial Group,Zhang Financial Group,4414 Cedar Blvd,New York,NY,10001
5395,SPLIT_CHILD,Cetera Financial Group,cetera,True,Helen,Miller,Miller Wealth Advisors,Miller Wealth Advisors,125 Park Ln,Cleveland,OH,44101
5396,SPLIT_CHILD,Janney Montgomery Scott,janney,True,Megan,Jackson,Jackson Wealth Advisors,Jackson Wealth Advisors,2620 Willow Blvd,Tampa,FL,33601
5397,SPLIT_CHILD,Clearwater Capital Group,clearwater,False,Rachel,Turner,Turner Investment Partners,Turner Investment Partners,177 River Dr,Pittsburgh,PA,15201
5398,SPLIT_CHILD,Harborview Private Wealth,harborview,False,Donald,Morgan,Morgan Private Wealth,Morgan Private Wealth,2016 Lincoln St,San Diego,CA,92101
5399,SPLIT_CHILD,UBS Financial Services,ubs,True,Betty,Phillips,Phillips Family Wealth Group,Phillips Family Wealth Group,5483 Commerce Way,Louisville,KY,40201
