team_name,firm_name,lead_name,email,members,address
Johnson Group,Kingsbridge Capital,"Johnson, Joseph",johnsonj@kingsbridgecap.com,,
Cater Advisory Group,Woodbury Financial Services,Ron Parker,ron.parker@woodburyfs.com,Ronald Parker|Ryan Khan|Jacob Parker|Dorothy Taylor,"9028 Lake Way, Indianapolis, IN 46201"
Green Capital Group,LPL Financial,,,Ronal Green|Richard Scott|Lia Phillips|Steven Khan|Robert Reyes,"4652 Park Pl, Houston, TX 77001"
Davis Tx & Wealth Group,Ameriprise Financial Services,"Davis, Jessica",,,
Huang Private Wealth Group,Merrill Lynch Pierce Fenner & Smith,,mark.huang@ml.com,,"6327 Jefferson Pl, San Diego, CA 92101"
Turner Investment Group,Merrill Lynch,Megan Turner,,Megan Turner|Kevin Edwards|Hele White|Edward King,"8851 Lake Blvd, Kansas City, MO 64101"
Morg@n Partners,Clearwater Capital Group,Helen Turner,,H3len Turner|Anthony Wang|Sarah King,
King Advisory Group,National Planning Holdings,Mark Jones,mark.jones@nph.com,Mark Jones|Jeffrey Carter|Daniel Wilson,"8279 Jefferson Blvd, Charlotte, NC 28201"
reen Wealth Management,Crestwood Family,,,Dorothy Parker|Ryan Brown|Dorothy Lee|Lisa Parker,"6643 Lake Blvd, Austin, TX 78701"
Moore & Associates,Meridian Private,,,,"2721 Madison Pkwy, Minneapolis, MN 55401"
Cruz Asset Management,Crestwood Family,Joe Cruz,,Joseph Cruz|Dorothy Smith|Jason Liu,
Rivera Financil Partners,Crestwood Family Office,,riveras@crestwoodfo.com,,"3027 Cedar Rd, Denver, CO 80201"
King Finncial Group,Morgan Stanley Wealth Management,Tony Harris,,,"419 Willow Rd, Chicago, IL 60601"
Morris Wealth Advisors,Commonwealth Financial,,,Ronald Garcia|Anthony Kim|Jessica Morris|Jason Edwards|Matthew Collins,
Parker Institutional Group,Janney Montgomery Scott,Betty Parker,,Betty Parer|William Wright|John Gomez,"6218 Market Way, San Francisco, CA 94101"
Gomez Advisor Group,Securities America,Matthew Parker,parkerm@secam.com,,"217 Oak Dr, Los Angeles, CA 90001"
Thompson Institut1onal Group,Cambridge Investment Research,,,Barbara Phillips|Emily Baker|Patricia Khan|Margaret Thomas|Richard Miller|Patri1@ Thomas,"8053 Highland Blvd, Philadelphia, PA 19101"
Scott Family Offce,Ridgeway Wealth,,dhuang@ridgewaywm.com,,"6835 Oak Ave, San Francisco, CA 94101"
Huang Tax & Wealth Group,Ameriprise Financial Services,,don.huang@ampf.com,Donald Huang|James Garci@|Ryan Zhang|Donald Taylor|Margaret Hall|Patricia Jackson,"1335 Highland Ave, San Francisco, CA 94101"
Yang Partners,Meridian Private Wealth,Bett Yang,betty.yang@meridianpw.com,,"2797 Main Ln, Charlotte, NC 28201"
Young Advisory Group,Raymond James Financial Services,,,Matthew Young|Michael Gomez,
Wng Wealth Partners,Commonwealth Financial Network,,barbara.wang@commonwealth.com,Barbara Wang|William Phil1ips|William Cruz,
Hi1l Wealth,Meridian Private Wealth,"Roberts, Emily",,Emily Robert5|Rachel Roberts|Susan King|Steven Jackson|Sarah Harris|Steven Hill|Margaret Turner,"9433 Oak Pkwy, San Antonio, TX 78201"
Diaz Advis0ry Group,Raymond James,"Diaz, George",,George Diaz|Richard Jones|Jessica Jackson|Barbara Martin|Thomas Kim|Lisa Liu,"7591 Maple St, San Jose, CA 95101"
Torres Wealth Partners,Merrill Lynch Pierce Fenner & Smith,,,Megan Wilson|Susan Smith|George Lee|Helen Allen|George Miller|Thomas Martin,
Carter Investment Grou,Wells Fargo Advisors,,jeff.carter@wellsfargoadv.com,,
Turner nvestment Partners,Northgate Investment Partners,Thomas Turner,turnert@northgateinv.com,,
Carter Investment Group,Hilliard Lyons,Helen P@rker,,Helen Parker|Lisa Jackson,
Parker Wealth,Ridgeway Wealth,,,Donald Parker|Charles Kim|Donald Huang|Christopher Khan|Daniel Liu|Margaret Johnson|Daniel Stewart,
Patel Family Office,Parkside Wealth Strategies,,,,"4165 Washington Ave, San Diego, CA 92101"
Chen Wealth Advisos,DA Davidson & Co.,,,,"5525 Cedar Rd, New York, NY 10001"
Green & Associates,Summit Peak Advisors,Sarah Green,,,"8479 Lincoln Pkwy, Chicago, IL 60601"
Kim Private Client Group,Morgan Stanley Wealth Management,,,,"8921 Park Pl, Baltimore, MD 21201"
Young We@lth Advisors,DA Davidson & Co.,Ronald Young,youngr@dadavidson.com,,"2185 Madison Ln, Philadelphia, PA 19101"
Allen Wealth Partners,Securities America,SusanThomas,,Susan Thomas|Anthony Rivera|Patricia Patel|Jeffrey Taylor|George Garcia|Andrew Rivera,
Garcia Financial Group,Woodbury Financial Services,Jennifer Garci@,,,"3948 River Dr, Baltimore, MD 21201"
Jones F1nancial Group,Woodbury Financial Services,,,,"6890 Park Ln, Portland, OR 97201"
Huang Financial Partners,Highfield Asset Management,"Huang, Ryan",,,"1846 Madison Dr, Raleigh, NC 27601"
Phillips Capital Group,Cambridge Investment Research,,phillipsh@cambridgeinv.com,,"7351 Market Ln, Las Vegas, NV 89101"
Morgan Financial Partners,Kingsbridge Capital Advisors,John Torres,jtorres@kingsbridgecap.com,John Torres|Sarah Yang|Jessica Gacia|Thomas Moore,
Collins Advisors,Harborview Private Wealth,"Collins, Charle",,,"1152 Madison Pl, Indianapolis, IN 46201"
Roberts Family Office,Meridian Private Wealth,"Roberts, Ryan",robertsr@meridianpw.com,Ryan Roberts|Jessica Stewart|Jeffrey Mitchell|Megan Yang|Mark Hall,"7914 Willow Rd, New York, NY 10001"
Green Financial Group,Stifel Nicolaus & Company,"Green, Paul",greenp@stifel.com,,
Diaz Asset Management Group,Morgan Stanley,Davd Diaz,,avid Diaz|Sarah Jackson|Dorothy King|Jennifer Morris|Nancy Thompsn,
Martin Wealth,Northgate Investment Partners,,,,"7805 Highland St, New York, NY 10001"
Harris Advisors,Northgate Investment,"Harris, John",,,
Mrgan Capital,Harborview Private Wealth,Joe Davis,,,"5196 Main Rd, Chicago, IL 60601"
Mogan Wealth Partners,Wells Fargo,,,Michael Roberts|Jessica Green|George Torres|Thomas Liu|David Scott,
Smith & Associates,Kingsbridge Capital Advisors,"Smith, Jennifer",,Jennifer Smith|Timothy Moore|Sandra Anderson|Jason Cambell|Brian Tompson,"8131 Madison Pl, Chicago, IL 60601"
Morgan Financial Group,Woodbury Financial Services,Timothy King,,,"7716 Hill Pl, Indianapolis, IN 46201"
Morris Financial Group,Ameriprise Financial Services,,,,
Edwads Tax & Wealth 9roup,Robert W. Baird & Co.,,,,"4626 Main Court, Nashville, TN 37201"
Carter Private Client Group,Cetera Financial Group,Linda Carter,,,
Edwards Advisory Group,Stifel Nicolaus,,,,"5116 Willow Way, Baltimore, MD 21201"
Allen Wealth Partners,Ameriprise Financial Services,,,,
Phillips Investment Partners,Northgate Investment Partners,,,Susan Phillips|Kenneth Smith|Timothy Mitchell,"1747 Park Rd, Miami, FL 33101"
Williams Wealth Management Group,Raymond James Financial Services,,,Jeffrey Wilson|Emily Young|Steven Khan,"9166 Elm Way, Dallas, TX 75201"
Adams Capital Group,Commonwealth Financial Network,,,,"3120 Hill Way, New York, NY 10022"
Turner Institutional Group,Merrill Lynch,Donald Jackson,,Donald Jackson|Donald Davis|Brian Khan,
Flores Portfolio Group,Securities America,Ryan Flores,rflores@secam.com,,
Miller Private Client Group,Woodbury Financial Services,Jef Miller,,Jeffrey Miller|Donald Anderson|Helen Jones,
FloresCapital Group,LPL Financial,,,,"9829 River St, Seattle, WA 98101"
Green Wealth,Parkside Wealth Strategies,"Green, Matthew",,,
Phillips Group,Summit Peak,Kenneth Phillips,,Kenneth Phillips|enneth Edwards|Betty Thompson|Barbara Mitchell|Linda Adams|D@vid Phillips|Robert Liu,
King Portfolio Grou,Cetera Financial Group,"King, Jeffrey",,Jeffrey King|Rachel Johnson|Ryan Cruz|Paul Roberts|Robert Morris|Ryan Anderson,"4202 Maple Dr, New York, NY 10001"
Di@z & Thomas Advisors,Commonwealth Financial Network,,,,
Hall Wealth Partners,Cetera Financial Group,,,Ronald Hall|Steven King|Joeph Morgan|Betty Huang,"6661 Highland St, Miami, FL 33101"
Parker Retirement Solutions Group,Cambridge Investment Research,Sus@n Edwards,,Susan Edwards|Amanda Morris|Linda Turner|Ashley Morris|Sandra Collins,
Thompson Wea1th Advisors,UBS Financial Services,Tony Thompson,thompsona@ubs.com,,
Carter Asset Management Group,Securities America,,carterj@secam.com,,"1627 Cedar Way, San Antonio, TX 78201"
Nguyen Advisory Group,Securities America,"King, Sandra",,,"9920 Elm Ave, Denver, CO 80201"
Gomez & A5sociates,Clearwater Capital Group,"Gomez, Rachel",,Rachel Gomez|Jennifer Carter|Ryan Mitchell|Nancy Nelson,
Huang Advisors,Parkside Wealth Strategies,"Huang, Sarah",,,"4012 Lincoln Dr, Washington, DC 20001"
Moore Capital Partners,Ridgeway Wealth Management,,,Brian Moore|Ashley Miller,
Smith Family Wealth Group,Cambridge Investment Research,,,Dorothy Smith|Jennifer Evans|Ronald Hill|Brian Garcia,"2461 Elm Ave, Indianapolis, IN 46201"
Zhang & Associates,Meridian Private,,,Jennifer Zhang|Amanda Jones,
Cruz Tax & Wealth Group,Stifel Nicolaus & Company,,,,"4808 Maple Ln, San Antonio, TX 78201"
Scott Capital Group,UBS Financial Services,,ascott@ubs.com,,"7156 Lake Court, Houston, TX 77001"
hite & Collins Partners,National Planning Holdings,,,,"4261 Hill St, San Francisco, CA 94101"
Green Asset Management Group,Janney Montgomery Scott,Kevin Green,,Kevin Green|Richard Harris|Nancy Roberts|Lisa Roberts|Andrew Edwards,
Chen Institutional Group,Janney Montgomery,"Chen, John",,,
Evans & Associates,Kingsbridge Capital Advisors,Matthew Evan5,,Matthew Evans|Robrt Gomez|Karen Reyes|Thomas Garcia|Andrew Kng,"2340 Cedar St, Memphis, TN 38101"
Anderson Advisors,Crestwood Family Office,,,,
Khan Wea1th,Meridian Private,,,Jennifer Khan|Edward Hill|Helen Torres|David Patel|Betty mith|Steven Mitchell|Joseph Nelson,"7773 Elm Dr, Los Angeles, CA 90001"
Stewart Institutional Group,Hilliard Lyons,Lisa Flores,,,"4395 Lincoln Pl, Washington, DC 20001"
Wang Portfolio Group,Securities America,Thomas Reyes,,,"3726 Maple Way, Memphis, TN 38101"
Davis Private Wealth Group,Janney Montgomery Scott,,ldavis@janney.com,,"3946 Highland Blvd, Portland, OR 97201"
Moore Family Office,Crestwood Family Office,,,,
Miller Institutional Group,Stifel Nicolaus & Company,Linda Mitchell,,,
Diaz & Associates,Ridgeway Wealth Management,,tony.diaz@ridgewaywm.com,Anthony Diz|Emily Jackson|William Chen,
Jackson Wealth Management,Northgate Investment,,,,"3638 Lake Pl, Miami, FL 33101"
Smith Capital Group,Morgan Stanley,,,,"3998 Spring St, Washington, DC 20001"
Davis & Taylor Advsors,Cetera Financial Group,,,,
Williams Family Wealth Group,Stifel Nicolaus & Company,Amanda Williams,,,
King Wealth Management,Highfield Asset Management,,,,"2530 Elm Rd, Los Angeles, CA 90001"
Patel Famiy Wealth Group,Cetera Financial,,,,"1974 Highland Dr, Boston, MA 02101"
Millr Capital Group,Cetera Financial,,,,"7092 Hill Pl, San Jose, CA 95101"
Brown Portfolio Group,Raymond James,,,,
Baker Advisory 9roup,Raymond James Financial Services,,george.baker@raymondjames.com,George Baker|Emily White|Sandra Zhang|Helen Morgan,"1873 Highland Pl, Austin, TX 78701"
Evans & Associates,Clearwater Capital Group,Amanda Evans,,,
Johnson Wealth,Crestwood Family,,,,
Phillips Wealth,Northgate Investment,,,William Kim|PaulAdams|Helen Phillips,
Hall Wealth Management,Ridgeway Wealth Management,,,William Smith|Lisa Green|Helen Brown|Helen Cruz,
Cruz Institutional Group,Wells Fargo,Margaret Tors,torresm@wellsfargoadv.com,Margaret Torres|Megan Brow|Jacob Wilson|Jennifer Nguyen|TimothyHill,
Young Privte Wealth,Northgate Investment,,steve.young@northgateinv.com,Steven Young|Jessica Collins|Mark Rivera|Helen Chen|George Khan,"2065 Commerce Ln, New York, NY 10001"
Hill Retirement Solutios Group,Hilliard Lyons,William Hill,,W1lliam Hill|Emily Green|Emily Hill|Timothy Turner,
Davis Asset Mana9ement Group,Cetera Financial Group,,,Andrew Davis|Karen Garcia|Sandra Zhang|Richard Harri5|Sandra Gomez|Betty Campbell|David Hill,
tewart Private Wealth,Meridian Private Wealth,"Stewart, Kenneth",,Kenn3th 5tewart|Susan Rivera,"3730 Washington Ave, San Jose, CA 95101"
Scott Capital Group,Edward Jones,Jason Lee,,,"2519 Cedar Blvd, San Antonio, TX 78201"
Anderson Financial Partners,Kingsbridge Capital Advisors,William Anderson,,William Anderson|Sarah Huan9|Kevin King|Charles Adams|William Bak3r|Ashey Turner,"8195 Jefferson Pkwy, San Francisco, CA 94101"
Gomez & Anderson Group,Janney Montgomery Scott,aul Gomez,,,"5866 Maple Rd, Denver, CO 80201"
Jones & Associates,Clearwater Capital Group,,,Andrew Jones|Jeffry Yang|Robert Adams|Emily Diaz|Matthew King|Megan Baker,
Brown Financial Group,Cambridge Investment Research,,,,
Campbell Portfoli Group,Ameriprise Financial,Ron Adam5,ron.adams@ampf.com,Ronald Adams|Eward Phillips|Michael Patel,
Wr1ght Private Wealth Group,Oppenheimer & Co.,Bill Wright,,William Wright|Megan Huang|Charles Wright|David Gomez|George Moore|Lisa Allen|Brian Edwards,
Wilson Wealth Management,Ridgeway Wealth,"Wilson, Betty",,,
Garcia &Associates,Parkside Wealth Strategies,"G@rcia, Susan",sgarcia@parksidewealth.com,Susan Garcia|Anthony Wright|Jacob Hall,"7037 Willow St, Denver, CO 80201"
Wilson Investmet Group,Edward Jones,MarkWilson,,Mark Wilson|Susan Williams|9eor9e Wright|Jacob Evans|Thomas Phillips|Nancy Moore|Christopher Anderson,"1364 Cedar Court, Dallas, TX 75201"
Morgan Wealth Management,Clearwater Capital Group,"Morgan, Ronald",,Ronald Morgan|Jason Harris|Ashley vans|Andrew Morris|Jeffrey Patel|Ashley White|Jessica Harris,
Yang Retirement Soltions Group,Janney Montgomery Scott,,,Patricia Yang|Barbara Campbell,"3278 Jefferson Way, Austin, TX 78701"
Brown & Associates,Meridian Private,"Brown, Steven",browns@meridianpw.com,,
Garcia Adv1sors,Clearwater Capital Group,Sandra Garcia,,,
Chen Family ealth Group,Oppenheimer &,,,William Patel|Ronald Chen|Thomas Morris|Timothy Baker|Ashley Evans|Mark Scott,
Johnson & Cruz Partners,Morgan Stanley Wealth Management,,johnsond@morganstanley.com,,"3633 Elm Court, Miami, FL 33101"
Patel & Jones Advisors,Cetera Financial Group,,kpatel@cetera.com,,
Collins Investment Group,National Planning Holdings,,,Charles Diaz|Margaret Anderson|George Parker|David Campbell|Karen Jones|Susan Mitchell,
Carter Capital Group,Cambridge Investment Research,,,,"6497 Commerce St, Boston, MA 02101"
Parker In5t1tutional Group,Stifel Nicolaus,"Paker, Jason",,,"1798 Spring Blvd, Raleigh, NC 27601"
Jones Family Wealth Group,LPL Financial,,tom.jones@lpl.com,Thomas Jones|Robert King|Kenneth Rivera,"7598 River Dr, New York, NY 10022"
Baker & Associates,DA Davidson & Co.,Jessica Baer,,,
Khan Capital Group,Robert W. Baird & Co.,Joe Khan,,Joseph Khan|Jennifer Anderson|Linda Edwards|Linda Torres|Susan Th0mpson,
Reyes & Associates,Summit Peak Advisors,,,,
Allen Capital Partners,Ridgeway Wealth Management,,,,"9973 Madison Blvd, Atlanta, GA 30301"
Turner Private Client Group,Cetera Financial Group,Pal Turner,,,
Torres Fmily Office,Kingsbridge Capital,Karen Torres,,,
King Institutinal Group,Hilliard Lyons,"King, Betty",kingb@hl.com,,
Evans Wealth Partners,Ameriprise Financial Services,Sarah Gomez,gomezs@ampf.com,,
Scott Family Wealth Group,Oppenheimer & Co.,,,,
Rivera Advisory Group,LPL Financial,Karen Rivera,riverak@lpl.com,,
Nelson Portfolio Group,National Planning Holdings,,,,"9138 Maple Ave, Houston, TX 77001"
Cruz Wealth Advisors,Ameriprise Financial,"Cruz, Dorothy",dorothy.cruz@ampf.com,D0rothy Cruz|Sandra Rivera|Michael Chen,
Moore We@lth Partners,Wells Fargo Advisors,"oore, Susan",,,"2797 Spring Dr, Phoenix, AZ 85001"
Mitch3ll Private Wealth Group,Janney Montgomery Scott,,,,
Wright Wealth Management,Highfield Asset,Megan Wright,,,"774 Main Ave, Miami, FL 33101"
Mitchell Investment Prtners,Highfield Asset Management,"Mitch3ll, Kevin",,,
Flores Financial Group,LPL Financial,Asley Flores,,,
Thompson Financial Group,Ameriprise Financial Services,Joe Thopson,,,
Kng Advisory Group,National Planning Holdings,Jasn King,,Jason King|Linda Johnson|David Hill|Barbara Nelson,"2710 Market Way, Seattle, WA 98101"
Gomez Capital Group,Stifel Nicolaus & Company,"Huang, Kvin",,Kevin Huang|Edward Baker|Andrew Mitchell|Richard Green|Thomas Liu|Steven Reyes|Emily Hill,"897 River Way, New York, NY 10022"
Hill Capital Group,Hilliard Lyons,,,Ryan Hill|Hel3n Young|William Nguyen|Barbra Adams,"841 Oak Pkwy, Charlotte, NC 28201"
Thomson Wealth Managemet,Northgate Investment Partners,,,,
Rivera Wealth Management Group,Cambridge Investment Research,B3tty Rivera,,Betty Rivera|Dorothy Moore|Megan Yang|Barbara Wilson|Sarah Kim|Amanda King,"842 Elm Pl, New York, NY 10022"
Evans Family Wealth Group,LPL Financial,,,,
Gomez Wealth Partners,Wells Fargo Advisors,Margaret Gomez,,,"536 Commerce Rd, Las Vegas, NV 89101"
Chen Asset Management Group,Woodbury Financial Services,,jchen@woodburyfs.com,,
Wang Capital Partners,Northgate Investment,,amanda.wang@northgateinv.com,,
Wright We@lth Advisors,Ameriprise Financial,,jwright@ampf.com,Jessica Wright|Paul Cater|Kenneth White|Kenneth Gomez,"5904 Hill Pkwy, Baltimore, MD 21201"
Young Family Wea1th Group,Janney Montgomery Scott,Jacob Young,,,"3496 Commerce Pl, Atlanta, GA 30301"
Khan Investment Group,Hilliard Lyons,"Young, Kenneth",,,
Edwards Investment Partners,Parkside Wealth,,,,"2349 Lake Dr, Chicago, IL 60601"
Wilson Partners,Ridgeway Wealth Management,Jacob Wilson,wilsonj@ridgewaywm.com,Jacob Wilson|Patricia Diaz|Matthew Morris|Andrew King|Andrew Diaz,
Garc1a Institutiona1 Group,UBS Financial Services,,,Jacob Garcia|Margaret Liu|Daniel Kim,
Chen Family Office,Parkside Wealth Strategies,,,Jessica Adams|Jennifer Young|Dorothy Diaz|Linda Liu|Ash1ey Jones|Sarah Torres,
Nelson Wealth Prtners,Raymond James Financial Services,"Nelson,Barbara",,Barbara Nelson|Brian Martin|Timothy Anderson|James Stewart|Jennifer Patel,
Wilson Financial Group,Wells Fargo,,margaret.edwards@wellsfargoadv.com,,"5401 Lake St, St. Louis, MO 63101"
Reyes Portfolio Group,Janney Montgomery Scott,Rachel Reyes,,,
Cruz Wealth Advisors,LPL Financial,Betty Cruz,,Betty Crz|Mark Wilson|Patricia Moore,
Phillips Capital Group,Ameriprise Financial Services,,,Michael Reyes|Donald Cruz|Ryan Phillips|Ashley Campbell|Timothy Torres|Anthony Yan9,"6913 Highland Way, Atlanta, GA 30301"
Davis Wealth Management Group,Merrill Lynch,,,Donald Scott|Christopher King,
Jackson Family Wealth Group,Wells Fargo Advisors,"Campbell, Barbara",,Barbara Campbell|Dorothy Wil5on,"9654 Maple Court, Seattle, WA 98101"
Nelson Portfolio Group,Cambridge Investment Research,Ryan Brown,,,
Edwards Privae Wealth Group,Cetera Financial Group,,lisa.edwards@cetera.com,Lisa Edwads|Daniel Morgan|Thomas Morgan|Brian Reyes|Brian Flores,
@dams Retirement Solutions Group,Hilliard Lyons,"@dams, Nancy",nancy.adams@hl.com,,"6284 Maple Court, Charlotte, NC 28201"
Chen Partnes,Crestwood Family Office,Mark Chen,,,"472 Jefferson Court, Dallas, TX 75201"
Morris Wealth,Highfield Asset Management,,,Jason Morris|Dona1d Jackson|Jeffrey Nguyen|Andrew Ch3n,
PhillipsWealth Mangement Group,Merrill Lynch,R1chard Phillips,,,"7414 Oak Dr, Las Vegas, NV 89101"
Young Investment Grou,Raymond James Financial Services,,barbara.young@raymondjames.com,Barbara Young|George Campbell|Mark Flores,
Brown Wealth Advisors,Janney Montgomery Scott,,,,"9793 Washington Ln, Portland, OR 97201"
Patel Asset Management,Ridgeway Wealth Management,Nancy Patel,,,
Moore Financial Partners,Meridian Private Wealth,,kmiller@meridianpw.com,,
Kim Capital Partners,Kingsbridge Capital Advisors,,,,"6179 Highland Dr, Los Angeles, CA 90001"
Carter Advisors,Crestwood Family Office,,,,"7954 Spring Rd, Philadelphia, PA 19101"
Davis Family Wealth Group,Edward Jones,,,Jeffrey Davis|Donald Carter|Sarah Morgan|Andrew Nguyen|Dorothy Mitchell,
Allen Investment Partners,Kingsbridge Capital Advisors,Christopher Zhang,,,
Martin Wealth Advisors,Raymond James,,,Thomas Rivera|Emily Chen|Donald Hall|Timothy Yang,
Cruz Capital Goup,Securities America,,,,"4316 Commerce Way, Raleigh, NC 27601"
Lee Institutional Group,UBS Financial Services,"Lee, William",bill.lee@ubs.com,,
Wang Capital Partners,Ridgeway Wealth,,,,"8093 Main Court, New York, NY 10001"
Mitchell Investment Partners,Crestwood Family,Paul Mitchell,,,
Evans Wealth Advisors,Stifel Nicolaus,"Roberts,Emly",,,"4235 Willow Rd, Miami, FL 33101"
Harris & Torres Partners,Ameriprise Financial Services,,,,
Zhang Asset Management Group,Merrill Lynch Pierce Fenner & Smith,,,Steven Rivera|Ronald Liu|Jessica Scott,"5527 Cedar Court, Washington, DC 20001"
Thompon Wealth Management Group,National Planning,Patricia Thompson,,Patricia Thompson|Daniel Kim,"1318 Hill Court, Baltimore, MD 21201"
Johnson Advisors,Meridian Private,Linda White,,Linda White|Donald Roberts|Nancy Cruz|Jessica Wright|Nancy Morris,
Reyes & Associates,Summit Peak Advisors,,,,"8304 Willow St, Kansas City, MO 64101"
Hill Private Client Group,Woodbury Financial,,mhill@woodburyfs.com,egan Hill|Helen Nguyen|Sandra Anderson|Edward Gomez|Matthew Young|Betty Gomez|William Allen,"5447 Hill Way, New York, NY 10001"
Garcia Finncial Partners,Ridgeway Wealth Management,"Yang, Linda",lyang@ridgewaywm.com,Lnda Yang|Ronald Baker|Bri@n Martin,
K1n9 Privat3 Wealth,Crestwood Family,Wang Susan,susan.wang@crestwoodfo.com,Susan Wang|Richard Wilson|David nderson|Sandra Adams,"1845 Main Rd, Los Angeles, CA 90001"
Rivera Asset Management Group,Securities America,,harrise@secam.com,,
Yang Wealth Advisors,Merrill Lynch Pierce Fenner & Smith,,,,
Jones Investment Group,Commonwealth Financial,,,,"7221 Madison Rd, San Diego, CA 92101"
Turner Financial Group,Stifel Nicolaus & Company,,,Karen Morris|James Hill|David Edwards|Linda Miller,
Adams Private Wealth,Summit Peak Advisors,,,,
King Family ffice,Summit Peak,"Mitcell, Daniel",,Daniel Mitchell|Jessica Anderson|Edward Morgan|Hele Johnson|William Turner|Ptricia Garcia,
Adams inancial Partners,Harborview Private Wealth,Tony Adms,,,"4873 Maple Ln, Miami, FL 33101"
CollinsFamily Office,Ridgeway Wealth Management,Charles Collins,,,
Phillips& Associates,Highfield Asset,,,Jessica Phillips|Robert Roberts|Brian Cruz|Brian Hill|Ryan Wright|Sandra Miller,"1492 Lake Pl, Chicago, IL 60601"
Martin Advisory Group,Morgan Stanley Wealth Management,Ric Martin,,,
Johnson Financil Group,Raymond James Financial Services,,,Joseph Lee|Charles Scott|Kenneth Wright|Patricia Miller|Rachel Morgan,
Edwards Financial Group,Ameriprise Financial Services,,,,
Miller Private Wealth Group,Oppenheimer & Co.,,,,"2792 Lake Court, St. Louis, MO 63101"
Turner & Associates,Stifel Nicolaus & Company,,,Betty Turn3r|Matthew Adams|Rachel Green|Nancy Smith|Timothy Jackson|Anthony Thompson,"3153 Madison Ln, Memphis, TN 38101"
Khan Financial Partners,Northgate Investment Partners,,,Timothy Khan|Matth3w Nelson|Joseph Martin|George Huang,
Turner Capital Group,Commonwealth Financial,,karen.anderson@commonwealth.com,,
Wang Wealth Management,Summit Peak Advisors,"Mitchell, Ryan",,Ran Mitchell|Karen Edwards|Charles Rivera,
Phillips Investment Gr0up,DA Davidson,,,,
Chen Financial Group,LPL Financial,Robert Brown,bob.brown@lpl.com,Robert Brown|Nancy Carter|Barbara Diaz|Thmas Parker,
Cruz Financial Group,Commonwealth Financial Network,,,,"6909 Jefferson Way, Atlanta, GA 30301"
Nelson Portfolio Group,LPL Financial,"Nelson, Jcob",,,
Adams Asset Manag3ment,Northgate Investment Partners,,,R0bert eyes|Ashley Martin|Linda Hill|Jennifer Nelson,"3680 Cedar Dr, Indianapolis, IN 46201"
Adams Retirement Solutions Group,Hilliard Lyons,,adamsd@hl.com,David Adams|Ronald Scott|Timothy Evans|Kevin Green|Christopher Evans|Thomas Patel,
Khan Wealth Management Group,Edward Jones,Tony Khan,,,
Zhang Weath Advisors,National Planning Holdings,Paul Zhang,,,"1660 Madison St, Houston, TX 77001"
Roberts Institutional Group,Commonwealth Financial Network,Mike Moore,mike.moore@commonwealth.com,Michael Moore|Jacob G@rcia|Betty Rivera|Jeffrey Thompson|Ronald Kim|Karen Nelson,"4502 Madison Ln, Memphis, TN 38101"
Huang Priv@te Client Group,National Planning Holdings,"Huang, James",,,
Wilson Portfolio Group,Securities America,,,,"8051 Spring St, Minneapolis, MN 55401"
Allen 1nvestment Group,Raymond James Financial Services,,,,"4589 Willow Rd, Los Angeles, CA 90001"
Mller Wealth Management Group,Merrill Lynch Pierce Fenner & Smith,Lisa Thomas,,,
Jones Advisory Group,Raymond James,,,,"6376 Cedar Ave, Los Angeles, CA 90001"
Cruz Investment roup,Raymond James Financial Services,,,,
Huang Advisors,Ridgeway Wealth Management,,bjackson@ridgewaywm.com,Barbara Jackson|Jason Nguyen|1isa Green|Thomas Haris|Paul Di@z,"1520 Cedar Blvd, Portland, OR 97201"
Carter Portfolio Group,Merrill Lynch Pierce Fenner & Smith,,,Donald Carter|Kenneth Jackson|Susan Phillip5|Barbara Thomas|Jeffrey Hill|Andrew Diaz|Michael Patel,
Hall Family Office,Highfield Asset Management,,,Donald Hall|Karen Kim,
Nguyen Retirement Solution Group,Oppenheimer & Co.,Thomas Nguyen,,Thomas Nguyen|Jacob Jones|John Gomez|Wiliam Smith|Steven Jackson,"9412 Willow Court, Indianapolis, IN 46201"
Patel Asset Management Group,UBS Financial Services,,,,
Rivera Tax & Wealth Group,Janney Montgomery Scott,David Rivera,,Davd Rivera|Kein Morri5|Brian Cruz|Brian Jone5|Kenneth Edwards|Sandra Reyes|Dorothy Wright|James Miller,
Brown Advisors,Meridian Private,Donal Brown,,,"1512 Madison Ave, St. Louis, MO 63101"
Hall Capital Group,Morgan Stanley Wealth Management,,,,"8668 Hill Blvd, Denver, CO 80201"
Roberts Institutional Group,Robert W. Baird & Co.,Timothy Roberts,,Timothy Roberts|Emily Taylor|Karen Taylor|Steven Morgan|RichardYang,
Reyes Private Wealth Group,National Planning Holdings,Ed Reyes,,,
Nguyen Tax & Wealth Group,Commonwealth Financial Network,"Nguyen, Karn",nguyenk@commonwealth.com,,
Tores Private Wealth Group,Merrill Lynch Pierce Fenner & Smith,Torres Emily,,,
Nelson Wealth Management Group,Merrill Lynch Pierce Fenner & Smith,,nelsonh@ml.com,Helen Nelson|Amanda Harris|Dorothy Torres|Rachel Hall|Jacob Morgan|Matthew Reyes|Jessia Morris,
Moore Partners,Summit Peak Advisors,,,Donald Moore|James Wright|James Morris|George Nguyen|Jeffrey Reyes|Kenneth Miller|Athony Campbell,"6818 Lake Court, New York, NY 10001"
Hall Wealth Management Group,Stifel Nicolaus & Company,,,,"2432 Hill Ave, Atlanta, GA 30301"
Stewart Private Wealth Group,Hilliard Lyons,,,Andrew Hall|William Gomez|Emily Bron|Sandra Parker|Thomas Harris,
Zhang Capital Group,Janney Montgomery,,,,
Adams Investment Partners,Northgate Investment Partners,,,,
Hill Wealth Advis0rs,Stifel Nicolaus & Company,"Jones, Robert",,,
Harris Wealth,Crestwood Family,Charles Green,cgreen@crestwoodfo.com,,"7670 Elm Ave, Chicago, IL 60601"
iaz Wealth,Ridgeway Wealth Management,Kevin iaz,kev.diaz@ridgewaywm.com,,"9640 Hill Ave, Washington, DC 20001"
Khan Capital,Kingsbridge Capital Advisors,,,Matthew Adams|Emily Green|Jason Hill|Linda Johnson|Mean Huang|David Cruz,
Green Investment Group,DA Davidson,"Green, Edward",,Edward Green|Rober Evns|Amanda Evans,
Young Financial Group,Stifel Nicolaus & Company,,brian.young@stifel.com,Brian Young|Nancy Wilson|Margaret Thomas|Brian iu,
Harris & Associates,Summit Peak Advisors,Susan Harris,,Susan Harris|Patricia Mitchell,"9007 Main Ln, Minneapolis, MN 55401"
Thompson Inve5tment Group,Oppenheimer & Co.,Nncy Thompson,,Nancy Thompson|Micha3l Khan|Patricia Campbell|Lisa Morgan,"527 Lake St, San Jose, CA 95101"
Taylor Private Wealth Group,National Planning,,,,"4160 Lake Rd, Baltimore, MD 21201"
Sc0tt Wealth Management,Crestwood Family,,,,
Whit3 Wealth Management Group,Stifel Nicolaus & Company,,,,
Brown Partners,Parkside Wealth Strategies,Rachel King,kingr@parksidewealth.com,Rachel Kin|Timothy Parker|Betty Gomez|Jeffrey Rivera,
Allen Capital Group,Wells Fargo,Jenn1fer Allen,,,"2335 Madison Way, Phoenix, AZ 85001"
Wang Private Client Group,Woodbury Financial,Sarah Wang,,,"3719 Cedar Way, Memphis, TN 38101"
Adams Family Wealth Group,UBS Financial Services,J@mes White,,,
Diaz Financial Partners,Meridian Private Wealth,"Wright, Ronald",ron.wright@meridianpw.com,,
Miller Private Wealth Group,Oppenheimer & Co.,"Pat1, Linda",,,"5700 Lincoln Blvd, Phoenix, AZ 85001"
Taylor Wealth Management Group,Woodbury Financial Services,Sandra Taylor,,Sandra Tayor|Jaso Kim|Jason Mitchell|Steven Parker|Andrew Allen|Donald Mi1ler,"1759 Park Dr, San Jose, CA 95101"
Roberts Wealth Advisors,UBS Financial Services,Betty Roberts,betty.roberts@ubs.com,,
Phillips Capital Partners,Ridgeway Wealth Management,George Mitchell,,George Mitchell|Josph Allen|Betty Baker|Ashley Taylor|Emily Baker,"3371 Main Dr, Chicago, IL 60601"
Martin Privat3 Wealth Group,Commonwealth Financial,Gerge Martin,marting@commonwealth.com,,"9014 Washington Pl, Charlotte, NC 28201"
Chen Wealth Partners,Robert W. Baird & Co.,,mark.chen@rwbaird.com,,
LeeWealth Advisors,UBS Financial,,,,
Khan Wealth Management,Highfield Asset Management,,,Susan Khan|Anthony Khan|Matthew Wilson,
G@rca & Associates,UBS Financial,,,,
Patel Group,Meridian Private,,,,"9726 Madison Ave, Denver, CO 80201"
Roberts Family Wealth Group,Wells Fargo Advisors,"Roberts, Richard",,,
Hill Investment Group,LPL Financial,Paul Hill,,Paul Hll|Jeffrey Baker,"6681 Lincoln Pl, New York, NY 10022"
YangPrivate Wealth,Parkside Wealth Strategies,aul Yang,paul.yang@parksidewealth.com,Paul Yang|Ronald Cruz|Richard Huang|Mark Wilson|Kenneth Stewart,
Lee CapitalGroup,Ameriprise Financial Services,,jlee@ampf.com,,"4514 Madison Pkwy, Kansas City, MO 64101"
Campbell Retirement Solutions Group,Commonwealth Financial Network,,campbellr@commonwealth.com,Ryan Campbell|Kenneth Coll1ns,
Wilson Private Clent Goup,Cambridge Investment,,,,"8689 Main Blvd, Portland, OR 97201"
Col1ins Advisory Group,UBS Financial Services,,,,"4588 Jefferson Court, Austin, TX 78701"
Hall Portfolio Group,Stifel Nicolaus & Company,Bob Patel,,,
Nguyen Wealth Management Group,Janney Montgomery Scott,David Youn9,,David Young|Brian Flores|Jacob Morgan|Edward Smith|Patricia Wang|Jason Roberts|Joseph Morris,
Anderson Prtfolio Group,Raymond James,,,,"238 Hill Pkwy, San Antonio, TX 78201"
Nelson Wealth Partners,DA Davidson & Co.,,nelsonl@dadavidson.com,,
hillips Investment Partners,Kingsbridge Capital Advisors,,,Helen Liu|Kevin King|Paul Martin|Brian Collins|William King|Anthony Evans,
Allen Adviors,Highfield Asset,Brian Allen,,,"2556 Lake St, Denver, CO 80201"
Hill Asset Management Group,Robert W. Baird & Co.,Nancy Harris,,,"678 Park Pl, Washington, DC 20001"
Scott Wealth Advisrs,Commonwealth Financial Network,George Scott,,George Sc0tt|Patricia Wilson|John Kim|Steven Morris|Patricia Davis|Brian Carter|Edward Nguyen,
Rey3s Financial Partners,Crestwood Family Office,Sandra Stewart,,,
Patel Tax & Weath Group,Janney Montgomery Scott,Linda Al1en,,Linda Allen|Patricia Brown|Sarah Parker,
Gomez Wealth Management,Meridian Private Wealth,,pharris@meridianpw.com,Patricia Harris|MichaelHuang|Margaret Roberts|Christopher Nguen,"1266 Park Court, Seattle, WA 98101"
Moore Private Wealth,Highfield Asset Management,Dorothy Moore,,,
Jackson Private lient Group,Ameriprise Financial Services,Pau Jackson,,Paul Jackson|Thomas Evans,
Green Asset Manag3ment Group,Cetera Financial Group,Kev Green,,,
Chen Wealth Advisors,Oppenheimer &,,ryan.chen@opco.com,,"3222 Main Dr, New York, NY 10001"
Joes Retirement Soluions Group,Janney Montgomery Scott,"Scot, Daniel",,Daniel Scott|Sandra Liu|Edward Wilson|Jennifer Yang|Linda Scott|Edward Martin,
Taylor Financial Partner,Northgate Investment Partners,"Taylor, Matthew",,,"6709 Lake Dr, New York, NY 10001"
Davis Capital Group,Cambridge Investment,Amanda Baer,,Amanda Baker|Michael Parker|Richard Diaz|John Brown|Ron@ldDavis,"712 Hill Court, Charlotte, NC 28201"
Carter Wealth Partners,DA Davidson & Co.,Joseph Carter,,,
Rivera Family Wealth Group,Cetera Financial Group,Richard Rivera,,,
Ch3n Wealth Management,Parkside Wealth Strategies,"Stewart, Charles",,,
Zang Wealth Partners,LPL Financial,,,,
Zhang Investment Group,UBS Financial Services,,,,
Hill Financial Group,Wells Fargo,Betty Hill,hillb@wellsfargoadv.com,,
Cruz & Associates,Summit Peak Advisors,Emily Cruz,,Emily Cruz|Jason Yang|Thomas Baker|Linda Davis|Margaret Adams|Robert Jones|Steven Diaz,
Collin Retirement Solutions Group,Oppenheimer &,"Co1lins, James",,,"8698 Lake Pl, Raleigh, NC 27601"
Chen Retirement Solutions Group,DA Davidson & Co.,,cchen@dadavidson.com,,
Jones Private Client Group,Commonwealth Financial Network,,,,
Nguyen Asset Management Group,Securities America,Br1an guyen,,Brian Ngyen|David Zhang|Linda Adams|Sarah Davis|Linda Stewart,"3950 Jefferson Way, Los Angeles, CA 90001"
Miller Family Office,Kingsbridge Capital,John Miller,,,"6855 Highland Court, New York, NY 10022"
Liu Asset Management,Kingsbridge Capital Advisors,Lisa Parker,lisa.parker@kingsbridgecap.com,,
Carter Private Client Group,Ameriprise Financial Services,,jennifer.carter@ampf.com,,"9929 Willow Way, Seattle, WA 98101"
Hall Ivestment Group,UBS Financial,Paul Wilson,,,"6804 Hill Pkwy, Chicago, IL 60601"
Collins Capital Group,Ameriprise Financial Services,,,,"1865 Madison St, Raleigh, NC 27601"
BrownWealth Advisors,Cambridge Investment Research,,,Dorothy Wright|Ronald Gomez|Daniel Reyes,
Miller Famly Office,Clearwater Capital Group,Jeff Williams,,,"9939 Spring Court, Las Vegas, NV 89101"
Khan Investment Group,Janney Montgomery Scott,,,Ashley Khan|Sarah Collins|Jeffrey Kim|Helen Turner|Anthony Thomas|Betty Davis|Betty Young|Anthony Collin,"2363 Market Rd, Indianapolis, IN 46201"
Cruz Private Wealth,Harborview Private Wealth,"homas, Charles",cthomas@harborviewpw.com,,
Yang Asset Management,Ridgeway Wealth Management,,,,
Brown Advisory Group,UBS Financial Services,,,,
Williams Private Wealth,Northgate Investment Partners,Jessica Williams,,Jessica William5|Nancy Harris|Barbara Patel|Ronald Young|Ronald Parker|Michael Kim,"7515 Highland Dr, Chicago, IL 60601"
Flores Private Client Group,DA Davidson & Co.,,,Nancy Flores|Amanda Huang|Jacob Huang,
Chen Advisors,Meridian Private Wealth,"Harris, Ahley",,,
Thompson Welth Adviors,UBS Financial Services,,,,"4429 Washington Pkwy, Houston, TX 77001"
Williams Capital,Harborview Private Wealth,harles Williams,,Charles Williams|Linda Patel|Emily Carter|Lisa Jones,
King Asset Management,Summit Peak,Timothy King,,Timothy King|Margaret Mitchell|Jessica Hill,
White Tax & Wealth Group,Merrill Lynch Pierce Fenner & Smith,Lsa White,lwhite@ml.com,Lisa White|Ryan Evans|Susan Baker,"3595 Spring Pl, Baltimore, MD 21201"
Diaz & Hall Advisors,Securities America,Ryan Diaz,ryan.diaz@secam.com,Ryan Diaz|AmandaWang|Amanda Harris|Robert Cruz|5arah Nguyen|oseph Nguyen|Steven Mitchell,
Johnson Asset Management,Crestwood Family Office,,,,"6243 Market Way, Denver, CO 80201"
Mitchll Wealth Advisors,LPL Financial,,,Ryan Chen|Edward 9reen|Richard Jackson|Jennifer King,
Liu Family Wealth Group,Securities America,,,,
Nguyen Financial Group,Robert W. Baird & Co.,"Brown, Linda",,,
Evans Wealth,Kingsbridge Capital Advisors,Jason Evans,,,"9694 Maple Pl, New York, NY 10022"
Phil1ips Wealth,Ridgeway Wealth Management,,kphillips@ridgewaywm.com,,
Liu Tax & W3alth Group,Janney Montgomery,,,,
Mitchell Wealth Advisors,Woodbury Financial Services,Betty Mitch3ll,,,"1494 Park Pl, Dallas, TX 75201"
Zang & Roberts Advisors,National Planning Holdings,"Zhang, Michael",mike.zhang@nph.com,,
Gomez Financial Group,Edward Jones,,,,"5520 Elm Dr, Austin, TX 78701"
Moore Wealt Management,Harborview Private Wealth,Andy Roberts,robertsa@harborviewpw.com,Andrew Roberts|Donald Patel|Mark Collins|Jeffrey Diaz,
Chen Capital Group,Cetera Financial Group,Robert Garcia,,Robert Garcia|Jacob Alen|Linda Carter|Richard Anderson,
Garia Investment Partners,Kingsbridge Capital,Megan Garcia,megan.garcia@kingsbridgecap.com,Megan Garcia|William Reyes|William Yang|Jon Zh@ng|Barbara Turner|John Lee|Rachel Gomez,"2393 Highland Dr, Portland, OR 97201"
Gomez Advisory Goup,DA Davidson & Co.,Jaco Gomez,,,
Nelson Walth Advisors,Janney Montgomery Scott,Sarah Tayor,,,
Huang Investment Group,National Planning Holdings,"Huang, J0seph",,,"8021 Oak Dr, Austin, TX 78701"
Jackso Weath Advisors,UBS Financial Services,George Jackson,,George Jackson|Brian King,"6018 Commerce Way, Charlotte, NC 28201"
Campbell Institutional Group,Wells Fargo Advisors,,,,"4580 Hill Pkwy, Miami, FL 33101"
Yang Retirement Solutions Group,National Planning Holdings,Brian Yang,,Brian Yang|Susan Hill|Lisa Lee,
Hall Financil Partners,Meridian Private,Jim Stewart,,James Stewart|Christopher White|William Rivea|Brian Thompson|Anthony Moore|Daniel Jackson|Brian Collins,
Torres Portfolio Group,LPL Financial,"Mitche1l, Kevin",kmitchell@lpl.com,,"2038 Lake Ln, Baltimore, MD 21201"
Wilson Private Client Group,Stifel Nicolaus,6ob Wilson,,,"9805 Elm Court, Phoenix, AZ 85001"
Reyes Institutioal Group,Morgan Stanley Wealth Management,"Rey3s, Jason",,Jason Reyes|Patricia Taylor|Mark Chen|Margaret Phillips|Charles Patel,"4744 Park Way, Los Angeles, CA 90001"
Anderson Portfo1io Group,National Planning,,andersonj@nph.com,Jacob Anderson|Rachel Jon3s|Mark Nguyen|Nancy Wilsn|Richard Johnson|Matthew Campbell,"8469 Washington Pl, San Diego, CA 92101"
Cruz F@mily Office,Meridian Private Wealth,Barbara Cruz,,Barbara Cruz|Me9an Williams|Jessica Rivera|Ryan Davis|David Baker|George Wilson,
Mitchell Private Wealth,Highfield Asset Management,Megan Mitchell,mitchellm@highfieldam.com,,"7169 Madison Pl, Denver, CO 80201"
Flores Investment Partner5,Highfield Asset Management,"Stewart, Jacob",,,
Diaz Portfolio Group,Raymond James Financial Services,"Martin, Brian",,,"4255 Highland Ln, San Diego, CA 92101"
Carer Wealth Advisors,LPL Financial,Karen Carter,,,"8025 River Pkwy, San Diego, CA 92101"
Rivera Asset Management Group,Wells Fargo Advisors,Anthoy Rivera,,Anthony Rivera|Michael Taylo|Nancy Turner|James Khan|David Lee|Charles Baker|Megan Green,"5644 Highland Pkwy, Minneapolis, MN 55401"
Martin Advisory Group,Merrill Lynch Pierce Fenner & Smith,,,William Martin|Amanda Diaz|Susan Young|Timohy Phillips|Michael Morgan,"6175 Oak Ln, Los Angeles, CA 90001"
Turner Capital Partners,Clearwater Capital,"Trner,D@niel",,Daniel Turner|Megan Rivera,
Whit3 Portfolio roup,Cambridge Investment Research,Ron@ld White,ron.white@cambridgeinv.com,,"2876 Oak Pl, Baltimore, MD 21201"
HillCapital Group,Robert W. Baird & Co.,"Smith, Michael",,,"6574 Park Court, Charlotte, NC 28201"
PhillipsAdvisory Group,Robert W. Baird & Co.,"Scott, Linda",,,"7550 Lincoln Pkwy, St. Louis, MO 63101"
Young Capital Group,Merrill Lynch Pierce Fenner & Smith,Barbara Young,,,
Cruz Capital Partnrs,Northgate Investment Partners,,,,
Cruz Group,Summit Peak Advisors,,,,
Jones Asset Management,Crestwood Family Office,,,Jennifer Jones|Paul Anderson|Jeffrey Cruz|Matthew Hall|Jeffrey Thomas|Dnald Stewart|Anthony Mitchell|Joseph Jackson|Daniel Lee|Jacob Cruz,
Jackson Advisory Group,Stifel Nicolaus & Company,Sarah Yang,,,"3422 Lake Pkwy, Miami, FL 33101"
Parker Financial Group,Merrill Lynch Pierce Fenner & Smith,,,,
Aderson Private Client Group,Robert W. Baird & Co.,Lina Anderson,andersonl@rwbaird.com,,
Rivera Capital Group,Securities America,,,Kevin Nelson|Susan Nelson|Sarah Edwards|James Smith|Edward Jackson|Nancy Gomez|Christopher Khan,
Huang Wealth Partners,Hilliard Lyons,Srah Miller,,Sarah Mil1er|Jennifer Torres|Daniel Hall|Sandra Jackson|Ryan Torres,
Thomson Financial Group,Hilliard Lyons,,,Betty Thompson|Jason Thompson,"3047 Elm Pkwy, Washington, DC 20001"
Carter Family Office,Summit Peak Advisors,,,Donald Carter|Daniel Flores,"6340 Elm Blvd, Philadelphia, PA 19101"
Yang Retirement Solutions Group,Commonwealth Financial Network,,,,"8570 Spring Way, Nashville, TN 37201"
Mil1er Group,Clearwater Capital Group,"Miller, Kevin",,,"5583 Willow Pl, San Diego, CA 92101"
Thomas Wealth Management,Ridgeway Wealth Management,John Wri9ht,,John Wright|Lisa King|Edward Rivera,
Liu Wealth,Crestwood Family,,kev.nguyen@crestwoodfo.com,Kevin Nguyen|Christopher Turner|Jennifer Flores|Betty Turner,"6343 River Way, Las Vegas, NV 89101"
Roberts Famil Office,Kingsbridge Capital Advisors,"Roberts, manda",,Amand@ Roberts|Brian Young|Timothy Thompson|Megan Diaz,
Liu Financial Group,DA Davidson & Co.,,,Paul Liu|John Wilson|Jason Harris,
Stewart Group,Ridgeway Wealth Management,,,,"1411 Washington Ln, Philadelphia, PA 19101"
Morgan Asset Management Group,UBS Financial Services,"Moran,John",,John Morgan|David Diaz|Nancy Allen,
Stewart Wealth Partners,Stifel Nicolaus & Company,,,,"7360 Elm Blvd, Memphis, TN 38101"
uang Capital Partners,Meridian Private Wealth,,shuang@meridianpw.com,,
Turner Fam1ly Wealth Group,Woodbury Financial,,stewartt@woodburyfs.com,,
Flores Wealth Partners,Janney Montgomery Scott,"Cruz, Karen",,,"2651 Main St, Dallas, TX 75201"
Tayl0r Family Wealth Group,DA Davidson & Co.,,,,
Diaz Family Wealth Group,Robert W. Baird & Co.,Andrew Diaz,,,
Turner Financ1al Group,Janney Montgomery Scott,,lhuang@janney.com,,
Thompson Invsment Group,Wells Fargo Advisors,,,Andrew Tompson|LindaJackson,
Allen rivate Client Group,Oppenheimer & Co.,,jeff.morris@opco.com,Jeffrey Morris|Michael Thompson|Jacob Hill,"8265 Jefferson St, Austin, TX 78701"
Baker Investment Group,Merrill Lynch,Jessica Baker,,,
Morgan Financial Group,Stifel Nicolaus & Company,,jennifer.wilson@stifel.com,,
Nguyen Institutional Group,Edward Jones,Emily Carter,,Emily Carter,
Davis Wealth P@rtners,Securities America,Jason Yang,,Jason Yang|George Jackson|Megan Collins|Paul Reyes,"7984 River Dr, Memphis, TN 38101"
Turner Asset Management Group,Wells Fargo Advisors,Donald Turner,,,
Morgan Privae Wealth Group,Raymond James Financial Services,,ken.white@raymondjames.com,,
Mitchell Private Client Group,Raymond James Financial Services,"Mitchell, Ronald",,,
Wilson Wealth Partners,Hilliard Lyons,Ronald Nelson,,,
Taylor Wealth,Meridian Private Wealth,Helen Taylor,,,
ZhangCapital Group,Morgan Stanley Wealth Management,@manda Zhang,,,
Evans Wealth Partners,Securities America,"Evans, Charles",,,
Parker Capital Parners,Kingsbridge Capital,Nancy Parker,,,
Brown Private W3alth,Summit Peak Advisors,,,,
Reyes Private Wealth Group,Cambridge Investment,Bob Reyes,,Robert Reyes|Mark Mitchell|NancyThomas|Matthew Campbell|George Harris|Emil Turner|Daniel Carter,
Flores Group,Crestwood Family Office,Helen Flor3s,floresh@crestwoodfo.com,,
Philips Financial Group,LPL Financial,Jessica Phillips,phillipsj@lpl.com,Jessica Ph1llips|Karen Flores,
Phillips Advisors,Crestwood Family Office,"Phil1ps, Sarah",,,"9326 Park Ln, Nashville, TN 37201"
Smith Wealth Parners,Raymond James Financial Services,"Smith, K3nneth",smithk@raymondjames.com,,"3735 Spring St, Philadelphia, PA 19101"
Martin Capital Group,Raymond James Financial Services,"Martin, Thomas",,Thomas Martin|Emily Hill,
Reyes Private Wealth Group,National Planning Holdings,Tony Reyes,,Anthony Reyes|Ronald Roberts|Richard Phillips|Brian Allen|Robert Reyes|Emily Nguyen|David Morgan,
Wright Capital Group,UBS Financial,,wrightj@ubs.com,Jacob Wright|James Turner|Jacob Turner|Nancy Brown|Kenneth Campbell|Robert King,
Moore Capital Group,Securities America,,,Emily Moore|Betty Adams|Ryan Phillips|Emily Rivera|David White|Sandra Young|Betty Moore,
Garcia Financial roup,Raymond James,"Grcia, Jennifer",,,
Edwards Inestment Group,Cetera Financial Group,"Hall, Rachel",,Rachel Hall|Emily Thomas|Hel3n Evans|Jeffrey Campell|Donald Harris|William Thompson|Jacob Gree|Ronald Edwards|Kevin Huang,"2309 Highland Dr, Seattle, WA 98101"
Kim Portfolio Group,Oppenheimer & Co.,"Kim, Eward",,Edward Kim|Sarah Scott|Megan Diaz,
Allen & P@tel Advisors,Morgan Stanley Wealth Management,Jacob Allen,jacob.allen@morganstanley.com,Jacob Allen|Mark Thomas,"5829 Jefferson Pkwy, Las Vegas, NV 89101"
Moore Financial Partners,Ridgeway Wealth Management,,,,"1505 Oak Dr, Chicago, IL 60601"
Allen Capital Partnrs,Summit Peak Advisors,,allenj@summitpeakadv.com,Joseph Allen|Anthon Mitchell|Susan Morris,
Baker Portfolio Group,Robert W. Baird & Co.,Helen Baker,,Helen Baker|Su5an Williams|5teven Taylor|Micha3l Y0ung|Matthew Patel|Ronald Evans|Paul Brown,"2415 Main Ln, Atlanta, GA 30301"
Smith Private Wealth Group,Ameriprise Financial,"Hall, Lisa",,,"6467 Hill Pl, Baltimore, MD 21201"
Nguyen & Associates,Highfield Asset Management,,bnguyen@highfieldam.com,,
Kim Wealth Advisors,UBS Financial Services,"Kim, Donald",kimd@ubs.com,Donald Kim|Lisa Cruz,"5095 Commerce Ln, San Jose, CA 95101"
Turner Wealth Partners,Hilliard Lyons,Lisa Turner,,,"3969 Hill St, Denver, CO 80201"
Reyes Asset Management Group,Raymond James Financial Services,David Rey3s,,D@vid Reyes|Sandra Allen,
Wilson & Patel Advisors,Ameriprise Financial Services,"Wilson, Jessica",,Jessica Wilson|Ronald Collins|Susan Wang|ThomasGreen,"2370 Highland Dr, Washington, DC 20001"
Moore & Associates,Parkside Wealth Strategies,"Chen, Bett",,,"9354 Washington Pl, St. Louis, MO 63101"
Allen Financial Group,Cetera Financial,Margaret Allen,,Margaret Allen|Ryan Evans,
Phillips Portfolio Group,Woodbury Financial Services,,,Paul Phillips|David Edwards|Jacob Baker|Thomas Rivera,"3883 Lake Dr, Las Vegas, NV 89101"
Baker Group,Meridian Private Wealth,,,Megan Baker|Matthew White|Robert Flores,
Kim Investment Partnes,Northgate Investment Partners,,jim.lee@northgateinv.com,James Lee|Amanda Hall|Ronald King|Dorothy Liu,
Williams Portfolio Group,DA Davidson & Co.,,,,"6332 Spring Ln, Kansas City, MO 64101"
Liu Advisory Group,Ameriprise Financial Services,Paticia Yang,,Patricia Yang|Ryan Turn3r|Andrew Adams|Kenneth Morgan|Timothy Martin|Jacob Thompson,
Nelson Capital,Clearwater Capital,Mike Wang,wangm@clearwatercap.com,,"7021 Oak Court, Dallas, TX 75201"
Mitchell Investment Group,National Planning Holdings,,ron.mitchell@nph.com,,
Edwards Institutional Group,Robert W. Baird & Co.,,,,"2786 Cedar Ave, Atlanta, GA 30301"
Taylor Asset Management Group,Cambridge Investment Research,Amanda Taylor,,Amanda Taylor|George Huang|Charles Taylor|Chales Anderson|Jacob Collins|MichaelFlores|Megan Thomp5on|Daniel Wright|Barbara Baker,
Reyes Privte Client Group,Janney Montgomery Scott,,,,
Hall Retirement Solutions Group,Morgan Stanley,Doothy Hall,,,
Adams Private Wealth Group,Ameriprise Financial Services,,,Margaret @dams|Amanda Turner|Helen Lee|Anthony Brown,
Brown Institutional Group,LPL Financial,Carles Brown,,,"5818 Elm St, New York, NY 10022"
Edwards Family Wealth roup,Woodbury Financial Services,,,,
Jones Wealth Partners,Cetera Financial Group,Helen Jones,,Helen J0es|Susan Jackson|Ronald Jackson|Amanda Brown|Richard Roberts,
Campbell Wealth,Crestwood Family Office,,kimb@crestwoodfo.com,,
Roberts Financia1 Group,Raymond James Financial Services,,lius@raymondjames.com,Sarah Liu|Paul Kim|Jame5 Morgan,"8614 Commerce Way, Kansas City, MO 64101"
Zhang Advisory Group,Wells Fargo Advisors,"Morgan, Susan",smorgan@wellsfargoadv.com,,
Morgan Wealth Management Group,Securities America,Thomasguyen,,Thomas Nguyen|Amanda Johnson|Daniel Thomas|Jennifer Chen|Edward Baker,
Khan Parners,Parkside Wealth Strategies,Patricia Khan,,,"2324 Elm Way, Seattle, WA 98101"
Carter Asset Management,Ridgeway Wealth Management,,,John Morgan,"406 Spring Pl, Philadelphia, PA 19101"
Mitchell Retirement Solutions Group,DA Davidson,"Baker, Linda",,Linda Baker|Timothy Zhang|Robert Thompson|Donald ing,
Hall Tax & Wealth Group,Cetera Financial Group,,,David Hall|Daniel Davis|Karen Pate|Robert Morgan,
Adams Wealth Advisors,Edward Jones,Bria Khan,brian.khan@edwardjones.com,,
Huang Private Wealth Grou,Raymond James Financial Services,Jacob Hung,,,"8556 Elm Dr, Baltimore, MD 21201"
Huang Walth,Meridian Private Wealth,Megan Huan9,,,"5560 Oak Ave, San Francisco, CA 94101"
Mitchell & Associates,Janney Montgomery,Paul Mitchell,paul.mitchell@janney.com,Paul Mitchell|Joseph Smith|Amnda Carter|Barbara Miller,
Scott Wealth Adv1sors,Edward Jones,Jessica Scott,,,
Adams Wealth Management Group,Oppenheimer & Co.,,,,"2231 Commerce St, New York, NY 10001"
Coll1ns Portfolio Gr0up,DA Davidson & Co.,,,,
Morr1s Capital Partners,Parkside Wealth Strategies,"Morris, Ryan",,,"9402 Maple Way, Houston, TX 77001"
Moore Retirement Solutions roup,Stifel Nicolaus,,,Mark Moore|Jennifer Patel|Sarah Nelson|Linda Johnson|William Baker|Joseph Scott|Patricia Nelson,
Young Financial Partners,Meridian Private Wealth,,gomezl@meridianpw.com,,
Harris Wealth Advisors,Stifel Nicolaus,"Rivera, Paul",privera@stifel.com,Paul Rivera|Rachel Green|Sandra Roberts|Daniel Parker|Christophe Thompson,"2705 Lincoln Ave, Seattle, WA 98101"
Roberts Capital Partners,Crestwood Family,,,Timothy Roberts|Daniel Allen|Betty Jones|Megan Miller|Edward Lee,
Lee Asset anagement Group,Woodbury Financial Services,,,Jennifer Turner|Rachel Yang|Ryan Turner|Ahley Hall|Timothy Stewart,
Morris Capital,Summit Peak,,,Jason Parker|Ashley Thomas|Anthony Cru|Sar@h Allen|Emily Patel|Daniel Stewart,
CollinsPrivate Wealth,Parkside Wealth Strategies,Sandra Collins,collinss@parksidewealth.com,,
Carter Retirement Solutions Group,Morgan Stanley Wealth Management,Jacob Jones,,,"5985 River St, Chicago, IL 60601"
Wilson Advisory Group,LPL Financial,,,,"9200 Willow Ln, Charlotte, NC 28201"
Diaz Privte ClientGroup,Merrill Lynch Pierce Fenner & Smith,,,,
Phillips Wealth Management Grup,LPL Financial,Sandra Phillips,,,
9arcia & Will1ams Advisors,Commonwealth Financial Network,"Gacia, Ronald",,Ronald Garcia|Amanda Garcia|Donald Baker|Kevin Stewart|George Parker|William Cruz,
Khan Wealth Management,Kingsbridge Capital Advisors,,jkhan@kingsbridgecap.com,,"5219 Oak Pl, Las Vegas, NV 89101"
Roberts Family Wealth Group,Cambridge Investment,,patricia.roberts@cambridgeinv.com,,"5531 Willow Rd, Indianapolis, IN 46201"
Allen Family Wealth Group,Woodbury Financial Services,Jeff Allen,,,
Jones Retirement Solutions Group,Raymond James Financial Services,"Jones, Barbara",barbara.jones@raymondjames.com,,"4652 Elm Pkwy, San Diego, CA 92101"
Moore Institutional Group,National Planning Holdings,eorg Willi@ms,,Ge0rge Williams|Linda Anderson|Margaret Roberts,
Garcia Investment Group,UBS Financial,"Morgan, Sandra",,andra Morgan|Jacob Nguyen|AshleyReyes|Jacob Evans|Sarah Lee,
Reyes Retirement Solutions Group,Edward Jones,Emily Reyes,,,
Col1ins Asset Management Group,DA Davidson & Co.,Edwad Collins,,,
Nguyen & Associates,Summit Peak,Karen Miller,,,"5272 Oak Ave, Denver, CO 80201"
Hill Capital Partners,Kingsbridge Capital Advisors,"Hill, Rachel",,Rachel Hill|Daniel King|Helen Smith|Edward Smith|William Smith|Margaret Miller|Susan Miller,"4061 Park Court, Kansas City, MO 64101"
Scott Advisors,Ridgeway Wealth Management,,ashley.scott@ridgewaywm.com,,"4741 Park St, San Diego, CA 92101"
Phillips& Associates,Ridgeway Wealth Management,Jessica Rivera,,,
Moran Private Wealth Group,Robert W. Baird & Co.,Emily Miller,,Em1ly Miller|Steven Lee|Ashley Zhang|Jeffrey Kim,
Adams Privte Wealth Group,Robert W. Baird & Co.,,,Daniel Adams|Linda Miller|Charles Mitchell|Jacob Green|Anthony Evans|Brian Miller|Ashley Collins,"8156 Park Pkwy, St. Louis, MO 63101"
Williams Private Wealth Group,Robert W. Baird & Co.,,,,
Wright Tax & Weal Group,Raymond James Financial Services,,,,"6511 Main Court, Washington, DC 20001"
Nguyen Family Wealth Group,Stifel Nicolaus & Company,Jame Nguyen,,,
Garcia Retirement Solutions Group,Securities America,Jennifer Garia,,Jennifer Garcia|Nancy Parker|Sandr Kim|Jeffry Jackson|Betty Evans,"7630 River Dr, Raleigh, NC 27601"
Edwards Asset Managemnt Group,Edward Jones,,jnelson@edwardjones.com,Jason Nelson|Ashley Stewart|Robert Thomas|John Reyes|Rachel Harris|Linda Nguyen|Lisa Wright|Rachel Reyes,
Diaz Wealth Partners,Merrill Lynch Pierce Fenner & Smith,Jessica Diaz,,,
Hill Wealth,Crestwood Family Office,Bob Hill,,,
Wang Tax & Wealth Group,Morgan Stanley,"Wang, Patricia",,,
Nelson Wealth Management,Summit Peak,,,,"2896 Maple Ave, Miami, FL 33101"
Davis Institutional Group,DA Davidson & Co.,Sarah Davis,,,"9536 Elm Pl, Nashville, TN 37201"
Davis Wealth Partners,Oppenheimer & Co.,Kev Nguyen,,,"2414 Madison Blvd, Raleigh, NC 27601"
Taylor & Thompson Group,DA Davidson & Co.,Jacob Taylor,,,"8078 Main St, Los Angeles, CA 90001"
Flores Family Wealth Group,National Planning,Andy Flores,,Andrew Flores|Susan Adams,"7898 Elm Dr, Atlanta, GA 30301"
Phillips Capital,Harborview Private Wealth,,,,"8290 Maple Rd, Las Vegas, NV 89101"
Campbell Private Weath Group,Edward Jones,,joe.campbell@edwardjones.com,Joseph Campbell|George Jackson|P@ul Brown|Matthew Davis|Charles Cruz|Patrici Hall|Danie Taylor,"6029 Highland Court, Boston, MA 02101"
Brown Wealth,Ridgeway Wealth Management,,bob.brown@ridgewaywm.com,,
ivera Pivate Wealth Group,Morgan Stanley Wealth Management,,lrivera@morganstanley.com,Linda Rivera|Margaret Thomas|Jeffrey Cruz|Sarah White,"1260 Lake Way, Portland, OR 97201"
King Advisors,Northgate Investment Partners,Joe King,,,
Moore Advisory Group,UBS Financial Services,Sandra Moore,,,
Zhang Financial Group,Raymond James Financial Services,,,,
Garcia Asset Management Group,Securities America,"Jackson, Emily",,,
Gomez Advisory Group,Oppenheimer &,Linda Thomas,lthomas@opco.com,Linda Thomas|William Baker,
Williams Family Office,Northgate Investment Partners,,bwilliams@northgateinv.com,Barbara Williams|David Carter|Ryan Smith,
Flores Advisors,Harborview Private Wealth,,,Jason Flores|John Baker,
Taylor Group,Ridgeway Wealth Management,Paul Campbell,,,"7624 Main Way, Boston, MA 02101"
Turner Capital Partners,Meridian Private Wealth,,turnerk@meridianpw.com,,"122 Maple Ln, Boston, MA 02101"
Mitchell & Associates,Harborview Private Wealth,,mitchella@harborviewpw.com,Amanda Mitchell|Michael Rivera|Edward Torres|Michael Davis|Nancy Torres|Dorothy vans|Robert Torres,
Diaz Wealth Advisors,Hilliard Lyons,,,,
Gomez Gr0up,Crestwood Family Office,"Gomez, Ryan",rgomez@crestwoodfo.com,Ryan Gomez|Barbara Cruz|SandraThompson|Michael Jones,
Adams Financial Group,Hilliard Lyons,Lisa Adams,,,
Yang Investment Group,Merrill Lynch Pierce Fenner & Smith,Betty Yang,betty.yang@ml.com,,
Baker Private Wealth,Parkside Wealth Strategies,,,,
Wright Asset Managemen Group,Cambridge Investment Research,,bwright@cambridgeinv.com,Brian Wright|Susan Chen|Helen Adams|Dorothy Allen|Emily Wilson|Kenneth Taylor|Steven White,"9581 Spring Way, San Jose, CA 95101"
Young Private Client Group,Commonwealth Financial Network,,,,
Anderson Investment Group,Securities America,Rick Hall,,,
Collins Wealth Manag3ment Group,Edward Jones,,,Helen Collins|Jessica Allen|Jos3ph Wang,
Kim Financial Group,Morgan Stanley Wealth Management,Betty Kim,,Betty Kim|Jessica Riera|Jenifer Diaz,
Reyes Tax & Wealth Group,Raymond James Financial Services,,,,
Evans Retirement Solutions Group,Morgan Stanley,,,,
Zhang Fin@ncial 9roup,Merrill Lynch Pierce Fenner & Smith,Jessica Zhang,jzhang@ml.com,,
Nguyen Capital Group,Cetera Financial Group,,,,
Taylor & Mitchell Partners,Ameriprise Financial Services,,,,"7044 Madison Blvd, Kansas City, MO 64101"
Nguyen rivate Wealh Group,National Planning Holdings,Mark Lee,,Mrk Lee|Tim0thy Roberts|Ryan Wan|Thomas Thomas|Daniel Chen|Mark King|James Moore,
Carter & Young Group,DA Davidson & Co.,,,Andrew Carter|Jeffrey Nelso|Mark Johnson|James Moore|Steven Allen|Kevin Chen,
Davis & Associates,Kingsbridge Capital Advisors,,davisp@kingsbridgecap.com,,
Thomas Private Cli3nt Group,Merrill Lynch Pierce Fenner & Smith,Matt Jones,,,"3102 Cedar Pkwy, Raleigh, NC 27601"
Miler Financia Partners,Harborview Private Wealth,Karen Mller,karen.miller@harborviewpw.com,,"9603 Elm St, Austin, TX 78701"
Miller Advisor,Parkside Wealth Strategies,"iller, Christopher",,,"2632 Lake Dr, Denver, CO 80201"
Nelson Tax & Wealth Group,Wells Fargo Advisors,"Nelson, Margaret",,,"1351 Elm St, Chicago, IL 60601"
Moris Capital Group,Woodbury Financial Services,Susan Morris,,,
Moore Group,Meridian Private Wealth,,ron.moore@meridianpw.com,,
Jones Partners,Northgate Investment Partners,,,Joseph Jones|George Rivera,
Baker Private Wealth Group,National Planning Holdings,Amanda Hill,hilla@nph.com,,
Gomez Tax & Wealth Group,Woodbury Financial Services,Karen Kh@n,,Karen Khan|Lisa Scott|Christopher Zhang|Barbara Morgan|Jason Evans|Donald Rivera,"3377 Willow St, Phoenix, AZ 85001"
Mille Retirement Solutions Group,National Planning Holdings,,,,"9572 Main Court, Raleigh, NC 27601"
Miller Tax & Wealth Gr0up,Morgan Stanley Wealth Management,,,,"3606 Market Way, St. Louis, MO 63101"
Flores Private Wealth Group,Cambridge Investment Research,Ed Baker,,,
Dais Aset Management Group,Oppenheimer & Co.,,,Anthony Stwart|Sandra Thomas|William Yang|Patricia Cruz|Nancy Johnson|John Camp6ell,"4746 River Way, San Francisco, CA 94101"
Smith Insttutional Group,Hilliard Lyons,Margaret Martin,martinm@hl.com,Margaret Martin|Edward Garcia|Joseph Moore|Betty Hill|Rnald Gomez|Richard Stewart|Christopher J0nes,"8155 Cedar Ln, Baltimore, MD 21201"
Wright Advisory Group,Hilliard Lyons,"Wright, Matthew",,Matthew Wright|Jason Hall|Paul Morris|Timothy Morga|Rachel Gomez,"9847 Lincoln Ave, Boston, MA 02101"
Patel Private Client Group,Robert W. Baird & Co.,yan Patel,patelr@rwbaird.com,,
White Institutional Goup,Commonwealth Financial Network,Lind@ Whte,whitel@commonwealth.com,,"2305 Cedar St, New York, NY 10001"
Evans Private Wealth Group,Janney Montgomery Scott,JeffreyMithell,,,"1353 Market Way, Baltimore, MD 21201"
Mitchell & Associates,Cambridge Investment Research,5teven Mitchell,,Steven Mitchell|Nancy Adams,
Adams Financial Group,Oppenheimer &,"Adams, Nancy",adamsn@opco.com,Nancy Adams|Timoth Taylor|Linda Green|Thomas Allen,
Hall Financial Partner5,Harborview Private Wealth,Hall Nacy,,Nancy Hall|Patricia Baker|Helen Zhang|Christopher Rivera|Michael Hill|Steven Hall,
Evans Instiutional Group,National Planning Holdings,,,Nancy Evan|Robert Wilson|Karen Scott,
Green Capital Group,DA Davidson & Co.,"Green, Richar",,Richard Green|Donald Diaz|Kenneth Gomez,
Jones Retirement Solutions roup,Merrill Lynch Pierce Fenner & Smith,,ron.jones@ml.com,Ronald Jones|R0bert Nelson,"5095 Spring Blvd, Chicago, IL 60601"
Thompson Welth Management Group,Cambridge Investment Research,Margaret Thompson,,Margaret Thompson|Sarah Roberts|Richard Khan|1inda Miller|Ronald Cruz,"7795 Main Pl, Washington, DC 20001"
Hall Wealth Advisors,Edward Jones,,,Rachel Roberts|1inda Turner|William Chen|Nancy Hall,
Jackson Investment Partners,Meridian Private,"Jones, Anthon",,,"4444 River Pkwy, New York, NY 10022"
Miler Wealth Management,Meridian Private Wealth,Rachel Mil1er,millerr@meridianpw.com,,
Green & Associates,Summit Peak Advisors,,,,"8946 Park Ln, San Jose, CA 95101"
Roberts Finanil Partners,Meridian Private Wealth,,,Dani3l Robrts|Amanda Zhang|Jacob Wang|Sandra Kim|Emily Reyes|Kevin Brown,"3589 Jefferson Rd, Baltimore, MD 21201"
Torres Financial Group,Cambridge Investment Research,,,Margaret Gomez|Sarah Huang|William Turner|Margaret Thompson|Matthew Johnson|Kein Torres,
Diaz Capital,Clearwater Capital Group,,susan.gomez@clearwatercap.com,,
Nelson Capital Partners,Clearwater Capital Group,,,,"9272 Madison St, Indianapolis, IN 46201"
Diaz Retirement Solutions Group,Securities America,Mike Scott,mscott@secam.com,,
Yang Asset Management Group,Janney Montgomery Scott,Thomas Wright,,Thomas Wright|Thomas Harris|Jeffrey River|Joseph Campbell|Richard Young|Jason Anderson,"6054 Maple Ln, Baltimore, MD 21201"
Martin Cap1tal Partners,Parkside Wealth Strategies,Andrew Wang,,,"1578 Cedar Pl, San Antonio, TX 78201"
Thompso Financial Group,LPL Financial,"Thompson, Anthony",,,"6790 Oak Way, San Diego, CA 92101"
Johnson Institutional Group,Hilliard Lyons,,ken.johnson@hl.com,,"670 Oak Dr, Miami, FL 33101"
Nguyen Wealth Management Group,Stifel Nicolaus & Company,,,,
King Tax &Wealth Group,Ameriprise Financial,"King, Kevin",,Kevin King|Patricia Stewart|Margaret Kim|Jennifer Collins|Sandra Liu,"6756 Oak Rd, Minneapolis, MN 55401"
Lee Capital,Parkside Wealth Strategies,"Lee, Richard",,,"4375 Maple Pl, Denver, CO 80201"
Wilson Wealth Management Group,Ameriprise Financial Services,,,Brian Wilson|Christopher Harris|Lisa Patel|Sarah Jones|Jaob Scott,
Morga Retirement Solutions Group,Cambridge Investment Research,,,,"2231 Madison Pl, Boston, MA 02101"
Hill & Jackson Advi5ors,Hilliard Lyons,,,Daniel Hill|Bian Evans|Kevin White|David Nelson|Matthew Martin|Ronald Zhang,"6282 Lake St, Miami, FL 33101"
Hill Asset Management Group,LPL Financial,Mike H1ll,,Michael Hill|Christopher Roberts|Jos3ph Smith|Timothy ampbell,"7127 Hill Blvd, Las Vegas, NV 89101"
Wang Tax & Wealth Group,Cetera Financial Group,,,,
Nguyen Capital,Crestwood Family Office,,,Linda Nguyen|Jason Cruz|Matthew Flores|Daniel Flores,"7166 Park Pkwy, Boston, MA 02101"
Johnson Investment Partners,Summit Peak Advisors,Charles Johnson,,Charles Johnson|Brian Nelson|David Smith|Patricia Wilson|Sarah Edwards|Betty Cruz|Anthony Colins,"4389 Jefferson Dr, San Antonio, TX 78201"
Green FamilyWealth 9roup,DA Davidson,,,,
Wang Capital Group,Stifel Nicolaus & Company,"Khan, Betty",,Betty Khan|Nancy Allen|Betty Parker|Karen Wilson|Helen Williams|Rachel Anderson|Daniel Morris,
Rivera & AllenAdvisors,Robert W. Baird & Co.,Christopher Rivera,chris.rivera@rwbaird.com,,
Young Tax & Wealth Group,Hilliard Lyons,,,,
Zhang Tax & Wealth Group,Raymond James Financial Services,Joseph King,,Joseph King|Steven Taylor|James Diaz,
Green Wealth,Harborview Private Wealth,"Jackson, Rachel",,Rachel Jackson|Linda Davis|Jason Huang|Chales Davis|Patricia Diaz|Jenifer Green,"8208 Jefferson Pl, New York, NY 10022"
Anderson Retiremet Solutions Group,Edward Jones,Andy Anderson,,,"2857 Market Rd, Kansas City, MO 64101"
Cruz Wealth,Northgate Investment,Linda Cruz,lcruz@northgateinv.com,,"5484 River Ave, New York, NY 10001"
Turner Wealth Partners,Commonwealth Financial Network,Dorothy Turner,,,
King Financial Partners,Kingsbridge Capital Advisors,,,Andrew King|David Hill|Steven Anderson|Donald Morgan|Betty Garcia,"1009 Maple Court, Kansas City, MO 64101"
Taylor Asset Managem3nt Group,Morgan Stanley Wealth Management,Kev Nguyen,,,"6692 Elm Ave, Dallas, TX 75201"
Chen Private Wealth,Ridgeway Wealth,Richard Hal1,rhall@ridgewaywm.com,Richard Hall|David Morris,
Anderson Asset Management Group,Hilliard Lyons,Amanda Anderson,,Amanda Anderson|Edward White|Brian Cruz|Timoty Moore|Linda Campbell,
Campbell Wealth,Kingsbridge Capital Advisors,,,,
Roberts Wealth Mana9ement Group,Cetera Financial Group,,andy.roberts@cetera.com,,
Garcia Pr1vate Client Group,Robert W.,"Garcia, Rachel",,Rachel Garcia|Betty Will1ams|David Flores,"8348 Cedar Way, New York, NY 10001"
Allen Private Wealth,Highfield Asset,"Garcia, Jacob",jacob.garcia@highfieldam.com,,
Martin & Assoc1aes,Crestwood Family,"Martin, Megan",,Megan Martin|James Taylor,
Nelson Group,Kingsbridge Capital Advisors,"Morris, Nancy",,Nancy Morris|Edward Edwards|Kenneth Garcia|Thomas Wilson|Ronald Thomas,
Davis Retirement Solutions Gr0up,Morgan Stanley Wealth Management,Mathew D@vis,,,"360 Park St, Atlanta, GA 30301"
Green Wealth Management Gr0up,Raymond James Financial Services,,,Patricia 9reen|John Huang|A5hley Gomez|Don@ld Thoms|Andrew Roberts,"2008 Elm Way, Phoenix, AZ 85001"
Brown Private Wealth,Clearwater Capital Group,Betty 6rown,,Betty Brown|Rachel Phillips|Jason Carter|Andrew Williams|Linda Hill|Lind@ Rivera|R@chel Reyes,"229 Madison Ln, Chicago, IL 60601"
Yang Retirement Solutions Group,Woodbury Financial Services,,,Christopher Jones|Sarah Carter|Brian Flores|Patricia Davis|Linda Evans|Helen Jackson,
Adams Group,Kingsbridge Capital Advisors,,,,
Parker Capital Partners,Clearwater Capital,,,,"2248 River Ln, Portland, OR 97201"
Baker & Assocates,Merrill Lynch Pierce Fenner & Smith,"Baker, Geor9e",,,
Scott & Associates,Highfield Asset Management,,,Steven Scott|Sandra Davis|Amanda White|Joseph Carter,
Martin Capital Group,Stifel Nicolaus & Company,,,Linda Martin|Ronald Huang|Barbara Phillips,
Collins Partners,Ridgeway Wealth Management,"Reyes, Jennifer",reyesj@ridgewaywm.com,,"7273 Jefferson Ave, Minneapolis, MN 55401"
Wang Capital Group,Wells Fargo Advisors,,wanga@wellsfargoadv.com,Anthony Wang|Jason Huang|Richard Moore|Brian Torres|Jennfer ee,
Zhang Advisory Group,Raymond James,,,Charles Patel|Barbara Taylor|Karen Collins|Jessica Williams,"7294 Main Dr, Indianapolis, IN 46201"
Torres & Assocites,Northgate Investment,"T0rres, Margaret",,,
Patel Institutional Group,Ameriprise Financial Services,Susan Patel,,,
Kim 1nstiutional Group,UBS Financial Services,"Young, Betty",,Betty Young|Betty Liu|Edward Edwards|Helen Huang|Kenneth Reyes,
Wang Private Wealth,Crestwood Family Office,"Scott, Paul",scottp@crestwoodfo.com,Paul Scott|Ronald Hill|Ashley Diaz|Joseph Evans,"229 Hill Court, Miami, FL 33101"
Evans Private Client Group,Edward Jones,Jim Miller,,,
Liu Capital,Crestwood Family Office,"Liu, Jeffrey",,,
Chen Private Cl1nt Group,Robert W.,,,Donald Chen|Karen Martin|George Young|Linda Young,
Scott& Liu Partn3rs,Kingsbridge Capital Advisors,Bar6ara Scott,barbara.scott@kingsbridgecap.com,Barbara Scott|James Nelson|Jennifer Harris|Jeffrey Gomez|Emily Collins|Kevin Parker|Jessica Zhang,"882 Cedar Way, Raleigh, NC 27601"
Scott ealth Partners,Woodbury Financial Services,Rich@rd Th0mpson,,,
Torres Financial Group,Edward Jones,"Evans, Rache1",,,"1705 Madison Ln, Houston, TX 77001"
Jackson Financial Group,Raymond James Financial Services,Patricia Jackson,,,
Flores Retirement Solutions Group,Commonwealth Financial Network,"Evans, James",jevans@commonwealth.com,James Evans|Thomas Collins|Barbara Huang|Susan Davis|Ronald Jackson|Michael Smith|Andrew Baker,
Williams Family Wealth Group,Ameriprise Financial Services,,,,"2669 Willow Ave, Nashville, TN 37201"
Allen Capital 9roup,Wells Fargo Advisors,Karen Alen,,Kren Allen|Rachel Flores|Michael Kim,"5068 Commerce St, Dallas, TX 75201"
Lu Investent Partners,Highfield Asset Management,,,,
Adams Tax & Wealth Group,Janney Montgomery Scott,Emily Adams,,Emily Adams|Thomas Morris|Thomas Rivera|Kevin elson|Ryan Adams|9eorge Adams|Jeffrey Anderson|Richard Zhang|M@tthew Diaz|@manda Stewart,"5634 Lincoln Way, Minneapolis, MN 55401"
King Private Wealth Group,Raymond James Financial Services,"Andeson, Donald",,Donald Anderson,
Thompson Institutional Group,Ameriprise Financial Services,,,,"1550 Washington St, Boston, MA 02101"
Campbell Advisory Group,UBS Financial Services,Emily Campell,,Emily Campbell|Daniel Johnson|Paul Patel|Anthony Harris|Timothy Chen|Rachel Adams,
Phillips & Assoiates,Merrill Lynch Pierce Fenner & Smith,,,,
Johnson Retirement Solutions Group,LPL Financial,arg@ret Johnson,,,
Anderson Wealth Partners,Janney Montgomery Scott,,,Charles Anderson|manda King|Robert Stewart|Kevin Diaz,
Colins Wealth Management Group,LPL Financial,,,Betty Parker|Joseph Brown|Anthony Nelson|Jaon Patel,"4982 Cedar Pl, Charlotte, NC 28201"
Gomez Advisors,Northgate Investment Partners,,gomezm@northgateinv.com,,"8176 Market Ln, Denver, CO 80201"
Flores Institutional Group,Commonwealth Financial Network,John Flores,,John Flores|Edward Miller|Donald Morris|Helen Diaz|Thomas Allen|Emily Flores,
Zhng Institutional Group,Ameriprise Financial,,,Daniel Flores|Donald Mitchell|Sandra Wang,"8299 Elm Pl, Philadelphia, PA 19101"
WiliamsWealth Management Group,Securities America,,ashley.williams@secam.com,,
Gomez Asset Management,Kingsbridge Capital Advisors,,,,
Liu Asset Management Goup,Securities America,,,Paul Liu|Kevin Martin|Ryan Collins|Ashley Thompson,
King Family Wealth Group,Stifel Nicolaus,,,,"3550 Spring St, San Francisco, CA 94101"
Yang Financial Group,Commonwealth Financial Network,,,,"2943 Highland Way, Indianapolis, IN 46201"
Scott Fmily Office,Ridgeway Wealth Management,"cott, Joseph",,,"9951 Lincoln Blvd, Austin, TX 78701"
Scott Adisors,Ridgeway Wealth,"Miller, Jacob",millerj@ridgewaywm.com,Jacob Miller|aul Hall|Timothy Collins|Megan Jackson|Lind Trner,
Lee Institutional Group,Morgan Stanley Wealth Management,,,,
Cruz Portfolio Group,National Planning Holdings,,,,
Zhang Advisors,Parkside Wealth Strategies,,dyang@parksidewealth.com,Daniel Yang|Ronald Cruz,
M@rtin Institutional Group,Securities America,,martina@secam.com,Amanda Marti|Edward Diaz|Michael Zhang|Sarah Green|Margaret Thompson|Joseph Cruz|Susan Nelson,
Cmp6ell Private Client Group,Commonwealth Financial Network,"A1len, David",david.allen@commonwealth.com,David Allen|Jessica Adams|Sarah Smith|Betty Thomas,
han Partners,Highfield Asset Management,,,,
Miller Parters,Kingsbridge Capital,"Yang, Karen",,,"7963 Main Pkwy, Indianapolis, IN 46201"
Lee Private Wealth,Clearwater Capital Group,Mike Lee,,MichaelLee|Ashley Morris|Richard Turner|Ashley Gomez|Joseph Garcia|Mchael Wag,"8614 Lake Ave, Minneapolis, MN 55401"
King Tax & Wealth Group,UBS Financial Services,"King, Nncy",,Nancy King|Michael Allen|Amanda Turner|5andra Jone|Richard Cruz,
Brown We@lth Partners,UBS Financial Services,"Martin, Patricia",pmartin@ubs.com,,"6349 Cedar Pkwy, Charlotte, NC 28201"
Nguyen Financial Group,Morgan Stanley Wealth Management,Kenneth Nelson,knelson@morganstanley.com,,
Yang Portfolio Group,National Planning Holdings,Matthew Yang,,Matthew Yang|Jason Evans|Ashley @nderson|Donald Wilson|Robert Brown,"2164 Market Rd, Memphis, TN 38101"
Gomez & Young Group,Raymond James Financial Services,Ken Gomez,,,
Parker Institutional Group,Cambridge Investment Research,Rachel Parker,parkerr@cambridgeinv.com,,
Baker & Associat3s,Edward Jones,,,,
Hall F@mily Wealth Group,Ameriprise Financial Services,,rhall@ampf.com,Robert Hall|Donald Baker|Jeffrey Morgan,"160 Lake Dr, Memphis, TN 38101"
Khan & Campbell Adviors,Clearwater Capital Group,"Khan, Jennifer",,,
Johnson Wealth Advisors,Merrill Lynch,Michael Wilson,,,"1987 River Way, Houston, TX 77001"
Anderson Capital Group,Robert W. Baird & Co.,Jason Anderson,,,"9185 Washington Dr, San Antonio, TX 78201"
Wri9ht Advis0rs,Summit Peak Advisors,Lisa Morris,lmorris@summitpeakadv.com,,
Mitchell Asset Management Group,Edward Jones,,,Matthew Mitchell|Rachel Thomas|Jessica Y0ung|Charles King|Donald Bown|Kevin Patel,"6231 Madison Dr, San Jose, CA 95101"
Zhang Wealth Advisors,Robert W.,"Anderson, Timothy",,,
Rivera Private Wealth,Kingsbridge Capital Advisors,,,,
Hill InstitutionalGroup,Robert W. Baird & Co.,Rachel Hill,,Rachel Hill|Ashley Huang|Donald Hill,
Green Tax & Wealth Group,Edward Jones,,ken.green@edwardjones.com,,
Adams Walth Advisors,Merrill Lynch Pierce Fenner & Smith,,aadams@ml.com,Andrew Adams|Sandra Adams|Dorothy Gree|Margaret Torres,"5860 Oak Way, San Antonio, TX 78201"
King & Mitchell Group,Summit Peak,Linda King,,Linda King|William Scott|David Young|Barbara Rivera|Jessica Diaz|David Patel|Paul Kim,"6364 Washington Way, New York, NY 10001"
Davis Private e@lth Group,Stifel Nicolaus & Company,Richard Davis,,,
Steart Asset Management,Northgate Investment Partners,,,,
Moore Retiremnt Solutions Group,Cambridge Investment Research,,,Ryan Moore|Rachel Patel|Helen Morris|Dorothy Reyes|Dorothy Wright|David King,
Green Financial Partners,Meridian Private Wealth,,greenm@meridianpw.com,,
Allen Family Wealth Group,National Planning Holdings,Thomas Allen,tom.allen@nph.com,,
Johnson Portfolio Group,Oppenheimer & Co.,,,,"627 Elm Blvd, St. Louis, MO 63101"
Nguyen Advisors,Meridian Private Wealth,,,,
Yang Wealth Partners,Ameriprise Financial,Kevin Yang,,,"1627 Cedar Court, Phoenix, AZ 85001"
Nelson Wealth Management Group,Cambridge Investment Research,,morrisj@cambridgeinv.com,,
Yang Retirement Solutions Group,Merrill Lynch Pierce Fenner & Smith,"Smith, Margaret",margaret.smith@ml.com,,
Smith Investment Group,Robert W. Baird & Co.,,,Matthew Evans|Jennifer Wang|Linda Nelson|Dorothy Roberts|Robert Stewart|Kevin Dav1s,
Diaz Tax & Wealth Group,Merrill Lynch Pierce Fenner & Smith,Andy Diaz,,Andrew Diaz|Margaret Harris,
Green Financia Group,Woodbury Financial,Jason Green,,,
Wang Capital Partners,Highfield Asset Management,"Wang, Anthony",,,"6838 Highland Ave, Raleigh, NC 27601"
Morgan Capital Group,Cambridge Investment Research,,,,"6819 Washington Rd, San Francisco, CA 94101"
3dwards Intitutional Group,Merrill Lynch Pierce Fenner & Smith,,,,
Nelson Capital Partners,Ridgeway Wealth Management,Jeff Yang,,,
Mitchell Family Weath Group,Janney Montgomery Scott,,kingm@janney.com,,
Yang & Associates,Harborview Private,Ashley Martin,,Ashley Martin|Richard Nguyen|Ashley Brown|Susan Liu|Daniel 6aker,"8821 Jefferson St, Philadelphia, PA 19101"
Brown Private Client Group,Woodbury Financial Services,,,James Brown|Matthew Garcia|John Flores,"6283 Park Dr, Raleigh, NC 27601"
Wri9ht Retirement Solutions Group,Morgan Stanley Wealth Management,,,,
Williams Family Office,Crestwood Family,,,,"8496 Spring Pl, Chicago, IL 60601"
White & Associates,Cetera Financial Group,Joseph White,,,"1834 Spring Blvd, Austin, TX 78701"
Liu Advisory Group,UBS Financial Services,Bill Liu,,,
Wil5on Private Wealth,Northgate Investment Partners,Ronald Wilson,,,
Nguyen Wealth Advisors,National Planning Holdings,,ashley.nguyen@nph.com,,
Morris Advisors,Crestwood Family Office,,,,
Kim Family Wealth Group,UBS Financial Services,,ledwards@ubs.com,,
Jackson Wealh Advi5ors,Oppenheimer & Co.,,djackson@opco.com,,"985 Lake Dr, St. Louis, MO 63101"
Thomas Wealth Management Group,Commonwealth Financial Network,Bll Thomas,,William Thomas|Anthony Harris|Barbara Garcia|Sandra Reyes|Dorothy Alle|Christopher Reyes,
Green Investment Group,Edward Jones,Don Green,,Donald Green|Matthew Thompson|Patricia Garcia|Nancy Taylor|Sandra Rivera|Sarah Turner|Matthew Yang|Thoma King|Kevin Roberts|Mark Collins|D0nald Lee,
Green Private lient Gr0up,Woodbury Financial Services,,greenj@woodburyfs.com,,"2653 Commerce St, Miami, FL 33101"
Nguyen Financial Group,LPL Financial,,snguyen@lpl.com,,"5111 River Ln, San Francisco, CA 94101"
Smith Retirement Solutions Group,Edward Jones,,,,"8303 Willow Way, Kansas City, MO 64101"
Liu Wealt Management Group,Merrill Lynch Pierce Fenner & Smith,,,,
Turner Gr0up,Harborview Private Wealth,"Turner, Linda",,,
Phillips Financial Group,Raymond James Financial Services,,,Steven Phillips|Christopher Smith|Joseph Morgan|David Diaz|imothy Wang|Nancy Hill|Timothy Gomez,
Campbell Advisors,Highfield Asset Management,,,,
Turner Prtfolio Group,Merrill Lynch Pierce Fenner & Smith,Rick Turner,turnerr@ml.com,,
Flore Institutional Group,Cetera Financial Group,,,,"4824 Madison Blvd, Kansas City, MO 64101"
Davis Financ@l Group,LPL Financial,Barbara Davis,,Barbaa Davis|Daiel Khan|Ryan Thomas|Steven Yang|Margaret Adams|Kevin Wang|Amanda Miller,
Taylor Wealth,Meridian Private Wealth,,,Kevin Taylor|John Gomez|Donald Baker|Linda Cruz,
Smith Partners,Northgate Investment Partners,Richard Smith,,,
Nguyen Portfolio Group,Cambridge Investment Research,Rachel Allen,rallen@cambridgeinv.com,,"8620 Hill Way, Raleigh, NC 27601"
Lee Wealth Mana9ement Group,Oppenheimer & Co.,"Le, S@rah",,,
Reyes Capital,Harborview Private Wealth,,,,
Turnr Reirement Solutions Group,Edward Jones,Jim Turner,,,"5378 Willow St, New York, NY 10001"
Parker Reirement Solutions Group,Cetera Financial Group,,,Margaret Miller|Susan Liu|Tim0thy Rivera|Robert Wilson|Linda Patel|Megan Rivera,"1745 Lincoln Rd, Kansas City, MO 64101"
Chen Institutional Group,Merrill Lynch Pierce Fenner & Smith,,lcollins@ml.com,Linda Collins|Patricia Parker|Barbara Baker|Mark Garcia,"9090 Jefferson Blvd, Boston, MA 02101"
Harris Advisory Group,Securities America,Do Hrris,,Donald Harris|John Taylor|Sarah Yang|Nancy Morgan|Paul White|Jason Martin|George Baer,"2892 Maple Ave, Raleigh, NC 27601"
Davis & Associates,Highfield Asset,,,John Zhang|Mark Kim|Emily Morgan|Megan Jnes|Brian Wright|Nancy Wang|Margaret Nelson,"2324 Highland Way, St. Louis, MO 63101"
Stewart Group,Harborview Private,,,,"6352 Highland Ln, Memphis, TN 38101"
Wright Family Wealth 9roup,Wells Fargo Advisors,,,,
Brown Portfolio Group,Morgan Stanley Wealth Management,,,Kenneth Brown|Edward Kim|Thomas Campbell|George Phillips,"8875 Lincoln Ln, Philadelphia, PA 19101"
Miller Asset Management Goup,National Planning Holdings,"Miller, Mark",,,"250 Jefferson Pl, Nashville, TN 37201"
Stewart Intitutional Group,Janney Montgomery Scott,Charles Stewart,,Charles Stewart|Jos3ph Thompson|Timothy Rob3rts|Patricia Turner|Anhony Hal1|Andre Collins|Nacy Brown,
Moore Group,Summit Peak Advisors,George Adas,,,
Wang Capital,Clearwater Capital Group,"Wang, G3orge",,George Wang|Lisa Morris|William Campbell|Jason Young|Jennifer Davis|Emily Miller|George Lee,"453 Lincoln Pl, Nashville, TN 37201"
Kim Advisory Group,Janney Montgomery Scott,Ron Kim,,,"9078 Cedar Blvd, Charlotte, NC 28201"
Young Capital,Harborview Private,"Young, P@tricia",,Patricia Young|Richard Cruz|Charle5 Nguyen|Sandra Cruz|Christopher Kim|Michael Miller,
Anderson Wealth Management Goup,Hilliard Lyons,Karen Miller,,,
Harris Asset Management Group,UBS Financial Services,"Harris, Joseph",,,"8105 Washington Ln, Dallas, TX 75201"
Garcia Private Wealth Group,Wells Fargo,,,,
Green Investment Partners,Kingsbridge Capital,Brian Huang,bhuang@kingsbridgecap.com,Brian Huang|Daniel Hill|Betty Carter|Jessica Patel|Helen Scott|Kevin Adams,
Chen & Ass0ciates,Merrill Lynch Pierce Fenner & Smith,,,Susan Chen|Daniel Huang,"8930 Cedar Dr, Atlanta, GA 30301"
Anderson Wealth Management Group,Woodbury Financial Services,Mark Jones,jonesm@woodburyfs.com,,
Torres Wealth Advisors,Cambridge Investment Research,,,,
Phillips & WilsonAdvisors,Parkside Wealth Strategies,Lisa Pillips,,,"8465 Cedar St, Philadelphia, PA 19101"
Jackson Portfolio Group,Woodbury Financial Services,Helen ackson,,,"5982 Elm Pkwy, San Diego, CA 92101"
Moore Capital Group,Cetera Financial Group,"Moore, Ronald",,,"3438 Hill Dr, Los Angeles, CA 90001"
Harris Private Wea1th Group,Morgan Stanley Wealth Management,,,Megan Harris|William Wright|Kevin Garcia|Karen Wan|Jennifer Morgan,"4525 Highland Ave, Chicago, IL 60601"
Huang Private Client Group,Robert W. Baird & Co.,,jessica.thomas@rwbaird.com,,
Liu Wealth Partners,Cambridge Investment Research,,,,
Scott Private Client Group,DA Davidson,Dan Scott,,Dniel Scott|James Cruz,
Nguyen Portfolio Group,Raymond James Financial Services,Charles Nguyen,,,
Green Wealth Advisors,Janney Montgomery Scott,,,Paul Green|David Turner|David Jones|J@son Harris,"3848 Maple Rd, Dallas, TX 75201"
Roberts Tax & Wealth Group,Merrill Lynch Pierce Fenner & Smith,Christopher Roberts,robertsc@ml.com,,"1485 River Court, Kansas City, MO 64101"
Wilson Financial Group,Cambridge Investment,,,,
Parker Tax & Wealth Group,Stifel Nicolaus & Company,Jeffrey Parker,,,
Anderson Wealth,Highfield Asset Management,"Youn, Patricia",,Patricia Young,"6113 Elm Court, Miami, FL 33101"
Torre Private W3alth Group,DA Davidson & Co.,,,,
Martin Advisory Gr0up,Commonwealth Financial Network,Dorothy T@ylor,,,"136 Lincoln Dr, Kansas City, MO 64101"
Thoms Private Wealth Group,Cetera Financial Group,,,,"8768 Elm Ln, Denver, CO 80201"
Torres Aset Management Group,Hilliard Lyons,Kenneth Torr3s,,,
Wil5on Asset Management 9roup,Janney Montgomery Scott,,,Edward Collins|Patricia Parker,"6998 Spring St, Kansas City, MO 64101"
Carter Financial Goup,Cetera Financial Group,,,Donald Wilson|Nancy Wilson|Joseph Miller|John Wilon|Charles Scott|Barbara Sith|Jacob Cruz|Edward Wang|Dorothy Gr3en,
Cruz Retir3ment Solutions Group,Stifel Nicolaus & Company,Mike Cru,,,"5705 Main Ln, Indianapolis, IN 46201"
Rivera Investment Group,Raymond James Financial Services,Jason Rivera,,Jason Rivera|George Lee,
Patel Private Client Group,Commonwealth Financial Network,"Alln, Dorothy",,,
Green Partners,Parkside Wealth,Margaret Liu,,,"3370 Oak Ln, Los Angeles, CA 90001"
Rivera Asset Management Group,Commonwealth Financial Network,Barbara Campbell,,,
Brown Institutional Group,UBS Financial,Jim Brown,,,
Cruz Asset Management,Ridgeway Wealth,James Cruz,cruzj@ridgewaywm.com,,"2234 Willow Pl, San Jose, CA 95101"
Wilson & Associates,Highfield Asset Management,,wilsonr@highfieldam.com,,"9960 Oak Pkwy, Chicago, IL 60601"
Mitchell Group,Northgate Investment Partners,,khanm@northgateinv.com,Megan Khan|Steven Yang|Ryan Zhang|Karen Adams|Joseph Wang|Timothy Hill,
Baker Asset Management Group,Cetera Financial Group,William Baker,bill.baker@cetera.com,,"8681 Market St, St. Louis, MO 63101"
Thomas Group,Summit Peak,,,,"6612 Highland Court, Seattle, WA 98101"
Nguyen Asset Management Group,Securities America,"Nguyen, Jacob",,Jacob Nguyen|Rachel Edwards|James 1iu,"4548 Washington St, Philadelphia, PA 19101"
Nelson Asse Management,Parkside Wealth Strategies,,adamsr@parksidewealth.com,,
Williams Institutional Group,Stifel Nicolaus & Company,Andy Williams,,,"2527 Hill Blvd, Portland, OR 97201"
Mitcell Wealth,Clearwater Capital,,,,
Young Capital Group,Cetera Financial Group,,,,"1038 Main Pl, Memphis, TN 38101"
Gomez Wealth,Northgate Investment Partners,,cruzm@northgateinv.com,Megan Cruz|Paul Jackson|Ryan Hill,
White Family Wealth Group,Raymond James Financial Services,Ashley White,ashley.white@raymondjames.com,Ashley White|Dorothy Anderson|Daniel Thomas,
Reyes Investmet Gr0up,National Planning Holdings,Linda Reyes,,Linda Reyes|Edward Phillips|Matthew Jones|Charles Jones|Sandra Harris,"4721 River Blvd, New York, NY 10001"
Hill Private Wealth Group,Ameriprise Financial Services,Brian Hill,,Brian Hill|John Davis,"8730 Main Pkwy, Houston, TX 77001"
Garcia Wealth Partners,Stifel Nicolaus & Company,,,David C0lins|Jessica Stewart,"2436 Main St, Memphis, TN 38101"
Zhang Group,Clearwater Capital Group,John Phillips,,John Phillips|Christopher Allen|Jennifer Baker|Charles Harris|Michael Mitchell,"1492 Elm Way, Philadelphia, PA 19101"
Turner Asset Management,Harborview Private Wealth,Tim Davis,,Tim0thy Davis|Barbara Liu,"2116 Oak Ave, New York, NY 10001"
Moore Partn3r5,Clearwater Capital,,mmoore@clearwatercap.com,,"3775 Lake Ln, New York, NY 10001"
Le Wealth,Ridgeway Wealth,,tim.lee@ridgewaywm.com,Timothy Lee|Lis Jons|Amanda Wright|Joseph Torres,
Yang Partners,Parkside Wealth,"Taylor, Helen",,,
Allen Wealth Management,Ridgeway Wealth Management,,,Edward Allen|Karen Kim|Steven Khan|Timothy Khan|William Patel|James Huang|Charles Morgan,
King Capital,Kingsbridge Capital Advisors,Charl3s King,charles.king@kingsbridgecap.com,Charles King|Jason Thompson|Charles 9arcia|Sarah Wilson|Daniel Morgan,"6499 Commerce Ave, San Francisco, CA 94101"
King Financial 9roup,DA Davidson,Jeff Nelson,jeff.nelson@dadavidson.com,Jeffey Nelson|Thomas Khan|Donald Nguyen|Dorothy Garcia,"7044 Madison Pkwy, Seattle, WA 98101"
Hall Wealth Advisors,Cetera Financial Group,,,,"8845 Highland Court, Seattle, WA 98101"
White Group,Summit Peak Advisors,,,Jeffrey White|Karen Carter,
Wang Privte Wealth Group,Commonwealth Financial Network,"Brown, Thomas",,,
Kim Family Office,Meridian Private Wealth,H3len Kim,,Helen Kim|Ronald Collins,"4073 Lake St, Philadelphia, PA 19101"
Reyes Wealth anagement Group,Raymond James Financial Services,Nancy Reyes,,Nancy Reyes|Patricia Chen,
Johnson Investment Goup,Woodbury Financial Services,Chris Johnson,,,"6084 Maple Dr, Houston, TX 77001"
Flores Family Wealth Group,Janney Montgomery,,,Kevin Martin|Brian Williams|Kevin Harris|Andrew Scott,
Anderson Wealth Advisors,Woodbury Financial Services,"Johnson, Lisa",,,"2727 Lincoln Ln, New York, NY 10001"
Kim Investment Group,Stifel Nicolaus & Company,,,,
Hill Investment Group,UBS Financial Services,,mhill@ubs.com,,"9263 Maple Way, Las Vegas, NV 89101"
Torres Portfolio Group,Wells Fargo Advisors,William Tores,bill.torres@wellsfargoadv.com,William Torres|William Jackson,
Morris Tax & Wealth Group,Woodbury Financial Services,,,,
Roberts Wealth Management Group,Merrill Lynch Pierce Fenner & Smith,Emi1y Roberts,,Emily Roberts|Kenneth Smith,"9336 Commerce St, Minneapolis, MN 55401"
Young Asset Management Group,Hilliard Lyons,Sarah Taylor,,Sarah Taylor|Ronald Cruz|Richard Wright|Matthew Stewart|James Thompson,
Rivera Private Wealth Group,Cetera Financial,Jeffrey Rivera,,,
Garcia Family Wealth Group,Merrill Lynch Pierce Fenner & Smith,Kev Garcia,,Kevin Garcia|Barbara Campbell|Jason Phillips,"3894 Park Blvd, Portland, OR 97201"
Kim Finncial Partners,Kingsbridge Capital Advisors,,susan.kim@kingsbridgecap.com,Susan Kim|Sandra Williams|Timothy Morgan|Edward Nguyen|Don@ld Jackson|Amanda Phillips,
Roberts Institutional Group,Merrill Lynch Pierce Fenner & Smith,,,,
Kim Wealth Partners,Oppenheimer &,,,,"2745 Hill Pkwy, Los Angeles, CA 90001"
Nelson Investment Partners,Harborview Private,James Johnson,,,
Adams Private Wealth,Ridgeway Wealth Management,Matt Nelson,,Matthew Nelson|5teven Liu|Edward Williams|Ronald Flores|Jeffrey Wright,
Patel Advisory Group,UBS Financial Services,"Collins, D0rothy",,,"9288 Elm Ave, New York, NY 10001"
Parer Privte Wealth Group,DA Davidson & Co.,,,Dorothy Parker|Richard Garcia|Daniel Reyes|Richard Wang|Betty Morgan,
Hill Capital Group,Cetera Financial Group,,,,
Williams Family Wealth Group,Oppenheimer & Co.,"Williams, Emily",,,"6330 Willow Ln, New York, NY 10022"
Thompson Investment Partners,Ridgeway Wealth Management,Tony Torres,,,
Huang Family Office,Harborview Private Wealth,"Huang, Ashley",,Ashley Huang|Sandra Wright,"8697 Hill Blvd, Philadelphia, PA 19101"
Taylor Advisors,Northgate Investment Partners,Steve Reyes,reyess@northgateinv.com,Steven Reyes|Ronad Green|Lisa Wang|Thoma5 Diaz,
Nguyen Partners,Harborview Private,"Nguyn, Emly",,,"9289 Park Ave, Minneapolis, MN 55401"
Kim Investment Group,Raymond James,Dorothy Kim,kimd@raymondjames.com,,
St3wart Avisory Group,UBS Financial Services,,astewart@ubs.com,,
Torres RetirementSolutions Group,National Planning Holdings,,,,"6060 River Rd, New York, NY 10001"
Flores Family 0ffice,Kingsbridge Capital,,,,
Phi1lips Investment Group,LPL Financial,,phillipsh@lpl.com,Helen Phillips|Edward Green|Kevin Young|Ronald Evans|Richard Garcia|Brian Johnson|Amanda Kim,
Hall Family Wealh Group,Cetera Financial Group,,,Richard Hall|George Young,"9024 Jefferson Court, Chicago, IL 60601"
Jackson Advisors,Meridian Private Wealth,Mararet Jackson,margaret.jackson@meridianpw.com,Margaret Jackson|Joseph Scott|Dorothy Flores|Brian Collins|Jeffrey Hill,"7548 Lincoln Ave, Nashville, TN 37201"
Pate1 Advisory Group,Morgan Stanley,"Patel, Jacob",,,
Chen Retirement Solutions Group,Raymond James,,,,
Green Capital,Parkside Wealth,Emily Green,,,
Chen Private Client Group,National Planning Holdings,"Chen, Bety",chenb@nph.com,,"4363 Highland Blvd, Miami, FL 33101"
Morgan Portfolio Group,Morgan Stanley Wealth Management,,,David Haris|Jeffrey Reyes|Margaret organ,"2607 Highland Ave, New York, NY 10001"
Turner Institutional Group,Raymond James Financial Services,,adamsc@raymondjames.com,,
Turner Advisory Group,Merrill Lynch Pierce Fenner & Smith,,,,"9592 Cedar Ave, Boston, MA 02101"
Wang Advisor5,Meridian Private Wealth,,,,"6502 Commerce St, Chicago, IL 60601"
Khan Capital,Parkside Wealth,,,,
Martn Tax & Wea1th Group,Cambridge Investment,,,Thomas Torres|Ryan Moore|Anthony Huang|Karen Davis|Anthony Johnson|Sarah Wilson|Andrew Patel|Jacob Kim,"2092 Main Court, Philadelphia, PA 19101"
Reyes Family Wealth Group,Stifel Nicolaus,David Reyes,,David Reyes|Lisa Collins,
Young Financial Group,Securities America,BrianYoung,youngb@secam.com,,
Gomz Private Client Grop,DA Davidson & Co.,John Anderson,andersonj@dadavidson.com,John Anderson|Sandra Liu|Megan Stewart|Matthew Anderson,
Miller Capital Group,Oppenheimer & Co.,Amanda Miller,,,
Campbell Private Wealth,Highfield Asset Management,,,,"6625 Cedar Blvd, New York, NY 10001"
King Private Wealth Group,Raymond James Financial Services,"King, Jacob",,,"257 Main Pl, San Jose, CA 95101"
Carter Asset Management Group,Edward Jones,Richard Carter,,,
Flores Private Wealth Group,UBS Financial Services,,,,
Young Capital,Parkside Wealth Strategies,"Moore, Donald",,,
Morgan Capital Group,Merrill Lynch Pierce Fenner & Smith,,,,"8190 Oak Ln, Las Vegas, NV 89101"
White Wealth Management Group,Wells Fargo Advisors,,,,
Liu Private Client Group,UBS Financial,,,,
Gomez Cap1tl Partners,Parkside Wealth,,kimn@parksidewealth.com,,
Ha1l Wealth Partners,Commonwealth Financial Network,,,George Hall|Timothy Garcia|Lisa Carter|Donald Parker,
Zhang Advisors,Kingsbridge Capital Advisors,Tom Harris,,,
Morris Investment Partners,Meridian Private Wealth,Robert Carter,rcarter@meridianpw.com,,"7538 Elm Court, Memphis, TN 38101"
Riera Advisory Gr0up,Ameriprise Financial Services,Amanda Rivera,,Am@nda Rivera|Kenneth Huang|Emily Diaz|Richard Moore|Dorothy Liu|Richard Stewart|Joseph Harris|Jessica Adams|Rachel Morgan|Sandra Allen|Christopher Hill,"6656 Maple Rd, Philadelphia, PA 19101"
Anderson Wealth Partners,Morgan Stanley,Dorothy Anderson,,,"568 Market Way, Seattle, WA 98101"
Jackson Inestment Group,Hilliard Lyons,Margaret Flores,,Margaret Flores|aul Torres|Richard Brown|Brian Nguyen|Jason Kim,"6603 Madison Court, Denver, CO 80201"
Young Advisory Group,Cetera Financial Group,,,,
Roberts Investmnt Partnrs,Highfield Asset Management,Charles Jones,,,
Taylor Private Client Group,Commonwealth Financial Network,,,Anthony Taylor|Richard Anderson,"3435 River Pkwy, Austin, TX 78701"
Evans Financial Group,Cambridge Investment Research,"Evans, Ronald",ron.evans@cambridgeinv.com,R0nald Evans|Christopher Anderson,
Moore Wealth Management Group,Oppenheimer &,,,Kenneth Gomez|Edward Morris|James Phillips|Michael Baker,
Gomez Wealth M@nagement Group,Hilliard Lyons,,patricia.gomez@hl.com,Patricia Gomez|Emily Cruz|Lisa Diaz|Emily Khan|David Martin|Timothy Gomez|Lisa Wilson,
Campbell Wealth Advisors,Janney Montgomery,,,,"2841 Elm Ave, Raleigh, NC 27601"
Allen Family Wealth Group,Morgan Stanley,"Zhan9, Lisa",,,"5567 Market Pkwy, Portland, OR 97201"
Parker Investment 9roup,Cetera Financial Group,"Parker, Mark",,,
Liu Wealth Advisors,Securities America,Ashley Liu,,,
Davis Family Office,Clearwater Capital Group,Amanda Davis,,Amanda Davis|L1nda Kim,"7555 Willow Rd, Washington, DC 20001"
Nelson Asset Management,Ridgeway Wealth,,,,"2561 River Pkwy, Denver, CO 80201"
Smith Capital Partners,Summit Peak Advisors,"Campbell, Jason",,,
Scott T@x& Wealth Group,Robert W. Baird & Co.,Tom Scott,,Thomas Sott|imothy Thompson,
Thomas Asset Management Group,Raymond James Financial Services,"Hall, Robert",,Robert Hall|Lisa Harris|Nancy Green,"9688 Maple Rd, St. Louis, MO 63101"
Wang Wealth Prtners,Wells Fargo Advisors,,swang@wellsfargoadv.com,Steven Wang|Rachel Wilson|Edward Morgan|Matthew Martin,"9881 Washington Pkwy, Dallas, TX 75201"
Carter Adisory Group,Raymond James,,jason.adams@raymondjames.com,,"5032 Maple Rd, Dallas, TX 75201"
Collins Private Wealth,Parkside Wealth Strategies,,megan.smith@parksidewealth.com,,"7773 Madison Way, Austin, TX 78701"
Wang Wealth Partners,Raymond James Financial Services,,mking@raymondjames.com,,
Khan Prate Clent Group,Morgan Stanley Wealth Management,John Kim,,John Kim|Richard Wright|Andrew Roberts|Patricia Edwards|Jason Jackson,
Cruz Asst Management,Crestwood Family,,,,
Evans Private Client Group,Morgan Stanley Wealth Management,,,,"3388 Maple St, Chicago, IL 60601"
Miller Privat3 Client Group,Stifel Nicolaus & Company,,,,
Lee Advisory Group,Commonwealth Financial Network,,dan.lee@commonwealth.com,,
Parker Advisors,Clearwater Capital Group,,,Mark Edwards|Andrew Parker|Richard G0mez|Linda Torres|Jacob Collins,
Hill Family 0ff1ce,Ridgeway Wealth,Helen Thomas,,Helen Thomas|George Allen,"1858 Madison Ln, San Francisco, CA 94101"
Diaz Institutional Group,Janney Montgomery,Robert Diaz,rdiaz@janney.com,Robert Diaz|Dorothy Thompson|James Taylor|Lisa Rivera|Barbara Jackson|Lis@ Yang|Timothy Campbell,"7382 Willow Blvd, New York, NY 10022"
Jones Investment Group,DA Davidson & Co.,"Garcia, Jennifer",jennifer.garcia@dadavidson.com,Jennifer Garcia|Paul Patel|Ronald Rivera,"2580 Spring Way, Austin, TX 78701"
Jones Tax & Wea1th Group,Janney Montgomery Scott,Michael Mo0re,,,
Scott Portfolio Group,National Planning Holdings,"Scott, Rach3l",,,
Baker Capitl Group,Commonwealth Financial Network,Ed Bake,bakere@commonwealth.com,,
Brown Portfolio Group,Cetera Financial,,,Jeffrey Ngyen|Jhn Kim|Daniel King,"4203 Oak Ave, Chicago, IL 60601"
Adams Asset Management Group,Wells Fargo Advisors,,,Patricia Baker|Ashley Cruz|Andrew White|Matthew Stewart|Patricia Taylor|Christopher Rivera,
Khan Financial Partners,Clearwater Capital Group,,,,
Huang Private WealthGroup,National Planning Holdings,J3ssica Huang,jessica.huang@nph.com,,
Evans Tax & Wealth Group,Hilliard Lyons,Lisa Evans,,,
Mitchell Capita1 Group,UBS Financial Services,,kev.cruz@ubs.com,,
Zhan9 We@lth Advisors,National Planning Holdings,Megan Taylor,taylorm@nph.com,Megan Taylor|Joseph Gomez|St3ven Thomas|essica Martin|Robert Brown,
Brown Investment Group,Oppenheimer & Co.,,,Anthony Zhang|Emily Yang|dward Harris|Mathew Harris,"3446 Spring St, Nashville, TN 37201"
Chen & Morgan Group,Woodbury Financial Services,,,Ronald Chen|David Liu|Helen Bker|Thomas Thompson|Jaon Williams|Richard Williams,
Mitchell Wealth Management,Northgate Investment Partners,Kev Nguyen,kev.nguyen@northgateinv.com,Kevin Nguyen|Jacob Nguyen|Ronald Wilson|Sandra Edwards|Sandra Carter|Edward Diaz|Joseph Kim,
Adams Private Wealth Group,Raymond James Financial Services,,,,"6124 Park Pl, Austin, TX 78701"
Smith @dvisory Group,Merrill Lynch Pierce Fenner & Smith,Rachel Smith,,Rachel Smith|Jason Harris,
Jones & @ssociates,Clearwater Capital Group,,,M1chael Jones|Megan Diaz|Donald Young|Thomas Phillips,"2176 Washington Rd, San Francisco, CA 94101"
Parker Private Wealth Group,DA Davidson & Co.,Betty Wright,,,"1358 Hill Court, Los Angeles, CA 90001"
Harris Asset Management,Meridian Private Wealth,,,Davi Diaz|Amanda Hall|Paul Garcia|Daniel Flores,"4483 Highland Court, San Jose, CA 95101"
Chen We@lth Advisors,Edward Jones,Rachel J0nes,rachel.jones@edwardjones.com,Rachel Jones|Charles Williams|Ashley Diaz|Joseph Johnson|Linda Chen|Karen Phillips,
Thompson Portfolio Group,UBS Financial,Paul Thompson,,Paul Thompson|Nancy Hall|JohnHuang|Nny Nguyen|Ashley Williams|Mark Jackson|Emily Khan|William Turner|Dorothy Kim|Paul Morgan|Sandra Edwards|Jacob King,
Parker Asset Management Group,DA Davidson & Co.,Dan Parker,,Daniel Parker|John Wang|Megan Mrris|Jennifer Kim,
Khan Financi@lPartners,Clearwater Capital Group,"Khan, Steven",,Steven Khan|Sandra Huang|Sandra Patel|Jason Kim|Jeffrey Morris|Michael Khan,"9782 Main Pl, Philadelphia, PA 19101"
Nguyen amily We@lth Group,Wells Fargo Advisors,"Morgan, Brian",bmorgan@wellsfargoadv.com,,
Thompson Wealth,Summit Peak Advisors,"Nelson, Kevin",,,"4194 Highland Rd, Raleigh, NC 27601"
Phillips Parters,Kingsbridge Capital Advisors,,,,
Jackson Family Office,Kingsbridge Capital,Jeff F1ores,,,
Anderson Investment Group,Stifel Nicolaus & Company,,,Kevin Anderson|Ashley Gomez|Sarah Williams|Helen Collins|Mark Brown|Timothy Martin,"912 Cedar St, San Antonio, TX 78201"
Cruz Retirement Solutions Grup,Robert W. Baird & Co.,"Diaz, Lisa",,,
Rivera Private Wealth Group,Ameriprise Financial Services,,jrivera@ampf.com,,
Torres Financial Group,Cetera Financial,,,Daniel Young|Charles Wang|Rachel Johnson|Richard Phillips,"4917 Main Blvd, Las Vegas, NV 89101"
RiveraFamily Wealth Group,Edward Jones,,,Sarah Rivera|Robert Parker|Jason Moore|Nancy Morris|6rian Garcia|William Kim,
Rivera Portfolio Group,Stifel Nicolaus & Company,,,Thoms Reyes|Patricia Parker|Ashley King|Paul Thomas|Joseph Morris|Sandra Davis,"9082 Madison Court, Kansas City, MO 64101"
Y0ung Advisors,Clearwater Capital Group,"Young, 3mily",eyoung@clearwatercap.com,Emily Young|Joseph Edwards|Donald Adams|Jason Liu|Margaret Torres|David Scott|Helen Rivera,"5485 Willow Dr, San Antonio, TX 78201"
Diaz Financial Group,Merrill Lynch Pierce Fenner & Smith,"Stewart, Jessica",jstewart@ml.com,,"3874 Madison Dr, San Francisco, CA 94101"
Gomez Institutional Group,Cetera Financial Group,,,,
Moore Portfolio 9roup,Cetera Financial Group,,,,"8196 Park Blvd, Memphis, TN 38101"
Morris Wealth Advisors,Cetera Financial Group,,,Dorohy Edwards|John Edwards|Christopher Jones|Thomas Rivera|usan Wang,
Scott Investment Group,DA Davidson & Co.,,,,
Gomez Walth Management,Clearwater Capital Group,Emiy Kim,,Emily Kim|Ashley Wang|Mar9aret Turner|Ashly Stewat,
Young Financial Partners,Clearwater Capital Group,,,,
King & Associates,Ameriprise Financial Services,Nancy King,,,"2995 Hill Ave, Denver, CO 80201"
Young Asset Management,Parkside Wealth,,sandra.young@parksidewealth.com,,
Thompson Financial Group,Wells Fargo Advisors,"Green, Jeffrey",,Jeffrey Green|Richard Kim|Mark Park3r|Jennifer Morris,
Miller Advisory Group,Robert W. Baird & Co.,Ed White,,Edward White|William Nelson|Steven oberts,
Smith Capital Partn3rs,Summit Peak Advisors,,mcollins@summitpeakadv.com,,
Adams Family Office,Harborview Private Wealth,,adamsj@harborviewpw.com,,
Nelson Institutional Group,Oppenheimer &,"Nelson, Paul",,Paul Nelso|Sandra Miller,
Patel Asset Management,Parkside Wealth Strategies,,,,
Rey3s Financial Group,Commonwealth Financial Network,"Reyes, Daniel",reyesd@commonwealth.com,Daniel Reyes|Jeffrey Jackson|Jame Green|Willia Hall|Helen Evans|Anthony Collins|Daniel Williams,
Martin Portfolio Group,Cetera Financial Group,,,,"6330 Lake Pl, Memphis, TN 38101"
Mitchell Financial Group,Woodbury Financial,,,,"4940 Lake Ave, Chicago, IL 60601"
Nelson Capital Group,Wells Fargo Advisors,,,Daniel Nelson|Linda Phillips|Margaret Cruz|Donald Johnson|Andrew Thompson,"1960 Lincoln Blvd, Austin, TX 78701"
Liu etirement Solutions Group,Cambridge Investment,,,,"6801 Highland Pl, New York, NY 10022"
Thompson Capital Partners,Parkside Wealth Strategies,,mthompson@parksidewealth.com,Michael Thompson|Emily Liu|Christopher Mitchell,
Turner rivate Wealth Group,Edward Jones,Patricia Carter,,,"5501 Highland St, Houston, TX 77001"
Wrght Private Wealth,Northgate Investment Partners,"Jackson, Susan",,Susan Jackson|Matthew Taylor,"9158 Oak Court, Los Angeles, CA 90001"
Flores Advisory Group,Hilliard Lyons,J3nnifer Flores,jennifer.flores@hl.com,Jennifer Flores|Ryan Campbell,
Hil Private Client Group,Wells Fargo Advisors,Barbara Hill,barbara.hill@wellsfargoadv.com,,"8044 Washington Rd, New York, NY 10022"
Stewart Private Wealth Group,UBS Financial,,,Steven Scott|David Jone|Will1am Rivera|John Johnson,"6290 Lincoln Blvd, Memphis, TN 38101"
Flores Partners,Northgate Investment Partners,"Flores, Jason",floresj@northgateinv.com,,
Thomas Wealth Management,Summit Peak Advisors,"Thomas, Betty",,,"5214 Spring Ln, Minneapolis, MN 55401"
Mil1er Family Wealth Group,Ameriprise Financial Services,,,Matthew Miller|Margaret Carter|Pau1 Baker,"9540 Lincoln Rd, Seattle, WA 98101"
Mitchell & Williams Partnes,Janney Montgomery,,,,"4107 Main Way, Charlotte, NC 28201"
Moore & Hall Advisors,Stifel Nicolaus & Company,"Moore, David",,,"7858 Lake St, Denver, CO 80201"
Roberts Portfolio Group,Oppenheimer & Co.,Ronald Roberts,robertsr@opco.com,Ronald Roberts|Linda Mitchell|Linda King|Brian Harris|Sarah Nelson|Timothy Baker,
Zhang Family Wealth Group,Cambridge Investment,,,,"1434 Cedar Ln, St. Louis, MO 63101"
uang Private Wealth Group,Edward Jones,Ashley Huang,ashley.huang@edwardjones.com,,
Reyes & Associates,Cetera Financial Group,,,,
Pillips Wealth Partners,Hilliard Lyons,Joe Martin,,Joseph Martin|Dan1el Moore,
Edwards Advisory Group,Morgan Stanley Wealth Management,Ken Edwards,kedwards@morganstanley.com,,
Taylor Private Wealth Group,Ameriprise Financial Services,,,,
Gomez Fami1y Wealth Group,Janney Montgomery Scott,SandraGomez,,,"5109 Lincoln Rd, Austin, TX 78701"
Khan Wealh Advisors,Wells Fargo Advisors,,,,"9722 Lincoln Pl, Memphis, TN 38101"
Jackson Wea1th,Summit Peak,,,,
Parker Financial Goup,Ameriprise Financial Services,,,,"5459 Market Ave, Dallas, TX 75201"
Campbell Private Wea1th Group,Cambridge Investment,Christopher Diaz,,Christopher Daz|Steven Cruz|Sandra Diaz|Patricia Turner|Michael Thomas,"3604 Hill Blvd, Phoenix, AZ 85001"
Johnson Retirement SolutionsGroup,Hilliard Lyons,Dan Johnson,,,
Kim Private Wealth Group,Hilliard Lyons,,dkim@hl.com,Dan1el Kim|Rachel Allen,"274 Jefferson Pl, Philadelphia, PA 19101"
Wang & Parker Advisors,Oppenheimer &,Richard Wang,,,"4257 Main Pkwy, Denver, CO 80201"
Huang Group,Clearwater Capital Group,,,,
Anderson Capital,Harborview Private Wealth,,,Jeffrey Anderson|Michael King|Richard Zhang|Jessica Thompson|atthew Diaz|Amanda Stewart|John Wright,
Zhang Privae Wealth,Clearwater Capital,,,,
Ander5on & Lee Group,Robert W. Baird & Co.,,,,
Roberts Financial Partners,Harborview Private Wealth,"Roberts, David",,,"1544 Maple Blvd, Chicago, IL 60601"
Patel Partners,Northgate Investment Partners,Christoph3r Patel,,Christopher Patel|Donald Allen|Edward Diaz|Matthew Stewart|Ryan Stewart|Thomas Allen|Michael Nguyen,
Anderson Investment Partners,Harborview Private Wealth,Andy Anderson,,,
Edwards Financial Group,Janney Montgomery,,,,"4434 Commerce Pl, Los Angeles, CA 90001"
Williams Wealth Management,Clearwater Capital Group,,,,
Patel Investment Partn3rs,Clearwater Capital,,,,
Wilson Financial Group,LPL Financial,"Wilson, Patricia",,Patrici Wilson|Robert King|Ronald Miller|Kevin Scott|James Tayl0r|Margare Baker,
Diaz Tax & Wealth Group,Oppenheimer & Co.,"Campbell, Karen",,,"1741 Willow Rd, Phoenix, AZ 85001"
Baker Advisors,Crestwood Family Office,Betty Bake,,Betty Baker|Betty Allen|Robert Kim|Mark Morris|Barbara Miller|Margaret Green|Jacob Thompson,"4238 Willow Pkwy, Kansas City, MO 64101"
Gomez Wealth Management Group,National Planning Holdings,Jacob 1u,,Jacob Liu|Susan Thomas|Thomas W1lson|George Wright|Michael Garcia|Paul Kim,
Khan Private Wealth,Northgate Investment,,,,"7615 Washington Way, Charlotte, NC 28201"
Jackson Tax & Wealth Group,DA Davidson,,,,"7838 Lincoln Way, Baltimore, MD 21201"
Kim Investment Group,Oppenheimer & Co.,"Kim, Ryan",,,
Anderson & Associates,Highfield Asset Management,Megan Anderson,manderson@highfieldam.com,,
Wang Wealth,Northgate Investment,Richard Zhang,,,"3869 Commerce Dr, Houston, TX 77001"
Young Wealth Partners,Cetera Financial,,charles.young@cetera.com,Charles Young|Daniel Taylor|BettyCruz|Susan Chen|Richard Nelson,"6437 Commerce St, Baltimore, MD 21201"
Scott Financial Partners,Summit Peak,David Scott,david.scott@summitpeakadv.com,David Scott|Emil Rivera|Nancy Cruz,"1761 Lincoln St, Memphis, TN 38101"
Hall Institutional Group,Ameriprise Financial Services,James Hll,jhall@ampf.com,,
Davis rivate Clent Group,Securities America,,,Andrew Collins|Charles Smith,"3030 Highland Ln, Indianapolis, IN 46201"
Gomez Wealth Partners,Oppenheimer & Co.,Timothy Gom3z,tim.gomez@opco.com,,
Cruz Private Walth,Highfield Asset Management,Megan Cruz,,,"4234 Spring Rd, Indianapolis, IN 46201"
Scott Asset Management Group,LPL Financial,,,Andr3w cott|Joseph Scott|Jason Williams|Jessica Stewart|Betty Harris|Daniel Garcia,"387 Spring Rd, San Francisco, CA 94101"
Wilson Wealth Advisors,Securities America,,wilsonr@secam.com,Richard Wilon|Dorothy Edwards|Amanda Harrs|Jason Lee,
Nelson Wealth Management Group,Cambridge Investment,,,,"1353 Willow St, San Jose, CA 95101"
Anderson Family We@lth Group,DA Davidson & Co.,John Anderson,,,"4308 Maple Ln, Kansas City, MO 64101"
Zhang Portfolio Group,Cambridge Investment Research,"Zhang, Jessica",,,
Morgan Capital,Crestwood Family Office,,,,"4635 Oak Pkwy, Denver, CO 80201"
Johnson &Wright Advi5ors,Cetera Financial,,tony.johnson@cetera.com,Anthony Johnson|Kevin King|Richard White|Mark Johnson|Timothy King|Mark Jones,"6888 Elm Rd, Baltimore, MD 21201"
Reyes Family Wealth Group,Woodbury Financial,Anrew Reyes,,,
Moor Capital Partners,Clearwater Capital Group,Ashley Moore,moorea@clearwatercap.com,,
Carter Private Wealth,Kingsbridge Capital Advisors,,,,
Evans Capital Group,National Planning Holdings,Chistopher Evans,,,"9355 Madison St, Indianapolis, IN 46201"
Nguyen Portfolio Group,Securities America,,,,"2123 Lincoln Dr, Chicago, IL 60601"
Morgan Private Client Group,LPL Financial,,,,
Turner Financial Partners,Highfield Asset Management,,,Mark Wilson|Dorothy Young|Ashley Taylor|Daniel Hill|Jacob Jackson|Dniel Diaz,"5306 Highland Court, Denver, CO 80201"
Mitchell Retirement Solutions Group,Janney Montgomery,,mitchellj@janney.com,,"5573 Jefferson Blvd, Raleigh, NC 27601"
Flores Family Office,Kingsbridge Capital Advisors,,,,
Roberts Institutional Group,Stifel Nicolaus,,,Emily Campbell|Brian Nguyen|Helen Rivera|Christopher Nelson|Kren Reyes,"7831 Maple Pl, Baltimore, MD 21201"
Anderson Capital Partners,Meridian Private Wealth,Don Anderso,don.anderson@meridianpw.com,,
Harris Institutional Group,Ameriprise Financial,,harrisd@ampf.com,,
Stewart Wealth Management Group,Merrill Lynch Pierce Fenner & Smith,,,,
Mitchll Wealth,Highfield Asset Management,,,Timothy Mitchell|Michael Young|Betty Chen|Jason Morgan|Robert Torres|Betty Collins|Barbara Turner,"8851 Main Way, Atlanta, GA 30301"
Green Financial Partners,Kingsbridge Capital Advisors,,jgreen@kingsbridgecap.com,John Green|Ryan Patel|Joseph Reyes|Christopher Torres|Margaret Parker|Jennifer Moore|Georg Liu,
Patel Capital Partners,Parkside Wealth Strategies,Don Patel,,,
Morris Advisors,Harborview Private Wealth,,,L1nda Morris|Ronald Martin|Emily Thompson|Megan illiams|Ryan Wilson,
Young Wealth Management Group,Raymond James Financial Services,,,Susan Young|Kennth Collins|Christopher Roberts|Kevin Allen,"3721 Willow Pkwy, Portland, OR 97201"
Adams Institutional Group,Commonwealth Financial Network,,,,"4931 Elm Blvd, Houston, TX 77001"
Martin Capita Group,National Planning Holdings,,jmartin@nph.com,James Martin|Lisa Diaz|Charles Gomez,
King Asset Management,Meridian Private,Barbara King,,B@rbara King|Daniel Baker|Nancy Smith|George Jones|Jennifer White,
Whte Investment Group,Janney Montgomery,Anthony White,,Anthony White|Emily Wang|Kevin Wang|James Chen|Jeffrey Zhang,"4659 Cedar Dr, Las Vegas, NV 89101"
Yang Advisors,Clearwater Capital Group,Susn Yang,,,"3418 Oak Ln, Austin, TX 78701"
Huang Wealth,Crestwood Family Office,,,,"1017 Market Dr, San Francisco, CA 94101"
Thompson Private Wealth Group,Robert W. Baird & Co.,Helen Thompson,,,
Thomas Private Wealth,Kingsbridge Capital,"Thoma, William",,,
Reyes Capital Partners,Highfield Asset Management,Joe Reyes,,,"3291 Jefferson St, Washington, DC 20001"
Diaz Wealth Partners,Cambridge Investment,Andy Diaz,,,"4428 Highland Dr, Boston, MA 02101"
Hall 1nvestment Group,Cambridge Investment Research,"Hall, Patricia",,,
Jackson Investment Partners,Northgate Investment Partners,,jhall@northgateinv.com,Jennifer Hall|Kenneth Kim|Emily Cruz|Chr1stopher Thomas|Jacob Hill|Betty Liu,
Zhang Capital,Summit Peak Advisors,,kev.king@summitpeakadv.com,Kevin King|Jacob Reyes|Paul White|Kenneth Torres|Ryan Gomez,
Wright Family Wealth Group,Raymond James Financial Services,,,,"5898 Spring Way, Miami, FL 33101"
Nelson Financial Partners,Summit Peak Advisors,"Nelson, Thomas",,Thomas Ne1son|Sarah Green|David Andeson|Sarah Young,
Kin9 Asset Management,Summit Peak Advisors,Charles Harris,,Charles H@rris|Paul Miller|William Harris|Sarah Yang|Linda Zhang,
Baker & Garcia Advisors,Crestwood Family,,rachel.baker@crestwoodfo.com,,
Davis Financial Group,Ameriprise Financial Services,,riverad@ampf.com,,
Roberts Wealth Advisors,Stifel Nicolaus & Company,,,William Green|Jacob Morgan|David King,"4371 Market Rd, Nashville, TN 37201"
Collins Group,Summit Peak Advisors,"Collins, Ronal",,,
Wight Advisory Group,Ameriprise Financial Services,Karen Wright,,,
Torres Partnes,Parkside Wealth Strategies,,torresb@parksidewealth.com,,"9368 Oak Court, Indianapolis, IN 46201"
Jones Portfolio Group,Merrill Lynch Pierce Fenner & Smith,Jeff Parker,,,
Nelson Financial Group,Cetera Financial Group,Pal Nelson,,,
Smith Portfolio Group,National Planning Holdings,Ryan Kim,kimr@nph.com,,"6488 Main Dr, New York, NY 10001"
King Asset Management,Ridgeway Wealth Management,"King, Jacob",,,
Morgan Capital,Meridian Private Wealth,"Lee, George",,George Lee|Matthew Allen|Kevin Gomez|Jennifer Harris,
Thompson Adisory Gr0up,LPL Financial,,,Sandra Thompsn|Joseph Chen|Jeffrey Zhang|Paul Parker|Joseph Davis|Ronald Campbell,"3659 Willow St, Raleigh, NC 27601"
Nguyen Capital Partners,Crestwood Family,,tony.nguyen@crestwoodfo.com,Anthony Nguyen|Rachel Lee|Joseph Garcia|Daniel Rivera|Rachel Reyes,
Taylor Pr1vat3 Client Group,Cambridge Investment Research,Joseph Taylor,,Joseph Taylor|Margart Thomas,
Rivera Private Wealth Group,Commonwealth Financial Network,"Adams, Anrew",aadams@commonwealth.com,,"7586 Main Ln, New York, NY 10001"
G@rcia Institutional Group,Stifel Nicolaus & Company,Chrles Morr1s,,,"6484 Commerce St, Portland, OR 97201"
Ro6erts Wealth Management Group,Stifel Nicolaus & Company,"R0berts, Danie1",,,
Huang Grou,Summit Peak Advisors,,,,"4901 Madison Blvd, Austin, TX 78701"
Patel Wealth Management Group,Oppenheimer & Co.,,patelj@opco.com,,"5532 Commerce St, New York, NY 10001"
Reyes A5set Management,Northgate Investment,,,,
lores Retirement Solutions Group,Commonwealth Financial Network,"Flores, Dorothy",,,
Wilson Capital Group,Commonwealth Financial Network,"Wilson, Steven",swilson@commonwealth.com,Steven Wilson|Matthew Wilon|Mark Rivera|Thomas Khan|Charles White|George 9arcia,
Collins & Associate,Crestwood Family Office,,rick.collins@crestwoodfo.com,,"4725 Cedar Dr, Portland, OR 97201"
Parker Wealth Management,Harborview Private,Dorothy Parker,dorothy.parker@harborviewpw.com,,"8618 Hill Blvd, Denver, CO 80201"
Turner Partner,Highfield Asset Management,Nancy Trner,,Nancy Turner|Christopher Hill|Sarah Smith|Richard Lee|Helen Stewart|Sarah Nelson|Ryan Brown|Brian Diaz|Daniel Turner,
Baker Retirement Solutions Group,National Planning Holdings,,,,"5734 Lincoln Way, Philadelphia, PA 19101"
Kim Private Wealth,Northgate Investment Partners,Barbara Kim,,Barbara Kim|Jacob Carter|Dorothy Parker|Richard Parker|Jennif3r Morris,"5625 Washington Rd, Portland, OR 97201"
Jones Private Clien Group,Cambridge Investment Research,Steve Jones,,,
Young Investment Grup,Securities America,"Young, Timothy",,,"5795 Jefferson Ln, Dallas, TX 75201"
Thomas Investment Group,DA Davidson,John Yon9,,,
Brown Private Client Group,Cambridge Investment Research,,,,
Collins Capital,Clearwater Capital Group,"Collin, Ryan",,,"8960 Madison Dr, Las Vegas, NV 89101"
Smith Wealth,Crestwood Family Office,,,,
Hll Financial Partners,Summit Peak Advisors,,,,
Davis Family Wealth Group,Raymond James Financial Services,"Davis, Betty",,Betty Davis|Paul Morris|Sarah Smith|Kevin Davis|Susan Allen|Susan Miller|Jacob Turner,"9699 Elm Dr, Baltimore, MD 21201"
White Institutional Group,Woodbury Financial Services,Patrica White,whitep@woodburyfs.com,,
DavisIstitutional Group,DA Davidson & Co.,Steven Davis,,Steven Davis|Susan Miller|David Reyes,"7743 Washington Way, Indianapolis, IN 46201"
Huang Caita1 Group,Woodbury Financial Services,,,Ro6ert Torres|Richard Huang|Jacob Thompson|Jason Reyes|Paul Yang|Steven Turner|Barara Wright|James Anderson|Charles Taylor,"4053 Commerce Ln, Boston, MA 02101"
Chen & Campbell Partners,Cetera Financial Group,George Ch3n,cheng@cetera.com,,"5943 Main Ave, Los Angeles, CA 90001"
Lee Family Wealth Group,Wells Fargo Advisors,,,Tomas King|Nancy Williams|Megan Miller|Rachel Chen|Brian Miller|Emily Mille|Joseph Morris,
Gomez Private Client Group,Stifel Nicolaus & Company,Karen Gomez,,,
Parker Partners,Northgate Investment Partners,Sandra Parker,,,
Scott Retirement Solutons Grou,Ameriprise Financial Services,Steve cott,sscott@ampf.com,Seven Scott|Sarah Nelson,"5736 Lake Rd, Austin, TX 78701"
Martin Financial Partners,Harborview Private,TimothyKing,,,
Khan Reirement Solutions Goup,Securities America,"Khan, Jeffrey",,Jeffrey Khan|Kevin Hill,"3828 River Ave, San Jose, CA 95101"
Hall W3alth Partners,Oppenheimer & Co.,Aanda Hall,,,"3150 Lincoln Dr, Raleigh, NC 27601"
Gomez Wealth Partners,Wells Fargo Advisors,Jennifer Jackson,jennifer.jackson@wellsfargoadv.com,Jennifer Jackson|David Garcia|Timothy Phillips|Betty Evans|Linda Jones,
Hill Investment Partners,Parkside Wealth Strategies,,,Ashley Moore|Nancy M1ller|Jeffrey Lee|Megan Rivera|Matthew Brown,"2488 Spring Court, Atlanta, GA 30301"
Evans & Miller Partners,Highfield Asset Management,"Evan5,Andrew",,,
White Retirement S0lutions Group,Morgan Stanley,"Green, Robert",greenr@morganstanley.com,,
6aker Retirement Solution Group,Morgan Stanley Wealth Management,"Baker, Amanda",bakera@morganstanley.com,,"7291 Highland Court, Indianapolis, IN 46201"
Roberts Tax & Wealth Group,DA Davidson & Co.,,,,
Jones Family Wealth Group,Securities America,Lisa Jones,ljones@secam.com,Lisa Jones|Barbara Collins,"2303 Lake Court, San Jose, CA 95101"
King & Miller Group,Commonwealth Financial Network,,kingj@commonwealth.com,,
Evans Financial Group,UBS Financial Services,Dorothy Evans,,,
Yang Private Welth,Kingsbridge Capital Advisors,,,,
Yang Family Wealth Group,National Planning Holdings,Jim Cruz,,,
Edwards W3lth Advisors,Janney Montgomery Scott,,edwardsj@janney.com,Jessica Edwads|Margaret Moore|Jacob Mitchell|Edward Gomez|Sarah Huang|James Evans,"5091 Lake Pkwy, San Jose, CA 95101"
Morri5 Capital Group,UBS Financial,Matt Davis,,,"9724 Maple Pkwy, Chicago, IL 60601"
Johnson Institutional Group,LPL Financial,,,Steven Hall|Emily Edwards|Edward Nguyen|Sandra Collins|Kenneth Wright,
Anderson Private Wealth Group,Raymond James Financial Services,Jennifer Anderson,andersonj@raymondjames.com,,
Wright Capital Partners,Kingsbridge Capital Advisors,,,,
Mi1ler & Patel Group,Ridgeway Wealth Management,"Mller, Karen",,Karen Miller|John Khan|Emily Roberts|Karen Zhang,
Thomas Institutional Group,Merrill Lynch Pierce Fenner & Smith,,,,
Torres Portfoio Group,Raymond James Financial Services,"Torres, Megan",mtorres@raymondjames.com,,"2998 Jefferson Blvd, Portland, OR 97201"
Kim & Rivera Adv1sors,Parkside Wealth,,,Kenneth Kim|L1nda Thomas,"1865 Washington Pkwy, Austin, TX 78701"
vans Tax & Wealth Group,Woodbury Financial Services,"Evans, Charles",evansc@woodburyfs.com,Charles Evans|George Carter,"5627 Highland Ln, San Francisco, CA 94101"
Harris Capital Group,Merrill Lynch Pierce Fenner & Smith,Jennifer Harris,,,
Khan & Associates,Parkside Wealth Strategies,"Khan, Patrici@",,,
Mitchell Institutional Group,DA Davidson,,,Ronald Bker|Andrew Turner|andra Hill|James Anderson|Steven Huang,"3392 Spring Blvd, Dallas, TX 75201"
Garcia Financial Gr0up,Cetera Financial,,linda.johnson@cetera.com,Linda Johnson|Linda Patel|Jacob Young|Jac0b Cruz|Ronald Brown,
Thomas Private Wea1th Group,Cambridge Investment Research,"Nguy3n, Stev3n",,Steven Nguyen|Michael Mitchell|Kenneth Nguyen|Matthew Scott|Jessica 6rown|Edward Huang|Nancy White|Kevin Garcia,"5131 Highland Blvd, Portland, OR 97201"
Rivera Wealth Advsors,Cetera Financial Group,Jeffrey Rivera,,,"3021 Willow St, Denver, CO 80201"
Collins Prvate Wealth,Highfield Asset Management,,,,
Anderson Family Office,Clearwater Capital Group,"Wilson, Ashley",awilson@clearwatercap.com,Ashley Wil5on|Donald Evans|George Martin|Kevin Allen|Rachel Torres|Emily Huag,"3841 Lincoln St, Austin, TX 78701"
Stewart Tax & Wealth Group,Edward Jones,Brian Stewart,,Brian Stewart|Paul Chen|Matthew Lee|Jacob Hall|Steven Philips,
Edwards sset Management Group,Morgan Stanley Wealth Management,"Edwards, Kvin",,,
Jones Invstment Group,LPL Financial,"Jones, Linda",jonesl@lpl.com,,
Garcia Asset Mangment,Clearwater Capital Group,"Baker, J3nnifer",bakerj@clearwatercap.com,,
Edwards Private Client Group,Merrill Lynch Pierce Fenner & Smith,Ryan Edwards,,RyanEdwards|Charles Adams|Megan Morgan|Robert Parker|Barbara Morgan|Matthew Morgan|Anthony Reyes,
Roberts Wealth Management Group,Oppenheimer & Co.,"Roberts, Robert",,Robert Roberts|Brian Brown|Betty Nguyen,
Rivera Privte Wealth Group,Raymond James Financial Services,,,Andrew Rivera|John Hung|Ashley Jones|Donald Phillips|Susan Young,
Moore Wealth Advisors,Securities America,Christopher Moore,,,"5302 Cedar Ave, New York, NY 10022"
Cruz Advisors,Highfield Asset Management,,,,"196 Main Pkwy, Charlotte, NC 28201"
Jones WealtManagement Group,National Planning Holdings,"Jones, Jessica",,Jessica Jones|Ashley Wang|Jeffrey Harris|Edward Hall|Amanda Martin,
Nelson Financial Group,Hilliard Lyons,Kev Nelson,,,
Stewart Wealth M@nagement Group,LPL Financial,,barbara.brown@lpl.com,,
Jackso Family 0ff1ce,Kingsbridge Capital Advisors,,,Ashley Jones|Karen Wright|BettyWilson,
Jackson Advisors,Crestwood Family Office,"Jackson, Susan",,Susan Jackson|George Patel|Amanda Torres|Dorothy Carter|Ryan Patel|Margaret Torres|Brian Allen,
Moore Financial roup,Edward Jones,Betty Moore,,,"1880 Jefferson Rd, Nashville, TN 37201"
Anderson Financial Grou,Cambridge Investment,,sanderson@cambridgeinv.com,Sandra nderson|Paul Stewart|Edward Roberts,
Diaz & Taylor Partners,Northgate Investment Partners,"Diaz, Charles",,Charles Diaz|Donald Hung|Jeffrey Wilson|Ryan Kim|Linda King,"9521 Park Blvd, Minneapolis, MN 55401"
Evans Wealth Advisors,Woodbury Financial Services,,rachel.mitchell@woodburyfs.com,,
King Privte Wealth,Meridian Private Wealth,David King,,,"3426 Elm Dr, Kansas City, MO 64101"
Gomez Capital Partners,Parkside Wealth Strategies,,,Barbara Zhang|Christopher Yan9|Jessica Wang|Amanda Flores|Karen Hill,
Carter Institutional Group,LPL Financial,,,,
Edwards Retirement Solutions Group,Morgan Stanley Wealth Management,Rachel Edwards,redwards@morganstanley.com,,
Jones Capital,Highfield Asset Management,,,,
Young Group,Kingsbridge Capital Advisors,,,Sarah Youn|Margaret Taylor|Karen Zhang|Steven Thomas|Barbara Thompson|Susan Yang,
Hall Private Wealth,Parkside Wealth Strategies,J3ssica Edwards,,,"2834 Lake Rd, New York, NY 10022"
Carter Institutional Group,Merrill Lynch,Jennifer Carter,,Jennifer Carter|Matthew Yang|Patricia Nguyen|Nancy Williams|Ronald Cruz,"2240 Main Pkwy, Boston, MA 02101"
Nguyen Capital Group,Robert W. Baird & Co.,,,,
Thompson Private Wealth Group,Commonwealth Financial Network,"Thompson, Andrew",,,
Miller Advisory Group,Raymond James Financial Services,Ryan Miller,ryan.miller@raymondjames.com,,"1319 Willow Ave, Phoenix, AZ 85001"
Stewart Financial Partners,Crestwood Family,,,,
Wilson Advisory Grop,UBS Financial Services,,,,
Hall Portfolio Group,Edward Jones,Thomas Allen,tallen@edwardjones.com,Thomas Allen|Ashley Anderson|Ry@n Torres|Anthony Smith,"3148 River Pkwy, Seattle, WA 98101"
Garca Investment Group,Cambridge Investment Research,,jgarcia@cambridgeinv.com,,"3339 Elm Court, San Diego, CA 92101"
Anderson Retirement Solutions Group,Merrill Lynch Pierce Fenner & Smith,,,,
Harris & Associates,Hilliard Lyons,,harrisj@hl.com,Jeffrey Harris|Michael Jones,"214 Hill Rd, Memphis, TN 38101"
Yang Family Wealth Group,Commonwealth Financial Network,,yangl@commonwealth.com,Lisa Yang|Ashley Smith|Jeffrey Cruz|David King|Rachel Morg@n|Karen Edwards|Edward Phllips,"1089 Madison Ave, Las Vegas, NV 89101"
Robert5 Investment Partners,Ridgeway Wealth Management,William Roberts,,,
Taylor Wealth Management Group,Stifel Nicolaus & Company,"Taylor, Rachel",,,
Johnson Retirement Solutions Group,DA Davidson & Co.,,johnsonm@dadavidson.com,,
JohnsonAsset Management Group,Edward Jones,,,Richard Johnson|Betty Taylor|Kenneth Chen|Helen Thompson|Mark Thomas,
Reyes Financial Group,Commonwealth Financial Network,"Reyes, Megan",,Megan Reyes|Lisa Miller,
Collins Financi@l Group,Merrill Lynch Pierce Fenner & Smith,,,,
Wr1ght & Associates,Kingsbridge Capital Advisors,,,,
Huang Investment Group,Hilliard Lyons,Joe Huang,,Joseph Huang|Margaret Harri5|Anthony King|Ronald White|Linda Turner,"6154 Commerce Ave, Washington, DC 20001"
Hall Welth Management,Clearwater Capital,,dhall@clearwatercap.com,Donald Hall|Nancy Morris,
King Priate Wealth Group,Raymond James Financial Services,,,,"8770 Jefferson Pkwy, Seattle, WA 98101"
Baker & Gomez Advisors,Northgate Investment Partners,,mbaker@northgateinv.com,,
Lee Private Client 9roup,Securities America,Matthew Lee,,,"3183 Cedar Rd, St. Louis, MO 63101"
Moore & Associates,Robert W. Baird & Co.,Anthony Moor,,,
Adam5 Private ClientGroup,LPL Financial,"Stewar, Brian",stewartb@lpl.com,Brian Stewart|Sarah Johnson|Joseph Brown|Sarah arter|Karen Green|Charles Carter,
Moore Capital Group,Commonwealth Financial Network,,megan.nguyen@commonwealth.com,Megan Nguyen|Ryan Wiliams|Brian Young|Amanda Johnson,
Morris Portfolio Group,Oppenheimer & Co.,,,,
Torres Capital Group,Merrill Lynch Pierce Fenner & Smith,Ryan Torres,,Ran Torres|6etty Mitchell,
Lee Investment Group,Raymond James Financial Services,,,,
Diaz Retirement Solutions Group,Morgan Stanley Wealth Management,,mike.diaz@morganstanley.com,,
Nguyen Private Client Group,Oppenheimer & Co.,,,Sarah Nguyen|Timothy Edwards|Margaret Carter|William Williams|Matthew Gomez|Robert Jackson|Mark Gomez,"6584 Market Rd, New York, NY 10001"
Scott Family Wealth Group,Commonwealth Financial Network,Emily Thompson,,Emily Thomson|Betty Jackson|Robert Green|Edward Smith,"1420 Willow Court, Washington, DC 20001"
Stewrt Portfolio Group,Morgan Stanley Wealth Management,Ke Stewart,,,"4710 Highland Pl, San Diego, CA 92101"
King Tx & Wealth Group,Oppenheimer & Co.,,mking@opco.com,Matthew King|Megan Diaz,"4365 Cedar Rd, Charlotte, NC 28201"
Nguyen Private Client Group,Wells Fargo Advisors,,,,"1848 Park Dr, Kansas City, MO 64101"
White Wealth Management,Kingsbridge Capital Advisors,Susan Wilson,,Susan Wilson|Jacob Diaz|Ronald Reyes,"4234 Market St, Philadelphia, PA 19101"
Nguyen Family Wealth Group,Commonwealth Financial Network,"Lee, Paul",,Paul Lee|Megan Young|Donald Jones|Sarah Martin,
Liu Wealth Management Group,Woodbury Financial,Mike Brown,,,"611 Oak St, Las Vegas, NV 89101"
oberts Investment Group,DA Davidson & Co.,,jroberts@dadavidson.com,,"1693 Willow Dr, New York, NY 10022"
Williams Tax & Wealth Group,Janney Montgomery Scott,Jacob Williams,,,
Liu Capital Partners,Ridgeway Wealth Management,,liuj@ridgewaywm.com,John Liu|Rahel Edwards|Helen Thompson|Paul Johnson|Ronald Roberts,
Reyes Family Wealth Group,Commonwealth Financial Network,"Carter, Willam",,Wlliam Carter|Robert Hall,"2611 Maple Ln, Philadelphia, PA 19101"
Flores Investment Group,Cetera Financial Group,"Hill, Thomas",,Thomas Hill|Timothy Young|Jason Baker|Matthew han|Mark Morris|Barbara Young,
Parker Wealth Partners,Robert W.,,,,
Carter Group,Meridian Private Wealth,,,,
Mitchell Investment Group,Ameriprise Financial Services,"Mitchel1, Patricia",,,
Nelson Capital Group,DA Davidson & Co.,,,,"4891 Commerce Court, Houston, TX 77001"
Morris Wea1th Adviors,Ameriprise Financial Services,,,Ashley Morris|Charles Phillips|Kevin Chen|Jeffrey Taylor|Emily Wilson|Anthony Lee|Steve Kim|Matthw Young,"2791 Oak Pl, Portland, OR 97201"
Garcia Family Office,Harborview Private Wealth,Richard Davis,davisr@harborviewpw.com,,"1933 Highland St, Denver, CO 80201"
Davis Capital Group,Oppenheimer & Co.,Jason Tores,jason.torres@opco.com,,"6216 Lincoln Court, Nashville, TN 37201"
Diaz Financial Group,Stifel Nicolaus,,,,"2651 Park St, Miami, FL 33101"
Martin Financial Group,Merrill Lynch Pierce Fenner & Smith,,,,"2048 Willow Ln, Indianapolis, IN 46201"
Evans Portfolio Group,Commonwealth Financial Network,"Evans, Kevin",kevans@commonwealth.com,,
Miller Asset Management Group,Securities America,Jac0b Miller,,Jacob Mill3r|Robert Hall|Ryan Yang|David B@ker|Steven Mitchell,
Harris Family Wealth Group,Merrill Lynch Pierce Fenner & Smith,David Harris,david.harris@ml.com,David Harris|Robert King|Kenneth Carter|Jacob Collins|Ashley Jackson,
Miller Wealth Management Group,Woodbury Financial Services,,,Margaet Miller|Daniel Nelson|Paul Edwards|Emily Nguyen|Jessica Diaz|Jason Brown,
Davis Faily Wealth Group,Robert W.,Dan Carter,,,"8566 Washington Way, Seattle, WA 98101"
Cruz Investment Group,Cetera Financial Group,"Cruz, Joseph",,,"1358 Commerce Way, Philadelphia, PA 19101"
Whit Caital Group,Janney Montgomery Scott,,,Daniel White|Josep Miller|Christopher Wilson|Thomas Stewart|Megan Roerts|John Adams|Linda Torres,"9661 Commerce Dr, Boston, MA 02101"
Green Partners,Summit Peak Advisors,"Roberts, Steven",,,"8704 Willow Court, Portland, OR 97201"
Scott Capital Partners,Highfield Asset Management,George Scott,,,"6675 Lake Blvd, Denver, CO 80201"
Parker Wea1th Advisors,Edward Jones,Ashley Parker,ashley.parker@edwardjones.com,,"6216 Hill Way, Nashville, TN 37201"
Smith Private Wealth,Harborview Private Wealth,,bsmith@harborviewpw.com,,
Huang Capital Partners,Parkside Wealth Strategies,Don Huang,dhuang@parksidewealth.com,Donald Huang|Daniel Nguyen,
Turner Wealth Advisors,Securities America,Kev Turner,,,"1261 Elm Court, Houston, TX 77001"
Tayl0r Adv1sory Gr0up,Merrill Lynch Pierce Fenner & Smith,,,,"6874 Willow Dr, Miami, FL 33101"
Reyes & Torres Advisors,Edward Jones,"Reyes, George",reyesg@edwardjones.com,George Reyes|Jeffrey Wang|Thomas Baker,
Liu Asset Management roup,Woodbury Financial Services,,bliu@woodburyfs.com,Barbara Lu|Sandra Phillips,
Jones Wealth Advisors,Morgan Stanley Wealth Management,,robertsd@morganstanley.com,David Roberts|Brian Khan|Jessica Phillips|Jennifer Hill|Linda Campbell,"1490 Elm St, Atlanta, GA 30301"
Zhang Financial Group,Oppenheimer & Co.,"Wilson, Susan",wilsons@opco.com,,
Evans Institutional Grup,Securities America,,,,"1131 Hill Rd, San Diego, CA 92101"
Lee Capital Group,Janney Montgomery Scott,Charles Carter,charles.carter@janney.com,,"8581 Madison Rd, Baltimore, MD 21201"
Young Advisors,Northgate Investment Partners,Ronald Young,ron.young@northgateinv.com,Ronald Young|Rachel Campell|Daniel Davis|Jason R3yes|Andrew Turner,
Phillip5 Private Client Group,Stifel Nicolaus & Company,Tony Phillips,,Anthony Phillips|Timothy Thompson|Emily Nelson|Jessica Wright|Charles Martin,"5627 Commerce Pl, Phoenix, AZ 85001"
Martin Private Wealth Group,Woodbury Financial Services,,,isa Campbell|Steve Kim|Jennifer Young|Jeffrey Jones,
Gomez Investment Partners,Parkside Wealth,"Gomez, Helen",,,
Anderson Private Wealth Group,Wells Fargo Advisors,,,,"6020 Oak St, Raleigh, NC 27601"
Cruz Asset Management Group,Wells Fargo,Jeffrey Cruz,jeff.cruz@wellsfargoadv.com,,
Kim Asset Management,Northgate Investment,Ryan Thompson,,Ryn Thompson|Mark Taylor|Nancy Jackso|Jessica Evans|John Taylor|Andrew Reyes,"5892 Lake Blvd, Miami, FL 33101"
Stewart Portfolio Group,Merrill Lynch Pierce Fenner & Smith,Emily Stewart,,,"4519 Commerce Ave, Minneapolis, MN 55401"
Miller Wealth Management Group,Stifel Nicolaus & Company,Paul M1lle,,,"4012 River Ln, Baltimore, MD 21201"
Stewart Tax & Wealth Group,Ameriprise Financial Services,Emily Hal1,,,
Wright Prvate Wealth,Highfield Asset Management,,,Susan Wright|Megan Jackson|Karen Moore|Timothy Jones|MeganChen,"439 Market Pkwy, Seattle, WA 98101"
Nguyen Capital,Harborview Private Wealth,d Nguyen,,Edward Nguyen|Donald Collins|Andrew Yan|Mark Nguyen,"6719 Park Pl, Philadelphia, PA 19101"
Johnson Institutional Group,Woodbury Financial Services,,don.smith@woodburyfs.com,,"9329 Maple Way, San Antonio, TX 78201"
Nguyen Wealth Management Group,Hilliard Lyons,,,,"8143 Jefferson Ln, Indianapolis, IN 46201"
White Retirment Solutions Group,LPL Financial,,jevans@lpl.com,,
Garcia Group,Northgate Investment Partners,"Garcia, Mark",,,
Taylor Wealth Advisors,Cetera Financial Group,,,Megn Lee|Jeffrey Anderson|Andrew Carter|Christopher Harris|John Khan|Matthew Phillips|Joseph Jones,"1194 Maple Pkwy, San Antonio, TX 78201"
Jon3s Financial Partners,Harborview Private Wealth,,,George Gomez|Daniel Moore|Jessica Kim|Kevin Morgan,
Patel Wealth Management Group,LPL Financial,"Patel, Donald",,,
Hill Capital,Highfield Asset Management,"Hill, Michael",hillm@highfieldam.com,,
Nelson Advisors,Summit Peak Advisors,"Patel, Jacob",,,
Morris Asset Management Group,Commonwealth Financial,Edward M0rris,,,
Rivera Retirement Solutions Group,Cetera Financial,,,,"8287 Oak Dr, Houston, TX 77001"
Johnson Tax & Wealth Group,Stifel Nicolaus & Company,Charles Johnson,,Charles Johnson|Timothy Nelson,"3820 Jefferson Rd, Portland, OR 97201"
M0ore Tax & Wealth Group,UBS Financial Services,Anthony Flores,,Anthony Flores|Sandra Jones|Megan Young|Rachel Wright|Jacob Parker,
aker & Carter Partners,Cambridge Investment Research,Helen Baker,,,
Turner Wealth Advisors,Cambridge Investment Research,Karen Chen,,Karen Chen|Dorothy Scott|Amanda King|Andrew Torres|Michael Khan|Lisa Khan|Mark Morgan,"6182 Jefferson Ln, New York, NY 10001"
Morris Financial Group,Wells Fargo Advisors,"Morris, Ashley",,,"7200 Market St, Raleigh, NC 27601"
Reyes Family Wealh Group,Ameriprise Financial Services,Jason Reyes,,,"4476 Elm Dr, Houston, TX 77001"
Roberts Advisory Group,Edward Jones,"Huang, Ashley",huanga@edwardjones.com,,
P@tel Wealth,Crestwood Family,Brian Hill,,,"3689 Washington Way, San Francisco, CA 94101"
Wriht & Associates,Highfield Asset Management,"Wright, Jeffr3y",jwright@highfieldam.com,,"5449 Elm Pkwy, Denver, CO 80201"
Wright Wealth Advisors,Commonwealth Financial Network,"Wright, Paul",,,
Liu @dvisors,Summit Peak Advisors,Matthew Jackson,,Matthew Jacksn|Karen Flores|Jeffrey Hill|Margaret Roberts|Jennifer Allen,
Baker Tax  Wealth Group,LPL Financial,Amanda Baker,,Amanda Baker|Charles Flores|Patricia Johnson|Jennifer Torres|Joseph Allen,"1186 Spring St, Raleigh, NC 27601"
Liu Financial Group,Stifel Nicolaus & Company,Linda Liu,,Linda Liu|AndrewHarris|Amanda Khan,"6593 Park Ln, Washington, DC 20001"
Taylor & Associates,LPL Financial,,,,"5459 Lincoln Ave, Washington, DC 20001"
Green Financial Group,Raymond James,Jessica Green,jessica.green@raymondjames.com,,
Cruz Tax & Wealth Group,Hilliard Lyons,,,,
Lee Tax & Wealth Group,Woodbury Financial Services,James Lee,,,"3249 Washington Ln, Minneapolis, MN 55401"
Young Capital,Clearwater Capital Group,,,,
Baker Priv@te Client Group,LPL Financial,Tony Baker,,,
Garcia Wealth Management Group,Raymond James Financial Services,,,,"9728 Cedar Blvd, Portland, OR 97201"
Harris Family Walth Group,Oppenheimer & Co.,"Harris, Rachel",,Rachel Harris|George Carter|JasonGomez|Kenneth Kim|Timothy Jackson|Patricia Diaz|Robert Torres,"7990 Madison Ave, Indianapolis, IN 46201"
Thomas Capital Group,LPL Financial,,,,"1182 Oak Rd, New York, NY 10022"
Stewrt Family Wealth Group,Raymond James Financial Services,,stewarts@raymondjames.com,,
Hall Tax & Wealth Group,Cetera Financial,,,,"5581 Oak Blvd, Houston, TX 77001"
Wright Private Client Group,Hilliard Lyons,Tim Wright,,Timothy Wright|Matthew Jackso|Charles Wright|Edward Parker|Jeffrey Stewart|Barbara Thompson,
Liu Wealth Advisors,Cambridge Investment Research,William Kim,,,"9774 Park Ln, Las Vegas, NV 89101"
Gomez Institutional 9roup,Morgan Stanley Wealth Management,Margaret Gomez,,,
Lee Advisors,Kingsbridge Capital Advisors,,,Linda Reyes,
Green & A5sociate5,DA Davidson,James Green,greenj@dadavidson.com,,"1346 Hill Court, Minneapolis, MN 55401"
Brown Financial Group,Woodbury Financial Services,"Brown, George",,,
Reyes Capital Group,DA Davidson,"Reyes, Helen",,,
Johnson Private Wealth Group,Stifel Nicolaus & Company,"Johnson, Patricia",,Patricia Johnson|Steven Flores|Christopher Yang|Sandra Jackson|Jason Taylor|Karen Mller|Ryan Kim,
Mitchell & Associates,Janney Montgomery,,mitchellk@janney.com,,"9089 Maple Ave, Memphis, TN 38101"
Morgan Private Client 9roup,Merrill Lynch Pierce Fenner & Smith,Chris Reyes,creyes@ml.com,Chri5topher Reyes|Jacob Chen|Jacob Mitchell|Dorothy Rivera|Joseph Baker|George Evans|Kenneth Moore|John Flores,"4524 Cedar Way, Phoenix, AZ 85001"
Scott Private C1ient Group,Robert W.,Tom Davis,,,
Taylor Wealth Advisors,Raymond James,Jennifer Taylor,,,"8862 Commerce Pl, Philadelphia, PA 19101"
Evans Institut1onal Group,LPL Financial,"Evan, Matthew",,,
Williams Capital Partners,Highfield Asset,,,,"3181 Willow St, New York, NY 10001"
Garcia Capital,Meridian Private,,,,
Patel Capital Partners,Summit Peak Advisors,Robert Patel,,Robert Patel|Robert Zhag|R1chard Brown|Kenneth P@rker,
Martin Retiremet Solutions Group,Raymond James Financial Services,,,Ronald Martn|Sus@n Torres,
Allen Family Wealth Group,Merrill Lynch Pierce Fenner & Smith,Betty Scott,,Betty Scott|Daniel Collins|David Huang|Thomas Kim|David Jones|Linda Phillips,"5012 Main St, Indianapolis, IN 46201"
Phillip5 Retirement Solutions Group,Cambridge Investment Research,Megan Phillips,,Megan Phillips|Sarah Liu|Joseph Anderson|Emily Jackson,
White Wealth Management roup,National Planning Holdings,"White, David",,,
Huang & Associates,Parkside Wealth Strategies,Emily Huang,,Emily Huang|Ryan Kim|Robert Allen|Margaret Garcia|George Wright,"9046 Highland Rd, Dallas, TX 75201"
Brown Investment Goup,Robert W. Baird & Co.,"Brown, Jeffrey",,,"1226 Main Ave, Chicago, IL 60601"
Mitchell Private Wealth Group,Hilliard Lyons,Betty Mitchell,,etty Mitchell|Daniel Diaz,
Turner Financial Partner5,Meridian Private Wealth,Rick Turner,,,"375 Park Blvd, Seattle, WA 98101"
Brown & Associat3s,Securities America,Don Bown,brownd@secam.com,,
Thompson @dvisory Group,National Planning Holdings,Andy Thompson,,,
Anderson & White Advisors,Raymond James,"Anderson, Emily",,,
Hill Investment Group,Merrill Lynch Pierce Fenner & Smith,,betty.smith@ml.com,,"3673 Cedar Pkwy, San Diego, CA 92101"
Wri9ht Advisory Group,Cetera Financial,Rick Wright,,Richard Wright|Margaret Nguyen|George Campbell|Edward Thompson,
Thomas R3tiremnt Solutions Group,Ameriprise Financial Services,Jacob Edwards,,Jacob Edw@rds|George Harris|Linda Hall|Paul Green|Michael Martin|James Green|Dorothy Taylor,
Stewart Financial Group,UBS Financial Services,,mike.stewart@ubs.com,Michael Stewart|Charles Young|PaulAnderson|Sandra Morgan,"8689 Park Ln, Dallas, TX 75201"
Patel Private Client Group,Morgan Stanley Wealth Management,"5cott, Steven",,Steven Scott|Ashley Thoma|Ronald Huang,
Nguy3n Wealth Partners,Robert W. Baird & Co.,,nguyenp@rwbaird.com,,
Nguyen Advisors,Kingsbridge Capital,,,,
Khan Investment Partners,Ridgeway Wealth Management,,sarah.yang@ridgewaywm.com,,
Khn Advisory Group,Janney Montgomery Scott,,skhan@janney.com,,
Baker & Associates,Oppenheimer & Co.,"Baker, James",jim.baker@opco.com,,
Rob3rts Capital Group,Woodbury Financial,,,Mark Wilson|Sarah Williams|Jenifer Scott|Mak Thomas,
Harris Fami1y Wealth Group,Commonwealth Financial Network,"Haris, Ryan",,Ryan Harris|R0nald Jones,"5562 Lake Ln, Seattle, WA 98101"
Yang Investment Group,Wells Fargo Advisors,Emily Yang,eyang@wellsfargoadv.com,Em1ly Yang|JeffreyJones|Richard Cuz|Helen Adams|Timothy Wilson|Mark Stewart,"3889 Oak Dr, Indianapolis, IN 46201"
Torres Private Wealth Group,Edward Jones,,,,"699 Main Pkwy, San Diego, CA 92101"
Evans Private Wealth Group,Oppenheimer & Co.,"Evans, Donald",,,"1632 Hill Pkwy, Minneapolis, MN 55401"
Lee Advisory roup,Morgan Stanley Wealth Management,Steven Nguyen,snguyen@morganstanley.com,,"6847 Spring Ave, Portland, OR 97201"
Edwards Investment Group,Ameriprise Financial Services,Andew Torres,,,"540 Cedar Pkwy, Kansas City, MO 64101"
Thomas Advisors,Crestwood Family Office,"Thomas, Sandra",,Sandra Thomas|Mark Eans|Thomas Williams|Joseph Reyes|Jason Jackson|Jennifer Torres|Steven Roberts,"3338 River Way, Houston, TX 77001"
Morris & Associates,Hilliard Lyons,Kevin Morris,morrisk@hl.com,,"5008 Madison Blvd, Miami, FL 33101"
Mitchell Invstment Group,Hilliard Lyons,Amanda Stewart,stewarta@hl.com,,
Thompson Group,Harborview Private,,thompsonc@harborviewpw.com,Cristopher Thompson|Rachel Wright|Ashley Taylor|Megan Mitchell|George Roberts|Anthony Adams,
Ev@ns Retirement Solutions Group,Cetera Financial Group,Daniel Evans,devans@cetera.com,Daniel Evans|Jacob Chen|JohnThomas|Betty Young|Nancy Morgan|Jessica Nelson|David Huang,"7392 Spring Rd, San Diego, CA 92101"
Patel Fami1y Wealth Grup,National Planning,,,,
Mitchell Tax & Wealth Group,Cambridge Investment Research,,,Jessica Green|MeganMitchell|11liam Harris|Jessica Carter|David Wright|Susan Mitchell|Patrica Thomas,"3897 Elm Dr, Minneapolis, MN 55401"
Martin Capital Group,Merrill Lynch Pierce Fenner & Smith,"Wang, Dorothy",dorothy.wang@ml.com,,"9093 Washington St, Houston, TX 77001"
Campbell Capital,Kingsbridge Capital,Jessica Thoma5,,,"7347 Madison Court, Los Angeles, CA 90001"
Smith Private Client Group,UBS Financial Services,,cgreen@ubs.com,Carles reen|Ryan Stewart|Donald Hall,"547 Main St, Raleigh, NC 27601"
Edwards Advisory Group,Merrill Lynch,David Edwards,,Daid Edwards|Brian Torres|Michael Patel|Kevin Stewart|Megan Johnson|Jason oore,
Nguyen Institutional Group,Hilliard Lyons,Emily Flores,,,"1986 Market Rd, Minneapolis, MN 55401"
Mitchell Capital Partners,Ridgeway Wealth Management,Emily Mitchell,,,
Green & Associates,UBS Financial Services,Barbara Green,,Barbara Green|Nancy Scott|Kevin Wright,"530 Oak St, New York, NY 10022"
Reyes Wealth Adviors,Merrill Lynch Pierce Fenner & Smith,Karen Reyes,,,"4606 Elm Ln, Denver, CO 80201"
Rivera Adisory Group,Raymond James Financial Services,Paul Rivera,,,
Williams Institutional Group,Securities America,,,Timothy Williams|Amanda Carter|Dorothy Evans,"7796 Madison Dr, New York, NY 10022"
Anderson Capital,Kingsbridge Capital Advisors,,,Jason Hall|Steven Chen|Susan Davis|Helen Wang|Susan Stewrt,"1157 Hill St, New York, NY 10022"
Turner Family Wealth Group,Morgan Stanley Wealth Management,Steven Turner,,Steven Turner|Donald Campb3ll|Matthew Nguyen|Timothy Morris|Matthew Campbell,"4337 Washington Court, Boston, MA 02101"
Hill Investmnt Partners,Kingsbridge Capital,,,,"4068 Maple Blvd, Houston, TX 77001"
Allen Investment Group,Janney Montgomery Scott,Margaret @llen,mallen@janney.com,Margaret Allen|Susan Green|Anthony Miller|Kenneth Morgan|Steven Garcia|Dorothy Huang|Robert Le,
Turner Asset Management Group,DA Davidson,Andy Turner,,,"2666 Willow Rd, Austin, TX 78701"
Reyes & Assciates,Summit Peak Advisors,,,,
Rivera Tax & Wealth Group,National Planning Holdings,"Rivera, Susan",,Susan Rivera|Ronald Rivera|Susan nderson|Paul Wright|Jason Wilson|Dorothy Evans,"468 Lake Ave, Raleigh, NC 27601"
Brown &Associates,Clearwater Capital Group,"Kim, John",,,
Chen Wealth Advisors,Hilliard Lyons,Nancy Yang,,,"4322 Spring Ave, Washington, DC 20001"
Phillips Financial Group,Wells Fargo Advisors,,,,"8721 Cedar Court, San Francisco, CA 94101"
Hall Advisors,Ridgeway Wealth Management,,,,
King Asset Management Group,Commonwealth Financial Network,"King, Ryan",,,"1661 Market Ln, San Francisco, CA 94101"
Davis AssetManagement,Northgate Investment,"Davis, Margaret",,,
Davis Group,Clearwater Capital,Megan Davis,,,"6907 Main Pkwy, St. Louis, MO 63101"
Huang Wealth Advisors,Merrill Lynch,"Huang, Joseph",joe.huang@ml.com,Joseph Huang|Betty Camp6ell|Patricia Wright,
9omez Cap1tal,Clearwater Capital Group,"Goez, John",,John Gomez|Megan Rivera|Charles Jones|Doald Adas|Paul right|Jennifer Flres,"6772 Washington Blvd, Philadelphia, PA 19101"
Martin Tax & Wealth Group,Merrill Lynch,,,David Martin|Jeffrey Williams|Karen Turner|John Morgan|Jennifer Harris,
Green Asset Management Group,Commonwealth Financial Network,,,Dorothy Mitchell|J0hn Williams|Matth3w Huang|Michael Campbell,"859 Cedar Ave, Denver, CO 80201"
Torr3s & Kim P@rtners,Highfield Asset,Anthony Torres,,,
Riera Wealth Advisors,UBS Financial Services,Dorothy Green,,,
Young Group,Clearwater Capital Group,,,Seven Young|Susan Adams,
Wright Investment Partners,Northgate Investment Partners,,,Matthew Wright|Anthony White,
Evans & Torres Advisors,Kingsbridge Capital,"Evans, Karen",,,
Kim ealth Management Group,National Planning Holdings,Tim Liu,,,"7523 Washington Ln, San Diego, CA 92101"
Diaz Portfolio Group,Janney Montgomery Scott,,,,
Moore Capital Group,National Planning Holdings,,moored@nph.com,Donald Mo0re|Emly Evans|Matthew Anderson|Matthew Miller,"9362 River St, Chicago, IL 60601"
Khan Retirement Solutions Group,LPL Financial,,,,
Morris & Associates,Wells Fargo,,,,"600 Jefferson Blvd, Memphis, TN 38101"
Parker Portfo1io Group,Oppenheimer &,"Parker, George",george.parker@opco.com,,"6027 Lake Court, Memphis, TN 38101"
Ro6erts Portfolio Group,Raymond James Financial Services,,,,"7213 Main Court, San Jose, CA 95101"
Moore & Associates,Securities America,,,,"4458 Highland Ln, Los Angeles, CA 90001"
Khan Asset Mana93ment Group,Securities America,,,Ryan Garcia|Emily Wright|Ryan Davis|Steven Chen,"1709 Elm Dr, Baltimore, MD 21201"
Thompson & Johnson Advisor5,Edward Jones,,,acob Thompson|Barbara Thompson|Kevin Yang|Robert Zhang,
Baker Private Client Group,Morgan Stanley,Christopher Baker,,Christopher Baker|Nancy Jones|Michael Davis|Ryan Nguyen|Barbara Thomas,"3765 Main Court, New York, NY 10001"
Parker Advisory Group,Merrill Lynch Pierce Fenner & Smith,"Stewart, James",,James Stewart|Susan Brown|Amanda Diaz|Paul Garcia|Andrew Turner|Matthew Edwards,"5586 Main St, Miami, FL 33101"
Zhang amily Wealth Group,Woodbury Financial Services,John Jackson,,John Jackson|Susan Thomas|Rachel Adams|Kevin Moore|Karen White,
Thompson Partnrs,Kingsbridge Capital Advisors,,,,
Hill Private Client Group,Raymond James Financial Services,Jaso Hill,,,"6844 Elm Pkwy, Baltimore, MD 21201"
Huang Financial Group,Merrill Lynch Pierce Fenner & Smith,,,,
Mitchell We@lth Partners,Cambridge Investment Research,,paul.young@cambridgeinv.com,,"1200 Park Dr, Philadelphia, PA 19101"
Collins Tax & Wealth Group,Oppenheimer & Co.,"Collins, Lisa",,,
Davis Advisory Group,Morgan Stanley Wealth Management,Nancy Davis,,,"7012 Market Pl, San Antonio, TX 78201"
Mitchell Wealth Partners,Merrill Lynch,George Mitchell,,George Mitchell|Michael Moore|Betty Young|Barbara Williams,"5131 Oak Blvd, San Diego, CA 92101"
Green 1nvestment Partners,Clearwater Capital,,,Ashley arter|Richard Hill|Amanda Hall,"4765 Lake Way, New York, NY 10022"
Stewart Prvate Client Group,Raymond James Financial Services,,stewartd@raymondjames.com,,
Garcia Tax & ealth Group,LPL Financial,,,,
Wright & Hall Gr0up,National Planning Holdings,"Wright, Jessica",,,"8149 Jefferson Dr, Minneapolis, MN 55401"
Mitchell Institutional Group,Cambridge Investment Research,an Mitchell,,,"5317 Main Pl, Indianapolis, IN 46201"
Hill & Assoc1ates,Kingsbridge Capital Advisors,"Hill, Sandra",,Sandra Hill|Donald Yang|Betty Campbell|Jacob Khan|Charles Huang,
Torres Financial Patners,Summit Peak Advisors,Amanda Jackson,jacksona@summitpeakadv.com,Amanda Jackson|Daniel hite|Kevin Scott,
Taylor Private Wealth Group,Oppenheimer &,,,,"6544 Willow St, Baltimore, MD 21201"
Morgan Tax & ealth Group,Cambridge Investment Research,,,,
GreenPortfolio Group,Robert W. Baird & Co.,,,Donald Green|Robert Zhang|Jennifer Khan,"8977 Highland St, Dallas, TX 75201"
Edwards Private Client Group,UBS Financial Services,Meg@n Edwards,,,"3865 Highland Ln, Baltimore, MD 21201"
Evans Asset Management,Meridian Private Wealth,,,,
Garcia Private Wealth,Kingsbridge Capital Advisors,Ashley Garcia,,,"3033 Highland Ln, San Antonio, TX 78201"
Morgan Private Wealth Group,Robert W.,Margret Flores,,,
Zh@ng Investment Group,Commonwealth Financial Network,"Roberts, Jaco",,,
Torres Partners,Kingsbridge Capital,Donald Torres,,,"4512 Main Pl, Portland, OR 97201"
Davis Investment Group,Morgan Stanley Wealth Management,,,Edward Davis|Karen Thompson|Steven Anderson|Susan Hill,
Hill Advisory Group,Ameriprise Financial,,aturner@ampf.com,,"2399 River Blvd, Austin, TX 78701"
Yang & Stewart Group,Edward Jones,,,Je5sica Yang|David Cruz|Edward Wang|Sarah Anderson,
Wright Family Wealth Group,Securities America,Amanda Allen,,,
Miller Advisors,Ridgeway Wealth Management,,,,
Nguyen Retirement Solutions Group,Cambridge Investment Research,Steven Nguyen,,,"9253 Main Pkwy, San Jose, CA 95101"
Evans Private Wealth Grup,Janney Montgomery Scott,Kev Evans,,Kevin Evans|Patricia Taylor|Michael Thomas|Susan Chen|Timothy Wright|R@che1Harris,
Garcia Retirement Solutions Group,Robert W. Baird & Co.,"Garcia, Robert",,Dorothy Miller|Sarah Thomas|Betty Hall,
Reyes Investent 9roup,Wells Fargo Advisors,,,,
Huang Institutional Group,Raymond James Financial Services,Kevin Turner,,,"1887 Maple St, Dallas, TX 75201"
Gomez Wealth Advisors,Wells Fargo,,,Ronald Gomez|Ryan Baker|James Thompson,"7847 Oak Pkwy, Nashville, TN 37201"
Harris Retirement Solutions Group,Hilliard Lyons,,,,
King Retirement Solutions Group,Cetera Financial Group,"Nguyen, Timothy",,,"9661 Madison Way, Denver, CO 80201"
Wright Family Wealth Group,Oppenheimer &,,ed.lee@opco.com,,"4681 Spring Pkwy, Nashville, TN 37201"
Wilson Wealth Partners,LPL Financial,"Wilson, Barbara",,,
Torres Institutional Group,Raymond James Financial Services,,,,"3861 Lake Ave, Washington, DC 20001"
Jones Advisory Group,Oppenheimer &,Sarah Jones,,,
Cruz Wealth,Crestwood Family Office,,,,
Green Capital Partners,Harborview Private Wealth,Mark Green,mark.green@harborviewpw.com,,
Stewart Group,Meridian Private,Barbara Stewart,barbara.stewart@meridianpw.com,,"2847 Willow Rd, St. Louis, MO 63101"
Col1ins & Associates,Summit Peak Advisors,Daniel Collins,collinsd@summitpeakadv.com,Daniel Collins|Matthew Phillips|Charles Liu,
Smith & Associates,Clearwater Capital Group,,,,"5094 Maple St, Las Vegas, NV 89101"
Martin Financial Group,Stifel Nicolaus & Company,,margaret.martin@stifel.com,,"2723 Highland Way, Philadelphia, PA 19101"
Yang & Associates,Summit Peak Advisors,Dan Yan9,yangd@summitpeakadv.com,,"7965 Spring Rd, San Francisco, CA 94101"
Williams Capital Gr0up,Raymond James Financial Services,"Anderson, Jennifer",,,"2433 Maple Court, Las Vegas, NV 89101"
Collins Capital Partners,Meridian Private Wealth,Dan1el Collins,,Danel Collins|Anthony Thomas|Ashley Patel|Timothy Reyes|Anthony Kim|Emily Diaz|Rachel Anderson,
King Cap1tal,Clearwater Capital Group,,,,"2926 Park Ln, Houston, TX 77001"
Parker Wealth Management,Summit Peak Advisors,,sparker@summitpeakadv.com,,
Edwards Wealth,Kingsbridge Capital Advisors,,,,"9563 Highland Dr, Boston, MA 02101"
5tewart & Patel Group,Ameriprise Financial Services,,,,"8178 Washington Ln, San Antonio, TX 78201"
Roberts Private Client Grou,Robert W. Baird & Co.,Joe Carter,,,"8261 Cedar Blvd, Las Vegas, NV 89101"
Parker & Associates,Oppenheimer &,,,,
Wang Wealth Advisors,National Planning Holdings,,collinsm@nph.com,Michael Collins|Susan Hall|Donald Khan,"4081 Elm St, Houston, TX 77001"
Reyes Private Client Group,Hilliard Lyons,"Hill, Kenneth",,,"989 Park Blvd, Nashville, TN 37201"
Phillips Private Client Group,Securities America,"Stew@rt, Linda",stewartl@secam.com,Linda Stewart|Anthony Edwards|Timothy Liu|Mtthew Young,"7728 Market Court, Denver, CO 80201"
Rivera Capital Group,Hilliard Lyons,Margaret Reyes,,,"3125 Highland Ln, San Antonio, TX 78201"
Harris ax & Wealth 9roup,Robert W.,Kenneth Harris,,,
Johnson Financial Partners,Highfield Asset Management,,,,
Wang Wealth Managemen Group,Woodbury Financial Services,,,Matthew Wang|Linda Garcia|Megan Davis|Charles Hill|Michael Turner|Carles Reyes,"9546 Commerce Ave, Indianapolis, IN 46201"
Jackson Investment Group,Raymond James,,jjackson@raymondjames.com,Joseph Jack5on|Thomas Brown|Joseph Phillips|Jcob Stewart|Edward Garia|Joseph Davis|N@ncy Hill,
Wang Investment Group,Wells Fargo Advisors,David Nelson,,,
Kim Portfolio Group,Stifel Nicolaus & Company,,whitek@stifel.com,,
Khan Investment Partners,Highfield Asset Management,,,George Khan|Andrew Johnson,
Cruz Family Office,Summit Peak Advisors,,,,
Thomas Family Wea1th Group,Morgan Stanley Wealth Management,,thomasr@morganstanley.com,,"6108 Lincoln Ave, Austin, TX 78701"
Morgan Private Wealth Group,Commonwealth Financial Network,John Morgan,john.morgan@commonwealth.com,,
Jackson Parners,Parkside Wealth Strategies,Betty Khan,,,
Thompson Wealth Man@gement Group,Securities America,,,Linda Thompson|Sandra Green|James Taylor|Patricia Carter,"2825 Oak Way, Las Vegas, NV 89101"
Johnson Family Office,Meridian Private Wealth,"White, Megan",,,
Lee Tax & Wealth Group,Robert W. Baird & Co.,Karen Cruz,,,"224 River St, San Antonio, TX 78201"
Hall Portfolio Group,Hilliard Lyons,Betty Hall,,,
Chen Investment Group,Janney Montgomery Scott,,bill.patel@janney.com,,
Davis Private Client roup,UBS Financial,,,Jacob Davis|Margaret Carter|Mark Miller|Ashley Hill|Paul Morris|David Hall|Christopher Green,
Mitchell Wealth Management Group,Cambridge Investment Research,"Rivera, George",,,
Flores Financial 9roup,Cambridge Investment Research,,,,"1765 Oak Way, San Antonio, TX 78201"
Thomas Pivate Client Group,Commonwealth Financial Network,Ken Thomas,ken.thomas@commonwealth.com,Kenneth Thomas|Sandra Anderson|Lisa Mitchell|Susan Cruz|Lisa Adams|Sandra Collins,"6663 Cedar Dr, Phoenix, AZ 85001"
Martin Financial Group,Cetera Financial Group,Megan Martin,,,
Taylor Retirement Solutions Group,Woodbury Financial Services,,,,"7300 Hill Ln, St. Louis, MO 63101"
Zhang Financial Group,Raymond James Financial Services,"Zhang, Ronald",rzhang@raymondjames.com,,"410 Oak Rd, New York, NY 10022"
Brown Capital Partn3rs,Summit Peak Advisors,Ryan Nelson,,,"9742 Jefferson Ave, Seattle, WA 98101"
Gomez Advisors,Kingsbridge Capital Advisors,Steven Gomez,,Steven Gomez|Ryan Edwards|Timothy Turner|Ronald Thompson|Emily Smith|Sarah Harris,"9010 Highland Ave, Raleigh, NC 27601"
Jones Private Wealth,Ridgeway Wealth Management,"Nguyen, Anthony",tony.nguyen@ridgewaywm.com,Anthony Nguyen|Rachel Allen|Bran Anderson,
Lee Capital Partners,Kingsbridge Capital Advisors,"Lee, Megan",,,"6571 Market Way, Minneapolis, MN 55401"
Miller Family Office,Crestwood Family Office,Thomas Harris,harrist@crestwoodfo.com,,
Harris Adviory Group,National Planning Holdings,"Harris, Paul",paul.harris@nph.com,Paul Harris|Ronald Rivera|George Gomez|Megan oung|Rachel Roberts|Joseph Evans|Ashley Khan,"2954 Spring Ln, Raleigh, NC 27601"
Collin5 Retirement Solutions Group,Morgan Stanley Wealth Management,Bill Collins,bill.collins@morganstanley.com,,
Brown Retireent Solutions Group,Merrill Lynch Pierce Fenner & Smith,Margaret Br0wn,,,"2694 Main Rd, Baltimore, MD 21201"
Gomez Financial Group,Cambridge Investment,"Gomez, Jacob",,,"2501 Cedar Ave, Portland, OR 97201"
Turner Portfolio Group,Securities America,"Turner, Barbara",,B@rbara Turner|Jessica Kim,
Allen Wealth Advisors,DA Davidson & Co.,Steven Allen,,,
Torres Financial Group,Ameriprise Financial Services,,,,
Chen Capital,Ridgeway Wealth Management,"Adams, Mark",mark.adams@ridgewaywm.com,,
Kim Capital,Ridgeway Wealth Management,"Morgan, Andrew",,Andrew Morgan|Megan Parker|Sanra Carter|Megan Davis,"8470 Commerce Pkwy, Portland, OR 97201"
Moore Capital Partners,Highfield Asset Management,"Lee, George",,,
Green Wealth Management Group,Wells Fargo Advisors,Lisa Green,,Lisa Green|Edward Yang|Ronald Carter|Helen Whte,"8199 Highland Dr, Portland, OR 97201"
Chen Wealth Management,Kingsbridge Capital Advisors,Emily King,,,"6265 Highland Dr, Charlotte, NC 28201"
Wright Private Wealth Group,Raymond James Financial Services,"Khan, Barbara",,,
Smith Wealth Advisors,Securities America,,,Thomas Smith|Ronald Rivera|Mark Evans|Robert Liu|Sandra Wilson|Steven Hill,"9502 Lake Rd, Minneapolis, MN 55401"
Chen Private Wealth Group,Merrill Lynch,Toy Chen,,Anthony Chen|Kevin Lee|Christopher Lee|Anthony Collins|Margaret Miller|ark Jackson,"9709 Lake Pl, Portland, OR 97201"
Flor3s Tax & Wealth Gr0up,Commonwealth Financial Network,JasonFlores,jason.flores@commonwealth.com,,"106 Washington Dr, San Jose, CA 95101"
Johnson Capital,Northgate Investment Partners,"Johnson, Ronald",,Ronald Johnson|Joseph Evans,"6003 Hill Rd, St. Louis, MO 63101"
Edwards Wealth Partners,UBS Financial,Mat Edwards,edwardsm@ubs.com,,
Martin Portfolio Group,Raymond James Financial Services,"Davis, T1mothy",tim.davis@raymondjames.com,,"8918 Highland St, Washington, DC 20001"
Patel Advisory 9roup,Cambridge Investment Research,,,Richard Ptel|Jessica Green|Amanda Parker|Jessica Evans,"5448 Washington Ln, Las Vegas, NV 89101"
Edwards Wealth Man@9ement,Summit Peak Advisors,,,Donald Anderson|Nancy Roberts|Jennifer Gomez|Steven King,"6585 Highland Way, Atlanta, GA 30301"
Brown Wealth,Summit Peak Advisors,,,,
Harris Family Wealth Group,Commonwealth Financial Network,,stewartj@commonwealth.com,,"6350 Oak Pl, Portland, OR 97201"
Carter Financial Partners,Northgate Investment Partners,,,,"6569 Madison Pl, Philadelphia, PA 19101"
Johnson Portfolio Grup,Morgan Stanley Wealth Management,"Johnson, Michae1",mjohnson@morganstanley.com,,"9478 Elm Rd, Dallas, TX 75201"
Huang Asset Management,Highfield Asset Management,,,Jeffrey Huang|Steven Taylor|James Lee|Kenneth King|Sadra Huang,
Morris Financial Group,Hilliard Lyons,"Flores, arbara",,,"5669 Main Pkwy, Nashville, TN 37201"
Green Investment Group,Woodbury Financial Services,,,,"4073 Willow Rd, Boston, MA 02101"
MillerAsset Management Group,Janney Montgomery Scott,Patricia Mitchell,pmitchell@janney.com,,"5572 Willow Dr, Las Vegas, NV 89101"
Taylr Capital,Ridgeway Wealth Management,Sandra Taylor,,,
King Portfolio 9roup,Raymond James Financial Services,,ryan.king@raymondjames.com,,"1203 Main Ave, Charlotte, NC 28201"
Khan Wealth Advisors,Robert W. Baird & Co.,Joe Allen,,Joseph Allen|Rachel Campbell|Timothy Hall|Helen Wilson|Paul Anderson|Helen Smith,"6461 Main Court, New York, NY 10022"
Anderson Porfolio Group,Edward Jones,David Ander5on,,,"9857 Willow Way, Portland, OR 97201"
Flores Prvate Client Group,Raymond James Financial Services,,,,
Scott Fam1ly Wealth 9roup,Stifel Nicolaus & Company,Dorothy Huang,,,"9745 Lincoln Court, Kansas City, MO 64101"
Carter Family Wealth Group,Wells Fargo Advisors,,gcarter@wellsfargoadv.com,,"3910 Spring Rd, Denver, CO 80201"
Yong & Associates,Kingsbridge Capital Advisors,Richard Baker,rbaker@kingsbridgecap.com,Richard Baker|Joseph Wilson|Brian King|Timothy Liu,
Kim Family WealthGroup,Edward Jones,,,Charles Kim|Linda Cruz|Amanda Reyes|David Adams|Ashley Yang|Jacob Hill|Ryan Jackson,"7431 Highland Pkwy, Dallas, TX 75201"
Young Insttutional Group,Stifel Nicolaus,Geoge Young,,George Young|Jessica Nguyen|Edward Taylor|William Yang|Patricia Scott|Timothy Smith,
Br0wn Financial Partners,Kingsbridge Capital Advisors,,wilsonp@kingsbridgecap.com,Patr1cia Wilson|Jennifer Collins|Kevin Thomas|Robert Nguyen|Jenifer Rivera|Patricia Rivera,"1202 Lincoln Dr, Las Vegas, NV 89101"
King Family Wealth Group,Woodbury Financial Services,Mark King,,,
Williams etirement Sluions Group,Janney Montgomery Scott,,jwilliams@janney.com,James Williams|ndrew Rivera|William Chen|Sandra Scott|Daniel Thompson|Steven Martin,"1801 Maple Ln, Denver, CO 80201"
Torres Investment Partners,Parkside Wealth Strategies,,,,
Smith Institutional Group,Securities America,,,,
Gomez Wealth Advisors,National Planning Holdings,"Gomez, Sandra",,Sandra Gomez|Patricia Gomez|Ronald Wilson|Patricia Miller|Jessica Thompson,"8529 Elm Pkwy, Raleigh, NC 27601"
Cruz Investment Group,Robert W. Baird & Co.,,,,
Whte Private Client Group,Securities America,,,,
Carter Capital Partners,Kingsbridge Capital Advisors,Chen Barbara,chenb@kingsbridgecap.com,,
Roberts Wealth Advisor,UBS Financial Services,Timoth Roberts,,,"3574 Elm Ave, Phoenix, AZ 85001"
Liu Wealth Management Group,Stifel Nicolaus & Company,,,Daniel Liu|Jos3ph Williams|John Rivera|Kevin Phillips|George Huang,
Baker Family Wealth Group,Securities America,Ed Baker,ed.baker@secam.com,Edward Baker|Matthew Torres|Nancy Patel|David Young,"6428 Main Court, Chicago, IL 60601"
Harris Tax & Wealth Group,UBS Financial Services,,,Jason Harris|Rachel Rivera,
Pat3l Group,Northgate Investment,"Patel, Michael",,,"4627 Highland Blvd, Indianapolis, IN 46201"
Smith & A5s0ciates,Wells Fargo Advisors,,bob.smith@wellsfargoadv.com,Robert Smith|J3nnifer Stewart|Rachel Nguyen|Ashley Chen,
Johnson Tax & Wealth Group,Merrill Lynch Pierce Fenner & Smith,"Johnson,Jennifer",,,
Hil rivate Wealt,Highfield Asset Management,Brian Hill,,6rian Hill|Andrew Smith,"5000 Maple Ave, Boston, MA 02101"
Hill Portfolio 9roup,Oppenheimer & Co.,NancyGarcia,,,
Thomas Asset Management Group,Securities America,,huangj@secam.com,,"6976 Park Rd, Nashville, TN 37201"
Patel Wealth Management Group,Woodbury Financial Services,"Davis, Jennifer",,,
Torres W3alth Management Group,Woodbury Financial Services,Bill Torres,,,"6178 Madison Blvd, Minneapolis, MN 55401"
Johnson Group,Highfield Asset Management,"Johnson, Nancy",,Nancy Johnson|andra 1iu|Ronald Morris,
Zhang Institutional Group,Hilliard Lyons,,dzhang@hl.com,Dorothy Zhang|David Carter|James Morris|3mily Torres,"8652 Highland Blvd, Washington, DC 20001"
Jones Fiancial Partners,Parkside Wealth Strategies,,,,"7652 Spring Court, Austin, TX 78701"
Collins Private Wealth Group,Ameriprise Financial Services,Joe Allen,,Joseph Allen|Andrew Parker|Megan Rivera,
Carter Capital,Ridgeway Wealth Management,"Carter, Brian",,Brian Carter|Christopher Moore|Megan Bake|Jessica Parke,"4692 Lincoln Blvd, Los Angeles, CA 90001"
Gomez Capital Group,Oppenheimer & Co.,"Gomez, Barbara",,,"7460 Hill Pl, New York, NY 10022"
Torres Capitl Partners,Ridgeway Wealth Management,,,Andrew Torres|Charles Wilson|Karen Hall|James Collins|Emily Johnson|Jason Brown,
Hill Avsory Group,Merrill Lynch Pierce Fenner & Smith,,,Amanda Yang|Thoms Thompson|Richard Chen,
Wang Wealth dvisors,Cambridge Investment Research,"W@ng, Christophe",,,
Garcia Investment Group,Ameriprise Financial Services,,,,"6976 Lincoln Court, Los Angeles, CA 90001"
Morris Partners,Kingsbridge Capital Advisors,,,Andrew Collins|Richard Lee|George Garcia|Sandra Garcia|Richard Carter,
Stewart Private Wealth,Crestwood Family Office,"Wilson, Jeffrey",,Jeffrey Wilson|Matthew Williams|Robert N3lson|Robert Morris|George Reyes,"3825 Jefferson St, Miami, FL 33101"
Gomez Capital Group,Merrill Lynch Pierce Fenner & Smith,,,,
Khan Wealth Management,Kingsbridge Capital Advisors,Charles Khan,,Charles Khan|Margaret Scott|Thomas Phillips,
Baker Private Client Group,Robert W. Baird & Co.,Paul B@ker,,Paul Baker|Charles Baker|Matthew Khan|Kenneth Khan|Jessica Garcia|Anthony Yang,
Morg@nWe@lth,Northgate Investment Partners,Jason Morgan,,Jason Morgan|George Evans|BettyWhite|Edward Anderson|William Nelson|Andrew Jackson,"681 Spring St, San Diego, CA 92101"
Torres Capital Partners,Highfield Asset Management,,,ason Torres|Margaret Campbell|Michael Hill|Mark Lee,
Mitchell Family Office,Meridian Private Wealth,Pal Mitchell,,Paul Mitchell|Mark Collins|Steven Yang|Kenneth Kim|Jessica Rivera|Matthew Carter,
King Private Client Group,Janney Montgomery Scott,"King, Daniel",,,"3833 River Ln, Charlotte, NC 28201"
Torres Financial Group,UBS Financial Services,,phillipsa@ubs.com,,
Phillips Parters,Clearwater Capital Group,,,,"8961 Spring Pl, St. Louis, MO 63101"
Miller Wealth,Highfield Asset Management,,,Mark Miller|John Moore|Jennifer Khan|Andrew Collins|Asley Cruz|Nancy Brown|Edward Edwards,"1740 Market Ln, San Francisco, CA 94101"
Turner Walth Management Grup,LPL Financial,,dmiller@lpl.com,Daniel Miller|Ronald Garcia|Edward Anderson|James Yag|Andrew Thompson|Brian Nelson,"6753 Willow Dr, Atlanta, GA 30301"
Wilson Investment Group,Merrill Lynch Pierce Fenner & Smith,"Hall, Ashley",,Ashley Hall|JamesTaylor|Jas0n Evans,"7271 Spring Pkwy, Portland, OR 97201"
Morris Financial Partners,Meridian Private,Margaret Morris,,,
WilliamsFinancial Group,Woodbury Financial Services,,,,"4728 Commerce Ave, New York, NY 10022"
Diaz Partners,Ridgeway Wealth Management,"Diaz, Karn",karen.diaz@ridgewaywm.com,Kaen Diaz|Andre Cruz|Amanda Jackson|Kenn3th Morgan|Jason Smith,
Yang & Associates,Edward Jones,Ron Yang,ron.yang@edwardjones.com,Ronald Yang|Anthony Green,"2041 Hill Pl, New York, NY 10001"
Evans Family Wealth Group,UBS Financial Services,Barbara Evans,barbara.evans@ubs.com,Barbara Evans|Richard White|Brian Wright,"4756 Maple Court, Los Angeles, CA 90001"
arris Private Wealth,Northgate Investment Partners,,bill.thomas@northgateinv.com,,
Roberts Portfolio Group,Cetera Financial Group,,,,
Baker Asset Management,Harborview Private Wealth,,,Richard Morris|AndrewAllen|Rachel Edwars|Mark Johnson|James Hill|Susan Evans,
Nguyen Private Cliet Group,Commonwealth Financial Network,Dorothy Nguyen,,Dorothy Nguyen|Lisa Chen|James Jones|Linda Jackson|Nancy King|Steven Wilson|Betty Anderson,
Nelson Private Wealth Group,Janney Montgomery,,,,
Patel Wealth Managem3nt Group,Morgan Stanley Wealth Management,,,,"9460 Madison St, New York, NY 10022"
Wang Asset Management Group,Securities America,Helen Wang,helen.wang@secam.com,,"8462 Lake St, San Diego, CA 92101"
White Priate Client Group,DA Davidson & Co.,Mike Carter,,Michael Carter|Dorothy Wright|Ryan Liu|Emily Carter,
Khan Partners,Highfield Asset Management,D@n Khan,,,
Edwards Portfolio Group,Ameriprise Financial Services,,,,
Green Family Wealth Group,LPL Financial,,,,"2856 Washington Ave, Chicago, IL 60601"
Miller & Associates,Wells Fargo Advisors,Sandra Miller,smiller@wellsfargoadv.com,Sandra Miller|Helen arter|David Reyes|Rachel L1u,
Stewart Financial 9roup,Oppenheimer &,Kv Parker,kparker@opco.com,,
Wright & Johnson Advisors,Northgate Investment Partners,"Wright, Jacob",jwright@northgateinv.com,Jacob Wright|Mean oore|Barbara Wang|Rachel Baker|Daniel Khan,
right Tax & Wealth Group,Cambridge Investment,,wrightp@cambridgeinv.com,,
Brown & White Advisors,LPL Financial,,,James Brown|Thomas Parker|Charles Brown,
Thompson Wealth Partner,Robert W. Baird & Co.,Nancy White,whiten@rwbaird.com,Nancy White|Jeffrey Davis|William Flores|Karen Robrts,"8083 Park Blvd, San Diego, CA 92101"
Wilson Family Wealth Group,Morgan Stanley Wealth Management,Edward Wilson,wilsone@morganstanley.com,,"313 Oak Dr, Houston, TX 77001"
Hall Private Wealth,Harborview Private Wealth,"Hall, Ashley",,Ashley Hall|Robert Yang|Jacob Morris,"2183 Cedar Dr, Atlanta, GA 30301"
Garcia Asset Management Group,Raymond James Financial Services,Barbara Garcia,,,
White Capital P@rtners,Harborview Private Wealth,MeganWhite,,Megan White|Amanda Mitchell,"7586 Willow Ln, San Francisco, CA 94101"
Morgan Private Wealth Group,Stifel Nicolaus & Company,"Morgan, Thomas",,,"475 Washington Pkwy, Memphis, TN 38101"
Patel Wealth Management Group,Edward Jones,,,Joseph Patel|B3tty Taylor,
Smith Wealth Advisors,Cetera Financial,Michae1 Johnson,,Michael Johnson|Betty Nelson|Robert Nguyen|Mark Edwards|Thomas Anderson,
Garcia Asset Management Group,DA Davidson & Co.,,,Charles Garcia|Rachel Young|Jacob Morris|Steven Allen,"8490 Lincoln Pl, Minneapolis, MN 55401"
Adams Family Offce,Kingsbridge Capital Advisors,,ed.hall@kingsbridgecap.com,Edward Hall|Mark Roberts|Margaret Scott|James Allen|Nancy Taylor|Dorothy Thomas|Andrew Thompson,"6514 River Pkwy, Philadelphia, PA 19101"
Nguyen Investment Goup,Raymond James,"Nguyen, Christopher",chris.nguyen@raymondjames.com,Chritopher Nguyen|Steven Jackson|Margaret Parker|Brian Gomez,"7208 Cedar Ave, Portland, OR 97201"
Wright Institutional Group,Raymond James Financial Services,Jeffrey Wright,,,"9189 Spring Rd, Atlanta, GA 30301"
Turner @sset Management,Meridian Private Wealth,"Turner, Barbara",,Barbara Turner|Richard Stewart|Amanda Kim|Margaret Moore|Kevin Harris|Jason Allen,"8845 Commerce Pkwy, Kansas City, MO 64101"
Garcia & Associates,Parkside Wealth,Tim Garcia,,Timoty Garcia|Jennifer Khan|Donald 1iu|Thomas Reyes|Andrew Nelson|Daniel Liu,
Brown Capitl Group,Hilliard Lyons,"Taylor, David",,David Taylor|Robert Khan|Ronald Harris|Kenneth Williams|Steven Roberts,"8810 Lake Dr, San Antonio, TX 78201"
Collins Retirement Solutions Group,Merrill Lynch,,,David Collins|Jason Thompson,"6093 Market Way, Boston, MA 02101"
Wang Group,Crestwood Family Office,,,,"9335 Hill Way, Baltimore, MD 21201"
Wright Advisors,Northgate Investment,,,Kevin Wright|Betty Nguyen|Jason Phillips|Jacob Rivera,"6006 Madison Pl, San Antonio, TX 78201"
Green Advisory Group,DA Davidson & Co.,,,Barbara Moore|John Mitchell|Ronald Wang|James Roberts,"4693 Maple Blvd, Houston, TX 77001"
Wang Wealth Partners,Oppenheimer & Co.,Amanda Wang,,Amanda Wang|Charles King|Karen Roberts|Nncy Hill|Kenneth Zhang|Ashley Anderson,"8423 Spring Blvd, Los Angeles, CA 90001"
Smith Financial Group,Wells Fargo Advisors,,,,"4624 Lake Pl, Houston, TX 77001"
Gomez Advisors,Kingsbridge Capital Advisors,,,,
Roberts Asset Management Group,UBS Financial Services,,,Ashley Roberts|John Johnon|Jessic@ Diaz|Edward Reyes|Joseph Hall|Susan Lee|Lisa Wng,
Kim Private Wealth Group,LPL Financial,Charles Kim,,,
Liu Tax & Wealth Group,LPL Financial,Joseph Parker,,,"8381 Jefferson Rd, Minneapolis, MN 55401"
Johnson Group,Clearwater Capital,,,,
Thomas Financia1 Group,Cetera Financial Group,,,,"155 Hill St, Chicago, IL 60601"
Lee Capital,Harborview Private Wealth,Lisa 1ee,,,"7297 Highland Ave, St. Louis, MO 63101"
Baker Retirement Solutions Group,Morgan Stanley Wealth Management,"Baker, Charles",,,
White Portfolio Group,Woodbury Financial,"Scott, William",,,
Campbell Financial Partners,Harborview Private Wealth,Rachel White,whiter@harborviewpw.com,Rachel White|Jason Turner|Linda Patel|Donad Scott|Karen Evans|Jason Kim,"6502 Main Pkwy, Phoenix, AZ 85001"
Cruz Advisory Group,Hilliard Lyons,,,,
Torres & Associates,Morgan Stanley Wealth Management,Andy Torres,,,
Baker & Associates,Hilliard Lyons,,,Robert Baker|Barbara Aderson,"1601 Oak Court, St. Louis, MO 63101"
Hall Private Client Group,DA Davidson & Co.,Megn Hal,,,
Moore Asset Man@gement Group,Commonwealth Financial Network,Mark Scott,,Mark Sott|dward Carter|Kevin Anderson|Timothy G@rcia|Lind Parker|Kevin Green,"1734 Highland Dr, Austin, TX 78701"
Morris Investment Partners,Parkside Wealth Strategies,,,Timothy Morris|Ashley Morris|Steven Wilson|Charles Jackson,"8851 Hill Ln, Boston, MA 02101"
Moore Investment Group,Edward Jones,"Patel, Rache1",,Rache1 Patel|Andrew Mart1n|Charles Scott|Helen Parker|Jeffrey Roberts|Charles Collins|Jeffrey Jackson,
Cruz & Associates,Clearwater Capital Group,,,George Cruz|Amanda Wright|Anthony Torres|Michael Allen,"3116 Willow Ln, Phoenix, AZ 85001"
Yang Family Office,Kingsbridge Capital Advisors,"Garcia, Amanda",,,"4068 Commerce Dr, Miami, FL 33101"
King Advisory Group,Commonwealth Financial Network,George Ki9,,George King|George Jones,
Nguyen Investment Group,Stifel Nicolaus,,,,
Williams Capital Group,Robert W. Baird & Co.,,williamsp@rwbaird.com,,
Thompson Retirement Solutions roup,Oppenheimer & Co.,,thompsons@opco.com,Sandra Thompson|Antony Gom3z|Sara Adams|Helen Hall|Lisa Khan|Dan1el Brown,
Khn Inestm3nt Group,Commonwealth Financial,Sandra Thoas,,,"397 Washington Ln, San Diego, CA 92101"
Thomas Portfoli0 Group,Janney Montgomery Scott,,,,
Hall Tax & Wealth Group,LPL Financial,,,,
Johnson Capital Partners,Ridgeway Wealth Management,Charl35 Baker,,,
Davis Portfolio Group,Janney Montgomery Scott,Matt Davis,matt.davis@janney.com,,"1602 Lincoln Pl, Memphis, TN 38101"
Tuner Private Wealth,Crestwood Family Office,,rachel.turner@crestwoodfo.com,Rachel Turner|Rachel Jones,
Morgan Capitl Group,Hilliard Lyons,,morganj@hl.com,,
Hill Wealth Partners,Securities America,,,,
Green Grup,Highfield Asset Management,,scottb@highfieldam.com,Barbara Scott|Lisa King|Richard Miller|5usan Collins,"653 Spring St, San Diego, CA 92101"
Williams Portfolio Group,Commonwealth Financial Network,Steve Harris,,Steven Harris|Ashley Garcia|Joseph Liu|Br1an Scott|Thomas Wilon|Barbara Roberts,"6426 Madison Pkwy, San Diego, CA 92101"
Cruz Advisory Group,Ameriprise Financial Services,,,Matthew Miller|Helen Chen|Jennifer Evans|Nancy Harris|Brian Patel,
Kim R3tirement S0lutions Group,DA Davidson & Co.,,,,
Patel Welth,Harborview Private Wealth,Patricia Hill,,,"5102 Cedar Ln, Las Vegas, NV 89101"
Young Advisory Group,National Planning Holdings,,dchen@nph.com,Dorothy Chen|Ryan Cruz|George Edwards|Charles White|Michael Gomez|Andrew Martin,
Flore5 Investment Group,Oppenheimer & Co.,,,Barbara Flores|Brian Morgan|Susan Gomez|Paul Miller|Donald Taylor|Richard Smith,
Robrts Capital Partners,Highfield Asset Management,Ryan Roberts,robertsr@highfieldam.com,Ryan Roberts|Patricia King,"2214 Washington Ave, New York, NY 10022"
Scot & Carter Group,Janney Montgomery Scott,,,Susan Scott|Thomas Zhang|Jacob Wilson|Robert Harris|James Williams|Kenneth Thomps0n,
Zhang Walth Partners,National Planning Holdings,,,Jessica Baker|Emily Brown|John Moore,
Huang Private Wealth,Highfield Asset Management,Jeff Huang,,Jeffrey Huang|Jennifer Zhang|Betty Huang|Lisa Campbell|Timothy Phillips,"1847 Cedar Dr, Houston, TX 77001"
Wright Prtfolio Group,DA Davidson,Matt Wright,,Matthew Wright|David Kim|Emily Evans|Anthony Jones|Steven Collins|Dorothy cott|William Morgan|Paul Scott|Brian Rivera,"5627 Commerce St, Memphis, TN 38101"
Allen @dvisory Group,Hilliard Lyons,"Allen, Helen",,,"4349 Spring Ln, Atlanta, GA 30301"
arter Private Wealth,Parkside Wealth Strategies,,,,
Zhang Advisory Group,Raymond James Financial Services,Bob Zhang,bob.zhang@raymondjames.com,,
Flores Asset Management,Harborview Private Wealth,Rachel Fores,,,
Garcia & Associate5,Highfield Asset Management,Brian Garcia,,,
Mre Advisory Grou,Oppenheimer & Co.,"Moore, Michael",,,
Kim Financial Partners,Meridian Private Wealth,,,Jason Patel|Amanda Patel|Mark Smith|Edward Flores,"2712 Park Blvd, Philadelphia, PA 19101"
Wilson Capital Gr0up,Raymond James Financial Services,,john.wilson@raymondjames.com,John Wilson|Mark Johnson,"6674 Cedar Dr, Washington, DC 20001"
Martin & Associates,Stifel Nicolaus & Company,"Martin, Matthew",,,
Scott Investment Group,Woodbury Financial,,,,"5264 Oak Blvd, San Antonio, TX 78201"
Gomez Wealth @dvisors,Stifel Nicolaus,,,5andra Morris|Paul Col1ins,"4332 Commerce Blvd, Miami, FL 33101"
Young & Gomez Group,Raymond James Financial Services,,,Jessica Young|Christopher Parker|Thomas Young,"1215 Main Ave, Minneapolis, MN 55401"
Brown Finacial Group,UBS Financial,Karen Brown,,,"6876 Hill Court, St. Louis, MO 63101"
Hall Private Wealth,Kingsbridge Capital Advisors,,moorej@kingsbridgecap.com,,
Moore Financial Partners,Meridian Private Wealth,,,,"7786 Elm Pl, Memphis, TN 38101"
Williams Pr1vate Client Group,Oppenheimer & Co.,Nancy Torres,,,
Thomas Finncial Group,Stifel Nicolaus & Company,Patricia Rivera,privera@stifel.com,,"9494 Maple Blvd, Raleigh, NC 27601"
im Financial Partners,Summit Peak Advisors,,,,"9901 Willow Ave, Houston, TX 77001"
Anderson Investment Group,Commonwealth Financial Network,"Anderson, Richard",,Rich@rd Anderson|Mark Carter|Dorothy Anderson,
Torres Retirement Solutions Group,LPL Financial,Jason Kim,,,"4839 Elm Ave, Houston, TX 77001"
Wang Advisors,Meridian Private Wealth,,matt.wang@meridianpw.com,Matthew Wang|Andrew Allen|Ashley Liu|John Allen,
Hall Wealth Advisors,Cambridge Investment Research,Susan Hall,,Susan Hall|Christopher Smith,
Ev@ns & Associates,Meridian Private Wealth,,,,
Yang & Nguyen Advisors,Woodbury Financial,Ronald Yang,,,"6608 Park Blvd, Indianapolis, IN 46201"
Taylor Tax & Wealth Group,Oppenheimer &,Lisa Anderson,andersonl@opco.com,Lisa Anderson|John Diaz,"5976 Elm St, Washington, DC 20001"
Reyes Tax & Wealth Group,Hilliard Lyons,"Reyes, Emily",,,"2683 River Ave, Houston, TX 77001"
Hill Advs0rs,Harborview Private Wealth,Jeff Smith,jeff.smith@harborviewpw.com,Jeffrey Smith|Amanda Reyes|Andrew Parker|Rachel Chen,
Willias Family 0ffice,Northgate Investment Partners,Dan Williams,,,
Miller Advisory Group,Securities America,"Baker, Mark",mark.baker@secam.com,,
Zhang Retirement Solutions Group,National Planning Holdings,,johnsonb@nph.com,Betty Jonson|Daniel Zhang|Barbara Gomez|Steven Parker,
Chen Investment Group,Raymond James Financial Services,,,Ryan Torres|Timothy Torres,
Huang Asset Management Group,Securities America,,,,
Cartr Wealth Advisors,Oppenheimer & Co.,,,Steven Carter|James Williams|Nancy Anderson|Emily Kim|Barbara Wang|Linda Adams|Kevin Campbell,
Chen Capital Group,Commonwealth Financial Network,Donald Chen,,,
Young Institutional Group,Raymond James,"Young, Anhony",,,
Jones Wealh Managment Group,Janney Montgomery Scott,,,Dorothy Parker|Andrew Reyes,"4758 Hill Court, Phoenix, AZ 85001"
Wang Tax & Wealth Group,Commonwealth Financial Network,,,,"9411 Cedar Ave, Raleigh, NC 27601"
Miller & Associates,Harborview Private,"Miller, Susan",millers@harborviewpw.com,Susan Miller|Michael White,"2735 Park Ave, Denver, CO 80201"
Green Fam1ly Office,Highfield Asset Management,"Mitchell, Kevin",,,
Thomas Retirement Solutions Goup,Securities America,,,Betty Thomas|Paul Harris|Susan Yang,"1678 Spring St, New York, NY 10001"
Collins Wealth Management Group,Stifel Nicolaus & Company,,collinsh@stifel.com,,
Green Investment Group,Securities America,,greenr@secam.com,,
Evans Family Office,Meridian Private Wealth,,,Barbara Evans|Susan White|Kenneth Chen|Ronald White,
Liu & Associates,Kingsbridge Capital Advisors,,,,
Morgan Private Wealth Group,Securities America,,morgank@secam.com,,
Miller Institutiona1 Group,Woodbury Financial Services,,,,
Campbell Capital Partners,Meridian Private Wealth,Willia C@mpbell,campbellw@meridianpw.com,,
Lee Wealth Management,Crestwood Family Office,Karen Lee,,,
Edwards Wealth,Parkside Wealth,Bar6ara Edwards,edwardsb@parksidewealth.com,,
Moore Group,Clearwater Capital Group,Jason Moore,,Jason Moore|Amanda Huang|Lisa Roberts,"6502 Willow Ln, Charlotte, NC 28201"
Wilson Private Wealth,Clearwater Capital,Rick Wilson,,Richard Wilson|Christopher Wright|Sarah White|Megan Thompson|George Green|Kevin Turner,"7443 River Pkwy, Philadelphia, PA 19101"
Adams Family Wealth Group,Morgan Stanley Wealth Management,,,Ryan Adams|Ashley Thompson,
Moor Financial Partners,Kingsbridge Capital Advisors,,,,
Cruz F1nancial Group,Janney Montgomery,,rick.thomas@janney.com,,"4276 Willow Pkwy, Nashville, TN 37201"
Zhang WealthPartners,Woodbury Financial,Barbara Zhang,barbara.zhang@woodburyfs.com,,
Miller Family Offic3,Summit Peak Advisors,Bett Turner,,,
Liu Wealth Management Group,Cambridge Investment Research,Mark Liu,,,"5452 Cedar St, Phoenix, AZ 85001"
Phillips T@x & Wealth Group,Janney Montgomery Scott,Helen Phillips,helen.phillips@janney.com,Helen Phillips|Lisa Campbell|Richard Morgan|Mark Smith,
Roberts Wealth Advisors,Securities America,Jessica Roberts,,,"3212 Oak Pl, Boston, MA 02101"
Smith Investment Group,Cetera Financial,,don.smith@cetera.com,,
Cruz Asset Man@gement Group,DA Davidson,Ryan Cruz,ryan.cruz@dadavidson.com,,
Lee Financial Group,National Planning Holdings,,,,"8969 River Ln, Baltimore, MD 21201"
Wang Wealth ManagementGroup,Commonwealth Financial Network,Ja5on Wang,,,"2038 Commerce Blvd, Denver, CO 80201"
Allen Wealth Partners,Robert W. Baird & Co.,Paul Yang,pyang@rwbaird.com,Paul Yang|Jennifer Gre3n|Helen Yang|Karen Taylor|Nacy Moore|Andrew Green|Edward King,
Wilson Wealth,Summit Peak Advisors,"Huang, Jeffrey",jeff.huang@summitpeakadv.com,,"5401 Willow Pkwy, St. Louis, MO 63101"
Wriht Advisory Group,Woodbury Financial Services,Tom Lee,,,
Cruz Private Client Group,Securities America,,,Andrew Cruz|Richard Zhang|Mark Mitchell,
Smith Financial Group,Stifel Nicolaus & Company,"Smith, Sarah",,,"1440 River Pl, Houston, TX 77001"
Brown Prtners,Meridian Private Wealth,Andrew Y@ng,,,
Ki Pr1vate Client Group,Commonwealth Financial Network,,,,"2445 Jefferson Way, Memphis, TN 38101"
King Family Wealth Group,Hilliard Lyons,"King, Helen",,H3len King|Kenneth Taylor|Edward Chn|Lisa Wilson|Timothy Zhang|Sarah Miller|Betty Davis,
H@ll Capital Group,Cambridge Investment Research,Sarah Hll,sarah.hall@cambridgeinv.com,,"1476 Maple St, San Francisco, CA 94101"
Torres Investment Partners,Kingsbridge Capital Advisors,,mtorres@kingsbridgecap.com,,"9918 Hill Way, Los Angeles, CA 90001"
Moore Wealth Partners,Hilliard Lyons,,,,"7282 Market Rd, Boston, MA 02101"
Young Retirement Solutions r0up,Edward Jones,,,,"9980 Oak Pl, Philadelphia, PA 19101"
Edwards Advis0rs,Summit Peak Advisors,Chris Stewart,stewartc@summitpeakadv.com,Christopher Stewart|Robert Rivera|Patricia Rivera|Jessica Liu|Daniel Khan|Nancy Wang|Kevin Miller,
Jones & Assoc1ates,Parkside Wealth,Helen Jones,,Helen Jones|Helen Green|Daniel King|Edward Jones,
Davis ealth Partners,Oppenheimer & Co.,,davisd@opco.com,,"5109 Spring Dr, Indianapolis, IN 46201"
Wilson Wealth Management,Clearwater Capital Group,,betty.wilson@clearwatercap.com,,"9530 Lincoln Ln, San Diego, CA 92101"
Williams rivate Wealth Grup,Morgan Stanley,Ron Wiliams,,Ronald Williams|John Mitchell|Mark Cen|Edward Colins|Jennifer Taylor|Richard Collins,
Phillips Asset Managment Group,Merrill Lynch Pierce Fenner & Smith,Jessica Phillips,,,"8653 River Blvd, Dallas, TX 75201"
Evans Group,Highfield Asset,,george.evans@highfieldam.com,,"7600 Willow Way, Washington, DC 20001"
Morris We@lth Advisors,National Planning Holdings,,parkera@nph.com,,
Mitchell Portfolio Group,Ameriprise Financial Services,"Mitchell, Jason",,Jason Mitchell|Kevin Phillips|Ashley Yang,
Smith Tax & Wealth 9roup,Merrill Lynch Pierce Fenner & Smith,Dorothy Smith,,Dorothy Smith|Jennifer Khan|Richard Patel|Paul Patel,
Green & Mitchell Advisors,Parkside Wealth Strategies,"Gr3en, Anthony",tony.green@parksidewealth.com,,
Rivera Capital Group,Edward Jones,,,Nancy Wright|Paul Wang|Jennifer Roerts|James Rey3s,"7217 Highland Ave, Boston, MA 02101"
Stewart & Associates,Morgan Stanley Wealth Management,,,,"9485 Washington Ave, Memphis, TN 38101"
Lee & Wright Partners,Edward Jones,"Lee, Mark",,Mark Lee|Ryan Reyes,
Smth Private Client Group,Ameriprise Financial,Jeff Smith,jeff.smith@ampf.com,,"5316 Elm Ln, Philadelphia, PA 19101"
Diaz Retiremen Solutions Group,Janney Montgomery Scott,Charles Taylor,,Charles Taylor|Emily Brown|Linda Stewar,
King Asset Management,Harborview Private Wealth,,,,"1755 Market Ave, Boston, MA 02101"
Hill Private Wealth Group,Ameriprise Financial,Lisa Rivera,riveral@ampf.com,,
Hill Wealth Management,Crestwood Family,,,,"4119 Willow Dr, Philadelphia, PA 19101"
Mitchell & Associates,Kingsbridge Capital Advisors,,,,
Harris Portfolio Group,DA Davidson & Co.,,,,
Hill Instituti0nal Group,Janney Montgomery Scott,,,Ryan Cruz|Linda Anderson|Dorothy Johnson|Christopher Mitchel|Ryan Rivera,
Nguyen Family Office,Northgate Investment,,millert@northgateinv.com,,
Jones Retirem3nt Solutions Group,Robert W. Baird & Co.,Steven Jones,,,"6853 Oak Ave, Los Angeles, CA 90001"
Williams & Associates,Clearwater Capital Group,Stve Williams,,,
Flores Tax & Wealth Group,Raymond James Financial Services,,,,
Gomez Capital Group,National Planning Holdings,,mgomez@nph.com,Mark Gomez|Margaret Hall,"3563 Main Pkwy, St. Louis, MO 63101"
Edwards Private Client Group,DA Davidson & Co.,Steven Edwards,,Steven Edwards|Amanda Rivera|Dorothy Morris|Paul uang,
Scot Private Wealth Group,Oppenheimer & Co.,,,Jessica Torres|Thomas Zhang|Dorothy Thompson|Matthew Johnson|Jas0n King,
Khan & Associates,Kingsbridge Capital Advisors,,,,"9274 Cedar Ln, Chicago, IL 60601"
Gomez Wealth Adisors,Janney Montgomery Scott,,,Anthony Gom3z|Patricia Adams|Brian Stewart|Lisa Rivera|Mark Reyes|Mark Jackson,
Morris Financial roup,DA Davidson & Co.,achel Campbell,,Rachel Campbell|Megan Smith|Andrew Mitchell,
Scott Advisory Group,Woodbury Financial Services,,joe.scott@woodburyfs.com,Joseph Scott|Betty Wilson|Lisa Mrtin,"8499 Madison St, Miami, FL 33101"
Williams Investment Partners,Summit Peak Advisors,Chris Williams,,Christopher Williams|Robert Reyes|Brian Scott|Ashl3y Nelson|Thoma5 Smith|Paul Morris,
Johnson Wealth Management Group,Robert W. Baird & Co.,Emily Kim,,Emily Kim|Pau Torres|Jacob Harris|Christopher Baker|Mark Martin,
Diaz Wealth,Clearwater Capital Group,Jacob Huang,,,
Nguyen Wealth Partners,Raymond James,Andy Rivera,,,"9509 Park Blvd, Indianapolis, IN 46201"
Anderson Wealth Partners,Janney Montgomery,Charl3s Anderson,,Jessica Chen|Mgan Patel,"329 Park Blvd, San Diego, CA 92101"
Williams Asset Management Group,Woodbury Financial Services,Mike William5,,,
Taylor Partners,Harborview Private,,leej@harborviewpw.com,,"2581 Oak St, Raleigh, NC 27601"
Roberts & @ssociate5,Raymond James Financial Services,,,,
Harris Investment Group,Wells Fargo Advisors,Sarah Scott,,Srah Scott|Amanda Nelson,
Williams & Associates,Northgate Investment Partners,Jacob Williams,,,"7496 Washington Ave, Phoenix, AZ 85001"
Davis Capital Group,Raymond James Financial Services,"Davis, Daniel",,Daniel Davis|Joseph Roerts|Christopher Carter|William Baker|James Nelson,"4259 Hill Ln, San Jose, CA 95101"
Harris Asset Management Group,Robert W. Baird & Co.,Joseph King,,,
Smith Capital,Kingsbridge Capital Advisors,,,Betty Smith|Charles Reyes,"5708 Park Pkwy, Phoenix, AZ 85001"
Rey3s Partners,Parkside Wealth Strategies,,,,
Scott Private Wealth,Kingsbridge Capital Advisors,"Scott, Kevin",,,
Scott Private Wealth Group,National Planning Holdings,,,,"6363 Elm Ave, New York, NY 10022"
Khan Asset Management,Crestwood Family Office,,,Mean Khan|Edward Flores|Thomas Jackson|Dorothy Nguyen|Michael Wang|James Rivera,
Allen Financial Group,Cambridge Investment Research,Steve Moore,,,"4340 Market Dr, New York, NY 10001"
Allen & Associates,Merrill Lynch Pierce Fenner & Smith,,,Sandra Allen|Kevin Wilson|Matthew Patel|Sarah White|Paul Mitchell|Paul Rivera|Sandra hompson,
Rivera Investment Group,Ameriprise Financial Services,DonKhan,,D0nald Khan|Daniel Moore|Timothy Zhang|William Taylor|Ronald Green|Steven Jones,"2021 Market Ln, San Antonio, TX 78201"
Reyes Financial Group,Edward Jones,,,,
Brown Wealth Management Group,Edward Jones,Jim Brown,,,
5mith Wealth Management Group,Wells Fargo Advisors,,,,
Moore Advisors,Crestwood Family Office,"Wang, onald",,,"2375 Commerce Dr, Baltimore, MD 21201"
Patel Family Wealth Group,Morgan Stanley Wealth Management,,yangs@morganstanley.com,Sandra Yang|Sandra Baker|Donald Williams|Michael Johnson|Megan Lee|Amanda Cruz,"5618 Highland Ave, Dallas, TX 75201"
Rivera Investment Partners,Clearwater Capital,Rachel ivera,,,
Edwards Investment Partners,Kingsbridge Capital Advisors,,,,"5502 Elm Pkwy, Denver, CO 80201"
Smith Wealth,Meridian Private Wealth,Chris Adams,,Christopher Adams|John Adams|Sarah Nguyen|Emily Phillips|Megan Martin,
1iu Family Wealth Group,Janney Montgomery Scott,,rliu@janney.com,,"4578 Lincoln Ln, Boston, MA 02101"
Wang Wealth,Northgate Investment Partners,"Hill, Donald",hilld@northgateinv.com,,
Hall Investm3nt Partners,Highfield Asset Management,,,William Hall|Kevin Thomas|Margaret Allen|Christopher Kim,"5420 Elm Way, Portland, OR 97201"
Nelson Wealth Management Grop,Stifel Nicolaus & Company,Jeffrey Mtchell,,,"237 Maple Blvd, Dallas, TX 75201"
Patel & Associates,Kingsbridge Capital,Dan Patel,,Daniel Patel|Joseph Liu|Robert Brown|Dorothy Phillips|Daniel White,
Green Asset Management Group,UBS Financial Services,Steve Green,,Steven Green|Charles Nelson|David Johnson|David Reyes|Jeffrey Wang|Daniel Thomas,"485 Maple Blvd, New York, NY 10022"
Roberts Group,Highfield Asset Management,,,,
Yang Group,Clearwater Capital,Jacob Yang,,Jacob Yang|Brian Andrson|Charles dams|Margaret Whte,
Al1en Family Office,Meridian Private Wealth,,,,
Hall Capital,Crestwood Family Office,"Hall, Kenneth",,,
Taylor & Associates,Securities America,"Taylor, Chistopher",,,"1763 Elm Way, Kansas City, MO 64101"
Collins Private C1ient Group,DA Davidson & Co.,"Collins, Margaret",,,
Zhang Wealth Advisors,Ameriprise Financial Services,,,,"7341 Hill Pkwy, Denver, CO 80201"
Flores Tax & Wealth Group,Morgan Stanley Wealth Management,,,,"1883 Market Rd, Minneapolis, MN 55401"
Brown Wealth Partners,Edward Jones,Kenneth Brown,ken.brown@edwardjones.com,,
Green Retirement Solutions Group,Oppenheimer & Co.,Kevin Green,kgreen@opco.com,Kevin Green|Daniel Johnson|Betty Parker|Ronad Thompson|Andrew Diaz|David Morgan,
Parker & Associates,Wells Fargo Advisors,"Parker, Richard",,Richard Parker|Charles Nelson|Donald Smith|George Green|Mark Allen|MarkWright,
Patel Investment Parners,Ridgeway Wealth Management,Rachel Patel,,Rachel Patel|Susan Thompson|Rachel Khan,
Johnson Private Wealth,Meridian Private Wealth,,,Helen Mitchell|Karen llen,
Garcia & Associates,Crestwood Family Office,,,,
Green Partners,Crestwood Family Office,"9r3en, Susan",greens@crestwoodfo.com,Susan Green|Barbara Nguyen|Michael Brown,
Evans Portfolio Group,Securities America,,dgreen@secam.com,Donald Green|Anthony Allen,
Lee & A5sociates,Parkside Wealth Strategies,Patricia Lee,plee@parksidewealth.com,Patricia Lee|Ryan Diaz|Helen Flores|Robert Morgan|Jeffrey Miller,
orris Family Office,Highfield Asset Management,Joe Huan9,joe.huang@highfieldam.com,Joseph Huang|Jason River@,"2649 Willow Pkwy, Raleigh, NC 27601"
Gomez Institutional Group,Robert W. Baird & Co.,Tony Collins,,Anthony Collins|James Turner,"4767 Jefferson Court, Boston, MA 02101"
Wr1ght Wealth Advisors,Oppenheimer & Co.,Mark Wright,,Mark Wright|Helen Campbell|Edward Huang|Brian Patel,
Campbell Group,Clearwater Capital Group,Ashley Campb3ll,acampbell@clearwatercap.com,Ashley Campbell|Timothy White,
Flores Privat Wealth Group,Ameriprise Financial Services,"Miller, Dorothy",dorothy.miller@ampf.com,,"7091 Highland Court, New York, NY 10001"
Martin Capital Partners,Kingsbridge Capital Advisors,Nany Martin,,,"8134 Cedar Court, Raleigh, NC 27601"
Yang Partners,Meridian Private Wealth,"Yang, Richard",,,"3082 River Court, Minneapolis, MN 55401"
Thomas Financial Partners,Ridgeway Wealth Management,Robert Lee,bob.lee@ridgewaywm.com,,
Phill1ps Institutional Group,UBS Financial Services,Nancy Phillips,,,
Roberts Retirement Solutions Group,Wells Fargo Advisors,Donald Roberts,,Donld Roberts|Joseph Chen|Marg@ret Yang,"6074 Elm Ave, Atlanta, GA 30301"
Thomas Capital Grop,Morgan Stanley Wealth Management,"Thoma5, Anthony",thomasa@morganstanley.com,,"860 Market Rd, Miami, FL 33101"
Davis Advisors,Crestwood Family Office,Ron Davi5,,Ronald Davis|Anrew Rivera|William White|John Smith|Kenneth Wang|Richard Stwart,
Khan PrivateClient Group,Cetera Financial Group,,,,
Nguyen & Hall Group,Hilliard Lyons,"Nguyen, William",,,"6075 Highland Ln, Raleigh, NC 27601"
Allen Wealth Advisors,Oppenheimer &,"Allen, Mark",,,
Flores Investment Partners,Parkside Wealth Strategies,,,,
Wright CapitalGroup,Stifel Nicolaus,Kenneth Rivera,,,"1921 Highland Ave, Houston, TX 77001"
Rivera Priv@te Wealth 9roup,National Planning Holdings,,,,
Green Private Cient Group,Janney Montgomery Scott,"Green, Andrew",,Andrew Green|Charles Williams,
Lee Wealth Advisors,Edward Jones,"Brown, Charles",,Charles Brown|Patricia Mitchell|Brian Morris|Mark Baker|Ge0rge Reyes|Richard Hall,
White Institutional Group,Oppenheimer & Co.,,ken.white@opco.com,Kenneth White|Kenneth Rivera,"361 Washington Way, Raleigh, NC 27601"
Collins & As5ociates,Meridian Private Wealth,,scollins@meridianpw.com,Sarah Collins|Steven Morgan|yan Hill|Eward Campbell,
Yang Financial Group,DA Davidson & Co.,Ashley Scott,,,"3146 Market Rd, Nashville, TN 37201"
Jackson Inv3stment Group,DA Davidson & Co.,,,Lnda Baker|Betty Baker|Thomas 5cott|Megan Wilson,"7935 Park Pl, Los Angeles, CA 90001"
Reyes Wealth Advisors,Cambridge Investment Research,Sandra Reyes,,,"7885 Oak Ln, Las Vegas, NV 89101"
Torres Private Client Group,Oppenheimer & Co.,,torresj@opco.com,,
Zhang & Thomas Group,Oppenheimer &,,megan.zhang@opco.com,,"7129 Main Pl, San Diego, CA 92101"
Scott Investment Partners,Harborview Private Wealth,Jennifer Scott,,,
Martin Capital,Summit Peak Advisors,Susan Marti,,,"3064 Park Ln, Seattle, WA 98101"
Anderson Investment Group,UBS Financial,,,Timothy Anderson|Karen Diz|Linda Green|Megan Davis|Linda Miller,
Brown Private Client Group,Cetera Financial Group,John Anderson,,,
Miller Retirement Solutions Group,Hilliard Lyons,,,Daniel Mi1ler|Daniel Johnson|Daniel Stewart,
Patel Wealth Advisors,Cetera Financial Group,,,,
Adams Financial Group,Morgan Stanley Wealth Management,,wadams@morganstanley.com,,
Cruz Partners,Highfield Asset Management,,,Jennifer Cruz|Daniel Martin|Paul Nguyen|Emily White|Joseph Huang,"639 Park Dr, Dallas, TX 75201"
Taylor W3alth Management,Summit Peak Advisors,Sandra ivera,riveras@summitpeakadv.com,Sandra Rivera|Mark Roberts|Robert Stewart|Susan Gomez,
Liu CapitalGroup,UBS Financial,Christopher Liu,chris.liu@ubs.com,Christopher Liu|Mark Wilson|Dorothy Edw@rds|Christopher Morris|Linda Anderson|Jessica Huang,
Yang Portfolio Gr0up,Merrill Lynch Pierce Fenner & Smith,Ashley Parker,,,
Brown & Stewart Advisors,National Planning Holdings,"Brown, Sandra",sbrown@nph.com,,
Gom Financial Group,Hilliard Lyons,,ashley.chen@hl.com,Ashley Chen|Barbara Zhang|Megan Wilson|Ashley Wilson,
Allen Retirement Solutions Group,Securities America,Sanra Allen,,,"145 Commerce Pl, Indianapolis, IN 46201"
Parker Family Wealth Group,Securities America,,,Barbara Thompson|Karen Morgan|Matthew Patel,"1792 Washington Pkwy, Washington, DC 20001"
Liu Advisors,Clearwater Capital Group,,,,"633 Hill Court, San Diego, CA 92101"
Scott Advisory Group,LPL Financial,,wangh@lpl.com,,
Yang Financial Partners,Summit Peak Advisors,Karen Yang,,,"5529 Oak Ave, Austin, TX 78701"
Young Family Wealth Grou,Securities America,Helen Young,helen.young@secam.com,,"3510 Park Dr, Las Vegas, NV 89101"
Gomez Family Office,Parkside Wealth Strategies,He1en Edwards,,,"2266 Highland St, New York, NY 10001"
Adams Private Client Group,National Planning Holdings,,,,"5561 Lincoln Pl, Raleigh, NC 27601"
Nelson & Associate,Merrill Lynch,,,Patricia Nelson|Nancy Anderson,"9733 Hill Blvd, Austin, TX 78701"
Huang Capital Grup,Woodbury Financial Services,,,,
Adams Privae Wealth Group,LPL Financial,,,,"3853 Commerce Pl, Chicago, IL 60601"
Wang Asset Management Group,Cambridge Investment Research,,,Kevin Wang|Sandra Davis|Ashley Khan|Jacob White|John Smith|Emily Gomz,
Stewart Tax & Wealth Group,LPL Financial,,,,
White Retirement 5olutions Goup,Hilliard Lyons,,,Betty Young|Jason Morgan|Thomas Miller|Lisa Lee|George Young,"5537 Main Pl, Austin, TX 78701"
Miler Walth Partners,National Planning Holdings,,,,"3995 Oak Court, Baltimore, MD 21201"
Sewart Wealth Partners,Hilliard Lyons,Ronald Stewart,,Ronald Stewart|Steven Turner|Edward Kin|Ronald Kim|Jessica Patel|Joseph Gomez|Daniel Stewart,
Allen Family Office,Parkside Wealth Strategies,,,,
Miler apital Group,Cetera Financial Group,Lisa Miller,,,"1036 Spring Way, Phoenix, AZ 85001"
Mitchell Investment Group,Edward Jones,"Mitchell, Jeffr3y",jeff.mitchell@edwardjones.com,,"5353 Madison Way, Atlanta, GA 30301"
Wilson Institutional Group,DA Davidson & Co.,Patricia Wilson,,Patricia Wilson|Jacob Turner,"9676 Washington Pl, Raleigh, NC 27601"
Patel Portfolio Group,Hilliard Lyons,,,,
Kim & Associates,Crestwood Family Office,"Kim, George",,,
Patel Capital,Meridian Private Wealth,,,Patricia Garcia|Daniel Phillips|James Patel|James Phillips|Margaret Hill|Brian Rivera|Edward Diaz,
Adas Wealth Management Group,LPL Financial,"Adams, Ronald",,,
Chen Wealth Partners,Merrill Lynch,,,,
Chen Financal Group,LPL Financial,,,,
Scott Wealth Management Group,Cambridge Investment,"5cott, Timothy",,,
Parker Capital,Clearwater Capital Group,,,Sandra Parker|Margaret Davis,
Martin Inv3stment Partners,Parkside Wealth Strategies,James Stewart,,,"1626 River Blvd, Indianapolis, IN 46201"
Cambell Private Wealth,Ridgeway Wealth Management,"White, Thomas",,,
Lee Wealth Parters,Woodbury Financial,,,,
Evans Wealth Management,Clearwater Capital Group,Linda Evans,,,"9350 Washington Rd, Philadelphia, PA 19101"
Adams Wealth Partners,Securities America,,,,"4468 Hill Ave, Raleigh, NC 27601"
Patel Advisors,Northgate Investment Partners,,,,
Wilson Asset Management Group,DA Davidson & Co.,,,,"9265 Oak Rd, Washington, DC 20001"
Jones & Assoc1ates,Harborview Private,,pjones@harborviewpw.com,,
Hill Family Wealth Group,LPL Financial,David Hill,,,
Mitchell & Associates,Stifel Nicolaus,"Mitchell, Patricia",,,
Hill Family Wealth Group,Ameriprise Financial Services,,,Michael Hill|Margaret Martin|Margaret Zhang|Dorothy Wilsn,
Morris Advisor5,Ridgeway Wealth Management,,,,
Taylor Portfolio Group,Commonwealth Financial Network,"Tayl0r, Ronald",ron.taylor@commonwealth.com,Ronald Taylor|Dorothy Diaz|Hele Nguyen|John Young|Donald Torres|Margaret Morri|Sandra Williams,
White Family Wealth Group,Oppenheimer & Co.,Bob Wite,,,
Parker Advisors,Kingsbridge Capital Advisors,Ashey Parker,,,
Stewat & Associates,Raymond James Financial Services,,,,"6991 Commerce Pkwy, Indianapolis, IN 46201"
Adams Asset Management,Northgate Investment Partners,Mihael Baker,,Michael Baker|Edward Phillips|Robert Nguyen|Christopher Stewart|Donald Green,"8407 Spring Dr, Indianapolis, IN 46201"
Flores & Associates,Edward Jones,,florese@edwardjones.com,Emily Flores|Ryan Baker|Betty Johnson|Jeffrey Zhang|Sarah Khan|Kevin King,
Zhang & Associates,Meridian Private Wealth,Am@nda Campbell,,,
Reyes Financial Group,DA Davidson & Co.,,,Jason Anderson|Ryan Jones|Edward Adams,"587 Lincoln Dr, Indianapolis, IN 46201"
Taylor Portfolio Group,DA Davidson & Co.,"Tayor, Ryan",rtaylor@dadavidson.com,,
Edwards Capital Group,Raymond James Financial Services,"Edwards, Margare",,Margaret Edwards|James Mitchell|andra Lee|Kenneth Evans|Steven Taylor|Betty Gomez|Andrew Taylor,"3443 Lake Way, Raleigh, NC 27601"
Collins Family Wealth Group,Morgan Stanley Wealth Management,,,Anthony Collins|Sarah Allen|Edward Turner,
Johnson Private Wealth roup,Woodbury Financial Services,Ron Johnson,,,"4724 Madison Way, Austin, TX 78701"
Torres Wealth Partners,Edward Jones,Don Flores,,Donald Flores|Jeffrey Morg@n|Paul Parker|Doald Khan|Michael Edwards,
Cruz & Cruz Partner5,Meridian Private Wealth,,,,"1334 Highland Ave, San Francisco, CA 94101"
Campbell Portfolio Group,Oppenheimer & Co.,,,Brian Campbell|Jason Parer|Char1es Yang|Brian Rivera|David Wright|James Thomas,"948 Lincoln Rd, Chicago, IL 60601"
Williams Private Wealth Group,Ameriprise Financial Services,,,,
Young Investment Partners,Meridian Private Wealth,,,,"8727 Main St, San Jose, CA 95101"
Jones Asset Management Group,Robert W. Baird & Co.,David Jones,,,
Wilson Retirement Solutions Group,UBS Financial Services,,,Andrew Parker|Margaret Thomas|Edward Yang|Andrew Edwards|David Lee,"374 Cedar Way, San Antonio, TX 78201"
Thompson Investmnt Partners,Highfield Asset Management,"Johnson, James",,,
Stewart Family Wealth Group,LPL Financial,"Stewart, James",,James Stewart|Anthony Flres|Mega Johnson|Rachel Garcia,"4937 Elm Rd, Minneapolis, MN 55401"
White Capital Partners,Parkside Wealth Strategies,"White, Ch@rles",,Ch@rles White|Emily Adams|Betty Lee|Timthy Brown,"6067 Main Blvd, San Antonio, TX 78201"
Nguyen Institutional Grou,Stifel Nicolaus & Company,Bill White,,,
Scott AdvisoryGroup,UBS Financial Services,,,Lisa Scott|Karen Morgan|Paul Cruz|John Harris|Betty Lee,"7061 Market Ave, San Diego, CA 92101"
Chen Asset Management,Harborview Private Wealth,,,,"9058 Cedar Pl, Houston, TX 77001"
White Asset Management Group,Edward Jones,Thom@s White,,,"729 Lincoln Way, Charlotte, NC 28201"
Wang & Associates,Clearwater Capital,Linda Wang,,,
Nelsn Tax & Wealth Group,DA Davidson,,morrisr@dadavidson.com,Ronald Morris|Nancy Evans|Rachel Wang|Megan Parker|aul Liu,
omez & Wright Advisors,Clearwater Capital,"Gomez, Charles",,Charles Gomez|JeffreyBaker|Betty Carter|Barbara Nelson|Timothy Hall|A5hley Evans,"9982 Highland Dr, Minneapolis, MN 55401"
Wang Private Client Group,LPL Financial,Ken Thompson,,,
Phillips Wealth Advisors,Oppenheimer & Co.,,phillipsm@opco.com,,
Edwards Capit@l Partners,Kingsbridge Capital Advisors,Jessica urner,,Jessica Trner|Mark Zhang|Andrew Reyes|Anthony A1len,"6635 Maple Rd, Houston, TX 77001"
han Portfoio Group,Edward Jones,Susan Khan,skhan@edwardjones.com,Susan Khan|Rachel Evans,
Diaz Capital Group,Securities America,"King, Karen",,Karen King|Jennifer Evans|Steven Edwards,"6387 Washington Blvd, Dallas, TX 75201"
Moore Partners,Harborview Private Wealth,Brian Moore,,Brian Moore|Emily Kim,"8596 Lake Pl, Phoenix, AZ 85001"
Green Portfolio Group,Commonwealth Financial,Sandra Green,,Sandra Green|Thomas Wan9|Emily Lee|Jacob Mitchell|Robet Diaz,"1776 Hill Court, Las Vegas, NV 89101"
Hill Asset Management,Meridian Private Wealth,,,Karen Hill|Donald Turner|James Ad@ms|Amanda Flores,"2257 Main Ave, Portland, OR 97201"
Kim & Stewart Advisors,Cetera Financial Group,,,Richard Kim|Jason Diaz|Jacob Young|James Allen|Donald Patel|Keneth Hall|Steven Davis,
King Advisors,Harborview Private Wealth,Ryan Zhang,,Ryan Zhang|James Brown|Linda Hall|Daniel Morris|Kevin Nelson,"1288 Park Way, Baltimore, MD 21201"
Di@z Investment Group,Commonwealth Financial Network,Linda Thompson,thompsonl@commonwealth.com,,
Anderson Partners,Northgate Investment Partners,,andersong@northgateinv.com,George Anderson|Megan Reyes|Wiliam Gomez|Matthew Campbell|Patricia Thomas|Anthony Nelson,
Allen & As5ociates,UBS Financial Services,,,Matthew Allen|Andrew Carter|Megan Smith|J@cob Thompson|Linda Green,"3112 River Rd, Minneapolis, MN 55401"
Stewart Wealth Advisors,Morgan Stanley Wealth Management,Ashley Stewart,,,
Flores Private Wealth,Clearwater Capital Group,Patricia Flores,,Patricia Flores|Helen Zhang|Jaco Scott|David Baker|Ronald Harris|George Taylor|Jessica Gomez,"1348 Maple Way, Raleigh, NC 27601"
Thompson Capital Group,Hilliard Lyons,David Thompson,,David Thompson|Helen Patel,"6383 Hill St, Philadelphia, PA 19101"
Smith Capital Group,Hilliard Lyons,,,Jessica Roberts|Timothy Khan|Sandra Wang,"5774 Maple Ave, Nashville, TN 37201"
Parker Private Wealth Group,Stifel Nicolaus & Company,,,,"6626 Commerce Way, New York, NY 10022"
Yang Wealth Prtners,Janney Montgomery Scott,JohnWilliams,,,
Garcia Private Client Group,Raymond James Financial Services,Dan Garcia,dgarcia@raymondjames.com,,"8941 Park Pkwy, New York, NY 10001"
Torres Tax & Wealth Group,Stifel Nicolaus & Company,Barbara orres,,,
Garcia Family Office,Harborview Private Wealth,,turnera@harborviewpw.com,Ashley Turner|Jason Harris|J3nnifer Reyes,"4728 Madison Pkwy, Atlanta, GA 30301"
Thomas Wealth Management Group,Cetera Financial Group,,,Thomas Thomas|Barbara Wang,
Moris Private Client Group,Cambridge Investment Research,,,,"7177 Oak Court, Seattle, WA 98101"
Garcia Asset Management,Harborview Private Wealth,AmandaGarcia,,Amanda Garcia|Charles Khan|Nancy Nguyen|Richard Miller|Jennifer Mitchell|Paul Carter|Jennifer Carter,
Taylor & Associates,UBS Financial Services,Jennifer Taylor,jennifer.taylor@ubs.com,Jennifer Taylor|Betty Williams|Andrew Nelson|Edward Cruz|Christopher Moore|John King|Mark Phillips,
Cruz Partners,Highfield Asset Management,Patricia Cruz,,Patricia Cruz|Patricia Reyes|Ronald Patel|Michael Huang,"7899 Hill Pl, Seattle, WA 98101"
Yang Institutional Group,Securities America,3d Yang,,,
Lee Wealth Management,Crestwood Family Office,William Lee,,William Lee|Nancy Flores|Thomas uang|Margaret Anderson|Donald King,"9476 Lake Pkwy, San Jose, CA 95101"
Roberts Family Office,Harborview Private Wealth,"Roberts, Ryan",,Ryan Roberts|illiam Stewart|Jessica Allen|John Wilson|Karen Hall,"145 Lake St, Austin, TX 78701"
Wang Capita Partners,Clearwater Capital Group,"White, Helen",,Helen White|Michal Hill|Linda Hall,"197 Lincoln Court, Philadelphia, PA 19101"
Chen & Associates,Stifel Nicolaus & Company,,,,
Chen Wealth Management Group,Cetera Financial Group,Paul Chen,,,"9029 Cedar St, Washington, DC 20001"
Wilson W3alth Management Group,Raymond James Financial Services,,,,
Roberts & Associates,Meridian Private,Joseph Roberts,,Joseph Roberts|Sandra Williams|Thomas Huang|Dorothy Scott|Linda Kim|Andrew Parker,
Khan Wealth Partners,Oppenheimer & Co.,,,Steven Khan|Megan Young|R0nald Young|Jennifer White|Barbara Garcia|Joseph Carter,
Carter Private Wealth Group,Morgan Stanley Wealth Management,,,,
Torres Cap1tal,Summit Peak Advisors,,,,
Mitchell Asset Manageent Group,Raymond James Financial Services,Ken Mitchell,,Kenneth Mitchell|Chares Morris|Margaret Yang|Betty Johnson|Thomas Thomas|Lisa Khan|William Torres,"599 Main Rd, San Francisco, CA 94101"
Johnson Prvate Wealth Group,Cambridge Investment Research,Karen Johnson,,,"6235 Main Ave, Philadelphia, PA 19101"
Brown Capital Group,Ameriprise Financial Services,,,Emily Brown|Rachel King|Kenneth Adams,"2212 Hill Rd, Phoenix, AZ 85001"
Brow Famly Wealth Group,National Planning Holdings,Steven Brown,steve.brown@nph.com,,"6250 Willow Dr, San Diego, CA 92101"
Davis Wealth Management,Crestwood Family Office,,,,
Nguyen Tax & Wealth Group,Cetera Financial,,,,"2116 Lake Dr, Nashville, TN 37201"
Morgan Investment Group,Ameriprise Financial Services,George Edwards,,George Edwards|Jessica Martin,
Khan Institutional Group,Stifel Nicolaus & Company,,,,"1742 Washington Blvd, Washington, DC 20001"
Edwards Group,Clearwater Capital Group,,,William Morgan|Anthony Roberts,
Anderson Private Client Group,Robert W. Baird & Co.,Bob Anderson,,Robert Anderson|Bety K1m|Dorothy Nguyen,"9286 Elm Pl, St. Louis, MO 63101"
Diaz Investment Group,Woodbury Financial Services,,jonesj@woodburyfs.com,,
Cruz Financial Group,Raymond James,,,,
White Private Cliet Group,Woodbury Financial Services,Je5sica Wright,,Jessica Wright|William Phillips|Rchel Campb3ll,"2970 Hill Rd, Denver, CO 80201"
mith & Associates,Raymond James Financial Services,Megan 5m1th,,Megan Smith|Ronald Wright|Thomas Yang|Nancy Brown,
King Family Office,Parkside Wealth Strategies,Ashley King,,,
Patel Investment Partners,Clearwater Capital Group,Betty Patel,,,"4128 Elm Blvd, Philadelphia, PA 19101"
Jackson Private Wealth Group,Ameriprise Financial,Susan Smith,,,"6885 Market St, Portland, OR 97201"
Harris Asset Management Group,Hilliard Lyons,,mharris@hl.com,,
Baker Private Client Group,UBS Financial Services,,,,
Torres @sset M@nagement,Summit Peak Advisors,,,,
Parker Capital Group,Edward Jones,,,,
Jackson Wealth,Kingsbridge Capital Advisors,,,Rachel Jackson|Edward Hall|Jeffrey Roberts|Jessica Colins|Paul Chen|Megan Patel,
Phillips Tax & Wealth Group,Merrill Lynch Pierce Fenner & Smith,George Chen,george.chen@ml.com,,"8391 Oak Pkwy, Indianapolis, IN 46201"
Moore Family Office,Ridgeway Wealth Management,,,,"7251 Park Blvd, Dallas, TX 75201"
Taylor Family Wealth Group,Raymond James,,jroberts@raymondjames.com,,"9079 Highland Ave, Washington, DC 20001"
Kim Wealth Advisors,Janney Montgomery Scott,,,,
Wilso Advisors,Harborview Private Wealth,"Pat3l, Ashley",,,
Moore Tax & Wealth Group,Cambridge Investment Research,,,,"2209 Jefferson Court, Philadelphia, PA 19101"
Reye5 Advisors,Harborview Private Wealth,John Turner,john.turner@harborviewpw.com,,
Evans Investment Partners,Ridgeway Wealth Management,,,,
Brown Wealth Management,Clearwater Capital Group,Kenneth Parker,,Kenneth Parker|Richard Flores|Betty Davis|Brian Zhang,
Yang Capital Group,Oppenheimer & Co.,Lisa Yang,,Lisa Yang|Linda Parker,"7466 Market Ln, Baltimore, MD 21201"
Scott Capital Partners,Northgate Investment,Bri@n Torres,,Brian Tores|James Smith|Michael Nguyen|Susan Adams|Robert Nguyen|Robert Carter,"5868 Washington Rd, Chicago, IL 60601"
Patel Private Client Group,Oppenheimer & Co.,Susan Patel,,,
Scott Wealth Partners,Cetera Financial,"Scott, Nancy",,Nancy Scott|Steve Jones|Jacob Rivera|Rachel 3vans,
Smith & Associates,Commonwealth Financial Network,"Smith, Andrew",,Andrew Smith|John Rivera|Jacob White|Sarah Lee|Patrici Huang,"3404 Market Ln, Philadelphia, PA 19101"
Jones Financil Group,UBS Financial,Karen Wright,,Karen Wright|Kenneth Khan|Pal Moore|Anthony Rivera|Brian Flores|Michael Anderson,"425 Madison Dr, San Antonio, TX 78201"
Wright Family Wea1th Group,UBS Financial Services,Jacob Reyes,,Jacob Reyes|Paul Stewat|Paul Parker|George Zhang,"894 Highland Dr, Nashville, TN 37201"
Green Institutiona1 Group,National Planning Holdings,Chris Jones,,Christopher Jones|Linda Wilson|PaulWright|Paul Dais|Anthony Torres|Anthony Nguyen,
Thompson Wealth Advisors,DA Davidson & Co.,,,,"315 Spring St, Dallas, TX 75201"
Smith Portfolio Group,Janney Montgomery Scott,,,,
Morris & Associates,Clearwater Capital Group,,kev.morris@clearwatercap.com,,"839 Madison St, Houston, TX 77001"
Morris Invetment Group,Cambridge Investment Research,Megan Morris,morrism@cambridgeinv.com,,"5541 Hill Pkwy, Denver, CO 80201"
Moore Partners,Meridian Private Wealth,Kenneth Moore,,,"3825 Jefferson Way, Chicago, IL 60601"
Stewart Investment Partners,Highfield Asset Management,Sandra Stewart,,,
Miller Portfolio Group,Cambridge Investment Research,,,,"6985 Lake Dr, Phoenix, AZ 85001"
Nuyen Family Office,Harborview Private Wealth,Jim Nguyen,,,"3078 Park Ave, Miami, FL 33101"
Lee Capital Grop,DA Davidson & Co.,"Lee, Karen",klee@dadavidson.com,,"9326 Madison Pkwy, Dallas, TX 75201"
Wlson Financi@l Group,Raymond James Financial Services,,,Donald Wilson|Rach3l Johnson|Charles Liu|Christopher White|Patricia Cruz|Emily Brown,
Lee Private Client Group,UBS Financial Services,,dan.khan@ubs.com,,"7119 Hill Court, San Jose, CA 95101"
Jones & Associates,Harborview Private Wealth,Steve Jones,,,"7393 Commerce Pl, Indianapolis, IN 46201"
Rivera Private Wealth Group,Edward Jones,,rachel.gomez@edwardjones.com,,"5879 Maple Pl, Washington, DC 20001"
Rivera Portfolio Group,Janney Montgomery Scott,,,K@ren Rivera|Helen Rivera|Ashley Flores|Anthony Campbell,
Johnson Institutional Group,Morgan Stanley Wealth Management,"Martin, Barbara",,,
Zhang & Smith Partners,Morgan Stanley,Kevin Zhang,,Kevin Zhang|Bri@n Patel|Jessica Cambell|Brian Nguyen|Ryan Miller|Barbara Morgan,
Diaz Retirement Solutions Group,Raymond James,,,,
C@rter Investment Group,Raymond James Financial Services,Rachel Carter,rachel.carter@raymondjames.com,,"6450 Lake Dr, Nashville, TN 37201"
Hall Capital Group,UBS Financial,,hallm@ubs.com,,
Khan Financial Group,Ameriprise Financial Services,James Khan,,James Khan|Anthony Miller|Sarah Wri9ht|Jennifer Turner|Robert Cruz|Jacob King|Ashley Cruz,
Scott Capital,Highfield Asset,,,,"1633 Commerce Pkwy, Denver, CO 80201"
Allen Private Wealth Group,Wells Fargo,,,William Allen|Richard Morris|Charles Kim|Mark Diaz|Sarah Zhang|Michael Thomas|Betty Mitchell,"5155 Commerce St, Portland, OR 97201"
King Institutional roup,Ameriprise Financial Services,Joe King,,,
Evans Financial Group,Ameriprise Financial Services,,,Ashley Evans|Jacob Turner|Paul Scott|Sandra Rivera,
Flores Finacial Group,Janney Montgomery Scott,Steve Flores,,,"9512 River St, Minneapolis, MN 55401"
Lee Wealth ManagementGroup,Cetera Financial Group,"Robets, Lisa",,,"1187 Park Blvd, Indianapolis, IN 46201"
T0rres Financial Group,National Planning,,linda.torres@nph.com,,
Carter Capital Group,Merrill Lynch,"Carer, Jenifer",,,
Stewart Wealth Partners,Hilliard Lyons,,,Amanda Garcia|Anthony Allen|Andrew atel|Nancy Zhang|Jessica Wilson|Joeph Cruz,"8907 Madison Ln, San Antonio, TX 78201"
Anderson Family Wealth Group,Robert W.,Sarah Miller,millers@rwbaird.com,,"2104 Willow Court, Austin, TX 78701"
Kim Tx & Wealth Group,Robert W. Baird & Co.,"Kim, Jeffrey",,,"1982 Maple Way, Indianapolis, IN 46201"
Rivra 1nstitutional Group,LPL Financial,,,Edward Mitchell|Richard White|Ryan Allen|Paul Parker,"1640 Highland Ave, Charlotte, NC 28201"
Edwards Tax & Wealth Group,Commonwealth Financial Network,Nancy dwards,,,"1059 Hill Court, Atlanta, GA 30301"
Hill Wealth Partners,Raymond James Financial Services,,,,"4054 Main Blvd, Philadelphia, PA 19101"
Flores Asset Management Group,Securities America,,floresm@secam.com,Matthew Flores|Margaret Green|William Smith|Thomas King|Jeffrey Hill,"7512 Cedar Pkwy, San Francisco, CA 94101"
Thompson Capital,Parkside Wealth Strategies,,,,
Yang Advisory Group,UBS Financial Services,,,George Taylor|Lisa Evans|Ashley Evans,"7271 Highland Dr, Indianapolis, IN 46201"
Moore Inst1tutional Group,Merrill Lynch Pierce Fenner & Smith,"Moore, Saah",,Sarah Moore|Amanda Taylor,
Morgan Retirement Solutions Group,Edward Jones,Daniel Jones,,,
Carter Asst Management Group,UBS Financial,Joseph Carter,,Joseph Carter|Rachel Patel|Ryan Scott|Jeffrey Yang|Brian Nguyen|Amanda Turner,
Gomz Private Client Group,Oppenheimer & Co.,,,Timothy Wilson|David Allen|Megan Williams|John Jackson|Richard Zhang,
King Advisors,Parkside Wealth Strategies,"King, Helen",,,"3031 Spring Pl, Kansas City, MO 64101"
Wang Wealth Advisors,LPL Financial,,jennifer.adams@lpl.com,,
Nguyen Family W3alth Group,Hilliard Lyons,Tim Smith,tsmith@hl.com,,"1471 Commerce Rd, Austin, TX 78701"
Patel Portfolio Group,Robert W. Baird & Co.,Ron Patel,,Ronald Patel|Anthony Jones|Thomas Huang|Ronald Smith,"7603 Market Way, Denver, CO 80201"
Gomez & Associates,Janney Montgomery,,gomezj@janney.com,,
Miller Family Wealth Grup,UBS Financial Services,,,Michael Miller|David King|David Jones,
Miller Private Clint Group,LPL Financial,,,Timothy Morg@n|Rbert Evans,
Turner Asset Management,Ridgeway Wealth Management,,betty.turner@ridgewaywm.com,Betty Turner|Michael Flores|Brian Carter|Brian Chn|James Moore,
Lee Wealth Management,Meridian Private,"Lee, Sandra",,Sandra Lee|imothy Stewart|Matthew Smith,"3342 Maple Pl, San Antonio, TX 78201"
Brown Investment Group,DA Davidson & Co.,,,Robert Brown|Brian Edward|Jennifer Wang|Ronald Johnson,
Wang & Reyes Group,Ridgeway Wealth,Sarah Wang,,,
King Private Wealth Group,UBS Financial,Sarah Thomas,,Sarah Thomas|Sandra Yang|Don@ld Jackson|Jeffrey C@mpbell|Charle Wilson|Susa Morgan,
Thompson Wealth Management Group,Raymond James Financial Services,,,,
Dais Private ClientGroup,UBS Financial Services,,,William Davis|Richard Thomas|Mark Diaz|Daniel Torres|Dan1el Campbell|Nancy Davis,
Taylor Advis0rs,Summit Peak Advisors,Tony Talor,taylora@summitpeakadv.com,Anthoy Taylor|Thomas Jackson|Kenneth Andrson|Barbara Hll,
Kha Wealth Partners,Janney Montgomery,,,Paul Stewart|Sandra Green,
Morris Financial Group,Stifel Nicolaus,"Morris, Sandra",,,"7858 Lake Rd, Memphis, TN 38101"
Wright Group,Northgate Investment Partners,"Wright, D@vid",wrightd@northgateinv.com,,
Brown Wealth Management,Kingsbridge Capital,,barbara.brown@kingsbridgecap.com,,"6924 River Ave, Indianapolis, IN 46201"
Young Advisory Group,Hilliard Lyons,,,Christopher Young|George White|J3nnifer Jackson|Helen Gomez,"7334 Hill Ln, Raleigh, NC 27601"
Edwards Family Office,Harborview Private,,,,"2185 Highland Pl, Raleigh, NC 27601"
Kim Portfolio Group,DA Davidson & Co.,,,Linda Ki|Brian Nelson|Brian Edwards,"2569 Cedar Pl, Dallas, TX 75201"
Thomas Group,Parkside Wealth Strategies,"Thomas, Margaret",,,
Hill Group,Summit Peak,"Hil1, R1chard",,Richard Hill|Donald Evans|Megan Morris|Ryan Mtchell|George Jones|Margar3t Miller|Lisa Huang,
Rivera Private Wealth Group,Stifel Nicolaus & Company,Edward Rivera,riverae@stifel.com,Edward Rivera|John Harris,
Khan Advisory Gr0up,Morgan Stanley Wealth Management,Linda Khan,,Linda Khan|Jacob Ch3n|Jacob Smith,"7865 Lincoln St, Houston, TX 77001"
Mitchell Portfolio Group,Wells Fargo Advisors,Charles Brown,,,"7040 Commerce Court, Miami, FL 33101"
Reyes Wealth Partners,Raymond James Financial Services,,,,"9501 Cedar Blvd, Philadelphia, PA 19101"
Adams Family Office,Summit Peak Advisors,,adamsj@summitpeakadv.com,,"3113 Hill Blvd, San Jose, CA 95101"
Kim Portfolio Group,Raymond James Financial Services,,jeff.kim@raymondjames.com,,
Collins Investment Prtners,Parkside Wealth Strategies,,,,"9392 Maple Pkwy, San Francisco, CA 94101"
Miller Investment Group,Wells Fargo,Joseph Thompson,,Joseph Thompson|Jason Gomez|Robert Morris|Matthew White|Matthew Zhang,"5832 Main Ave, Minneapolis, MN 55401"
Thompson Advisory Group,Stifel Nicolaus & Company,Paul Thompson,,Pau Thompson|Edward Thompson|Jesica Patel|Barbara Torres,"7902 Madison Way, St. Louis, MO 63101"
Williams Wealth Management Group,Wells Fargo Advisors,,,,"9329 Hill Ave, Nashville, TN 37201"
Williams Private Wealth Group,Woodbury Financial,Tony Williams,,,"4213 Highland Ave, St. Louis, MO 63101"
Gomez & Associates,Kingsbridge Capital,Jacob Nguyen,,Jacob Nguen|Christ0pher Yang|Robert Moore|Susan Carter|Margaret Zhang|Margaret Ki|Joseph Hill|Jacob Huang|Nancy Flores,
William5 Group,Parkside Wealth Strategies,,,,
Yang Family Wealth Group,Robert W. Baird & Co.,Barbara Yang,,Barbara Yang|Anthony King|Michael White|Paul Baker,"5492 Highland Rd, Dallas, TX 75201"
Gren Wealth Management Group,Edward Jones,Bl1 Green,,Willi@m Green|Richard Jackson|Jessica Nguyen|Michael Garcia|Sarah Patel|Patricia Miller,
Liu Wealth,Meridian Private Wealth,,,,"8218 Park Blvd, Chicago, IL 60601"
Wilson Wealth Prners,Janney Montgomery Scott,John Wilson,,John Wilsn|Helen Khan|Brian Garcia|Andrew Garcia|Joseph Wilson|Jessica Nelson,"7701 Main Blvd, Baltimore, MD 21201"
Allen Private Wealth,Meridian Private Wealth,,,Kevin Allen|Anthon Green|Patricia Zhang|Barb@ra Torres|Linda Nguy3n|Andrew Huang,"2339 Commerce Ave, St. Louis, MO 63101"
Phillips Private Wealth Group,Cetera Financial Group,"Phillips, Matthew",,Matthew Phillips|Kenneth Evans|Joseph Prker|Nancy Davis|Emily Young,"4013 Maple St, Nashville, TN 37201"
D1az Investment Group,LPL Financial,Jim Evan,,James Evans|Jennif3r Jackson|George Mitchell,"2049 River St, Austin, TX 78701"
FloresPrtfolio Group,Oppenheimer & Co.,Mike Flores,mike.flores@opco.com,Michael Flores|Steven Lee|Lisa Wright|Christopher King|Daniel Morris|Brian Hall,"7199 Washington Ln, Baltimore, MD 21201"
Yang Wealth,Crestwood Family Office,"Yang, Knneh",,KennethYang|Timothy Nelson,
Phillips Family Weath Group,National Planning Holdings,Karen Flores,,Karen Flores|Andrew Rivera|Richard Gomez|Jacob King,"4620 Market Pl, Denver, CO 80201"
Reyes Private Wealth,Kingsbridge Capital Advisors,,morrisa@kingsbridgecap.com,,
Turner Family Wealth Group,LPL Financial,,,,
Wag Wealth Partners,Janney Montgomery,,,Brian Wang|Barbara Diaz|Margaret Huang|Daniel Martn|Robert Patel,
Adams Financial Partners,Harborview Private Wealth,"Adams, Barbara",,,
Mitchell Investment Group,Commonwealth Financial,Thomas itchell,,Thomas Mitchell|Joseph Dav1s|Lisa Huang|George Taylor|Thomas White|Charles Carter|Charles Aderson,"226 Madison Blvd, Seattle, WA 98101"
Moore Wealth Partners,LPL Financial,,,,"315 Hill Way, Nashville, TN 37201"
Allen Wealth Management Group,National Planning Holdings,,,,
Scott & Associates,Wells Fargo Advisors,,don.scott@wellsfargoadv.com,Donald Scott|Charles Tayl0r|Jacob Diaz|Susan Gomez|Thomas Kim,
Patel Faily Office,Clearwater Capital Group,"Patel, James",,,"4839 Willow Way, Chicago, IL 60601"
Harris Welth Management Group,Ameriprise Financial Services,"Stewart, Helen",,,"2191 Highland St, St. Louis, MO 63101"
Wang & Associates,Woodbury Financial,Andrew Wang,,,
Martin Wealth Partners,Wells Fargo Advisors,Brian Martin,,,
White Private C1ient Group,Morgan Stanley,"White, Nancy",,Nancy White|Dorothy Carter|Rachel Morgan,
Moore Private Wealth Group,Wells Fargo Advisors,"Moore, George",,,"3735 Jefferson Rd, Miami, FL 33101"
Lee Capital Goup,Morgan Stanley Wealth Management,,,,"9152 Willow Way, San Jose, CA 95101"
Smith Family Office,Highfield Asset,,jsmith@highfieldam.com,JeffreySmith|Susan Phillips|JessicaGreen,
Jones FamilyWealth Group,Morgan Stanley,"Gre3n, Susan",,Susan Green|Ashley Morris,
Garcia Asset Management Group,Ameriprise Financial Services,,,,
Yang Wealth Advisos,Janney Montgomery Scott,,ryang@janney.com,,
Young Investment Partners,Meridian Private Wealth,Williams Daniel,,Daniel Williams|Jessica Youn9|Mark Williams,
Harris Capit@l Partners,Ridgeway Wealth Management,"Harris, Daniel",dan.harris@ridgewaywm.com,Dniel Harris|James Morgan|Robert Th0mpson|David Nelson|Timothy Wilson|Kenneth Davis,
Wright Advisors,Crestwood Family Office,Jennier Wright,jwright@crestwoodfo.com,Jennifer Wright|Dorothy Young|Rachel Kim|John Nguyen,"6626 Cedar Pl, Las Vegas, NV 89101"
R0berts Private Client Group,LPL Financial,"Roberts, Linda",,,"6306 Washington Rd, New York, NY 10001"
Cruz Wealth Management,Summit Peak,,,,"4869 Washington Dr, Austin, TX 78701"
Johnson Tax & Wealth Group,UBS Financial Services,,,,"2390 Madison Ln, Las Vegas, NV 89101"
Alen Private Wealth Group,Raymond James Financial Services,,,,"6772 Highland Blvd, San Francisco, CA 94101"
Baker Retirment Solutions Grou,Woodbury Financial Services,,bakera@woodburyfs.com,Anthony Baker|Anthony Davis|George Moore|Paul Davis,
Gomez Capital,Clearwater Capital Group,Mark Gomez,gomezm@clearwatercap.com,,"8293 River Court, New York, NY 10022"
Brown & Turner Partners,Ridgeway Wealth,,,,
Smith Wealth Management Group,Woodbury Financial Services,,mike.smith@woodburyfs.com,Michael Smith|Daniel Chen|Jennifer Nguyen,"455 Spring Ln, Phoenix, AZ 85001"
Cruz Investment Partners,Harborview Private Wealth,,george.thompson@harborviewpw.com,,"8164 Market Pl, Los Angeles, CA 90001"
Scott Group,Summit Peak,,,Jacob Scott|Kevin Nelson|Dorohy Wang|Jessica Morgan|William Young|JenniferNguyen|Andrew Adams,
Chen Advisors,Crestwood Family Office,,,,"7373 Cedar Pkwy, New York, NY 10001"
Adams inancial Goup,Merrill Lynch Pierce Fenner & Smith,,,George Adams|George Baker,"7110 Madison Pl, Indianapolis, IN 46201"
Jones Capital,Northgate Investment Partners,,,,"534 Washington Court, Minneapolis, MN 55401"
Wilson Investment Group,Oppenheimer & Co.,,,Donald Wilson|Charles Jones|Thomas Nguyen|Kevin Campbell|Jason Young|Brian Rivera,
White Tax & Wealth Group,Hilliard Lyons,Paticia Davis,pdavis@hl.com,,"8258 Maple Rd, Los Angeles, CA 90001"
Roberts & Associates,Parkside Wealth,,,,"8912 Elm Dr, Washington, DC 20001"
Scott Portfolio Group,Robert W. Baird & Co.,Sandra Taylor,,,
Hall Institutional Grup,Robert W. Baird & Co.,Richard Hall,rick.hall@rwbaird.com,,"9172 Commerce Ln, Philadelphia, PA 19101"
Wilson Wealth Management Group,Edward Jones,,,,
Huang Private Client Group,Cetera Financial,John Garcia,,John Garcia|Daniel Thompson|Sarah Scott|Mark Khan|Donald Hall,
Cruz Family Office,Clearwater Capital Group,Karen Cruz,,,
Lee Private Client 9roup,LPL Financial,Paul Lee,,,"9565 Willow Ave, Dallas, TX 75201"
Nguyen Wealth Advisors,Cetera Financial Group,,,Sarah Nguyen|Margaret Morgan,
Adams Tax & Wealth Group,Raymond James Financial Services,yn Adams,radams@raymondjames.com,,
Gomez Priv@te Client Group,Woodbury Financial Services,,,,"3630 Hill Blvd, San Diego, CA 92101"
Yang Financial Group,Edward Jones,Emily Khan,,Emily Khan|Jason Roberts|Dorothy Zhang|John Smith|Christopher Rivera,"7660 Main Rd, Nashville, TN 37201"
3dwards Institutional Group,Cambridge Investment Research,"Anderson, Jennifer",janderson@cambridgeinv.com,,
dams Institutional Group,Stifel Nicolaus & Company,Matt @dams,,Matthew Adams|Sarah Jones|Timothy Kim|Betty Hall,
Reyes Financial Group,DA Davidson,Jacob Reyes,jreyes@dadavidson.com,Jacob Reyes|Thomas Zhang|Susan 9reen|Matthew 5mith|Joseph Jones|Thomas Liu|Charles Johnson,
Yang & King Group,Clearwater Capital Group,"Yang, Mich@e1",,,"8586 Market Rd, Dallas, TX 75201"
Zhang Financial Group,Edward Jones,"Hall,Matthew",,Matthew Hall|Jessic Phillips|Jason Stewart|Kevin Garcia|Nancy Smith,"9541 Main Court, Charlotte, NC 28201"
Turner & Associates,Meridian Private Wealth,,,,
Moore Investment Partners,Meridian Private Wealth,Tony Morris,,,"6155 Maple Pkwy, Raleigh, NC 27601"
Young Asset Management Group,Wells Fargo Advisors,Kenneth Hari5,kharris@wellsfargoadv.com,,"1897 Willow Court, Seattle, WA 98101"
Williams Investment Partners,Crestwood Family Office,,matt.allen@crestwoodfo.com,,
Jones Institutional Group,Cambridge Investment Research,,,Linda Taylor|Richard Thompson|Barbara Diaz|Kenneth Neson|Sarah Scott|Barbara Brown|Lisa Kim,"3599 Spring Dr, Miami, FL 33101"
Evans Institutional Group,Edward Jones,Ron Nelson,,Ronald Nelson|Andrew Adams|Joseph Hall|Ashley Carter|Anthony oore,
Williams Capital Group,Merrill Lynch Pierce Fenner & Smith,,,,
Campbell Tax & Wealth Group,Wells Fargo Advisors,,jeff.johnson@wellsfargoadv.com,Jeffrey Johnson|Nancy Adams|Jeffrey Collins|Susan Thomas,
Taylor Asset Maagement,Ridgeway Wealth Management,"Taylor, Matthew",,,"1175 Oak Pl, Seattle, WA 98101"
Jones Wealth Managemnt,Kingsbridge Capital,Jessica Jones,,,
Nguyen Asset Management Group,Janney Montgomery,,chris.nguyen@janney.com,,"2426 Jefferson Way, Chicago, IL 60601"
Le Wealth Partners,Oppenheimer & Co.,,,Ashley Miller|James Lee|Jacob Thomas|Daniel Hill|Lisa Harris,"7068 Highland Way, Indianapolis, IN 46201"
Patel Family Wealth Group,Morgan Stanley Wealth Management,Charles Patel,charles.patel@morganstanley.com,,
Torres Financial Group,Merrill Lynch Pierce Fenner & Smith,Kevin Torr3s,torresk@ml.com,,
Lee Advisory Group,Securities America,Dorothy Lee,,,
Carter Group,Northgate Investment,"Carter, Mark",,,"2834 Commerce Way, Seattle, WA 98101"
Rivera Tax & Wealth Group,Commonwealth Financial,Brian Rivera,,,
Cruz Wea1th Partners,Edward Jones,Andrew Cruz,cruza@edwardjones.com,,
Yang & rown Advisors,Parkside Wealth Strategies,Tim Yang,,Timothy Yang|Amanda Green|Lisa Morgan|Betty Hill|Jacob Nelson|Margaret Young|Robert Phill1ps,"2071 Commerce Ave, Baltimore, MD 21201"
Cruz Asset Management Group,Woodbury Financial Services,Joe Evans,,,
Wilson Institutional Group,LPL Financial,,,,
Smith Financial Group,Woodbury Financial Services,"Smith, Timothy",,Timothy Smith|Michael Morris|Joseph Wright|Linda Patel|Kevin Gomez,"448 River Way, Austin, TX 78701"
Wang Capital Group,Wells Fargo Advisors,,dkim@wellsfargoadv.com,Dorothy im|Charles Flore5|Barbara Williams|Thomas Hill|Lisa Carter|Emily Collins,"708 Cedar St, Kansas City, MO 64101"
Martin Retirement Solutions Group,Edward Jones,George Martin,gmartin@edwardjones.com,George Martin|Anthony White|Sarah Young|Barbara Rivera|Timothy Jackson|Lisa Hall,
Phllips Cap1tal,Highfield Asset Management,"Campbell, Megan",megan.campbell@highfieldam.com,,
Cruz Retirement Solutions Group,DA Davidson & Co.,,,,"4033 Elm St, Minneapolis, MN 55401"
Flores Asset Management Group,Raymond James Financial Services,,,Georg3 Flores|Jennifer Martin|Rachel Yang|Christopher Reyes|Linda Parker|Thomas Youn9,"6077 Market Blvd, Houston, TX 77001"
KhanWealth Management Group,Morgan Stanley Wealth Management,,,,"2414 Highland Ln, New York, NY 10001"
Patel Partners,Crestwood Family Office,,pateln@crestwoodfo.com,,
Reyes Partners,Kingsbridge Capital Advisors,Matt Reyes,,Matthew Reyes|Nancy Phillips|Timothy Morris,"3346 Spring Ln, San Antonio, TX 78201"
Khan Group,Clearwater Capital Group,,,,"1564 Oak St, St. Louis, MO 63101"
Khan Investment Partners,Crestwood Family Office,Jacob Green,,Jacob Green|Jennifer Edwards|Paul Jones|Ryan King|Patricia Adams,
Liu Portfolio Group,Oppenheimer & Co.,,,John Morgan|Steven Collins,"3044 Oak Pkwy, Las Vegas, NV 89101"
Adams Asset Management Group,Stifel Nicolaus & Company,Stve Miller,,Steven Miller|Barbara Patel|David Wilson|Kevin Green|Karen Jacson|Donald Lee,"7058 Lake Ln, Los Angeles, CA 90001"
Scott Retirement Solutions Group,Cambridge Investment Research,William Scott,,,"9472 Jefferson Rd, Dallas, TX 75201"
Jones Wealth,Harborview Private Wealth,,,,
Carter Portfolio Group,Raymond James Financial Services,"Carter, Richard",,,"2144 River Blvd, Kansas City, MO 64101"
Green & Associates,DA Davidson & Co.,,,Linda Green|George Campbell|Jessica Khan,
Kim Advisor Group,Edward Jones,,,,"7185 Market Pl, Nashville, TN 37201"
Green Asset Management Group,LPL Financial,Sandra Green,,,
Mitchell Wealth Management,Ridgeway Wealth Management,Timothy Mitchell,,,
Baker Financial Group,Woodbury Financial,Bob Morgan,,,"2595 Spring Pkwy, Indianapolis, IN 46201"
Johnson Private Wealth,Crestwood Family,,,,"580 Maple Rd, St. Louis, MO 63101"
Jones Retirement Solutions Group,Edward Jones,,,Emily Jones|Jessica Mitchell,
Diaz Private Wealth Group,Ameriprise Financial Services,,,,"5152 Madison St, Denver, CO 80201"
Adams We@lth Advisors,LPL Financial,Patricia Collins,pcollins@lpl.com,Patricia Collins|John Morgan|Charles Gom3z|Matthew Johnson|Jason Liu|Ryan Edwards|Daniel Mitchell,
Jones & Associates,Kingsbridge Capital Advisors,,,,
Flores Portfolio Group,Stifel Nicolaus & Company,,matt.flores@stifel.com,,
Wilson Private Client Group,Edward Jones,John Wilson,wilsonj@edwardjones.com,John Wilson|Thomas Martin|Ronald Khan|Emily Adams|Karen Harris,"4387 Washington Ln, Minneapolis, MN 55401"
Turner & Gomez Partners,Commonwealth Financial Network,,,,
Martin Partners,Northgate Investment Partners,,,,
Nguyen Institutional Group,Merrill Lynch Pierce Fenner & Smith,,,Ryan King|Barbara Thomas|Paul Rivera,"7130 Highland Court, Portland, OR 97201"
Carter Family Wealth Group,Edward Jones,"Carter, Andrew",,,
Huang Institutional Group,Raymond James,John Huan,jhuang@raymondjames.com,,
Jacks0n  Thompson Advisors,Woodbury Financial,Helen Jackson,,Helen Jackson|Jennifer Huang|Jssica Williams|Lisa Johnson|Ryan R3ye5|Kenneth King|Michael Torres,"4225 Lake Ln, Dallas, TX 75201"
Phillips Capital,Crestwood Family,,bob.phillips@crestwoodfo.com,Robert Phillips|Michael Nelson,"8816 Lincoln Way, San Diego, CA 92101"
Andersn Tax & Wealth Group,Edward Jones,"Wilson, Margaret",,Margaret ilson|Jeffrey Hall|Charles Zhang|Rachel King|Charles Ro6erts|Betty Carter,
Patel Tax & Wealth Group,Robert W.,,kpatel@rwbaird.com,,
Carter Capital Group,Raymond James Financial Services,,hilln@raymondjames.com,Nancy Hill|James Allen|Helen Miller|Kenneth Jckson|Jennifer White|Matthew Turner|Patricia Huang,"1901 Oak Blvd, Austin, TX 78701"
Wilson Capital P@rtners,Highfield Asset Management,,wilsonw@highfieldam.com,,
Roberts Partners,Ridgeway Wealth Management,Steven Carter,steve.carter@ridgewaywm.com,,
Davis Group,Ridgeway Wealth Management,,,Lisa Davis|Helen Collins|Edward Scott,
Wright Private Wealth Group,Hilliard Lyons,Andy rigt,,,
Harris Financial Group,Ameriprise Financial Services,Matthew Young,youngm@ampf.com,,
nderson Private Client Group,Robert W. Baird & Co.,,,Richard Anderson|Brian Adams|Betty Taylor|James Gomez|Amanda Kim|Michael Green,
Garcia Portfolio Group,National Planning Holdings,Mark Garcia,,,
Evan5 Retirement Solutions Goup,Oppenheimer & Co.,,,,
Campbell Tax & Wealth Group,Stifel Nicolaus & Company,,,,"9210 Oak Rd, Denver, CO 80201"
Brow Capital,Kingsbridge Capital,Charles Bown,,Charles Brown|Edward Moore,
Patel Family Wealth Group,Securities America,,,Da1el Patel|Jacob Torres|Ashley Nguyen|Dorothy Anderson,"3991 Lake Rd, Chicago, IL 60601"
Jones Private Wealth Group,Woodbury Financial Services,Amanda Jones,,Amanda Jones|David Campbel1|Timothy Thoms,"5526 Main Rd, Dallas, TX 75201"
Harris Family Office,Kingsbridge Capital Advisors,,,,
Diaz Private We@lth Group,Wells Fargo Advisors,,,,
Wilson Asset Management Group,Ameriprise Financial,Jim Torres,,,"5666 Maple Way, Minneapolis, MN 55401"
Garcia Group,Ridgeway Wealth Management,Margaret Adams,,,"977 Market Way, Kansas City, MO 64101"
Jckson & White @dvisors,Oppenheimer & Co.,,,Ahley Jackson|Thomas Roberts|Barbara Cruz|Ashley Hall,"7644 Commerce Ave, Indianapolis, IN 46201"
Diaz Wealth Partners,Morgan Stanley Wealth Management,,,,"5773 Maple Pl, Boston, MA 02101"
Smith Private Client Group,Oppenheimer &,Mike Smith,,,
Taylor & Associates,Hilliard Lyons,Micha3l Taylor,,Michael Taylor|Donald Diaz,
Thomp5on Partners,Northgate Investment Partners,Sandra Phillips,,Sandra Phillips|Jessica Collins|Jason Moore|Daniel Johnson,
Mitchell Wealth Advisors,Stifel Nicolaus & Company,"Mitchell, Sandra",,Sandra Mitchell|Thomas Adams|Daniel Jones|Michael Huang|Ryn King|Richard Harris|Donald Thompson,
Miller Wealth Advisors,DA Davidson & Co.,,,,"5187 Elm St, Phoenix, AZ 85001"
Reyes Wealt Management Group,Edward Jones,"Reye5, Edward",,,
Parker Institutional Group,National Planning Holdings,"Young, Jessica",,Jessica Young|James Nelson|Jeffrey Rivera|Kenneth Diaz|Jessica Phillips,"1508 Commerce Dr, Memphis, TN 38101"
Williams Wealth Mana9ement roup,Commonwealth Financial Network,,,,"479 Elm Ave, Austin, TX 78701"
Patel & Associaes,Meridian Private Wealth,John P@tl,,,"8834 Spring Ave, Miami, FL 33101"
Evans Investment Partners,Northgate Investment Partners,David Evans,,David Evans|Charles Evans|Betty Scott|Jennifer Nguyen|Joseph Phillips,"5079 Hill Pl, Austin, TX 78701"
Green Financial Group,LPL Financial,,,Jacob Yang|Matthew Adams,"1382 Jefferson Way, San Antonio, TX 78201"
Rivera Family Off1ce,Ridgeway Wealth Management,"Rivera, Barbara",brivera@ridgewaywm.com,Barbara Rivera|Richard Wil5on|Jeffrey Hill|Ryan Chen|Nancy Kim,
Mitchell Advisors,Northgate Investment Partners,,ashley.mitchell@northgateinv.com,,
Baker Group,Meridian Private,,,Susan Baker|Edward Diaz|Timothy Morris,
Nguyen Private Wealth Group,Janney Montgomery Scott,,djohnson@janney.com,,
Flores Financial Partners,Summit Peak Advisors,"Flores, Dorothy",dflores@summitpeakadv.com,Dorothy Flores|Karen Anderson,
White Private Wealth Group,Janney Montgomery,Barbara White,barbara.white@janney.com,,
Nguyen & Associates,Securities America,"Nguyen, Emily",,,"8464 Commerce St, Portland, OR 97201"
White Asset Management Group,Woodbury Financial Services,,,,
Parker Family Wealth Group,Woodbury Financial Services,,joe.parker@woodburyfs.com,Joseph Parker|Paul Jones|Robert Wang,"2847 Oak Ln, Seattle, WA 98101"
Nguyen & Associates,Robert W. Baird & Co.,"Nguyen, Michael",mnguyen@rwbaird.com,Michael Nguyen|Thomas Rivera|Christopher Thompson,"2478 Cedar Ave, Washington, DC 20001"
Campbell @dvisory Group,Commonwealth Financial Network,Joe ampbell,,,"434 Highland Ave, Los Angeles, CA 90001"
Campbell & Associates,Crestwood Family,Jason Campbell,,,
Davis Wealth Partners,Commonwealth Financial Network,,davisj@commonwealth.com,,"9050 Madison Pl, Boston, MA 02101"
Yang Partners,Ridgeway Wealth Management,Jason Flores,floresj@ridgewaywm.com,,"7188 Commerce Dr, Los Angeles, CA 90001"
Adams Retirement Solutions Group,Hilliard Lyons,,,Lisa Adams|Megan Flores|Anthony Hall|Hlen Rivera,
Robert5 Retirement Solutions Group,Merrill Lynch Pierce Fenner & Smith,D@vid Roberts,,,"3561 Oak Ln, Denver, CO 80201"
Lee Portfolio Group,Edward Jones,,,Brian Lee|Ronald Taylor|Joseph guyen|Mark Khan|Ronald Thomas|Margaret Wang|Joseph Khan,"8285 Madison Way, Los Angeles, CA 90001"
Jones Capital Partners,Clearwater Capital Group,"Jones, Donald",,Donald Jones|Kenneth Edwards,"8732 Hill Pkwy, San Jose, CA 95101"
Harris Private Client Group,Woodbury Financial Services,Mike Harris,,Michael Harris|Barbara White|Jennfer Edwards|Margaret Yang,"2776 Willow Rd, Las Vegas, NV 89101"
Cruz Wealth Management,Clearwater Capital Group,,,,"9700 Cedar Blvd, Nashville, TN 37201"
Morgan Private Wealth,Parkside Wealth Strategies,Sarah Morgan,,,"1834 Hill Ave, San Francisco, CA 94101"
Yang Private Wealh Group,Cetera Financial Group,"Y@ng, Daniel",,,"1841 Washington Dr, Miami, FL 33101"
White Portfoio Grup,Securities America,,tony.jackson@secam.com,,"9901 Willow Rd, San Diego, CA 92101"
Miller Capital Group,Oppenheimer & Co.,,mark.miller@opco.com,,"6483 Oak Pkwy, Philadelphia, PA 19101"
Gomez Asset Management Group,UBS Financial Services,"Gomez, Brian",,Brian Gomez|Jason Williams|Helen Stewart|Amanda Phillips,"5111 Highland Way, Austin, TX 78701"
Edwards Wealth,Meridian Private Wealth,Dan Edwards,edwardsd@meridianpw.com,Daniel Ewards|Margaret Hill,"7651 Park Pl, Seattle, WA 98101"
Jones Tax & Wealth Group,Cambridge Investment Research,"Flores, Jessica",,,"3478 Commerce Dr, Philadelphia, PA 19101"
Smith Group,Harborview Private Wealth,,,Thomas Brown|Susan Liu,
Reyes Advisory Group,Stifel Nicolaus,,,Ronald Thompson|Richard Diaz|Paul Taylor|Andrew Morris|Helen Huang,
Moore & Associates,Meridian Private Wealth,"Rivra, Richard",,,
Yang Private Wealth Group,Hilliard Lyons,Ron Yang,yangr@hl.com,Ronald Yang|Margaret Thompson,
Hall Capital Group,Wells Fargo Advisors,,hallk@wellsfargoadv.com,Kenneth Hll|Dorothy Williams|Sar@h Allen,"3252 Highland Pkwy, Las Vegas, NV 89101"
Wilson Investment Patners,Clearwater Capital Group,,,Kevi Wilsn|Nancy Huang|William Parker,"5421 Oak Court, Los Angeles, CA 90001"
Jones Partners,Highfield Asset Management,David Edwards,,,"3370 Lincoln Pl, San Jose, CA 95101"
Anderson Wealth Advisor,UBS Financial Services,,,Kevin Anderson|Megan Andrson|Jacob Taylor|Emily Scott|Mark White,"7968 Lincoln Ln, Charlotte, NC 28201"
Garc1a Portfolio Group,Securities America,Nancy Garcia,,Nancy Garcia|Megan Cruz|John Chen,
Patel Private Client Grop,Woodbury Financial Services,Mark Patel,,,"5106 Hill Blvd, Houston, TX 77001"
Khan & Associates,Edward Jones,,,Matthew Khan|Karen Miller|Jeffrey Campbell|Nacy Green|Amanda Martin,"8576 Lake Dr, Nashville, TN 37201"
Rivera Family Office,Crestwood Family,,,,
Roberts Retirement Solution5 Gr0up,Oppenheimer &,,,,
Roberts Asset anagement Group,Morgan Stanley Wealth Management,on Roberts,,,
Martin Financial Group,Oppenheimer & Co.,,,Betty Moore|Nancy Rivera,"2141 Highland Court, Minneapolis, MN 55401"
Wright 1nvestmen Partner5,Summit Peak Advisors,"Davis, Sandra",,Sandra Davis|Jason Evans|6rian Hill,
Campbell Family Office,Ridgeway Wealth Management,Jason Chen,,J@son Chen|Ronald Miller|Brian Johnson|Sandra Thomas|Daniel Nelson,
Gomez Financial Partners,Meridian Private,,,,"1492 Hill Pkwy, Boston, MA 02101"
Khan Asset Management,Northgate Investment Partners,Mark Parker,,,
Reyes Wealth Advisors,Merrill Lynch,Jessic@ Reyes,jreyes@ml.com,,
Jackson Capital roup,Janney Montgomery Scott,,,Ronald Jackson|Sarah Morris|John D1az|Jennifer Patel,
Zhang Family Wealth Group,Cetera Financial Group,,margaret.zhang@cetera.com,,"9547 Lake Way, Minneapolis, MN 55401"
Yang 1nvestment Partners,Harborview Private Wealth,,,,
Zhang Advisory Group,UBS Financial Services,,,J0seph Stewart|Margaret Morris|Ran Harris|Brian King|Thomas Garcia,
Young Portfolio Group,Cambridge Investment Research,6rian Young,,,"4105 Madison Court, Raleigh, NC 27601"
Moore Capital Partner5,Meridian Private Wealth,,,,
Hall Capital Partners,Parkside Wealth Strategies,Timothy Hall,,,"5838 Lincoln Way, Denver, CO 80201"
Stewart Asset Management Group,UBS Financial,,mdavis@ubs.com,Margaret Davis|Steven Hill|Megan Nguyen|Jeffrey Stewart|Jeffrey Miller|Andrew Carter,"3632 River Rd, San Diego, CA 92101"
Mitchell Private Wealth Group,Stifel Nicolaus & Company,"Mitchell, Richard",rmitchell@stifel.com,Richard 1tchell|David Baker|Timothy Chen|Jeffrey Yang|Michael Adams,"2566 Lake Pl, Philadelphia, PA 19101"
Chen Wealth,Highfield Asset,,,,
King Family Wealth Group,Ameriprise Financial Services,,,,"774 Highland Pkwy, Denver, CO 80201"
Harris Wealth Partners,Janney Montgomery Scott,,,Brian Harris|Ashley Stewart|Dorothy Patel,
Morris Private Client Group,Robert W.,"Jones, Emily",,,
Garcia Wealth Partners,Ameriprise Financial Services,,,,
Jackson Institutional Gr0up,Commonwealth Financial Network,"Jackson, Jacob",,,
Williams Pr1vate Client Group,Robert W. Baird & Co.,Jeffrey Williams,williamsj@rwbaird.com,,"6801 Lincoln Pl, Austin, TX 78701"
Harrs Wealth Advisors,Robert W. Baird & Co.,Jenifer Harris,,,
Williams Institutional Group,Cetera Financial Group,,collinsa@cetera.com,,"320 Oak Rd, Boston, MA 02101"
Jones Private Wealth Group,Hilliard Lyons,,andersonk@hl.com,Kenneth Anderson|Sarah Rivera|Barbara Smith,
Adams Private Client Group,Edward Jones,,,,
Collins & Associates,Crestwood Family Office,Karen Collins,,KarenCollins|Sus@n Diaz,"6143 Spring Pkwy, Charlotte, NC 28201"
Thompson & Carter Group,Woodbury Financial,Bill Thompson,,William Thopson|Emily Collins|Dan1el Hall,
Zhang Wealth Management Group,Cetera Financial Group,,,,"5269 Commerce Dr, San Diego, CA 92101"
Mitchel Asset Management Group,Edward Jones,Margaret Mitch3ll,,,
Nelsn Family Wealth Group,Merrill Lynch Pierce Fenner & Smith,,,Steven Nelson|Thomas Smith|Matthew King|Megan Martin,"8297 Washington Rd, San Jose, CA 95101"
Johnson Tax & Wealth 9roup,Janney Montgomery Scott,Jason Moore,jmoore@janney.com,,
Ew@rds Financial Partners,Crestwood Family Office,Ed Liu,eliu@crestwoodfo.com,,"6756 River Way, Indianapolis, IN 46201"
Jones Wealth Advisors,Edward Jones,Karen Jones,,,"3178 Elm Pl, New York, NY 10001"
Lee Private Wealth Group,Oppenheimer & Co.,,,,
Wright Tax & Wealth Group,Woodbury Financial Services,,wrights@woodburyfs.com,Sarah Wright|William Wang|Christopher Carter|Nancy Wright|K@ren Khan|Susan Chen|Joseph Nguyen,
Morris Portfolio Group,Ameriprise Financial,,,Edward White,"3013 Highland Dr, Philadelphia, PA 19101"
Morris Portfolio Group,Janney Montgomery,"Morris, Jessica",,,"1602 Oak St, Nashville, TN 37201"
Allen & Associates,Clearwater Capital Group,,,Daniel Allen|Ryan Zhang|Michael Chen,
Kim Private Wealth Group,National Planning Holdings,"K1m, Jeffrey",,Jeffrey Kim|Andrew Garcia|David Young,
Garcia & Associates,Crestwood Family Office,Betty Garcia,,,
Thomas Retirement Solutions Group,Stifel Nicolaus & Company,,,,"5134 Main Way, Dallas, TX 75201"
Evans Tax & Wealh Group,Wells Fargo Advisors,,gomezr@wellsfargoadv.com,,
KhanWealth Partners,Stifel Nicolaus & Company,Jeffrey Khan,,,
Allen Institutional Group,UBS Financial Services,"Mill3r, George",,George Miller|Ronald 5tewart|Charles Chen|Susan Anderson,
Nguyen Family Wealth Group,DA Davidson & Co.,,,,
Hill Asset Management,Crestwood Family Office,Joe Hil1,joe.hill@crestwoodfo.com,,"2416 Market Blvd, Indianapolis, IN 46201"
Kim Institutional Group,Commonwealth Financial Network,,,Lnda Turner|Susan Thomas|Kevin Thompson|Linda Robert|Linda Kim,"6688 Lincoln Pkwy, Phoenix, AZ 85001"
Garcia Group,Summit Peak Advisors,Richard Thompson,,Richard Thompson|Kevin Turner|Kevin Scott|Linda Wilson|Ryan Wilson|Helen Turner|Dorothy Brown|Timothy Young,"163 Willow Pkwy, New York, NY 10001"
Taylor Capital,Harborview Private Wealth,Matt Taylor,,,
Young Capital Group,Hilliard Lyons,,,,
Williams Investment Partners,Summit Peak Advisors,,susan.thompson@summitpeakadv.com,,"9150 Washington Blvd, New York, NY 10001"
Phillips Wealth Advisors,DA Davidson & Co.,on Phillips,phillipsr@dadavidson.com,,
Wright & Assoc1ates,Highfield Asset Management,,,,"5906 Elm Dr, Indianapolis, IN 46201"
Wang Portfolio Group,Cetera Financial Group,Ronald Wang,wangr@cetera.com,,"3993 Park Ln, Los Angeles, CA 90001"
Chen Portfolio Gr0up,Raymond James,Tom Chen,,,"477 Maple Ave, Portland, OR 97201"
Chen Portfolio Group,Robert W.,,,avid Green|James Jackson|Barbara Johnson|Joseph Morris|Barbara Yang|Amanda Morgan,"4639 Jefferson Ave, Baltimore, MD 21201"
Gomez Privat3 Client Grop,Robert W. Baird & Co.,Paul Garcia,pgarcia@rwbaird.com,,"5386 Lake Court, Kansas City, MO 64101"
White Wealth Partners,UBS Financial Services,,,Karen White|Jeffrey Flores,"7317 Highland Dr, Houston, TX 77001"
Turner Wealth Management Goup,Commonwealth Financial Network,"Turner, Anthony",,,"9347 Lake Blvd, San Jose, CA 95101"
Camp6ell Group,Clearwater Capital Group,Kev1n Campbell,,Rachel Yang|Christopher Torres|Richard Y@ng|Timothy Carter|Karen Patel|Lisa Nelson|Barbara Williams|James Taylor|Brian Martin,"6880 Spring Ln, Miami, FL 33101"
Parker Asset Management,Northgate Investment Partners,George Parker,,,
Yang Wealth Advisors,UBS Financial Services,Steve Turner,,,
Baker Wealth Partners,Securities America,Mark Baker,mbaker@secam.com,,"4699 Spring Pkwy, Washington, DC 20001"
Baker Capital Group,Edward Jones,,,achel Parker|Ronald Evans|Linda Thomp5on|Jessica Collins|Dorothy Thompson|David Cruz|Margaret Collins,"5746 Spring Pkwy, Baltimore, MD 21201"
Turner Wealth Partners,Merrill Lynch Pierce Fenner & Smith,Timothy Turner,tturner@ml.com,,"8727 Washington Ln, Charlotte, NC 28201"
Liu Private Wealth Group,Cetera Financial Group,Ken Liu,kliu@cetera.com,Kennet Liu|James Wang|Michael Roberts|Anthony Scott|Jeffrey Rivera|Daniel Brown|Joseph Hill,
Chen Partners,Summit Peak Advisors,teven Scott,,,
Parkr Portfolio Group,Janney Montgomery Scott,Jacob Parker,jparker@janney.com,Jacob Parker|Kevin Campbell|Jacob Martin|Sandra Diaz|Ronald Brown|David Khan,
Williams Investment Partners,Kingsbridge Capital Advisors,Barbara W1lliams,williamsb@kingsbridgecap.com,,
Hill Family Office,Highfield Asset Management,,,,
Hall Retirement Solutions Group,Woodbury Financial Services,Sandra Hall,,Sandra Hal|Kevin Wright,"4479 Lincoln Blvd, St. Louis, MO 63101"
Hill Group,Crestwood Family Office,,ahill@crestwoodfo.com,,
Turner Tax & Wealth Group,Ameriprise Financial Services,,,,"2615 Market Pl, Minneapolis, MN 55401"
Chen Capital,Crestwood Family Office,Brian Chen,,,
MartinAdvisory Group,LPL Financial,,,,
Edwards We@lth M@na9emen,Ridgeway Wealth Management,,,Emily Edwards|Karen Jones|Charles Roberts|Edward Edwards,"1739 Market Ave, Las Vegas, NV 89101"
Miller Private Client Group,Robert W. Baird & Co.,,,Kenneth Miller|Sandra Wang|5usan Wright|5arah Scott,
Mitchell Investment Group,Robert W. Baird & Co.,,patricia.liu@rwbaird.com,Patricia Liu|George Roberts|Patricia Thompson|Ashley Adams,"8619 Lake Court, Raleigh, NC 27601"
Nguyen Pr1vate Client Group,Cetera Financial Group,Mike Patel,,Michel Patel|Kenneth Reyes|Amanda Martin|Brian Patel|Andrew White|Daniel Tuner,"5330 Oak Way, Washington, DC 20001"
Turner Investment Partners,Harborview Private Wealth,,,,"3747 Madison Court, Raleigh, NC 27601"
Thompson PrivateClient Group,Morgan Stanley,,,,
Nelson Financial Group,Hilliard Lyons,"lores, Jeffrey",,,
Martin & Associates,Janney Montgomery Scott,,,Amanda Martin|Lisa Torres|orothy Rivera,
Martin Private Wealth Group,Oppenheimer &,Bety Martin,,Betty Martin|Jessica Wright|Brian Torres|Dorothy Jackson|Amanda Parker,
Harris Retirement Solutions Group,Oppenheimer &,,,,
Pate Private Wealth,Crestwood Family Office,,,,"8062 River Way, Kansas City, MO 64101"
Morgan Wealth Management,Kingsbridge Capital Advisors,Joe Morgan,morganj@kingsbridgecap.com,Joseph Morgan|Kevin Allen|Ashley Smith|Keneth Johnson|Dorothy Miller|Steven Hill|Rachel Adams,
Miller Investment Partners,Kingsbridge Capital Advisors,,,,"8172 Commerce Dr, Baltimore, MD 21201"
Roberts Private Wealth,Harborview Private Wealth,"Roberts, Sarah",,Sarah Roberts|Timothy Morgan|Betty Williams|Joseh Nelson,"783 Park Way, Denver, CO 80201"
Phillips Retirement Solutions Group,Morgan Stanley Wealth Management,Matthew Phillips,,Matthew Phillips|Edward Johnson|George Zhang|Robert Morris|Richard Adams|Jeffrey Williams,
Roberts Private Client Group,DA Davidson & Co.,"Roberts, Dorothy",droberts@dadavidson.com,Dorothy Roberts|Megan Anderson|Susan King|Sarah Cruz|Richard Hill|Timothy Moore|Joseph Stewart,"4518 Oak Way, Washington, DC 20001"
Gomez Financial Partners,Summit Peak Advisors,"Gomez, Karen",,Karen Gomez|Edward Harris|Lisa Thomas|Sandra Hall|Donald Torres,
Patel Private Wealth,Highfield Asset,,,,"8737 Madison St, Las Vegas, NV 89101"
Khan Capital Group,Edward Jones,,,,"1844 Park Pkwy, Raleigh, NC 27601"
Allen Portfoli0 Group,Commonwealth Financial Network,,,,
Zhang & A5sociates,Harborview Private Wealth,,,,
Cartr Capital,Clearwater Capital,Karen Carter,,Karen Cart3r|Daniel Parker|Margaret Harris|Jason Baker,"6487 Main Court, Miami, FL 33101"
Martin Grop,Summit Peak Advisors,,,,"1219 Market Court, Houston, TX 77001"
King Partners,Ridgeway Wealth Management,Chris K1ng,,,"6286 Cedar Pkwy, Los Angeles, CA 90001"
Martin Institutional Group,Oppenheimer & Co.,,ashley.martin@opco.com,@shle Martin|Sarah Thopson|Andrew Kim|illiam Davis|Suan Miller|Jacob Edwards|essica Parker,"4570 Willow Dr, Charlotte, NC 28201"
Yang Group,Meridian Private Wealth,,,,
Jackson Wealth @dvis0rs,Raymond James Financial Services,,,,
Parker Investment Group,Robert W. Baird & Co.,"Diaz, Daniel",,,
Davis Investment Group,UBS Financial,John W1lson,,,
Liu & Reyes Avisors,Cambridge Investment,,,Patricia Liu|Jason Roberts,"6569 River Way, St. Louis, MO 63101"
Parker Institutional Group,Morgan Stanley Wealth Management,Margaret Parker,,,
Edwards Wealth,Kingsbridge Capital Advisors,,,Anthony Torres|Jessica Campbell|Susan Hill|Helen Brown|K@ren Miller|Thomas Edwards,
Miler Asset Managemnt,Ridgeway Wealth,,ken.miller@ridgewaywm.com,,"6488 Lake St, Miami, FL 33101"
Evans Private Wealth roup,Wells Fargo Advisors,"Evan5, Rachel",,,
Patel Fin@ncial Partners,Parkside Wealth Strategies,,,,"9424 Commerce St, New York, NY 10022"
Adams  Associates,Harborview Private Wealth,,,Ryan Rivera|Helen Roberts|Richard Thomas|Betty Mitchell,
Hill Financial Group,Raymond James,Rachel Hill,,,
Wilson Private Client Group,DA Davidson,David Parker,,,
Johnson Asset Management,Crestwood Family Office,,,Susan Parker|Megan White|Megan Hall|Jacob Jackson,"8456 Willow Rd, San Francisco, CA 94101"
White Private Client Group,Hilliard Lyons,,,Jessica Collins|James Flores|Donald Liu|Sarah Zhang,
Allen Capital Group,Merrill Lynch Pierce Fenner & Smith,Jim Moore,,James Moore|Jeffrey Garcia,
Garcia Capital,Parkside Wealth Strategies,Ryan G@rci@,,,
Kim & Associates,National Planning Holdings,Jim Kim,,,
Adams Tax & W3alh Group,Cetera Financial,Barbara Adams,barbara.adams@cetera.com,Barbara Adams|NancySmith|Jennifer Garcia|Betty Martin|Jessica Khan|Mark Morris|Kevin Turner,
King Advisory Group,Securities America,,rachel.king@secam.com,RachelKing|Dorothy Morris|B3tty Nelson|Dorothy Huang|9eorge Green|Michael Smith,
White Wealth Partners,DA Davidson & Co.,,,,"5418 Jefferson Dr, Memphis, TN 38101"
Reyes Capital Partners,Clearwater Capital Group,,,Jason Reyes|Joseph Morgan|James Allen|Jessica Thompson,"5561 Commerce Rd, St. Louis, MO 63101"
Zhang Partners,Highfield Asset Management,,,,
Morgan Retirement Solutions Group,Ameriprise Financial,,morganm@ampf.com,Megan Morgan|Patricia Flores|Joseph Miller|Richard Brown,
Baker As5et Management Group,Commonwealth Financial Network,Emily Baker,,Emily Baker|Jennifer Nelson|Charles Rivera|Emily Patel|Dorothy Moore|Cristoper Nguyen|Karen Riv3ra|Jacob Nelson,
Jackson & Joes Advisors,Ridgeway Wealth,"Jackson, Emily",,,
Chen Asset ManagementGroup,Cetera Financial Group,Jim Chen,,,
Liu Financial roup,Ameriprise Financial Services,,ashley.liu@ampf.com,,"7293 Willow Way, Las Vegas, NV 89101"
Khan & Assoc1ates,Highfield Asset Management,,,,
Anderson Investment Group,Woodbury Financial Services,"Anderson, Margaret",,argaret Anderson|Mark Thomas,"632 Highland Blvd, Indianapolis, IN 46201"
Patel Investment Group,Stifel Nicolaus & Company,,campbellk@stifel.com,,"3633 Lake Rd, Las Vegas, NV 89101"
Chen Family Office,Harborview Private Wealth,,,,
King inancial Partners,Highfield Asset Management,Betty Kin9,,,
Huang Investment Partners,Summit Peak Advisors,Nancy Huang,,Nancy Huang|Jacob Wright|Donald Miller|Joseph Gomez|Kevin Morris,"4258 Highland Pl, Denver, CO 80201"
Patel Partners,Northgate Investment Partners,Dn Edwards,edwardsd@northgateinv.com,Daniel Edwards|James King,"4293 Willow Pl, Phoenix, AZ 85001"
Flores Private Client Group,Stifel Nicolaus,,floresa@stifel.com,,
Cruz Family Wealth Group,DA Davidson & Co.,,,,
Evans Group,Highfield Asset Management,"Evans, David",,,
Wang Tax & Wealth Group,Commonwealth Financial Network,Chris Wang,,Christopher Wang|Kenneth Roberts|Karen Khan,"8609 Park Ave, Seattle, WA 98101"
Roberts Retirement Solutions Group,Cetera Financial Group,,bill.wilson@cetera.com,William Wilson|James Harris|Matthew Morris|Helen Rivera,"1953 Lincoln Rd, Seattle, WA 98101"
mith Wealth Management Group,Morgan Stanley Wealth Management,"Smith, Patricia",,Patricia Smith|Jennifr Cruz|David oore|John Moore,"5411 Oak Blvd, Los Angeles, CA 90001"
Reyes Group,Ridgeway Wealth Management,Geoge Wang,,,
Hang Family Wealth Group,Raymond James,George Huan,,George Huang|Sarah Diaz|Jeffrey Johnson|Jacob Mller|Lisa Taylor,"1216 Hill Ln, New York, NY 10022"
Crz Portfolio Group,DA Davidson & Co.,"Harris, Amanda",harrisa@dadavidson.com,Amanda Harris|Jason Hill|Michael Baker|Rona1d M@rtin|Kevin Williams,
Wright & Kim Advisors,Securities America,"Wright, J@cob",,,"8994 Park Dr, St. Louis, MO 63101"
Hill Wealth Advisors,Securities America,Tony Hill,,Anthony Hill|Ashley Phillips|Charles White|Thomas Hill,
Thompson Family Wealth Group,Commonwealth Financial Network,,wthompson@commonwealth.com,William Thompson|James Miller|Karen Williams|Jason Miller|Emily Green,
Zhang Financial Group,Commonwealth Financial Network,Megan Zhang,,,
Reyes Capital Group,Securities America,Jason Reye,,,"2169 Lake Blvd, San Antonio, TX 78201"
Wright Wealt Advisors,Commonwealth Financial Network,,,Kenneth Turner|Karen Wang|Joseph Jones|Sandra Cen|Jeffrey Martin,"2746 Cedar Pl, Washington, DC 20001"
Young & Associates,Ameriprise Financial,"Young, David",youngd@ampf.com,David Young|Kenneth Edwards|Joseph Patel|Kenneth Wang|Daniel Allen,"2801 Jefferson Pl, New York, NY 10001"
Lee Advisory Group,Securities America,Drothy Lee,,Dorothy Lee|David Campbell|Jessica Harris|Ronald Jones|Daniel Allen|Brian Roberts,"9648 Washington Ln, Indianapolis, IN 46201"
Reye5 Wealth,Summit Peak Advisors,Patricia Reyes,,Patricia Reyes|Kenneth Thomas|Kevin Allen|Matthew Turner,
Huang Investment Partners,Highfield Asset Management,Dorothyuang,,,
Kim Wealth Advisors,Stifel Nicolaus & Company,Karen Baker,kbaker@stifel.com,,
Edwards Capital Group,Merrill Lynch Pierce Fenner & Smith,Margaret Edwards,margaret.edwards@ml.com,,
Wilson Private Wealth,Harborview Private Wealth,Th0mas Wilson,tom.wilson@harborviewpw.com,Thomas Wilson|Mark Brown|Megan Morris,
Cruz Private Wealth,Parkside Wealth Strategies,Richard Cruz,,,"2529 Lake Ave, San Francisco, CA 94101"
Hill Wealth Partners,LPL Financial,"Hill, Daniel",,Daniel Hill|James Turner,"1178 Commerce Pl, San Diego, CA 92101"
Thompson Investment Grup,Merrill Lynch,,,,
Evans Family Office,Northgate Investment Partners,,,,
Johnson Financial Partners,Meridian Private Wealth,,,Megan Johnson|Jason Morgan|Donald Hill|Sarah Smith|Robert Reyes,"2865 Madison Blvd, Phoenix, AZ 85001"
Phillips Portfolio Group,Edward Jones,,,,
Chen Family Wealth Group,Commonwealth Financial Network,Steven Patel,,Steven Patel|Daniel Diaz|Betty Evans|George Huang,
Moore FamilyWealth Group,Commonwealth Financial Network,"Moore, Megan",,,"1102 Madison Way, Kansas City, MO 64101"
Hill Wealth M@na9ement,Ridgeway Wealth Management,Emi1y Hill,hille@ridgewaywm.com,,"414 Spring Dr, San Diego, CA 92101"
Thomas Advisory Group,Oppenheimer & Co.,"Thomas, Dorothy",dorothy.thomas@opco.com,Dorohy Thomas|Mark Thompson|Jennifer Harris|Kevin Yang|Edw@rd Jacson,
White As5et Management Group,UBS Financial Services,,,,"5182 Washington Blvd, Chicago, IL 60601"
Taylor Partners,Clearwater Capital Group,,dorothy.taylor@clearwatercap.com,,"4060 Willow St, San Antonio, TX 78201"
Lee Investment Group,Raymond James,Don Lee,leed@raymondjames.com,,"5451 Main Way, Chicago, IL 60601"
Thompson & Associates,Summit Peak Advisors,"Thomps0n, Rachel",thompsonr@summitpeakadv.com,Rachel Thompson|Edward Allen|Jennifer Hill|Kenneth Jones|Amanda Taylor|Karen Lee|Jessica Baker|Betty King|Wlliam Talor,"957 Elm Blvd, San Diego, CA 92101"
Wilson Capital Group,Hilliard Lyons,Emily Yang,,Emily Yang|Rachel Garcia|Susan Torres|Michael Nelson,"3910 Oak Way, Denver, CO 80201"
Lee Group,Meridian Private Wealth,"Liu, Mark",mark.liu@meridianpw.com,,"5756 Main Pl, Portland, OR 97201"
Jones Portfolio Group,Robert W. Baird & Co.,Karen Phillips,,,
Anderson Asset Management,Summit Peak,,robertsm@summitpeakadv.com,Micael Roberts|William Parker|Georg Huang|Daniel Brown,"2253 Madison Dr, San Diego, CA 92101"
Torres Tax & Wealth Group,Securities America,"Moore, Helen",helen.moore@secam.com,,"7187 Spring Blvd, San Antonio, TX 78201"
Williams & Kim Partners,Merrill Lynch Pierce Fenner & Smith,Sarah Wiliams,,Sarah Williams|Barbara Khan|Lisa Parker|Brian Flores|Megan Adams,"2620 Spring Pkwy, New York, NY 10022"
Allen Advisory Group,Ameriprise Financial Services,Brian Rivera,,,
Reyes Wealth,Northgate Investment Partners,,,Margaret eyes|Susan Rivera|Helen Miller|Jessica Phillips|Anth0ny Williams|Paul Khan,"920 Park Pkwy, Kansas City, MO 64101"
Parker Wealth,Highfield Asset Management,"Parker, Bett",,,"6422 Highland Court, San Antonio, TX 78201"
Kim Wealth Manaement,Parkside Wealth Strategies,Margaret Kim,,Margaret Kim|Ryan Carter|Jessica Morris|Christopher Nguyen|Patricia Anderson,"849 Oak Pkwy, Austin, TX 78701"
Smith Financial 9roup,Cambridge Investment,,edwardsa@cambridgeinv.com,Anthony Edwards|Kevin Carter|Jo5eph Cruz|Andrew Adams|Charl35 Turner|Mtthew Nelson|Karen Morgan,
Flores Wealth Partners,Edward Jones,,,Lisa Anderson|Jacob Johnson|Jessca White|Michael Morgan|Betty Phillips|Susan Morris,
Turner Portflio Group,Woodbury Financial Services,,,Donald Moore|Helen Jackson|Margaret Nelson|Steven Roberts|Andrew Scott|Nancy Brown,"6182 Hill Pl, Chicago, IL 60601"
Nguyen Wealth Advisors,UBS Financial Services,Sandra Nguyen,,,
Parker Portfolio Gr0up,UBS Financial Services,Lisa Parker,,Lisa Parker|Ryan Garcia|Barbaa Brown,
Diaz Capital Partners,Parkside Wealth Strategies,,cstewart@parksidewealth.com,,"3532 Elm St, Washington, DC 20001"
Patel Advisory Group,Oppenheimer & Co.,"Huang, James",jim.huang@opco.com,,
Edwards Wealth Advisors,DA Davidson & Co.,,,,
Martin Institutional Group,Wells Fargo Advisors,Ken Allen,,Kenneth Allen|Georg Brown,
Gomez Wealth Management Group,Oppenheimer &,,,,
Nguyen Private Wealth Group,Raymond James Financial Services,Richard Evans,,,"6518 Main Dr, Philadelphia, PA 19101"
Gomez Private Wealth Group,Morgan Stanley Wealth Management,,,,
Kin Investment Partners,Kingsbridge Capital,,,,"6871 Lincoln Blvd, Raleigh, NC 27601"
More Financial 9roup,Raymond James Financial Services,,,,
Williams Private Wealth,Highfield Asset Management,"ones, Ryan",,,
Torres Wealth Advisors,Merrill Lynch Pierce Fenner & Smith,,,George Torres|Kevin Taylor|Jao6 Huang|Barbara Liu|James Wright|William Flores,"9338 Oak Rd, Kansas City, MO 64101"
Williams Family Wealth Group,DA Davidson & Co.,,sandra.williams@dadavidson.com,,
Hall & Associates,Northgate Investment Partners,Paul Hall,,,
Allen Wealth Partners,Securities America,Andy Allen,,,
Thomas Group,Clearwater Capital,"Thomas, Betty",,,
Edwards Investment Group,Securities America,,,,
Nguyen PrivateWealth Group,Cetera Financial Group,Jim Nguyen,nguyenj@cetera.com,Jmes Nguyen|Jeffrey Davi5|Richard Lee|Rachel Khan|Amanda Wilson|Jason King,
Parker & Associates,Meridian Private Wealth,"Wilson, Jennifer",,Jennifer Wilson|George Morgan|Anthony Young|Mark Martin|Linda Carter|Margaret B@ker,
Morris Pr1vate Wealth Group,Merrill Lynch Pierce Fenner & Smith,,,Matthew Morris|James Wright|David Edwards|Timothy White,
Turner Private W3alth Group,LPL Financial,Sarah Turner,,Sarah Turne|Barbara Torres,"7389 Main Rd, Boston, MA 02101"
Roberts Family Wealth Group,Cetera Financial Group,Jim Roberts,,,
Thomas Private Wealth Group,Merrill Lynch Pierce Fenner & Smith,,,Anthony Khan|Thomas Morris|Charles Nelson|Patricia Phillips|Ryan Hill,"4403 Willow Ln, Minneapolis, MN 55401"
Nelson Family Wealth Group,Robert W. Baird & Co.,"W1lson, Edward",,,"4486 Lake Dr, New York, NY 10001"
White Advisory Group,Morgan Stanley Wealth Management,,,,
Wh1te Investment Group,DA Davidson & Co.,"White, John",,,"7089 Jefferson Pl, Raleigh, NC 27601"
Scott Financia1 Group,Securities America,,,Robert Scott|Megan Hill|Brian Wright,
Nguyen Tax & Wealth Group,DA Davidson,,rnguyen@dadavidson.com,Robert Nguyen|Betty Nelson|Megan Allen|He1en Nguyen|Jacob Turner|Kevin Gomez,
Gomez nvestm3nt Partners,Clearwater Capital Group,Susan Gomez,,,
Morris Retirement Solutions Group,Ameriprise Financial Services,,,,
Davis Tax  Welth Gr0up,Cambridge Investment Research,,,Richard Davis|Michael Williams|Paul Evans|John Taylor|David Thompson,
Garcia Private Client Group,Janney Montgomery Scott,William iu,,William Liu|Mark Parker|George Campbell,"5943 Madison Way, San Jose, CA 95101"
Roberts amily Wealth Group,Janney Montgomery Scott,,,,
Lee Advisors,Ridgeway Wealth Management,John 1ee,,John Lee|Kenneth Evans,"3936 Lake St, Austin, TX 78701"
Gomez Capital,Harborview Private Wealth,,mitchellr@harborviewpw.com,,
Jackson Portflio Group,Wells Fargo Advisors,Karen Flores,,Karen Flores|Timothy Reyes|Matthew Patel|Jeffrey Khan,"5071 Madison Blvd, Raleigh, NC 27601"
Zhang Wealth Advisors,Securities America,Kevin Zhang,kzhang@secam.com,Kevin Zhang|Patricia Parker|John Campbell,"6262 Spring Dr, Boston, MA 02101"
Garcia Wealth Partners,Ameriprise Financial Services,Jacob Parker,jparker@ampf.com,,"1381 Lake Rd, St. Louis, MO 63101"
Nguyen Cap1tal Partners,Parkside Wealth Strategies,Megan Nguyen,,,"646 Main Pl, Indianapolis, IN 46201"
Wright & Associates,DA Davidson,Tom Wright,,Thomas Wright|Ryan Martin|Betty Allen|Betty Jackson,
Mitchell Group,Clearwater Capital,Sandra Miller,millers@clearwatercap.com,Sandra Miller|Kevin Diaz|Sarah Torres|Linda Smith|Mark Phillips|Timothy Harris|Steven Parker|Mtthew Torres,"9864 Main Ave, San Francisco, CA 94101"
Edwards Retirement Solutions Group,Raymond James Financial Services,Patricia Edwards,,,
Brown Wealth Management Group,LPL Financial,,brownn@lpl.com,,
Morgan Family Wealt Group,Robert W.,,morgans@rwbaird.com,,"8525 Elm Ave, Los Angeles, CA 90001"
Rivera Capita,Crestwood Family Office,Helen Rivera,,,
Cruz Tax & Wealth Group,Raymond James,"Cruz, Matthew",,,"3672 Oak Rd, Los Angeles, CA 90001"
King & White Advisors,Highfield Asset Management,"King, Karen",,Karen King|HelenWilson|Thomas Johnson|Magaret Jackson|Ryan Garcia|Susan Reyes,
Davis Financial Group,DA Davidson & Co.,,,,"6398 Lake St, Los Angeles, CA 90001"
Thomas Capital Group,Cetera Financial Group,,,,
Parker Private Wealth Group,Stifel Nicolaus & Company,,,John Jackson|Jessica Moore|Kevin Khan|Matthew Hil1,"9464 Lake Blvd, Kansas City, MO 64101"
Wang Private ealth Group,DA Davidson & Co.,"Wang, Dorothy",,Dorothy Wang|Amanda Roberts|5arah Zhang|Christopher Kim|Daniel King|Dan1el Wang,
Morris Wealth Partners,Woodbury Financial,,,,
Mitchell Fmily Office,Harborview Private Wealth,"Miller, Emily",,,
Collins Wealth Advisors,Morgan Stanley Wealth Management,Jennifer Nelson,,Jennifer Nelson|Sarah Edwards|Lisa Phillips,
Brown Fin@ncial Partners,Summit Peak Advisors,Ron Brown,,,
Harris Financial Group,Robert W. Baird & Co.,Joe Reyes,,Joseph Reyes|Betty Reyes|John Jackson|Sarah Rivera|John Johnson,
Mitchell Private Client Group,Janney Montgomery Scott,"Khan, Sarah",khans@janney.com,,"209 Spring Pl, Phoenix, AZ 85001"
Hal Retirem3nt Solutions Group,Woodbury Financial Services,,lhall@woodburyfs.com,,
Smith Advisory Group,DA Davidson,"Morris, Emily",,,
Patel Wealth Management Group,Edward Jones,Jn Patel,,John Patel|Jeffrey Rivera,"8997 Willow Ln, New York, NY 10022"
Roberts Capital Partners,Harborview Private Wealth,Charles Roberts,,Charles Roberts|Christopher Khan|Joseph Williams,"4240 Highland Blvd, Memphis, TN 38101"
Cruz Group,Highfield Asset Management,Patricia Cruz,,Patricia Cruz|Mark Collins|Sandra Scott|Ryan Wang|Andrew Mitchell,
Anderson Wealth Management Group,Hilliard Lyons,"Anderson, Charl35",,,"7832 Main Ave, Houston, TX 77001"
Baker Welth Partners,Raymond James Financial Services,,,Jessica Baker|Ryan Liu|Anthony Turner|Betty King|William Taylor,"1236 Washington Way, Indianapolis, IN 46201"
Reyes Capital Grop,Woodbury Financial Services,,,,"5891 Maple St, San Jose, CA 95101"
Morgan Investment Partners,Harborview Private Wealth,,,,
Adams Investment 9roup,Cetera Financial Group,Jim Adams,,,
WrightPrivate lient Group,Edward Jones,,,,
Collins Family Offic3,Meridian Private,Margart Collins,,,
Wang Wealth Partners,Hilliard Lyons,Tom Carter,,Thomas Carter|Rachel Nelson|James Johson|Edward Mitchell|Christopher Torres|Nancy Wilson,"1153 Lincoln Ave, New York, NY 10001"
Patel Family Wealth Group,Janney Montgomery Scott,,andy.patel@janney.com,Andrew Patel|Richard Hall|Margaret Allen|Charles Gomez|M@rgaret Chen|Ronald Taylor|Susan Smith,"5527 Main Ave, Nashville, TN 37201"
Young Private Wealth Group,National Planning,,,,"2049 Main Pl, Austin, TX 78701"
Che & Associates,Wells Fargo Advisors,Jenifer Chen,,Jennifer Chen|George Patel|Helen Kim,
Rivera Retirement Solutions roup,UBS Financial,"Rivera, Sarah",,,"9082 Jefferson Way, Philadelphia, PA 19101"
Zhang Family Wealth Group,UBS Financial Services,"Zhang, Barbara",zhangb@ubs.com,,"5114 Lincoln Blvd, Seattle, WA 98101"
King Wealth Advisors,LPL Financial,Sarh King,,Sarah King|Helen Mitchell|Daniel Hill|Robert White|David Adams|Paul Michell,"7233 Washington Way, Miami, FL 33101"
Harris Wealth Management Group,National Planning Holdings,,tom.harris@nph.com,Thomas Harr1s|Jmes Collins|Ryan Gomez|Patricia Davis|William Khan,"4273 Willow Court, St. Louis, MO 63101"
Lee Capital,Highfield Asset Management,Ken Lee,,,
WilliamsCapital Group,Woodbury Financial Services,Daniel Williams,,Daniel William|Megan Phillips|David Miller|Edward Thomas|Ashley Gomez,"5877 Madison Way, Washington, DC 20001"
White Partners,Summit Peak,,,Helen White|Ashley Huang,
Mille Wealth,Northgate Investment Partners,Ed Miller,millere@northgateinv.com,,"6474 Highland Pkwy, New York, NY 10001"
Liu Private Wealth,Northgate Investment Partners,Rick 1iu,,,"2850 Cedar Dr, Phoenix, AZ 85001"
Wilson & Moore Advisors,Crestwood Family Office,Bill Wilson,,William Wilson|James Cruz|Linda Thompson,
Stewart Private Wealth Group,DA Davidson & Co.,,,,
Jackson Asset Management,Summit Peak,Jim Lee,jlee@summitpeakadv.com,,"8058 Highland Court, Kansas City, MO 64101"
Rivera Asset Management Group,Securities America,"Rivera, Amanda",,,"8497 Cedar Court, Memphis, TN 38101"
Collins Tax & Wealth Group,Stifel Nicolaus & Company,,mike.collins@stifel.com,,"9413 Main Way, New York, NY 10001"
Yang Instituti0nal Group,Ameriprise Financial Services,,ed.yang@ampf.com,,"4239 River Rd, Boston, MA 02101"
Stewart Asset Management Group,National Planning Holdings,Thomas Liu,,Thomas Liu|Jacob Adams|Lisa Roberts|Richard Edwards|David Wang,"2319 Spring Rd, Charlotte, NC 28201"
Kim Privte ClientGroup,DA Davidson & Co.,Patricia Morris,,,"4345 Spring Pkwy, San Antonio, TX 78201"
Khan Portfolio Group,UBS Financial Services,,,,"9476 Willow Court, Indianapolis, IN 46201"
Jones Family Office,Ridgeway Wealth Management,"Jones, Helen",,,
Nguyen Private Wealth Group,Ameriprise Financial Services,,,,"3267 Main St, San Jose, CA 95101"
Smith Advisory Group,Oppenheimer & Co.,,,Nancy Green|Robert Reyes|DanielWhite|Sarah Carter|Michael Kim,
Wilson Tax & Wealth Group,Merrill Lynch Pierce Fenner & Smith,,,,"6532 Park Blvd, San Jose, CA 95101"
Moore Wealth Partners,Woodbury Financial Services,Ashley Moore,,,
Green Privte Client Group,Merrill Lynch Pierce Fenner & Smith,Tom Anderson,,Thomas Anderson|Sar@h Torres|Lisa dwards|George Baker|Lisa Flores,
Williams Partners,Parkside Wealth,"Moore, Brian",,Brian Moore|Kenneth Martin|Karen Roberts|Kevin Davis|Jessica Jones,
Morga Investment Group,DA Davidson & Co.,Jos3ph Morga,,,
Miller Capital,Crestwood Family,,bmiller@crestwoodfo.com,Betty Miller|Timothy Turner|John Torres|Nancy Youn|Andrew Flore|Helen Edwards|Lisa Harris,
Kim Inv3stm3nt Partners,Ridgeway Wealth Management,,jkim@ridgewaywm.com,,
Wright @sset Management Group,Edward Jones,John Roberts,,,"208 Commerce Way, Seattle, WA 98101"
Brown Investment Partners,Crestwood Family Office,"Brown,Megan",,,"6834 Main Court, New York, NY 10022"
Brown 0rtfolio Group,LPL Financial,"Brown, Charles",,Charles Brown|Jaob Phillips|Robert Green|Brian Wang|Dorothy Johnson|Richard Carter|Mark Baker|Margaret Reyes|John Morris|Jason Miller,
Jones Private Wealth,Parkside Wealth,"Jones, Jason",,,"1866 Oak St, Phoenix, AZ 85001"
Phillips Financial roup,Ameriprise Financial Services,,,,
Harris & Associates,Edward Jones,Ed Harris,,,
Garcia Investment Group,Morgan Stanley Wealth Management,Patricia Garcia,,Patricia Garcia|Thomas Liu|Charles Rivera|Mark Diaz|Dorothy Adams|Jeffrey Thompson,
Morgan Wealth Management Group,LPL Financial,,,,"5270 Highland Pl, Dallas, TX 75201"
Moore Investment Group,DA Davidson & Co.,,,Matthew Moore|Margaret Roberts|Helen Brown,"8595 Main Ave, Miami, FL 33101"
Martin Family Office,Highfield Asset Management,Jacob Nelson,,,
Adams Capital,Clearwater Capital Group,,,,
Hall Wealt Adv1sors,Robert W.,,,,
Yang Portfolio Group,Merrill Lynch Pierce Fenner & Smith,Charles Yang,,,
Rivra Privte Client Group,Woodbury Financial Services,,riverat@woodburyfs.com,Thomas Rivera|Seven Davis|Ashley Johnson|James Wright|Matthew Huang,"2502 Lincoln Ave, Portland, OR 97201"
Diaz Wea1th Advisors,Commonwealth Financial Network,Willi@m Diaz,,,
Nguyen Investment Partners,Kingsbridge Capital Advisors,,,,"7832 Willow Ave, Boston, MA 02101"
Harris Private ealth,Ridgeway Wealth Management,,,,
Davis Capital Partners,Parkside Wealth Strategies,Jacob Thompson,,,
Nelson Institutional Group,UBS Financial Services,,ryan.thompson@ubs.com,,
Carter Portfolio Group,Stifel Nicolaus & Company,,,Sandra Carter|Charles Diaz|Andrew Floes|David Parker|Michel King|Wi1liam Garcia|Robert Kim,"6211 Jefferson Pkwy, Kansas City, MO 64101"
Kim Partners,Clearwater Capital Group,Emily Kim,kime@clearwatercap.com,Emily Kim|Helen 5tewart|Karen Johnson|Ja5on Anderson|J@mes Torres,
Scott Istitutional Group,UBS Financial Services,,,,"4835 Commerce Blvd, Washington, DC 20001"
Torres Wealth Management,Highfield Asset,Patricia Torres,,Patricia Torres|George Huang|Jennifer Turner|Mark Huang|Megan Green|Sarah Phillips|Jeffrey Adams,
Martin Financial Partners,Crestwood Family Office,,,Rachel Khan|Andrew Garcia|Betty Young|Ronald Edwards,"2836 Elm Ln, Austin, TX 78701"
Morgan Family Wealth Goup,Wells Fargo Advisors,"Morgan, Lisa",,Lisa Morgan|Karen Garcia|Matth3w Harris|Dorothy Kim|Jacob 3vans|Jacob White|Ashley Patel,"3560 River St, San Francisco, CA 94101"
Hll Family Wea1th Group,Cetera Financial Group,"Hill, Ryan",,,"9495 Jefferson Ln, Raleigh, NC 27601"
Allen Wealth Management,Summit Peak Advisors,Dorothy Allen,,,
Rivera Family Office,Clearwater Capital Group,"Rivera, Jennifer",jrivera@clearwatercap.com,,"2900 Oak Pl, Dallas, TX 75201"
Andeson Wealth Partners,Cetera Financial Group,Anthony Anderson,tony.anderson@cetera.com,,"6225 Lake Pl, Raleigh, NC 27601"
Campbell Private Wealth,Parkside Wealth,Jacob Hill,jacob.hill@parksidewealth.com,Jacob Hill|Amanda Carter|George Reyes|Sarah Phillips|Mark Lee|Christopher Jones,"1260 Hill Ln, Nashville, TN 37201"
Lee Portfolio Group,Stifel Nicolaus,Lisa Lee,,,
MooreAdvisors,Highfield Asset Management,,,,
Lee Portfolio Group,Securities America,,,Christopher Lee|Amanda Moore|William Zhang|Ryan Khan|Andrew Baker|Edward Martin|Megan Reyes,
Adams Wealth Partners,Securities America,,,Mark Harris|Richard Baker|Steen Cruz|Patricia Patel|George Morgan|Patricia Carter,
Garcia & Associates,Highfield Asset Management,,dgarcia@highfieldam.com,,
Evans Asset Management,Clearwater Capital Group,,,,
Harris Wealth Partners,Janney Montgomery Scott,"Harris, William",,William Harris|Mar9aret Liu|Jams Edwards,
Gree Investment Group,Oppenheimer &,,,,
Patel W3alth Partners,Cambridge Investment Research,,,,
Huang Partners,Harborview Private Wealth,Lisa Harris,,,"7724 Madison Pl, New York, NY 10001"
Kim Wealth Management Group,Ameriprise Financial Services,Kevin Kim,,,"4053 Oak Dr, San Antonio, TX 78201"
Allen Financil Group,LPL Financial,,,,
Mitchell Family Wealth Group,Merrill Lynch Pierce Fenner & Smith,,,,"334 Highland Blvd, Seattle, WA 98101"
Scott Wealth Management,Harborview Private Wealth,,kscott@harborviewpw.com,,"8466 Market Ln, San Jose, CA 95101"
Taylor Retirement Solutions Group,Cambridge Investment,,,,
Collins Asset Management,Ridgeway Wealth Management,,,,
Liu Investment Group,Securities America,Barbara Johnson,,,
Chen & Associates,Ridgeway Wealth Management,,,Mark Chen|David Patel|Jason Morris|Chr1stopher Jackson|Jeffrey Tayl0r,"2845 Highland Court, Miami, FL 33101"
Jackson Family Office,Parkside Wealth Strategies,John Jackso,john.jackson@parksidewealth.com,John Jacson|Jeffrey Baker|essica Nguyen|Thoma Green|Jessica Edwards,
Wright Capital,Ridgeway Wealth Management,,,aren Brown|Jason Harris|Daniel Young,
Rivera Tax & Welth Group,Raymond James Financial Services,,,Ronal Garcia|James Flores|D@niel Parker|Kevin Martin|Betty Kim,
Thompson & Associates,Clearwater Capital,,,,"5784 Willow Way, Miami, FL 33101"
Brown Investment Partners,Northgate Investment Partners,"Zhang, Joseph",,Joseph Zhng|Patricia Jackson|Jacob Nelson|Mark Stewart|Kevin Parker,
Taylor Asset Management,Clearwater Capital,,,,
Carter Wealth Advisors,Cetera Financial Group,,,Patricia Carter|Doroty White|Susan Hill|Jennifer Nguyen|Megan Smith|Kenneth Thompson|Barbara Parker,"1232 Madison Rd, Austin, TX 78701"
Stewart & Associates,Parkside Wealth Strategies,"Stewart, Steven",,Steven Stewart|Amanda Zhang|William Edwards,"7165 Lake Dr, Seattle, WA 98101"
Mitchell Portfolio Group,LPL Financial,,,,"5511 Highland Way, Austin, TX 78701"
Martin Priate Wealth,Ridgeway Wealth,,rwang@ridgewaywm.com,,"9646 Hill Blvd, Miami, FL 33101"
Carter Portfolio Group,Morgan Stanley Wealth Management,Kev Carter,,,
Nguyen Investment Group,Merrill Lynch Pierce Fenner & Smith,,,,"9017 Lake Pl, San Antonio, TX 78201"
Jackson F1nancial Group,Hilliard Lyons,Tony Jackson,,,
Hall Capital,Kingsbridge Capital Advisors,"Wilson, onald",wilsond@kingsbridgecap.com,Donald Wilson|Karen Phillips|Sandra Parker|Amanda Torres|Dorothy Edwards|ichael Garcia|Ryan oberts,
Parker Investment Partners,Parkside Wealth Strategies,,rachel.parker@parksidewealth.com,,
Roberts Family Wealth Group,DA Davidson & Co.,,,,"1459 Cedar Rd, San Francisco, CA 94101"
Wilson Group,Harborview Private,,,,
Evans & Asociates,Meridian Private Wealth,,,William Evans|Andrew King|Charles Brown,
Nelson Advisory Group,Woodbury Financial,,,,
Cruz Advisors,Crestwood Family,,,Barbaa Wright|Andrew Smith|Daniel Gomez,
Green Retirement Soluions Group,Edward Jones,Jacob Green,,Jacob Green|Timothy Garcia|Helen Yang,"4844 Main Pkwy, Memphis, TN 38101"
Collins Tax & Wealth Group,UBS Financial Services,Karen Collins,karen.collins@ubs.com,,"2799 Commerce Pkwy, Austin, TX 78701"
Harris Capital,Parkside Wealth,Jacob Liu,,Jacob Liu|David Patel|Joseph Jackson|Jason White|StevenKhan|Rachel Wang|Dorothy Evas,"5423 Madison St, Dallas, TX 75201"
Torres Financial Group,Cambridge Investment Research,Timothy Torres,,,
Young Retirement Soutions Group,Commonwealth Financial Network,D0n Young,,,"2204 Cedar Blvd, Chicago, IL 60601"
Garcia Advisory Group,Edward Jones,Barbara Garcia,,Barbara Garcia|Robert Taylor|Amanda Campbell|Megan Brown|Heln Mitchell|Brian Campbell,"746 River Pkwy, Los Angeles, CA 90001"
Gomez Family Office,Harborview Private Wealth,,bill.gomez@harborviewpw.com,,"6852 Willow Blvd, Dallas, TX 75201"
King Asset Management Group,Edward Jones,,,,
Hill Capital Partners,Meridian Private Wealth,"Hill, Kevin",,Kevin Hill|Anth0ny Edwards|Helen Yang|Emily Garcia|Amanda Davis|Barbara Patel|Ryan Baker,
King Retirement Solutions Group,Janney Montgomery Scott,Robert ing,,,
Khan Wealth Partners,Stifel Nicolaus & Company,"Cll1ns, Margaret",,Margaret Collins|William King,
Morgan Asset Man@geet Group,Cambridge Investment Research,,,,
Davis Family Offic3,Crestwood Family,"Davis, Anthony",,Anhony Davis|Jason Jones|David Diaz|George 5tewat|Jacob Brown|Sarah Morgan,"527 Park Way, Miami, FL 33101"
Morris C@pital Partners,Highfield Asset Management,"Morris, Ronald",ron.morris@highfieldam.com,,"607 Lincoln Dr, Philadelphia, PA 19101"
Huang Family Office,Parkside Wealth,Megan Huang,,,"6607 Lake Blvd, Baltimore, MD 21201"
Miller Family Wealth Group,Morgan Stanley,"Miller, Lind@",lmiller@morganstanley.com,Linda Miller|Paul Diaz,
Flores Avisory Group,UBS Financial Services,Helen Flores,,,"4190 Park Rd, Phoenix, AZ 85001"
Morgan Financial Group,Oppenheimer & Co.,,david.wang@opco.com,David Wang|Brian Taylor|Donald Nelson|Jennifer Phillips|Jason Smith|Emily Hall,"4903 Highland Court, Dallas, TX 75201"
Campbell Retirement Solutions Group,LPL Financial,,,Charles Campbell|Jennifer Stewart|Paul Scott|Sarah Huang|Joseph Jackson|Amanda Morgan,
Fl0r3s Private Clien Group,Wells Fargo Advisors,"Fl0res, Emily",,,
Carter Group,Parkside Wealth Strategies,Tony Carter,,,
Edwards Advisory Group,UBS Financial Services,Tom Flores,,,
Hill Advisory Group,Robert W. Baird & Co.,Richard Hill,,,
Roberts & Associate5,Highfield Asset Management,,,Christopher Roberts|Kenneth Smith|Barbara M1ller|Jo5eph Stewart|Jacob Thompson|Steven Kh@n,
Adams Instment Group,Merrill Lynch,,,,
D@vis Private Wealth Group,Securities America,,parkera@secam.com,,
Hill Family Wealth Group,Woodbury Financial,,chris.hill@woodburyfs.com,Christopher Hill|Pau1 Nguyen|Lisa Wang|Steven Anderson|Jeffrey Hill|Barbara Harris|Nancy Rivera,"462 Spring Pl, Minneapolis, MN 55401"
Kim Financial Partners,Northgate Investment,"Kim, Stven",,Steven Kim|Matthew Young,
Thompson & @ssociates,Highfield Asset Management,,,Edw@rd Thompson|Sandra Johnson|James White|James Zhang|David Garcia,
Diaz Investment Group,Woodbury Financial Services,Marg@ret Diaz,,,"2593 Elm Dr, Seattle, WA 98101"
Morgan Capital Partner,Meridian Private Wealth,Jason Mogan,,,
Phillips Wealth Managem3nt,Northgate Investment Partners,Timothy Reyes,,Timothy Reyes|Brian Hill,"1493 Willow St, Indianapolis, IN 46201"
Patel Family Office,Summit Peak Advisors,Ron Patel,,0nald Patel|Paul Thomas|Jeffrey Baker|Dorothy Williams|James Edwards|Margaret Anderson,"415 Hill Court, San Antonio, TX 78201"
Kim Wealth Management,Summit Peak,Linda Kim,,Linda Kim|Megan Scott|Steven Young,"5518 Spring Ave, Atlanta, GA 30301"
Nguyen Aset Management Group,Woodbury Financial Services,,nelsong@woodburyfs.com,George Nelson|Ryan Edwards|Patricia Chen|Lisa Zhang|Sandra Wison|Patricia Wright|Jennifer Diaz,
Smith & Associates,LPL Financial,6arbara Smith,,,"1939 Maple Way, Indianapolis, IN 46201"
Gomez Capital,Northgate Investment Partners,,,Sarah Gome|Mark 1ee|Christopher Green|PaulWang|Jason Rivera|Megan Hall,
Cruz Partners,Harborview Private,David Cruz,,David Cruz|Richard Wilson|Edward Collins|Amanda Young|Kevin Diaz|Jennifer Adams,
Stewart Family Wealth Group,DA Davidson,"Rivera, Brian",brivera@dadavidson.com,Brian Rvera|David Edwards|Kevin Collins|Paul Turner,
Zhang Financial Partners,Highfield Asset Management,,,,
Parker Financial Group,Hilliard Lyons,Linda Flores,,Linda Flores|Margaret Liu|Ryan White,"9500 Cedar Dr, Nashville, TN 37201"
Nelson Family Wealth Group,Robert W. Baird & Co.,,,,
Williams Institutional Group,Cambridge Investment Research,Emil Torres,,Emily Torres|Linda Reyes|Christopher White|Mark Lee,
Davis Asset Management Group,National Planning Holdings,"Wilson, James",jim.wilson@nph.com,,
Robert Financial Group,UBS Financial Services,Ryan Roberts,,,
hang Institutional Group,Cambridge Investment Research,"Zh@ng, Jessica",,,"5612 Washington Dr, Atlanta, GA 30301"
Liu Private Wealth Group,Securities America,Hlen Liu,helen.liu@secam.com,,"2508 Lake Blvd, San Jose, CA 95101"
Reyes Financial Partners,Northgate Investment Partners,,,,
Flores Institutio@l Group,UBS Financial Services,,,Amanda Flores|Jason Chen|Anthony Carter|Anthony Chen,"6749 Main Blvd, Indianapolis, IN 46201"
T0rres Financial Group,National Planning,,,John Campbell|Susan Wilson|Richard Morgan|Timothy Smith|Edward Stewart|Patricia Smith|Matthew Gomez|Thomas Yang,"1135 River Ln, Indianapolis, IN 46201"
Stewart Wealth Management,Clearwater Capital Group,,,,
Reyes Asset Management Group,Cambridge Investment,"Reyes, Ry@n",,Ryan Reyes|Robert Roberts|Barbara Harris|Paul Rivera|Pal Phillips|Charles Cruz|Ronald Edwards,
R3yes Welth Partners,Cetera Financial Group,"Reyes, Linda",,,"8960 Madison Blvd, San Francisco, CA 94101"
Khan Partners,Meridian Private Wealth,Paul Khan,,,"6571 Jefferson Blvd, San Jose, CA 95101"
Adams Portfolio Group,Cambridge Investment,Rick Adams,,,"4547 Commerce Pkwy, Seattle, WA 98101"
Wilson Investment Group,Oppenheimer & Co.,Ryan Wilson,,,
Scott Capital,Ridgeway Wealth Management,Steven Scot,,,
Rivera Capital Group,Merrill Lynch,,,,
Brown F@mily Wealth Group,National Planning,Sandra Patel,,Sandra Patel|Thomas Hall|Brian Wright|Richard Gomez,"5968 Park Ln, Miami, FL 33101"
Wilson Investment Group,Edward Jones,,,,"8829 Lincoln Blvd, Austin, TX 78701"
Jackson Wealth,Northgate Investment Partners,,,Ashley Chen|Ronald Collins|Jessica Edwards|Rachel Allen|Anthony Martin|N@ncy Thompson|Robert ang,
Jackson Group,Parkside Wealth Strategies,Bob Jackson,,Robert Jackson|Edward Davis|Kevin Turn3r,
Jackson Wealth @dvisors,Securities America,Emily Morris,,Emily Morris|Helen Turner|James Thompson|Rachel Campbell|Linda Morris|Linda Johnson,
Diaz & Associates,Summit Peak Advisors,93org Allen,,George Allen|Jessica Johnson|Brian Turner|Nancy Young|Kevin King|Mark Adams,"6189 Cedar Way, Raleigh, NC 27601"
A1len Investment Partners,Harborview Private Wealth,Lisa Allen,,Lisa Allen|Mark Nelson|Amanda Parker|Christopher Green|Andrew Johnson|Sarah Jackson,"2460 Willow Way, Chicago, IL 60601"
Turner Cap1tal Partners,Harborview Private Wealth,,,Thomas Morgan|Anthony Martin|Susan Carter|Emily Williams|William Rivera|Ronald White,"3347 Madison Court, Memphis, TN 38101"
Nelson Portfolio Group,Stifel Nicolaus,Megan Nelson,,,
Taylor Private Wealth Group,Morgan Stanley Wealth Management,Mike Edwards,,,"9829 Willow Pkwy, Denver, CO 80201"
Wright Wealth Management Group,Morgan Stanley Wealth Management,Tom Wright,,,
Roberts Institutional Group,Janney Montgomery Scott,Roberts mily,eroberts@janney.com,,
Hill Adviory Group,National Planning Holdings,"Gomez, Mark",mgomez@nph.com,Mark Gome|Mark Phillips|Megan Martin|Amanda Wright|Megan Young|Barbara Adams,
Carter Portfolio Group,Morgan Stanley Wealth Management,,,Jason Edward|Brian Torres|Matthew Jones|Patric1a Brown|Barbara Hall|Michael Moore|Edward Yang|James Thompson,"5799 River Ln, San Jose, CA 95101"
Johnson & Associat3s,Crestwood Family Office,,,,"2499 Jefferson Dr, Kansas City, MO 64101"
Jackson Group,Summit Peak,"Jackson, Dorothy",,,
Gomez Private Wealth Grou,Morgan Stanley Wealth Management,Rick omez,,,"646 Main Rd, Las Vegas, NV 89101"
Flores & Associates,Crestwood Family Office,,,,
Patel Retrement Solutions Group,Cetera Financial Group,Michael Patel,mike.patel@cetera.com,Michael Patel|Andrew Wang|Jacob Collins|Geor9e Parker|Karen Turner,
Smith Wealth Partners,Securities America,,,,"5835 Commerce Dr, Raleigh, NC 27601"
Adams Private Client Group,Stifel Nicolaus,Ronald Flores,,,
Stewart & Yang Group,Securities America,Ken Stewart,,,
Jackson Wealth Advisors,Oppenheimer & Co.,,,,
Nguyen Wealth Partners,National Planning Holdings,,,,
Wright Investment Group,DA Davidson & Co.,Megan Wright,mwright@dadavidson.com,,"1936 Cedar Pl, Phoenix, AZ 85001"
Williams Advisory 9roup,Cambridge Investment Research,Jessica Willias,jwilliams@cambridgeinv.com,Jessica Williams|Sandra Smith|Kenneth Gomez|Michael Jackson|Patricia Hill,"5508 River Ln, Boston, MA 02101"
Thompson Financial Group,Robert W.,,,,"7150 Cedar Ave, Kansas City, MO 64101"
Reyes Wealth Management,Northgate Investment,,amanda.kim@northgateinv.com,Amanda Kim|Timothy Rivera|Ronald Jones|Kevin Roberts|Barbara Reyes|Andrw Harris,
William5 Partners,Highfield Asset Management,Kev1n Williams,kwilliams@highfieldam.com,,
Collins Family Wealth Grou,Securities America,"Collin5, Margaret",,,
Patel Retirement 5olutions Group,National Planning Holdings,,,,"7995 Market St, Philadelphia, PA 19101"
Khan Private Wealth,Meridian Private Wealth,Andy Khan,khana@meridianpw.com,,
Gomez Private Wealth Group,National Planning Holdings,Jacob Gomez,jacob.gomez@nph.com,Jacob Gomez|Jennifer Davis|Emily Miller|George Le,"3207 Lincoln Pl, St. Louis, MO 63101"
White Wealth Management,Crestwood Family Office,,,,"6846 Jefferson Ave, Nashville, TN 37201"
Taylor Private Client Group,Edward Jones,,,,
Scott Private Client Grop,Robert W.,,,,
Ha1l Private We@lth,Parkside Wealth Strategies,,,,
Yang & Associates,Parkside Wealth,Dan Yang,yangd@parksidewealth.com,Daniel Yang|Rachel Cen|Karen Jones|Sanra King|Linda Cruz,"2251 Oak Dr, Kansas City, MO 64101"
Davis Private Wealth Group,Merrill Lynch Pierce Fenner & Smith,Barbara Hill,bhill@ml.com,,
Collins Institutional Group,Raymond James Financial Services,,,George Collins|Lisa Gomez|Jeffrey Rivera|Jacob Hall,
Wang Investm3nt Group,National Planning,Jason Wang,,,
Edwards Wealth Management,Harborview Private Wealth,Barbara dwards,,Barbara Edwards|Richard Roberts|Ryan Hill|Helen Brown|Andrew Scott|John Scott|Christopher Garcia,"1827 Main Pkwy, Boston, MA 02101"
Morris Wealth Management Gr0up,Merrill Lynch,,,,
Patel Private Client Group,Robert W.,Jeffrey Patel,,,
Thompson &Riv3ra Partners,Oppenheimer & Co.,,,,
Carter Advisory Group,Cetera Financial Group,Megan Carter,,Megan Carter|Steven Moor|Megan Thompson|Davd Allen|Charls Parker,
Johnson & Chen Partners,Woodbury Financial Services,George Johnson,,,
Hill Private Client Group,Janney Montgomery Scott,,,Dorothy Hill|Robert Miller|Betty Zhang|Kevin Nelson|J@son Reyes|William Chen,"6498 Maple Pkwy, Las Vegas, NV 89101"
Wi1son & Roberts Group,Janney Montgomery,,,Linda Wilson|Susan King|Rachel Wang|James Wilson|Edward Nguyen,
Khan & Lee Group,Raymond James Financial Services,Megan Khan,,Megan Khan|Jessica Hill|Sandra Smith|Jacob Thomas|Kenneth Phillips|Susan Wilson|Paul Khan,"6458 Cedar Ln, Los Angeles, CA 90001"
Phillps Tax & Wealth Group,DA Davidson & Co.,"Phillips, Helen",,,
Jones Tax & Walth Group,UBS Financial,Chris Jones,chris.jones@ubs.com,,"6062 Commerce Blvd, Miami, FL 33101"
Smith Asset Management,Clearwater Capital,Betty Evans,,,"5359 Market Pkwy, Kansas City, MO 64101"
Smith & Assocate5,Northgate Investment Partners,Charles Smith,,Charles Smith|Matthew Reyes,
Thompson Capital Group,Wells Fargo Advisors,,,,"6878 Spring Pkwy, New York, NY 10001"
Phillips Advisory Group,Wells Fargo Advisors,,,James Phillips|Jasn Miller|Paul Wang,
Khan Wealth,Harborview Private Wealth,Brian Khan,khanb@harborviewpw.com,,"4704 Main Court, Boston, MA 02101"
Gomez inancial Partners,Highfield Asset Management,,,,"9012 River St, Houston, TX 77001"
Moore Advisos,Parkside Wealth Strategies,Susan Moore,moores@parksidewealth.com,Susan Moore|Jeffrey Campbell|David Rivera|Richard Diaz|James Williams|Edward Roberts|Nancy Moore,"1619 Commerce Pkwy, Philadelphia, PA 19101"
Taylor Family Office,Meridian Private Wealth,Ken Taylor,taylork@meridianpw.com,Kenneth Taylor|Anthony Cruz|Jennifer Torres|Barbara Baker|Ashly oung,
Huang Capital,Northgate Investment Partners,Lisa Huang,,,"6932 River Court, Philadelphia, PA 19101"
Anderson Investment Group,Janney Montgomery Scott,Jeffrey Anderson,,Jeffrey Anderson|Susan Cruz|Helen Morr1s|Daniel Carter|John Wright,
Martin Capital Group,UBS Financial Services,Emi1y More,,,
Cllins Partners,Parkside Wealth Strategies,"Coll1ns, Nancy",,,"8820 Highland Court, Houston, TX 77001"
Parker Investment Group,Merrill Lynch Pierce Fenner & Smith,Jason Parker,,,"1011 Commerce Pl, Memphis, TN 38101"
Wilson Private Wealth Group,Raymond James,,betty.wilson@raymondjames.com,,"664 River Ave, Seattle, WA 98101"
Garcia Investment Partners,Summit Peak Advisors,"Taylor, Mark",mark.taylor@summitpeakadv.com,,
Pael Portfolio Group,Merrill Lynch Pierce Fenner & Smith,Megan Patel,megan.patel@ml.com,,"7945 Cedar Pl, Chicago, IL 60601"
Evan5 Asset Management Group,Ameriprise Financial,Christopher Evans,evansc@ampf.com,,
Edw@rds Private Wealth,Harborview Private Wealth,,jevans@harborviewpw.com,Joseph Evans|6arbara Garcia|Patricia Rivera|Timothy Kim|Thomas Davis|William Flores|Nancy Diaz,
Gomez Investment Group,Hilliard Lyons,,patricia.patel@hl.com,Patricia Pate|Barbara Wilson|Linda Yang|Linda Davis,"8277 Hill Dr, Las Vegas, NV 89101"
Huang Wealth Management Group,Janney Montgomery Scott,,,Rachel Huang|Megan King|Steven Carter,"3551 Cedar Blvd, Philadelphia, PA 19101"
Smith Wealth Partners,UBS Financial Services,Brian Edwards,,Brian Edwards|Susan Jackson|Betty Carter|Dorothy Allen|JasonZhang|Linda Martin|Sarah Khan|John Parker,"7480 Cedar Rd, Philadelphia, PA 19101"
Johnson Advisory Group,Morgan Stanley Wealth Management,Helen Brown,,,
Wilson Investment Group,DA Davidson,,,Timothy Wilson|Edward Diaz|Jessica Wilson,
Chen Tax & Wealth Group,Wells Fargo Advisors,,,,
Phillips Advisors,Harborview Private Wealth,,bwilliams@harborviewpw.com,,
Yang Family Office,Northgate Investment Partners,Andy Scott,ascott@northgateinv.com,,
Khan Family Wealth Group,Oppenheimer & Co.,,ron.young@opco.com,Ronald Young|George Allen|Sandra Scott|Steven Anderson|Edward Mitchell|Anthony Hill,"4640 Highland Ave, Washington, DC 20001"
Stewart Advisors,Meridian Private Wealth,Megan Turner,turnerm@meridianpw.com,,"7762 Maple Way, Nashville, TN 37201"
White Financial Partners,Harborview Private Wealth,"Wang, Christopher",,Christopher Wang|Rachel Scott|Karen Stewart|Paul Huang,"6264 Market Ave, San Diego, CA 92101"
Torres ealth Management,Kingsbridge Capital,Tim Torres,,,"4327 Maple Pkwy, Phoenix, AZ 85001"
Hal Investment Group,Oppenheimer & Co.,,,,
Chen Private Client Group,Merrill Lynch Pierce Fenner & Smith,,chena@ml.com,Anthony Chen|Rachel Scott,
Lee Wealth Advisors,Stifel Nicolaus & Company,,,Joseph Young|Thomas Thom@s|Matthew Phillips|Megan Smith|Edward Khan|Barbara Harris|Timothy Martin,"484 Highland Rd, Nashville, TN 37201"
Dvis Capital Group,Commonwealth Financial Network,"Davis, Betty",betty.davis@commonwealth.com,Betty Davis|Richard Wright|Kenneth Capbell,
Hall Portfolio Grup,Cetera Financial Group,"Hall, Steven",,,
Lee Capital Partners,Clearwater Capital Group,Joe Green,jgreen@clearwatercap.com,,
Cruz Investment Group,Janney Montgomery,Mark Cruz,,,"1036 Market Ln, Austin, TX 78701"
Diaz Private Wealth,Ridgeway Wealth Management,,,,
Chen Financial Group,Woodbury Financial,Richard Chen,,,
Morris Private Wealth Group,Securities America,Margaret Morris,,,"672 Market Pl, St. Louis, MO 63101"
Edwards Adviors,Clearwater Capital Group,Tony Edwards,,Anthony Edwards|Matthew Moore,"6829 Hill Way, San Diego, CA 92101"
Huang & Johnson Advisors,Summit Peak Advisors,Ryan Huan,,Ryan Huang|Jeffrey Nguyen|Nancy Evans|Steven Lee|Rachel Turner|Steven Adams|Jeffrey Garc,
Chen Institutional Group,Hilliard Lyons,Meg@n Davs,,,
Smith Wealth Advisors,Woodbury Financial,"Jackson, Ronald",,Ronald Jackson|Brian Evans|Steven Wright|George Rivera,
HarrisCapital Partners,Highfield Asset Management,"Harris, John",,,"5824 Highland St, San Diego, CA 92101"
Ki Asset Management Group,Securities America,,,,
Johnson Financial Group,Robert W.,"Johnson, Jacob",johnsonj@rwbaird.com,Jac0b Johnson|David Scott|James Reyes|Nancy Jackson|Kenneth Phillips|Betty Thompson|Bar6ara Mitchell|Linda Adams|Rober Liu,"3727 Park St, San Francisco, CA 94101"
Martin Retirement Soluti0ns Group,LPL Financial,,,Susan Nelson|Susan White,"580 Cedar St, San Jose, CA 95101"
Adams & Associates,Meridian Private Wealth,,dorothy.lee@meridianpw.com,,"9626 Park Dr, Indianapolis, IN 46201"
Williams Advisory Group,Cetera Financial Group,,jeff.williams@cetera.com,Jeffrey Williams|Amanda Baker|Steven Davis|Jennifer Phillips|Charles Patel|Michael Collins,"3678 Elm Way, Boston, MA 02101"
Young Wealth,Northgate Investment Partners,,,Emily Young|Sandra Williams|Patricia Khan|Jessia Davis|Edward Huang,
Davis Asset Management Group,Woodbury Financial Services,,,,
Green Wealth,Clearwater Capital Group,Rivera Char1es,,Charles Rivera|Karen Thompson|Anthony Zhang|Christopher Torres|Margaret Harris,
Diaz & Associates,Northgate Investment Partners,,,Jacob Diaz|Jason Hill,
Baker Private Walth,Meridian Private Wealth,,,,"7189 Commerce St, Raleigh, NC 27601"
Davis Investment Group,Edward Jones,,,,"3173 Jefferson Rd, Seattle, WA 98101"
Smith Capital Group,Cambridge Investment Research,"Smith, Ashey",,,
Zhang & Associates,Northgate Investment,Betty Zhang,betty.zhang@northgateinv.com,Betty Zhang|Robert N3lson|Susan Jackson|Ryan Mitcell|Edward Diaz,"6053 Main Ln, Chicago, IL 60601"
Campbell Family Wealth Group,Janney Montgomery Scott,Ashle Campbell,,Ashley Campbell|Jacob Scott|Dorthy Jackson|Sandra Kim|Jennifer Parker|Andrew Edwards,"4505 Park St, Denver, CO 80201"
Huang Investment Partners,Ridgeway Wealth,,,,
Huang Financial Group,Edward Jones,"Huang, Joseph",,,
Evans Wealth Advisors,Oppenheimer & Co.,Kevin Chen,,,
Green Partners,Kingsbridge Capital Advisors,,,,
Jackson Retirement Solutions Group,Hilliard Lyons,Chri5 Jackson,jacksonc@hl.com,Christopher Jackson|Amanda Hill|Nancy Thomas|Mark Johnson|Megan Lee|Christopher Wang|Donald Scott,"718 Elm Pkwy, Portland, OR 97201"
Scott Investment Partners,Meridian Private Wealth,Betty Sctt,,Betty Scott|Joseph Khan|Lisa Thomp5on|Michael Khan|Daniel Cruz|Dorothy Jackson,
Johnson Wealth,Parkside Wealth Strategies,Chris Johnson,,,"2491 Willow Dr, Boston, MA 02101"
Wilson Group,Ridgeway Wealth Management,,,Jessica Wilson|Kenneth Campbel1,"738 Lincoln Court, Raleigh, NC 27601"
Patel Group,Meridian Private Wealth,Joseph Wang,wangj@meridianpw.com,,
Scott Capital Partners,Parkside Wealth Strategies,,,,"8053 Jefferson Dr, Las Vegas, NV 89101"
Torres Retirement Solutins Group,Cambridge Investment Research,,diazd@cambridgeinv.com,,
Wright Investment Group,Wells Fargo Advisors,"Wright, Barbara",,,
Roberts Asset Management Group,Cambridge Investment,Joseph Roberts,robertsj@cambridgeinv.com,,"5479 River Rd, Boston, MA 02101"
Carter Wealth Partners,Janney Montgomery Scott,"Parker, Em1ly",,Emily Parker|Brian Martin|Andrew Flores|Robert Harri|Christopher Scott,"9687 Cedar Pl, Kansas City, MO 64101"
Johnson Privat3 Wealth,Parkside Wealth Strategies,,,,
Rivera Financial Partners,Meridian Private Wealth,"Riera, Michael",,,
Thompson Capital Group,Commonwealth Financial Network,Lina Thompson,linda.thompson@commonwealth.com,Linda Thompson|Joseph Wilson|Anthony Rivera|Ashley Moore|Andrew Stewart|Rachel Khan|Donald Baker,
Evans Wealth Management Group,Woodbury Financial,Patricia Evans,evansp@woodburyfs.com,Patricia Evans|Megan Young|Helen Chen|Kenneth Roberts,
Flores Capital Partn3r,Harborview Private Wealth,,,Jeffrey Flores|Edward Roberts|Jennifer Patel,
Zhang & Morgan Partners,Cetera Financial Group,,gzhang@cetera.com,George Zhang|John Kim|Christopher Morgan|Ashley Green,
Evans Family Wealth Group,Ameriprise Financial,,,,
Thomas & Parker Advisors,DA Davidson & Co.,,,,"1128 Willow Ave, Dallas, TX 75201"
Lee Partners,Parkside Wealth,,,Kevin Lee|Andrew Scott|isa Evans,"1015 River Pl, San Jose, CA 95101"
Kim Asset Management Group,Oppenheimer & Co.,Ron Rivera,,Ronald Rivera|Anthony Jackson|Karen Patel|Rnald Huang|Ryan Flores|Bri@n Khan|Dorothy Brown,"3169 Madison Court, Chicago, IL 60601"
Lee Private Client Group,UBS Financial Services,Helen Lee,,,
Wang Capit@l Group,Merrill Lynch Pierce Fenner & Smith,"Smith, Charles",,Charles Smith|Rahel Nelson|Rachel White|Mark Hill|Helen Nguyen|Robert Morgan|Amanda Cru|Brian Moore,
Parker Institutional 9roup,Stifel Nicolaus & Company,David Parker,,,
Carter Advisors,Summit Peak Advisors,Ryan Carer,,Ryan Carter|Daniel Williams|Christopher Hill|John Brown,
Williams Portfolio Group,Janney Montgomery Scott,,,,
Mitchell & Associates,Ridgeway Wealth,,,,"7432 Washington Ave, Denver, CO 80201"
Green Wealth Management,Northgate Investment Partners,Ashley Green,greena@northgateinv.com,,"4170 Hill Blvd, Kansas City, MO 64101"
Thomas Financial Partnrs,Kingsbridge Capital Advisors,,,Helen Thomas|Donald Adams,"2827 Commerce Pkwy, Raleigh, NC 27601"
Carter apital Partners,Ridgeway Wealth Management,Ron Carter,,,
Allen Investment Partners,Ridgeway Wealth Management,Kev Carter,,Kvin Carter|Sandra Hill|Betty Anderson|Donald Turner,"6391 Park Pkwy, Miami, FL 33101"
Moore Advisory Group,Janney Montgomery Scott,,mooreb@janney.com,Brian Moore|Ryan Smith|Helen Roberts|Nancy Thompson|Jacob Gomez|Nancy Nuyen,
Khan W3alth Advisors,Cetera Financial,,,,
Diaz & Wang Group,Ridgeway Wealth Management,Jacob Diaz,,Jacob Diaz|Michael White|Dorothy Jackson,
Collins Wealth Advisors,Stifel Nicolaus & Company,,,,
Kim Wealth Partners,Stifel Nicolaus & Company,,,Michael Kim|George Hill|Brian Lee|George Wang|Karen Lee,
Rivera Wealth Management,Summit Peak Advisors,,,,
Diaz Family Office,Crestwood Family Office,,patricia.diaz@crestwoodfo.com,Mark Taylor|Dorothy Will1ams|Karen Flores|Richard Martin|Richard Liu|Michael Smith|Paul Nelson|Sandra Cruz,
Thomas Tax & Wealth Group,Cetera Financial Group,LisaThomas,lisa.thomas@cetera.com,Lisa Thomas|Charles Garcia|Edward Rivera|SandraAdams,
Collins Priate Wea1th Group,Robert W. Baird & Co.,,,Dorothy Collins|Emily Garcia|Emily Campbell|Lisa arker|George Johnson|Jennifer Flores|Kren Turer,"6140 Oak Dr, Houston, TX 77001"
White Capital Group,Wells Fargo Advisors,Christopher Baker,bakerc@wellsfargoadv.com,Christopher Baker|Daniel Chen|Daniel Collins|Matthew Turner,
Huang Tax & Wealth Group,National Planning Holdings,,,,
Collins Wealth Management Group,National Planning,,,Ronald Collins|Betty Williams,"4673 Park Dr, Houston, TX 77001"
Khan Asset Management,Parkside Wealth Strategies,,,,
Nelson Tax  Welth Group,Robert W. Baird & Co.,Lisa Nelson,,Lisa Nelson|Jennifer Zhang,"4941 Madison Pl, Washington, DC 20001"
Johnson Family Wealth Grou,Raymond James Financial Services,,john.edwards@raymondjames.com,John Edwards|Barbara Lee|Matthew Williams,
Turner Financial Group,Janney Montgomery Scott,,,,"7950 Willow Ave, Kansas City, MO 64101"
Gomez Financial Group,DA Davidson & Co.,Hele Gomez,,,
Young Advisory Group,Raymond James Financial Services,Ashl3y Young,,,"1525 Madison Ln, Phoenix, AZ 85001"
Johnon Tax & W3alth Group,Oppenheimer & Co.,,barbara.johnson@opco.com,Barbara Johnson|Margaret Nelson|Thomas Yang,"2484 Jefferson Pl, San Diego, CA 92101"
Harris Asset Management Group,UBS Financial Services,,amanda.miller@ubs.com,,
im F@mily Office,Crestwood Family Office,,,Edward Kim|Doroty Jones|Jacob J0nes|Daniel Garcia,
Garcia Family Office,Harborview Private Wealth,Susan Garcia,,Susan Garcia|Matthew Roberts|Mark Morris|Ronald Wang,"7532 Park Blvd, Boston, MA 02101"
Turner Retirement Solutions Group,Stifel Nicolaus & Company,Jacob King,jking@stifel.com,Jacob King|Sarah Garcia|Michael Yang|Ashley Gomez|Andrew Thomas|Dorothy Lee,
Collins Wealth Advisors,Raymond James,,,,"3822 Elm Rd, New York, NY 10022"
Williams Wealth Partners,Raymond James Financial Services,Jason Williams,,,
Torres Family Wealth Group,DA Davidson & Co.,"Torres, Jacob",,Jacob Torres|Sarah Baker,"4160 Madison Dr, San Antonio, TX 78201"
Torres Group,Harborview Private Wealth,,,,
Moore Wealth,Kingsbridge Capital Advisors,,,,
Carter Tax & Wealth Group,Woodbury Financial Services,Chris arter,,,
Tore5 Family Off1ce,Clearwater Capital,Jessic@ Torres,jtorres@clearwatercap.com,,"8770 Jefferson Ln, Chicago, IL 60601"
Morgan Portfolio Group,Stifel Nicolaus & Company,,morganr@stifel.com,,"4015 Maple St, New York, NY 10001"
Hall Wealth Management,Kingsbridge Capital Advisors,William Hall,,,"3571 Lincoln Rd, Portland, OR 97201"
Reyes Investment Partners,Harborview Private Wealth,"Reyes, Steven",,Steven Reyes|Charles Stewart|Jennifer Roberts|Matthw Kim,"807 Willow Rd, Charlotte, NC 28201"
Nelson Partnes,Clearwater Capital Group,,,,"8250 Lincoln Pl, Boston, MA 02101"
9reen Capital,Kingsbridge Capital Advisors,,,,
Parker Family ffice,Parkside Wealth Strategies,"Carter, Joseph",,Joseph Carter|Jeffrey Davis,
Liu Private Client Group,Morgan Stanley Wealth Management,Megan Liu,,Megan Liu|Paul Zhang|Emily Smith|Helen Jones|Brian Ne1son|Michael Brown,
Wilson Capital Partners,Meridian Private Wealth,"Wilson, Matthew",matt.wilson@meridianpw.com,Matthew Wilson|G3orge Edwards|Susan Nelson|Dorothy Lee|Linda Zhang|LinaPatel|Michael Garcia,
Gomez Financial Group,Robert W. Baird & Co.,93orge 9om3z,george.gomez@rwbaird.com,George Gomez|Richard Roberts,"2297 Lincoln Court, Atlanta, GA 30301"
Diaz Institutional Group,Oppenheimer & Co.,,,Sandra Diaz|@shley Thomas|Kevin King|Megan Torres|Nancy Edwards,
Cruz Wealth,Summit Peak,Emly Cruz,,,"9813 Washington Blvd, Miami, FL 33101"
Zhang Tax & Wealth Group,DA Davidson & Co.,on Zhang,,,"9421 Jefferson Rd, St. Louis, MO 63101"
Campbel1 Family Office,Highfield Asset Management,Jason Campbe1l,,,
Rivera Financial Group,Commonwealth Financial Network,,jennifer.jones@commonwealth.com,Jennifer Jones|Amanda Parker|Edward Wright|Jessica Harris,"4722 Jefferson Pkwy, Seattle, WA 98101"
Phillips Portfolio Group,Hilliard Lyons,,,James Flores|David Evans|Donald Young,"9770 Cedar Blvd, Seattle, WA 98101"
Edwards Asset Management Group,Edward Jones,,,,"4264 Cedar Blvd, Indianapolis, IN 46201"
Haris Private Wealth Group,Edward Jones,Karen Harris,,Karen Harris|Helen Jackson|Rbert King|Brin Hill|Susan Wilson,"715 Maple Dr, Philadelphia, PA 19101"
Reyes Private Client Group,Cambridge Investment Research,,,Jeffrey Reyes|Daniel Green|Ronald Taylor|Michael Wilson|Donld Jones|John Nguyen|Kevin Lee|Patricia Turner,
Thompson Private C1ient Group,Woodbury Financial Services,,,,
Gomez Retirement S0lutins Group,LPL Financial,"Gomez, St3ven",,,"9754 River Pl, Philadelphia, PA 19101"
Garcia Financial Group,National Planning Holdings,,,,
Cruz Goup,Kingsbridge Capital Advisors,Linda Wang,,Linda Wang|Ronald Parker|Linda Reyes|Patricia Morgan|Emily Garcia|David Morris,"7298 Oak Pl, Austin, TX 78701"
Jackson Private Wealth Group,Ameriprise Financial Services,,,Kenneth Jackson|Anthoy Scott,
Wright FinacialGroup,Merrill Lynch Pierce Fenner & Smith,,hjackson@ml.com,,"5862 Elm Way, New York, NY 10022"
Flores Capital,Kingsbridge Capital Advisors,"Young, Anthony",,,
Thompson Advisory Group,National Planning,"Thompson, Ryan",,Ran Thompson|Timothy Jones,
Moore Advisory Group,Morgan Stanley,"Moore, Kenn3th",kmoore@morganstanley.com,,"8075 Commerce Rd, Raleigh, NC 27601"
Zhang We@lth Advisors,Morgan Stanley,,,,"1263 Highland Pkwy, Denver, CO 80201"
Jackson Wealth Advisors,Ameriprise Financial Services,"Jackson, Sarah",,,
Hill Wealth Management Group,Ameriprise Financial Services,,hillk@ampf.com,,
Chen AdvisoryGroup,LPL Financial,,,Joseph Chen|Christopher Moore|George Harris|Emily Young|James Hall|David Morris|Ashley Harris,
White Investment P@rtners,Ridgeway Wealth Management,Andy White,,,"6406 Oak Pkwy, Charlotte, NC 28201"
Pael Private Client Group,Cetera Financial,,ron.morris@cetera.com,Ronald Morris|Richard Hill,
Garcia Group,Northgate Investment Partners,Jeff Garcia,,,
Nguyen Wealth Advisos,DA Davidson & Co.,Bill Nguyen,,,
Thomps0n Wealth,Parkside Wealth Strategies,,,Jennifer Thompson|James Wilson|Susan Wright|Megan Khan|William Wright|Sandra Edwards|Ryan Liu,"3241 Park Ln, Philadelphia, PA 19101"
Davis Financial Group,Oppenheimer & Co.,Helen Davis,,Helen Davis|Michael Collins|Jennifer Anderson,
Huang Family Wealth Group,Merrill Lynch Pierce Fenner & Smith,"Hu@ng, Rachel",rhuang@ml.com,Rachel Huang|Paul Rivera|Joseph Young|James Morris|David Jackson|Barbara Torres,
Hill Private Wealth,Harborview Private Wealth,,hillt@harborviewpw.com,Timothy Hill|5arahMoore|James Yang|Joseph Chen|Christopher Lee,
Mi1ler Capital Partners,Harborview Private Wealth,,millerc@harborviewpw.com,Charles Miller|Brian Allen|Barbara Rivera|Susan Hill|Betty Chen,
Evans Wealth Partners,DA Davidson & Co.,,kevans@dadavidson.com,,
Allen Investment Partners,Parkside Wealth,,,,
Hill Retirem3nt Solutions Group,Wells Fargo,,swhite@wellsfargoadv.com,,
Hill Capitl,Crestwood Family,,,Steven Hill|JmesWilson|Sarah Harris,
Liu Investment Parners,Parkside Wealth Strategies,David Cruz,,David Cruz|Ashley Baker,"2703 Highland Ln, San Antonio, TX 78201"
llen Privat3 Client Group,DA Davidson & Co.,"Br0wn, Rachel",rachel.brown@dadavidson.com,,
Edward5 Tax & Wealth 9roup,UBS Financial Services,,,,"8279 Elm Ave, Seattle, WA 98101"
Zhang Wea1th,Summit Peak,Karen Zhang,,Karen Zhang|Thomas Scott|Paul Anderson|Sandra Scott|Andrew Liu,"405 Commerce Blvd, Atlanta, GA 30301"
Stewart Private Client Group,Merrill Lynch Pierce Fenner & Smith,Sandra Stewart,,Sandra Stewart|Ryan Reyes|Ryan Collins|Timothy White|Rachel Carter,"8813 Park Pkwy, Washington, DC 20001"
Anderson Advisory Group,Oppenheimer & Co.,"Anderson, Ronald",,RonaldAderson|Emily Thomas|Nancy Diaz|Matthew Prker|Kevin Taylor|Jacob Chen,
Diaz & Chen Advisors,Ameriprise Financial Services,Helen Diaz,,Hlen Diaz|Mark Scott|Dorthy Morgan|Brian White|David C@mpbell|Amanda Phillips|Karen Gomez,"8553 Commerce St, New York, NY 10001"
Lee Private Wealth Group,Stifel Nicolaus & Company,Susn Huang,,,
Lee Financial Group,Hilliard Lyons,"Lee, James",,James Lee|Helen Wang|Jacob Yang|Kenneth Roberts|Andrew Parker|Emily Evans,"154 Commerce Pl, Seattle, WA 98101"
Thoas Private Cli3nt Group,Woodbury Financial Services,Betty Thomas,,,"5777 Lincoln Court, San Francisco, CA 94101"
Scott Private Wealth Group,Oppenheimer & Co.,Rachel Scott,rachel.scott@opco.com,,"4314 Hill Pl, Nashville, TN 37201"
Miller Advisory Group,Oppenheimer & Co.,Jennifer Miller,,,
Davis Group,Harborview Private Wealth,,lisa.davis@harborviewpw.com,Lis Davis|Edward White,"1730 Madison Way, New York, NY 10001"
White F@mily Office,Meridian Private Wealth,,,Sandra White|William Hall|Donald Hall|Charles Moore,"5924 Main Pl, Kansas City, MO 64101"
Wilson Asset Management Group,Stifel Nicolaus & Company,,,,
Anderson Advisors,Highfield Asset Management,Ron Gomez,ron.gomez@highfieldam.com,Ronald Gomez|Susan Lee|Jason Thompson|Barbara Young,"9029 Elm Court, Chicago, IL 60601"
Reyes Portfolio Group,Woodbury Financial Services,"Reyes, Brian",,,
Zhang Financial Gr0up,Stifel Nicolaus & Company,,,Lisa Stewart|Donald Miller|John Mitchell|Susan Jackson,
Taylor Advisory Group,Cambridge Investment Research,,,,
Collins Asset Management Group,Morgan Stanley Wealth Management,,mark.baker@morganstanley.com,Mark Baker|James Edwards|Helen Rivera,"4979 Willow Ave, Nashville, TN 37201"
Allen Private Wealth Group,Cambridge Investment Research,"Hall, Timothy",,Timothy Hall|Susan Martin|Sarah Jones|Jacob Liu,"4242 Highland Ave, New York, NY 10001"
Carter Financial Group,Cetera Financial Group,"Carter, Kevin",,Kevin Carter|Emily Phillips|Emily Baker|James Jacks0n,
Johnson Investment Partners,Ridgeway Wealth,"Johnson, Thomas",,Thomas Johnson|Anthony Allen|Knneth Wilson|Richard Williams|Margaret Torres|William Huang|Robert Khan,
Chen Asset M@nagement Group,Morgan Stanley Wealth Management,,andy.chen@morganstanley.com,Andrew Chen|Donald Wright|Jessica White|Anthony Morgan,
Stewart Financial Group,Hilliard Lyons,,,,
Scott Asset Management Group,Stifel Nicolaus,"Scott, Megan",mscott@stifel.com,,
Phillips Financial Partners,Summit Peak Advisors,"Yang, Ronald",,Ron@ld Yang|Linda Green|Patricia Stewart|Ashley Wang|Ashley Cartr|Emily Jackson,"9263 Highland Way, Washington, DC 20001"
ivera Financial Group,Merrill Lynch Pierce Fenner & Smith,,,Anthony Rivera|Jessica G@rcia|Jessica Roberts|Mark Evans|Dorothy Diaz|Kevin Khan,"7713 Maple Blvd, Baltimore, MD 21201"
Thompson Wealth Advisors,LPL Financial,"Th0mpson, Robert",,,
Chen Group,Crestwood Family Office,Dorothy hen,,,
Scott Capital Partners,Kingsbridge Capital Advisors,Rick Scott,,Richard Scott|Richard Morgan|Jessica Turner,
Yang Wealth Prtners,UBS Financial Services,,,Karen Yang|David Cruz|Emily King|Steven Johnson|Margaret White,
Zhang Ass3t Mangement Group,Cambridge Investment Research,5arah Zhang,,,
Cruz Institutional Group,Hilliard Lyons,"Cruz, Lisa",,Lisa Cruz|Anrew Kim|Ryan Zhang|Robert Adams,"5805 Spring Dr, Kansas City, MO 64101"
Collins Wealth Management,Northgate Investment Partners,,garciab@northgateinv.com,Barbara Garcia|Rachel Kim|Christopher Diaz|Timothy Yang|Jason Wilson|Richard Morris|Hel3n Williams|Ronald Thompson,
Stewart Partners,Parkside Wealth Strategies,Bob Stewart,,RobertStewart|Jacob Morris,
Hall rivate C1ient Group,Woodbury Financial Services,Sarah Turner,sturner@woodburyfs.com,Sarah Turner|Ashley Torres|Geoge Hall|Jessica Edwards|James Yang|Paul Miller,"1214 Washington Rd, Chicago, IL 60601"
Green Asset Management Grop,Janney Montgomery Scott,"Green, Helen",,Helen Green|Chales Green|Thomas Morgan|Andrew Allen,
Brown & Associates,Clearwater Capital Group,"Brown, Linda",,,
Nelson Priv@te Client Group,Cambridge Investment Research,,,Dorothy Nelson|Ronald Young,
White Fiancial Partners,Ridgeway Wealth,Andy White,,Anrew White|George Green|Jcob Campbel1|Emily Evans|Patr1cia Parker,"577 Lake Blvd, San Francisco, CA 94101"
Phillip5 Financial Partners,Highfield Asset Management,Dan Wright,,Daniel Wright|Barbara Miller|Dorothy Adams|Barbara Taylor,
Liu Family Wealth Group,Woodbury Financial Services,Jason King,,Jason King|Christopher Young|Susan Davis|Linda Scott,"8295 Elm Rd, St. Louis, MO 63101"
Thomas Partners,Parkside Wealth Strategies,Edward Thomas,,,"1627 Madison Rd, Denver, CO 80201"
Nguyen Retirement Solutions Group,Hilliard Lyons,,susan.turner@hl.com,,
Yang Private Client Group,Robert W. Baird & Co.,,dyang@rwbaird.com,Donald Yang|Edward Baker|Andr3w Johnson|Ron@ld Wright|Anthony Nguyen,
Garcia Tax & Wealth Group,Raymond James Financial Services,Sarah Garcia,,Sarah Garcia|Richard Turner,"2636 Cedar Ave, Philadelphia, PA 19101"
Turner Capital,Parkside Wealth Strategies,,,John Turner|Betty Diaz|Rachel Jackson|Michael Patel|Robert Torres|Thomas Anderson|Wlliam Cruz,"554 Main Way, Charlotte, NC 28201"
Taylr Institutinal Gr0up,Janney Montgomery Scott,,,Steven Taylor|Matthew Carter|Steven Parker|Thomas King,
Davis Wealth,Northgate Investment Partners,,,Thomas Moore|Kenneth Thompson|Jeffrey Moore|Marg@ret Patel|Ronald Garcia|Jessica Thompson|Jason Allen|Thomas Gomez,"6806 Spring Pkwy, Chicago, IL 60601"
King Advisors,Meridian Private Wealth,Bob Davi5,rdavis@meridianpw.com,Ro6er Davi5|Jason Diaz|Amanda Torres,
Zhang Portfolio Group,Wells Fargo,Zhang Paul,,,"9611 River St, Miami, FL 33101"
White Retirement Solutions Group,Hilliard Lyons,Tony Jackson,jacksona@hl.com,Anthony Jackson|Kevin Wright|Brian Taylor|Barbara Campbell|John Kim|Linda King,"5798 Oak Dr, Denver, CO 80201"
Collns Institutional Group,UBS Financial Services,,,Thomas White|Thomas Scott|Daniel Thompson|Timothy Edwards,"8430 Jefferson Dr, Los Angeles, CA 90001"
Hall Financil Group,Commonwealth Financial Network,,lhall@commonwealth.com,,
Mitchell Retirement Solutions Group,DA Davidson,"Mitchell, Emily",emily.mitchell@dadavidson.com,Emily Mitchell|Thomas Stewart|George Nelson|Karen Khan|@nthony Hall,"8472 Elm Ln, St. Louis, MO 63101"
White & Mitchell Partners,Ameriprise Financial Services,"White, Rachel",,,"9315 River Ln, Austin, TX 78701"
Johnson Financial Group,Morgan Stanley Wealth Management,,,Betty White|Megan Green,
Brown Wealth Managmnt,Northgate Investment,Tony Flres,,Anthony Flores|Thomas Torres|Richard Collins|Patricia Young|Brian Kim|Jason King,"3746 Hill Way, Houston, TX 77001"
Cruz Asset Management Group,Edward Jones,Kevin Baker,,,"1030 Elm Pl, Philadelphia, PA 19101"
Harris Institutional Group,National Planning,,,Jennifer Hill|Dorothy Cart3r|Emily Scott|Jessica Williams|Betty Edwards,
Kim Advisory Group,Raymond James Financial Services,,,,
Chen Financial Group,Woodbury Financial Services,Nncy Torres,ntorres@woodburyfs.com,,
Cruz Group,Meridian Private,"Cruz, Andrew",,,"2454 Cedar Court, San Francisco, CA 94101"
Jackson Asset Management Gr0up,Edward Jones,,,,"2219 Lincoln Ave, Seattle, WA 98101"
Kim Asset Management Group,Robert W.,"Kim, Ja5on",jason.kim@rwbaird.com,Jason Kim|Nancy White|Barbara Garcia|Joseph Johnson|Lisa Smith|Thom@s Collins,
Mitchell Group,Meridian Private,Thomas M1tchell,mitchellt@meridianpw.com,,
Collins Capital,Summit Peak Advisors,Susan Col1ins,,,"7347 Madison Way, Raleigh, NC 27601"
Wang Private Client Group,Robert W. Baird & Co.,,nelsond@rwbaird.com,David Nelson|Timothy Adams|Susan Campbell|Jacob Jackson,"3855 Jefferson Dr, Miami, FL 33101"
Morgan Family Wealth Group,Woodbury Financial Services,,,Margaret Morgan|Thomas Nguyen,"9577 Maple Pl, Phoenix, AZ 85001"
Adams Private Client Group,Morgan Stanley Wealth Management,,adamsl@morganstanley.com,Linda Adams|Steven Edwards|Susan Nguyen|Emily Parker|Nancy Patel|Jennifer Jckson|LindaJons,
Evans Advisory Group,UBS Financial Services,Patricia Evan5,patricia.evans@ubs.com,,
Stewart Wealth Partners,Robert W.,David Stewart,,,"8573 Oak Blvd, San Jose, CA 95101"
Flores Wealth Advisors,Cambridge Investment Research,Charles Flores,,,
Garcia Capital,Kingsbridge Capital Advisors,Patricia Garcia,,Patricia Garcia|Brian Edwards|Sarah Roberts|Margaret Morgan|Robert Wilsn|Donald Jackson,"2086 Hill Pl, Denver, CO 80201"
Khan Portfolio Group,Merrill Lynch Pierce Fenner & Smith,,sarah.khan@ml.com,,
Lee Wealth @dvisors,Edward Jones,,,James Lee|Megan Young,
Wright Wea1th Management Group,Merrill Lynch Pierce Fenner & Smith,,,,
Mitche1l Asset Management Group,Cambridge Investment Research,,,,"8187 Willow Court, Memphis, TN 38101"
Miller & Nguyen Partners,National Planning Holdings,,,,
Adams Investment Group,DA Davidson & Co.,,,,
Williams Investment Partners,Harborview Private Wealth,Tom Wiliams,,Thomas Willims|Robert Cruz|Ronald Martin|Betty Moore,
Liu & Associates,Wells Fargo Advisors,,,Linda Liu|Emily Yang|Andrew Millr,
Morris Tax & Wealth Group,Cetera Financial Group,Timothy Morris,,,
Thompso Portfolio Group,Oppenheimer & Co.,Richard Davis,rdavis@opco.com,,"1334 Maple St, Raleigh, NC 27601"
Diaz Portfolio Group,Woodbury Financial Services,"Allen, Linda",,Linda Allen,
Jackson & Parker Partners,Robert W. Baird & Co.,"Jackson, 3miy",,Emily Jackson|Susan oore|Steven Harris|Ashley Mitchel1|James Thompsn|Ashley Sm1th,
Baker Institutional Group,Janney Montgomery Scott,,,Robert Baker|Ashley Torres|Betty Patel|Rachel Anderson|Sandra Yang|Ronald Yang,
Morris Rtir3ment Solutions Goup,National Planning Holdings,,,,
Anderson Wealth,Highfield Asset Management,,,Patricia Anderson|Dorothy Parker,"2628 Lake St, Boston, MA 02101"
Davis Private Wealth,Summit Peak Advisors,,,Rchel Davis|Nancy John5on|James Gomez|Jessica Patel|Jason Zhang|Helen Adams|Margaet Garcia|Kevin Allen,
Wang Fin@ncial Group,Morgan Stanley Wealth Management,Ry@n Huang,,Ryan Huang|John Thomas|Paul Jones,"8909 Madison Pkwy, Philadelphia, PA 19101"
Lee & Assoctes,Clearwater Capital Group,,,,
Zhang Cap1tal Partners,Ridgeway Wealth Management,"Zhang, Megan",,Megan Zhang|Robert Johnson|Linda Thompson|Nancy Miller|Paul Patel,
Huang Financial Group,Stifel Nicolaus & Company,,,,"614 Hill Pkwy, New York, NY 10022"
Harris & Thoms Advisors,Meridian Private Wealth,Nancy Harris,,Nancy Harris|Timothy Hall|Kenneth Chen|James Stewart|Sarah Martin,"7610 Washington Ave, Indianapolis, IN 46201"
Green Asset Management Group,Hilliard Lyons,Barbara Green,,Barbara Green|Linda Allen|William Thompson|Christopher Hal|Barbara Torres|Mark Turner|William Martin,
Reyes Portfolio Group,Wells Fargo Advisors,Jason Reyes,,,
Chen Prvate Wealth,Meridian Private Wealth,,rachel.chen@meridianpw.com,,
Jackson Capital,Harborview Private Wealth,"Wang, Christopher",,Christopher Wang|Margaret Nelson|Karen Chen,
Thompson Wealth,Clearwater Capital Group,Ed Morris,,Edward Morris|Margaret Carter|Rachel Chen|Mark Robets|Patricia Parker,
Hill Institutional Group,Merrill Lynch Pierce Fenner & Smith,"Hill, Richard",rhill@ml.com,,"5180 Jefferson Ln, Austin, TX 78701"
Hill Wealth Management Group,Robert W.,,,Patricia Hill|Jennifer Zhang|Brian Wilsn|Rachel Green|Kenneth Wright|Sarah Kim|Daniel Joes,
Brown Wealth Partners,Commonwealth Financial Network,"Brown, aren",kbrown@commonwealth.com,Karen Brown|Rachel C@rter|Barbar@ Hall,"9491 Highland Court, Las Vegas, NV 89101"
Torres Wealth Partners,Raymond James Financial Services,"Nelon, Ronald",rnelson@raymondjames.com,Rnald Nelson|Ronald Carter|Karen Edwards|Megan Lee|Jessica Nelson|Steven Davis,"4619 Washington St, Houston, TX 77001"
White & Associates,Summit Peak Advisors,Timothy Davis,,Timthy Davis|Thomas Allen|Margaret Huang|Sandra Thomas,"8721 Hill St, Indianapolis, IN 46201"
Khan Retirement Solutions Group,Stifel Nicolaus & Company,,chris.khan@stifel.com,Christopher Khan|Ronald Thoma|Emil Lee|DonaldHarri|John Yang|David Miller,"1537 Lake St, San Diego, CA 92101"
Khan Asset Management,Parkside Wealth Strategies,,jkhan@parksidewealth.com,,"4406 Main Ln, Baltimore, MD 21201"
Roberts @sset Management Group,Hilliard Lyons,,,,
Roerts Asset Man@gement,Parkside Wealth Strategies,Ashley oberts,,Ashley Roberts|George Harris,
Hill As5et Management Group,Oppenheimer & Co.,1isa Hill,,Lisa Hill|Timothy Khan|Emily Scott|Timothy Liu|Jeffrey Mitchell|Sandra Parker,
Nelson Institutional Group,Robert W. Baird & Co.,,ed.adams@rwbaird.com,,"8847 Elm Pl, St. Louis, MO 63101"
Green Capial,Northgate Investment Partners,,,Sarah Taylor|Margaret Collins|Christopher Gomez|Edward Kim,
Wilso Asset Management Group,Securities America,,awilson@secam.com,Andrew Wilson|Dorothy Thomas|Sandra Baker|Emily Reyes|Megan 1i|Michel 9aria,"8705 Willow Ave, Boston, MA 02101"
Wilson & Associates,Clearwater Capital Group,,,,
Miller Tax & Wealth Group,Ameriprise Financial Services,Sandra ollin5,,,
Willims &Associates,LPL Financial,"Willias, Charles",,Charles Williams|Megan Jackson|Edward Scott,
Moore Walth Partners,UBS Financial Services,Susan Moore,,,"3190 Elm Ln, Kansas City, MO 64101"
Brown Institutional Group,Morgan Stanley Wealth Management,Don Brown,,Donald Brown|William Cruz|Paul Yang|Christopher 6rown|Sandra Hall|Kevin Wright,
Campbell Wealth Partners,Raymond James Financial Services,,,Margaret Baker|James Morris|Jeffrey Phillips|Anthny Stewart|Kenneth Harris,
Anderson Asset Manaement,Meridian Private Wealth,"Anderson, Donald",don.anderson@meridianpw.com,,
Nelson Financial Group,Woodbury Financial Services,Jim Nelson,jim.nelson@woodburyfs.com,,"1676 Highland Blvd, Baltimore, MD 21201"
Baker & Associates,Meridian Private Wealth,,kjones@meridianpw.com,,"3714 Madison Pl, Seattle, WA 98101"
Allen & Associates,Oppenheimer & Co.,Sarah Allen,,,"1848 Jefferson Ave, Dallas, TX 75201"
Roberts Grup,Summit Peak Advisors,Kenneth Morris,,,
Kim Institutional Group,Hilliard Lyons,,,Michael Kim|Michael Green|Christopher Baker|Amanda Zhang|Jeffrey Mitchell|Amanda Diaz,
Rivera Capital,Highfield Asset Management,Jennifer Rivera,jennifer.rivera@highfieldam.com,Jennifer Rivera|Emily Jones|Thomas Phillips|Megan Huang|Robert White|Ashley Wang|Joseph Edwards,"4818 Jefferson Way, Minneapolis, MN 55401"
Moore & Flores Group,Woodbury Financial Services,,moorej@woodburyfs.com,,
Garcia & Nelson Advisors,Summit Peak Advisors,Daniel Garcia,,,"1567 Washington Blvd, Indianapolis, IN 46201"
Thomas & Assciates,Clearwater Capital Group,Steve Thoms,,,
Gomez Wealth,Summit Peak Advisors,Margaret Gom3z,mgomez@summitpeakadv.com,,
Taylor Financial Group,Stifel Nicolaus & Company,,kwang@stifel.com,,
Mitchell Private Client Group,Edward Jones,Matthew Mitchel1,,Matthew Mitchell|Michael Parker|Daniel Liu|Andrew Evans,
Turner Investment Group,Cetera Financial Group,,,Anthony Turner|Andrew Hill|Karen Carter|Margart Davis,
Carter Institutional Group,Commonwealth Financial,Chris Carte,,,
Parker Family Office,Kingsbridge Capital,,,Ryan Parker|Jeffrey Thomas|Jennifer Davis|Dorothy King|Linda Jackson,
Jones Wealth Partners,Oppenheimer &,,rjones@opco.com,,"8532 Cedar Way, Austin, TX 78701"
Wang Investment Group,UBS Financial Services,,,,
Martin Institutional Group,Robert W. Baird & Co.,,,,
Baker Tax & Wealth Gou,Oppenheimer &,"Baker, Lisa",,,"9731 Willow Dr, Memphis, TN 38101"
Jones Wealth Patners,UBS Financial Services,,,Amanda Zhang|Patricia Williams|Nancy Flores|James Patel|Ryan Brown,"2458 Madison Rd, St. Louis, MO 63101"
White Private Clint Grup,Securities America,William White,,,"8073 Washington Pkwy, Houston, TX 77001"
Torres & Associates,Northgate Investment Partners,,,,"2534 Park Pkwy, Dallas, TX 75201"
Carter Wealth Partners,DA Davidson & Co.,Nancy King,,Nancy King|Jessica Nelson|Thomas Torres|Charles Cruz,"519 Madison Pkwy, San Francisco, CA 94101"
Parker Institutional Group,Securities America,Karen Nelson,,Karen Nelson|John Brown|Ashley Rivea|Keneth Hill|Sandra Hill|Christopher Brown|Amanda Adams,
Allen Family Wealth Group,DA Davidson,Megan Allen,,,
Johnson Wealth Advisors,Hilliard Lyons,William P@tel,,,
Jackson & LeePartners,Northgate Investment,"Jackson, Charles",,,"2438 Jefferson Blvd, San Jose, CA 95101"
Thompson & Anderson Partners,Crestwood Family Office,"Thompson, Edward",,Edward Thomp5on|Margaret Hill|Richard Williams|Lisa Miller|Kenneth Phillips,
Nguyen Wealth,Crestwood Family Office,Ashl3y Kim,ashley.kim@crestwoodfo.com,,
Martin Portfolio Group,LPL Financial,,,Thomas Roberts|Edward Wang|Amanda Torres|Daid Campbell|Sandra Evans,
Parker Wealth Partners,Merrill Lynch Pierce Fenner & Smith,,bdavis@ml.com,Brian Davis|Donald Huang|Richard Mitchell|Jeffrey Thomas|Eward Young,"4574 Highland Court, New York, NY 10022"
Floes P0rtfolio Gr0up,Robert W. Baird & Co.,Steven Gomez,,Steven Gomez|Megan Patel|Donald Turner|Amanda Crter|James Garcia,"1216 Elm Dr, Minneapolis, MN 55401"
iu Capital,Northgate Investment Partners,,,Paul Parker|Christopher Kim,
J0hnson Wealth Management 9roup,Hilliard Lyons,,,,
Turner Financial Partners,Clearwater Capital,,,,
Baker Investment Grup,Woodbury Financial Services,Sandra Baker,,Sandra Baker|John Y@ng|Donald Miller|George Morgan|Dorothy Hall|Kevin King,"672 Cedar Blvd, Miami, FL 33101"
Edwards Family Wealth Group,DA Davidson,Mega Young,megan.young@dadavidson.com,Megan Young|Ryan Stewart|David Nelson|Nancy Huang|Jennifer Chen|Anthony Lee|Ran Anderson|James Mitchell|Linda Kim,"325 Main Ave, New York, NY 10001"
Campbell Advisory Group,Janney Montgomery Scott,,tom.jackson@janney.com,,"4313 Market Way, Philadelphia, PA 19101"
Allen Family Office,Crestwood Family Office,,,Linda Allen|Helen Adams|James Wilson|Patr1cia Moore|Jessica Anderson|Robert Zhang|Steve Brown,
Harri Institutional roup,UBS Financial Services,Amanda Harrs,,Amana Harris|Emily Diaz|Joseph Anderson|Anthony Taylor|Joseph Nguyen|George Cruz|James Johnson,"8614 Highland Dr, New York, NY 10001"
Huang Family Wealth Group,Hilliard Lyons,Megan Huang,,,"3617 Hill Ave, Phoenix, AZ 85001"
Adams Asset M@nagement Group,LPL Financial,,adamst@lpl.com,,"2724 Elm St, Austin, TX 78701"
Nelson Portfolio Group,Wells Fargo,,,George Lee|Anthony Taylor|Betty Adams|Brian Harris|George Evans,
Davis Private Client Group,Cambridge Investment Research,,,George Allen,
Thomas Wealth Advisors,Wells Fargo Advisors,,,Jennifer Thomas|Jacob Johnson|Christopher Tayl0r,"6604 Hill Blvd, Boston, MA 02101"
Roberts Wealth Partners,UBS Financial,Amanda Roberts,aroberts@ubs.com,Amanda Roberts|Andrew Cruz,
Patel Advis0ry Group,Morgan Stanley Wealth Management,,,Robert Evans|George Wright|Paul Huang,
Brown Advisory Group,Commonwealth Financial Network,"Brown, Ashley",,Ashley Brown|Michael Reyes|James Cater|Brian Reyes|Mark Johnson,
Hill Investment Partners,Kingsbridge Capital Advisors,"Hill, Ashey",hilla@kingsbridgecap.com,,"4918 Oak Pl, Miami, FL 33101"
Hall Tax & ealth Group,Morgan Stanley Wealth Management,,,David Ha11|Donald Kim|Jason Wilso|Helen Anderson|Emily Johnson,"2777 Washington Way, San Francisco, CA 94101"
Carter Tax & Wealth Group,Wells Fargo Advisors,"Allen, Anthony",,,
YangAdvisory Group,Morgan Stanley Wealth Management,,,Sandra Yang|Robert Torres|John Anderson|Kenneth Williams|Betty King|William Jones,
Turner Group,Ridgeway Wealth,,jchen@ridgewaywm.com,Jason Chen|Michael Parker|Betty Thompson|Jessica Scott|Ashley Roberts|David Chen,
Carter Ass3 Management Group,Cetera Financial Group,Barbara Crter,,,
Allen Wealth Advisors,Janney Montgomery Scott,Kevin Allen,kev.allen@janney.com,K3vin Allen|Jos3ph Miller,"1414 Highland Court, San Antonio, TX 78201"
Lee Private Wealth,Northgate Investment Partners,,hevans@northgateinv.com,Helen Evans|Rachel Huang,"6766 Lincoln Way, Seattle, WA 98101"
Thompsn Portfolio Group,Oppenheimer & Co.,,,Thomas Thompson|Charles Patel|Richard dams|Sandra Allen|Jennifer Jones|Patricia Huang,
KhanWealth Management Group,Ameriprise Financial Services,,,Ryan Khan|Timothy Scott,"2212 Elm Dr, Portland, OR 97201"
Adams Capital Partners,Meridian Private Wealth,Chris Adams,,,"2327 Park Blvd, San Jose, CA 95101"
Roberts Wealth Advisors,Robert W. Baird & Co.,Susn Morris,,,"7870 Lake Pl, Minneapolis, MN 55401"
Wright Group,Kingsbridge Capital Advisors,Jason Wright,,Jason Wright|John Yang|Amanda Harris|Emily Rivera,
Green Advisoy Group,DA Davidson & Co.,,,Andrew Huang|Thomas Cruz|Rachel Carter|Susan Anderson|Mark Taylor,
Rey3s Private Client Group,Stifel Nicolaus & Company,,,,
Harris Capital Group,Raymond James Financial Services,,diazt@raymondjames.com,Thomas Diaz|Kevin Taylor|Michael Zhang|Sandra Thomas|John Johnson|Karen Hill,
Morgan Wealth M@nagement Group,Stifel Nicolaus & Company,,,Edward Thomas|Ronald Wright|Daniel Huang|Margaret Jackson|Edward Adams,"2011 Elm Ave, San Diego, CA 92101"
Liu Advisory Group,Cetera Financial,Dan Liu,,,"3294 Jefferson St, Austin, TX 78701"
Allen Advisors,Highfield Asset Management,,brian.allen@highfieldam.com,Brian Allen|Dorothy Wright,"4538 River Blvd, Boston, MA 02101"
Marti Wealth Partners,Robert W.,Brian Huang,,,
Allen & Baker Group,Securities America,Timothy Allen,,Timothy Allen|William Taylor|Amanda Davis|Joseph Wang,
Morris Fiancial Group,Cetera Financial Group,Paul Morris,,,"2944 Hill Ln, Portland, OR 97201"
Wang Portfolio Group,Edward Jones,"Jackson, Karen",,Kren Jackson|Joseph Torres|Donald Zhang|James rown|Dorothy King|Joseph Martin|Brian Allen,"8755 Commerce Pl, Portland, OR 97201"
Jones Private Client Grou,Hilliard Lyons,L1sa Baker,,Lisa Baker|Edward Yang|Donald Brown|Donald Martin|Sandra Roberts,"8767 Hill Way, San Antonio, TX 78201"
Lee Tax & Wealth Group,Oppenheimer &,,sevans@opco.com,Sarah Evns|Thomas Wilson,
Wilsn Wealth Partners,Cambridge Investment Research,,,,"6727 Lake Way, Dallas, TX 75201"
Stewart Famiy Wealth Group,Cetera Financial Group,,,,"9772 Cedar St, Charlotte, NC 28201"
Khan & Associates,Summit Peak Advisors,Charles Khan,khanc@summitpeakadv.com,,"1146 Commerce Pkwy, Denver, CO 80201"
Miller T@x & Wealth Group,Morgan Stanley,,,,"2798 Main Blvd, San Jose, CA 95101"
Morris Partners,Parkside Wealth Strategies,,,,
Liu Private Wealth Group,Securities America,,syang@secam.com,,
Nguyen Portfolio Group,DA Davidson,,,Ryan Nguyen|Brian Jones,"7516 Hill Blvd, Denver, CO 80201"
Thompson & Williams Advisors,Janney Montgomery,Davd Thompson,,,
Parker Financial Group,Ameriprise Financial,Sarah Parker,,Srah Parker|Mark Johnson|Jennifer King|Linda Baker|Emily Baker|George Le3,
Mitchel Retirement Solutions Group,Woodbury Financial Services,Brian Mitchell,,,"3523 Jefferson Ln, Charlotte, NC 28201"
Thompson Famly Wealth Group,Edward Jones,"White, Jennifer",,Jennifer White|Emily Brown|Brian Gomez,
Stewart Partners,Summit Peak Advisors,,,,
Nelson Tax & Wealth Group,Janney Montgomery Scott,,nelsone@janney.com,Edward Nelson|David Brown|David Rivera,
Nguyen Investment Group,Janney Montgomery Scott,,,,
Turner Advisory Group,Hilliard Lyons,"Turner, Mean",,Megan Turner|Brian Harris|Patricia Morgan|Dorothy Morris,
Wright Partners,Crestwood Family Office,,,,
Khan Group,Summit Peak Advisors,,,,"5877 Elm Pl, Kansas City, MO 64101"
Flores Capital Partners,Clearwater Capital Group,,,,
Wang Capital,Northgate Investment,Kevin Wang,,,"4585 Madison Pl, Washington, DC 20001"
Kim Wealth Manag3ment,Ridgeway Wealth Management,Charles Carter,,Charles Carter|Paul Williams|Michael Carter|Jason Yang|Kevin Rivera,"964 Oak Dr, Houston, TX 77001"
Garcia Capital Group,Robert W. Baird & Co.,,,,
Collins @dvisory Group,Oppenheimer & Co.,,,,
Johnson 1nvestment Partners,Crestwood Family Office,Chris Johnson,chris.johnson@crestwoodfo.com,,"1075 Willow Blvd, Denver, CO 80201"
Phillip5 Financil Group,Merrill Lynch Pierce Fenner & Smith,Sarah King,,Sarah King|Brian Nguyen,
Parker Advisors,Highfield Asset Management,Matthew Parker,,,
Brown Asset Management,Ridgeway Wealth Management,Tom Zhang,,,"6222 River Ave, Dallas, TX 75201"
Cru Partners,Ridgeway Wealth Management,,,atricia Lee|Michael Reyes|Christopher Cruz|William Williams|Rache Harris|Margaret Hall,
Kim Family Office,Crestwood Family Office,,,,
Liu & Associates,Oppenheimer & Co.,"Liu, Amanda",,Amanda Liu|Steven Thomas|Lisa Morgan|Jeffrey Reyes|Joseph Miller|Michael Wilson|Nancy Evans,
King Capital Group,Edward Jones,,,Emily King|Matthew Edwards|Donald Thomas|Kenneth Edwards,"3465 Oak Court, San Antonio, TX 78201"
Jackson Private Wealth,Kingsbridge Capital Advisors,"ackson, D@vid",,,
Martin We@lth Management Group,Raymond James Financial Services,,,,
Allen Asset Management,Clearwater Capital Group,"Allen, Kenneth",,Kenneth Allen|Andrew Carter|Donald Stewart|Steven Parker|Thomas Nelson,"7923 Washington Ave, Indianapolis, IN 46201"
Nelson Advisors,Harborview Private Wealth,Rachel Nelson,,,"993 River St, Phoenix, AZ 85001"
White Family Wealth Group,UBS Financial Services,"White, Christopher",,,
Mtchell Wealth Partners,Securities America,,,Daniel Mitchell|George Liu|Timothy Gomez|Kenneth Chen|Megan Scott|David Nguyen,
WrightWealth Management,Ridgeway Wealth Management,,,,"9641 Hill Pl, Los Angeles, CA 90001"
Smith Wealth Maagement Group,Stifel Nicolaus,Rahel Smith,,,
Wright Wealth Partner,Securities America,Don Anderson,,Donald Anderson|Ryan Hall|Megan Cruz|Lisa Morris|Robert Davis,"8188 Main Ave, Portland, OR 97201"
Allen Family Office,Highfield Asset Management,,,Edward Allen|Jennifer Yang|Robert Stewart|Thomas Wang|Babara Edwards|John Brown|Ronald Allen,"7496 Lake Ln, New York, NY 10022"
Nelson Capital Partners,Ridgeway Wealth Management,Bill Nelson,bill.nelson@ridgewaywm.com,,
Stewart Financial Group,Janney Montgomery Scott,Jim Stewart,jstewart@janney.com,,
Daz Investm3nt Group,Hilliard Lyons,,,,
Campbell Tax & Wealth Group,Cetera Financial Group,,betty.edwards@cetera.com,,
Cruz Asset Management Group,Hilliard Lyons,"Collins, Margaret",margaret.collins@hl.com,,"1426 Madison Ln, Boston, MA 02101"
Smth Capital Group,Cetera Financial Group,Kevin Smith,kev.smith@cetera.com,,
WilsonWealthPartners,Edward Jones,,,,
Yang Wealth Management,Harborview Private Wealth,S@ndra Yang,,Sandra Yang|Nancy Gomez|Linda Carter|Kenneth Campbell|Patricia Roberts|Ryan Lee|B@rbara Turner,
Stewart & Gomez Partners,Woodbury Financial,,,Margaret Stewart|Linda Turner|Mich@el Martin,
Nguyen Wealth Management,Harborview Private Wealth,"Adams, Betty",,Betty Adams|Donald Smith|Jessica Kim|James Torres,"3101 Willow Pkwy, Phoenix, AZ 85001"
Wang Family Wealth Group,DA Davidson,,,Rachel Wang|Ryan Phillips,"263 Commerce Ln, Chicago, IL 60601"
Lee Wealth Avisors,Merrill Lynch,,,Emily L3e|George Scott|Mark Khan|N@ncy Smith,"7067 Jefferson St, San Antonio, TX 78201"
Anderson Advisory Gr0up,Cetera Financial Group,,,,
Hill Portfolio 9roup,Ameriprise Financial Services,Rachel Baker,,,"4840 Market Rd, Phoenix, AZ 85001"
Williams Adviory Group,Morgan Stanley Wealth Management,"Williams, Timothy",,,"2710 Park St, Seattle, WA 98101"
Allen Group,Harborview Private Wealth,,,,"6341 Spring Blvd, Philadelphia, PA 19101"
Rivera Family Wealth Group,Wells Fargo Advisors,,,,
Jones Wealth Advisors,Raymond James Financial Services,George Jones,,,"5586 Maple Ave, Philadelphia, PA 19101"
Johnson Private Client Group,Commonwealth Financial Network,,,Helen Miler|Betty Diaz|Jaso Evans,
Anderson Wealth Advisors,Janney Montgomery Scott,Patricia Anderson,,,"1306 Lake Blvd, Memphis, TN 38101"
Hall Portfolio Group,Edward Jones,Ed Hall,,Edwad Hall|Mark Hall,
Scott Institutional Group,Hilliard Lyons,,,Anthony Scott|Jeffrey Wright|Thomas Zhang|Ronald Adams,
Fores Capital Partners,Harborview Private Wealth,,,,
Hill Private Wealth,Harborview Private,Jennifer Roberts,,Jennifer Roberts|Lisa Tay1or|Barbara Harris,"2586 River Court, Dallas, TX 75201"
Jones Capital Group,Morgan Stanley Wealth Management,,,,"2079 Jefferson Way, San Diego, CA 92101"
Adams Asset Management Group,Cetera Financial Group,,,,"5775 Market Blvd, Houston, TX 77001"
Liu & Hill Group,Clearwater Capital Group,,,,"9319 Highland Rd, Dallas, TX 75201"
Nelson C@pital Partners,Meridian Private Wealth,,,,
Johnson Financial P@rtners,Kingsbridge Capital Advisors,Helen Hall,helen.hall@kingsbridgecap.com,,"656 Maple Pl, Atlanta, GA 30301"
Kim Financial Partnrs,Northgate Investment Partners,,,,
Moore Institutional Group,Janney Montgomery,,,,
Williams Tax & Wealth Group,Commonwealth Financial,Jessica Williams,,,"7281 Main Blvd, Houston, TX 77001"
Jones Investment Group,Securities America,"Jones, Richard",,Richard Jones|ark Adams|Christopher Johnson|atthew Diaz|Ashley White,"286 Madison Ln, Raleigh, NC 27601"
Martin Wealth Advisors,Janney Montgomery Scott,,,,"3766 Lincoln Pl, Portland, OR 97201"
Turner & King Adv1ors,Wells Fargo Advisors,Rachel Turner,rturner@wellsfargoadv.com,,
Hill Retirement Solutions Group,Oppenheimer & Co.,Steve Hill,,,
Collins & Associates,Crestwood Family Office,Dn Collins,,,
Khan Investment Group,Raymond James Financial Services,Rachel Kan,,Rachel Khan|Jacob Rivera,
Smith Retirement Solutions Group,UBS Financial Services,,,Kenneth Smith|Megan Patel|Dorothy Morgan|Jason Smith,"1584 River Ln, Raleigh, NC 27601"
Jones Tax & Wea1th Group,UBS Financial Services,,bhall@ubs.com,,
Hall Wealth Partners,Janney Montgomery,"H@ll, Jason",,,"4097 Lincoln Pkwy, Boston, MA 02101"
Nguyen Financial Group,Oppenheimer & Co.,,,,"1208 Lake Blvd, Denver, CO 80201"
Mitchell In5titutional Group,Raymond James Financial Services,,,George Mitchell|David Yang,"4247 Washington Pl, Memphis, TN 38101"
Williams Advisory Group,National Planning,,,,
King Wealth Mana9ement,Clearwater Capital Group,,kingd@clearwatercap.com,Daniel King|Donald Carter|Jessica Collins,"7447 Oak Dr, Las Vegas, NV 89101"
Flores Financial Group,Ameriprise Financial Services,Ed Flores,,,
Chen Wealth Partners,Edward Jones,,,,
Johnson Asset Management,Kingsbridge Capital,,khanj@kingsbridgecap.com,James han|Kevin Evans|Edward Lee|Ashley Collins|James Anderson|Margaret Kim|Robert Evans,
Nguyen Advisory Group,DA Davidson & Co.,Ryan Nguyen,,Ryan Nguyen|Helen Garcia|Helen King|Joseph White,"8452 Main Way, Phoenix, AZ 85001"
Jones Retirement Solutions Group,Stifel Nicolaus & Company,,torresr@stifel.com,,"7798 Madison St, Denver, CO 80201"
Carter Asset Management,Summit Peak Advisors,George Carter,george.carter@summitpeakadv.com,George Carter|Susan Adams|Srah Khan,
Williams Capital Group,Ameriprise Financial,"Williams, Paul",,,
Adams Financial Group,Morgan Stanley Wealth Management,,adamsn@morganstanley.com,,
Nguyen PrivateWealth,Ridgeway Wealth Management,,,Donald Parker|Andrew Roberts|Margaret Baker|Karen Miller|Kevin Nguyen|6arbara King,
Allen Private Wealth,Harborview Private,,jallen@harborviewpw.com,,"3849 Willow Blvd, San Francisco, CA 94101"
Baker Advi5ors,Crestwood Family Office,Sndra Baker,,Sandra Baker|Andrew Stewart|Margaret Hall|Robert Diaz|Karen Brown,
Morris Asset Management,Ridgeway Wealth Management,,mmorris@ridgewaywm.com,Margaret Morris|William Huang|Rachel Wite,
King Fmily Wealth Group,Robert W. Baird & Co.,Sandra King,,,
Harris Retiremnt Soluti0ns Group,Edward Jones,,ron.harris@edwardjones.com,,"3484 Highland Pkwy, Raleigh, NC 27601"
Brown Capital Group,Oppenheimer & Co.,Ashley Brown,,Ashley Brown|Thomas Hill|Matthew Mitchell|Jessica Smith|Kevin Thomas|Christopher Thompson|Edward Stewart,
Nelson Wealth,Meridian Private Wealth,Ch@rles Nelson,,,"6285 Market Ln, Chicago, IL 60601"
Yang Advisors,Summit Peak Advisors,Megan Turner,turnerm@summitpeakadv.com,,"7790 Park Court, New York, NY 10001"
Flores Asset Management,Harborview Private Wealth,,floresd@harborviewpw.com,,
Patel & Associates,Merrill Lynch Pierce Fenner & Smith,,,Jacob Patel|James Huang|Ryan Zhang|Betty Anderson|Lisa Harris|Edward Gomez|Steven Huang,"2978 Lake Blvd, St. Louis, MO 63101"
Wang Asset Management,Crestwood Family Office,,,,"6006 Spring Pl, San Diego, CA 92101"
Liu Advisory Group,Morgan Stanley Wealth Management,Barbara Morgan,,,
Parker Wealth Partners,Edward Jones,,betty.hill@edwardjones.com,,"248 Jefferson Pkwy, Dallas, TX 75201"
Garcia Advisors,Kingsbridge Capital,,tgarcia@kingsbridgecap.com,,
Turner Advisory Group,DA Davidson & Co.,,,,
Zhang Wealth Advisors,Stifel Nicolaus,,,John Zhang|Betty Yang|Charles Rivera,
Rivera Retirement 5olutions Group,Woodbury Financial,,,,
Edwards Private Wealth Group,UBS Financial Services,,,Timothy Edwards|Susan Thompson|Karen Chen,
Jones Wealth Partners,Oppenheimer & Co.,,,Linda Reyes|Charles Taylor|Emily Scott|Richard Turner,
Allen Wealth Partners,Morgan Stanley Wealth Management,Barbara Allen,,,
Flores Portfolio Group,Morgan Stanley Wealth Management,Andrew Flores,,,"388 Cedar Way, Memphis, TN 38101"
Jones W3alth Management Group,Janney Montgomery Scott,,garciap@janney.com,Paul Garcia|P@tricia Huang|Jacob Zhang,"6922 Commerce Court, Charlotte, NC 28201"
Scott Wealth Management Group,Merrill Lynch Pierce Fenner & Smith,,,,
Kim Wealth Management Group,Merrill Lynch Pierce Fenner & Smith,,bkim@ml.com,Brian Kim|Christopher Harris,
Johnson Private Wealth,Ridgeway Wealth Management,,gjohnson@ridgewaywm.com,,
D@vis F1nancial Group,Edward Jones,"Davis, Jacob",davisj@edwardjones.com,Jacob Davis|Steven Stewart|William Taylor|Em1ly Wang,
Edwards & Liu Advisors,Summit Peak Advisors,"Edwards, Helen",,,
Anderson Wealth Management Group,Hilliard Lyons,Kevin Mitchell,,,
Williams Retirement Solutions Group,LPL Financial,Jennifer Williams,,,"5467 Oak Way, Raleigh, NC 27601"
Morris Investment Group,Stifel Nicolaus & Company,Dorothy Thomas,,,"6086 Washington Way, New York, NY 10022"
Wang Tax & Wealth Group,UBS Financial Services,Ryan Wang,ryan.wang@ubs.com,,
White Wealth Management Group,Morgan Stanley Wealth Management,,margaret.huang@morganstanley.com,Margaret Huang|Brin Harris|Thomas Gomez|Brin Williams|Barbara King|David Miller,
Wright & Wang Group,Summit Peak Advisors,,wrightj@summitpeakadv.com,,"4562 Market Way, St. Louis, MO 63101"
NelsonCapital Partners,Parkside Wealth Strategies,"Nelson, Anthony",,Anthony N3lson|Andrew Martin|Patricia Roberts|Ronald White,"2891 Oak Pkwy, Chicago, IL 60601"
Edwards Private Wealth Group,National Planning Holdings,,,Richard Edwards|John Thomas,"7827 Commerce Rd, Chicago, IL 60601"
Scot Family Office,Harborview Private,,,,
Nguyen Asset Management Group,Robert W. Baird & Co.,,,,
Miller Wealth Advisors,Morgan Stanley Wealth Management,Joe Wilson,,,"125 Madison Court, Philadelphia, PA 19101"
Allen Advisory Group,Janney Montgomery Scott,Kev M1tch3ll,,Kevin Mitchell|Jacob Collins|Amanda Evans|Michael Liu,
Adams Capital Group,Oppenheimer & Co.,,,,
King Investment Group,Merrill Lynch Pierce Fenner & Smith,Dorthy King,,,"4386 Highland Ave, Miami, FL 33101"
White Private Client Group,Woodbury Financial,,,,"3707 Park Pkwy, New York, NY 10001"
Wi1liams Asset Management,Highfield Asset Management,"Wright, Charles",,,"8903 Park Blvd, Austin, TX 78701"
Hall Retirement Solutions Group,Woodbury Financial,Megan Hall,,,
W1lliams Investment Partners,Meridian Private Wealth,,williamsd@meridianpw.com,,"9741 Oak Pkwy, Las Vegas, NV 89101"
Baker Financial Grop,Oppenheimer & Co.,,dtaylor@opco.com,,
Martin P@rners,Northgate Investment Partners,Ed Martin,,Edward artin|Rachel Miller|Michael Campbell|Jeffrey Johnson|Andrew Khan|Joseph Collins|Edward Hall,
Green Wealth Management,Highfield Asset Management,Sarah Green,,Sarah Green|Christopher Khan|Richard Yang|Edward Rivera|George Patel|Barbara Nelson|George Nelson,"4653 Park St, Portland, OR 97201"
Cruz Group,Summit Peak,"Cruz, William",bill.cruz@summitpeakadv.com,,
Mitchell Retirement Solutions Group,UBS Financial,Steve Michell,,Steven Mitchell|Charles Nguyen,
Edwards Investment Group,Oppenheimer &,,wadams@opco.com,,"9098 Maple Court, Miami, FL 33101"
Taylor Wealth Partners,Hilliard Lyons,Rachel Garcia,,,
Reyes Family Wealth Group,Janney Montgomery Scott,,,,"5796 Highland Pl, Baltimore, MD 21201"
Jackson Capital Partners,Harborview Private Wealth,Paul Jackson,,Paul Jackson|Betty Hall|John Hall|Joseph Green|Ryan Evans|Steven Martin,"6921 Cedar Court, Philadelphia, PA 19101"
Kim Retrement Solutions Group,Securities America,Sarah Torres,,,
Reyes Asset Management Grou,Wells Fargo Advisors,"Y@ng, Ronald",,,
Yang & Edwards Partners,Cambridge Investment Research,9eorge Yang,,,
Davis Private Client Group,Raymond James,,kdavis@raymondjames.com,Karen Davis|P@ul Adams|Jason Torres|Barbara Yang,
Chen Asset Man@gement,Clearwater Capital Group,Dorothy Chen,,Dorothy Chen|Sarah Thomas|Rachel Stewart|Ronald Moore|Lisa Diaz|Timothy Gomez|Michael Patel,
Khan Fiancial Group,Cetera Financial Group,Ronald Khan,ron.khan@cetera.com,,
Brown Tax & Wealth Group,Morgan Stanley Wealth Management,"Brown, Steven",,,"2685 Lincoln St, Austin, TX 78701"
Cruz Asset Management Group,Wells Fargo Advisors,,mcruz@wellsfargoadv.com,Margaret Cruz|Ashley Davis,
Roberts Famly Wealth Group,Raymond James Financial Services,Brian Flores,,,
Roberts Family Wealth 9roup,Ameriprise Financial Services,Chris Roberts,,,"485 River Dr, Atlanta, GA 30301"
cott Wealth Partners,Raymond James Financial Services,,,,"4139 Lincoln Dr, Los Angeles, CA 90001"
Brown Retirement Solutions Grou,Oppenheimer & Co.,,,Amanda Chen|Robert Cruz|Anthony Green|Betty Edwards|Richard King|Timothy Patel|Lisa Collins,"4732 Jefferson Court, Charlotte, NC 28201"
Williams & Associates,Harborview Private Wealth,,,Lisa Williams|Amanda Huang|Patricia White|David Huang|Thomas Moore|Jacob Cruz|Michael Lee|Mark White|atthew Miller|James Jnes,"3127 Maple Dr, Charlotte, NC 28201"
Green F@mily Office,Clearwater Capital Group,,,,"7293 Lincoln Pl, Indianapolis, IN 46201"
Anderson Investment Partners,Crestwood Family Office,,morrisp@crestwoodfo.com,Patricia Morris|Mark Edwards|Christopher Rivera|Dorothy Lee,
Wang Wealth,Crestwood Family Office,,,Sandra Wang|Donald Campbell,
Adams Advisory Group,UBS Financial,,adamsj@ubs.com,,"3160 Lake Ln, Chicago, IL 60601"
Wilson Family Office,Clearwater Capital Group,,,,"1905 Cedar St, San Jose, CA 95101"
Liu Private Client Group,Securities America,Linda Liu,,Linda Liu|Edward Gomez|Rachel Chen|Ronald Mitchell,"4473 Maple Blvd, Dallas, TX 75201"
Diaz Investment Group,National Planning Holdings,,,,
Scott Private Weath Group,Oppenheimer & Co.,,,,
Gmez Capital Group,Cambridge Investment,,,,
King Investment Group,DA Davidson & Co.,Bill King,,,"7170 Spring Dr, Raleigh, NC 27601"
Adams Wealth Management Group,Robert W. Baird & Co.,,,Jacob @dams|Richard Taylor|Rachel Reyes|Ashley Jones|Amanda Carter|Jessica Thompson|Robert Mrgan,
Phillip & Associates,Clearwater Capital Group,"Phillips, Helen",hphillips@clearwatercap.com,Helen Phillips|Jason 1ee|Jason Liu|Joseph Khan|Thomas Yag|Betty Rivera|Kenneth Torres|Ashley Huang|Rachel Patel|Thomas Diaz,"4213 Jefferson Rd, San Antonio, TX 78201"
Harris Partners,Northgate Investment Partners,,,,
Thomas Advisoy Group,Robert W.,John Thomas,,,"4730 Main Pl, Atlanta, GA 30301"
Reyes & Associates,Kingsbridge Capital Advisors,,,Susan Reyes|William Miller|Margaret Edwards,"7179 Oak Blvd, Minneapolis, MN 55401"
Allen Asset Management Group,Cetera Financial,Margaret Phillips,,Mararet Phillips|andra Adams|Sandra Morgan|Steven Moore|Amanda Nelson|Charles Wang,"461 Elm Ave, Portland, OR 97201"
Moore Family Wealth Group,Cambridge Investment Research,Joe M0ore,,Joseph Moore|Michael elson|Paul Evans,
Patel Retirement Solutions Group,Cambridge Investment Research,,andersonj@cambridgeinv.com,,"4416 Spring Pkwy, Washington, DC 20001"
White Private Wealth Group,Morgan Stanley,,lisa.miller@morganstanley.com,,"4355 Madison Pl, Kansas City, MO 64101"
Roberts Portfolio Group,Morgan Stanley Wealth Management,,,,"5758 Oak Rd, Boston, MA 02101"
Nguyen Investment Group,UBS Financial Services,,,Susan Nguyen|Jacob Wilson|Mark Johnson|Anthony Torres|Thomas Zhang,
Thompson Tax & Weath Group,Commonwealth Financial Network,,,,"9153 Commerce Ln, St. Louis, MO 63101"
Torres Financial Partner5,Meridian Private,,,Timothy Patel|Ryan Scott,"6048 Hill Pl, Seattle, WA 98101"
King & Associates,Morgan Stanley,Ron King,,Ronald King|Susan White,"8357 Lake Rd, Philadelphia, PA 19101"
Turner Rtirement Solutions Group,Hilliard Lyons,,,James Smith|Emily Mitchell|Barbara Davis|Rachel Anderon,"4675 Elm Way, Miami, FL 33101"
Evans Asset Management Group,Morgan Stanley Wealth Management,Sandra Evans,,,
Garcia Private Client Group,Securities America,"Garcia, Donald",,Donald Garcia|Jessica Jackson,
Phillips Family Wealth Group,Woodbury Financial,,ashley.zhang@woodburyfs.com,Ashley Zhang,"5742 Commerce Court, San Jose, CA 95101"
Yang Asset Management,Summit Peak Advisors,Jeff Yang,jeff.yang@summitpeakadv.com,Jeffrey Yang|Margaret Wilson|Barbara Hall|Edward Huang,"390 Jefferson Way, Los Angeles, CA 90001"
Torres Private Wea1th Group,National Planning,,,,"390 Lincoln Pkwy, Houston, TX 77001"
Young Group,Clearwater Capital Group,,,Brian Young|Donald Stewart|Ronald Davis,"4142 Maple St, Las Vegas, NV 89101"
9reen & Associats,Clearwater Capital Group,Kenn3th Morris,,Kenneth Morris|Jeffey Martin|Patricia Baker|Brian Turner|Nancy Davis|Matthew Yang,
Kim & Associates,UBS Financial,,,,
Andeson Asset Management Group,Ameriprise Financial Services,Barbara Phillips,,Barbara Phillips|Patricia Patel|Amanda Morris|Jeffrey Kim|Andrew Moore|Linda Diaz|David King,"392 Maple Court, Minneapolis, MN 55401"
Jackson Portfolio Group,Raymond James Financial Services,,knelson@raymondjames.com,Kenneth Nelson|Patricia Adams|Jacob Anderson,"3802 Elm Blvd, Las Vegas, NV 89101"
Martin Capital Group,Ameriprise Financial Services,,,Dorothy Martin|George Khan,"7405 Spring St, Baltimore, MD 21201"
Liu Capital Group,Cambridge Investment Research,,sgreen@cambridgeinv.com,,"3158 Cedar Rd, Los Angeles, CA 90001"
Collins Financial Partner5,Clearwater Capital Group,Betty Collins,,,"8852 Highland Court, Seattle, WA 98101"
Nelson Private Wealth,Ridgeway Wealth Management,R1ck Scott,rick.scott@ridgewaywm.com,,"9731 Highland Dr, Raleigh, NC 27601"
Cruz & Evans Advisors,Clearwater Capital Group,Don Cruz,,,
F1ores Family Wealth Group,National Planning Holdings,Ashley Carter,cartera@nph.com,Ashley arter|Timothy Zhang,"7392 Jefferson Court, Memphis, TN 38101"
P@tel Asset Management Group,National Planning Holdings,Susan Patel,patels@nph.com,,"3626 Madison Ave, Atlanta, GA 30301"
Davis Group,Harborview Private Wealth,,,William Davis|Jennifer Turner|Michael Garcia|Amanda Thompson|Dorothy Jackson|Linda Hall|Emily Green,
Cruz Advisory Group,Raymond James Financial Services,,,Betty Cruz|Amanda Liu|Linda Cruz|Dorothy Roberts|David Collins|Patricia Carte,"8376 Lincoln Pl, St. Louis, MO 63101"
Moore Financial Partner,Kingsbridge Capital Advisors,Patrica Johnson,,,
Stewart Wealth Partners,Morgan Stanley Wealth Management,Rick Stewart,,Richard Stewart|Daniel King|David King|Linda King|Rachel Wright,
Huang Portfolio Group,Wells Fargo,,,,"800 Lincoln Way, Washington, DC 20001"
Yang Capital,Harborview Private Wealth,J0e Wang,jwang@harborviewpw.com,,"4571 Washington Way, Phoenix, AZ 85001"
Thomas Retirement Solutions Group,Janney Montgomery Scott,,,Susan Thom@s|Charles Stewart|Jennifer Jones|Daniel Diaz|Anthony Huang,
Jackson Financial Partners,Parkside Wealth Strategies,Tim Jackson,,,
Wright Asset Management,Summit Peak Advisors,Jacob Wright,,,
Adams Group,Kingsbridge Capital,,adamsr@kingsbridgecap.com,Rachel Adams|Kevin Yang,
Anderson Asset Maagement,Ridgeway Wealth Management,,,Jessica Pael|egan Williams|Patr1cia Chen|Steven Hill|Betty Liu|Timothy Fl0res|George Thompson,"588 Madison Ave, Minneapolis, MN 55401"
Hall Retirement Solutions Group,Woodbury Financial Services,Ryan Hall,,,
Rivera Institutional Group,DA Davidson & Co.,Sandra Rivera,,Sandra Rivera|Nancy Kim|Emily Torres,"4113 Oak Dr, Minneapolis, MN 55401"
Liu Private Wealth,Harborview Private Wealth,"Liu, Charle",,Charles Liu|Jason Smith|Patricia Carter|Ryan Garcia,"5439 Jefferson Ln, Nashville, TN 37201"
Parker Capital Partners,Crestwood Family Office,Michal Parker,,Michael Parker|Nancy Thompson|Jason Flores|Jeffrey Cruz|William Anderson,
Garcia Investment Partners,Ridgeway Wealth,,,Nancy Garcia|Betty Anderson|Ashley Wright|Betty Edwards|Kenneth Martin|Mark Gomez,
Williams Wealth Management,Meridian Private Wealth,,,,"5316 Spring Ln, Los Angeles, CA 90001"
Patel Partners,Harborview Private Wealth,Andrew Williams,,Andrew Williams|Barbara Nelson|Jeffrey Khan|Brian Brown|Ashley Mitchell,
Chen Asset Management,Meridian Private,"Chen, Kennth",,Kenneth Chen|Ronald Reyes,
Turner Advisors,Kingsbridge Capital Advisors,,,,"6909 Washington Way, Austin, TX 78701"
Mitchell Asset Management Group,National Planning Holdings,Chen Ashley,,,"7319 Commerce St, San Francisco, CA 94101"
Anderson Advisors,Harborview Private Wealth,,,Helen Anderson|Richard Jackson|Thomas Hill|Barbara Roberts|Matthew Baker|Steven Flores|John Taylor,"255 Elm Pkwy, New York, NY 10022"
Green & Harri5 Partners,Merrill Lynch,Donald Green,,,"9029 Highland Rd, Boston, MA 02101"
Ewards Institutional Group,Robert W. Baird & Co.,,,,
Torres Capital Group,Stifel Nicolaus,"Morri5, Ronald",,,"2224 Highland Pl, Atlanta, GA 30301"
Anderson Wealth Managem3nt,Meridian Private Wealth,Tim Anderson,,Timothy Anderson|Ashley Campbell|Amand Hall|Richard Torres|Jaon Yang|Matthew Scott,
Diaz Family Office,Summit Peak Advisors,Betty Robert,,,"5020 Washington Ln, Seattle, WA 98101"
Williams Financial Group,Hilliard Lyons,"Reyes, 9eorge",,George Reyes|Joseph Carter,
Cuz Wealth Management Group,Hilliard Lyons,Susan Torres,storres@hl.com,,
Diaz Wealth Management Group,Securities America,,,Josep Diaz|Hlen Liu|Edward Lee|Margaet Hall|Megan Hall|Steven Martin|Linda Green,
Jackson Financial Group,Merrill Lynch Pierce Fenner & Smith,Rchel Jackson,rjackson@ml.com,,"8806 Highland Ln, Minneapolis, MN 55401"
Adams Wealth Partners,Janney Montgomery Scott,Ashley Adams,,,"9505 Lake Dr, Indianapolis, IN 46201"
Jackson Financial Group,Morgan Stanley Wealth Management,,,Amanda Johnson|Christopher Davis|Megan Young|Charles Anderson,"4854 Highland Way, Philadelphia, PA 19101"
Wang Institutional Group,Morgan Stanley Wealth Management,Sarah Wang,,Sar@ Wang|Amanda Baker,
Roberts Family Office,Meridian Private Wealth,,,Brian Roberts|Linda Adams|Donald Flores|Nancy Johnson|Emily Mitchell|Ryan Stewart,
Gomez Wealth,Parkside Wealth Strategies,,sgomez@parksidewealth.com,Sarah Gomez|Mark Nguyen|Sandra Tores|Anthony Evans|Ashley Diaz|Susan Campbell|Lisa Campbell,"9220 Jefferson Rd, Los Angeles, CA 90001"
Rvera Family Wealth Group,Ameriprise Financial,,,,"9858 Willow Pl, Baltimore, MD 21201"
Martin Wealth Partners,Securities America,,,Steven Martin|Emily King|Daniel Wright,"9945 Lincoln Ave, St. Louis, MO 63101"
Baker Advisory Group,Commonwealth Financial Network,Steve Baker,,,
Rivera Financial Group,Cambridge Investment Research,,,,
Huang Institutional Group,Commonwealth Financial Network,,,,"8912 Lake Blvd, Boston, MA 02101"
Davis Financial Group,Hilliard Lyons,Jeff Davis,jdavis@hl.com,Jeffrey Davis|Sarah Reyes,
Roberts Advisry Grop,National Planning Holdings,,,William Roberts|Jeffrey Huang|Paticia Miler|Th0mas Thomas|Amanda White|Donald Liu|Michael Morgan,
Wright Advisors,Northgate Investment Partners,Mar9aret Wright,,,
Rivera Capital,Summit Peak Advisors,,,,"2066 Lincoln St, Las Vegas, NV 89101"
Patel Capital Partners,Northgate Investment Partners,Rachel Thomas,,,"3218 Madison Dr, San Francisco, CA 94101"
Flores Wealth Managem3nt Group,Cetera Financial Group,,,,
Torres Institutional Group,Janney Montgomery Scott,,,,"859 Elm Pkwy, San Francisco, CA 94101"
Anderson Family Wealth Group,Stifel Nicolaus & Company,Timothy Anderson,,,
Gomez Wealth Advisors,Oppenheimer & Co.,,,,"7346 Hill Pl, Phoenix, AZ 85001"
King Private Cli3nt Group,Oppenheimer & Co.,Timothy King,,,"3384 Highland St, Atlanta, GA 30301"
Nelson Family Wealth Group,UBS Financial Services,Linda Thoas,,,
Nguyen Wealth Advisors,Wells Fargo,,nguyens@wellsfargoadv.com,,
Adam Portfolio Group,Oppenheimer & Co.,Mark Adams,,,
Will1ams Retirement 5olutons Group,Edward Jones,,,Emily Williams|Steven Cruz|Barbara Jackson|Sadra Morgan|Ryan Campbell|Joseph Green,"8770 Market Dr, Austin, TX 78701"
Thomas Wealth Advisors,Ameriprise Financial Services,Chris Thomas,,,
Stewart Financial Partners,Summit Peak Advisors,Donald Stewart,,,"5459 Cedar St, Dallas, TX 75201"
Edwards Retirem3nt Solutions Group,LPL Financial,Linda Nelson,,,
Torres Wealth Advisors,Janney Montgomery,,,,"7843 Elm St, Memphis, TN 38101"
Torres Wealth Management Group,Janney Montgomery Scott,Amanda Diaz,,,"7749 River Pkwy, Kansas City, MO 64101"
Garcia Private Wealth,Clearwater Capital Group,,,,
Wright Asset Management,Clearwater Capital Group,"Wright, Kenneth",,,
Evans Advisors,Summit Peak Advisors,,,Megan Liu|M@rk Patel|Bri@n Hill|Anthony Carter|Thomas Huang|Joseph Liu,"5540 Willow Court, Indianapolis, IN 46201"
Torres Capit@l Group,LPL Financial,Ken Torres,,,
Turner Retirement Solutions Group,Robert W. Baird & Co.,Brian Turner,,Brian Turner|Jason Williams,
Jackson Portfolio Gr0up,Robert W. Baird & Co.,"Thompson, Ashley",,shley Thompson|Jeffrey Flores|Sarah Mille|Kenneh Smith|Ashley Morgan|Ronald Yang,
Nguyen Wealth,Ridgeway Wealth,,,Emily Nguen|James 9omez|Barbara Davis|Betty Flores|Jessica Wang,"7268 Market Way, New York, NY 10022"
White Tax & Wealth Group,Securities America,,,Richard White|Edward Anderson|Steven Taylor|Sandra Thomas,"391 Highland Rd, San Antonio, TX 78201"
Torre5 Wealth anagement Group,Securities America,Rick Torres,,,
Flores Private Wealth Group,Hilliard Lyons,Bil1 Thompson,thompsonw@hl.com,,"2184 Lincoln Pkwy, San Francisco, CA 94101"
Patel Group,Parkside Wealth,Jessica Allen,,,"9674 Commerce Rd, Dallas, TX 75201"
White Private Wealth Group,Stifel Nicolaus,,,,"5618 Commerce Ave, Raleigh, NC 27601"
Martin etirement Solution5 Group,DA Davidson & Co.,,,Dorothy Yong|Steven Morgan|Richard Torres|Daniel Green,
Scott Instituti0nal Group,Robert W. Baird & Co.,,,,
Khan Wealth,Ridgeway Wealth Management,Emily Khan,emily.khan@ridgewaywm.com,,
Harris Portfolio Group,Edward Jones,,,,"6525 Spring Blvd, St. Louis, MO 63101"
Young & Associates,Harborview Private Wealth,Linda Young,,,
Thomas Wealth Partners,Edward Jones,,,Lisa Thomas|Matthew Moore|Sandr@ Reyes|Charles Chen|David Jackson|Jessica Martin,
Torres Capital Group,Wells Fargo Advisors,"Torres, Ronald",,,"1286 Main Pkwy, Miami, FL 33101"
Wright & Cruz Group,Meridian Private Wealth,,,Patricia Wright|Paul Diaz|Susan Kim|Daniel Edwards|James Adams|Christopher Baker,
Hill Advisory Group,Merrill Lynch Pierce Fenner & Smith,Jason Chen,,,
Moore Fami1 Office,Summit Peak Advisors,Jeff Cruz,,,
Wright Tax & Wealth Group,Cetera Financial,@manda Wright,awright@cetera.com,Amanda Wright|Ryan Nguyen|Jessica Adams|Kevin Collins,
Young & Baker Group,Ameriprise Financial Services,,,Ryan Young|William Thomas|Margaret Hall,"2574 River Rd, Washington, DC 20001"
Liu Financial Group,Hilliard Lyons,Emily Evans,,,"2672 Lincoln Ln, Boston, MA 02101"
Morris Investment Group,Cambridge Investment Research,"Johnson, Andrew",,,"620 Maple Ln, Philadelphia, PA 19101"
Carter Institutional Group,UBS Financial Services,,,Anthony Carter|George L1u|Jason Miller|Barbara Johnson,
Hill Wealth Partners,Wells Fargo,Jennifer B@ker,,Jennifer Baker|Jessica Brown|Joseph Huang,
Rivera Wealth Advisors,Woodbury Financial Services,,hthomas@woodburyfs.com,,
Khan Privat We@lth Grop,Oppenheimer & Co.,"Martin, Charles",,,"452 Lincoln Ln, Baltimore, MD 21201"
Floresax & Wealth Group,UBS Financial Services,"Flores, Charles",floresc@ubs.com,,
Edwards Capital,Kingsbridge Capital Advisors,,,,
Zhang Wealth Management,Meridian Private Wealth,"Zhang, Patricia",patricia.zhang@meridianpw.com,Patricia Zhang|Susan Jones|Robert Roberts|Amanda Baker|Brian Scott|Daniel Huang,
Hill Ass3t Management Group,Cetera Financial Group,,,,"6230 Highland Dr, New York, NY 10022"
Kim 1nvestment Group,Securities America,,,Amanda Taylor|Matthew Brown|Susn Cruz|Dorothy Garcia|Paul Morris|Danie Evans,
Johnson Advisory Group,Edward Jones,"Johnson, Rachel",,Rachel Johnson|Jeffrey Parker|Betty Anders0|Betty Patel,
Smith Institutional Group,UBS Financial Services,Patricia Smith,,Patricia Smih|Brian Adams|Amanda Campbell|Tioty Mitchell,
Evans Capital,Clearwater Capital Group,Susan Evans,susan.evans@clearwatercap.com,,
Ptel Retirement Solutions Group,Raymond James Financial Services,George Williams,,George Williams|Sarah Martin|Robert Davis|Andr3w Gomez|Edw@rd Harris,
Zhang Tax & Wealth Group,Securities America,,,,"4945 Willow Rd, Seattle, WA 98101"
Torres Portfolio Group,DA Davidson & Co.,,morrisk@dadavidson.com,,"4495 Highland St, San Francisco, CA 94101"
Torres Retirement Slutions Group,Commonwealth Financial Network,,torresl@commonwealth.com,Lisa Torre5|Jessica Harris|Jessica Hall|Karen Williams,
Hall Family Wealth Group,Morgan Stanley Wealth Management,Jeffrey Hall,jeff.hall@morganstanley.com,Jeffrey Hall|Richard Turner|William Patel,"7714 Oak Dr, New York, NY 10022"
Torres Prtfolio Group,Stifel Nicolaus & Company,Jacob Torr3s,,,
Gomez & Flores Advisors,Ridgeway Wealth,,,Margret G0mez|John Garcia|Amana Cruz|Matthew Wang|Antony King,"4435 Cedar St, New York, NY 10001"
Zhang Tax & Wealth Group,LPL Financial,,,William Roberts|Anthony Jones|Nancy Stewart|Betty Chen,"7223 Washington Ln, Phoenix, AZ 85001"
Edwards Financial Group,Commonwealth Financial Network,,,David Edwards|Steven Williams|Jenifer Morris|Joseph Phillips|George Turner|Emily Torres|John Carter,"2083 River Pl, Las Vegas, NV 89101"
Yang Family Walth Group,Merrill Lynch,"Jone, Jeffrey",jjones@ml.com,Jeffrey Jones|Kevin Scott|Christopher Khan|Keneth Garcia|Ronald Morris,
Torres Portfolio Group,Cetera Financial Group,Mark Torres,,,
Collins Investment Group,Morgan Stanley Wealth Management,Charles Collins,,Charles Collins|etty Flores,
Green Wealth Management Group,Oppenheimer & Co.,Jeff Green,jgreen@opco.com,effrey Green|Ashley Adams|Andrew Garcia|George Alln|Rachel Williams,
Garcia Financial Goup,Hilliard Lyons,,,,"5623 Elm Blvd, Philadelphia, PA 19101"
Nelson Tax & Wealth Group,Oppenheimer &,David Garcia,david.garcia@opco.com,David Garcia|Margaret Campbell|Kren Johnson,
Huang Advisors,Crestwood Family,,huangh@crestwoodfo.com,,
Reyes Wealth Partners,Robert W.,,,George Johnson|William Wang,"2000 River Court, Phoenix, AZ 85001"
Adams Wealth,Ridgeway Wealth Management,,aadams@ridgewaywm.com,,
King Wealth Partners,DA Davidson & Co.,"King, Megan",mking@dadavidson.com,,
Miller Advisory Group,Morgan Stanley Wealth Management,,,,"702 Cedar Blvd, Chicago, IL 60601"
King Financial Group,Morgan Stanley Wealth Management,Don King,don.king@morganstanley.com,,
Morgan Retirement Solutions Group,Merrill Lynch Pierce Fenner & Smith,"Young, Lisa",,Lisa Young|Ashley Carter|Carles Zhang|Andrw Jones|Joseph Flores|Paul Morris|Kenneth Martin,"5296 Elm Ln, Dallas, TX 75201"
Allen & Associates,Harborview Private Wealth,,,,
Campbell apital,Parkside Wealth Strategies,,campbellr@parksidewealth.com,Ryan Campbell|Thomas Stewart|William Patel|David Green,
Martin Family Office,Parkside Wealth Strategies,,martinb@parksidewealth.com,,"998 Market Pkwy, San Antonio, TX 78201"
Moore Advisory oup,Oppenheimer & Co.,,rcampbell@opco.com,,"4672 Madison Ln, St. Louis, MO 63101"
Martin Capital Group,Janney Montgomery,"Kim, Rachel",kimr@janney.com,Rachel Kim|Sarah Smith|Sandra Willi@ms|James Yang,
Diaz Investment Partners,Northgate Investment Partners,,,Sarah Diaz|Richard Kim|Mark Diaz|Edward Young|Brian Green|Jeffrey Liu|Donald Turner,"1794 Park Way, Chicago, IL 60601"
Cruz WealthManagement Group,Wells Fargo Advisors,,,Ryan Cruz|Edward Stewart|Sarah Adams|Michael Davis|Helen Khan|Nancy Nelson|Edward Hill|Joseph Williams|aniel Morris|Matthew Nelson,"8232 Oak Way, Nashville, TN 37201"
White Partners,Northgate Investment Partners,,swhite@northgateinv.com,Susan White|Kenneth Chen|Linda Harris|Donald Thompson|Ronald White,
Chen Institutional Group,Hilliard Lyons,,,,
Torres Investment Group,Cambridge Investment,"Torres, J@cob",torresj@cambridgeinv.com,,
Campbll Private Wealth,Crestwood Family Office,"Campbell, Jo5eph",,Joseph Campbell|Amanda Scott|Christopher Roberts|John King|Jason Patel|George Scott|Robert Phillips,"6618 Jefferson Rd, Nashville, TN 37201"
Wang P0rtfolio Group,Hilliard Lyons,,,,
Jones Asset Management Group,LPL Financial,"Jones, Andrew",,,
St3wart & Williams Advisors,Cambridge Investment Research,,jessica.stewart@cambridgeinv.com,,
Neson Wealth Management,Clearwater Capital Group,,,,
Hall Institutional Group,Oppenheimer & Co.,"all, N@ncy",,,
Edwards Wealth,Harborview Private Wealth,,,,"4379 Park Rd, Los Angeles, CA 90001"
Edwards & Thomas Partners,Commonwealth Financial,"Edwards, Mark",,Mark Edwards|Megan Martin,
Adams Portfolio Group,LPL Financial,,sandra.white@lpl.com,Sandra Wite|Barbara Nelson|William Evans|Timothy Evans|@ndrew Moor|Jennifer Brown|George Wright|Joseph Flores,"4006 Commerce Rd, Portland, OR 97201"
Parker & Wilson Group,National Planning Holdings,Tom Parker,tparker@nph.com,,
Hall Advisors,Summit Peak,Daniel Hall,,,"7642 Willow Way, Washington, DC 20001"
Thomas Captal Group,Commonwealth Financial Network,,thomasj@commonwealth.com,,
Taylor Advisors,Crestwood Family Office,,,,
Morris Capital Group,Stifel Nicolaus & Company,"Moris,usan",,,
Scott Wealth Advisors,Morgan Stanley Wealth Management,Susan Scott,,,"7302 Park Way, Denver, CO 80201"
Carter Investment Group,Cetera Financial Group,,,,"2402 Oak Court, Charlotte, NC 28201"
Thompson Family Wealth Group,Securities America,,,,
Khan Advisory Group,Ameriprise Financial Services,,,Jessica Green|Paul Hill|Christopher Allen|Emily Miller,"9008 Cedar Dr, Chicago, IL 60601"
King Investment Partners,Clearwater Capital Group,,andersonk@clearwatercap.com,,"610 Commerce St, San Francisco, CA 94101"
Zhan Advisory Group,Cambridge Investment,,,Matthew Cruz,
R0berts & Associates,Summit Peak Advisors,Roberts Daniel,,Daiel Rob3rts|Jason Wang|essica Thompson,"3906 Spring St, Denver, CO 80201"
Gomez Wealth @dv1sors,Commonwealth Financial Network,,,,"2819 Market Way, San Jose, CA 95101"
Mille Private We@lth,Northgate Investment Partners,Tim King,,Timothy King|Margaret Flores|Linda Brown|Brin Liu|Christopher Khan|Jessia Wright,"3947 Oak Way, Philadelphia, PA 19101"
Hill & Carter Partners,Ridgeway Wealth Management,Ronald Hil1,hillr@ridgewaywm.com,,
Miller Wealth Management,Harborview Private Wealth,,,Jennifer T0rres|Anthony Reyes|Joseph Chen|Matthew Martin|Edward Bown,
Hall Portfolio Group,Stifel Nicolaus & Company,"Hall, Linda",,Linda Hall|Brian Jackon|John Flores|Richard Khan|Jessic Gomez|Thomas Liu|Michae Yang|Donald Anderson|@nthony Roberts,"1364 Main Dr, San Francisco, CA 94101"
Wang Capital Group,Morgan Stanley Wealth Management,Andrew Wang,,Andrew Wang|Betty Anderson,
Adams Group,Clearwater Capital Group,,,,
Roberts Institutional Group,Oppenheimer & Co.,"Roberts, Thom@s",,Thomas Roberts|Amnda Turner,"494 Lake Ln, San Jose, CA 95101"
Reyes Partners,Parkside Wealth,"Cruz, Jason",,Jason Cruz|Sarah Edwards|Patricia Morgan|Michael Turner,
Miller Portflio Group,Morgan Stanley Wealth Management,,,,"6889 Hill Rd, Nashville, TN 37201"
Lee Group,Northgate Investment Partners,,,,"7427 River Blvd, San Diego, CA 92101"
Kim Group,Parkside Wealth Strategies,Amanda Diaz,,,"5438 Commerce Rd, Indianapolis, IN 46201"
Khan Private Wealth,Kingsbridge Capital Advisors,"Khan, Linda",,Linda Khan|William White,"9953 Lake St, Kansas City, MO 64101"
Huang & Associates,Highfield Asset,St3ve Huang,,,"1385 Oak Pl, Dallas, TX 75201"
Green Private Wealth,Summit Peak Advisors,Sarah Harris,,,"5168 Hill St, Denver, CO 80201"
Johnson Wealth Partners,Janney Montgomery,Robert Johnson,,Robert Johnson|Susan Patel|Anthony Young|Jason Mitchell|Ashley Scott,"6855 Willow Rd, San Diego, CA 92101"
Flores Wealth Management Group,LPL Financial,,,Kare lores|Betty Green|Thomas King|Ashley Green,
Thomas Wealth Advisors,UBS Financial Services,"Thomas,David",,,
Parkr Tax & Wealth Group,Wells Fargo Advisors,,,,"1849 Lincoln Pl, Minneapolis, MN 55401"
Johnson Financial Gr0up,Wells Fargo Advisors,Jennifer Johnson,jennifer.johnson@wellsfargoadv.com,Jennfer Johnson|Edwad Thompson|Patricia Khan|Patricia Zhang|Jacob Reyes,
Baker & Associates,Ameriprise Financial,Betty Baker,,,
Phillips Financial Partners,Kingsbridge Capital Advisors,"Phillips, Barbara",,Barbara Phillips|Mark Andersn|Barbara Yang|Jacob Jones|David Zhang|Donald Huang,"3049 River Ave, San Diego, CA 92101"
Wilson Wealth Partners,Ameriprise Financial Services,"Wilson, Kevin",,Kevin Wilson|Jacob Gomez|Dorothy Stewart,"4671 Commerce Pkwy, Raleigh, NC 27601"
Roberts Wealth,Harborview Private Wealth,Sarah Roberts,,,"4460 River Court, St. Louis, MO 63101"
Yang Asset Manag3ment Group,Securities America,Margaret Pate,,Margaret Ptel|John Diaz|Donald Baker|Betty Parker,"3944 Elm Rd, Portland, OR 97201"
Khan Capital Partners,Kingsbridge Capital Advisors,Karen Collins,,,"6949 Hill Pkwy, Minneapolis, MN 55401"
Zhang Investment Group,Stifel Nicolaus & Company,Karen Baker,,,
Green Family Office,Summit Peak,,,,
Taylor Family Office,Highfield Asset Management,"Taylor, Karen",,,
King Wealth Management,Northgate Investment Partners,Ashey King,,,"2013 Willow Ln, New York, NY 10001"
Hall Partners,Clearwater Capital Group,M@rgaret Hall,,Margaret Hall|Joseph Thompson|Robert Scott|Ashley Zhang|Dorothy Kim,"5064 Hill Way, Boston, MA 02101"
Torres Family Wealth Group,UBS Financial Services,,khane@ubs.com,Emily Khan|Andrew Williams|Kevin Chen,
Edwards Wealth Management,Summit Peak Advisors,Matthe Torres,matt.torres@summitpeakadv.com,,
Wright Faily Wealth Group,Robert W. Baird & Co.,Lisa Wright,wrightl@rwbaird.com,Lisa Wright|Margaret Jackson|Doald Le|Jennifer Edwards|Paul Anderson|James Collins|Jennifer Johnson,
Jackson Private Client Group,National Planning,,,Jennifer Jackson|Patricia Wilson|Susan Turner|Timothy Edwards|Jacob Moor|Patrici Nguyen|Emily King,"261 Jefferson Blvd, Baltimore, MD 21201"
Liu Asset Management,Ridgeway Wealth Management,,,Richard White,"8258 Highland Pkwy, New York, NY 10022"
Jhnson Advisors,Clearwater Capital Group,,,,"6813 Madison Pkwy, St. Louis, MO 63101"
Lee Financial Partners,Northgate Investment Partners,,,Megan ee|Megan Chen|Betty Kha|Richard Green|Lisa White,"4777 Willow St, Philadelphia, PA 19101"
Huang Asset Management Group,Commonwealth Financial Network,,linda.huang@commonwealth.com,,"7751 Market Rd, Baltimore, MD 21201"
Green Portfolio Group,Edward Jones,Ryan Carter,carterr@edwardjones.com,,
Scott Asset Management Group,Woodbury Financial Services,"Scott, William",,,
Campbell Private Wealth Grop,UBS Financial Services,"Evans, Jame5",,,"3322 River Pkwy, Philadelphia, PA 19101"
Roberts Retirement Solutions Group,LPL Financial,Sandra Roberts,,,"2976 Hill Pkwy, Raleigh, NC 27601"
Diaz Family WealthGroup,Wells Fargo,,,,
Moore Wealth Advisors,Wells Fargo Advisors,,,Daniel Torres|R@chel Scott|Richard Garci@|Brian Moore,"7671 Cedar Rd, Las Vegas, NV 89101"
Lee Advisory Group,Morgan Stanley Wealth Management,,,,"9322 Oak Pl, Miami, FL 33101"
Lee Advisory Group,National Planning Holdings,Jeffrey Evans,,,
Allen Institutional Group,Commonwealth Financial Network,"Allen, Donald",,,
Baker Financial Partners,Meridian Private Wealth,Karen Bak3r,,Karen Baker|Betty Tayor|Ronald Johnson,"2338 Maple Way, Baltimore, MD 21201"
Chen Capital Group,Hilliard Lyons,,rchen@hl.com,,"5875 Washington Ln, Philadelphia, PA 19101"
Moore Family Office,Harborview Private Wealth,"Anderson, William",,William Anderson|George Campbell,"9248 Jefferson Way, Atlanta, GA 30301"
Huang Portfolio Group,National Planning Holdings,"Huang, Paul",,Paul Huang|Christopher Rivera|Linda Baker|teen Hall|Jessica Nguyen,
Garcia Partners,Parkside Wealth Strategies,"Young, Jeffrey",,Jeffrey Young|Megan Nguyen|Ashley Young,
Anderson Advisory Group,DA Davidson & Co.,Sarah Anderson,,,"4715 Spring Way, Chicago, IL 60601"
Roberts Wealth,Summit Peak Advisors,Richard Rob3rts,,,
Campbell Tax & Wealth Group,Hilliard Lyons,,,Ashley Campbell|John Garcia|Rachel Jackson|Karen Jackson,"1733 Lincoln Dr, Dallas, TX 75201"
Parker Wealth,Highfield Asset Management,,leeg@highfieldam.com,,"597 Cedar Pl, Portland, OR 97201"
Brown Family Wealth Group,Stifel Nicolaus & Company,,,,
Khan Financial Group,Cetera Financial Group,"Kan, John",,,"3921 Washington Ave, New York, NY 10001"
Mller & Associates,Clearwater Capital,James Miller,jim.miller@clearwatercap.com,,"4841 Washington Ln, Washington, DC 20001"
ones Advi5ory Group,Morgan Stanley Wealth Management,,jonesm@morganstanley.com,Margaret Jones|Sandra Kim|Betty Brown|Christopher Wang|Brian King|David Thompson,
Mitchell Fmil Wealth Group,Stifel Nicolaus & Company,Emily Jckson,,,"778 Hill Way, Miami, FL 33101"
Harris Tax & Wealth Group,Oppenheimer &,Jeffrey Harris,,,
Huang Investment Partners,Summit Peak Advisors,Ronald Huang,,,
Baker Financial Group,Raymond James Financial Services,Sarah Bakr,,,"234 Hill Blvd, Miami, FL 33101"
Rivera Family Office,Crestwood Family Office,,,Joseph Chen|Jeffrey Campbell,
Morgan Financial Group,LPL Financial,Linda Morgan,,Linda Morgan|Nancy Brown,
Johnson Private Wealth Group,Hilliard Lyons,,,Helen Johnson|Helen Taylor|Kenneth Miller|Karen Campbell,
StewartWealth Advisors,DA Davidson & Co.,"Stewart, Linda",linda.stewart@dadavidson.com,Linda Stewart|Andrew Garcia|enneth Yang|Paul Stewart|Thomas Evans|Steven Morgan|Charles Stewart,"6349 Spring St, Boston, MA 02101"
Patel Institutional Group,DA Davidson & Co.,"Patel, Linda",,,"407 Highland St, Denver, CO 80201"
White & Associates,Clearwater Capital Group,Joe White,,,
Reyes Portfolio Group,Merrill Lynch Pierce Fenner & Smith,John Morgan,,,"8372 River Blvd, Chicago, IL 60601"
Garcia Capital Partners,Ridgeway Wealth Management,Dan Liu,,,"273 Madison Court, New York, NY 10022"
PhillipsGrop,Ridgeway Wealth,,,,"7759 Madison Ave, Charlotte, NC 28201"
Patel Financial Group,UBS Financial Services,"Wang, Sandra",,,
Smith Tax & Wealth Group,Securities America,,krivera@secam.com,enneth Rivera|Karen Nelson|5usan Turner|Paul Torres|Helen Nguyen,
Khan Wealth Management Group,Commonwealth Financial,"Khan, Patricia",,Patrici Khan|Jason Taylor|Daniel Carter|Ryan White|Kenneth Gomez|Joseph Martin,
Tuner & Associates,Edward Jones,J1mTurner,,James Turner|Jeffrey Torres|Amanda Hall,
Thomas Asset Management Group,Securities America,,,,
NelsonInstitutional Group,Janney Montgomery Scott,,,,
Khan Capital,Northgate Investment Partners,,,,
Scott Financial Group,UBS Financial Services,,,Chares Scott|Timothy Brown|Jeffrey Diaz,"730 Maple Ln, Minneapolis, MN 55401"
Harris Financial Group,DA Davidson & Co.,Timothy Harri5,,Timothy Harris|Rich@rd King|Joseph Hill|Ashley Yang|Nancy Morris|William Gr3en,"1120 Willow Pl, San Antonio, TX 78201"
Moore Wealth Mangement,Harborview Private Wealth,"Moore, Margaret",,,"6749 Willow Court, Portland, OR 97201"
Khan Partners,Parkside Wealth Strategies,,,Charles Khan|John Nuyen|Amanda Thompson|John Evans|Ashley Carter|Dorothy Lee,"2527 Spring Rd, Phoenix, AZ 85001"
Huang Wealth Advisors,Edward Jones,Mike Roberts,mroberts@edwardjones.com,Michael Roberts|Andrew Yang|Joseph Morris|Michael Brown|Kevin Smith|Sandra Nguyen|James Le3|Dorothy Collins,"8259 Cedar Court, St. Louis, MO 63101"
Young Advisory Group,Janney Montgomery Scott,,,,
Chen & Associates,Summit Peak Advisors,,,,
Young Financial Group,Morgan Stanley Wealth Management,,,,"934 Spring Court, Memphis, TN 38101"
Hall Institutional Group,Morgan Stanley Wealth Management,Wiliam Torres,,,
Patel Wealth Management Group,Oppenheimer & Co.,Jacob Taylor,,Jacob Taylor|Jessica Rivera,
Mitchell Investment Partners,Northgate Investment Partners,,,Paul Evans|Christopher Rivera|Sarah Patel|Jaes Adams|Sarah White,"3048 River St, Seattle, WA 98101"
Torres Family Wealth Group,LPL Financial,"Torres, James",jim.torres@lpl.com,James Tores|Michael Davis|Matthew Wright|Christopher Martin,"2394 Willow Ave, Nashville, TN 37201"
Garcia Private Cliet Group,Ameriprise Financial Services,,,Jason Miller|James Reyes|Anthony Huang|Karen Williams|Paul Yang,
Edwards Private Wealth Group,Woodbury Financial Services,Andy Hun,,,
Hall Investment Partners,Harborview Private Wealth,Tom King,,,"783 Willow Ave, San Diego, CA 92101"
Nguyen Wealth Advisors,Raymond James Financial Services,,,Dorothy Nguyen|Robert Roberts|Charles Cruz|Karen Anderson|Daniel Diaz|LisaPatel,
Phil1ips Partners,Meridian Private Wealth,"Phillips, Anthony",,,"6251 Willow Ln, New York, NY 10022"
Chen Rtirement Solutions Group,Raymond James Financial Services,,,,"2116 Commerce Dr, Philadelphia, PA 19101"
Roberts Advisors,Clearwater Capital Group,Bill Roberts,,,
Parker Wealth Partners,Edward Jones,,,George Scott|Karen Williams|Ryan Mitchell|Rachel King|Rachel Thompson|William Taylor,
Edwards Advisory Group,Janney Montgomery Scott,,,Michael Yang|Margaret Morgan|Mark Harris|Edward Morris|Amanda Davis,"1866 Jefferson Pkwy, Nashville, TN 37201"
Thompson Investment Group,Edward Jones,,,,
Mo0r3 Capital Group,Morgan Stanley,,,,"543 Elm Way, Las Vegas, NV 89101"
Morgan Retiremen Solut1ons Group,Janney Montgomery Scott,Don@ld Morgan,,,"9050 Madison Ln, St. Louis, MO 63101"
Taylor Financial Group,UBS Financial Services,,brownr@ubs.com,,"5252 Market Pkwy, Seattle, WA 98101"
Chen Wea1th Advisors,Cambridge Investment,Mike Chen,chenm@cambridgeinv.com,,
Phillips Private Client Group,Morgan Stanley,David Phillips,,David Phillips|Kevin Cruz|Thomas Smith|Ronald Rivera|Mark Evans|Robert Liu|Sandra Wilson,
Miller Wealth Advisors,Ameriprise Financial Services,Karen Miller,,Karen Miller|Kev1n Liu|Brian Chen|Margaret Chn|Matthew Hill|Dorothy Campbell|Edward Anderson,"6590 Cedar St, Houston, TX 77001"
Diaz Private Wea1th Group,Cambridge Investment,,rwang@cambridgeinv.com,Ronald Wang|Barbara Cruz|Christopher Hall|Rachel Brown|Jessica Torres|Emily Adams,
Huang Investment Group,Janney Montgomery Scott,Charles Cruz,ccruz@janney.com,Charles Cruz|John Green|Jessica Morgan|William Cruz|Jeffrey Rivera|Amanda Jones,
Miller & Associates,Kingsbridge Capital,,,,
Martin Wealth Advisors,Cambridge Investment Research,,,,"171 Highland Pl, Las Vegas, NV 89101"
Yang Wealth Advisos,UBS Financial Services,Paul Yang,,,"4141 Hill Ln, Philadelphia, PA 19101"
Brown Investment Group,Raymond James Financial Services,,nancy.carter@raymondjames.com,,
Phillips & Associates,Parkside Wealth,Kevin Phillips,,Kevin Phillips|Linda Reyes|Helen Smith|Ronald Jackson|Ashley Campbell|Daniel Km,
Wright roup,Kingsbridge Capital,,,,"4051 Cedar Blvd, San Francisco, CA 94101"
Turner Family Wealth Group,Wells Fargo Advisors,,,,"7302 Maple Rd, Philadelphia, PA 19101"
Wils0n Wealth Partners,Oppenheimer & Co.,"Nguyen, Charles",,Charles Nguyen|Linda Mitchell|Jessica Huang,
White Fmily Wealth Group,LPL Financial,,awhite@lpl.com,,
Wang Capital Partners,Clearwater Capital Group,,,,"8633 Lincoln Rd, San Diego, CA 92101"
Flores Asset Management Group,Ameriprise Financial Services,"Flores, Andrew",,@ndrew Flores|Jennifer Turner|Thomas King|Jennifer Parker|Kenneth Moore,"2375 Commerce Court, Chicago, IL 60601"
Carter Private lient 9roup,Robert W. Baird & Co.,Robert Roberts,,Robert Roberts|Megan Brown|Dorothy Taylor|Thomas Collin5|Matthew G0mez|Karen Thompson,
Parker Wealth Management Group,UBS Financial Services,,sandra.parker@ubs.com,,
Mithell Wealth Advisors,Cetera Financial Group,,,,"3682 Elm Dr, San Antonio, TX 78201"
Anderson Wealth Management,Crestwood Family,Ashley Young,,Ashley Young|Betty Torres|Linda Thompson|Brian Carter|Patricia Morgan|Brian ill,
Wang Retirement Slutions Group,UBS Financial Services,Helen Wang,wangh@ubs.com,,
Reyes Private Wealth Group,UBS Financial,William White,,,"2535 Madison Ln, Miami, FL 33101"
Roberts Wealth,Summit Peak Advisors,,,Robert Roberts|achel Huang|Sarah Allen|Jennifer Allen|Jason Harris|Robert Brown|Richard Baker,"204 Cedar Ln, New York, NY 10022"
Huang Investment Partners,Highfield Asset,,huangs@highfieldam.com,Susan Huang|Ronald Taylor|James Wang|Brian King|Daniel Lee|Timothy Wilson|Jennifer Parker,
Roberts Asset Management,Ridgeway Wealth Management,,,Helen Roberts|Christopher Miller|Margaret Hill,"7599 Park St, Baltimore, MD 21201"
Yang Asset Management Group,Hilliard Lyons,,,,"9431 Cedar St, Portland, OR 97201"
Hill Financial artners,Ridgeway Wealth Management,,youngd@ridgewaywm.com,Dorothy Young|Steven Smith|Kevin Moore|Lisa Williams|John Flores|Paul Anderson|Charles Nelson,
Harris & Diaz Advisors,Cetera Financial Group,,,Steven Harris|Edward Cruz|Lisa Brown|Sarah Thomas|Andrew Hall,
Cruz Investment Partners,Highfield Asset Management,Linda Cruz,,,"1403 Madison St, Los Angeles, CA 90001"
Mitchell Goup,Highfield Asset Management,"Rivera, Heen",,,"8267 Willow Pkwy, San Jose, CA 95101"
Liu Private Wealth,Ridgeway Wealth Management,Thomas Allen,,,
Reyes Advisors,Parkside Wealth,Paul Reyes,,Paul Reyes|Dorothy Collins|Paul Young|Brian Morgan|Andrew White,"435 Lake Blvd, St. Louis, MO 63101"
Collins Investment Group,Stifel Nicolaus,Dan Taylor,,,"9818 River Pl, Atlanta, GA 30301"
Nelson PortfolioGroup,Janney Montgomery,,,Patricia Nelson|Charles Patel|Jeffrey Khan|Barbara Jackson|Georg Morgan,
Roberts Private Client Group,Janney Montgomery Scott,Rick Roberts,,,"266 Jefferson Ave, Indianapolis, IN 46201"
Jones Asset Management Group,National Planning,"Jones, Donald",,Donald Jones|Lisa Rivera|Lisa Phillips|Patr1cia Morgan|Michael Wag|Edward Patel|James Hall|Lisa Torres|Emily Nelson,"4354 Cedar Blvd, Houston, TX 77001"
Anderson Investment Patners,Meridian Private Wealth,Jcob Anderson,jacob.anderson@meridianpw.com,,"8549 Maple St, Washington, DC 20001"
Stewart Investment Partners,Northgate Investment Partners,Susan Stewart,,Susan tewart|Brian Moore,"3845 Willow Ln, San Diego, CA 92101"
Young Advisors,Northgate Investment Partners,Mark Young,,,
iaz Wealth Partners,Oppenheimer & Co.,Amanda Di@z,,Amanda D1az|Paul Zhang|Sarah Evans|John Stewart|Patricia Jackson|Ronald Reyes|Joseph Moore,"4010 Jefferson Court, San Jose, CA 95101"
Jones Instituti0nal Group,Cambridge Investment Research,Barbara Hill,,Barbara Hill|George Rivera|David King|Steven Marti|Jacob Hall|Helen Rivera|Barbara Brown,"1750 Maple Blvd, Minneapolis, MN 55401"
Mogan Financial Group,National Planning Holdings,"Stewart, Andrew",,,
Diaz Family Wea1th Group,Woodbury Financial,,,Brian White|Daniel Adams|Betty Anderson,"427 Lincoln Blvd, Memphis, TN 38101"
Collins & Associates,Parkside Wealth Strategies,Matthew Evans,,Mtthew Evans|Jacob Hall,
Brown Wealth Partners,Woodbury Financial Services,,,Joseph Moore|Brian Harris|Ashley Ph1llips|Linda Parker|Jennifer Taylor|Ronald Diaz,
Gomez Portfolio Group,Edward Jones,,agomez@edwardjones.com,,"7221 Park Ln, Miami, FL 33101"
Thompson Private Wealth Grou,Hilliard Lyons,,,Paul Thompson|Timothy Liu,"9704 Lake Court, Nashville, TN 37201"
Phillips Wealth Management Group,Raymond James Financial Services,Jeffrey Phillips,jeff.phillips@raymondjames.com,,"1748 Willow Ave, Indianapolis, IN 46201"
Stewart Advisors,Kingsbridge Capital Advisors,,,Jennifer Stewart|Will1am Patel|George Jackson,"3263 Maple Way, Philadelphia, PA 19101"
Lee Captal Partners,Kingsbridge Capital,Kenneth Lee,,Kennth Lee|Jeffrey Miller|Dorothy Nguyen|Karen Turner|Michael Moore,"5498 Lincoln Ave, Portland, OR 97201"
Khan Wealth Management Group,Wells Fargo,,,,"810 Commerce Court, Phoenix, AZ 85001"
Turner Inv3stment Group,Hilliard Lyons,,,Joseph Turner|Matthew Miller|Amanda Edwards|James Wright|Anthony Liu,"5434 Market St, San Antonio, TX 78201"
Phillips & Lee Group,Commonwealth Financial Network,Nancy Phillips,,,"2895 Highland Way, Kansas City, MO 64101"
Evan5 Financial Group,Cambridge Investment Research,"Reyes, Ashley",,Ashley Reyes|Steven Morris|Anthony Mitchell|Dorothy Jons|Jessica Khan,"5297 Maple Ave, Philadelphia, PA 19101"
Zhang Institutional Group,Commonwealth Financial,"Zhang, Thomas",,,"530 Spring Way, San Francisco, CA 94101"
Thompson Capital Group,DA Davidson & Co.,,,,"9515 Lincoln Blvd, Raleigh, NC 27601"
Zhang Private Wealth,Ridgeway Wealth,,,,
Cruz Private Wealth Group,UBS Financial Services,,,,"8974 Willow Ave, Houston, TX 77001"
Mitchell Asset Management Group,Merrill Lynch Pierce Fenner & Smith,,,,
Torres Family Office,Clearwater Capital Group,"Torres, Jeffrey",jtorres@clearwatercap.com,Jeffrey Torres|Jason Nelson|Edward Nguyen|James Garcia|Jason Wright,
Thompson Advisory Group,UBS Financial Services,,,Timothy Thompson|Brian Torres|Jennifer Nelson|Nancy Edwards|Kenneth Nelson,
Zhng Institutional Group,Hilliard Lyons,Margaret Zhang,zhangm@hl.com,,
Evans Wealth Management Group,Cambridge Investment,Evans Sarah,sevans@cambridgeinv.com,Sarah Evans|Sandra Morris|Ronald Anderson|Joseph Allen,
Turner Partners,Harborview Private Wealth,Linda Turner,,,
Liu Retirement Solutions Group,Edward Jones,JacobLiu,,,
Khan & Green Group,UBS Financial Services,,,,
Phill1ps Wealth Management Group,Wells Fargo Advisors,,,Betty Phillips|Paul Davi5,
Parker & Huang Advisors,Wells Fargo,,dparker@wellsfargoadv.com,Dorothy Parker|Matthew Miller|Megan Roberts|Andrew Flores|Ashley Williams|Emily Kim|Amanda Nguyen,
Carter Capital Partners,Ridgeway Wealth Management,Jenifer Williams,,Jennifer Williams|Megan Huang|Barbara White,
Parker Private Client Group,Morgan Stanley Wealth Management,,,,
Scott Wealh Advisors,Edward Jones,Dorothy Scott,scottd@edwardjones.com,Dorothy Scott|Ashley Martin|Barbara Anderson,"6707 Lincoln Court, Denver, CO 80201"
Smith Financial Partners,Harborview Private Wealth,,,Mark Smith|Linda Lee,"685 Jefferson Ave, Washington, DC 20001"
Zhang Asset Management Group,Wells Fargo Advisors,Matt Zhang,zhangm@wellsfargoadv.com,,
Adams Private Client Group,Oppenheimer & Co.,Nancy Adams,nadams@opco.com,,
Garcia Asset Managment Group,Stifel Nicolaus & Company,,phillipsa@stifel.com,,"5442 Hill Blvd, New York, NY 10022"
Turner Advisory Group,National Planning Holdings,"Turner, Margaret",,,"7787 Maple Dr, Nashville, TN 37201"
Thompson Tax & Welth Gr0up,Morgan Stanley Wealth Management,Edwrd Parker,,,
Jones Private Wealth,Ridgeway Wealth Management,"Yung, Mathew",,,"1709 Lake Pkwy, Las Vegas, NV 89101"
Turner Private Wea1th Group,Merrill Lynch,,bmitchell@ml.com,,"2730 Highland Pkwy, Indianapolis, IN 46201"
A1len Wealth,Highfield Asset Management,Barbara Gomez,bgomez@highfieldam.com,Barbara Gomez|Ryan Nelson|Edward Moore|Christopher Smith|Timothy Nelson|Joseph Moore,
Brown Wealth Advisors,Cetera Financial Group,"Brown, Patricia",,,
Cruz Portfolio Group,Commonwealth Financial Network,,tim.cruz@commonwealth.com,,"5380 Commerce Blvd, Atlanta, GA 30301"
Garcia Capital Group,UBS Financial Services,Dan Nguyen,dan.nguyen@ubs.com,Daniel Nguyen|Rachel Carter|Megan Green|Daniel Morgan,
Allen Portfolio Grup,Raymond James Financial Services,Edward All3n,ed.allen@raymondjames.com,,
Huang Wealth Advisors,National Planning Holdings,Lisa Huang,,,
White & Gomez Partners,Raymond James Financial Services,,,Betty White|Ronald Morris|Patricia Brown|Jessica King|Emily Allen,"4398 Elm Blvd, St. Louis, MO 63101"
Taylor Family Offie,Meridian Private,,taylore@meridianpw.com,Edward Taylor|Jeffrey Torres,"8392 Lake Pkwy, Phoenix, AZ 85001"
Patel Investmet Group,Robert W.,,,,"1597 Market St, San Antonio, TX 78201"
Miller Istitutional Group,Robert W. Baird & Co.,"Baker, Jason",,Jason Baker|Karen Khan|Anthony Baker,
Rivera PrivateClient Group,Hilliard Lyons,,,Timothy Smith|Christopher Lee|Edward Collins|Anthony Miller|Jason Moore,"3634 Commerce Dr, Las Vegas, NV 89101"
Thompson Advisory Group,Stifel Nicolaus,,,,"4214 Elm Ave, Atlanta, GA 30301"
Hall Advisory Group,Securities America,Paul Flores,,Paul Flores|Ronald King|Jacob King|Jason Campbell|Dorothy Morris|Megan Green,
Patel Wealth Advisors,UBS Financial Services,"Patel, Kenneth",,,"2896 River St, Las Vegas, NV 89101"
Huang Family Wealth Group,National Planning,Matthew Huang,,,"7502 Madison Blvd, New York, NY 10001"
Torres Capital Group,Cambridge Investment Research,,,Michael Torres|Timothy Parker|David Flores,"8922 Elm Ln, Houston, TX 77001"
Zhang Wea1th Management Group,Ameriprise Financial,"Scott, Kenneth",,,"1140 Willow Dr, Los Angeles, CA 90001"
Kim apital Group,Ameriprise Financial Services,Patricia Kim,,,
Smit Wealth Advisors,Securities America,Patricia Smith,,Patricia Smith|Rachel Carter|Jeffrey Jones|Daniel Collins|Charles Diaz|Jacob White,"608 Spring Dr, Boston, MA 02101"
Nguyen Financial Partners,Ridgeway Wealth Management,,nguyena@ridgewaywm.com,,
Kim Family Office,Kingsbridge Capital,,,Micha1 Miller|Anthony Patel|Paul Morgan|Margaret Chen|Steven Cruz|Thomas Gomez,
Reyes Asset Management Group,National Planning Holdings,,,Edward Reyes|Edward Liu|Nancy Williams|Jason Green|Emily Gomez|Brian Thomas,
Martin & Associates,Woodbury Financial Services,Mean Marin,,,"1316 Lincoln Court, New York, NY 10022"
Hall Asset Management,Harborview Private Wealth,Dan Hal1,,,"6215 Commerce Ave, Atlanta, GA 30301"
Nguyen Portfo1i0 Group,Morgan Stanley Wealth Management,Karen Nguyen,karen.nguyen@morganstanley.com,,
Allen Private Wealth Group,DA Davidson,,,,
Kim Family Office,Northgate Investment Partners,Sandr@ Johnson,,Sandra Johnson|Dorothy Miller,"608 Maple Ave, Denver, CO 80201"
Stewart Financial Group,Janney Montgomery Scott,Megan Stewart,,,"3447 Lincoln St, Atlanta, GA 30301"
Patel Private Client Group,Janney Montgomery Scott,Steve Patel,,Steven Patel|Daniel Green|Timothy Collins,
Zhang & Turner roup,Commonwealth Financial Network,,,,
Kim Wealth Advisors,Merrill Lynch Pierce Fenner & Smith,,,Edward Kim|Ronald Harris|Robert Mor9an|Rachel Baker,
Wright Private Client roup,National Planning Holdings,,,,
Khan Wealth Advisors,UBS Financial Services,"Khan, William",wkhan@ubs.com,,
Jackson Wealth Management Group,DA Davidson & Co.,,,James Jackson|Susan Davis|Ashley Patel|Ryan Johnson|Kenneth Anderson,"2248 Park Ave, Baltimore, MD 21201"
Huang & Associates,Harborview Private Wealth,Donald Huang,dhuang@harborviewpw.com,,
Khan Investment Group,Oppenheimer &,Amanda Khan,,Amanda Khan|Nancy Scott,
Taylor Tax & Wealth Group,Raymond James Financial Services,Dorothy Taylor,,,"6592 Highland Pkwy, Los Angeles, CA 90001"
Morris & Kim Partners,Clearwater Capital Group,Daniel Morris,,Daniel Morris|Brian Johnson|William Jackson|George Adams|Robert Anderson|John Zhang,
Liu Wealth Advisors,National Planning Holdings,,,George Thompson|Nancy Evans|T1mothy Harris,
Williams Capital Partners,Clearwater Capital Group,,,,"8215 Commerce Blvd, Houston, TX 77001"
White Advisors,Ridgeway Wealth,"White, Lisa",,,"3488 Main Ave, Austin, TX 78701"
Willias Tax & Wealth Group,Commonwealth Financial Network,,,Donald Williams|George Wilson|John Gomez|Thomas Taylor,
Thomas Wealth Management Group,DA Davidson & Co.,"Thom@s, Ashley",thomasa@dadavidson.com,,
Flores Private W3alth,Ridgeway Wealth,,,,"4013 Oak Dr, San Antonio, TX 78201"
White Portfolio Group,Robert W. Baird & Co.,"White, Matthew",,,
Miller Asset Management Group,Securities America,Ken Milr,,,
Harris Institutional Group,Cetera Financial Group,Susan Harris,,,"2087 Lincoln Pl, San Diego, CA 92101"
Turner Tax & Wealth Group,Robert W. Baird & Co.,"Turner, Jacob",turnerj@rwbaird.com,,
WangWealth Management,Northgate Investment Partners,"Wang, Brian",,,"448 Park Blvd, Houston, TX 77001"
Johnson Retirement Slutions Group,DA Davidson & Co.,,jeff.johnson@dadavidson.com,,
Baker & Associates,Clearwater Capital Group,Dorothy Baker,dbaker@clearwatercap.com,,
Reyes Portfolio Group,Janney Montgomery Scott,,,Matth3w Reyes|Helen Chen|Ryan Turner|Linda Patel|Christopher Smith|Charles Liu|James Martin,"7166 Madison Court, Austin, TX 78701"
Hall Welth,Meridian Private Wealth,,hallh@meridianpw.com,,
Young Private Client Group,Merrill Lynch Pierce Fenner & Smith,Steve Young,,,"2437 Commerce Ave, Kansas City, MO 64101"
Carter Wealth Management Group,Hilliard Lyons,,,Megan Taylor|Kenneth Baker|Matthew King|Jacob Brown,"914 Main Ln, Houston, TX 77001"
Wilson Financial Partners,Parkside Wealth Strategies,,,,
King Wealth Management r0up,LPL Financial,Steve King,,Steven King|Robert Moor|Matthew Flores|James Adams|Andrew Davis,
Patel Wealth ManagementGroup,Commonwealth Financial,"Patel, Michael",,,
Adams Family Office,Crestwood Family Office,,,,"3155 Highland St, Phoenix, AZ 85001"
Miller Family Ofice,Ridgeway Wealth Management,,,,"4152 Oak Pl, San Francisco, CA 94101"
Jackson Private Client Group,Woodbury Financial Services,,,,"6753 Cedar St, Las Vegas, NV 89101"
Patel Group,Summit Peak Advisors,Mke Patel,patelm@summitpeakadv.com,,
Carter Inestment Partners,Highfield Asset Management,Mike Carte,,,
Rivera Family Office,Highfield Asset Management,Chris ivera,,Christopher Rivera|Ryan Cen|Richard Martin|Donald Campbell,
King & Assciates,Ridgeway Wealth Management,,,,"5565 Main Dr, Houston, TX 77001"
Patel Wealth Management,Clearwater Capital Group,"Patel, Emily",,mily Patel|Meg@n Morgan|Robert Zhang,"678 Willow Blvd, Raleigh, NC 27601"
Thomas Partners,Meridian Private Wealth,,,Jennifer Thomas|Mark Khan|Michael White|He1en Yang|Susan Youn9|John Miller,
Turner Capital Partners,Crestwood Family,Ahly Brown,,,"7700 Lincoln Pkwy, Minneapolis, MN 55401"
Phillips Capital 9roup,Ameriprise Financial Services,,,,"8046 River Pl, Dallas, TX 75201"
Rivera Fin@ncial Group,Janney Montgomery,John Huang,john.huang@janney.com,,
Stewart Financal Partners,Kingsbridge Capital Advisors,,,,"6205 Commerce Ln, Indianapolis, IN 46201"
Jackson Capital,Harborview Private Wealth,Joh Taylor,,,
Jones Institutional Group,Wells Fargo Advisors,,,Steven Jones|Susan Diaz|Mark Moore|Emily Morgan|Barbara Adams,
Carter Institutional Group,DA Davidson & Co.,,rcarter@dadavidson.com,Ronald Carter|James Taylor|Edward Thompson|Daniel Huang|Donald Green,
Adams Investment Partners,Crestwood Family Office,Don Adams,don.adams@crestwoodfo.com,,
Thomas Capital Group,Janney Montgomery,Andy Roberts,,Andrew Robet5|William Miller,"7989 Cedar Ln, Atlanta, GA 30301"
Nelson Family Office,Crestwood Family Office,,,Amanda Brown|Ryan White|Jason Scott|Kenneth Davis|Brian Liu,
Patel Tax & Wealth Group,Oppenheimer &,Daniel Thomas,,DanielThomas|William Diaz|KennethDiaz|Paul Hall,"6941 River Way, Boston, MA 02101"
Mitchell Capital Group,DA Davidson & Co.,,,,
Carter Institutional Group,Wells Fargo Advisors,"Adams, Helen",,,
Cruz Prtfolio Group,Merrill Lynch Pierce Fenner & Smith,,,,"718 Elm Rd, Raleigh, NC 27601"
Edwards Asset Management Group,Edward Jones,Steve Edwards,,,
Adams Tax & Wealth Group,Merrill Lynch Pierce Fenner & Smith,Ron Gomez,,Ronald Gomez|Jeffrey Smth|Kenneth Wright|James Diaz|Thomas Gomez|Ryan Parker,"2290 Elm Pkwy, Raleigh, NC 27601"
Patel Group,Kingsbridge Capital Advisors,,,Thomas Campbell|Rachel Anderson|Jason Baker|atthew Carter|Helen Carter,"3865 Cedar Ave, San Diego, CA 92101"
Carter Fin@ncial Partners,Harborview Private Wealth,Margaret Carter,mcarter@harborviewpw.com,Margaret Carter|Christopher Turner|Linda Khan|Ronald Morg@n|Helen Miller|Helen Jones|Karen Scott,
Parker Wealth Management,Highfield Asset Management,Anthony Prker,,,
Brown Inst1tutional Group,Merrill Lynch,"Brown, Margaret",,Margaret Brown|Patricia Morris|Susan Nelson|Betty Smith|Charles Rivera|Linda Allen|Megan Smith,"4007 Market Rd, San Antonio, TX 78201"
Flores Tax &Wealth Group,Commonwealth Financial Network,RachelEdwards,,,"4210 Market Ave, Denver, CO 80201"
Evans Institutional Group,Stifel Nicolaus & Company,,,,"3727 Highland Pl, Las Vegas, NV 89101"
Campbell Private Wealth Group,Ameriprise Financial Services,,,,"4587 Willow Dr, Indianapolis, IN 46201"
Haris Financial Partners,Crestwood Family Office,,,,
Brown Retirement Solutions Group,LPL Financial,"Brown, Mark",,,"6470 Highland St, Seattle, WA 98101"
Martin Investment Partners,Highfield Asset Management,,,,"7268 Washington St, Chicago, IL 60601"
Allen Wealth Advisors,Securities America,,,Ashley Allen|Brian Carter|Sandra Edwards|William Baker|Mark Khan|Thomas Khan,"5502 Washington Dr, Charlotte, NC 28201"
Flores Wealth Management Group,Ameriprise Financial Services,Dorothy Flores,floresd@ampf.com,,"6915 Park Pkwy, Raleigh, NC 27601"
Y0ung Wealth,Northgate Investment Partners,,pyoung@northgateinv.com,,
Flores Financial Partners,Clearwater Capital,,,,"1502 Market Rd, Portland, OR 97201"
Roberts Investment Group,Cambridge Investment,,,Kren Roberts|Edward Kim|Barbara Wang|Ronald Thomas|Ashley Young|Kenneth Mitchell,
Yang Capital,Highfield Asset Management,"Jones, Donald",,,"3214 Lincoln St, Raleigh, NC 27601"
Hall& Associ@tes,Meridian Private Wealth,Nancy Hall,,,"1119 Cedar Way, Houston, TX 77001"
Wang Asset Management Group,Securities America,"Rivera, Jacob",,Jacob Rivera|Anthony Morris|Christopher Gomez|Andrew Sm1th|Mark Chen|Helen Morgan|Patricia Edwards,"1876 Main Dr, Kansas City, MO 64101"
Lee Group,Summit Peak Advisors,,,Barbara Lee|Christopher Green|Amanda Yang|Helen Smith|Barbara Reyes|Nancy King|Sarah Zhang,"607 Park Way, Dallas, TX 75201"
Campbell Asset ManagementGroup,Wells Fargo Advisors,Jim Campbell,,James Campbell|Jeffrey Rivera|Anthony Evans|Anthony Cruz|David Harris|Thomas Evans|Knneth Williams,"1765 Jefferson St, Las Vegas, NV 89101"
Baker Private Client Group,LPL Financial,,,Megan Wright|William Liu|Sarah Torres,
Adams Capital Group,DA Davidson & Co.,"@dams, Karen",,Karen Adams|Kevin Mooe,"6078 Commerce Rd, San Jose, CA 95101"
Wang & Johnson Partners,Morgan Stanley Wealth Management,,,Edwad Wang|Sarah Baker|Anthony Campbell|Timothy Turner,
Davis Partners,Northgate Investment Partners,Andrew Davi5,davisa@northgateinv.com,Andrew D@vis|Josph Flores|Edward Huang|William Parker|Jennifer Thomas,"9475 Main St, Charlotte, NC 28201"
Nguyen & Associates,Merrill Lynch,,ashley.nguyen@ml.com,,
Young Advisory Group,Cambridge Investment Research,Jeff Campbell,campbellj@cambridgeinv.com,,
Carter Advisory Group,Morgan Stanley,Amanda Nelson,nelsona@morganstanley.com,,
Alen Portfolio Group,LPL Financial,"Hill, Kevin",,Kevin Hill|Jason Lee|Barbara Nelson|Paul White,
Williams Wealth Partners,Cambridge Investment Research,Helen Williams,,Helen Williams|Kenneth Campbell|Ashley Martin,
Wilson Private Client Group,Oppenheimer & Co.,Rick Wilson,,,
Li Wealth Management Group,Woodbury Financial Services,Tony Liu,,Anthony Liu|Edward Taylor|Karen Torres|Jenn1fer Nguyen,
Thompson Retirement Solutions Group,Merrill Lynch,,,,"5400 Jefferson Pkwy, San Jose, CA 95101"
Hill Asset Management Group,LPL Financial,,,William Bar|Anthony Flres|Lisa Adams|Ashley Edwards|William Diaz|Edward Tores,
Young Private Wealth Grou,Wells Fargo,Michael Young,,,
Wilson Family Wealth Group,Edward Jones,"Wilson, Jeffry",,,"2272 Lincoln Way, San Diego, CA 92101"
Wright Private Client Group,Commonwealth Financial Network,Sarah Wright,,,
Thompson Investment Partners,Highfield Asset Management,Jason Harris,,,
Mitchell Wealth Advisors,Robert W. Baird & Co.,,mitchellj@rwbaird.com,Jacob Mitchell|Megan Huang|James Campbell|Jacob Baker|Susan Green,
Wang Private Wealth Group,Stifel Nicolaus & Company,,,,
Young Wealth Management,Highfield Asset Management,,,George Flores|Daniel N3lson|Michael Adams,
Wright Family Wealth Group,Janney Montgomery Scott,,rnguyen@janney.com,,
King Private Wealt Group,UBS Financial Services,,,,"4125 Cedar Rd, Las Vegas, NV 89101"
Carter & Williams Group,Securities America,,,Christopher Carter|Megan Edwards|Joseph Cruz|John Carter|Brian Diaz|Karen Mitchell,"607 Spring Ln, San Antonio, TX 78201"
Nelson Wealth Management Group,Commonwealth Financial Network,PatriciaNelson,,Patricia Nelson|Edward Evans|Anthony Chen|Megan Turner|Daniel King|Betty Adams|Amanda Kim,
Morgan & Wright Advisors,Commonwealth Financial Network,Ron Mor9an,,Ronald Morgan|Jacob Baker|William Campbell|Betty Anderson|Margaret Flores,
Sewart Financial Partners,Crestwood Family Office,"Campbell, Brian",,,"8742 Maple Ln, Indianapolis, IN 46201"
Davis Advisors,Summit Peak Advisors,"Baker, Josph",,,"269 Elm Ln, Philadelphia, PA 19101"
Johnson & Associates,Commonwealth Financial Network,Ashley Johnsn,,,"5224 Lincoln Rd, San Antonio, TX 78201"
Wilson Private Wealth Group,Janney Montgomery Scott,Rick Wilson,,,
Mitchell Wealth Management Grup,Cambridge Investment Research,,,Christopher Mitche1l|Sarah Johnson|Andrew Turnr|Lisa Hill|Susan Green,
Phillips Wealth Management Group,Woodbury Financial Services,"Moore, Brian",,,"728 Maple Pkwy, St. Louis, MO 63101"
Smith Investment Partners,Summit Peak Advisors,,,,"2112 Spring Way, St. Louis, MO 63101"
Chen Portfolio Group,Ameriprise Financial Services,"Collins, Linda",lcollins@ampf.com,,
Thompson Walth P@rtners,Merrill Lynch Pierce Fenner & Smith,Helen Thomp5on,,Helen Thompson|George Anderson|Emily Chen|Timothy Morgan|Karen Brown|Jason Flores|Andrew Jones,
Jones Wealth Advisors,Morgan Stanley Wealth Management,,,Antony Jones|Margaret Torres|Thomas Jackson|Steven Turner|Sandra Torres|Ronald Yag|Karen Young,
Jones Investment Group,Cetera Financial Group,,,,
Lee Private Client Group,Merrill Lynch,,,,"8505 Washington Court, Las Vegas, NV 89101"
Jackson C@pital Group,Edward Jones,Jackson Jennifer,,Jennifer Jackson|Thomas Chen|Jessica Parker|Sandra Khan|Jeffrey Diaz,
Edwards Wealth Advisors,Morgan Stanley Wealth Management,Linda Edwards,linda.edwards@morganstanley.com,,
Evans Wealth,Ridgeway Wealth Management,attHill,hillm@ridgewaywm.com,Matthew Hill|Thomas Parker|Steven Brown|Ryan Scott|Sarah Morgan|Helen Turner,
Collins Capital Group,Robert W. Baird & Co.,,,,"1379 Oak Ln, Houston, TX 77001"
Mo0re Private Wealth,Kingsbridge Capital Advisors,,,Ashley Moore|Paul Nguyen|Kenneth White|Ryan Phillips|Steven Thompson|Ryan Wilson,"4005 Main Dr, Minneapolis, MN 55401"
Edwards Capital Group,Securities America,"Edwards, John",jedwards@secam.com,,
Robert5 Capital Group,Edward Jones,"Robers, Richard",,,"883 Highland Way, Seattle, WA 98101"
Turner Group,Northgate Investment,Paul Turner,,Paul Turner|Edward Torres|Jacob Collins|Karen C0llins,"3527 Washington Ln, Phoenix, AZ 85001"
Nguyen Retirement Solutions Group,Hilliard Lyons,,,,
Chen Financial Partners,Harborview Private Wealth,Mark Chen,,,
Rivera Wealth Advisors,Merrill Lynch Pierce Fenner & Smith,,jrivera@ml.com,,"5891 Jefferson Court, Raleigh, NC 27601"
Wright Capital Partners,Meridian Private Wealth,,ewright@meridianpw.com,,"3050 Market Dr, Kansas City, MO 64101"
Diaz Portfolio Grop,Hilliard Lyons,Kevin Diaz,,,
Nguyen & Assocates,Ridgeway Wealth,Ashley Mitchell,mitchella@ridgewaywm.com,Ashey Mitchell|Kevin Rivera|Ashley Scott|Susan Adams|Jennifer Brown|Rachel Carter|Jacob Zhang|Edward Wang,
Parker Cpital,Meridian Private,,,,"666 Spring Blvd, Seattle, WA 98101"
Hill Retirement Solutions Group,Morgan Stanley Wealth Management,,khill@morganstanley.com,,
Thompson Wealth Management Group,Robert W.,,jthompson@rwbaird.com,,"7926 Cedar Pkwy, San Antonio, TX 78201"
Hil Financial Group,Edward Jones,,rhill@edwardjones.com,,
Jones Wealth Mana9ement Group,Robert W. Baird & Co.,Jess1ca Kim,jessica.kim@rwbaird.com,,
Mille Institutional Group,Securities America,,,,
Andrson Private Wealth Group,Cambridge Investment,Joe Williams,,,
Carter Asst Man@gement Group,Edward Jones,Tim Anderson,,,
Davis Wealth Management Group,Robert W. Baird & Co.,,,Patricia Davis|Donald Hall|Dorothy Campbell|Jessica 1iu|Amanda Taylor|William Martin|Joseph Mitchell,
Brown Financial Group,Wells Fargo Advisors,Bob Brown,,Robert Brown|Amanda Khan|Jessica Reyes|Robert Reyes|RichardDiaz,"2736 Main Court, Minneapolis, MN 55401"
Brown Family W3alth Group,Wells Fargo Advisors,Emily Thomas,,,"5749 Lincoln Rd, Raleigh, NC 27601"
Khan Group,Highfield Asset Management,Mark Khan,mkhan@highfieldam.com,Mark Khan|Pau Morgan|Linda Kim|Megan Garcia|John Lee|Rachel Moris|Amanda Collins,
Che In5titutional Group,Woodbury Financial Services,,,Rachel Chen|Betty King|Christopher Jacksn|Jacob Williams|Jessica Smith|Andrew King|Anthony Thomas,
Johnso ealth Partners,Robert W. Baird & Co.,,,Anthony Johnson|John Moore,
Nelson Capital Group,DA Davidson & Co.,,,,
Miller Financil Group,Oppenheimer & Co.,,jeff.garcia@opco.com,,
Harris Retirement Solutions Group,Stifel Nicolaus & Company,"Edwards, Ashley",aedwards@stifel.com,Ashley Edwards|Kevin Smith|Jessica Liu|Ronald Rivera|Timothy Green|Richard Taylor|Kevin Thomas,
Rivera Partners,Northgate Investment Partners,,,,
Wilson Fin@cial Group,Merrill Lynch,,,Richard Wilson|Susan Yang|Richard Zhang|George Huang|Dorothy Flores|5andra White|Daniel White|Joseph M1ller|Christopher Wilson|Thomas Stewart|Linda Torres,
Wilson Wealth,Parkside Wealth Strategies,,,,"5569 Madison Way, Houston, TX 77001"
Thompson FamilyOfice,Kingsbridge Capital Advisors,,,Sandra Thompson|Megan Chen,"5132 River Way, Chicago, IL 60601"
Turner Financial Group,Oppenheimer &,,matt.turner@opco.com,,
Khan Financial Partners,Harborview Private Wealth,,,Charles Cartr|Robert White|Jason Taylor|George Diaz|Donald Parker|Jacob Johnson|William Thomas,
Reyes InstitutionalGroup,Woodbury Financial,Nancy Reyes,,,
Turner Institutional Group,Merrill Lynch Pierce Fenner & Smith,"Turner, Karen",,,
Johnson Family Office,Parkside Wealth Strategies,,,,"3134 Market Ave, Nashville, TN 37201"
Cmpbell Advisory Group,Merrill Lynch Pierce Fenner & Smith,"Campbell, Kevn",campbellk@ml.com,,
Edwards Tax & Wealth Group,Cambridge Investment,,,,
Martin Wealth,Highfield Asset Management,,,,
Turner Advisory Group,Raymond James Financial Services,Meg@n Turner,,,
Taylor Wealth Advisors,Cetera Financial Group,Edward Taylor,,,
Wright Asset Management,Parkside Wealth Strategies,"Wright, Daniel",,,
Martin Capital Partners,Crestwood Family Office,Steven Martin,,,
Nelson Private Wealth Group,Hilliard Lyons,,,,"4155 Elm Court, Austin, TX 78701"
urner Wealth Management Group,Oppenheimer & Co.,"Turner, James",turnerj@opco.com,James Turner|Susan Williams|Linda Flores|Margaret Allen|Jessica Nelson|Susan Allen|Joseph White,
Harris Private Wealth Group,Securities America,"Hall, Andrew",,Andrew Hall|Matthew Sc0tt|Kenneth Parker|Robert Davis,
Turner Tax & Wealth Group,Securities America,"Turner, Daniel",,Daniel Turner|Jessica Davis|Nany Huang,
M1ller Financial Group,Stifel Nicolaus & Company,Sandra Chen,,,"7045 Willow Rd, Atlanta, GA 30301"
Diaz Private Wealth Group,Wells Fargo Advisors,"Diaz, R0bert",rdiaz@wellsfargoadv.com,,
Crter Tax & Wealth Group,Robert W.,ndrew Carter,acarter@rwbaird.com,,
Edwards Private Wealth Group,Ameriprise Financial Services,Sarah Miller,,,
Smith Asset Management,Parkside Wealth,"Wilson, Paul",wilsonp@parksidewealth.com,Paul Wilson|Donald Brown|Michael Morris,
Phillips Wealth Managemnt,Clearwater Capital Group,"Phillips, Richard",,,
Campbell Wealth Management Group,Ameriprise Financial,"Campbell, Thomas",,,"2862 Highland Ln, San Antonio, TX 78201"
Gomez Wealth Advisors,Morgan Stanley Wealth Management,"Gomez, Karen",,,
Huang & Associates,Securities America,Betty Huang,,,
Jones Financial Partners,Meridian Private Wealth,Jason Parker,jparker@meridianpw.com,Jason Parke|Rachel Nelson|Nancy Diaz|Betty Taylor|Joseph Torres|Paul Jones|Lisa Zhang,"7048 Washington Blvd, Washington, DC 20001"
Gomez Asset Management,Harborview Private Wealth,Ron Chen,,Ronald Chen|Chistopher Chn|Barb@ra Nelson,
Phillips Investment Partners,Clearwater Capital,"Stewrt, Christopher",,Christopher Stewart|Donald Allen|Rachel Taylor|Nancy Thomas|Richard Morgan|George Morris,
Morgan Tax & Welth Grou,Securities America,,helen.kim@secam.com,,
Rivera Capital Group,Hilliard Lyons,Helen Jones,,elen Jones|Anthony Diaz|Susan Lee|Megan Scott,"7563 Elm Court, Boston, MA 02101"
Liu Asset Management Group,Woodbury Financial,,,Mark Adas|Linda Torres|Anthony Johnson|Charles Goez|Margaret Garcia|Edward Martin|Jacob Patel,
Gomez Portfolio Group,Robert W. Baird & Co.,Jason Gomez,jgomez@rwbaird.com,,"1035 River Ave, Minneapolis, MN 55401"
Evns & As5ociates,Parkside Wealth Strategies,B@rbara Ki,,,
Baker In5tiutional Group,Woodbury Financial,Jo3 Baker,,Joseph Baker|Jessica Stewart|Patricia Thompon|Rachel Martin,
Roberts Retirement Solutions Group,UBS Financial Services,,,,
Carter & Associates,Clearwater Capital Group,Mich@el Cart3r,mike.carter@clearwatercap.com,,
Moore Institutional Group,Oppenheimer & Co.,Ed Moore,,,
Smith Wealth Management Group,Woodbury Financial Services,,,,"1802 Highland Ave, San Jose, CA 95101"
Young Wealth Management,Harborview Private Wealth,Daniel Young,,Daniel Young|Joseph Roberts|Rona1d Williams|Betty Yang,
Yang Capital,Kingsbridge Capital Advisors,"Morgan, Jennifer",,Jennifer Morgan|Patricia Edwards|Linda Yang|Christopher Chen|Thomas Jackson|Jessica Taylor,"5150 Hill Ln, Atlanta, GA 30301"
6aker Financial Group,Janney Montgomery Scott,Jessica Bake,bakerj@janney.com,Jssica Bak3r|Edward Mitchell,
Adams Investment Group,Edward Jones,,,Paul Rivera|Margaret Harris|Paul Diaz|Kevn Morgan,
Rivera Partners,Ridgeway Wealth Management,"3vans, Daniel",,Daniel Evans|Matthew Smith|Sarah Morgan|Richard Harris,
Baker Private Wealth,Meridian Private Wealth,,,,
Rivera A5set Management roup,Raymond James Financial Services,"Liu, Lisa",liul@raymondjames.com,,
Davis Advisory Group,Cambridge Investment,"Taylor, Nancy",,,
Evans Wealth Advisors,Janney Montgomery Scott,,,,"5820 Hill Court, Houston, TX 77001"
Stewart Asset Management Group,Oppenheimer & Co.,Lisa Scott,lisa.scott@opco.com,,
Mitchell Institution@l Group,Wells Fargo Advisors,,,,"7323 Willow Pkwy, Boston, MA 02101"
Moore Investment Partners,Parkside Wealth Strategies,,jacob.kim@parksidewealth.com,,
Collins Group,Meridian Private,,,Richard Collins|Nancy Brown|Steven Mitchell,"6283 Jefferson Rd, San Francisco, CA 94101"
Huang Portfolio Group,Woodbury Financial Services,,,,
Phil1ips Advisory Group,Commonwealth Financial Network,"Edwards, Jeffrey",,,"5109 Commerce Ln, Raleigh, NC 27601"
Kim W3alth Advisors,Merrill Lynch,,ron.kim@ml.com,Ronald Kim|Sarah Campbll|Edward Brown|Jessica Young|Matthe Garcia|Amanda Flores|Kevin King,
J0nes Ta & W3alth Group,LPL Financial,"Evans, Linda",evansl@lpl.com,,
King & Associates,Morgan Stanley,,kingk@morganstanley.com,,"8129 Oak Blvd, Dallas, TX 75201"
Harris Financial Group,Commonwealth Financial Network,,susan.harris@commonwealth.com,,
Gomez Family Wealth Group,Robert W. Baird & Co.,Sarah Gomez,,,"2925 Washington Pl, Philadelphia, PA 19101"
King Retirement Solutions Group,Janney Montgomery Scott,,kingl@janney.com,,
Edwards & Moore Partn3rs,Raymond James Financial Services,"Edwards, Linda",linda.edwards@raymondjames.com,,"2620 Cedar Way, Philadelphia, PA 19101"
Wi1liams Family Offie,Crestwood Family Office,,,,
DiazTax & Wealth Group,Morgan Stanley Wealth Management,Daniel Diaz,,Daniel Diaz|Timothy Hill,"6249 Lake Pl, Philadelphia, PA 19101"
Gomez Financial Partners,Kingsbridge Capital Advisors,Dan Gome,gomezd@kingsbridgecap.com,,
Cruz Instituti0nal Group,Merrill Lynch Pierce Fenner & Smith,Paul Cruz,,,"3831 Cedar Way, Austin, TX 78701"
Reyes F@mily Wealth Group,UBS Financial Services,,,,
Kim Family Wealth Grop,UBS Financial Services,,,Rachel Parker|John L1u|Betty Edwards,
Smith Wealth Partners,Woodbury Financial,Kenneth Jones,,,"6089 Market Pkwy, Memphis, TN 38101"
Morris Capital Group,Commonwealth Financial Network,,bob.morris@commonwealth.com,Robert Morris|Betty Harris|Barbara Torres|Rachel Carter,
Morgannvestment Group,Merrill Lynch,,,,"9218 Park Pkwy, San Diego, CA 92101"
Torres Finncial Group,Hilliard Lyons,Tim Torres,tim.torres@hl.com,,"3516 Park Court, Miami, FL 33101"
Nelson Tax & Wealth Group,Janney Montgomery,Stev3 Nelson,,Steven Nelson|Jennifer Flores,
Scott Financial Partners,Ridgeway Wealth Management,"Scott, Betty",betty.scott@ridgewaywm.com,,"5395 Oak Ln, Denver, CO 80201"
Anderson Wealth Management Group,LPL Financial,,tim.stewart@lpl.com,,
Nguyen Financial Partners,Meridian Private Wealth,"King, Helen",hking@meridianpw.com,Helen Kin|Charles Ch3n|Charles Carter|Betty Miller|Thomas Lee,"4067 Maple Ave, San Jose, CA 95101"
Flores Institutional Group,LPL Financial,Helen Flores,,,"2076 Main Blvd, San Diego, CA 92101"
Young Advisory Group,Raymond James Financial Services,"Young, Christopher",,,
Wilson FinancialGroup,Wells Fargo Advisors,,wilsonm@wellsfargoadv.com,,"8724 Washington Court, Las Vegas, NV 89101"
Gomez Retirement Solutions Grou,UBS Financial Services,Brian Gomez,,Brian Gomez|Megan King|Nancy Davis,"8100 Cedar Dr, Washington, DC 20001"
Flores Capital,Kingsbridge Capital Advisors,,,Linda Flores|Nancy Young|M1chael Yang|Jacob Mitchel|Ryan Yang,
Huang Capital Partners,Meridian Private Wealth,Megan Huang,,,
Brown Asset Management Group,UBS Financial,Meg@n Bron,,Megan Brown|Matth3w Wang|Joseph Reyes|Jennifer Green|Patricia Chen,"4130 Lake Ln, Portland, OR 97201"
Flores Wealth,Crestwood Family Office,,,,
Baker Family Wealth Group,Securities America,,ebaker@secam.com,,"7480 Jefferson Dr, Boston, MA 02101"
Taylor & Associates,LPL Financial,,,Daniel Taylor|Daniel Reyes|Christopher Jackson|Jennifer Phillips,
Moore Financial Group,Morgan Stanley Wealth Management,Davis Charles,,,"549 River St, Raleigh, NC 27601"
Nguyen Financial Group,Robert W. Baird & Co.,,,Karen Nguyen|Brin Scott|Robert Thompson|Margaret Wag|Christopher Edwards|Amanda Edwards|Matthew Thomas,"530 Lake Pkwy, Denver, CO 80201"
Thompson Wealth,Kingsbridge Capital Advisors,,,,
Johnson Private Wealth,Crestwood Family Office,,,Amanda Johnson|Jennifer Carter,
Edwards Investment Group,UBS Financial Services,Barb@a Edwards,,Barbara Edwards|Ronald Cruz|Matthew Smith|James Baker|James Carter|Margaret Huang|William Carer,"5758 Commerce Blvd, Minneapolis, MN 55401"
Lee Wealth Partners,Cetera Financial Group,,,,"8340 River Ln, Miami, FL 33101"
Miller Investment Partners,Crestwood Family Office,Ronald Miller,,,
Roberts Capital,Northgate Investment Partners,,,,"2383 Main Blvd, San Francisco, CA 94101"
Parker Group,Summit Peak Advisors,Jeffrey Yang,,Jeffrey Yang|Ryan Huang|Ashley Williams|Charles Scott,
Stewart Asset Mnagement Group,Hilliard Lyons,Lisa Stewar,,,
Stewart Capital Group,Robert W. Baird & Co.,Andy Wang,,,"9413 River Way, Charlotte, NC 28201"
Chen Financial Partner,Clearwater Capital Group,,,Mark Zhang|Paul Zhang|Jason Reyes|Amanda Reyes|Amanda Phillips,
Jones & Associat3s,Cetera Financial Group,,,,"3715 Oak Dr, Dallas, TX 75201"
Phillips Private Wealth Group,Wells Fargo Advisors,David Anderson,,,
Tores Advisors,Highfield Asset Management,,,,
Adams & Associates,Robert W. Baird & Co.,,,Rachel Adams|Kevin Parker|Nancy Young|Andrew Taylor|Barbara Flores|Kevin Kim|Mark Williams,
Stewart Wealth Management Group,Ameriprise Financial Services,"Edwards, Patricia",,,
Mill3r Private Wealth Group,Janney Montgomery Scott,,,Thomas Miller|Paul Martin,"8443 River Pkwy, Seattle, WA 98101"
Le Wealth Management Group,National Planning Holdings,Bill Lee,leew@nph.com,William Lee|Andrew Wang|Emily Anderson|John oung|Emily Phillips|Anthony Johnson|Timothy Flores,
Liu Wealth Partners,Janney Montgomery Scott,"Liu, Michael",mliu@janney.com,Michael Liu|Paul Cruz|Anthony Jone5|John Khan|L1sa Torres|James Jacks0n|David Torres,"1502 Maple St, Houston, TX 77001"
Rivera & Davis Group,Crestwood Family Office,,,,
Scott Tax & Wealth Group,Cambridge Investment Research,James Campbell,,James Campb3ll|Paul Reyes|Kevin Wilson|Ashley Carter,"1279 Lincoln St, San Jose, CA 95101"
Baker Wealh Management Group,Raymond James Financial Services,Steven Brown,,,"2657 Spring Dr, Los Angeles, CA 90001"
Garcia Tax & Wealth Group,Wells Fargo Advisors,Joe Garcia,,Joseph Garcia|Amanda Thomas|Steven Davis|Robert Hill,
Zhang Asset Management Group,Wells Fargo Advisors,6rian Zhang,,,"5434 Hill Way, New York, NY 10001"
Hall Tax & Wealth Group,Commonwealth Financial,Mathew Hal1,,,
Stewart Capital,Clearwater Capital Group,Ja5on Stewart,,Jason Stewart|Robert Stewart|Amanda Green|Edward Gomez|Thom@s King|Jacob White|Donald Flores,"5025 Main Court, St. Louis, MO 63101"
Cruz Wealth Management Group,UBS Financial Services,Richard Cruz,,Richard Cruz|Richard Morgan|Timothy Chen|Paul Morgan|Michael Johnson|Megan Evans,"9640 Lake Ave, Kansas City, MO 64101"
Davis Capital,Ridgeway Wealth Management,Barbara Dais,,Barbara Davis|Brian Anderson|Susan Campbell|Ashley Zhang|Kenneh Reyes|Will1am Wright|Timothy Gomez,
Evans Capital,Meridian Private Wealth,"Evans, Steven",,,
Diaz Investment Grup,Cetera Financial Group,,,,"7951 Highland Ln, San Antonio, TX 78201"
Morgan Investment Group,Oppenheimer & Co.,"Morgan, William",,William Morgan|Matthew Johnson|Jeffrey Green|Linda Baker,
Campbell Advisory Group,Commonwealth Financial Network,Amanda Cambel1,,Amanda Campbell|James Rivera|Ronald Yang|Thomas Martin|Micael Rivera,"6414 Jefferson Court, San Francisco, CA 94101"
Turner Capital Group,Woodbury Financial,"Turner, Mark",,,
Brown Wealth Advisors,National Planning Holdings,,,Daniel Brown|Nancy Diaz|Christopher Johnson|David Adams|Charles Gomez|Sarah eyes|Joseph Cruz,"3053 Lake Ln, Baltimore, MD 21201"
Diz Retiremnt Solutions Group,Raymond James Financial Services,,,Nancy Diaz|Jacob Davis|DavidZhang|John Carter|Paul Smith,"6672 Highland Ln, New York, NY 10022"
Evans Partners,Ridgeway Wealth Management,,,,"9405 Commerce Ln, Phoenix, AZ 85001"
White Tax & Wealth roup,Cambridge Investment,Margaret White,,,"3487 Willow St, Philadelphia, PA 19101"
Williams Investment Group,Morgan Stanley Wealth Management,,,,
Chen Partners,Northgate Investment Partners,6arbara Chen,,,"5858 Madison Rd, Austin, TX 78701"
Morgan ealth,Crestwood Family Office,,,,"2177 Park Ln, San Diego, CA 92101"
Phillips & Associates,Harborview Private Wealth,Dan Phillips,dphillips@harborviewpw.com,Daniel Phillips|Joseph Morris|Kevin River|Joseph Stewart|Kenneth Evans|Jessica Jackson,
Campbell Wealth Partners,Cetera Financial Group,"Morris, Christ0pher",,Christopher Morris|Emily Chen|Ronald Garcia|Barbara Diaz|Susan Lee,"335 Elm Ave, San Antonio, TX 78201"
Adams Capital Group,Commonwealth Financial,,sandra.adams@commonwealth.com,,
Huang Captal,Kingsbridge Capital Advisors,"Huang, George",huangg@kingsbridgecap.com,,"3005 Spring St, Las Vegas, NV 89101"
Brown Advisory Group,Edward Jones,"Brown, Rachel",rbrown@edwardjones.com,,
Jones Private Wealth,Summit Peak Advisors,Rick King,rking@summitpeakadv.com,,"4168 Commerce Rd, San Diego, CA 92101"
Nelson Wealth Advisors,LPL Financial,,,,
Turner Investment Group,Morgan Stanley Wealth Management,,,Donald Turner|Jacob Hill,
Cruz Portfolio Group,Morgan Stanley,Charles Harris,,,
Martin Investment P@rtners,Highfield Asset Management,Betty Martin,,,"4455 Oak Rd, Portland, OR 97201"
Taylor Financial Group,Raymond James Financial Services,,,,"7373 Madison Ave, Houston, TX 77001"
Zhang Investment Group,Morgan Stanley Wealth Management,,,Jeffrey Zhang|Rachel Moore|David Collins|Susan Gomez,"8672 River Ln, Memphis, TN 38101"
Mitchell Wealth Advisors,Oppenheimer & Co.,,,Nancy Mitchell|Matthew Parker,"6665 Hill Pkwy, Portland, OR 97201"
Thomas Tax & Wealth Group,Robert W. Baird & Co.,,,Lisa Thomas|Helen Adas|Margaret Garcia|Kevin Allen,
White Family Wealth Group,Janney Montgomery Scott,,,Sandra Gomez|Brian W1lliams|Jacob Stewart|Daniel Kng|Amanda Adams,"3779 Jefferson Dr, Baltimore, MD 21201"
Allen Financia1 Group,Ameriprise Financial,Megan Allen,mallen@ampf.com,Megan Allen|Brian Martin|Daniel Collins|Linda Williams,
Smith Investment Group,National Planning,"Smith, John",,,
King Wealth,Ridgeway Wealth Management,,dking@ridgewaywm.com,,"2715 Madison Way, Chicago, IL 60601"
Williams Private Wealth Group,Woodbury Financial,"Williams, Margaret",,,
Carter Inve5tment Group,Cetera Financial Group,,,Karen Carter|Robert Turner|George Allen|Jason Young|Kevin Wright|John Edwards|Mark Liu,"9547 Highland Pl, Philadelphia, PA 19101"
Hill Advisory Goup,National Planning Holdings,,,Helen Hill|Megan Morris|John Campbell|Joseph Martin|Andrew hillips,"8734 Park Rd, Portland, OR 97201"
Williams Investment Group,Cambridge Investment Research,,phillipsj@cambridgeinv.com,,
Nelson Tax & Wealth Group,Commonwealth Financial Network,Margaret Zhang,mzhang@commonwealth.com,,
Scott Wealth Mangement Group,Morgan Stanley Wealth Management,,scottw@morganstanley.com,,
Stewart Wealth Partners,Woodbury Financial Services,,,,
Moore Private Wealth,Harborview Private,Kevin Chen,,Kevin Chen|Robert Le|Matthew Phillips,"487 River Dr, San Francisco, CA 94101"
Brown Institutional Group,Hilliard Lyons,Ashley Nguyen,,Ashley Nguyn|Jennifer Smith|Robert Morgan|Sarah Thomas|Michael Miller|Jessica Patel,
Baker Finacial Partners,Crestwood Family Office,Sarah B@ker,,,"6387 Oak Dr, Atlanta, GA 30301"
Scott Private lien Group,Robert W. Baird & Co.,,,Robert Lee|Sandra Floes|Timothy Jones|Brian Thompson|Ronald Green|Karen Williams,
Patel Private Client Group,Cambridge Investment Research,Jacob Patel,jpatel@cambridgeinv.com,Jacob Patel|Jennifer Jones|Ashley Campbell|Christopher Edwards|Ashley Cruz|Karen Stewart,
Thomas We@lth Management Group,Commonwealth Financial Network,,,Patricia Thomas|George Martin|Jacob Garcia|Megan Nguyen|Kenneth Johnson,"6437 Hill Ln, Los Angeles, CA 90001"
Bron Partner,Highfield Asset Management,"Mrris, Robert",,,
Chen Capital,Parkside Wealth,"Baker, arbara",bbaker@parksidewealth.com,Barbara Baker|Nancy Wright|Thomas White|Jason Wang|Edward Nguyen,"7409 Lake Court, Denver, CO 80201"
Young Private Wealth,Northgate Investment Partners,,,,"1975 Park Way, Portland, OR 97201"
atel Investment Group,Securities America,Mark Nguyen,,,
Nguyen Investment Group,Commonwealth Financial Network,,,,
Roberts Advisory Group,Cambridge Investment,,,,
Hall Family Office,Highfield Asset Management,,halls@highfieldam.com,,"5966 Park Pkwy, Denver, CO 80201"
Brown Investment Partners,Clearwater Capital Group,,browna@clearwatercap.com,,
Morgan Group,Highfield Asset,,,,
Harris & Assocites,Ameriprise Financial Services,,,Timothy Harris|Charles Evans,"5308 Hill Blvd, Dallas, TX 75201"
Martin Asset Man@gement,Highfield Asset Management,,jmartin@highfieldam.com,,
Parker Capital,Highfield Asset,Steven Parker,parkers@highfieldam.com,StevenParker|Joseph Scott|Amanda Anderson|Kevin Smith,"8089 River Way, Phoenix, AZ 85001"
Nelson Advisory Group,Ameriprise Financial Services,,,,"7971 Highland Ave, Minneapolis, MN 55401"
Zh@ng Private Wealth Group,DA Davidson & Co.,Tim Garcia,,,
Hill & Associates,Harborview Private Wealth,,,,
Anderson Tax & Wealth Group,Commonwealth Financial,,,Betty And3rson|Kevin Turner|Daniel Wilsn|Steven Hall|Betty Diaz|Helen Green,"1345 Elm Blvd, Denver, CO 80201"
Cruz Capital Group,Ameriprise Financial,Bob Cruz,,,
Thomas Private Wealth,Harborview Private Wealth,"Thomas, Daniel",,,"2579 Market St, Las Vegas, NV 89101"
Jones Advisory Group,Janney Montgomery Scott,,,Ryan Jones|Patricia Chen|Ryan Miller|William Scott,
Campbell Capital,Highfield Asset,Sar@h Campell,,,"3061 Highland Ave, Los Angeles, CA 90001"
Green Finanial Group,Ameriprise Financial Services,,,John Green|Anthony Miller,
Yang Investment Partners,Summit Peak Advisors,etty Yag,,Betty Yang|Christopher Scott|Sarah Smith|Mark Torres,"5223 Highland Dr, San Antonio, TX 78201"
Edwards Tax & Walth Group,Stifel Nicolaus & Company,,,,
Jones & Cruz Partners,Meridian Private Wealth,,,Megan Jones|Patrica Williams|Mark Miller|Ronald Khan|Patricia Smith,
Mitchell Institutional 9roup,Hilliard Lyons,,,,"2163 Highland Dr, Austin, TX 78701"
Wright Ivestment Partnes,Parkside Wealth Strategies,Tim Rees,reyest@parksidewealth.com,,"6176 Park Ln, Charlotte, NC 28201"
ParkerInv3sment Partn3rs,Kingsbridge Capital Advisors,Susa Nelon,,,"5169 Market Ave, Portland, OR 97201"
Wilson Institutional Group,Edward Jones,,lmorris@edwardjones.com,Lisa Morris|Thomas orris|William Garcia|Amanda Chen,
Adams Wealth Partners,LPL Financial,,,,"3581 Spring St, Memphis, TN 38101"
Wilson & Thomas Partners,Wells Fargo,,,,
Parker Private Client roup,Morgan Stanley Wealth Management,,,,
Harris Wealth Management Group,Cambridge Investment,Robert Harris,,,"5184 Main St, Kansas City, MO 64101"
Khan & Associates,Morgan Stanley Wealth Management,,,David Khan|James Wang|Lia Hall|Steven Thomas|Daniel Miller,"3386 Hill Dr, Chicago, IL 60601"
Davis Private Wealth,Crestwood Family,"Davis, Richrd",,,
Khan Institutional Group,DA Davidson,Amanda Khan,,,"873 Maple Dr, Las Vegas, NV 89101"
Edwards Portfolio Group,Cetera Financial,Sarah Edwards,sarah.edwards@cetera.com,,"2210 Willow Pkwy, New York, NY 10001"
Yang Retirement Solutions Group,Merrill Lynch Pierce Fenner & Smith,Jennifer Yang,,,"3650 Madison St, Kansas City, MO 64101"
Thompson Tax & Wealth Group,Edward Jones,,,Brian Thompson|Margaret Williams|Joseph Torres|Matthew Khan|Kev1n Patel|Helen Nelson|Amanda aris|Dorothy Torres|Rachel Hall|Jacob Morgan,
White Investment Group,Morgan Stanley Wealth Management,Lisa White,,,
Martin & Morgan Group,Commonwealth Financial Network,,,Robert Martin|Edward Hill,
Jack5on Investment Group,National Planning Holdings,"Jackson, Jason",jacksonj@nph.com,,
Liu Wealth Partners,DA Davidson & Co.,Susan Liu,,Susan Liu|James Williams|Barbara Cruz|George Campbell|Rachel Moore|Sarah Morgan,
Chen & Associates,Parkside Wealth,Jessica Chen,jchen@parksidewealth.com,,
Torres Wealth Advisors,Raymond James,Mike Torres,,,
Edwards Institutional Group,National Planning Holdings,,,,
Rivera Retirement Solutions Group,UBS Financial Services,Kevin White,,Kevin White|Steven R1vera|Richard Smith|Jason Gmez|Sarah Taylor|Sarah King|James Nguyen|Andrew Adams,"5962 Cedar Blvd, Dallas, TX 75201"
Edwards Wealth Management,Highfield Asset Management,,dedwards@highfieldam.com,,"6410 Spring Pl, Houston, TX 77001"
Reyes Wealth Management,Harborview Private Wealth,,,Jacob Reyes|Amanda Thomas,"8981 Oak Ave, San Francisco, CA 94101"
Davis Private Wealth,Ridgeway Wealth Management,,,,"2486 Hill Ave, Washington, DC 20001"
Collins Wealth Man@gement Group,Robert W.,,,,
Wang Family Wealth Group,Cambridge Investment Research,David Wang,david.wang@cambridgeinv.com,David Wang|Mark Edwards|John Davis,
Gomez Retirement Solutions Group,Cetera Financial Group,,,,"6351 Willow Ln, San Jose, CA 95101"
Nguyen Asset Management,Kingsbridge Capital Advisors,,,,"5136 River Dr, Chicago, IL 60601"
Brown Capial Group,Woodbury Financial Services,,,,"3372 Main Pl, Denver, CO 80201"
Diaz Private Wealth Group,LPL Financial,"Zhang, Andrew",,,"7243 Lake Ln, Nashville, TN 37201"
Brown Private Wealth,Parkside Wealth Strategies,,,,
Scott Family Wealth Group,Janney Montgomery Scott,Rachel Scott,rachel.scott@janney.com,Rachel Scott|Thomas Wilson|Richard Baker|Matthew Wilson,
Moore & Associates,Securities America,"Moore, Kenneth",kmoore@secam.com,,
Haris Group,Kingsbridge Capital Advisors,"H@rri5, Brian",,Brian Harris|Susan Morris|J0seph Harris|Richad Young|Karen Morris,
Wil5on Group,Meridian Private Wealth,,nancy.wilson@meridianpw.com,Nancy Wilson|Paul Zhang|W1lliam White|Jeffrey Green,"6209 Oak Dr, San Antonio, TX 78201"
Davis Private Wealth Group,Morgan Stanley Wealth Management,James Davis,,,"3555 River Ln, Los Angeles, CA 90001"
Cruz Retirement Solutions Group,Commonwealth Financial Network,Barbara Cruz,cruzb@commonwealth.com,Barbara Cruz|Thomas Stewart|Thomas Yang|Patricia Baker|John Parker|Thomas Green,"555 Willow Pl, Boston, MA 02101"
Allen Portfolio Group,UBS Financial,,,Matthew Hill|Ashley Edwards|Brian M0rgan,"7741 Commerce Pkwy, Charlotte, NC 28201"
Jones Advisory Group,Janney Montgomery Scott,,,,"5796 Jefferson Ln, New York, NY 10001"
Rivera Wealth Management Group,National Planning Holdings,Magaret Rivera,,Margaret Rivera|Linda King|Michael Parker|Jacob Scott,
Wilson & Lee Group,Kingsbridge Capital,Daniel Wilson,,,
Edwards Capital Group,Raymond James Financial Services,Tom Edwards,,,"9437 Lake Dr, Kansas City, MO 64101"
White Advisors,Summit Peak Advisors,Joseph Brown,joe.brown@summitpeakadv.com,,"1930 Maple Ln, Indianapolis, IN 46201"
Dav1s Portfolio Group,Commonwealth Financial Network,Joe Davis,,,"8735 Spring Ave, Minneapolis, MN 55401"
Wlson Advisory Group,Securities America,Dorothy Wils0,dorothy.wilson@secam.com,,
hen Wealth Partners,LPL Financial,,,,
Ne1son Institutional Group,Merrill Lynch Pierce Fenner & Smith,,,Paul Nelson|1isa Diaz,
Turner Wealth,Harborview Private,,,Dorothy Turner|Paul Brown|Michael Moore|Jason Hall,
Morgan Asset Management,Clearwater Capital Group,"Morgan, Steven",steve.morgan@clearwatercap.com,,
Brown Wealth Partners,DA Davidson & Co.,Sandra 6rown,sandra.brown@dadavidson.com,Sandra Brown|Susan Jones|argaret Jones|Susan Taylor|Jeffrey Hall|Timothy Adams,
Young Capital P@rtners,Kingsbridge Capital Advisors,"Young, Mark",,,"7696 Madison Way, Dallas, TX 75201"
Campbell & Associates,Wells Fargo Advisors,"Campbell, Kevin",,,"8619 Spring Ln, Chicago, IL 60601"
Huang Wealth Management,Kingsbridge Capital Advisors,,,Jacob Huang|Jason Nelson,
Brown Financial roup,Woodbury Financial Services,Jason Brown,,,
Morgan Tax & Wealth Group,Edward Jones,Rick Mogan,,,
Scott Family Office,Kingsbridge Capital,,,Helen Scott|Jennifer Patel|Brian Wang|Kevin Taylor,"7436 Elm Rd, Atlanta, GA 30301"
Hall Financial Group,Oppenheimer & Co.,,,Richard Hall|Brian Hill|Kenneth Wang,
Liu Family Wealth Group,Raymond James,,,,
Hill Partners,Highfield Asset Management,"Hill, Emily",,,"7597 Lincoln Pl, Phoenix, AZ 85001"
Rivera Capital Partners,Crestwood Family Office,,ron.martin@crestwoodfo.com,,
Wright Family Office,Crestwood Family Office,,,,"3296 Washington St, Minneapolis, MN 55401"
Hil Tax & Wealth Group,Hilliard Lyons,,hillr@hl.com,Robert Hill|Steven Thmpson|George Sctt|Thomas Jackson|Betty Martin|Rachel Wang,"9411 Cedar Pl, Charlotte, NC 28201"
M1ller Tax & Wealth Group,Robert W. Baird & Co.,,,,
Miller Retirement Solutions Group,Stifel Nicolaus & Company,Anthony Zhang,,,"6040 Jefferson Pl, Chicago, IL 60601"
Scott Advisory Group,Cambridge Investment Research,,,,
Garcia Priv@te Client Group,Janney Montgomery Scott,"Garcia, Anthony",,Anthony Garcia|Helen Nelson|Steven Evans,"841 Jefferson Way, St. Louis, MO 63101"
HuangPrivate Wealth,Parkside Wealth Strategies,Megan Huang,,,"8401 Park Ln, Washington, DC 20001"
Hill Tax & Wealth Group,Commonwealth Financial Network,Jacob Hill,hillj@commonwealth.com,,"7819 Market Way, Baltimore, MD 21201"
Anderson & Associates,Kingsbridge Capital Advisors,,,,"9611 Park Court, Houston, TX 77001"
Thompson Wea1th Partners,Oppenheimer & Co.,Amanda Mitchell,mitchella@opco.com,,"8689 Main Ln, Minneapolis, MN 55401"
Taylor Famiy Office,Parkside Wealth Strategies,"Taylor, Timoth",ttaylor@parksidewealth.com,,
Roberts Capital Partners,Ridgeway Wealth,,,,
Morris Wea1th Management Group,Woodbury Financial Services,"Moris, Jeffrey",,Jeffrey Morris|Sandra Parker|Ryan Diaz|Brian Torres|Steven Young|David Gomez,
Morris Financial Partners,Crestwood Family Office,Bob Morris,,,"4444 Commerce Way, Philadelphia, PA 19101"
Wright Partners,Parkside Wealth,Robert Wright,,Robert Wright|Daniel Morris|Paul Hill|George Thompson|J@cob King,
Smith Investment Partners,Summit Peak,"Torres, Steven",,,
Hill Financial Group,LPL Financial,@ndy Hall,,,
Jone5 Family Office,Summit Peak Advisors,"Jones, Rachel",,Rachel Jones|Charles Kim|Lisa Harris|Jessica Martin|William Carter|Barbara White|John Kim|Michael Johnson,"9878 Elm Blvd, Dallas, TX 75201"
Kim Advsors,Summit Peak Advisors,,,,
Chen Asset Management,Parkside Wealth,Karen Chen,,Karen Chen|Rachel Carter|Anthny Harris|George Young|Michael Riv3ra,"8627 Lake Ln, Boston, MA 02101"
Lee Private Client Group,Edward Jones,,,,
Mitchel1 Wealth Management Group,Cambridge Investment Research,Paul Cruz,,,
Hall Capital Group,LPL Financial,Charles Hall,,,
Eans Capital,Meridian Private Wealth,James Evas,,,
ackson Financial Partnrs,Ridgeway Wealth Management,"Lee, Betty",leeb@ridgewaywm.com,,
Huang Portfolio Group,Woodbury Financial Services,,huangp@woodburyfs.com,Paul Huang|Thomas Evans|Donald Reyes|Jason Morris|Donald Hill|Jason Roberts|Barbara Jackson,"5469 Washington Way, San Diego, CA 92101"
Allen Wealth Management Group,Raymond James Financial Services,Don L1u,,,
Gomez Private Client Group,Cambridge Investment Research,John Gomez,,,
Wright Capital,Northgate Investment Partners,Margaret Kim,,Margaret Kim|Linda White|Thomas Edwards|Timothy Collins|Timothy Baker|Nancy Thompson|Charles Moore,
Yang Investment Group,LPL Financial,Dan Yan9,,,"1769 Spring Pl, Minneapolis, MN 55401"
Morgan Ret1r3ment Solutions Group,National Planning,,mmorgan@nph.com,,
Lee Family Wealth Group,DA Davidson & Co.,"Anderson, Margaret",,,
Green @sset Management Group,Edward Jones,Rachel Green,,,"176 Spring Way, Kansas City, MO 64101"
Wang Capital Partners,Crestwood Family,Kenneth Wang,ken.wang@crestwoodfo.com,,"1176 Maple Court, Baltimore, MD 21201"
Roberts Private Wealth Group,Edward Jones,,,,"9651 Maple Court, Atlanta, GA 30301"
Gomez Family Wealth Group,Edward Jones,Don Thomps0n,don.thompson@edwardjones.com,,"8432 Maple Ln, San Jose, CA 95101"
Adams Asset Management Group,Cetera Financial Group,,rachel.adams@cetera.com,,"1106 Washington Blvd, Kansas City, MO 64101"
Harris Financial Group,Wells Fargo Advisors,Andy Harris,,,
Dais Financial Group,Cetera Financial Group,Matthew Davis,,,
Diaz Private Wealth Group,Janney Montgomery Scott,,,Steven Gomez|Christopher Brown|Daniel Hall,"9772 Commerce Dr, Miami, FL 33101"
Roberts Partners,Meridian Private Wealth,"Roberts, Edward",,,
Harris Family Wealth Group,Hilliard Lyons,"Roberts, Betty",,Betty Roberts|Christopher Baker|Emily Khan|Richard Wright,"9267 Main Court, San Jose, CA 95101"
Jackson Family Wealth Group,Janney Montgomery,Sarah Jackson,jacksons@janney.com,,"5385 Park Pl, Los Angeles, CA 90001"
White Tax & Wea1th Group,Merrill Lynch,"William5, Patricia",,,
uang Advisors,Meridian Private Wealth,"Huang, Steven",steve.huang@meridianpw.com,Steven Huang|1inda Kh@n,
Roberts Investment Group,Cetera Financial Group,,,Jessica Robrts|Rachel ang|Jason Martin|Jennifer organ|Helen Edwards|Robert Anderson|Barbara Kim,
Nelson Private Wealth Group,Janney Montgomery Scott,Lisa Nelson,,,"9220 Cedar Pkwy, Indianapolis, IN 46201"
King Advisors,Parkside Wealth Strategies,Ken King,,,"6952 Cedar Dr, San Jose, CA 95101"
Green Retirement Solutions Group,Cetera Financial Group,Rick Green,,,"277 Hill Dr, San Jose, CA 95101"
Baker Partner5,Harborview Private Wealth,,,Steven Baker|Richard Nelson|Susan Lee,"6942 Willow Dr, Las Vegas, NV 89101"
Allen Partners,Northgate Investment Partners,"Allen, Megan",,,
Jones Portfolio Group,Woodbury Financial Services,,,Dorothy Lee|Ashley Kig|Jeffrey Edwards|Ronald Martin|Linda Martin|James Liu,"1832 Lincoln Way, Memphis, TN 38101"
Phillips Capital,Northgate Investment Partners,,,,
Davis Wealth Partners,Wells Fargo Advisors,,adamsj@wellsfargoadv.com,Jeffrey Ad@ms|Jennifer Young|Lisa Adams|Jeffrey Thomas|Daniel Morgan,
Turner Wealth Management Group,Cetera Financial Group,,,,
K1ng Investment Group,Oppenheimer & Co.,"King, Brian",,Brian King|Charles Evans|Amanda Green,"8408 Market Blvd, Raleigh, NC 27601"
Jackson Tax & Wealth Group,Commonwealth Financial Network,,,Barbara Jakson|Karen Evans|Rachel Miller|Jcob Nelson|Margaret arris|Barbara Torres|Edard White|Jes5ica Zhang|Richard Flores,"5157 Willow Court, Philadelphia, PA 19101"
Collins Private Cli3nt Group,Cambridge Investment Research,,,,
Khan Private Wealth Group,Merrill Lynch Pierce Fenner & Smith,Dorothy Kan,,,"7263 Park Pl, Austin, TX 78701"
Parker Portfolio Group,UBS Financial Services,"Parker, Sandra",,,
Phillips Portfolio Group,Stifel Nicolaus & Company,"Phillips, Michael",,,
Allen Tax & Wealth Group,Stifel Nicolaus & Company,"Alle, Davd",,,"9372 Cedar Rd, Atlanta, GA 30301"
Huang Retirement Solutions Group,Janney Montgomery,,,,
Martin Wealth Management Group,Hilliard Lyons,,,Linda Martin|Linda Turner|Ronald Nelson|John Thomas|Karen Martin|Dorothy Green|Nancy Kim,"5166 Willow Blvd, New York, NY 10001"
Brown Capital Partners,Clearwater Capital Group,Mark Brown,,Mark Brown|Jam3s Gomez|John Hill|Timothy Daz|Lisa Morgan|Richard Evans|Andrew Johnson,"7334 Commerce Pl, Washington, DC 20001"
Lee Private Client Group,Commonwealth Financial Network,Edwards Rachel,,,
Jones Capital Partners,Harborview Private,Jeffrey Thmpson,thompsonj@harborviewpw.com,Jeffrey Thompson|Rachel Moore,"917 Elm Pkwy, Denver, CO 80201"
Garcia Fin@nc1al Partners,Clearwater Capital Group,Sarah Garcia,sarah.garcia@clearwatercap.com,,"3550 Main St, Las Vegas, NV 89101"
Anderson Wealth Management,Meridian Private Wealth,Ashley Anderon,,,"9474 Willow Pl, New York, NY 10022"
Martin Portfolio Group,Woodbury Financial Services,John Marin,john.martin@woodburyfs.com,,
Carter Asset Man@gement,Highfield Asset Management,"C@rter, Kevin",,,
Thomas Private Client Group,Janney Montgomery,Dorothy Roberts,,Dorothy Roberts|Joseph Green|Jessica Hall,"969 Elm Rd, Nashville, TN 37201"
Hill & Assciates,Summit Peak Advisors,,,,
Hall & As0ciates,Parkside Wealth Strategies,,,,
Zhang Wealth Advisors,Wells Fargo,,,,
Parker Financial Partners,Ridgeway Wealth Management,David Prker,parkerd@ridgewaywm.com,,
Cruz Financial Group,DA Davidson & Co.,Sandra Thomas,thomass@dadavidson.com,Sandra Tomas|Donald Patel|Lisa Green,
Yang Wealth,Ridgeway Wealth Management,Matt King,,Matthew King|Ronald Hill|Christopher Allen|John Parker|Helen Allen|Jennif3r Mitchell,
Rivera Family Wealth Group,LPL Financial,Mark Rivera,,,"4399 Elm St, Las Vegas, NV 89101"
Diaz Wealth Management Group,UBS Financial Services,Margaret Johnson,,Margaret Johnson|Amanda Harris|Amanda Wright|Donal Robrts|Kevin Patel|Ryan Adams,
Johnson Family Office,Highfield Asset Management,David Johnson,johnsond@highfieldam.com,David J0hnson|Ashley Nguyen|Sarah Lee,"7977 Lake Dr, San Antonio, TX 78201"
Young Wealth Advisors,Edward Jones,Ryan Young,,Ryan Young|Susan 3vans|Emily Collns|Christopher Harris|Helen Torres,
Reyes Capital Group,Securities America,"Reyes, Lisa",reyesl@secam.com,,
Kim Advisors,Highfield Asset Management,Ron Kim,,Ronald Kim|Kenneth Hall|Megan Moore|James Adams|Paul Brown|Karen Miller,"6066 River Rd, Baltimore, MD 21201"
Lee Group,Summit Peak Advisors,,,,
Martin Famly Wealth Group,Hilliard Lyons,,,,"9881 Lake Pkwy, Denver, CO 80201"
Brown Advisory Group,Wells Fargo Advisors,Jason Bown,,,"8075 Market Ave, Houston, TX 77001"
Wright Retirement Solutions Group,LPL Financial,,,,
Phillips Asset Management Group,Commonwealth Financial Network,,,Ryan Phillips|Dorothy Nguyen,
Ch3n Wealth Advisors,Cetera Financial Group,Em1ly Gacia,egarcia@cetera.com,,
Roberts Tax & Wealth Group,Janney Montgomery,Kar3n Roberts,robertsk@janney.com,Karen Roberts|Lisa Hill|Christopher Jone|Rache1 Taylor|Megan Kim,"5795 Washington Pkwy, Nashville, TN 37201"
Zhang Wealth Management,Crestwood Family Office,,,,"638 River Rd, Washington, DC 20001"
Morris Capital Partners,Meridian Private Wealth,,margaret.smith@meridianpw.com,,"9203 Washington Pl, St. Louis, MO 63101"
GreenA5set Management Group,Janney Montgomery Scott,L1nda Green,lgreen@janney.com,Linda Green|Sarah Davis,
Huang Capital Group,Securities America,"Huang, Margaret",huangm@secam.com,,"956 Jefferson Pkwy, Charlotte, NC 28201"
Evans Investment Group,Morgan Stanley Wealth Management,,,,"5529 Market Way, Indianapolis, IN 46201"
Scott Wealth Management Grou,Commonwealth Financial Network,"Young, Rachel",,,
Rivera FamilyWealth Group,DA Davidson & Co.,,,,
Wright Partners,Northgate Investment,,,,
Carter Partners,Northgate Investment Partners,"arter, Mark",,Mark Carter|Thomas Yang|Lida Nguyen|Donald King|Jason Miller,
Thompson Capital Group,Woodbury Financial Services,Jennifer Thompson,jennifer.thompson@woodburyfs.com,,"9280 Lake Court, Las Vegas, NV 89101"
Jones As5et Management Group,Woodbury Financial Services,Ryan Jones,,Ryan Jones|Bran Phillip|Timothy Wright|Charles Wilson|Helen Collin|Patricia Diaz|Edward King,
Smith Retirement Solutions Gr0up,Merrill Lynch,,tsmith@ml.com,Thomas Smith|Ryan Roberts|Dorothy Harris|Jacob Jones,
Young ax & Wealth Group,Wells Fargo,"Young, David",,,
Phillips Financial Partners,Northgate Investment,Susan ak,,Susan 6aker|Paul Brown|J0hn Zhang|Amanda Hal1|Karen Morgan|Susan Jackson,"6481 Cedar Pkwy, Memphis, TN 38101"
Young Capital Group,Robert W. Baird & Co.,Ed Young,,,
Kim & Associate5,Securities America,Kev Kim,,,
Davis Capital Group,Hilliard Lyons,Charles Kim,,Ch@rles Kim|shley Morris|Ashley Chen|Brian Young|Jennifer Miller,
Nguyen & Associates,Summit Peak Advisors,Tom Collins,,,
Martin Financial Partners,Clearwater Capital Group,Jessica Martin,jessica.martin@clearwatercap.com,Jessica Martin|Rachel Chen|Karen Mitchell|Chrisopher Hall,
Brown Family ealth Group,Ameriprise Financial Services,,,,"6804 Elm Blvd, Washington, DC 20001"
Zhag Asset Manag3ment,Highfield Asset,"Willams, Paul",paul.williams@highfieldam.com,,"3017 Madison Ave, Seattle, WA 98101"
Wilson Wealth Management Group,Merrill Lynch Pierce Fenner & Smith,,ctaylor@ml.com,,
Parker & Associates,Hilliard Lyons,Kev Parker,,,
Campbll Financial Group,Commonwealth Financial,Barbara Torres,barbara.torres@commonwealth.com,Barbara Torres|Timothy Cruz|Jason White|Mark Patel|Charles Brown,"144 Highland Court, Chicago, IL 60601"
Kim Investment Group,Oppenheimer & Co.,,matt.wang@opco.com,,
Morris & Associates,Highfield Asset Management,,,Ryan Morris|Donald Harris|Jeffrey Rivera|Linda Morris|Amanda Diaz,
Reyes Private W3alth Group,UBS Financial Services,,reyesb@ubs.com,Barbara Reyes|Charles Anderson|Michael Allen|Andrew Campbell|Timothy Harris|Donald Rivera|John Evans|Edward Torres|Barbara Wng|Jennifer Cruz|Barbara Zhang,
Davis Wealth Management,Meridian Private Wealth,Sarah Davis,,,
Moore & Associates,Summit Peak Advisors,,,,"5682 Main St, Las Vegas, NV 89101"
Diaz Retirement Solutions Group,Securities America,,dan.kim@secam.com,,
Wright Family Wealth Group,National Planning,,,,
Brown Wealt,Northgate Investment,Christopher Brown,brownc@northgateinv.com,,
Brown Asset Management Group,Morgan Stanley,Sandra Liu,,Sanda Liu|Paul Smith|Dorothy Che|Richard Harris|Sarah Wright,
Nguyen Family 0ffice,Northgate Investment,,matt.cruz@northgateinv.com,,"4760 Spring Dr, Kansas City, MO 64101"
Miller Advisors,Meridian Private Wealth,,,,"4537 Lincoln Court, San Diego, CA 92101"
Matin Private Wealth,Parkside Wealth Strategies,Rache1 Martin,,,
Martin Private Client Group,Janney Montgomery Scott,,martinl@janney.com,,
Allen Wealth Partners,Wells Fargo,Andy @llen,andy.allen@wellsfargoadv.com,,"5099 Willow Way, Indianapolis, IN 46201"
King Investment Group,Oppenheimer & Co.,,,,"8482 Market Court, Raleigh, NC 27601"
Martin & Nguyen Partners,Stifel Nicolaus & Company,"Martin, John",,,
Phillips Portfolio Group,Cetera Financial Group,"Phillips, Ronald",,,"8279 Hill Court, San Jose, CA 95101"
Morgan & Collin Partners,Raymond James Financial Services,Jeff Morgan,,,"2098 Hill Blvd, Austin, TX 78701"
Collins Advisors,Northgate Investment Partners,James Col1ins,collinsj@northgateinv.com,,
Wang Investment Group,Stifel Nicolaus & Company,"Wang, Dorothy",,,"813 River Ave, San Francisco, CA 94101"
Harris Capital,Meridian Private Wealth,,,Sandra Harris|Anthony White|Karen Taylor|Ricard Smith|Susan Wright,"3945 Highland Court, Las Vegas, NV 89101"
Thomas & Ass0ciates,Parkside Wealth Strategies,,thomass@parksidewealth.com,,
Thompson Private Client Group,Cambridge Investment Research,,mthompson@cambridgeinv.com,,
Parker Private Wealth Group,Cambridge Investment Research,Timothy Parker,,Timothy Parker|Helen Davis|Linda Lee,
Carter Advisors,Highfield Asset Management,Timothy Carter,tim.carter@highfieldam.com,,"4774 Main Ln, Houston, TX 77001"
Wright Partners,Kingsbridge Capital Advisors,,swright@kingsbridgecap.com,,"5157 Park Rd, Philadelphia, PA 19101"
Chen Tax & Wealth Group,Robert W. Baird & Co.,,mike.chen@rwbaird.com,Michael Chen|Jacob Thomas|Kevin Morgan|Robert Huang,
Diaz Private Wealth Group,Morgan Stanley Wealth Management,Amanda Diaz,,,
Diaz Fnancial Partners,Ridgeway Wealth Management,,,,
Torres Capital Partners,Parkside Wealth Strategies,Chris Torres,,Christopher Torres|Charles Allen,"8942 Madison Pkwy, Washington, DC 20001"
Roberts Asset M@nagement,Meridian Private Wealth,,,Emily Hall|Karen Aderson|Robert Adams|Nancy Roberts|Rachel Turn3r|William Scott|Br1an Patel|Barbara Jones,"3035 Washington Rd, Seattle, WA 98101"
Jack5on Private Wealth Group,Raymond James Financial Services,"Jackson, Jessica",,,
Brown Wealth Manag3ment Group,Wells Fargo Advisors,,,,
Wilson Capital Group,Wells Fargo Advisors,"Wilson, Nancy",,,"7822 Maple St, Austin, TX 78701"
Morris Asset Mana9ement,Meridian Private Wealth,Margaret Morris,,Margaret Morris|Brian Harris|Helen Tompson|Ashley Turner|David Stewart,
Khan Privte Wealth Group,LPL Financial,R@chel Khan,rachel.khan@lpl.com,Rachel Khan|Thomas Wright|Joseph Garcia|Thomas Phillips|George Campbell,
Stewart Advisors,Parkside Wealth Strategies,"Torres, Jeffrey",,,
Cruz Private Wealth,Crestwood Family,D@n Cruz,,,"2722 Elm Pkwy, Boston, MA 02101"
White Private Client Group,Commonwealth Financial Network,Nancy White,,,"1359 Maple Rd, Indianapolis, IN 46201"
Adams Capital,Clearwater Capital Group,Joe ang,,,"4288 Madison Way, Indianapolis, IN 46201"
Th0mpson & Associates,National Planning Holdings,,thompsonj@nph.com,,"5927 Spring Blvd, Raleigh, NC 27601"
M@rtin Investment Group,Woodbury Financial Services,,,,"6100 Jefferson Court, Dallas, TX 75201"
Edwards Institutional Group,DA Davidson & Co.,,redwards@dadavidson.com,Rbert Edwards|William Miller|Sandra Williams,
Nguyen Retir3ment olut1ons Group,Wells Fargo Advisors,,,Dani3l Baker|Jacob Stewart|Michael Flores,
Cruz Private Wealth,Kingsbridge Capital,Susan Liu,,Susan Liu|John Cruz|Jeffrey Martin|Anthony Chen|Karen Hill|Sarah Carter,"4686 Washington Rd, Minneapolis, MN 55401"
Evans Financial Partners,Kingsbridge Capital Advisors,Dorothy Ev@ns,evansd@kingsbridgecap.com,Dorothy Evans|Susan Khan|Donald Reyes|Steven Garcia,"1096 Market Ln, Atlanta, GA 30301"
Wright Wealth Advisors,Cambridge Investment Research,,,,
Adams Privat Wealth,Kingsbridge Capital Advisors,Helen Adams,,,"7455 Commerce Rd, Washington, DC 20001"
Taylor Private Client Group,DA Davidson & Co.,,pwilson@dadavidson.com,Patricia Wilson|Edward Campbell|Sarah Brown|Ronald Liu|Ashley Campbell,"7922 Lincoln Court, San Jose, CA 95101"
Huang Family Office,Meridian Private Wealth,,,,
Martn Private Wealth,Northgate Investment Partners,Amanda Flore5,,,
Wright Investment Group,Raymond James Financial Services,,,,"3644 Cedar St, San Francisco, CA 94101"
Carter Capital Partners,Summit Peak,,,,
Whit3 & Asociates,DA Davidson & Co.,Bill White,,William Whit|Richard Evans|Patricia Taylor|Tiothy Rob3rts,
Young Wealth,Clearwater Capital Group,,ledwards@clearwatercap.com,,"1039 Madison Way, Philadelphia, PA 19101"
White Capital,Northgate Investment Partners,,,,"8690 Hill St, Portland, OR 97201"
Liu Partners,Clearwater Capital Group,M@tt Liu,,,"4170 Commerce St, Atlanta, GA 30301"
Gomez Wealth Management Group,Cetera Financial Group,,,Dorothy Gomez|Richard Flores|Emily Patel|Charles Adams|Lisa Evans|Christopher Hall|Kenneth Flores,
Garcia & Associates,Parkside Wealth Strategies,Mike Garcia,,,
Jones Wealth Adv1sors,Ameriprise Financial Services,,,,"3629 Willow Ln, Houston, TX 77001"
Smith Wealth Advisors,DA Davidson & Co.,,,Paul Turner|Michael Chen|Jams Wang|Charles Morris,
Rees Private Wealth Group,Raymond James Financial Services,,,,
Wang Wealth,Parkside Wealth Strategies,Sarah Gomez,,,
Green Porfolio Group,DA Davidson & Co.,Drothy Green,dorothy.green@dadavidson.com,Drothy Green|Andrew Evans,"8589 Commerce Ave, Portland, OR 97201"
Garcia Asset Managemen Group,Janney Montgomery,,,,"7072 Washington Court, San Antonio, TX 78201"
Wilson Tax & Wealth Group,Robert W. Baird & Co.,Jacob Wilson,,,"9767 Spring Court, St. Louis, MO 63101"
Jones & Associates,Raymond James Financial Services,,rick.jones@raymondjames.com,Richard Jones|Megan Nguyen|Sarah King|Robert Taylor,"8041 Elm Pl, New York, NY 10001"
Kim &A5sociates,Harborview Private Wealth,,,,
Wright Fami1y Wealt Group,Cambridge Investment Research,,,,"7744 Spring St, Austin, TX 78701"
Flores Avi5ors,Northgate Investment Partners,Ronald Nelson,,,
Moore Parners,Ridgeway Wealth Management,Mathew Moore,,,
Patel Capital Partners,Clearwater Capital Group,,jason.patel@clearwatercap.com,,"4688 Market Blvd, Dallas, TX 75201"
Gomez Tax & Wealth Group,UBS Financial,R0nald Gomez,gomezr@ubs.com,,"6435 Lincoln Way, Indianapolis, IN 46201"
D1az Investment Partners,Meridian Private Wealth,"Diaz, Sandra",diazs@meridianpw.com,Sandra Diaz|Joseph Flores|Kenneth Lee|Megan King|Steven Chn,
Rivera Retirement Solutions Group,Oppenheimer & Co.,,,,"4436 River Ln, Kansas City, MO 64101"
Taylor Financial Group,Edward Jones,"Taylor, Steven",,,
King Wealth artners,DA Davidson & Co.,,sking@dadavidson.com,,
Wright & Associates,Harborview Private,Steven Jackson,,,"4607 Oak Dr, Memphis, TN 38101"
Miller Retirement Soutions Group,Raymond James Financial Services,Brian Miler,brian.miller@raymondjames.com,Brian Miller|Andrew Scott|Matthew Carter|Helen Anderson|Anthony W1lson|Donald Allen,"5019 Lincoln Ln, San Antonio, TX 78201"
Reyes Asset Management,Summit Peak Advisors,,,,
Morris Asset Management Group,Woodbury Financial Services,"Morris, Jason",,Jason Morris|Charles Parker|James Patel|Mark Chen|Ronald Evans|elen Smith|Joseph Thomas,"6077 Commerce Pl, Raleigh, NC 27601"
Nelson Institutional Goup,Stifel Nicolaus & Company,,,,"6599 Maple Pl, Los Angeles, CA 90001"
Campbell Wealth,Crestwood Family Office,,,Jacob Campbell|Amanda Thompson|Christopher Carter,
Scott Wealth Advisors,Merrill Lynch,"Kim, Dorothy",kimd@ml.com,Dorothy Kim|Nancy Thomas|Matthew Y0ung|Margaret Carter,
Adams & Associates,Highfield Asset Management,Megan Adams,adamsm@highfieldam.com,Megan Adams|Ryan Patel|Ryan Wilson|Joseph Huang|Karen Jones|Robert Diaz,
Chen & Associates,Woodbury Financial Services,Helen Chen,helen.chen@woodburyfs.com,,
Wilson Private Client Gr0up,Commonwealth Financial Network,"Wilson, Mark",,Mark Wl5on|Charles Adams|Brian Flores|Kevin Thomas,
Chen Institutional Group,Securities America,,,,"8720 Lincoln Dr, Phoenix, AZ 85001"
Garcia Family Wealth Group,Janney Montgomery Scott,Don Garcia,garciad@janney.com,,"1106 Spring Dr, San Francisco, CA 94101"
Gomez Advisory Group,Janney Montgomery,"Cruz, Edward",,Edward Cruz|Andrew Thomas,"603 Lincoln Rd, Minneapolis, MN 55401"
Thomas & Jackson Group,Cambridge Investment Research,,,,"8394 Maple Ln, Boston, MA 02101"
Parker & Mrgan Partners,Securities America,Andrew Parker,,,"4352 Highland Pkwy, San Antonio, TX 78201"
Diaz Investment Partners,Clearwater Capital Group,Christopher Diaz,,Christopher iaz|Jess1ca Anderson|Daniel Kim|Andrew Wright|Lisa Edwards|Andrew Johnson,"5567 Jefferson Pkwy, Miami, FL 33101"
Thompson Capital,Crestwood Family,"Adams, David",,,
Torres dvisors,Summit Peak,"Torres, Paul",,Paul Torres|Jessica Nguyen|Nany Kim|Thomas Stewart|Sandra Phillips|Daniel Zhang,"9371 Oak Pl, Kansas City, MO 64101"
Harris Wealth Management,Summit Peak Advisors,,,M@rgaret Evans|Thomas Diaz|Lisa Stewart|Megan Wright|George Anderson|Patricia Davis|Matthew Zhang,"5644 Lake St, Minneapolis, MN 55401"
Torres Family Office,Meridian Private,K3v Torres,,,
D@vis Advisory Gr0u,Commonwealth Financial Network,Sarah Cruz,,,
Torres Family Office,Ridgeway Wealth Management,Tony Torres,torresa@ridgewaywm.com,,
Baker Wealth,Highfield Asset Management,,,,
Mitchell Tax & Wealth roup,Hilliard Lyons,,,,"2952 Madison Blvd, San Jose, CA 95101"
Green Private Wealth Group,Edward Jones,,,Josh Green|George Reyes|Timothy Baker|Helen Young|Charles Parker|Ronald Baker,
Miller Capital Group,Commonwealth Financial Network,Mark Edwards,,Mark Edwards|Robert Lee|Nancy Nguyen|Thomas White,"3741 Jefferson Blvd, Charlotte, NC 28201"
Kim Institutional Group,Wells Fargo Advisors,Edw@rd Kim,,Edward Kim|Betty Campbell|Jennifer Roberts|Paul Young|David Flores|Andrew Lee|Em1ly Harris,"2204 Highland Pl, Kansas City, MO 64101"
Morgan Tax & Wealth Group,Edward Jones,,,,
Edwards Institutional Group,DA Davidson & Co.,Dorothy Scott,dscott@dadavidson.com,Dorothy Scott|Edward Torres|Jeffrey Davis,
Huang Investment Group,Securities America,Charles Thompson,,,
Khan WealthManagement,Summit Peak Advisors,"reen, James",,James Green|Sarah Thompson|Kenneth Kim|Matthew Johnson|James Nelson|Brian Young|Jennifer Lee,
Yang Capital Partners,Ridgeway Wealth,Ryan Yang,ryang@ridgewaywm.com,Ryan Yang|Margaret Lee|Jeffrey Lee|Lisa Huang,"8106 River Ave, Seattle, WA 98101"
Jackson Private Wealth Group,Wells Fargo Advisors,,,Barbara Jackson|Donld C0llins|Sandra Thoms,
Nelson Family Wealth Group,UBS Financial Services,,,Charles Gomez|Dorothy Brown|Mark Gomez,"5886 Market Ln, San Francisco, CA 94101"
Johnson Financial Group,LPL Financial,Charles Wang,,,
Flores Portfolio Group,Merrill Lynch Pierce Fenner & Smith,Michael Flores,,,"6813 Willow Dr, Austin, TX 78701"
Cruz Wealth Partners,Merrill Lynch Pierce Fenner & Smith,Dan Cru,dcruz@ml.com,Daniel Cruz|Andrew Rivera|Anthony King|Rachel Patel|Jacob Nguyen|Michael Smith,
Carter Instiutional Group,Morgan Stanley Wealth Management,,,,"2645 Market Way, New York, NY 10001"
Roberts Investment Group,Commonwealth Financial Network,,,David Roberts|Amanda Mitchell,
Wilson Private Wealth 9roup,Commonwealth Financial,Megan Wilson,,Megan Wilson|Dorothy Stewart,"6871 Main Ave, San Jose, CA 95101"
Flores Fami1y Wealth Group,Hilliard Lyons,"F1ores, Dorothy",,,"230 Market St, Chicago, IL 60601"
Allen Portfolio Group,Cetera Financial Group,"@llen, Thomas",,Thomas Allen|Barbara Miller|Betty Huang,"1517 Elm Court, San Jose, CA 95101"
Patel Family Wealth Group,Cetera Financial Group,,,,
Yang Investment Patners,Summit Peak Advisors,"Yang, Dorothy",,,
Jones & Associates,Ridgeway Wealth Management,,,,
Baker Private Wealth Group,Ameriprise Financial Services,"Andrson, Jennifer",,,
Young Asset Management Group,Edward Jones,"oung, Matthew",,,
Edwards Capital Group,Janney Montgomery Scott,Sandra Edwrds,sandra.edwards@janney.com,,"5090 Hill Court, Atlanta, GA 30301"
Rivera Wealth Advisors,Oppenheimer & Co.,Sarah Rivera,,,"8121 Hill St, Seattle, WA 98101"
Morris Institutional Group,Edward Jones,"Mitchel, Jeffrey",,Jeffrey Mitchell|Sarah Edwards|Sandra Edwards,"6313 Oak Court, Austin, TX 78701"
Mitchell Capital Partners,Crestwood Family Office,,,,"4466 Commerce Way, Dallas, TX 75201"
Chen Group,Summit Peak,,,,"4178 Maple St, San Diego, CA 92101"
Flores Private Client Group,DA Davidson & Co.,Da Chen,,Daniel Chen|Donald Yang|Megan White|Anth0ny Nguyen|Ashley Zhang|Edward Hall,"2672 Oak Ln, Atlanta, GA 30301"
Jackson Institutional Group,UBS Financial,,jacksonj@ubs.com,,
Lee Partners,Parkside Wealth Strategies,,scottk@parksidewealth.com,Kenneth Scott|Sandra Edwards|Karen Miller|Barbara Kim,
Rivera Private Client Group,Robert W. Baird & Co.,,,John Dav1s|1isa Zhng|Barbara Turner,"8426 Jefferson Court, Seattle, WA 98101"
Reyes Tax & Wealth Group,Commonwealth Financial Network,,,,
Gomez Group,Parkside Wealth Strategies,,,,
Zhang Capital,Meridian Private Wealth,,zhangb@meridianpw.com,,
Johnson W3alth Management Group,Janney Montgomery Scott,,,,
Miller Private Wealth Group,Raymond James Financial Services,,,Thomas Miller|Karen Zhang|Richard Khan|Mark Jackson|James King,"4565 Washington St, Raleigh, NC 27601"
Young Wealth Management,Clearwater Capital Group,,emily.young@clearwatercap.com,Emily Young|Ryan Roberts|Margaret Huang|Ronald Jones|John Mitchell|Paul Patel|Kevin Cruz,"6220 Madison St, Seattle, WA 98101"
Morris Family WealthGroup,National Planning,,,,
Moore Family Wealth Group,DA Davidson & Co.,"Mooe, Christopher",,,
Allen Institutional Group,Edward Jones,Jennifer Allen,,,
ang Retirement Solutons Grou,Edward Jones,George Wang,wangg@edwardjones.com,George Wang|Emily Huang|Rachel Collin5|Karen Harris|William Anderson|Michael Williams|Susan Morgan,"3232 River Court, Baltimore, MD 21201"
Kim Wealth Management Group,Oppenheimer & Co.,"Kim, Emily",,Emily Kim|Ashley Williams|Anthony Hill|Timothy Martin|Daniel Liu|Donald Khan|Linda Reyes,"5208 Main Blvd, New York, NY 10022"
Jones Advi5ory Group,Stifel Nicolaus & Company,RyanEdward,,,"4997 Elm Rd, Miami, FL 33101"
Phillip & Associates,Highfield Asset Management,"Phillips, Patricia",,,
Y@ng & Reyes Partners,Raymond James Financial Services,Linda Yang,,,"8979 Elm Ave, Raleigh, NC 27601"
Reyes Tax & We@lthGroup,Oppenheimer &,John Reyes,,John Reyes|Paul Cruz|Michael Parker,"8133 Madison Dr, Baltimore, MD 21201"
Kim & Edwards Group,Meridian Private,Jason Kim,,,"9713 Maple Pkwy, Charlotte, NC 28201"
Green Capital Group,Commonwealth Financial Network,,,James Torres|Ashley Rivera|Karen Edwards|Emily Chen|Paul Williams,
Nels0n Wealth,Northgate Investment Partners,,,,
Smith & Associates,Crestwood Family Office,Sadra Lee,,Sandra Lee|Ashley Roberts|Sandra Morgan|Paul Allen|Ashley Rivera|Jaon Kim,"8119 Main St, Memphis, TN 38101"
ThomasPartners,Meridian Private Wealth,,wilsond@meridianpw.com,David W1lson|Margaret Patel|Anthony Mitchell|Charles Rivera,
Yang Capital Group,Janney Montgomery,S@dra Yang,syang@janney.com,Sandra Yang|Jason Lee|Kenneth Phillips|Brian Rivera|Linda Edwards|Paul Phillips|Timothy Thomas,
Smit Advisors,Harborview Private Wealth,Dan Smith,,Daniel Smith|Barbara Baker|John Diaz|Edward Jackson|Patricia Torres,"9624 Washington Ln, Houston, TX 77001"
Patel F1nancial roup,Hilliard Lyons,,,ichael Mitchell|Nancy L1u|Sarah Jackson|James Gomez|Jeffrey Flores|Andrew Jackson|Jason Allen,
Davis Advisory Group,Morgan Stanley Wealth Management,6arbara Dav1s,davisb@morganstanley.com,,"2212 Washington Pl, Houston, TX 77001"
Morris & Associates,DA Davidson,Kenneth Morris,,,"6218 Main Pkwy, Kansas City, MO 64101"
Morgan Portfolio Group,Wells Fargo,,,,"2568 Madison Ln, Baltimore, MD 21201"
Brown Investment Group,Merrill Lynch Pierce Fenner & Smith,"Brown, Michael",,Michael Brown|Paul Davis|Kevin Nelson|Brian Gomez|Donald Phillips,"4279 Market Court, San Jose, CA 95101"
Evan5 Financial Group,Woodbury Financial Services,,,,
Lee Asset Management Group,Cambridge Investment Research,Ashley Lee,,,"9175 Park Court, Denver, CO 80201"
Huang Fam1ly Wealth 9roup,Edward Jones,,mturner@edwardjones.com,Matthew Turner|Charles Harris|Jennifer Williams|Linda Khan|Kevin Phillip5|Timothy Turner|Amanda Harris|Chales Evans,"7205 Cedar Ln, Nashville, TN 37201"
Hall Advisoy Group,Commonwealth Financial,,,,"5996 Cedar Pkwy, Houston, TX 77001"
Hill Wealth Management Group,Robert W. Baird & Co.,Megan Hill,,Megan Hill|Jason Scott|Michael Mitchell,"3327 Park Rd, St. Louis, MO 63101"
Green Capital,Ridgeway Wealth Management,,,Kevin Green|Jeffrey Adams|Jacob Mitchell|Marg@ret Adams|George Collins,
Phillips Financial Group,Stifel Nicolaus & Company,,panderson@stifel.com,,"1332 Maple Pkwy, Nashville, TN 37201"
Edwards Financial Group,Hilliard Lyons,Anthony Edwards,,,"4697 Madison Blvd, New York, NY 10022"
Moore Wealth Partners,Stifel Nicolaus,"Parker, William",bill.parker@stifel.com,,"9211 Commerce Way, Atlanta, GA 30301"
Michell Retirement Solutions Group,Wells Fargo Advisors,Ashley Km,,Ashley Kim|enneth Johnson|Betty Harris|Daniel Martin|Dorothy Hill|John Campb3ll,"6798 Lincoln Ave, Raleigh, NC 27601"
Phillips Asset Management,Meridian Private Wealth,David Rivera,,David Rivera|Sarah Williams|Thomas Carter|Edward Collins|Kenneth Chen|James Liu,
Diz Family Wealth Group,Stifel Nicolaus & Company,,,Barbara Diaz|Barbara Green|Sandra Yang|Edward Kim|Ronald Roberts|Chri5t0pher Patel,"5914 Main St, Denver, CO 80201"
Diaz & Associates,Harborview Private Wealth,Paul Daz,paul.diaz@harborviewpw.com,,"5228 Main Pl, Atlanta, GA 30301"
Scott Group,Crestwood Family Office,"Scott, Mark",,,"8091 Hill Dr, Austin, TX 78701"
Brown Financial 9roup,Wells Fargo Advisors,Tim 6rown,,Timothy Brown|Charles Edwards|Sandra Allen,"8283 Jefferson Way, Kansas City, MO 64101"
Reyes & King Partners,Meridian Private Wealth,,nancy.reyes@meridianpw.com,,
Miller & Associates,UBS Financial Services,,smiller@ubs.com,,"5971 Highland Ln, San Antonio, TX 78201"
J0hnson Asset Management Group,Morgan Stanley Wealth Management,Mike Johnson,,Michael Johnson|Emily White|Rachel Yang|GeorgeTaylor,"1425 Willow Court, Austin, TX 78701"
Huang Invement Partners,Meridian Private Wealth,,,Charl3s Huang|Daniel Wilson|Richard Allen,"4296 Willow Ln, San Jose, CA 95101"
Evans Investment Partners,Crestwood Family Office,Jes5ica Evans,,,"4681 Maple Dr, Raleigh, NC 27601"
Carter Tax & Wealth Group,UBS Financial Services,,,Donald Carter|James Scott|Jeffrey Parker|Edward Morris|Sandra Phillips,
Jones Wealth Management Group,Hilliard Lyons,Tim Jones,,,
Johnson Insitutional Group,Ameriprise Financial Services,,,,
Gomez Tax & Wealth Group,Woodbury Financial Services,,,Ryan G0mez|James Morgan|Brian Anderson|Timothy Turner,"9358 Elm Court, Charlotte, NC 28201"
Brown & Associates,Securities America,,andy.brown@secam.com,,
Brown Investment Partners,Kingsbridge Capital Advisors,Nancy Mitchel,,Nany Mitchell|Amanda Kim|Helen Jones|Helen Thompson,
Phillip Retirement Solutions Group,Robert W. Baird & Co.,,,,"4061 Madison Pl, Nashville, TN 37201"
Rivera Financial Group,Hilliard Lyons,"Rivera, Steven",,,
Diaz Wealth Partners,Morgan Stanley Wealth Management,"Diaz, Racel",rdiaz@morganstanley.com,Rachel Diaz|Thomas Chen|Patricia Morgan|Ronald Anderson,
Cruz Financial Partners,Highfield Asset,Jacob Cruz,,,"3723 Spring St, St. Louis, MO 63101"
Diaz Capital Group,Cambridge Investment Research,Karen Diaz,kdiaz@cambridgeinv.com,,
Whit Financial Grup,Commonwealth Financial Network,,paul.white@commonwealth.com,,"2589 Oak Dr, Portland, OR 97201"
Kim Tax & Wealth Grup,National Planning,,,,
Morgan Retirement Solutions Group,Merrill Lynch,Ryan Morgan,ryan.morgan@ml.com,,"5154 Hill Dr, Phoenix, AZ 85001"
Brown Capital,Kingsbridge Capital,,,,"7257 Madison Blvd, Memphis, TN 38101"
Harris Private Wealth Group,Woodbury Financial Services,George Young,george.young@woodburyfs.com,George Young|Anthony Allen|John Pate1,"4411 Washington Dr, Austin, TX 78701"
Khan Advisory 9roup,DA Davidson & Co.,Tony Khan,akhan@dadavidson.com,,
Mitchell Wealth Management 9roup,Cetera Financial Group,,,,
Huang Tax & Wealth Group,Commonwealth Financial,Karen Huang,,,
Wang Family Wealth Group,Ameriprise Financial Services,,reyesr@ampf.com,,"4584 Cedar Rd, Las Vegas, NV 89101"
Liu & Wright Partners,Cetera Financial Group,David Liu,,David Liu|James Huang,"9830 Hill Ave, San Jose, CA 95101"
Wang Private Wealth,Clearwater Capital Group,Margaret Wang,,M@rgaret Wang|Helen Torres|Andrew Zhang|Sarah Parker|Jennifer Harris|Jacob Huang,"6899 Elm Ln, Miami, FL 33101"
Hill Advi5ors,Kingsbridge Capital,"Hill, Edward",ehill@kingsbridgecap.com,,
Khan Ivestment Group,Janney Montgomery Scott,"Evans, Nancy",,Nancy Evans|Daniel Nguyen|Sandra Thompson,
Evans Institution@l Group,Cambridge Investment Research,,rrivera@cambridgeinv.com,,
Wright Wealth Advisors,Edward Jones,,,,
Taylor Capital artners,Highfield Asset Management,,,,
Liu Financial Partners,Northgate Investment Partners,,aliu@northgateinv.com,Amanda Liu|Helen Taylor|Christopher Scott|Su5an Mitchell|Jennifer Parker,
Turner & Associates,Raymond James Financial Services,"Turner, mily",,Emily Turner|Linda Gomez|Emily Khan|Michael Nguyen|Joseph Rivera,"1809 Commerce Pl, Kansas City, MO 64101"
Stewart & Johnson Partners,Highfield Asset Management,,,Donald Stewart|Megan King,
King Pr1vate Wealth Group,Robert W. Baird & Co.,,,,
Smith Prvate Wealth Group,Securities America,Steve Smith,steve.smith@secam.com,Steven Sm1th|George Nguyen|Steven Phillips|Joseph Allen|Kenneth King|Anthony Harris|Linda Edwards,
Johnson Private Wealth Group,Hilliard Lyons,,,Timothy Nguyen|Richard Nguyen|Edward Allen|William Sc0tt|PatriciaWhite|Matthew Baker|Sandra Yang|Patricia Adams|Christpher Nguyen,"5988 Cedar Rd, Charlotte, NC 28201"
Smith Fami1y Wealth Group,Cambridge Investment Research,Charles Khan,,Charles Khan|Amanda Smith|Linda Davis|Patricia Diaz|William Young|Michael Evans,"1552 Hill Ave, Philadelphia, PA 19101"
Allen Tax & Wealth Group,Wells Fargo Advisors,"Williams, Jacob",,Jacob Wiliams|Rachel Zhang|Ronald Diaz|Lisa K1ng|Sandra Phillips,"5749 River Pkwy, Chicago, IL 60601"
Thomas Wealth Advisors,Securities America,"Thomas, Jaco6",,Jacob Thomas|Daniel Phillips|Betty reen|Jason Jones|Susan rown,"8068 Park Ln, Boston, MA 02101"
Hrris Tax & Wealth Group,Securities America,,,,
Lee Wealth Management,Kingsbridge Capital,"Lee, John",,,
Collins Family W3alth Group,Robert W.,isa Collins,,Lisa Collins|Patricia White|Anthony Brown|John Anderson|Linda Turner|Nancy arris,
Khan Capital Partners,Harborview Private,,tom.khan@harborviewpw.com,Thomas Khan|Amanda Zhang,"3103 Park Way, Phoenix, AZ 85001"
Nguyen P@rtn3rs,Parkside Wealth Strategies,,,,
Wang Private Wealth,Clearwater Capital Group,,wangg@clearwatercap.com,George Wang|Anthony Roberts|Dorothy Liu|Matthew Morgan,
Miller Advisory Group,Janney Montgomery Scott,,,,"5780 Madison Rd, Minneapolis, MN 55401"
Collins Partners,Clearwater Capital,,,,
Diaz Family Wealth Group,Merrill Lynch Pierce Fenner & Smith,,,,
Edwards Advisors,Meridian Private Wealth,David Edw@rds,,David Edwards|Ryan Taylor|Ronald Torres|Andrew Liu|Daniel Green|Robert Williams|Margaret Wilson,
Diaz Portfolio Group,Securities America,,,,
Kim Portfolio Group,Woodbury Financial Services,,,,"5025 Highland Pkwy, Austin, TX 78701"
Thompson Portfolio Group,LPL Financial,,,,
Khan A5set Management,Meridian Private Wealth,Jacob Khan,jacob.khan@meridianpw.com,,"5557 Park Court, Indianapolis, IN 46201"
Garcia Captal,Crestwood Family,,mark.white@crestwoodfo.com,,"2190 Maple Dr, Memphis, TN 38101"
Rivera Advi5ory Group,Janney Montgomery Scott,Dan Campbell,dcampbell@janney.com,,
Moor3 Capital Group,Raymond James Financial Services,,,,
Hall Advisory Group,Hilliard Lyons,,hallw@hl.com,,"4794 Lincoln Ln, Minneapolis, MN 55401"
Turner Partners,Crestwood Family Office,Emil Turner,emily.turner@crestwoodfo.com,Emily Turner|Patricia Morgan|Sarah Flores|Richard Johnson,
Parker Tax& Wealth Group,Securities America,,bob.parker@secam.com,,
Wright Capital Group,Edward Jones,,,,
Miller Wealth Partners,Hilliard Lyons,,,,
Williams Wealth Partners,Oppenheimer &,,,Matthew Jackson|Linda Carter|Robert Morgan|David Cruz|Dorothy Scott|Michael Kim,"5373 Lincoln Way, Chicago, IL 60601"
Scott Pivate Cient Group,Wells Fargo Advisors,George Wilson,wilsong@wellsfargoadv.com,,"1745 Washington Ln, Philadelphia, PA 19101"
Thomas Private Wealth,Ridgeway Wealth Management,Tom Scott,,Thomas Scott|Anthony Thomas|Patricia Martin|Daniel Hall,
Lee Group,Harborview Private Wealth,Sarah @dams,,,
Carter Private Wealth Grou,Edward Jones,,,Timothy Carter|Jason Baker|Sandra Turner,
Wri9ht Asset ManagementGroup,LPL Financial,Anthony Wright,,Anthony Wright|Jessica Green|Barbara Phillips|David Phillips|Jason Torres|James Baker,"4756 Lake St, New York, NY 10001"
Green & Patel Advisors,Harborview Private Wealth,"Green, Helen",,,"9422 Park Court, Charlotte, NC 28201"
Harris Institutional Group,Wells Fargo Advisors,Dan Harris,,,"1467 Main St, Las Vegas, NV 89101"
Zhang Tax & Wealth Group,Wells Fargo Advisors,"Zhang, Linda",zhangl@wellsfargoadv.com,,
Morgan Retirement Solutions Group,Raymond James Financial Services,,,,"9817 Lincoln Ln, Las Vegas, NV 89101"
Taylor Tax & Wealth Group,Merrill Lynch Pierce Fenner & Smith,Don T@ylor,,,
Chen Financial Group,Woodbury Financial,"Young, Brian",,,"3487 Lincoln Pl, Minneapolis, MN 55401"
Jones Institutional Group,Ameriprise Financial Services,Linda Jones,jonesl@ampf.com,,
Wang & Associates,UBS Financial Services,Helen Wang,,,"9042 Spring Court, Washington, DC 20001"
Thomas Wealth,Highfield Asset,hris Thomas,,,
Green Partners,Harborview Private Wealth,Helen Green,,Helen Green|Helen Williams,"7051 Main Pkwy, Houston, TX 77001"
Brown & Associates,Ridgeway Wealth Management,,,,
Scott Wealth Management Group,UBS Financial Services,"Nel5on, James",,,"1397 Lake Rd, Atlanta, GA 30301"
Martin Private Wealth Group,Stifel Nicolaus & Company,Margaret Martin,,Margaret Martin|Ronald Thompson|Ronald White|Ron@ld Roberts|Donald Brown|Mich@el Allen|George Stewart|James Collins|Thomas Edwards,"3092 Madison Rd, Phoenix, AZ 85001"
Young & Wang Advisors,Crestwood Family Office,Daniel Young,youngd@crestwoodfo.com,,
Collins& Cruz Partners,Ameriprise Financial Services,,,,
Rivera Capital,Summit Peak Advisors,,,,
Nguyen Asset Management Group,Janney Montgomery Scott,,,,
Phillips amily Office,Harborview Private,Dorothy Yang,,Doroth Yang|Patricia Wright|Matthew Miller,
Harris & Roberts Advisors,Kingsbridge Capital Advisors,Tony Harris,harrisa@kingsbridgecap.com,Anthony Haris|L1nda Phillips|Patricia Smith,"7306 Elm Pl, New York, NY 10022"
Brown W3alth Partners,Securities America,,,,
Wilson Wealth Management Group,Merrill Lynch,Charles Wright,,,
Wr1ght Family Ofie,Meridian Private Wealth,,thompsond@meridianpw.com,,
F1ores Wealth Advisors,Merrill Lynch Pierce Fenner & Smith,,,Megan Flore|Kenneth Taylor|Charles Flores|Brian Green|Matthew Garcia|Karen Allen|Anthony Johnson,
Johnson & Huang Advisors,National Planning Holdings,Ana Johnson,,,
Hill Wealth Partners,Merrill Lynch Pierce Fenner & Smith,Megan Yang,,Megan Yang|Dan1el Rivera|Ryan Turner|Barbara Brown|Kenneth Roberts,
Wilson Tax & Wealth Group,Raymond James Financial Services,,awilson@raymondjames.com,,
Jackson & Associates,Woodbury Financial,Emily Jackson,,,"4288 Madison Pl, Las Vegas, NV 89101"
Hall Partners,Ridgeway Wealth Management,Megan Hall,,,
Jones Privae Wealth,Crestwood Family Office,,,Brian Jones|Barbara Jackson|JamesLiu|Ashey Liu|Jennifer Smith,"4702 Elm Rd, New York, NY 10022"
Thom@s Investment Group,Wells Fargo Advisors,"Thomas, etty",thomasb@wellsfargoadv.com,Betty Thomas|Joseph Martin|Richard Huang,
Thomas Family Office,Kingsbridge Capital Advisors,SandraCruz,,Sandra Cruz|Betty Martin|Edward King|Ryan Roberts|Rob3rt Edwards,
Nguyen & Hall Advisors,Janney Montgomery Scott,,,,"6951 Commerce Pkwy, Denver, CO 80201"
Flores Family Wealth Group,Woodbury Financial Services,"Garcia, Kein",,Kevin Garcia|Mark Harris|William Jackson,
Carter Capital,Crestwood Family Office,Jason Carter,,Jason Carter|George Huang|PatriciaDavi5|Megan Roberts|Nancy Jones,"1650 Jefferson St, Miami, FL 33101"
Young Portfolio Group,Janney Montgomery Scott,"Youg, Megan",,,"1640 Highland Pl, Boston, MA 02101"
Moore Asset Management Group,Oppenheimer & Co.,Ron Moore,,,"579 Madison Court, Miami, FL 33101"
Jones Invesment Partners,Harborview Private Wealth,George hoas,,George Thomas|William Cruz|Karen Evans|Christopher Evans|Matthew Taylor|Nancy Huang,"1486 Main Pkwy, Raleigh, NC 27601"
Adams Asset Management,Crestwood Family Office,Jennifer Adams,,,"9915 Highland Court, New York, NY 10022"
Brown Retirement Solutions Group,Morgan Stanley Wealth Management,"Brown, Matthew",,,"3746 Commerce Ave, Dallas, TX 75201"
Chen Retiremet Solutions Group,Edward Jones,,,,"2376 Lake Court, Portland, OR 97201"
Gomez & Associates,Ridgeway Wealth Management,,rgarcia@ridgewaywm.com,Rachel Garcia|Margaret Wilson|Brian Cruz,"2624 Jefferson Blvd, New York, NY 10022"
Carter Investment Group,Hilliard Lyons,,,,
Turner Private Client Goup,Wells Fargo Advisors,D0nald Turner,,Donald Turner|Dorothy Phillips|Christopher Adams|Helen Nelson|Nancy Adams|Jessica Lee|Christopher Harris,
Turner Wealth Advisors,DA Davidson & Co.,,nmitchell@dadavidson.com,,"4901 Elm Pkwy, Phoenix, AZ 85001"
Thompson Advisory Group,Oppenheimer & Co.,,thompsond@opco.com,Dorothy Thompson|Susan Jones|Kenneth Cruz|Edward Zhg|Helen Turner,
Evans Institutional Group,Janney Montgomery Scott,,,Matthew Liu|Rachel Rivera|David Jones,
Morris Wealth Management Group,Edward Jones,Jim Morris,,James Morris|David Gomez|Timothy Carter|Joseph Morri5,
Turner Financial Group,Merrill Lynch Pierce Fenner & Smith,Ronald Turner,,Ronald Turner|J@mes Nelson|Ryan Thompson|Emily Wright,
Young Advisory Group,UBS Financial,M@tt Davis,davism@ubs.com,,"2898 Cedar Pkwy, San Francisco, CA 94101"
Garcia Retirement Solutions Group,Wells Fargo Advisors,Margaret Garcia,,Margaret Garcia|Michael Campbell|Jeffrey Campbell|Jacob Wright,"6289 Park Ln, Washington, DC 20001"
Yang & Associates,Meridian Private Wealth,,,Joseph Yang|Linda Smith|Jeffrey King,"7109 Elm Dr, San Antonio, TX 78201"
Parker Wealth Partners,Commonwealth Financial Network,,,,
Davis Family Wealth Group,Woodbury Financial Services,Paul Davis,,Paul Davis|David Khan|Sandra White|Sarah Hall,"5446 Willow Court, Houston, TX 77001"
Khan Private Wealth Group,Cambridge Investment Research,Christopher Campbell,,Christopher Campbell|Paul Khan|Patricia Miller|Matthew Taylor|Amanda Brown|Jessica Scott,
Morgan Partners,Summit Peak Advisors,,,,"3012 Cedar Pl, Miami, FL 33101"
Young Asset Management Group,UBS Financial Services,"Khan, Kenneth",,,"847 Park Pl, Houston, TX 77001"
Smith Private Wealth Grop,Cambridge Investment,"Sm1th, Susan",susan.smith@cambridgeinv.com,,
Hill Wealth Advisors,Ameriprise Financial Services,"Hill, Richard",,,"9652 Jefferson Court, Phoenix, AZ 85001"
Thomas Asset Management,Meridian Private Wealth,,,,
Baker Advisors,Harborview Private Wealth,Stev3n Baker,,,
Liu Retirement Solutions Group,Janney Montgomery Scott,,,,
Moore Private Client Group,National Planning Holdings,Andy Moore,,Andrew Moore|Ryan Johnson,
Gomez Capital Partners,Parkside Wealth Strategies,Thomas Scot,,,"6977 Lake Dr, Denver, CO 80201"
Torres Private Wealth Group,Wells Fargo Advisors,Amanda Tores,,,
Hill Asset Management,Ridgeway Wealth Management,,,Jason Hil1|Edward Wang|Thomas Patel|Brian Johnson|Megan Campbell|Linda Wilson,"4484 Madison Rd, Boston, MA 02101"
Morgan Wea1th Advisors,Cambridge Investment Research,,kmorgan@cambridgeinv.com,Kenneth Morgan|Megan Wison|Mark Morgan|Paul Martin|Steven Brow,
Adams Investment Group,Oppenheimer &,"Adams, Karen",,KarenAdams|Jacob Roberts|Margaret Zhang,
Hill Investment Group,Edward Jones,,,Brian Hill|Paul Gomez|Edward W@ng|Andrew Davis|Patricia Stewart|Ronald Taylor|Matthew Jones,
Johnson Wealth,Highfield Asset Management,Amanda Johnson,,Amanda Johnson|Nancy Harris|Ashley Wilson|Richard Edwards|Jessica Patel|Karen Patel,"7290 Lincoln Ln, New York, NY 10022"
Jackson Retirement Solutions Group,Securities America,Emily Jackson,,,"5765 Hill St, Denver, CO 80201"
Lee Tax & Wealth Group,Ameriprise Financial,,,,"2703 Madison Pl, Miami, FL 33101"
Hill Asset Management Group,Cetera Financial Group,,shill@cetera.com,,
Williams Tax & Wealth Group,Wells Fargo,Thomas Williams,williamst@wellsfargoadv.com,,"8196 Cedar Court, New York, NY 10001"
Morgan Wealth Management,Kingsbridge Capital Advisors,,,,
Scott We@lth Management Group,Cetera Financial Group,,,,
Edwards & As5ociates,Northgate Investment,George Ewards,,George Edards|Paul Moore|Christopher Gomez,"8562 Park St, Kansas City, MO 64101"
Chen Financial Group,Woodbury Financial Services,George Chen,,George Chen|Ronald Edwards,"8950 Park Blvd, Austin, TX 78701"
Collins Advisory Group,Morgan Stanley Wealth Management,"Jones, Danie1",,Daniel Jones|EmilySmith|Ashly Hall|David Wang,
Brown Advisory Group,Robert W. Baird & Co.,,,,
Chen Capital Goup,Morgan Stanley Wealth Management,Charles Chen,,Charles Chen|Robert Evans|Sarah Evans|Michael Moore|Edward Wang|Dorothy Steart,
Smith Wealth Partners,Woodbury Financial,Emily Smith,,Emily Smith|Ryan Roberts|Joseph Campbell|Ryan Thomas|Jacob Campbell|Margaret Liu,
Morris Wealth Advsors,Robert W. Baird & Co.,,smorris@rwbaird.com,,"3175 Elm Ln, Charlotte, NC 28201"
Nelson Group,Highfield Asset Management,Bill Nelson,,William Nelson|Emily Collins|Kenneth Kim|Edward Patel|Daniel Edwards|Nancy Evans|Richard Scott,"7598 Washington Pkwy, San Jose, CA 95101"
Collins Asset Management,Meridian Private,,,,"7671 Highland Court, St. Louis, MO 63101"
Williams Private Wealth,Clearwater Capital Group,,riveraj@clearwatercap.com,Jeffrey Rivera|Robert Kng|Sandra Taylor|Steven Young|Patricia Wang|Betty Jackson,"725 Highland Way, Minneapolis, MN 55401"
Garcia Asset Management,Clearwater Capital Group,Jessica Garcia,,,
Brown Financial 9roup,Cambridge Investment Research,Dorothy Brown,,Dorothy Brown|Richard Harris|Daniel Liu|Ryan Williams,
Lee Institutional Group,Robert W.,"Flores, Michael",,,
Green Institutional Group,Commonwealth Financial,Jessica Green,,,"3311 Willow Way, Minneapolis, MN 55401"
White Wealt Management Group,Commonwealth Financial Network,,,,"8317 Main Dr, Baltimore, MD 21201"
Morris Capital,Highfield Asset Management,,,Donald M0ris|Nancy Carter|Margaret Mil1er|Linda Nelson|Timothy Parker|Matthew Brown,"1129 Oak Pkwy, Kansas City, MO 64101"
Roberts Partners,Summit Peak Advisors,,,Jason Johnson|Brian Patel|Paul Hill|Ashley Flores|Willi@m Nelson|John Phillips,
Davis Pivate Wealth roup,National Planning,"Davis, Karen",,,"749 Willow Ln, Philadelphia, PA 19101"
Brown Family Wealth Group,Raymond James Financial Services,,,,
Morris Investment Partners,Summit Peak Advisors,,,,"4979 Maple Pl, San Diego, CA 92101"
Torres Asset Management Grup,LPL Financial,George Campbell,campbellg@lpl.com,,"2635 Washington St, Minneapolis, MN 55401"
Thomas Financial Group,Morgan Stanley,"Thomas, Sarah",,,
Thomas Retirement Solutions Group,Cambridge Investment Research,,,,"2406 Jefferson Way, San Antonio, TX 78201"
King @visors,Meridian Private Wealth,Jessica King,jking@meridianpw.com,,
Reye5 Wealth Mana9ement Group,Cambridge Investment Research,Helen Reyes,reyesh@cambridgeinv.com,H3len Reyes|Sandra Patel|Lisa Campbell|Jennifer Cruz,
Carter Private Wealth,Crestwood Family Office,,,,
Evans& Associates,Meridian Private,,,Brian Evans|George Campbell,
Miller Private Wealth Group,Edward Jones,,smiller@edwardjones.com,,"9123 Commerce Court, San Francisco, CA 94101"
Hall Financial Group,Commonwealth Financial Network,"Hall, George",ghall@commonwealth.com,George Hall|Jason Jones|John Thomas|Wil1iam Campbell|Jessica Adams|Jacob Lee|Daniel Hall,"5024 Madison Dr, San Francisco, CA 94101"
Flores Wealth Management Group,Commonwealth Financial Network,,,Emily Flores|Nancy Adams|George Collins|Andrew Reyes|Daniel Smith|Jennifer Cruz|Ronald Johnson,
Baker Asset M@na9ement,Ridgeway Wealth Management,Sarah Bker,bakers@ridgewaywm.com,Sarah Baker|Anthony Martin|Jacob Flores|Jennifer Garcia|Jessica Reyes,
Morgan Private Wealth Group,DA Davidson & Co.,,sarah.morgan@dadavidson.com,,
Campbell Ivestment Group,Stifel Nicolaus & Company,,,Mark Baker|Jason Green|George ivea|Sandra King|evin Martin|Sandra Chen,
Patel Private Client Group,Cetera Financial Group,Robert Young,,,"1779 Main Pl, Seattle, WA 98101"
Jones Family Wealth Group,DA Davidson,Kennethones,,,
Nguyen Wealth Advisors,Oppenheimer & Co.,Jo3 Nguyen,,Joseph Nguyen|Timothy Davis|David Jackson|Brian Garcia|Barbara Brown,"4007 Main Blvd, Houston, TX 77001"
Garcia Family Wealth Grou,UBS Financial Services,,,,"4655 Market St, Las Vegas, NV 89101"
Diaz & Associates,Janney Montgomery Scott,"Diaz, Edward",,,"2552 Washington Dr, Nashville, TN 37201"
Jones & Lee Group,Ridgeway Wealth,,,,
Campbell Investment Partners,Kingsbridge Capital,,,,
Thoma5 Finanial Gr0up,Wells Fargo Advisors,,gomezs@wellsfargoadv.com,Sandra Gomez|Amanda Campbell|Paul Scott|Christopher Chen,
Brown Asset Management Group,Morgan Stanley,,megan.brown@morganstanley.com,,
Kim Wealth Management,Highfield Asset Management,Jessica Kim,kimj@highfieldam.com,,
Campbell Institutional Group,Raymond James Financial Services,,,,"4689 Elm St, Minneapolis, MN 55401"
Lee Partners,Ridgeway Wealth Management,mily Lee,,,
Diaz Private Wealth Group,Merrill Lynch Pierce Fenner & Smith,Rachel Evans,,,"2368 Market Pl, Memphis, TN 38101"
Wright & Smith artnrs,DA Davidson & Co.,G3orge Wright,wrightg@dadavidson.com,George Wright|Linda Baker|Karen Jones|Amanda Brown|Ryan Williams,"3867 Main St, Seattle, WA 98101"
Taylor Family Wealth Group,Edward Jones,,dorothy.liu@edwardjones.com,,"7160 Commerce Dr, New York, NY 10001"
Allen Family Office,Highfield Asset Management,"Allen, Jessica",,Jessia Allen|Thomas Mitchell|Joseph Davis|Lisa Huang|Thomas White|Charles Carter|Charles Anderson,"4559 Lake Ave, Memphis, TN 38101"
Khan Private Wealth,Parkside Wealth Strategies,Karen Cruz,,,
Green Tax & Wealth Group,Merrill Lynch Pierce Fenner & Smith,"Green, Amanda",greena@ml.com,,
Moore Priv@te Wealth,Ridgeway Wealth,David Moore,dmoore@ridgewaywm.com,David Moore|Amanda Taylor|Ronald Jackson|John Baker|Jessica Davis|Paul Davis|Thomas Kim,
Wright Capital Partners,Northgate Investment Partners,"Allen, Kenneth",,,"439 Madison Way, Baltimore, MD 21201"
And3rson Investment Partners,Clearwater Capital Group,,,,
Khan Priv@te Client Group,Wells Fargo,Karen Khan,,,
Thompson Asset Management Group,Stifel Nicolaus & Company,Kev Cruz,,,"8756 Willow Court, Dallas, TX 75201"
Thomas Retirement Solutions Group,National Planning Holdings,"Thomas, James",thomasj@nph.com,,
Scott Partners,Harborview Private Wealth,,,Patricia Scott|Daniel Davis|J3ffrey Smith|Daniel Harris,"3168 Maple Pkwy, Seattle, WA 98101"
Ad@ms Retirement Soluti0ns Group,Securities America,Mark Gomez,,,
Turner Wealth Management,Northgate Investment Partners,Timothy Turner,,Timothy Turner|Rachel Collins|Amanda Smith|Jaso Reyes,"9424 Oak Ln, Seattle, WA 98101"
Davis Wealth Management,Ridgeway Wealth Management,,,,"6730 Hill Dr, Baltimore, MD 21201"
Liu & A5sociates,Merrill Lynch Pierce Fenner & Smith,Joseph Liu,,Joseph Liu|Jessica uang,
Wilson Wealth Management Group,Raymond James Financial Services,Daniel Wlson,,,"5980 Elm Blvd, San Antonio, TX 78201"
Green Asset Management Group,Morgan Stanley Wealth Management,Andrew Green,greena@morganstanley.com,Andrew Green|David Young,"1261 Jefferson Ave, Boston, MA 02101"
Anderson Wealth Partners,Commonwealth Financial Network,,janderson@commonwealth.com,Jessica Anderson|Jacob Davis|Lisa Garcia|Thomas Hill,"7731 Willow Pkwy, Miami, FL 33101"
ThomasWealth Managemet,Highfield Asset Management,,,,"820 Lincoln Ln, Minneapolis, MN 55401"
Wang Advisory Group,LPL Financial,"Lee, Andrew",alee@lpl.com,,"2084 Main Dr, Indianapolis, IN 46201"
Wilson F@mily Wealth Group,DA Davidson & Co.,Matt Wilson,,Matthew Wilson|David Parker|Sandra Phillips|Steven Morgan,
Stewart Private Wealth,Northgate Investment Partners,ev Stewart,kstewart@northgateinv.com,Kevin 5tewart|Dorothy Hill,
Zhang & Brown Parters,Cetera Financial Group,,,Amanda Zhang|James Chen,"4655 Market Rd, Phoenix, AZ 85001"
Jackson Financial Partners,Harborview Private Wealth,"ackson, Joseph",jjackson@harborviewpw.com,,
Anderson Investment Group,LPL Financial,"Chen, Sarah",,Sarah Chen|Christopher Diaz|Jason Moore,"5426 Highland Dr, Boston, MA 02101"
Wright Wealth Management Group,Stifel Nicolaus,Pau Wright,,,"1994 Hill Ave, San Jose, CA 95101"
illiams Partners,Kingsbridge Capital Advisors,"Williams, Michael",,,"5858 Maple Ave, Las Vegas, NV 89101"
Turner AdvsoryGroup,Woodbury Financial Services,,,,"5037 Maple Rd, Denver, CO 80201"
Scott & Associates,Hilliard Lyons,,kscott@hl.com,,
White Fmily Wealth Group,Cambridge Investment,Lisa Smith,,isa Smith|Nancy Mitchell|Kevin King|George Thomas,"9136 Park Way, Houston, TX 77001"
Garcia Advisors,Kingsbridge Capital Advisors,,,,
Nelson Wealth Management Group,Robert W. Baird & Co.,"Nelson, S@rah",,,"1176 Jefferson Dr, Seattle, WA 98101"
Young Private Client 9roup,UBS Financial Services,Lsa Young,lyoung@ubs.com,,
Taylor nstitutional Group,Raymond James Financial Services,Patricia Brown,,,"7972 Spring Ln, San Francisco, CA 94101"
Lee Asset M@nagement Group,Cetera Financial Group,,,Amanda Lee|DavidLee,
Anderson & Carter Partners,Crestwood Family Office,,,,
Johnson Wealth M@nagement,Summit Peak,,,,
Turner Portfolio 9roup,Raymond James Financial Services,,,,"6785 Cedar Court, Washington, DC 20001"
Hill Wealth Advisors,Oppenheimer & Co.,,,,
Roberts Financial Partners,Clearwater Capital Group,,,Helen Rivera|Jacb Harris|Michael Smith|Matthew Khan|Michael Parker|Megan Campbell|Anthony Morris,
Carter & Associates,Harborview Private Wealth,,tim.carter@harborviewpw.com,Timothy Carter|AmandaMiller|Jason Zhang|Robert Rivera,"7636 Lincoln Dr, Austin, TX 78701"
Chen Advisory Group,Cambridge Investment Research,Lisa Chen,,,
Young Partners,Summit Peak,,patricia.stewart@summitpeakadv.com,Patricia Stewart|David Carter|DavidNguyen|George Baker|1inda Adams|Linda Huang|Joseph Liu,"8237 Park Blvd, Washington, DC 20001"
Davis Partners,Ridgeway Wealth,Rick Davis,,Richard Davis|Mark Green,"3801 Oak Blvd, Dallas, TX 75201"
Baker Institutina1 Group,Robert W. Baird & Co.,,,James Huang|John Morris,"1187 Hill Court, Denver, CO 80201"
White Tax & Wealth Group,Morgan Stanley Wealth Management,,,David White|Rachel Johnson|Steven Wang|ams Garcia|David Reyes|Donald Chen,"1066 Washington Ave, Miami, FL 33101"
Diaz Wealth Management,Summit Peak Advisors,"Yang, Kevin",,,"2748 Willow Court, Chicago, IL 60601"
Green Asset Management,Crestwood Family,,,,"9494 Cedar Pl, Portland, OR 97201"
GomezPrivate Wealth Group,UBS Financial Services,"King, Steven",,Steven King|Barbara Patel|Mark White|Susan Liu|Thomas Chen|George organ,
Scott Family Offce,Crestwood Family Office,Nancy Scot,,Nancy Scott|Nancy Mitchell|William Wilson|Nancy Hill|Margaret Cruz|PatriciaMorris|Ronald Green|Ronald Roberts|Donald Zhang|Jessica Edwards,
Kim Asset Management,Highfield Asset Management,David Rivera,drivera@highfieldam.com,David Rivera|Dorothy Hall|Sandra Baker|Amanda Gome,
Parker & Associates,Edward Jones,,,Ronald Parker|Margaret Campbell|Thomas Thomas|Brian Reyes|Donald Morgan|Patricia Harris|Mark Roberts,
Nelson Private Cl1ent Group,Stifel Nicolaus & Company,"Johnson, Rachel",,Rachel Johnson|Michael Adams|Donald Diaz,
Chen Asset Management Group,Hilliard Lyons,,millerm@hl.com,,"149 Willow Blvd, Kansas City, MO 64101"
Cruz Wealth Advisors,Cambridge Investment Research,,,,"9664 Market Court, Phoenix, AZ 85001"
Lee C@pital Group,National Planning Holdings,,glee@nph.com,George Lee|Michael Rivera|Susan Mtchell,
Lee Institutional Group,Edward Jones,,,,
Parker & Brown Partners,Edward Jones,"Parker, Edward",,,
Smith & As5ociates,Highfield Asset Management,Dorothy 5mith,,,
Turner Capital Group,Woodbury Financial Services,"Parker, David",,,"9696 Lake Rd, Charlotte, NC 28201"
Turner Family Wealth Group,Cetera Financial Group,Charles Turner,charles.turner@cetera.com,,"6519 Washington Rd, San Francisco, CA 94101"
Torres R3tirement Solutions Group,Raymond James Financial Services,Ashley Chen,,,"6623 Jefferson St, Indianapolis, IN 46201"
Taylor Group,Summit Peak Advisors,,,,
King Welth Management Group,DA Davidson,,bob.king@dadavidson.com,Robert King|David Baker|Donald Young|Timothy Martin|David Thompson|Margaret Chen|Lisa Torres,
Garcia Private Client Grou,Janney Montgomery Scott,S@rah Garcia,,Sarah Garcia|MargaretPatel,"3103 Park Pl, San Antonio, TX 78201"
Stewart Wealth Management,Northgate Investment Partners,,,Kenneth Stewart|Matthew Nguyen|Matthew White|Barbra Flores|Timothy Allen|Barbara Hill|Jennifer Johnson|David Anderson|Jacob Torres|James Baker|Christopher Scott|Richard Baker,
Kim Weath Partners,UBS Financial Services,Rachel Wright,wrightr@ubs.com,,
Hll Wealth Partners,Hilliard Lyons,"Hi11, Mark",,,
Moore Investment Partners,Summit Peak Advisors,Jennifer Moore,,Jennifer Moore|Edward Lee,"4613 Madison Rd, Nashville, TN 37201"
Scott Tax & Wealth Group,Oppenheimer & Co.,,,,
Jack5on Portfolio Group,UBS Financial,"Jackson, Nancy",njackson@ubs.com,Nancy Jackson|Charles Wang|Dorothy Garcia,
Allen Portfolio Group,UBS Financial Services,,greenm@ubs.com,Michael Green|Ryan Harris|Susan Martin|Ryan Baker|Robert Wang,
Reyes Wealth Managemnt,Harborview Private Wealth,"Reyes, John",,John Reyes|Richard Nguyen|Anthony Harris,
Wilson Private Wealth,Clearwater Capital Group,"Nelson, Linda",,Linda Nelson|Joseph Davis|RonaldHuang|Megan Tayl0r|Karen Williams,
Robert Group,Harborview Private Wealth,,,,
Morrs Asse Management,Meridian Private,"Morris, Donald",,Donald Morris|Joseh Flores|Linda Roberts|David Hall,"1946 Park Pkwy, Denver, CO 80201"
Davis Institutional Group,Ameriprise Financial Services,,amanda.nguyen@ampf.com,,
Wang Retirement Solutions Group,Raymond James Financial Services,,cjohnson@raymondjames.com,Charles Johnson|Jason Jackson|Karen Jackson,"2546 Lake Pl, San Antonio, TX 78201"
Harris Capital Group,Merrill Lynch Pierce Fenner & Smith,,,,"7174 Highland Way, Phoenix, AZ 85001"
Miller Wealth Partners,National Planning Holdings,Steve Miller,,Steven Miller|Helen Taylor|Jessica Parker|Amanda Mitchell|Daniel J0nes,
Wilson Wealth Partners,Securities America,Bian Wi1son,,,"4776 Highland Blvd, Charlotte, NC 28201"
Phillips Financial Group,DA Davidson & Co.,Tm Phillips,,,
Liu Advisors,Kingsbridge Capital Advisors,Ashley Liu,,,
Reyes Advisory Group,Ameriprise Financial Services,"Reyes, Helen",helen.reyes@ampf.com,Helen Reyes|Andrew Wright,"6534 Maple Blvd, Denver, CO 80201"
Morgan Financial Group,Raymond James Financial Services,George Jone5,george.jones@raymondjames.com,,"8971 Commerce Pl, San Diego, CA 92101"
Jackson Wealth Partners,Cetera Financial Group,"Jackson, Kenneth",,Kenneth Jackson|George Reyes,"4504 Main Pl, Los Angeles, CA 90001"
Scot Avisory Group,LPL Financial,,ryan.scott@lpl.com,,"2993 Lake Blvd, Washington, DC 20001"
Roberts Portfolio Group,Hilliard Lyons,Joseph Roberts,,,"6146 Main Court, San Jose, CA 95101"
King Private Client Group,Wells Fargo Advisors,"King, Jeffrey",jeff.king@wellsfargoadv.com,,"7480 Madison Ln, New York, NY 10001"
Evans Investment Group,Wells Fargo Advisors,,,,
Huang Financial Partners,Parkside Wealth Strategies,,,,"3994 Spring Ln, New York, NY 10001"
Phillips Asset anagement,Meridian Private Wealth,Jame Miller,,James Miller|Thomas Scott|Daniel Turner|Joseph Sm1th|Brian Collins|Rachel Thompson,"8528 Washington Blvd, Portland, OR 97201"
Thomas & Associates,Northgate Investment Partners,"Thomas, Charles",cthomas@northgateinv.com,Charles Thomas|Michael Reyes|Christopher Hall,
Gomez Capital,Meridian Private,,,Jacob Gomez|James Patel,
Taylor Capital Partners,Ridgeway Wealth,"Taylor, Christopher",,,
Parker Investment Partners,Summit Peak,Jeff Parker,,,
Brown Family Office,Summit Peak Advisors,"Adams, Andrew",,,"8981 Elm Rd, San Jose, CA 95101"
Davis Capital Group,Securities America,Sarah Davis,,Sarah Davis|Margaret Wang|Nancy Williams|John Roerts|RachelEvans|Timothy Nelson,"1480 Washington Blvd, Raleigh, NC 27601"
Roberts Investment Partners,Harborview Private Wealth,Andrew Roberts,,,
Evans & Associates,Harborview Private Wealth,Lisa Evans,,Lisa Evans|Sandra Rivera|Paul Campbell|Ronald Jackson|Paul Morris|Mark Edwards,"450 Cedar Blvd, Raleigh, NC 27601"
Kim Institutional Group,Raymond James Financial Services,,,Emily Kim|George Huang|Daniel Khan|Jaso Lee,"7334 Madison Way, Nashville, TN 37201"
Morris Tax & Wealth Group,National Planning Holdings,"Chen, Amanda",,,
Stewart Institutional Group,Woodbury Financial Services,,martinl@woodburyfs.com,Lisa Matin|Charles Davis|Linda Gomez|Helen Johnson,"871 Willow Dr, San Antonio, TX 78201"
Anderson Advisors,Kingsbridge Capital,,,James Evans|Jason Kim,"4453 Spring Ave, New York, NY 10001"
Parker Advisors,Kingsbridge Capital Advisors,,,Paul Parker|Kenneth Moore|Joseph Davis|Ronald Campbell,
Evans & Associates,Northgate Investment Partners,,,,
Nguyen Advisrs,Crestwood Family Office,,,,"9613 Cedar Way, San Jose, CA 95101"
Patel Financial Group,Merrill Lynch Pierce Fenner & Smith,,,,"4423 Main Ave, New York, NY 10001"
Yang Asset ManagementGroup,Wells Fargo Advisors,Rachel Jones,,,"4163 Washington Blvd, Nashville, TN 37201"
Le & Associates,Parkside Wealth Strategies,Eily Lee,,,"5248 Market Pkwy, Los Angeles, CA 90001"
Davis Capital Goup,Ameriprise Financial,Ryan Zhang,zhangr@ampf.com,Ryan Zhang|Bri@n Yang,
Torres Portfolio Group,Edward Jones,Paul Torres,,,"4303 Park St, Nashville, TN 37201"
Williams Partners,Highfield Asset Management,"Williams, William",wwilliams@highfieldam.com,,
Thomas Advisors,Harborview Private Wealth,"Jackson, Mark",,,
W@ng Retirement Solution Group,Morgan Stanley Wealth Management,Ryan Wang,,Ryan Wang|Emily Lee|Emily Roberts|John Diaz,
Johnson Wealth Advisors,Cetera Financial Group,,,,
Mitchell Asset Management Group,LPL Financial,,,,"5476 Commerce Rd, Philadelphia, PA 19101"
Campbell Capital Group,Edward Jones,David Campbell,,David Cambell|Steven Wang,"7220 Spring Rd, Charlotte, NC 28201"
Morgan Asset Management Grou,Wells Fargo Advisors,,,,
Williams & Wright Group,Woodbury Financial Services,"Williams, Dorothy",,,
Collins & Associates,Kingsbridge Capital Advisors,,,Jeffrey Cllins|Richard Mitchell|John Adams|Barbara Huang,"2005 Jefferson Way, Phoenix, AZ 85001"
Wilson Wealth Partners,Robert W.,Ken Wilson,,,
Huang Capital Group,Robert W. Baird & Co.,,,,
Johnson Wealth,Meridian Private,,,Charles Parker|Kenneth Alen|Christopher Diaz|Karen Moore,
Carter Tax & Wealth Group,Hilliard Lyons,,turnerd@hl.com,,
Smith Retirement 5olutions Group,Janney Montgomery,"5mith, Daniel",,Dniel Smith|James Hill|Lisa Patel|Helen Jones|Richard Wilson,
Morris Wealth Management Group,Robert W. Baird & Co.,"Morris, K@ren",,Kaen Morris|Robert Cruz|Amanda Flores|Jeffrey Rivera,
Roberts & Associates,UBS Financial Services,,rroberts@ubs.com,,
Smith Private Wealth Group,LPL Financial,,,,
Miller Advisrs,Summit Peak Advisors,,,AshleyStewart|David Parker|George Taylor,
Wilson Advisors,Clearwater Capital,,,Joseph Parker|Edward White|Jason Hi1l|Emily Parker,
Allen Wealth Management Group,Commonwealth Financial Network,"Allen, Jason",jason.allen@commonwealth.com,,
Young Family Wealth Group,Oppenheimer & Co.,,gomezb@opco.com,Betty Gomez|Dorothy Wright|Richard Morgan|Barbara Martin|Megan Nguyen,"8408 Spring Ln, San Antonio, TX 78201"
Harris F@mily Office,Parkside Wealth Strategies,"Harris, Don@ld",,,"4813 Elm Ave, Washington, DC 20001"
Collins Wealth Management Group,Woodbury Financial Services,Anthony Collins,,,"3499 Washington Ave, Houston, TX 77001"
Lee Tax & Wealth Group,Merrill Lynch Pierce Fenner & Smith,Le3 Ronald,,,"5578 Commerce Rd, San Jose, CA 95101"
Thomas Investment Partners,Highfield Asset Management,Lisa Edwards,,,"349 Maple Way, Boston, MA 02101"
Edwards Family Wealth Group,Janney Montgomery Scott,,bliu@janney.com,,"5701 Willow Way, Memphis, TN 38101"
Hall Private Wealth Group,Wells Fargo Advisors,"Gomez, Jacob",jacob.gomez@wellsfargoadv.com,,"2333 Lake Rd, New York, NY 10022"
Smith Wealth Management Group,LPL Financial,,,,"2237 River Blvd, Phoenix, AZ 85001"
Khan & Associates,Edward Jones,,,,"5926 Maple Pkwy, St. Louis, MO 63101"
Taylor Asset Management Group,Raymond James Financial Services,"Taylor, Amanda",,,"242 Park St, Miami, FL 33101"
Reyes Financial Partners,Summit Peak,"Reyes, Joseph",,Joseph Reyes|Amanda Huang,
Cruz Private Client Group,Wells Fargo Advisors,John Cruz,cruzj@wellsfargoadv.com,,
Lee Asset Management Group,National Planning Holdings,,,,"6941 Lincoln Pl, Nashville, TN 37201"
Cruz Institutional Group,Edward Jones,,,,"3075 Jefferson Court, Houston, TX 77001"
Mitchell Retiremnt Solutions Group,Cambridge Investment,,mitchellj@cambridgeinv.com,,
Miller Wealth Partners,Securities America,,hallw@secam.com,William Hall|Jennifer Cruz|Donald Martin|Dorothy Martin|Paul Taylor|W1lliam Flores,
Cruz Retirement Solutions roup,National Planning,,,,"1178 Lincoln St, Los Angeles, CA 90001"
Moore Investment Group,Securities America,,,Chritopher Moore|Paul Nelson|George Patel|Kenneth Mitchell,
Scott Private Cli3nt Group,Janney Montgomery Scott,Susan Lee,,Susan Lee|Rnald Martin,
Turner Capital Group,LPL Financial,"Turner, Joseph",,,
Patel Wealth Partners,Ameriprise Financial Services,"Harris, Paul",harrisp@ampf.com,,"6597 Elm Dr, Chicago, IL 60601"
Reyes Portfolio Group,Raymond James Financial Services,,,,
Turner Retirement 0lutions Group,Ameriprise Financial Services,shley Turner,,Ashley Turner|Amanda Reyes|Anthony Martin|Betty Carter|B3tty Taylor|Michael Collins,
Jackson P0rtfolio Group,Commonwealth Financial Network,Linda Flores,,Linda Flores|Edward Roberts|Jason Jackson|Jason King|Matthew Tompson,"1996 Maple Pkwy, Miami, FL 33101"
Harris Portfolio Group,Morgan Stanley Wealth Management,"Harris, Ashley",,,"8297 Highland Pl, Dallas, TX 75201"
Marti & Lee Advisors,Ridgeway Wealth,,,David Martin|Margaret Taylor|William Baker|Timothy Morris|Betty Kim|Christopher Cruz|Dorothy Liu,
Allen Advisors,Harborview Private,,dan.allen@harborviewpw.com,,
Gomez & Associates,Meridian Private Wealth,Paul Gomez,,Paul Gomez|Nancy Stewart|Anthony Harris|Jessica Martin,
Young Capital Group,Oppenheimer & Co.,Sarah Young,,Sarah Young|Edward Khan|Susan Diaz|Barbara Allen|Hel3n Miller|Anthony Garcia,
Scott & Associates,Raymond James Financial Services,Mike cott,,,
Liu Wealth,Parkside Wealth,Kn Liu,,Kenneth Liu|Betty Huang|Susan Thomas,
Brown Institutional Group,Ameriprise Financial Services,Andy rown,,ndrew Brown|Patricia Hall|Mark King|Ronald Zhang|Anrew Gomez|George Flores|Daniel Torres,"401 Main Pkwy, Baltimore, MD 21201"
Scott Wealth Management,Ridgeway Wealth,,,Christoper Turner|Jennifer Wang|atthew Brown,
Martin Institutional Group,Oppenheimer &,Mark Martin,mmartin@opco.com,,
Wang Financial Partners,Crestwood Family Office,"Wang, Steven",,,"5514 Commerce Blvd, Raleigh, NC 27601"
Stewart & Associates,Summit Peak Advisors,Jeff Stewart,jeff.stewart@summitpeakadv.com,,"9137 Spring Pl, Miami, FL 33101"
Smith Private Wealth,Summit Peak Advisors,,,Karen Smith|Charles Carter|Barbara Young,
Roberts Advisors,Summit Peak Advisors,,,Rachel Roberts|Margaret Liu|Nancy Rivera|Rachel Campbell|James Miller|John Hill|Kevin Cruz,
Liu Tax & Wealth Group,Oppenheimer & Co.,,,,
Dia Financial Group,Cetera Financial,"eyes, Kenneth",,,
Khan Private Client Group,Woodbury Financial Services,"Khan, ndrew",,,
ivera Wealth,Crestwood Family Office,"Rivera, Helen",,Heen Rivera|Lisa Morgan,
Stewart Capital Group,Woodbury Financial Services,,stewartj@woodburyfs.com,,
Rivera Retirement Solutions Group,Morgan Stanley Wealth Management,,,Edward Rivera|Sarah Edwards,"8590 Commerce Pkwy, San Francisco, CA 94101"
Gomez Retirement Solutions 9roup,DA Davidson & Co.,,,Amanda Gomez|Robert Turner|William Hill|Helen Campbell|Andrew Cruz|Jmes @llen,"2731 Cedar Dr, Houston, TX 77001"
Zhang & Associates,Harborview Private Wealth,,,,
Anderson Financial Partners,Summit Peak Advisors,,,,"8313 Elm Way, Dallas, TX 75201"
Thompson Family Office,Northgate Investment Partners,Mike Zhang,,Michael Zhang|Anthony Cruz|Ashley Miller|Donald Hill|Mark Green|Margar3t Taylor,
Collins Private Wealth Group,Merrill Lynch Pierce Fenner & Smith,Davd Khan,,,
Hall Wealth Partners,Cetera Financial Group,,,,
Garcia Wealth Management Group,LPL Financial,,,,
Garcia Private Wealth Group,Merrill Lynch Pierce Fenner & Smith,"Garcia, Michael",,Michael Garcia|Steven Edw@rds|Helen Garcia|Sarah Cruz|Patricia Roberts,
Gomez Retiremnt Solutions Group,Cetera Financial Group,Bob Anderson,,,
Martin Capital Group,Merrill Lynch Pierce Fenner & Smith,Dan Martin,,Dniel Martin|John Stewart|Linda Williams|Rachel Anderson|Dor0thy Cpbell|Brian Patel,"8931 Hill Way, Houston, TX 77001"
Tompson Family Wealth Group,Hilliard Lyons,,ashley.thompson@hl.com,,
Nguyen Portfolio Group,UBS Financial Services,Dan Ngyen,,,"1870 Spring Rd, Memphis, TN 38101"
Nelson Investment Group,LPL Financial,"Nelson, Emily",,,
Scott Advisors,Crestwood Family Office,Paul Scott,,,"9638 Willow St, San Francisco, CA 94101"
Williams Investment Group,Woodbury Financial Services,,thomasd@woodburyfs.com,,
Parker Family Office,Harborview Private Wealth,Thomas Parker,parkert@harborviewpw.com,Thomas Parker|Edward L1u|Anthony Green|Susan Jones,"9146 Hill Pkwy, St. Louis, MO 63101"
Khan Capital Partners,Ridgeway Wealth Management,Andrew Khan,,Andrew Khan|Lisa Harris,
Turner Walth M@nagement,Highfield Asset Management,Linda Turner,,,"2831 Main Ln, Charlotte, NC 28201"
Turner nve5tment Group,Morgan Stanley Wealth Management,,,,
Thomas Partners,Kingsbridge Capital Advisors,,sarah.thomas@kingsbridgecap.com,,"2515 Washington Blvd, Houston, TX 77001"
Campbll Advisory Group,DA Davidson & Co.,Michael Campbell,,Michael Campbell|Brian Phillips|Paul Mitchell|George Taylor|Anthony Cruz|Matthew Wilson,
Reyes Wea1th Partners,LPL Financial,Barbara Reyes,breyes@lpl.com,Barbara Reyes|Ashly Garcia|Robert Rivera|Timothy Miller|Jacob Rivera|Betty Thomas,
Harris Intitutional Group,Raymond James Financial Services,,,Joseph Harris|Lisa Parker|Lisa Lee|Kenneth Martin,
Moore Financial Group,Ameriprise Financial Services,"Moore, homas",,,
Cruz Retrement SolutionsGroup,Oppenheimer &,,hcollins@opco.com,Helen Collins|Karen Diaz|Paul Zhang,
Reyes Wealth Management Group,Stifel Nicolaus & Company,,,,"955 Main Court, Charlotte, NC 28201"
Adams Portfolio Group,National Planning Holdings,Su5an Adams,,,
Morgan Portfolio Group,Edward Jones,John Lee,,,"710 Lake Court, Phoenix, AZ 85001"
Nguyen Financial Partners,Clearwater Capital Group,Dorothy Nguyen,,Dorothy Nguyen|Joseph Moore|Jeffrey Cruz|Robert Nelson|Megan Turner|Betty Moore,
Williams Tax & Wealth Group,Robert W. Baird & Co.,SarahMorgan,,,"9511 Willow Blvd, Minneapolis, MN 55401"
Baker Retirement Solutions Group,UBS Financial Services,David Baker,,,
Harris Capital Group,Janney Montgomery Scott,Patrcia Harris,,Patricia Harris|Steven Edwards|Megan Patel|Barbara Roberts,
Hall Priate Wealth Group,UBS Financial Services,,,,
Reyes Partners,Ridgeway Wealth Management,manda Smith,smitha@ridgewaywm.com,,"259 Park Dr, Nashville, TN 37201"
Evans & Associates,Summit Peak,,,,"3280 Lake Court, New York, NY 10022"
Jackson Private Wealth Group,Hilliard Lyons,,,Karen Allen|Emily Torres|Jaob Thompson|Barbara Turner|Jason Mitchell,"4184 Lake Ave, San Francisco, CA 94101"
Evans Wealth Advisors,Wells Fargo Advisors,Joseph Wilson,jwilson@wellsfargoadv.com,Jo3ph Wilson|Thomas Edwards|Rachel Wilson|Patricia Campbell|Brian Smith|Jacob Parker,"8269 Willow Pkwy, Atlanta, GA 30301"
Gomez Investment Group,UBS Financial Services,,,,"8651 Highland Ln, San Antonio, TX 78201"
Wang Wealth Management Group,Cetera Financial,Matt Wang,mwang@cetera.com,Matthew Wang|Ryan Martin|Jessica Hill|Patricia Williams|Dorothy Diaz|Nancy Edwards,
Stewart Asset Management Group,Woodbury Financial,Jessica Stewart,jessica.stewart@woodburyfs.com,Jessica Stewart|Lisa Garcia|R0bert Miller|Jennifer Martin|George Taylor|Ashley Morgan,"4300 Hill Pkwy, San Diego, CA 92101"
Wright Tax & Wealth Group,LPL Financial,"Wright, Sarah",,Sarah Wright|Robert Campbell|Linda Wilson|Jennifer Rivera|KennethAnderson|Mark Johnson|Thomas Taylor,"7626 Main Ave, San Antonio, TX 78201"
Baker Financial Partners,Kingsbridge Capital,Jim Wright,,,"3044 Willow Blvd, Seattle, WA 98101"
Huan9 Private Wealth Group,Stifel Nicolaus & Company,,,William Huang|Mark Mitchell|Christopher Flores|Dorothy Adams|Ryan Torres,"4464 River Ave, San Antonio, TX 78201"
Ad@ms Capital,Summit Peak Advisors,,,,"7720 Jefferson Ave, San Francisco, CA 94101"
Wright & Associates,Parkside Wealth Strategies,,,,"7314 Oak Pkwy, Dallas, TX 75201"
Edwards Wealth Partners,Wells Fargo Advisors,Sandra Edwards,,,
Thomas Aset Management Group,Commonwealth Financial Network,"Thomas, Ryan",ryan.thomas@commonwealth.com,,
Chen Asset Management,Highfield Asset,Joe Chen,jchen@highfieldam.com,,
Wang Investm3nt Group,UBS Financial Services,,,,
Huang Wealth Partners,LPL Financial,,,Patricia Huang|Jason Young|Jacob Young|Patricia Taylor,
Wang Financial Group,Ameriprise Financial Services,,,,"9925 Washington Rd, Miami, FL 33101"
Carter Asset Management Group,Cetera Financial,"Moore, Tomas",mooret@cetera.com,,
Wilson Capital Group,Merrill Lynch Pierce Fenner & Smith,Brian Carter,,Brian Carter|Daniel Rivera|William Anderson,
Yang Asset Management Group,Merrill Lynch Pierce Fenner & Smith,Chris Yang,,,
Chen Family Wealth Group,Oppenheimer & Co.,,,,
Cruz 1nvestment Group,Stifel Nicolaus & Company,"Cruz, Linda",,,
Wilson Partners,Highfield Asset Management,,,,
Taylor & Stewart Advisors,Wells Fargo Advisors,Linda Taylor,,Linda Taylor|Linda Flores|Edward Mitchell,
Campbll Wealth,Summit Peak Advisors,Steve Campbell,,Steven Campbell|Emil Evans|Richard Carter|Andrew Lee|Sarah Jones,
Smith Retirement Solutions Group,Woodbury Financial Services,,charles.smith@woodburyfs.com,Charles Smith|Jennifer Garcia|Emi1y Martin|Robert Torres|Betty Mitchell|Andrew Morris,
Turner Financial Partners,Ridgeway Wealth Management,Lis@ Turn3r,,Lisa Turner|Michael Chen,
Huang Investment Group,Ameriprise Financial Services,Karen Huang,,,"9091 Commerce Blvd, San Francisco, CA 94101"
Wang Inv3stment Grop,UBS Financial,,,,
Cruz inanc1al Partners,Highfield Asset Management,,,,
Wilson Capital Group,Oppenheimer & Co.,Nancy Kim,,,"4218 Madison Way, Minneapolis, MN 55401"
Campbell Advisors,Ridgeway Wealth,Jeff Anderson,,,
Kim Wealth Partners,Commonwealth Financial Network,,jevans@commonwealth.com,James Evans|Amanda Reyes|Joseph Hall|Jessica Smith|Anthony Hill|Richard Carter|Jessica Wright,"313 Oak Way, Las Vegas, NV 89101"
Turner Instituti0nal Group,Merrill Lynch Pierce Fenner & Smith,Andrew Trner,,Andrew Turner|Megan Garcia,"5930 Hill St, Dallas, TX 75201"
Johnson Institutioal Group,DA Davidson & Co.,6arbara Thompson,,,
Khan Investment Group,National Planning Holdings,"Khan, Daniel",,,
Garcia Institutional Group,Hilliard Lyons,Margaret Zhang,,Margaret Zhang|Margaret Evans|Donald Kim|KevinKhan|Matthew Hill,
Williams Capital Group,Securities America,Jeff il1iams,jwilliams@secam.com,Jffrey Williams|Steven White|Jennifer Parker|Ronald Miller|Linda Torres|Megan Thomas|David Adams,"8929 Lincoln St, San Diego, CA 92101"
Kim Retirement Solutions Group,LPL Financial,,,,"1172 Oak Court, Portland, OR 97201"
Adams & Associats,Northgate Investment Partners,,sadams@northgateinv.com,Steven Adams|Susan Mitchell,"9793 Cedar Blvd, Charlotte, NC 28201"
Phillips Capital Partners,Harborview Private Wealth,Jennifer Liu,,,"6000 Market Pl, San Jose, CA 95101"
Collins Asset Management Group,Merrill Lynch Pierce Fenner & Smith,"Collins, Sandra",,5andra Collins|Richard Roberts,"8537 Oak Pkwy, Memphis, TN 38101"
Yang Wealth Advis0rs,Securities America,,,,"9171 River Rd, San Francisco, CA 94101"
Morris Capital Group,Ameriprise Financial,,,,"4906 Jefferson Rd, San Jose, CA 95101"
Parker Advisors,Crestwood Family Office,,barbara.parker@crestwoodfo.com,Barbara Parker|Mark Kim|Christopher Zang|Dorothy Collins|Karen Allen|David Jones|Jas0n Lee,"5212 Willow Ln, Nashville, TN 37201"
Torres Investment roup,Oppenheimer & Co.,"Torre, 5andra",,,
Garcia Wealth Advisors,National Planning Holdings,,,Jessic Garcia|Charles Johnson|Robert Carter|Sarah Martin|Betty Harris|Richard Green,
Mor9an Investment Partners,Crestwood Family Office,,,,"6802 Lincoln Ln, New York, NY 10022"
Thomas Family Weath Group,Cambridge Investment Research,,,Susan Thomas|Charle5 Scott|@ndrew Rivera|Sar@h Kim|Emily Cruz|Christopher Rivera|Kevin Anderson,
im Fin@ncial Partners,Crestwood Family Office,Kenneth Martin,ken.martin@crestwoodfo.com,,"6552 Madison Pl, Indianapolis, IN 46201"
Zh@ng Wealth Advisors,Morgan Stanley,Karen Thomas,,,
Nelson Asset Management,Meridian Private Wealth,,,,
Edwards Financial Group,Raymond James Financial Services,,edwardsl@raymondjames.com,,
Davis & Scott Group,Clearwater Capital Group,Emily Davi5,,,"3398 Park Way, Austin, TX 78701"
Taylor Wealth Partners,Wells Fargo Advisors,,,,"2333 Park Dr, Las Vegas, NV 89101"
Baker & Associates,Northgate Investment,,,,"828 Jefferson Way, Chicago, IL 60601"
Martin Prtfolio Group,Securities America,"Martin, Nacy",,,
ZhangCapital Group,Stifel Nicolaus,"Stewart, Timothy",stewartt@stifel.com,Timothy Stewart|Andrew Jones|Mark Adams,
Allen Private Weath Group,Hilliard Lyons,Richard Alen,,Richar Allen|Edward Roerts|Helen Anderson|Matthew Evans|Timothy Nelson|Edward Huang,
Diaz Cpital,Highfield Asset,Matthew Diaz,matt.diaz@highfieldam.com,Mattew Diaz|Andrew Edwards|Amanda Chen|Jacob Flores|Anthony Liu|Karen Torres,"7395 Lincoln St, Denver, CO 80201"
Diaz & Associates,Parkside Wealth Strategies,"Diaz, L1sa",diazl@parksidewealth.com,,
Roberts Private Wealth,Highfield Asset,,,Jennifer Rberts|Emily Reyes|Linda Brown|Jennifer Patel,"3976 Maple Pkwy, New York, NY 10001"
Martin Capital Group,Woodbury Financial Services,,,,
Morris Private Walth Group,UBS Financial Services,K3v Morris,kmorris@ubs.com,,
Green Partners,Crestwood Family Office,,,,"4819 Maple Blvd, Houston, TX 77001"
Mitchell Financial Group,Janney Montgomery,,,Kevin Chen|Susan Young,"7825 Elm Ave, Austin, TX 78701"
King Wealth Partners,Securities America,,,,"2972 Spring Ln, Austin, TX 78701"
Young Financil Partners,Summit Peak Advisors,,paul.young@summitpeakadv.com,,
Flores Financial Partners,Meridian Private,"Flores, Brian",,,"9494 Oak Way, Miami, FL 33101"
Campbell Private Client Group,Oppenheimer & Co.,,,Ashley Roberts|Kenneth Liu,"3178 Spring Ave, Nashville, TN 37201"
Allen Wealth Advisors,Morgan Stanley Wealth Management,,,,
Allen Advisory Group,Ameriprise Financial Services,,dorothy.jones@ampf.com,Dorothy Jones|Thomas Wright|Paul Miller,"9250 Elm Ln, San Antonio, TX 78201"
Allen Asset Management,Meridian Private Wealth,Ken ee,,,
Green Financial Group,Cetera Financial,,,,
Hall Private Wealth 9roup,Edward Jones,Rachel Hall,,,
Brown Retirement Solutions Grup,National Planning Holdings,,halln@nph.com,,"9617 Lake Rd, Washington, DC 20001"
Campbell Asset Management Group,Janney Montgomery Scott,,,,
Wright C@pital Group,Hilliard Lyons,DorothyWriht,,,
Collins Asset Management Group,Hilliard Lyons,Tom Collins,collinst@hl.com,Thomas Collins|David 9reen|Nancy Brown,
Ander5on Advisory Group,Woodbury Financial Services,,,,
Parker Private Wealth,Harborview Private Wealth,,,,
Gomez Advisory Group,UBS Financial Services,,,Andrew Gomez|William Wang|Linda Wright,
Jackson Advisors,Kingsbridge Capital Advisors,,jacksonl@kingsbridgecap.com,Lisa Jackson|Sandra Jackson|Michael Huang|Jacob Collins|Sandra King|Jessica Scott|Barbara More,"7750 River Way, Philadelphia, PA 19101"
Scott Tax & Wealth Group,Ameriprise Financial Services,"Scott, Sandra",,,
Campbell Tax & Wealth Group,Cambridge Investment Research,"Diaz, Anthony",,,"1785 Hill Rd, St. Louis, MO 63101"
Nelson Asset Management Group,Cetera Financial Group,Jesica Nelson,,Jessica Nelson|Betty Grcia|Richard Kim|Timothy ott,"1975 Main Way, Las Vegas, NV 89101"
Torres Fiancial Partners,Northgate Investment Partners,,,Timothy Gomez|Helen Campbell|B3tty Patel|Ryan Phillips|Richard Garcia|Rachel Mitchell|Megan Huang,
Campbell Portfolio Group,Hilliard Lyons,,,,
Rivera Advisory Group,LPL Financial,Lisa Moore,,,
organ Wealth,Highfield Asset,Bill Morgan,,Wili@m Morgan|Paul Harris|Jennifer Morris|Charles Zhang,"6715 Commerce Ln, Las Vegas, NV 89101"
Patl Investment Group,DA Davidson & Co.,Helen Patel,,Helen Patel|James Edwards|Thomas Parker|Donald Anderson|Linda Collins|Richard Williams|Ronald Baker,"1200 River Way, Las Vegas, NV 89101"
Wilson rvate Wealth,Summit Peak Advisors,D0nald Wilson,,Donald W1lson|Robert Khan|Matthew Huang,
Evans Portfol1o Group,Janney Montgomery,Mark Davis,,Mark Davi5|avid Adams|Thomas Morgan|Robert Garcia,"1106 Madison Rd, San Jose, CA 95101"
Brown Institutional 9roup,Merrill Lynch Pierce Fenner & Smith,Jeffrey Brwn,brownj@ml.com,,
Moris & Martin Partners,Harborview Private,,,,
Torres Wealth Management,Parkside Wealth Strategies,Andrew Torres,andy.torres@parksidewealth.com,Andrew Torres|Charles Scott,"3205 Highland Ave, Chicago, IL 60601"
Smith Tax & Weath Group,Janney Montgomery,,davisa@janney.com,,
Turner Wealth Management,Harborview Private,Tom Turner,,Thomas Turner|David Young|Jennifer Yang,"4523 Madison Court, Philadelphia, PA 19101"
Morris Wea1th Management,Parkside Wealth Strategies,Tom Campbell,tom.campbell@parksidewealth.com,,
Reyes Tax & Wealth Group,Securities America,"Parker, Tim0thy",,Timothy Parker|Michael Anderson|Thomas Taylor|Ashley Reyes|Robert Diaz,"5780 Market Rd, Baltimore, MD 21201"
Cruz Wealth Management Group,Commonwealth Financial Network,Paul King,kingp@commonwealth.com,,
Lee Investment Parners,Crestwood Family Office,"Scott, Jessica",jscott@crestwoodfo.com,,
Hil1 Financial Group,National Planning Holdings,,,,"8108 Elm Ave, Dallas, TX 75201"
Flores Advisory Group,Edward Jones,,jim.flores@edwardjones.com,,
Jackson Family Wealth Group,Stifel Nicolaus & Company,BobWhite,,,
Zhang Retirement Solutions Group,LPL Financial,Linda Chen,lchen@lpl.com,Linda Chen|Ashley Martin|Jessica Hill|Nancy Hill,"3723 Main Blvd, San Jose, CA 95101"
Turner Wealth Management,Kingsbridge Capital Advisors,,,,"220 Lake Court, Philadelphia, PA 19101"
Wright Wealth Advisors,Commonwealth Financial Network,Jim Wright,,,
Taylor Group,Kingsbridge Capital,George Taylor,,,
White Institutional Group,UBS Financial Services,,,,"9029 Park Court, Seattle, WA 98101"
Miller & Gomez Partners,UBS Financial Services,Thomas Miller,,Thomas Miller|Emily Thompson|Kevin Morris|Matthew Flores|Jennifer Rivera,"6839 Highland Dr, San Antonio, TX 78201"
Evans Tax & Wealth Group,DA Davidson & Co.,,,,
Khan Capital Group,Janney Montgomery,,,Andrew Khan|Mattew Hall|Sarah Gomez|Kenneth Huang|Charles Mitchell,
Rivera Institutional Group,Edward Jones,Nancy Williams,,,"9006 Lincoln Ave, Denver, CO 80201"
Garcia Private Wealth Group,UBS Financial Services,,,,
Martin Institutioal Group,Hilliard Lyons,,,,
Baker & ssociates,Parkside Wealth Strategies,,sbaker@parksidewealth.com,,
Kim Capital Group,Stifel Nicolaus,,,,
Zhang Partners,Highfield Asset Management,Tony Zhang,azhang@highfieldam.com,Anthony Zhang|Emily Green|Ashley Flores|Jeffrey Lee,"9830 River Way, Miami, FL 33101"
Morris Asset Management Group,Hilliard Lyons,George Morris,,,
Reyes Family Wealth Group,DA Davidson & Co.,,,Emily Khan|Andrew Diaz|Megan White|Patricia Jackson|Ryan Wright|Richard Morris|Kren Liu,
Parker Capital,Kingsbridge Capital Advisors,,,,"881 Lake Ave, Denver, CO 80201"
Rivera & Associates,Harborview Private Wealth,,,,
Mitchell Private Wealth Group,Ameriprise Financial Services,Sandra Morgan,,,"1691 Hill Rd, Charlotte, NC 28201"
Collins Wealth,Ridgeway Wealth Management,"Collins, Micha3l",,,
Roberts Private Wealth Group,Robert W. Baird & Co.,"Roberts, William",,,"9651 River Pkwy, Minneapolis, MN 55401"
Taylor Asset Management Group,Commonwealth Financial Network,"Morgan, William",,William Morgan|John Young|Christopher Chen|John White,"1409 Elm Blvd, Dallas, TX 75201"
Cruz Capital Group,LPL Financial,"Williams, Dorothy",,,
Adams Institutional Group,Stifel Nicolaus & Company,"Reyes, Anthony",,Anthony Reyes|Andrew Roberts,
Huang Portfolio Group,Janney Montgomery Scott,,,,"3039 Lincoln St, San Diego, CA 92101"
Martin & Associates,Kingsbridge Capital Advisors,isa Martin,,,"9431 Jefferson Blvd, Washington, DC 20001"
Smith Wealth Advisors,Cambridge Investment,,,,"7224 Jefferson St, Indianapolis, IN 46201"
Williams Retirement Solutions Group,Robert W.,,,Sandra Baker|Emily Zhang|Barbara Thompson|Jessica Rivera|David Moor3,"6446 Elm Court, San Diego, CA 92101"
Hill Wealth Management,Parkside Wealth Strategies,"Cruz, Edward",,,
Scott ortfolio Group,DA Davidson & Co.,"Rivera, Brian",,Brian Rivera|Dorothy Moore,
Thompson & Huang Partners,Raymond James Financial Services,,,,"3536 Maple Ave, Charlotte, NC 28201"
Rivera InvestmentPartners,Clearwater Capital Group,"Davis, Megan",,Megan Davis|Jeffrey Khan|Barbara Carter,"8250 Willow Rd, Kansas City, MO 64101"
Green Wealth P@rtn3rs,UBS Financial,,lisa.nelson@ubs.com,Lisa Nelson|Barbara Huang|Kevin Scott,
Willams Private Wealth Group,DA Davidson & Co.,,,,"7220 Madison Court, Minneapolis, MN 55401"
Evans Financial Group,Raymond James Financial Services,"Mtchell, Ryan",,Ryan Mitchell|Brian Hill|William Huang|Robert Allen,
Roberts Advisory Group,Woodbury Financial,,,,"2162 Main Dr, Charlotte, NC 28201"
Thomas Family 0ffice,Meridian Private Wealth,Jeff Thomas,,,
King Wealth Advisors,Securities America,"Allen, Joseph",,,"9021 Jefferson Rd, New York, NY 10001"
Chen Asset Management Group,UBS Financial Services,Tim Cruz,,Timothy Cruz|Mark Edwards|Jessica Anderson|Barb@ra Jones,"5635 Spring Ln, Dallas, TX 75201"
Parke Financial Partners,Harborview Private Wealth,,,,"1957 Elm Blvd, Philadelphia, PA 19101"
BrownAdv1sory Group,LPL Financial,Richard Brw,brownr@lpl.com,,"8162 Highland Blvd, Las Vegas, NV 89101"
Reyes Wealth Management Group,Edward Jones,Barb@ra Edwards,,,"1615 Lake Dr, Phoenix, AZ 85001"
Scott Wealth Management,Harborview Private Wealth,,,Jeffrey Scott|Amanda Wilson|Amanda Moore|John Jones|Mark Jackson|Ashley Smith|Jeffrey oung,
Liu Wealth Partners,Oppenheimer & Co.,,,,
Gomez Asset Managemet Group,Edward Jones,Margaret Gomez,,,"5214 Lake Court, Las Vegas, NV 89101"
Jackson Advisors,Harborview Private Wealth,,,,
Pi1lips Wealth Partners,Cetera Financial Group,"Phillips, Will1am",,,
Yang Investment Group,Janney Montgomery,"ang, George",george.yang@janney.com,George Yang|Linda Stewart|Barbara Gomez|Timothy Wang|Jennifer Collins|Edward Campbell,"9578 Washington Dr, Phoenix, AZ 85001"
Diaz & Rivera Advisors,National Planning,,,Anthony Diaz|Megan Patel|Susan Edwards|William Wang|James Baker|Christopher White,
Khan Investment Group,Raymond James Financial Services,Jason Khan,,Jason Kh@n|David Evans,"8254 Jefferson Court, Dallas, TX 75201"
Allen Invesment Partners,Highfield Asset,,,Ryan Allen|Steven Moore|Jennifer Harris|Linda Young,
Phillips Private Client Group,Raymond James Financial Services,"Phillips, Paul",paul.phillips@raymondjames.com,,
Rivera Institutional Group,National Planning,,,,"3209 Oak Pkwy, Los Angeles, CA 90001"
Morgan Portfol1o Group,National Planning,Jeffrey Lee,,,"2966 Lake Rd, St. Louis, MO 63101"
Zhang Investment Partners,Meridian Private,"Zhang, Charles",,,"2464 Oak Pl, Austin, TX 78701"
oung Investment Partners,Clearwater Capital Group,,,,"1185 Jefferson Way, Nashville, TN 37201"
Wilson Family Wealth Group,National Planning Holdings,Lisa Flores,,,"425 Washington Pkwy, Dallas, TX 75201"
Scott Wealth Management,Crestwood Family Office,Don Rivera,,,
Zhang Retirement Solutions Group,Securities America,,charles.huang@secam.com,Charles Huang|Barbara Johnson|Robert Allen|Megan Wang|Karen Thompson,"5424 Cedar Pl, Portland, OR 97201"
Johnson Capital Group,Cetera Financial Group,,,,"805 River Pkwy, Denver, CO 80201"
Liu Wealth Advisors,Edward Jones,,,,"7309 Highland Way, Nashville, TN 37201"
Campbell Investm3nt Partners,Meridian Private Wealth,"Campbell, Jeffrey",,Jeffrey Campbell|Helen Diaz|Michael Huang|Daniel Cruz,
Brown Group,Parkside Wealth,,bill.brown@parksidewealth.com,William Brown|Athony King|Jessica Wilson,
Khan Retrement Solutions Grop,Edward Jones,,jennifer.khan@edwardjones.com,,"484 Washington Way, Indianapolis, IN 46201"
Baker Partners,Clearwater Capital Group,"ilso, James",,,"8424 Market Dr, Boston, MA 02101"
White Financial Partners,Clearwater Capital Group,"White, Paul",,,"5087 Cedar Court, Washington, DC 20001"
Turner Investment Partners,Kingsbridge Capital Advisors,Margaret Turner,margaret.turner@kingsbridgecap.com,Margaret Tuner|Anthony Yang,
Parker & Associates,Highfield Asset Management,Robert Parker,bob.parker@highfieldam.com,Robert Parker|Barbara Scott|Donald Wright,
Williams Family Wealth Group,Securities America,,,,
Anderson Retirement Solutions Group,Edward Jones,Jessica Young,youngj@edwardjones.com,,
Zhang Capital,Ridgeway Wealth Management,,,,
Torres Private Wealth Group,Ameriprise Financial,,,,
Liu We@lth Management,Ridgeway Wealth,Barbara Roberts,,Barbara Roberts|Joseph Reyes|Jennifer Miller,"1728 Madison Ave, San Diego, CA 92101"
Reyes Financial Group,Robert W. Baird & Co.,,,,
KhanInstitutional Group,Ameriprise Financial Services,William Khan,khanw@ampf.com,,"7000 Oak Ave, Memphis, TN 38101"
Reyes Welth Management,Clearwater Capital Group,Megan Reye,,,
Huang Tax & Wealth Group,Woodbury Financial Services,,,Dorothy Huang|essica Nguyen|Richard Patel|Jason Thompson,"5350 Cedar Way, Philadelphia, PA 19101"
Taylor & Wang Partners,LPL Financial,George Taylor,,George Taylor|Matthew Hall|Timothy Wright|Jessica Garcia|Jessica White|Jennifer Wil1iams,
Anderson Capital,Kingsbridge Capital Advisors,Dan Davis,,,"9285 Hill St, Seattle, WA 98101"
Scott Private Wealth Group,Raymond James,,khanl@raymondjames.com,Lisa Khan|Daniel Davi|Rachel Wilson,"9295 Oak Blvd, St. Louis, MO 63101"
Collins Asset Management,Meridian Private Wealth,,,,"4965 Lincoln Dr, Los Angeles, CA 90001"
Patel Retirement Solutions Group,Cetera Financial Group,"Patel, Amanda",,,
Smith Financial Partners,Kingsbridge Capital Advisors,,,,
Carter Private Wealth Group,Woodbury Financial Services,Paul Carter,,Paul Carter|Nancy Campbell|Patricia Young|Andrew White|Donald Cruz|Linda Wang|Anthony Davis,"6025 Highland Court, Portland, OR 97201"
Kim Wealth Management Group,Robert W. Baird & Co.,"Khan, Sandra",,,
Taylor Prvate Wealth Group,Securities America,,,,"6920 Park Rd, St. Louis, MO 63101"
Wright Asset Management,Highfield Asset Management,,,,"444 Market Blvd, Minneapolis, MN 55401"
Gomez Private Wealth,Kingsbridge Capital,,david.gomez@kingsbridgecap.com,,
Wright Wealth Partners,Stifel Nicolaus,Lisa Wright,,Lisa Wright|Anthony Morris|Kevin Collins|Jacob Lee|Jessica Adams,
JacksonRetirement Solutions Group,LPL Financial,,jacksonm@lpl.com,Michael Jackson|Patricia Brown|Kenneth Evans,
Liu Tax & We@lth Group,Robert W. Baird & Co.,,don.liu@rwbaird.com,,
Kim Wealth Managemnt Group,Hilliard Lyons,,,,
Reyes Asset Management,Kingsbridge Capital Advisors,Karen Jackson,,,"491 Spring Ave, Miami, FL 33101"
Gomez Portfoio Group,National Planning,6ob Gomz,,,
Liu Private Wealth Group,Cetera Financial,"Liu, Charles",,,"4769 Cedar Dr, Indianapolis, IN 46201"
King C@pit@l Group,LPL Financial,Jacob King,,Jacob King|Jos3ph Yang|Steven Davis|Brian Scott|Dorothy Nel5on|George Davis,
Stewart Financial Group,Securities America,,,,
Gomez Wealth Management Group,Robert W. Baird & Co.,Don 1len,don.allen@rwbaird.com,,"8496 Washington Way, Raleigh, NC 27601"
Green Retirement Solutions Group,Morgan Stanley,Linda Green,,,
Miller Wealth Partners,Wells Fargo Advisors,,,Daniel Miller|Megan Wri9ht,
Khan Wealth Management Group,Cambridge Investment Research,Dorothy Johnson,,,
King Financial Group,Hilliard Lyons,David Liu,,,
Allen Welth Management Group,Cambridge Investment Research,Donald Allen,dallen@cambridgeinv.com,Donald Allen|Jacob Smith|Amanda Jackson|Ryan Chen,
Jackson & Associates,Ridgeway Wealth Management,,,,
Khan Private Wealth 9roup,DA Davidson & Co.,Chri Khan,,,
Stewart Financial Group,LPL Financial,,,Margaret 5tewart|Margaret Nguyen,"1107 Park Ln, Los Angeles, CA 90001"
Anerson Priate Client Group,Ameriprise Financial Services,Chris Stewart,,Christoper Stewart|Paul Khn|William llen|Steven Hall|Patricia Stewart|Daniel Johnson,"2433 Jefferson Way, Chicago, IL 60601"
Wright Advisors,Northgate Investment Partners,Paul Wright,,,
Haris Wealth Managemet,Summit Peak,,,,
Jackso Family Wealth Group,Cambridge Investment Research,Paul Cruz,paul.cruz@cambridgeinv.com,,
Evans Investment Group,Cetera Financial Group,"Evans, M@rk",mevans@cetera.com,Mark Evans|Jeffr3y Nguyen,
Diaz Financial Group,Raymond James Financial Services,"Diaz, Nancy",nancy.diaz@raymondjames.com,Nancy Diaz|Edward Davis|Michael Scott|Edward Patel|Kevin Evans|Doothy Jackson|Kenneth Allen,
Campbell & White Partners,Northgate Investment,Margaret Campbell,,,"132 River Way, New York, NY 10022"
Zhang Institutional Group,National Planning Holdings,,zhangm@nph.com,,
Roberts Tax & Wealth Group,Securities America,,,Ashley Roberts|Mark Diaz|Sandra Reyes|Jeffr3y Hall|Ashley Lee,"2274 Lincoln Court, Washington, DC 20001"
Evans Financal Group,Cetera Financial Group,,,Mark Evans|James Johnson|Ashley Torres|Karen Smith|Steven Smith,
Thompson Wealth,Kingsbridge Capital,Helen Thompson,,Helen Thompson|William Nelson|Sandra Carter|Megan Collins,
Patel Wealth Advisors,Oppenheimer &,,,Charles Patel|Patricia Zhang|Brian Wang|Rachel Parker|Barbara Reyes,"2247 Commerce Pkwy, New York, NY 10001"
Cruz Family Off1ce,Crestwood Family Office,Betty Nguyen,,Betty Nguye|William Flores|Sandra Mrtin|Robert Liu|Thomas Liu|Andrew Patel|Kevin Khan,"2125 Market Blvd, St. Louis, MO 63101"
Johnson C@pital,Parkside Wealth Strategies,,,,
Carter & Assoc1ates,Clearwater Capital Group,,kcarter@clearwatercap.com,,
Thomas Institutional Group,National Planning,Dan Thmas,dthomas@nph.com,Daniel Thomas|Daniel Morgan,
Jones Financial Group,DA Davidson & Co.,,,Nancy Carter|Ashley Liu|Andrew Taylor|Ashley Jackson|George Davis,
BownInstitutional Group,Securities America,Steve Brown,,,"7587 Spring Rd, New York, NY 10001"
Thompso Retirement Solutions Group,Raymond James Financial Services,Linda Jackson,,,
Chen Tax & Wealth Group,Cambridge Investment,,,,"1373 Madison Ln, Atlanta, GA 30301"
Robrts Financial Group,Merrill Lynch Pierce Fenner & Smith,"Roberts, Ashley",,,
Edwards Asset Management Group,Stifel Nicolaus & Company,,,,
Phillips Wealth Partners,Raymond James Financial Services,,,,"1761 Hill Pl, Phoenix, AZ 85001"
ee Institut1onal Group,Hilliard Lyons,David Liu,david.liu@hl.com,,"531 Hill Ave, Washington, DC 20001"
Taylor Capit@l Group,Robert W. Baird & Co.,Lisa Taylor,lisa.taylor@rwbaird.com,Lisa Taylor|Amanda Carter|Mark Flores|KennethZhang|Megan King|John Chen|Megan Diaz,
Fl0res Capital,Highfield Asset Management,,floresd@highfieldam.com,,
Edwards Advisory Group,Wells Fargo,Andy Edwards,andy.edwards@wellsfargoadv.com,Andrew Edwards|Barbara Rivera|Karen Campbell,
Young Financial Group,National Planning Holdings,Amanda Young,,,
Brown Financial Group,Janney Montgomery Scott,,brownr@janney.com,Rachel rown|Sandra Mitchell|Amanda Brown|NacyCollins,
Nelson Wealth Advisor,Securities America,Susan Nelso,,,"5246 Main Dr, Nashville, TN 37201"
Evans Fiancial Partn3rs,Meridian Private Wealth,"Evans, Patricia",evansp@meridianpw.com,,
Jackson Family Wealth Group,Woodbury Financial,Daniel Miller,,,
Marti & Ass0ciates,Highfield Asset Management,David Martin,,,
Huang & Associates,Highfield Asset Management,,,Sarah M0ore|Ronald Thomas|Mark Martin|Helen Hall|Susan Jones|Amana White|Kenneth Zhang|Emily Young,"9137 Willow Court, Charlotte, NC 28201"
Jones Tax & Wealth roup,LPL Financial,Ryan Jones,ryan.jones@lpl.com,Ryan Jones|Ronald King|David Collins|Amanda White|Anthony Turner,
Liu Asset Management Group,Wells Fargo Advisors,,,,"1246 Park Ave, San Francisco, CA 94101"
Moore Wealth Partners,Ameriprise Financial Services,,,,"7861 Lincoln Ave, Minneapolis, MN 55401"
Jackson Group,Kingsbridge Capital Advisors,,,,"713 Spring Ln, New York, NY 10022"
Hill Portfolio 9roup,Robert W. Baird & Co.,,,,
Kim Private Wealth Group,Morgan Stanley Wealth Management,,,,
Jacks0n & Associates,Northgate Investment Partners,,,,"600 Spring St, San Diego, CA 92101"
Thomas & Parker Advisors,Cambridge Investment Research,,dthomas@cambridgeinv.com,Dorothy Thomas|Amanda Adams,
Green Advisors,Kingsbridge Capital,Rachel reen,,Rachel Green|Robert Johnson|David Jackson|Mark Rivera,"8068 Oak Dr, Charlotte, NC 28201"
Lee Capital,Highfield Asset Management,,,Andrew Lee|Patricia Anderson,"2676 Madison Rd, Portland, OR 97201"
Harris Family Office,Parkside Wealth Strategies,,,,
Campbell & Associates,Summit Peak Advisors,,,,
Reyes Portfolio Group,Morgan Stanley Wealth Management,,,,
Hill Capital Group,DA Davidson & Co.,Kenneth Hill,,Kenneth Hill|Megan Hall,
Yang Wealth Advisors,Merrill Lynch,Brian Yang,,Brian Yang|Ashley Adams,
Smith Wealth Partners,LPL Financial,,,Sarah Smith|Margaret Gomez|Thomas Roberts,
Johnson Advisory Group,Raymond James Financial Services,Ron Johnson,,,
Thompson Investment Partn3rs,Summit Peak Advisors,Tom Thompson,,,
Parker Wealth,Parkside Wealth Strategies,,charles.parker@parksidewealth.com,,
Taylor Family Office,Meridian Private Wealth,"Talor, Karen",,,"6296 Willow Way, San Francisco, CA 94101"
Garcia Advisory Group,Cambridge Investment Research,,,,"3868 Lake Dr, Minneapolis, MN 55401"
Green Financial Partners,Northgate Investment Partners,"Green, Kevin",,,
Khan Asset M@nagement Group,Oppenheimer & Co.,,,,
Carer Investment Group,Wells Fargo Advisors,"Carter, Sandra",,Sandra Carter|Richard Roberts,"9427 Spring Pkwy, Raleigh, NC 27601"
Baker Private Wealth Group,Wells Fargo Advisors,Rahl Baker,,,
Wright Institutional Group,Commonwealth Financial Network,,,,"2156 Maple Dr, New York, NY 10022"
Scott Family Office,Crestwood Family Office,"Scott, Dorothy",,,"6328 Cedar Ave, Dallas, TX 75201"
Nguyen Group,Highfield Asset Management,,,Jeffrey Nguyen|Andrew Cen,"4230 Madison Pl, St. Louis, MO 63101"
Baker Capital,Ridgeway Wealth,Jess1ca Baker,,,
R1vera Wealth Management Group,Woodbury Financial Services,"Rivera, Daniel",,Danil Rivera|Jeffrey Thomas|Paul Flores,
Rivera Wealth dvisors,National Planning Holdings,Susan Rivera,,,
Patel Advisors,Northgate Investment Partners,"Patel, Megan",,Megan Patel|David Hall|Nancy Reyes,"9310 Market Pkwy, Denver, CO 80201"
Nelson Private Client Group,Robert W. Baird & Co.,,,,
Turner Family Wealth Group,Raymond James Financial Services,Tony Turner,,,"4562 Market Blvd, Phoenix, AZ 85001"
Wang Family Wealth Group,National Planning Holdings,"Wang, Amanda",,,
Hill Partners,Crestwood Family,,,,
Nguyen & Associates,Summit Peak Advisors,,,,
Anderson Wealth Partners,Woodbury Financial Services,,,,
Morgan Institutional Group,Morgan Stanley Wealth Management,,,,"5770 Commerce Ln, New York, NY 10001"
Zhang Advisors,Highfield Asset Management,Michael Zhang,,,"3838 Elm Way, Miami, FL 33101"
Scott Private Wealth,Summit Peak Advisors,,scottl@summitpeakadv.com,,
Lee Investment Group,UBS Financial Services,Karen Lee,,,"3611 Elm Blvd, San Diego, CA 92101"
Taylr Wealth Partners,Edward Jones,,,,"2248 Madison Rd, Houston, TX 77001"
Miller Private Wealth Group,Ameriprise Financial Services,"Miller, Joseph",joe.miller@ampf.com,,
Liu Partners,Crestwood Family Office,,liuj@crestwoodfo.com,,
White Wealth Advisors,Securities America,Charles White,,Charles White|Thomas Hill,"5198 Highland Court, San Antonio, TX 78201"
Col1ins Partners,Harborview Private Wealth,David Collins,dcollins@harborviewpw.com,David Collins|Paul Kim|Kevin Brown,
White Fami1y Wealth Group,Woodbury Financial,,,,
Baker Financial Group,Merrill Lynch Pierce Fenner & Smith,"Baker, Emily",,,
Morgan Portfolio Group,Cambridge Investment Research,Mark Morgan,,Mark Morgan|Paul Martin|Steven Brown,
Miller Financial Group,Robert W.,"Miller, John",,,
Scott Private Client Group,Stifel Nicolaus & Company,George Scott,,George Scott|Timothy Young,"5235 Lincoln Dr, San Francisco, CA 94101"
Liu & Associates,Clearwater Capital,Mak Liu,lium@clearwatercap.com,,
Edwards Capital Group,Raymond James Financial Services,,edwardsr@raymondjames.com,,
Flores Wealth Advisos,Securities America,Andrew Flores,,,"3260 Oak St, Portland, OR 97201"
Diaz Partners,Kingsbridge Capital Advisors,Anthony Diaz,adiaz@kingsbridgecap.com,Anthony Diaz|Linda Kim|David Nelson,
Liu Wealth,Meridian Private,Linda iu,,Linda Liu|Thomas Wang,"6004 Park Blvd, Portland, OR 97201"
Turner Wealth Advisors,LPL Financial,"Turner, Ryan",,,
Rivera Tax & Wealth Group,Securities America,"Rivera, Emily",,,
Wri9ht Wealth Partn3rs,Raymond James Financial Services,,mwright@raymondjames.com,,
Yang Private Client Group,National Planning Holdings,,tim.yang@nph.com,,
Flores Wealth Advisors,Stifel Nicolaus & Company,"Flores,Jessica",,Jessica Flores|Sandra Gacia|Robert Edwards,"5688 Willow St, San Diego, CA 92101"
K1ng Financia Partners,Summit Peak,,steve.king@summitpeakadv.com,,"5678 Commerce Ln, Memphis, TN 38101"
Wang Advisors,Northgate Investment Partners,,dorothy.wang@northgateinv.com,,"8537 Cedar Blvd, Boston, MA 02101"
Baker Family Office,Kingsbridge Capital,,don.baker@kingsbridgecap.com,Donald Baker|Donald Yang,
Thompson Family Office,Ridgeway Wealth Management,JimThompson,,,"457 Spring Pl, New York, NY 10022"
Patel Advisory Group,Commonwealth Financial Network,J@mes Patel,,,"1161 Hill Pkwy, Washington, DC 20001"
Carter Investment Partners,Ridgeway Wealth Management,Steve Carter,,Steven Carter|John Campbell|Ashley Smith,
Huang Asset Management,Highfield Asset Management,,huangm@highfieldam.com,,"2592 Washington Blvd, Indianapolis, IN 46201"
Harris Capital Group,National Planning Holdings,,,,"5558 River Ave, San Francisco, CA 94101"
Cruz Investment Partners,Harborview Private Wealth,,ecruz@harborviewpw.com,,
Hall Wealth,Northgate Investment Partners,,,Rahel Hall|Emily Jackson,"4120 Park Dr, St. Louis, MO 63101"
Nguyen Wealth Partners,Cetera Financial Group,Bob Nuyen,,Robert Nguyen|Ronald King,"5389 Washington Court, Minneapolis, MN 55401"
Hall Institutiona1 Group,Hilliard Lyons,5teve Hall,,,"3697 Washington Ln, Philadelphia, PA 19101"
Baker Capital Group,Hilliard Lyons,,,Brin Bak3r|P@ul Lee,"8467 Lincoln Rd, Chicago, IL 60601"
Rivera Investment Partners,Parkside Wealth Strategies,"Rivera, Michael",,Michael Rivera|Daiel Johnson|Json Baker|Brian Rivera,"6912 Cedar Pl, St. Louis, MO 63101"
Allen Institutional Group,Cambridge Investment Research,Dorothy Alen,,Dorothy Allen|Emily Wilson|Kenneth Taylor|Steven Whte,"8363 Highland Ave, Indianapolis, IN 46201"
Young Tax & Wealth Group,Morgan Stanley Wealth Management,,,,
Torres Private Client Group,Merrill Lynch Pierce Fenner & Smith,George Torres,george.torres@ml.com,George Torres|Btty Moore|Timothy Zhang,
Rivera Private Wealth Group,Edward Jones,,,Dorothy Rivera|Jason Michell,
Huang Private Client Group,Merrill Lynch Pierce Fenner & Smith,George Huang,,,
Roberts Portfolio Goup,Commonwealth Financial Network,,,,
Smith Family Wealth 9roup,Merrill Lynch Pierce Fenner & Smith,,,,
Allen Investment Group,Wells Fargo Advisors,Robert Allen,bob.allen@wellsfargoadv.com,Robert Allen|Betty Jones,
Kim Portfolio Group,Ameriprise Financial Services,,,Margaret Kim|Jennifer Collins|Sandra Liu,"5782 Elm Pl, Los Angeles, CA 90001"
Morgan Private Client Group,Edward Jones,,,Susan Morgan|Emiy Anderson|Margaret Wang|William Harris,
Young Asset Managemen Group,Robert W.,,,,
Green Wealth Management,Harborview Private,Tony Green,agreen@harborviewpw.com,Anthony Green|Susan Jones,
Morgan Wealth Partners,Ameriprise Financial Services,"Morgan, Steven",,Steven Morgan|Steven Taylor|Daniel Parker,
Stewart Investment Group,Janney Montgomery,Bob Stewart,,Robert Stewart|Kevin Diaz,"7475 Elm Pkwy, Miami, FL 33101"
Diaz Private Wealth Group,Commonwealth Financial Network,Helen Diaz,,,
Khan 1nvestment Group,Robert W.,Robert Khan,,Robert Khan|Jacob Carter|Donald Thompson|Sanra Roberts,
Turner Family Wealth Group,UBS Financial Services,"Turner, Amanda",,,
Stewrt Family Wealh Group,DA Davidson & Co.,,,,
Parker Tax & Wealth Group,Ameriprise Financial Services,JasonParke,,,
Cruz Investment Grou,Stifel Nicolaus & Company,Jacob Cruz,,,
Torres Investment Group,Merrill Lynch Pierce Fenner & Smith,Amand Torres,,Amanda Torres|Kenneth Kim,
White Retirement Solutions Group,National Planning Holdings,,rachel.white@nph.com,,
Hil1 Asset Management,Crestwood Family Office,,,JessicaHill|David Mrtin,
Lee Wealth Advisors,Merrill Lynch Pierce Fenner & Smith,,,Christopher Lee|Linda Smith|Richard Jones|Jacob Edwards,
Nguyen Wealh Adv1sors,Cambridge Investment,Joe Nguyen,,,
Hill Asset Management Group,Woodbury Financial,Christopher Hill,,,
Collins Financial Group,DA Davidson & Co.,Barbara Collins,,Barbara Collins|Charles Parker,"2308 Jefferson Way, Minneapolis, MN 55401"
Patel Portfolio Group,UBS Financial,,patelr@ubs.com,Robert Patel|Jessica Flores,
Thomas Capital Group,Raymond James Financial Services,SandraThomas,thomass@raymondjames.com,,
Evans Institutional Group,National Planning Holdings,"Evans, Hel3n",,,"1770 Madison Ave, Indianapolis, IN 46201"
Martin Private Wealth,Clearwater Capital,,martinh@clearwatercap.com,,
Huang Partners,Kingsbridge Capital Advisors,"Huang, Ronald",,,
Morris Asset Management Group,Ameriprise Financial Services,,,James Morris|Brian Kim|Robert Wilson,"6680 Willow Way, San Jose, CA 95101"
Wang Wealth Manag3ment,Clearwater Capital Group,Mark W@ng,,,
Reyes Wealth,Highfield Asset,,,Linda Reyes|Matthew Martin,
Millr Private Wealth Group,Edward Jones,,,,
Reyes Wealth Management Group,DA Davidson & Co.,,,,"7548 Maple St, San Francisco, CA 94101"
Zhang Wealh,Highfield Asset Management,,,,
Patel Retirement Solutions Group,Woodbury Financial Services,,,,
Nelson 1nstitutional Group,Stifel Nicolaus & Company,,matt.nelson@stifel.com,,"5737 Oak Court, Seattle, WA 98101"
Lee Private Wealth Grup,National Planning Holdings,Matt Lee,,Matthew Lee|Charles Young|Ryan Williams,"8916 Main Way, Miami, FL 33101"
Morga Prtfolio Group,Wells Fargo Advisors,,,,
Johnson Retir3ment Solutions Group,Robert W. Baird & Co.,And Johnson,,,"6933 River Pkwy, Denver, CO 80201"
Morgan Capital,Highfield Asset Management,Steven Morgan,,,"3185 Market Pkwy, New York, NY 10022"
Parker Family Wealth Group,Morgan Stanley Wealth Management,Emily Parker,,,
Turner Investmen Group,Wells Fargo Advisors,David Trner,,David Turner|Christopher Wilson|Anthony Collins|Mark Roberts,
Hall Private Wealth Group,Commonwealth Financial,"Hall, William",whall@commonwealth.com,,"7339 Commerce Rd, Miami, FL 33101"
Scott Financial Group,LPL Financial,,,,
Adams Tax & ealth Group,LPL Financial,,,Nancy Adams|Megan Jackson,"132 Jefferson Blvd, Atlanta, GA 30301"
Allen Private Client Goup,Ameriprise Financial,,,,
Diaz Family Office,Parkside Wealth Strategies,BarbaraDiaz,,,"4860 Highland Way, Phoenix, AZ 85001"
Carter Advisors,Summit Peak Advisors,J3ffrey Carter,,,"6093 Washington Pl, Dallas, TX 75201"
Jackson Capitl Partners,Ridgeway Wealth Management,,,,"4591 Madison Rd, San Jose, CA 95101"
Khan Advisors,Summit Peak,,,,"3959 Elm Pkwy, Baltimore, MD 21201"
Nguyen Asset Management Group,Oppenheimer & Co.,"Nguyen, Jessica",,,
Stewart & As5ociates,Harborview Private Wealth,"Stewart, Rachel",rachel.stewart@harborviewpw.com,,"7342 Oak Way, Dallas, TX 75201"
Anderson Portfolio Group,Morgan Stanley Wealth Management,,,,"8017 Commerce Pkwy, Chicago, IL 60601"
Nelson Wealth Partners,Raymond James Financial Services,,,,"9225 Spring Blvd, Los Angeles, CA 90001"
Davis Wealth Management Gr0up,Morgan Stanley Wealth Management,,davisj@morganstanley.com,,
Young Retirement So1utions Group,LPL Financial,,,Andrew Y0ung|Emily artin|Richard Morris|Joseph Hill,"2897 Lincoln Blvd, Philadelphia, PA 19101"
Smith Asset Management Group,Stifel Nicolaus & Company,,jsmith@stifel.com,,
Nguyen Private Client Group,Commonwealth Financial Network,,betty.nguyen@commonwealth.com,Betty Nguyen|Linda Miller,
Km & Associates,Ridgeway Wealth Management,,,,
Campbell Institutional Group,Merrill Lynch Pierce Fenner & Smith,"Campbell, Michael",campbellm@ml.com,,
Williams Private Client Group,Oppenheimer & Co.,,williamsw@opco.com,William Williams|Matthew Gomez|Robert Jackson|Mark Gomez,
Rivera Private C1ient Group,Oppenheimer & Co.,,,George Rivera|Jacob Hill|Anthony Anderson,"2618 Lake Ave, San Francisco, CA 94101"
Carter Family Wealth Group,UBS Financial Services,,,,"1611 Jefferson Court, Miami, FL 33101"
Wang Wealh Partners,Securities America,"Wang, Sarah",swang@secam.com,,
1iu Private ealth Group,Stifel Nicolaus & Company,,,Karen Liu|Anthony Nelson|Thomas Flores,
Diaz Adv1sors,Meridian Private Wealth,"Diaz, Michael",,,
Stewart Wea1th Management,Meridian Private,Patricia Stewart,,,
Taylor Private Wealth Group,Woodbury Financial Services,,,Paul Taylor|Joseph King,"1421 Elm Ln, St. Louis, MO 63101"
Mitchell Capital,Harborview Private Wealth,"Mitchell, Megan",,,"3411 Elm Way, San Jose, CA 95101"
Green & Associates,Harborview Private Wealth,,,Christopher Green|Ronald Davis,"4486 River St, San Antonio, TX 78201"
Miller Financial Group,UBS Financial Services,,,Jaso Miller|Barbara Johnson,
Allen Wealth Manement Group,Stifel Nicolaus & Company,,,,
Gomez Family Wealth Group,Janney Montgomery Scott,Karen Gomez,,,"482 Lincoln Ln, Charlotte, NC 28201"
Reyes Group,Crestwood Family,Robert Reyes,,,"8226 River Pl, Houston, TX 77001"
Wilson Wealth anagement Goup,Oppenheimer &,Joe Wilson,,,"1347 Hill Court, Baltimore, MD 21201"
Stewat Insttutional roup,Raymond James,,jstewart@raymondjames.com,,
Baker Private Wealth,Highfield Asset Management,"Baker, Mark",,,
Taylor Wealth Partners,Securities America,,,James Taylor|Patricia Carter,
Kim Advisory Group,DA Davidson,,,Jeffrey Kim|Mark Roberts,"398 Maple St, Seattle, WA 98101"
Wang Asset Management Group,Morgan Stanley Wealth Management,"Wang, Christopher",,,
Green Partners,Northgate Investment Partners,,,,
Martin Family Office,Northgate Investment,Rachel Martin,,Rachel Martin|Sarah Torres|Megan Brown|Nancy Hall,
Edwards Wealth Management,Ridgeway Wealth,Patricia Edwards,,Patricia Edwards|George Baker|Kenneth Hill,
Zhang AdvisoryGroup,Edward Jones,,,,
Edwards Family Office,Clearwater Capital Group,Ed Edwards,ed.edwards@clearwatercap.com,,
Nelson Wealth Partners,UBS Financial Services,,,,"3857 Hill Ave, Boston, MA 02101"
Anderson Asset Manageent Group,Cambridge Investment Research,Susan Ander5n,,Susan Anderson|Christopher Edwards|Steven Collins,
Hill & Associates,Highfield Asset Management,Michae1 Hill,,Michael Hill|Mark Lee,"6349 Jefferson Pl, Nashville, TN 37201"
Jackson Wealth,Northgate Investment,Brian Jackson,,,
Evans Financial Group,UBS Financial Services,,,,
Reyes Private Wealth Group,LPL Financial,,,,
Turner Wealth Partners,UBS Financial Services,,,,"3115 Oak Pkwy, San Francisco, CA 94101"
Gomez Group,Harborview Private,,,,"4821 Washington Ln, Chicago, IL 60601"
Hill Private C1ient Group,Commonwealth Financial Network,"H1ll, Sarah",,,
Patel Private Wealth Group,Cetera Financial Group,"Patel, Jennifer",,,
Torres Private Wealth,Clearwater Capital,Tony Torres,,Anthony Torres|Michael Allen,"2334 Market Court, Boston, MA 02101"
illiams Wealth,Ridgeway Wealth Management,,,,"3408 Elm Court, Seattle, WA 98101"
Gomez Advisory Gr0up,Commonwealth Financial Network,ohn Gomez,,,
Johnson Capital Group,Raymond James Financial Services,Richard Johnson,johnsonr@raymondjames.com,,"6122 Highland Pl, San Diego, CA 92101"
Collins Institutional Group,Securities America,,collinse@secam.com,Emily Collins|Jeffrey Morgan,
Davis sset Management,Ridgeway Wealth Management,,hdavis@ridgewaywm.com,,
Moore Retirement Soluions Group,Wells Fargo Advisors,,,,
Gomez Portfolio Group,Securities America,,,Ryan Gomez|Joseph Campbell,
Jones Asset Management Group,DA Davidson & Co.,"Jones, Helen",,,
Carter Family Wealth Group,DA Davidson & Co.,,,Richard Carter|Steven Morgan,
KhanTax & Wealth Group,Wells Fargo Advisors,"Khan, Karen",,Karen Khan|Rachel Parker|Ronald Diaz,"6793 Maple Rd, Boston, MA 02101"
Rivera Retirement Solutions Group,Edward Jones,,,Dorothy Rivera|Karen Evans,
Campbel1 Wealth Management Group,Edward Jones,"Campbell, Jo5eph",campbellj@edwardjones.com,,"5969 Main Dr, Charlotte, NC 28201"
Allen Family Office,Harborview Private,"Allen, Thomas",allent@harborviewpw.com,,"6748 Elm Pl, Raleigh, NC 27601"
White Advisors,Crestwood Family Office,Michael White,,,"512 Jefferson St, Denver, CO 80201"
Taylor Asset Management Group,Hilliard Lyons,Margaret Taylor,margaret.taylor@hl.com,,
Davis Portfolio Group,Robert W. Baird & Co.,Jim Dais,,,"1187 Commerce Blvd, New York, NY 10001"
Green Asset Management,Kingsbridge Capital Advisors,,,,
Mitchell Partners,Ridgeway Wealth Management,,mitchellm@ridgewaywm.com,Margaret Mitchell|John Hill|Betty Martin,"3921 Spring Way, Memphis, TN 38101"
Huang Wealth Partners,Oppenheimer & Co.,Ed Huang,,,"9809 Lake Way, San Diego, CA 92101"
Brown Investment Group,Cetera Financial Group,,,William Brown|Sandra Mitchell,
White Wealth Maagement Group,Cambridge Investment Research,,jacob.white@cambridgeinv.com,,"6720 Madison Pl, Washington, DC 20001"
Stewart Asset Management Group,DA Davidson & Co.,,,,
Torres Financial Partners,Crestwood Family Office,,patricia.torres@crestwoodfo.com,Patricia Torres|Emily Scott,
Green Private Cl1ent Group,LPL Financial,,greenk@lpl.com,,
Diaz Capital Partners,Clearwater Capital Group,Diaz James,,James Diaz|William Garcia,
Kh@n Investment Group,Janney Montgomery Scott,,,John Khan|Lisa Torres|James Jackson|David Torres,
Diaz Tax & Wealth Group,Commonwealth Financial Network,,,,
Wang Advisors,Kingsbridge Capital Advisors,Robert Wang,,R0bert Wang|Robert Baker,"6176 Cedar Dr, Austin, TX 78701"
Turner Asset Management Group,Morgan Stanley Wealth Management,,,,
Adams Investment Group,Oppenheimer & Co.,,,,
Y@ng Financial Grup,Oppenheimer & Co.,"Yang, James",,James Yang|William Young|Kenneth Brown,"5043 Lake Way, San Jose, CA 95101"
Collins Portfolio Group,Ameriprise Financial Services,Dan Collin,,,"6578 Elm Blvd, San Diego, CA 92101"
Rivera Wealth,Northgate Investment Partners,Anthony Rivera,,Anthony Rivera|Jacob Torres,"7221 Park Ave, New York, NY 10001"
Williams Private Client Group,Cambridge Investment,"Williams, Christophr",,Christopher Williams|Edward Collins|Joseph Phillip,"1430 Hill Blvd, Dallas, TX 75201"
Collins Capital Group,Securities America,Patricia Collins,,,"4275 Hill Blvd, Indianapolis, IN 46201"
Allen Private Wealth,Harborview Private Wealth,Jessica Allen,,,"9408 Elm Way, Houston, TX 77001"
Nguyen & Associates,Harborview Private Wealth,"Nuyen, Susan",snguyen@harborviewpw.com,Susan Nguyen|Christopher Phillips,
Adams Investment Partners,Parkside Wealth,,,,"5394 Market Ave, Philadelphia, PA 19101"
Hill Private Client Grup,Oppenheimer & Co.,Susan Hill,,,"9474 Cedar Ln, Kansas City, MO 64101"
White Asse Managemet,Meridian Private Wealth,Willi@m White,,William White|Jeffrey Green,
White Wealth Partners,Raymond James,"White, Christopher",,Christopher White|Patricia Cruz|Emily Brown,
Edwards Advisory roup,UBS Financial Services,"Edwards, Lisa",,Lisa Edwards|Steven Cuz,
Turner Retirement Solutions Group,Edward Jones,Richard Turner,,,
Yang Institutional Group,Cambridge Investment,,,Robert Yang|Christopher Allen,"5149 Willow St, Raleigh, NC 27601"
Stewart Advisory Group,Commonwealth Financial,"Stewart, John",,John Stewart|Thomas Gomez|Jason Huang,
Miller Institutional Group,Commonwealth Financial Network,Joe Miller,,,
Morris Financial Group,Woodbury Financial Services,Jason Morris,,,"4949 Washington Blvd, Raleigh, NC 27601"
White Private Client Group,Cambridge Investment Research,,,,
Morris Family Office,Harborview Private Wealth,"Morris, Timothy",tim.morris@harborviewpw.com,,"2301 Oak Pl, Charlotte, NC 28201"
Patel Tax & Wealth Group,Stifel Nicolaus & Company,J3ssic@ Patel,,Jessica Patel|Barbara Torres,"5916 Highland Court, Austin, TX 78701"
