team_name,firm_name,lead_name,email,members,address
Johnson Group,Kingsbridge Capital Advisors,,,,
Carter Advisory Group,Woodbury Financial Services,John Carter,,,
Green Capital Group,LPL Financial,,,Ronald Green|Richard Scott|Lisa Phillips|Steven Khan|Robert Reyes,
Davis Tax & Wealth Group,Ameriprise Financial Services,,,,"6301 Highland Rd, Los Angeles, CA 90001"
Huang Private Wealth Group,Merrill Lynch Pierce Fenner & Smith,Mark Huang,,Mark Huang|Anthony Parker|Paul Edwards|Edward Diaz,"6327 Jefferson Pl, San Diego, CA 92101"
Turner Investment Group,Merrill Lynch Pierce Fenner & Smith,,,,"8851 Lake Blvd, Kansas City, MO 64101"
Morgan Partners,Clearwater Capital Group,,,Jacob Morgan|Anthony Wang,"3852 Oak Pl, Miami, FL 33101"
King Advisory Group,National Planning Holdings,Timothy King,,,
Green Wealth Management,Crestwood Family Office,,,,
Moore & Associates,Meridian Private Wealth,,,,
Cruz Asset Management,Crestwood Family Office,,,,
Rivera Financial Partners,Crestwood Family Office,Steven Rivera,,,
King Financial Group,Morgan Stanley Wealth Management,,,,
Morris Wealth Advisors,Commonwealth Financial Network,William Morris,,,
Parker Institutional Group,Janney Montgomery Scott,Betty Parker,,,
Gomez Advisory Group,Securities America,Mark Gomez,,,
Thompson Institutional Group,Cambridge Investment Research,Donald Thompson,,,
Scott Family Office,Ridgeway Wealth Management,,sandra.scott@ridgewaywm.com,,"6835 Oak Ave, San Francisco, CA 94101"
Huang Tax & Wealth Group,Ameriprise Financial Services,,,Donald Huang|James Garcia|Ryan Zhang|Donald Taylor|Margaret Hall|Patricia Jackson,
Yang Partners,Meridian Private Wealth,,,,"2797 Main Ln, Charlotte, NC 28201"
Young Advisory Group,Raymond James Financial Services,,youngm@raymondjames.com,Matthew Young|Michael Gomez,"1058 Highland St, Washington, DC 20001"
Wang Retirement Solutions Group,Commonwealth Financial Network,,,,
Hill Wealth,Meridian Private Wealth,Donald Hill,,,
Diaz Wealth Partners,Raymond James Financial Services,George Diaz,,,
Torres Wealth Partners,Merrill Lynch Pierce Fenner & Smith,,,,"2684 Highland Rd, San Francisco, CA 94101"
Carter Investment Group,Wells Fargo Advisors,Jeffrey Carter,,,
Turner Investment Partners,Northgate Investment Partners,,turnert@northgateinv.com,Thomas Turner|James Davis|William Liu|Ronald Yang|Charles Mitchell|Robert Chen,
Carter Investment Group,Hilliard Lyons,Rachel Carter,rcarter@hl.com,,
Parker Wealth,Ridgeway Wealth Management,,,Donald Parker|Charles Kim|Donald Huang|Christopher Khan|Daniel Liu|Margaret Johnson|Daniel Stewart,
Patel Family Office,Parkside Wealth Strategies,,jpatel@parksidewealth.com,,
Scott Wealth Partners,Edward Jones,,,,
Chen Wealth Advisors,DA Davidson & Co.,,,,
Green Wealth Management,Summit Peak Advisors,,,,
Kim Private Client Group,Morgan Stanley Wealth Management,Susan Kim,,,
Young Wealth Advisors,DA Davidson & Co.,,,,"2185 Madison Ln, Philadelphia, PA 19101"
Allen Wealth Partners,Securities America,James Allen,jallen@secam.com,,
Garcia Retirement Solutions Group,Woodbury Financial Services,,,,
Jones Financial Group,Woodbury Financial Services,,,Jacob Jones|Charles Diaz|Ronald Smith,
Huang Financial Partners,Highfield Asset Management,Ryan Huang,,Ryan Huang|Susan Nelson|Michael Carter|Donald Wang|Joseph Nelson|Thomas Khan|Dorothy Parker,
Phillips Capital Group,Cambridge Investment Research,Helen Phillips,,Helen Phillips|Ashley Yang|Christopher Stewart|Patricia Adams|Steven Morris|Donald Chen,"7351 Market Ln, Las Vegas, NV 89101"
Morgan Financial Partners,Kingsbridge Capital Advisors,Paul Morgan,,Paul Morgan|Andrew Harris|Paul Wright|Sarah Yang|Jessica Garcia|Thomas Moore|Mark Nguyen,"8640 Lake Rd, Seattle, WA 98101"
Collins Advisors,Harborview Private Wealth,,ccollins@harborviewpw.com,,
Roberts Family Office,Meridian Private Wealth,,,,
Green Financial Group,Stifel Nicolaus & Company,,,,
Diaz Asset Management Group,Morgan Stanley Wealth Management,,,David Diaz|Sarah Jackson|Dorothy King|Jennifer Morris|Nancy Thompson,
Martin Wealth,Northgate Investment Partners,Margaret Martin,martinm@northgateinv.com,,
Harris Advisors,Northgate Investment Partners,,,John Harris|Joseph Roberts|Anthony Nelson|Ronald Martin|Jacob Torres|Christopher Phillips|Megan Stewart,"433 Elm Dr, Las Vegas, NV 89101"
Morgan Capital,Harborview Private Wealth,,,,
Morgan Wealth Partners,Wells Fargo Advisors,,,,
Smith Family Office,Kingsbridge Capital Advisors,Jennifer Smith,,Jennifer Smith|Timothy Moore|Sandra Anderson|Jason Campbell|Brian Thompson,"8131 Madison Pl, Chicago, IL 60601"
Morgan Financial Group,Woodbury Financial Services,,morganj@woodburyfs.com,,
Morris Financial Group,Ameriprise Financial Services,,,,
Edwards Tax & Wealth Group,Robert W. Baird & Co.,,,,
Carter Private Client Group,Cetera Financial Group,,,,
Edwards Advisory Group,Stifel Nicolaus & Company,,bedwards@stifel.com,Betty Edwards|Sandra Stewart|Helen Wright|Lisa Edwards,
Allen Wealth Partners,Ameriprise Financial Services,,paul.allen@ampf.com,,
Phillips Investment Partners,Northgate Investment Partners,Susan Phillips,,,
Williams Wealth Management Group,Raymond James Financial Services,,,Paul Williams|Emily Young,
Adams Capital Group,Commonwealth Financial Network,,,,
Turner Institutional Group,Merrill Lynch Pierce Fenner & Smith,Emily Turner,turnere@ml.com,,
Flores Portfolio Group,Securities America,Ryan Flores,,,
Miller Private Client Group,Woodbury Financial Services,,millerj@woodburyfs.com,,
Flores Financial Group,LPL Financial,James Flores,,,
Green Wealth,Parkside Wealth Strategies,,,,
Phillips Group,Summit Peak Advisors,,,,
King Portfolio Group,Cetera Financial Group,Jeffrey King,,,
Diaz Financial Group,Commonwealth Financial Network,,,,
Hall Wealth Partners,Cetera Financial Group,Ronald Hall,rhall@cetera.com,Ronald Hall|Steven King|Joseph Morgan|Betty Huang,
Parker Retirement Solutions Group,Cambridge Investment Research,James Parker,,,
Thompson Wealth Advisors,UBS Financial Services,,thompsona@ubs.com,,
Carter Asset Management Group,Securities America,,carterj@secam.com,James Carter|Charles Hall|Timothy Young|Barbara Collins|Paul Flores|Patricia Baker|Donald Nelson,
Nguyen Advisory Group,Securities America,Charles Nguyen,,,
Gomez & Associates,Clearwater Capital Group,,,,
Huang Advisors,Parkside Wealth Strategies,,huangs@parksidewealth.com,,"4012 Lincoln Dr, Washington, DC 20001"
Moore Capital Partners,Ridgeway Wealth Management,Brian Moore,brian.moore@ridgewaywm.com,,
Smith Family Wealth Group,Cambridge Investment Research,,,Dorothy Smith|Jennifer Evans|Ronald Hill|Brian Garcia,"2461 Elm Ave, Indianapolis, IN 46201"
Zhang & Associates,Meridian Private Wealth,Jennifer Zhang,,,
Cruz Tax & Wealth Group,Stifel Nicolaus & Company,Kevin Cruz,,,
Scott Capital Group,UBS Financial Services,,,,"7156 Lake Court, Houston, TX 77001"
White Financial Group,National Planning Holdings,,,Charles White|Andrew Cruz|Jessica Taylor|William Adams|Lisa Gomez,
Green Family Wealth Group,Janney Montgomery Scott,Kevin Green,,,
Chen Institutional Group,Janney Montgomery Scott,,,,"6584 Main Pkwy, San Diego, CA 92101"
Evans Investment Partners,Kingsbridge Capital Advisors,Matthew Evans,,,
Anderson Advisors,Crestwood Family Office,Margaret Anderson,manderson@crestwoodfo.com,,"2265 Highland Pl, Minneapolis, MN 55401"
Khan Wealth,Meridian Private Wealth,,,Jennifer Khan|Edward Hill|Helen Torres|David Patel|Betty Smith|Steven Mitchell|Joseph Nelson,"7773 Elm Dr, Los Angeles, CA 90001"
Stewart Institutional Group,Hilliard Lyons,Edward Stewart,,,
Wang Portfolio Group,Securities America,,,,"3726 Maple Way, Memphis, TN 38101"
Davis Private Wealth Group,Janney Montgomery Scott,Linda Davis,,,
Moore Family Office,Crestwood Family Office,Jason Moore,,Jason Moore|Robert Edwards|Karen Jackson|Ashley Adams,
Miller Institutional Group,Stifel Nicolaus & Company,Karen Miller,,,
Diaz & Associates,Ridgeway Wealth Management,,,Anthony Diaz|Emily Jackson|William Chen,"9883 Oak Pl, New York, NY 10001"
Jackson Wealth Management,Northgate Investment Partners,,,Helen Jackson|James Thompson|Charles Wilson|Jessica Martin|Daniel Davis|George Huang,
Smith Capital Group,Morgan Stanley Wealth Management,,,Thomas Smith|Thomas Stewart,
Davis Family Wealth Group,Cetera Financial Group,Susan Davis,,,
Williams Family Wealth Group,Stifel Nicolaus & Company,,,Amanda Williams|Betty Green|Edward Miller|Linda Collins|Ashley Jones,
King Wealth Management,Highfield Asset Management,,,David King|Helen Collins|Sarah Nguyen|Megan Campbell|Andrew Nelson|Barbara Phillips,
Patel Family Wealth Group,Cetera Financial Group,,,Richard Patel|Margaret Wright|Dorothy Hill,
Miller Capital Group,Cetera Financial Group,,,,"7092 Hill Pl, San Jose, CA 95101"
Brown Portfolio Group,Raymond James Financial Services,,,,"9301 Spring Ave, Nashville, TN 37201"
Baker Advisory Group,Raymond James Financial Services,George Baker,,George Baker|Emily White|Sandra Zhang|Helen Morgan,
Evans & Associates,Clearwater Capital Group,,,,
Johnson Wealth,Crestwood Family Office,Kevin Johnson,,,
Phillips Wealth,Northgate Investment Partners,,emily.phillips@northgateinv.com,,
Hall Wealth Management,Ridgeway Wealth Management,,,,
Cruz Institutional Group,Wells Fargo Advisors,,,,"9817 Market Rd, Seattle, WA 98101"
Young Private Wealth,Northgate Investment Partners,,,Steven Young|Jessica Collins|Mark Rivera|Helen Chen|George Khan,
Hill Retirement Solutions Group,Hilliard Lyons,,,,
Davis Asset Management Group,Cetera Financial Group,,,,
Stewart Private Wealth,Meridian Private Wealth,,,Kenneth Stewart|Susan Rivera,
Scott Capital Group,Edward Jones,,jacob.scott@edwardjones.com,,
Anderson Financial Partners,Kingsbridge Capital Advisors,,wanderson@kingsbridgecap.com,,"8195 Jefferson Pkwy, San Francisco, CA 94101"
Gomez Wealth Management Group,Janney Montgomery Scott,,,,"5866 Maple Rd, Denver, CO 80201"
Jones & Associates,Clearwater Capital Group,,,,
Brown Financial Group,Cambridge Investment Research,Charles Brown,,Charles Brown|Robert Harris|Timothy Adams,
Campbell Portfolio Group,Ameriprise Financial Services,,,Susan Campbell|Edward Phillips|Michael Patel|Kevin Diaz,
Wright Private Wealth Group,Oppenheimer & Co.,,,,
Wilson Wealth Management,Ridgeway Wealth Management,,,Betty Wilson|Thomas Parker|Ronald Chen|Jeffrey Cruz,
Garcia & Associates,Parkside Wealth Strategies,,,,
Wilson Investment Group,Edward Jones,Mark Wilson,wilsonm@edwardjones.com,Mark Wilson|Susan Williams|George Wright|Jacob Evans|Thomas Phillips|Nancy Moore|Christopher Anderson,"1364 Cedar Court, Dallas, TX 75201"
Morgan Wealth Management,Clearwater Capital Group,,,Ronald Morgan|Jason Harris|Ashley Evans|Andrew Morris|Jeffrey Patel|Ashley White|Jessica Harris,"2812 Jefferson St, Kansas City, MO 64101"
Yang Retirement Solutions Group,Janney Montgomery Scott,Patricia Yang,,Patricia Yang|Barbara Campbell|Margaret Taylor|Matthew Khan|Megan Wilson,
Brown & Associates,Meridian Private Wealth,,browns@meridianpw.com,,
Garcia Advisors,Clearwater Capital Group,Sandra Garcia,sgarcia@clearwatercap.com,,"7491 Willow St, Portland, OR 97201"
Chen Family Wealth Group,Oppenheimer & Co.,Richard Chen,rick.chen@opco.com,Richard Chen|Ronald Chen|Thomas Morris|Timothy Baker|Ashley Evans,"5593 Elm Blvd, Minneapolis, MN 55401"
Johnson Wealth Partners,Morgan Stanley Wealth Management,David Johnson,,,"3633 Elm Court, Miami, FL 33101"
Patel Portfolio Group,Cetera Financial Group,Kevin Patel,,,
Collins Investment Group,National Planning Holdings,,dcollins@nph.com,,
Carter Wealth Management Group,Cambridge Investment Research,Barbara Carter,,Barbara Carter|Steven Stewart|John Scott|William Scott,
Parker Institutional Group,Stifel Nicolaus & Company,,,Jason Parker|Jennifer Lee|Brian Anderson|Jacob Cruz|Dorothy Edwards|Patricia Turner,
Jones Family Wealth Group,LPL Financial,Thomas Jones,,,"7598 River Dr, New York, NY 10022"
Baker Wealth Partners,DA Davidson & Co.,,,Jessica Baker|Brian Wright,
Khan Capital Group,Robert W. Baird & Co.,Joseph Khan,,Joseph Khan|Jennifer Anderson|Linda Edwards|Linda Torres|Susan Thompson,
Reyes Family Office,Summit Peak Advisors,,,,
Allen Capital Partners,Ridgeway Wealth Management,Andrew Allen,,Andrew Allen|Ashley Williams|Jason Huang|Lisa Evans,
Turner Private Client Group,Cetera Financial Group,,,,
Torres Family Office,Kingsbridge Capital Advisors,,,,
King Institutional Group,Hilliard Lyons,,,,"4666 Cedar St, San Antonio, TX 78201"
Evans Wealth Partners,Ameriprise Financial Services,,,,
Scott Family Wealth Group,Oppenheimer & Co.,George Scott,scottg@opco.com,,
Rivera Advisory Group,LPL Financial,,,,
Nelson Private Client Group,National Planning Holdings,,,,
Cruz Wealth Advisors,Ameriprise Financial Services,,,,
Moore Wealth Partners,Wells Fargo Advisors,,,Susan Moore|Andrew Zhang|David Martin|Matthew Turner|Helen Thompson|Thomas Turner,
Mitchell Private Wealth Group,Janney Montgomery Scott,Amanda Mitchell,,,
Wright Wealth Management,Highfield Asset Management,,,Megan Wright|Jacob Roberts|Steven Diaz|Anthony Morgan|Emily Flores|Amanda Turner|John Hall,
Mitchell Investment Partners,Highfield Asset Management,Kevin Mitchell,kev.mitchell@highfieldam.com,,
Flores Financial Group,LPL Financial,Ashley Flores,,,
Thompson Financial Group,Ameriprise Financial Services,,,,
King Advisory Group,National Planning Holdings,Jason King,,Jason King|Linda Johnson|David Hill|Barbara Nelson,
Gomez Capital Group,Stifel Nicolaus & Company,,,Anthony Gomez|Edward Baker|Andrew Mitchell|James Zhang|Richard Green|Thomas Liu|Steven Reyes,
Hill Capital Group,Hilliard Lyons,,,,
Thompson Wealth Management,Northgate Investment Partners,,hthompson@northgateinv.com,,
Rivera Wealth Management Group,Cambridge Investment Research,Betty Rivera,riverab@cambridgeinv.com,,"842 Elm Pl, New York, NY 10022"
Evans Family Wealth Group,LPL Financial,Betty Evans,,,
Gomez Wealth Partners,Wells Fargo Advisors,,,,"536 Commerce Rd, Las Vegas, NV 89101"
Chen Asset Management Group,Woodbury Financial Services,,,,
Wang Capital Partners,Northgate Investment Partners,,amanda.wang@northgateinv.com,,"1120 Elm Court, Atlanta, GA 30301"
Wright Wealth Advisors,Ameriprise Financial Services,,,,
Young Family Wealth Group,Janney Montgomery Scott,,jyoung@janney.com,,"3496 Commerce Pl, Atlanta, GA 30301"
Khan Investment Group,Hilliard Lyons,Jacob Khan,jacob.khan@hl.com,,
Edwards Investment Partners,Parkside Wealth Strategies,,,Helen Edwards|Mark Turner|Mark Brown|Richard Flores|Jennifer Collins|Patricia Miller,"2349 Lake Dr, Chicago, IL 60601"
Wilson Partners,Ridgeway Wealth Management,,,,"9116 Washington Ln, St. Louis, MO 63101"
Garcia Institutional Group,UBS Financial Services,,,Jacob Garcia|Margaret Liu|Daniel Kim,
Chen Family Office,Parkside Wealth Strategies,Robert Chen,,Robert Chen|Megan Miller|Jennifer Young|Dorothy Diaz|Jessica Campbell|Linda Liu,
Nelson Wealth Partners,Raymond James Financial Services,Barbara Nelson,,,"3259 Cedar Pl, Minneapolis, MN 55401"
Cruz Private Client Group,Janney Montgomery Scott,Emily Cruz,ecruz@janney.com,Emily Cruz|Betty Parker,
Wilson Financial Group,Wells Fargo Advisors,,,Daniel Wilson|Ashley Morris|Paul Wright,
Reyes Portfolio Group,Janney Montgomery Scott,Rachel Reyes,,,"287 Willow Dr, San Diego, CA 92101"
Cruz Wealth Advisors,LPL Financial,,,,
Phillips Capital Group,Ameriprise Financial Services,,,Jeffrey Phillips|Anthony Morris|Donald Cruz|Ryan Phillips|David Campbell|Ashley Campbell|Timothy Torres,
Davis Wealth Management Group,Merrill Lynch Pierce Fenner & Smith,,,,
Jackson Family Wealth Group,Wells Fargo Advisors,,ejackson@wellsfargoadv.com,,
Nelson Portfolio Group,Cambridge Investment Research,,,,
Edwards Private Wealth Group,Cetera Financial Group,Lisa Edwards,lisa.edwards@cetera.com,,
Adams Retirement Solutions Group,Hilliard Lyons,,,Nancy Adams|Joseph Anderson|Jessica Hill|Susan Wilson,
Chen Partners,Crestwood Family Office,Mark Chen,,,
Morris Wealth,Highfield Asset Management,,,,
Phillips Wealth Management Group,Merrill Lynch Pierce Fenner & Smith,,,Richard Phillips|Ashley White|Jessica Jackson|Ryan Huang|Jacob Brown,
Young Advisory Group,Raymond James Financial Services,Barbara Young,,Barbara Young|George Campbell|Mark Flores,
Brown Wealth Advisors,Janney Montgomery Scott,Paul Brown,,,
Patel Asset Management,Ridgeway Wealth Management,,,,
Moore Financial Partners,Meridian Private Wealth,,,,
Kim Capital Partners,Kingsbridge Capital Advisors,,,,
Carter Advisors,Crestwood Family Office,,,,
Davis Family Wealth Group,Edward Jones,,,Jeffrey Davis|Donald Carter|Sarah Morgan|Andrew Nguyen|Dorothy Mitchell,
Allen Investment Partners,Kingsbridge Capital Advisors,,,,
Martin Wealth Advisors,Raymond James Financial Services,John Martin,,John Martin|Mark Nguyen|Emily Chen|Donald Hall,
Cruz Capital Group,Securities America,,bcruz@secam.com,,
Lee Institutional Group,UBS Financial Services,,,William Lee|Mark Jones|Timothy Moore|James Jackson|Barbara Nelson|Karen Brown|Amanda Turner,
Wang Capital Partners,Ridgeway Wealth Management,,,,"8093 Main Court, New York, NY 10001"
Mitchell Investment Partners,Crestwood Family Office,,,Paul Mitchell|Susan Moore,"380 Madison Blvd, Denver, CO 80201"
Evans Wealth Advisors,Stifel Nicolaus & Company,Matthew Evans,,,
Harris Family Wealth Group,Ameriprise Financial Services,Emily Harris,,,
Zhang Asset Management Group,Merrill Lynch Pierce Fenner & Smith,,,,
Thompson Wealth Management Group,National Planning Holdings,Patricia Thompson,,,
Johnson Advisors,Meridian Private Wealth,,sarah.johnson@meridianpw.com,,
Reyes Wealth,Summit Peak Advisors,Ronald Reyes,,Ronald Reyes|William Wright|Megan Morgan,
Hill Private Client Group,Woodbury Financial Services,Megan Hill,mhill@woodburyfs.com,Megan Hill|Helen Nguyen|Sandra Anderson|Edward Gomez,
Garcia Financial Partners,Ridgeway Wealth Management,Nancy Garcia,,,
King Private Wealth,Crestwood Family Office,Nancy King,,,
Rivera Asset Management Group,Securities America,Helen Rivera,,,"1792 Maple Pl, New York, NY 10001"
Yang Wealth Advisors,Merrill Lynch Pierce Fenner & Smith,Jason Yang,,,"4077 Market Blvd, Washington, DC 20001"
Jones Investment Group,Commonwealth Financial Network,,cjones@commonwealth.com,Charles Jones|Karen Martin,
Turner Financial Group,Stifel Nicolaus & Company,,,,
Adams Private Wealth,Summit Peak Advisors,,,,
King Family Office,Summit Peak Advisors,,,,
Adams Financial Partners,Harborview Private Wealth,,,Anthony Adams|Kevin Allen|Donald Martin,"4873 Maple Ln, Miami, FL 33101"
Collins Family Office,Ridgeway Wealth Management,Charles Collins,,,
Phillips & Associates,Highfield Asset Management,Jessica Phillips,jessica.phillips@highfieldam.com,,"1492 Lake Pl, Chicago, IL 60601"
Martin Advisory Group,Morgan Stanley Wealth Management,,,,
Johnson Financial Group,Raymond James Financial Services,,,Lisa Johnson|Charles Scott|Kenneth Wright|Dorothy Patel|Anthony Campbell|Patricia Scott|Patricia Miller,
Edwards Financial Group,Ameriprise Financial Services,,,,
Miller Institutional Group,Oppenheimer & Co.,Brian Miller,,Brian Miller|Jennifer Carter|Sandra Nelson,"2792 Lake Court, St. Louis, MO 63101"
Turner Investment Group,Stifel Nicolaus & Company,Betty Turner,betty.turner@stifel.com,,
Khan Financial Partners,Northgate Investment Partners,Timothy Khan,,Timothy Khan|Matthew Nelson|Joseph Martin|George Huang,"1125 Cedar Court, Washington, DC 20001"
Turner Capital Group,Commonwealth Financial Network,Susan Turner,,,"9880 Lincoln Pkwy, Charlotte, NC 28201"
Wang Wealth Management,Summit Peak Advisors,Kenneth Wang,,,"9769 Elm Pl, Los Angeles, CA 90001"
Phillips Investment Group,DA Davidson & Co.,,,Margaret Phillips|Ronald Wang|Brian Kim|Daniel Carter|Christopher Hall|Andrew Wilson,"9517 Madison Blvd, Charlotte, NC 28201"
Chen Financial Group,LPL Financial,Sarah Chen,,Sarah Chen|Nancy Carter|Barbara Diaz,
Cruz Financial Group,Commonwealth Financial Network,,,,
Nelson Portfolio Group,LPL Financial,,,,
Adams Asset Management,Northgate Investment Partners,Jason Adams,,,
Adams Retirement Solutions Group,Hilliard Lyons,,,David Adams|Ronald Scott|Timothy Evans|Kevin Green|Christopher Evans|Thomas Patel,
Khan Wealth Management Group,Edward Jones,,,,"9440 Highland Rd, Austin, TX 78701"
Zhang Wealth Advisors,National Planning Holdings,Paul Zhang,,,
Roberts Institutional Group,Commonwealth Financial Network,Charles Roberts,,,
Huang Private Client Group,National Planning Holdings,,,,"1626 Jefferson Pl, Kansas City, MO 64101"
Wilson Portfolio Group,Securities America,Emily Wilson,,,"8051 Spring St, Minneapolis, MN 55401"
Allen Investment Group,Raymond James Financial Services,Brian Allen,,,
Miller Wealth Management Group,Merrill Lynch Pierce Fenner & Smith,,,,
Jones Advisory Group,Raymond James Financial Services,Patricia Jones,,,
Cruz Investment Group,Raymond James Financial Services,Brian Cruz,,Brian Cruz|Lisa Reyes|Anthony Turner|Jeffrey Moore|Margaret Evans,
Huang Advisors,Ridgeway Wealth Management,,,,
Carter Portfolio Group,Merrill Lynch Pierce Fenner & Smith,Donald Carter,,Donald Carter|Kenneth Jackson|Susan Phillips|Barbara Thomas|Jeffrey Hill|Andrew Diaz|Michael Patel,"9930 River St, Kansas City, MO 64101"
Hall Family Office,Highfield Asset Management,,,,
Nguyen Retirement Solutions Group,Oppenheimer & Co.,Thomas Nguyen,,Thomas Nguyen|Jacob Jones|John Gomez|William Smith|Steven Jackson,
Patel Asset Management Group,UBS Financial Services,,,,
Rivera Tax & Wealth Group,Janney Montgomery Scott,David Rivera,,,
Brown Advisors,Meridian Private Wealth,,,,
Hall Capital Group,Morgan Stanley Wealth Management,,,,"8668 Hill Blvd, Denver, CO 80201"
Roberts Institutional Group,Robert W. Baird & Co.,,troberts@rwbaird.com,,"1362 Jefferson Court, Seattle, WA 98101"
Reyes Private Wealth Group,National Planning Holdings,,,Edward Reyes|Donald Williams|Amanda Wang|Linda Moore,
Nguyen Tax & Wealth Group,Commonwealth Financial Network,,,,
Torres Private Wealth Group,Merrill Lynch Pierce Fenner & Smith,,,,
Nelson Wealth Management Group,Merrill Lynch Pierce Fenner & Smith,Helen Nelson,,,"6144 River Pkwy, Philadelphia, PA 19101"
Moore Partners,Summit Peak Advisors,,,,"6818 Lake Court, New York, NY 10001"
Hall Wealth Management Group,Stifel Nicolaus & Company,,margaret.hall@stifel.com,,
Stewart Private Wealth Group,Hilliard Lyons,Dorothy Stewart,,Dorothy Stewart|William Gomez|Emily Brown|Sandra Parker|Thomas Harris,
Zhang Capital Group,Janney Montgomery Scott,,szhang@janney.com,,
Miller Capital,Northgate Investment Partners,,,,"1831 Jefferson Way, Phoenix, AZ 85001"
Adams Investment Partners,Northgate Investment Partners,,,,
Hill Wealth Advisors,Stifel Nicolaus & Company,,,,"902 River Rd, Baltimore, MD 21201"
Harris Wealth,Crestwood Family Office,,,,
Diaz Wealth,Ridgeway Wealth Management,,,,"9640 Hill Ave, Washington, DC 20001"
Khan Capital,Kingsbridge Capital Advisors,Ashley Khan,,,
Green Investment Group,DA Davidson & Co.,,,,
Young Financial Group,Stifel Nicolaus & Company,Brian Young,,,"6850 Highland Way, Portland, OR 97201"
Harris & Associates,Summit Peak Advisors,,,Susan Harris|Patricia Mitchell|Linda Scott|Emily Rivera,"9007 Main Ln, Minneapolis, MN 55401"
Thompson Investment Group,Oppenheimer & Co.,Nancy Thompson,,,
Taylor Private Wealth Group,National Planning Holdings,Mark Taylor,,,
Scott Wealth Management,Crestwood Family Office,,,,
White Wealth Management Group,Stifel Nicolaus & Company,Megan White,,,
Brown Partners,Parkside Wealth Strategies,Sarah Brown,,,
Allen Capital Group,Wells Fargo Advisors,Jennifer Allen,,,
Patel Private Wealth,Parkside Wealth Strategies,,,Amanda Patel|Andrew Wilson|Daniel Reyes|James Edwards|Emily Hill|Jacob Roberts|Robert Anderson,
Wang Private Client Group,Woodbury Financial Services,Sarah Wang,sarah.wang@woodburyfs.com,Sarah Wang|William Harris|Lisa King|Christopher Turner|David Lee|Timothy Parker|Kevin Reyes,"3719 Cedar Way, Memphis, TN 38101"
Adams Partners,Highfield Asset Management,,,,
Adams Family Wealth Group,UBS Financial Services,Nancy Adams,,,
Diaz Financial Partners,Meridian Private Wealth,,,,
Miller Private Wealth Group,Oppenheimer & Co.,,millers@opco.com,,
Taylor Wealth Management Group,Woodbury Financial Services,,,,
Roberts Wealth Advisors,UBS Financial Services,Betty Roberts,,,"8143 Oak Pl, Houston, TX 77001"
Phillips Capital Partners,Ridgeway Wealth Management,,kev.phillips@ridgewaywm.com,,
Martin Private Wealth Group,Commonwealth Financial Network,George Martin,,George Martin|Daniel Adams|Robert Martin|Ashley Nelson,
Chen Wealth Partners,Robert W. Baird & Co.,,mark.chen@rwbaird.com,,
Lee Wealth Advisors,UBS Financial Services,,leen@ubs.com,,
Khan Wealth Management,Highfield Asset Management,,,,"2515 Jefferson Blvd, Chicago, IL 60601"
Garcia Institutional Group,UBS Financial Services,,,,
Patel Group,Meridian Private Wealth,,,,
Roberts Private Client Group,Wells Fargo Advisors,Richard Roberts,,,
Hill Investment Group,LPL Financial,,,,
Yang Private Wealth,Parkside Wealth Strategies,,,,
Lee Capital Group,Ameriprise Financial Services,Jacob Lee,,Jacob Lee|Ashley Jackson|Margaret Stewart,
Campbell Retirement Solutions Group,Commonwealth Financial Network,,,,"6226 Oak Court, Miami, FL 33101"
Wilson Private Client Group,Cambridge Investment Research,,betty.wilson@cambridgeinv.com,,
Collins Advisory Group,UBS Financial Services,Karen Collins,,,
Hall Portfolio Group,Stifel Nicolaus & Company,Karen Hall,khall@stifel.com,Karen Hall|Christopher Chen|Steven Stewart|Ronald Garcia,
Nguyen Wealth Management Group,Janney Montgomery Scott,,,John Nguyen|Anthony Thompson|Brian Flores|Barbara Johnson|Jacob Morgan|Edward Smith|Patricia Wang,
Anderson Portfolio Group,Raymond James Financial Services,,,,
Nelson Wealth Partners,DA Davidson & Co.,Lisa Nelson,nelsonl@dadavidson.com,Lisa Nelson|Rachel Miller|James Rivera|George Chen|Karen Carter,
Phillips Investment Partners,Kingsbridge Capital Advisors,,,,"4990 Cedar Way, Baltimore, MD 21201"
Allen Advisors,Highfield Asset Management,,,,
Hill Asset Management Group,Robert W. Baird & Co.,Margaret Hill,,,"678 Park Pl, Washington, DC 20001"
Scott Wealth Advisors,Commonwealth Financial Network,George Scott,,George Scott|Patricia Wilson,"5018 Washington Court, Boston, MA 02101"
Reyes Financial Partners,Crestwood Family Office,Steven Reyes,,,
Patel Tax & Wealth Group,Janney Montgomery Scott,,,,
Gomez Wealth Management,Meridian Private Wealth,Kevin Gomez,,,"1266 Park Court, Seattle, WA 98101"
Moore Private Wealth,Highfield Asset Management,,,,
Jackson Private Client Group,Ameriprise Financial Services,,,,
Green Asset Management Group,Cetera Financial Group,Kevin Green,kev.green@cetera.com,,"7129 Lincoln St, Seattle, WA 98101"
Chen Wealth Advisors,Oppenheimer & Co.,,,Ryan Chen|Kenneth Wilson|Richard Nguyen|Barbara Gomez,
Jones Retirement Solutions Group,Janney Montgomery Scott,,,,
Taylor Financial Partners,Northgate Investment Partners,,,,
Davis Capital Group,Cambridge Investment Research,,cdavis@cambridgeinv.com,,"712 Hill Court, Charlotte, NC 28201"
Carter Wealth Partners,DA Davidson & Co.,Joseph Carter,,,
Rivera Family Wealth Group,Cetera Financial Group,Richard Rivera,,Richard Rivera|Matthew Morgan|Steven Chen|Susan Thomas|Lisa Collins|Margaret Young,
Carter Financial Group,LPL Financial,,,,
Chen Wealth Management,Parkside Wealth Strategies,,,,
Zhang Wealth Partners,LPL Financial,,,,"6001 Spring Ln, Minneapolis, MN 55401"
Zhang Investment Group,UBS Financial Services,,zhangj@ubs.com,,"2893 Willow Way, San Jose, CA 95101"
Hill Financial Group,Wells Fargo Advisors,,,Betty Hill|Christopher Davis|Thomas Edwards|Jason Brown|Christopher Miller|Margaret Wang|Rachel Baker,"4553 Lincoln Way, Miami, FL 33101"
Cruz Capital Partners,Summit Peak Advisors,Emily Cruz,,,
Collins Retirement Solutions Group,Oppenheimer & Co.,,,,"8698 Lake Pl, Raleigh, NC 27601"
Chen Retirement Solutions Group,DA Davidson & Co.,,,,
Jones Private Client Group,Commonwealth Financial Network,,,,"8155 Lake Pl, San Jose, CA 95101"
Nguyen Asset Management Group,Securities America,,,Brian Nguyen|David Zhang|Linda Adams|Sarah Davis|Linda Stewart,"3950 Jefferson Way, Los Angeles, CA 90001"
Miller Family Office,Kingsbridge Capital Advisors,John Miller,,,"6855 Highland Court, New York, NY 10022"
Liu Asset Management,Kingsbridge Capital Advisors,,,,
Carter Private Client Group,Ameriprise Financial Services,,,,
Hall Investment Group,UBS Financial Services,,chris.hall@ubs.com,,
Collins Capital Group,Ameriprise Financial Services,,,,
Brown Wealth Advisors,Cambridge Investment Research,,,,
Miller Family Office,Clearwater Capital Group,Thomas Miller,,,
Khan Investment Group,Janney Montgomery Scott,,,,
Cruz Private Wealth,Harborview Private Wealth,,,,
Yang Asset Management,Ridgeway Wealth Management,Jeffrey Yang,,,
Brown Advisory Group,UBS Financial Services,George Brown,,George Brown|Michael Edwards|Andrew Jackson,
Williams Private Wealth,Northgate Investment Partners,,williamsj@northgateinv.com,,"7515 Highland Dr, Chicago, IL 60601"
Flores Private Client Group,DA Davidson & Co.,Nancy Flores,,,"5222 Oak St, Nashville, TN 37201"
Chen Advisors,Meridian Private Wealth,,,,
Thompson Wealth Advisors,UBS Financial Services,Sandra Thompson,,,
Williams Capital,Harborview Private Wealth,,williamsc@harborviewpw.com,Charles Williams|Linda Patel|Emily Carter|Lisa Jones,"5385 Oak Pkwy, Las Vegas, NV 89101"
King Asset Management,Summit Peak Advisors,Timothy King,,,"3703 Market Ave, Phoenix, AZ 85001"
White Tax & Wealth Group,Merrill Lynch Pierce Fenner & Smith,,,Lisa White|Ryan Evans|Susan Baker,
Diaz Wealth Management Group,Securities America,,,,
Johnson Asset Management,Crestwood Family Office,Andrew Johnson,,Andrew Johnson|Brian Thomas|Sarah Rivera|David Miller,
Mitchell Wealth Advisors,LPL Financial,Jacob Mitchell,mitchellj@lpl.com,Jacob Mitchell|Edward Green|Richard Jackson,
Liu Family Wealth Group,Securities America,Ronald Liu,ron.liu@secam.com,,
Nguyen Financial Group,Robert W. Baird & Co.,,,,
Evans Wealth,Kingsbridge Capital Advisors,,,Jason Evans|Andrew Patel,
Phillips Wealth,Ridgeway Wealth Management,Kenneth Phillips,,Kenneth Phillips|John Baker|Christopher Mitchell|Mark Wilson|Jeffrey Hill|Jessica Young|Kevin Moore,"4712 Jefferson Ln, Raleigh, NC 27601"
Liu Tax & Wealth Group,Janney Montgomery Scott,,,Edward Liu|James Roberts,"6213 Highland Court, New York, NY 10001"
Mitchell Wealth Advisors,Woodbury Financial Services,Betty Mitchell,betty.mitchell@woodburyfs.com,,
Zhang Private Client Group,National Planning Holdings,,,,
Gomez Financial Group,Edward Jones,Jason Gomez,jason.gomez@edwardjones.com,,
Moore Wealth Management,Harborview Private Wealth,,,Rachel Moore|Donald Patel|Mark Collins|Jeffrey Diaz,"9387 Spring Ln, Austin, TX 78701"
Chen Capital Group,Cetera Financial Group,Paul Chen,,,
Garcia Investment Partners,Kingsbridge Capital Advisors,,,,"2393 Highland Dr, Portland, OR 97201"
Gomez Advisory Group,DA Davidson & Co.,,,,
Nelson Wealth Advisors,Janney Montgomery Scott,,,,"8462 Lincoln Pl, Los Angeles, CA 90001"
Huang Investment Group,National Planning Holdings,George Huang,,George Huang|William Martin|Karen White,
Jackson Wealth Advisors,UBS Financial Services,George Jackson,jacksong@ubs.com,,
Campbell Institutional Group,Wells Fargo Advisors,,,Timothy Campbell|Nancy Diaz|Nancy Torres,"4580 Hill Pkwy, Miami, FL 33101"
Yang Retirement Solutions Group,National Planning Holdings,,,,
Hall Financial Partners,Meridian Private Wealth,Lisa Hall,,,
Torres Portfolio Group,LPL Financial,Christopher Torres,torresc@lpl.com,,
Wilson Portfolio Group,Stifel Nicolaus & Company,,,,
Reyes Institutional Group,Morgan Stanley Wealth Management,Jason Reyes,,,
Anderson Portfolio Group,National Planning Holdings,,,,
Cruz Family Office,Meridian Private Wealth,Barbara Cruz,,,"2550 Cedar Blvd, Las Vegas, NV 89101"
Mitchell Partners,Highfield Asset Management,Megan Mitchell,,,
Roberts Wealth,Northgate Investment Partners,,,,
Flores Investment Partners,Highfield Asset Management,,,,
Diaz Portfolio Group,Raymond James Financial Services,,,,
Carter Wealth Advisors,LPL Financial,,,Karen Carter|Betty Stewart|Thomas Zhang|George Davis|Jeffrey White|Ashley Patel|Ronald Taylor,"8025 River Pkwy, San Diego, CA 92101"
Rivera Asset Management Group,Wells Fargo Advisors,,,Anthony Rivera|Michael Taylor|Nancy Turner|James Khan|David Lee|Charles Baker|Megan Green,
Martin Advisory Group,Merrill Lynch Pierce Fenner & Smith,,,,
Turner Capital Partners,Clearwater Capital Group,,dan.turner@clearwatercap.com,,
White Portfolio Group,Cambridge Investment Research,Ronald White,,Ronald White|Christopher Garcia,"2876 Oak Pl, Baltimore, MD 21201"
Hill Capital Group,Robert W. Baird & Co.,,,,"6574 Park Court, Charlotte, NC 28201"
Phillips Advisory Group,Robert W. Baird & Co.,,,Mark Phillips|Margaret Rivera|Richard Carter,
Young Capital Group,Merrill Lynch Pierce Fenner & Smith,Barbara Young,youngb@ml.com,Barbara Young|Steven Edwards|Ashley Nguyen|Emily Baker|Jacob Harris|Ryan Wright,
Cruz Capital Partners,Northgate Investment Partners,Dorothy Cruz,,,"9714 Main Way, Boston, MA 02101"
Cruz Group,Summit Peak Advisors,,,,
Jones Asset Management,Crestwood Family Office,Jennifer Jones,,,
Jackson Advisory Group,Stifel Nicolaus & Company,,,,
Parker Financial Group,Merrill Lynch Pierce Fenner & Smith,Edward Parker,,,"208 Highland St, Raleigh, NC 27601"
Anderson Private Client Group,Robert W. Baird & Co.,Linda Anderson,andersonl@rwbaird.com,,
Rivera Capital Group,Securities America,,,,
Huang Wealth Partners,Hilliard Lyons,,,,"3166 Hill Dr, Nashville, TN 37201"
Thompson Financial Group,Hilliard Lyons,Betty Thompson,,Betty Thompson|Jason Thompson,
Carter Family Office,Summit Peak Advisors,,,Donald Carter|Daniel Flores,
Yang Retirement Solutions Group,Commonwealth Financial Network,Thomas Yang,,,
Miller Capital Partners,Clearwater Capital Group,,kmiller@clearwatercap.com,Kevin Miller|Lisa Johnson|Margaret Davis|Lisa Huang,
Thomas Wealth Management,Ridgeway Wealth Management,,thomasm@ridgewaywm.com,Megan Thomas|Lisa King|Edward Rivera|Linda Morgan,
Liu Wealth,Crestwood Family Office,,,,"6343 River Way, Las Vegas, NV 89101"
Roberts Family Office,Kingsbridge Capital Advisors,Amanda Roberts,,,
Liu Financial Group,DA Davidson & Co.,,,Paul Liu|John Wilson|Jason Harris,
Stewart Group,Ridgeway Wealth Management,Steven Stewart,,Steven Stewart|Patricia Carter,
Morgan Asset Management Group,UBS Financial Services,John Morgan,,John Morgan|David Diaz|Nancy Allen,
Stewart Wealth Partners,Stifel Nicolaus & Company,,,Donald Stewart|John Williams|George Scott|Timothy Young,
Huang Capital Partners,Meridian Private Wealth,,,,"7754 Highland Rd, Boston, MA 02101"
Turner Family Wealth Group,Woodbury Financial Services,,,Dorothy Turner|Patricia Mitchell|Mark Khan|David Adams,"9340 Market Court, Indianapolis, IN 46201"
Flores Wealth Partners,Janney Montgomery Scott,,,,
Kim Financial Group,Morgan Stanley Wealth Management,Ronald Kim,,,"7916 Main Ln, Dallas, TX 75201"
Taylor Family Wealth Group,DA Davidson & Co.,,don.taylor@dadavidson.com,,
Diaz Family Wealth Group,Robert W. Baird & Co.,,,Andrew Diaz|Daniel Wilson|Christopher Reyes|Jeffrey Cruz,
Turner Financial Group,Janney Montgomery Scott,Joseph Turner,,,
Thompson Investment Group,Wells Fargo Advisors,Andrew Thompson,,Andrew Thompson|Linda Jackson,
Allen Private Client Group,Oppenheimer & Co.,,,,
Baker Investment Group,Merrill Lynch Pierce Fenner & Smith,,,,
Morgan Financial Group,Stifel Nicolaus & Company,Nancy Morgan,,Nancy Morgan|Susan Parker,
Nguyen Institutional Group,Edward Jones,Patricia Nguyen,,Patricia Nguyen|Jeffrey Kim,
Davis Wealth Partners,Securities America,Susan Davis,,,
Turner Asset Management Group,Wells Fargo Advisors,,dturner@wellsfargoadv.com,,
Morgan Private Wealth Group,Raymond James Financial Services,,,,
Mitchell Private Client Group,Raymond James Financial Services,,,Ronald Mitchell|Brian Morris|Lisa Khan|Ashley Reyes|Matthew Johnson|Ronald Nguyen,
Wilson Wealth Partners,Hilliard Lyons,Jason Wilson,,,"746 Jefferson Court, Seattle, WA 98101"
Taylor Wealth,Meridian Private Wealth,Helen Taylor,,Helen Taylor|Karen Nelson|James Morgan|Kevin Rivera|Nancy Reyes|Daniel Liu,"8802 Jefferson Rd, Houston, TX 77001"
Zhang Capital Group,Morgan Stanley Wealth Management,Amanda Zhang,,Amanda Zhang|Susan Cruz|Linda Morgan,
Evans Wealth Partners,Securities America,,,,
Parker Capital Partners,Kingsbridge Capital Advisors,,,,"8715 Hill St, Las Vegas, NV 89101"
Brown Private Wealth,Summit Peak Advisors,,,,
Reyes Private Wealth Group,Cambridge Investment Research,Robert Reyes,,,"5079 Park Court, Los Angeles, CA 90001"
Flores Group,Crestwood Family Office,,,Helen Flores|Richard Taylor|Daniel Carter|Betty Rivera|Jennifer Parker,
Phillips Financial Group,LPL Financial,,,Jessica Phillips|Karen Flores|Ryan Turner|Sandra Lee,
Phillips Advisors,Crestwood Family Office,,,,
Smith Wealth Partners,Raymond James Financial Services,,,,
Martin Capital Group,Raymond James Financial Services,Thomas Martin,,Thomas Martin|Emily Hill,
Reyes Private Wealth Group,National Planning Holdings,,,,
Wright Capital Group,UBS Financial Services,Jacob Wright,,Jacob Wright|James Turner|Jacob Turner|Nancy Brown|Kenneth Campbell|Robert King,
Moore Capital Group,Securities America,,,,
Garcia Financial Group,Raymond James Financial Services,Jennifer Garcia,jgarcia@raymondjames.com,Jennifer Garcia|Betty Rivera,"9462 Oak Court, Kansas City, MO 64101"
Edwards Investment Group,Cetera Financial Group,Jacob Edwards,,,
Kim Portfolio Group,Oppenheimer & Co.,,,,
Allen Investment Group,Morgan Stanley Wealth Management,Jacob Allen,,Jacob Allen|Mark Thomas,"5829 Jefferson Pkwy, Las Vegas, NV 89101"
Moore Financial Partners,Ridgeway Wealth Management,,,,
Allen Capital Partners,Summit Peak Advisors,Joseph Allen,,,
Baker Portfolio Group,Robert W. Baird & Co.,,,,
Smith Private Wealth Group,Ameriprise Financial Services,,smithb@ampf.com,,
Nguyen Advisors,Highfield Asset Management,,,,
Kim Wealth Advisors,UBS Financial Services,,kimd@ubs.com,,
Turner Wealth Partners,Hilliard Lyons,,,,
Reyes Asset Management Group,Raymond James Financial Services,,david.reyes@raymondjames.com,,
Wilson Advisory Group,Ameriprise Financial Services,Jessica Wilson,,,
Moore & Associates,Parkside Wealth Strategies,Jacob Moore,,,
Allen Financial Group,Cetera Financial Group,,,,
Phillips Portfolio Group,Woodbury Financial Services,,,,"3883 Lake Dr, Las Vegas, NV 89101"
Baker Group,Meridian Private Wealth,,,,
Kim Investment Partners,Northgate Investment Partners,James Kim,,James Kim|Amanda Hall|Ronald King|Dorothy Liu|Donald Green,
Williams Portfolio Group,DA Davidson & Co.,,jwilliams@dadavidson.com,,
Liu Advisory Group,Ameriprise Financial Services,,,,
Nelson Capital,Clearwater Capital Group,Andrew Nelson,,,
Mitchell Investment Group,National Planning Holdings,,,Ronald Mitchell|Rachel Yang|Timothy Yang|Matthew Liu|Dorothy Garcia,
Edwards Institutional Group,Robert W. Baird & Co.,,,,
Taylor Asset Management Group,Cambridge Investment Research,Amanda Taylor,,,
Reyes Private Client Group,Janney Montgomery Scott,,reyesk@janney.com,Kenneth Reyes|James Evans|Ryan Martin,
Hall Retirement Solutions Group,Morgan Stanley Wealth Management,Dorothy Hall,,Dorothy Hall|Anthony Gomez|George Baker,
Adams Private Wealth Group,Ameriprise Financial Services,,,Margaret Adams|Amanda Turner|Helen Lee|Anthony Brown,
Brown Institutional Group,LPL Financial,Charles Brown,,Charles Brown|Kenneth Wright|David Brown|Richard Flores|Daniel Taylor|Edward Young,
Edwards Family Wealth Group,Woodbury Financial Services,,edwardsg@woodburyfs.com,,
Jones Wealth Partners,Cetera Financial Group,,,,
Campbell Wealth,Crestwood Family Office,,kcampbell@crestwoodfo.com,,
Roberts Financial Group,Raymond James Financial Services,,,Amanda Roberts|Mark Collins|Andrew Thomas|James Davis|John Nelson|Kevin Patel,"8614 Commerce Way, Kansas City, MO 64101"
Zhang Advisory Group,Wells Fargo Advisors,Jeffrey Zhang,,,
Morgan Wealth Management Group,Securities America,Sarah Morgan,smorgan@secam.com,,
Khan Partners,Parkside Wealth Strategies,,,,
Carter Asset Management,Ridgeway Wealth Management,,,,
Mitchell Retirement Solutions Group,DA Davidson & Co.,Kevin Mitchell,,,
Hall Tax & Wealth Group,Cetera Financial Group,,,,"3993 Jefferson Rd, Austin, TX 78701"
Adams Wealth Advisors,Edward Jones,David Adams,,,"508 Commerce Court, Minneapolis, MN 55401"
Huang Private Wealth Group,Raymond James Financial Services,,,Jacob Huang|Nancy Collins|Susan Davis|James Allen|Robert Cruz,
Huang Wealth,Meridian Private Wealth,Megan Huang,,,"5560 Oak Ave, San Francisco, CA 94101"
Mitchell Capital Group,Janney Montgomery Scott,,,,
Scott Wealth Advisors,Edward Jones,Jessica Scott,jscott@edwardjones.com,,
Adams Wealth Management Group,Oppenheimer & Co.,,,,
Collins Portfolio Group,DA Davidson & Co.,Daniel Collins,,,"9811 Jefferson Pkwy, Memphis, TN 38101"
Morris Capital Partners,Parkside Wealth Strategies,,,,"9402 Maple Way, Houston, TX 77001"
Moore Retirement Solutions Group,Stifel Nicolaus & Company,,,,"4327 Willow Ln, St. Louis, MO 63101"
Young Financial Partners,Meridian Private Wealth,Christopher Young,,,
Harris Wealth Advisors,Stifel Nicolaus & Company,,,,
Roberts Capital Partners,Crestwood Family Office,Timothy Roberts,,,"1973 Jefferson Pl, Washington, DC 20001"
Lee Asset Management Group,Woodbury Financial Services,Jacob Lee,jacob.lee@woodburyfs.com,,
Morris Capital,Summit Peak Advisors,James Morris,,,
Collins Private Wealth,Parkside Wealth Strategies,,,,
Carter Retirement Solutions Group,Morgan Stanley Wealth Management,Timothy Carter,,Timothy Carter|Rachel Hill|Kevin King|Timothy Nguyen|Betty Nguyen|Sandra Mitchell|Anthony Parker,"5985 River St, Chicago, IL 60601"
Wilson Advisory Group,LPL Financial,,,,
Diaz Private Client Group,Merrill Lynch Pierce Fenner & Smith,,diazt@ml.com,,
Phillips Wealth Management Group,LPL Financial,,sandra.phillips@lpl.com,,
Garcia Investment Group,Commonwealth Financial Network,,rgarcia@commonwealth.com,,"8724 Hill Way, Boston, MA 02101"
Khan Wealth Management,Kingsbridge Capital Advisors,,,,
Roberts Family Wealth Group,Cambridge Investment Research,,,Patricia Roberts|Ronald Kim,
Allen Family Wealth Group,Woodbury Financial Services,Jeffrey Allen,,,"9335 Oak Way, San Diego, CA 92101"
Jones Retirement Solutions Group,Raymond James Financial Services,,,,
Moore Institutional Group,National Planning Holdings,,moorej@nph.com,,
Garcia Investment Group,UBS Financial Services,Jennifer Garcia,,,
Reyes Retirement Solutions Group,Edward Jones,Emily Reyes,,,
Collins Asset Management Group,DA Davidson & Co.,Edward Collins,,Edward Collins|Andrew Kim,
Nguyen & Associates,Summit Peak Advisors,Ashley Nguyen,,,"5272 Oak Ave, Denver, CO 80201"
Hill Capital Partners,Kingsbridge Capital Advisors,Rachel Hill,,,
Scott Advisors,Ridgeway Wealth Management,Ashley Scott,,,
Phillips & Associates,Ridgeway Wealth Management,,,,
Khan Capital,Kingsbridge Capital Advisors,,emily.khan@kingsbridgecap.com,,
Morgan Private Wealth Group,Robert W. Baird & Co.,,,,
Adams Private Wealth Group,Robert W. Baird & Co.,Daniel Adams,,,"8156 Park Pkwy, St. Louis, MO 63101"
Williams Private Wealth Group,Robert W. Baird & Co.,,rick.williams@rwbaird.com,,
Wright Tax & Wealth Group,Raymond James Financial Services,Ronald Wright,,,"6511 Main Court, Washington, DC 20001"
Nguyen Family Wealth Group,Stifel Nicolaus & Company,James Nguyen,,James Nguyen|Betty Brown|Kevin Diaz|David Torres,
Garcia Retirement Solutions Group,Securities America,,,,
Edwards Asset Management Group,Edward Jones,Kenneth Edwards,,,
Diaz Wealth Partners,Merrill Lynch Pierce Fenner & Smith,,,,
Hill Wealth,Crestwood Family Office,,,,"3568 Market Way, Minneapolis, MN 55401"
Wang Tax & Wealth Group,Morgan Stanley Wealth Management,,,Patricia Wang|Kenneth Lee,
Nelson Wealth Management,Summit Peak Advisors,Richard Nelson,,,"2896 Maple Ave, Miami, FL 33101"
Davis Institutional Group,DA Davidson & Co.,Sarah Davis,,Sarah Davis|Ryan Williams|Rachel Anderson,
Davis Wealth Partners,Oppenheimer & Co.,William Davis,,,
Taylor Wealth Management Group,DA Davidson & Co.,Jacob Taylor,,,
Flores Family Wealth Group,National Planning Holdings,Andrew Flores,,,
Phillips Capital,Harborview Private Wealth,,,Robert Phillips|Helen Harris|Amanda Williams|Sandra Nguyen,
Campbell Private Wealth Group,Edward Jones,,,,
Brown & Associates,Ridgeway Wealth Management,,,,
Rivera Private Wealth Group,Morgan Stanley Wealth Management,Linda Rivera,,,
King Advisors,Northgate Investment Partners,Joseph King,,,
Moore Advisory Group,UBS Financial Services,,,,
Zhang Financial Group,Raymond James Financial Services,,,,"7613 Washington Pl, Indianapolis, IN 46201"
Garcia Asset Management Group,Securities America,Mark Garcia,mgarcia@secam.com,Mark Garcia|Paul Smith|Jason Green|Jeffrey Huang|Donald Harris,
Gomez Advisory Group,Oppenheimer & Co.,,,Sandra Gomez|Patricia Reyes,
Williams Family Office,Northgate Investment Partners,,,,
Flores Advisors,Harborview Private Wealth,Jason Flores,,,
Taylor Group,Ridgeway Wealth Management,Kenneth Taylor,,,
Turner Capital Partners,Meridian Private Wealth,Karen Turner,,,
Mitchell Wealth Management,Harborview Private Wealth,,,Amanda Mitchell|Michael Rivera|Edward Torres|Michael Davis|Nancy Torres|Dorothy Evans|Robert Torres,
Diaz Wealth Advisors,Hilliard Lyons,,,Daniel Diaz|Jessica Davis|Brian Baker|Paul Lee,
Gomez Group,Crestwood Family Office,Ryan Gomez,,,
Adams Financial Group,Hilliard Lyons,Lisa Adams,,Lisa Adams|Jessica Yang|Andrew Adams|Amanda Torres|Edward Edwards|William Thomas|Dorothy Garcia,
Yang Investment Group,Merrill Lynch Pierce Fenner & Smith,,,,"4824 Cedar Blvd, Los Angeles, CA 90001"
Baker Private Wealth,Parkside Wealth Strategies,,,,
Wright Asset Management Group,Cambridge Investment Research,Brian Wright,,,"9581 Spring Way, San Jose, CA 95101"
Young Private Client Group,Commonwealth Financial Network,Karen Young,,,
Anderson Investment Group,Securities America,,,Andrew Anderson|Emily Wilson|Ashley Martin|Karen Anderson,
Collins Wealth Management Group,Edward Jones,,,,
Kim Financial Group,Morgan Stanley Wealth Management,Betty Kim,,,
Reyes Tax & Wealth Group,Raymond James Financial Services,,,Emily Reyes|Edward Carter|Joseph Allen,"7343 Cedar Way, San Jose, CA 95101"
Evans Retirement Solutions Group,Morgan Stanley Wealth Management,Betty Evans,betty.evans@morganstanley.com,,
Zhang Financial Group,Merrill Lynch Pierce Fenner & Smith,,,,
Nguyen Capital Group,Cetera Financial Group,,,Karen Nguyen|Helen Garcia|Anthony Reyes|Ashley Stewart|Margaret Khan,"299 Willow Pl, Dallas, TX 75201"
Taylor Private Client Group,Ameriprise Financial Services,,,,
Nguyen Private Wealth Group,National Planning Holdings,,,,
Carter Financial Group,DA Davidson & Co.,,,,"791 River Pkwy, Miami, FL 33101"
Davis & Associates,Kingsbridge Capital Advisors,,,Patricia Davis|Donald Johnson|Joseph Morris|Paul Hall|William Phillips|Jeffrey Torres|Rachel Baker,
Huang Wealth Partners,National Planning Holdings,Sandra Huang,,,
Scott Capital,Harborview Private Wealth,Thomas Scott,,,
Thomas Private Client Group,Merrill Lynch Pierce Fenner & Smith,,,Barbara Thomas|Sarah Huang|Sarah Lee|Edward Khan|Kenneth Thompson|Edward Edwards,
Miller Asset Management,Harborview Private Wealth,Karen Miller,,,"9603 Elm St, Austin, TX 78701"
Miller Advisors,Parkside Wealth Strategies,,,Christopher Miller|Amanda Edwards|Susan Zhang|Jessica Collins|Helen Edwards|Ryan Khan,
Nelson Tax & Wealth Group,Wells Fargo Advisors,,,Margaret Nelson|Ronald Torres|Thomas Lee|Ashley Liu,
Morris Capital Group,Woodbury Financial Services,Susan Morris,morriss@woodburyfs.com,Susan Morris|Mark Wilson,
Moore Group,Meridian Private Wealth,Ronald Moore,,,
Jones Partners,Northgate Investment Partners,,,,"8034 Madison St, Raleigh, NC 27601"
Baker Private Wealth Group,National Planning Holdings,Michael Baker,bakerm@nph.com,,
Gomez Tax & Wealth Group,Woodbury Financial Services,,tony.gomez@woodburyfs.com,Anthony Gomez|Paul Gomez|Lisa Scott|Christopher Zhang|Barbara Morgan|Jason Evans|Donald Rivera,
Miller Retirement Solutions Group,National Planning Holdings,William Miller,,William Miller|Andrew Taylor|Ryan Mitchell,
Miller Tax & Wealth Group,Morgan Stanley Wealth Management,Jason Miller,jmiller@morganstanley.com,Jason Miller|Daniel Adams|Edward Miller|Daniel Chen|Lisa Nguyen|Sandra Jackson,
Flores Private Wealth Group,Cambridge Investment Research,,mflores@cambridgeinv.com,,
Davis Asset Management Group,Oppenheimer & Co.,Linda Davis,,Linda Davis|Andrew Zhang|Sandra Thomas|William Yang|Patricia Cruz,
Smith Institutional Group,Hilliard Lyons,Daniel Smith,dsmith@hl.com,,"8155 Cedar Ln, Baltimore, MD 21201"
Wright Advisory Group,Hilliard Lyons,Matthew Wright,,Matthew Wright|Jason Hall|Paul Morris|Timothy Morgan|Rachel Gomez,
Patel Private Client Group,Robert W. Baird & Co.,,,,"6657 Commerce Pkwy, Austin, TX 78701"
White Institutional Group,Commonwealth Financial Network,Linda White,whitel@commonwealth.com,,
Evans Private Wealth Group,Janney Montgomery Scott,Amanda Evans,,,
Mitchell Capital Group,Cambridge Investment Research,Steven Mitchell,,Steven Mitchell|Nancy Adams,
Adams Financial Group,Oppenheimer & Co.,,adamsn@opco.com,,
Hall Financial Partners,Harborview Private Wealth,,,,
Evans Institutional Group,National Planning Holdings,,,,
Green Capital Group,DA Davidson & Co.,Richard Green,,,
Jones Retirement Solutions Group,Merrill Lynch Pierce Fenner & Smith,,,Ronald Jones|Robert Nelson|George Huang|Sandra Roberts,
Thompson Wealth Management Group,Cambridge Investment Research,Margaret Thompson,,,
Hall Wealth Advisors,Edward Jones,,hallj@edwardjones.com,,"5663 River Pl, Phoenix, AZ 85001"
Jackson Investment Partners,Meridian Private Wealth,Jessica Jackson,,,
Miller Wealth Management,Meridian Private Wealth,Rachel Miller,,,
Green & Associates,Summit Peak Advisors,Kenneth Green,,,
Roberts Capital Partners,Meridian Private Wealth,Daniel Roberts,,Daniel Roberts|Amanda Zhang|Jacob Wang|Sandra Kim|Emily Reyes|Kevin Brown,
Torres Financial Group,Cambridge Investment Research,,,Matthew Torres|Sarah Huang|William Turner|Anthony Zhang|Margaret Thompson,
Diaz Capital,Clearwater Capital Group,,andy.diaz@clearwatercap.com,,
Nelson Capital Partners,Clearwater Capital Group,,,,
Diaz Retirement Solutions Group,Securities America,,,Daniel Diaz|Sarah Phillips,
Yang Asset Management Group,Janney Montgomery Scott,William Yang,,,"6054 Maple Ln, Baltimore, MD 21201"
Martin Capital Partners,Parkside Wealth Strategies,,,,
Thompson Financial Group,LPL Financial,,,,
Johnson Institutional Group,Hilliard Lyons,Kenneth Johnson,ken.johnson@hl.com,,
Nguyen Wealth Management Group,Stifel Nicolaus & Company,Ashley Nguyen,,,
King Tax & Wealth Group,Ameriprise Financial Services,Kevin King,,,
Lee Capital,Parkside Wealth Strategies,Richard Lee,,Richard Lee|Helen Stewart|Sarah Nelson|Ronald Johnson|Ryan Brown|Brian Diaz|Daniel Turner,"4375 Maple Pl, Denver, CO 80201"
Wilson Wealth Management Group,Ameriprise Financial Services,,,,
Morgan Retirement Solutions Group,Cambridge Investment Research,Timothy Morgan,,,
Hill Tax & Wealth Group,Hilliard Lyons,Daniel Hill,,,
Hill Portfolio Group,LPL Financial,,,,
Wang Tax & Wealth Group,Cetera Financial Group,,,Jacob Wang|Matthew Huang|Paul Young,
Nguyen Capital,Crestwood Family Office,,,,
Johnson Investment Partners,Summit Peak Advisors,,,Charles Johnson|Brian Nelson|David Smith|Patricia Wilson|Sarah Edwards|Betty Cruz|Anthony Collins,
Green Family Wealth Group,DA Davidson & Co.,,,Timothy Green|Jennifer Kim,
Wang Capital Group,Stifel Nicolaus & Company,,,Patricia Wang|Nancy Allen|Betty Parker|Karen Wilson|Helen Williams|Rachel Anderson,
Rivera Financial Group,Robert W. Baird & Co.,Christopher Rivera,,,
Young Tax & Wealth Group,Hilliard Lyons,,,,
Zhang Tax & Wealth Group,Raymond James Financial Services,Helen Zhang,,,
Green Wealth,Harborview Private Wealth,,,Dorothy Green|Linda Nelson|Linda Davis|Jason Huang|Charles Davis|Lisa Garcia,
Anderson Retirement Solutions Group,Edward Jones,,,,"2857 Market Rd, Kansas City, MO 64101"
Cruz Wealth,Northgate Investment Partners,,,Linda Cruz|Richard Chen|Sarah Moore|John Garcia|Dorothy Chen|Timothy Parker,
Turner Wealth Partners,Commonwealth Financial Network,Dorothy Turner,,,
King Financial Partners,Kingsbridge Capital Advisors,,kinga@kingsbridgecap.com,Andrew King|David Hill|Steven Anderson|Donald Morgan|Betty Garcia,"1009 Maple Court, Kansas City, MO 64101"
Taylor Asset Management Group,Morgan Stanley Wealth Management,Anthony Taylor,,Anthony Taylor|Jeffrey Khan|Kenneth Yang|Edward Phillips|Thomas Scott,
Chen Private Wealth,Ridgeway Wealth Management,Richard Chen,,Richard Chen|Paul Roberts|Megan Green|David Morris|Sandra Khan,"8499 Commerce Way, Philadelphia, PA 19101"
Anderson Asset Management Group,Hilliard Lyons,Amanda Anderson,,Amanda Anderson|Edward White|Brian Cruz|Timothy Moore|Linda Campbell,
Campbell Wealth,Kingsbridge Capital Advisors,Brian Campbell,,,"4862 Madison Ave, San Francisco, CA 94101"
Roberts Wealth Management Group,Cetera Financial Group,Andrew Roberts,andy.roberts@cetera.com,,
Garcia Private Client Group,Robert W. Baird & Co.,Rachel Garcia,,,
Allen Private Wealth,Highfield Asset Management,Timothy Allen,,,
Martin & Associates,Crestwood Family Office,,,,
Nelson Group,Kingsbridge Capital Advisors,,,,"6737 Commerce Rd, Boston, MA 02101"
Davis Retirement Solutions Group,Morgan Stanley Wealth Management,Matthew Davis,,,
Green Wealth Management Group,Raymond James Financial Services,,,Patricia Green|John Huang|Ashley Gomez|Donald Thomas|Andrew Roberts,"2008 Elm Way, Phoenix, AZ 85001"
Brown Private Wealth,Clearwater Capital Group,,,,
Yang Retirement Solutions Group,Woodbury Financial Services,,,Edward Yang|Sarah Carter|William Thompson|Brian Flores|Patricia Davis|Linda Evans,"8093 Oak Court, San Antonio, TX 78201"
Adams Group,Kingsbridge Capital Advisors,Lisa Adams,,,
Parker Capital Partners,Clearwater Capital Group,,,,
Baker Investment Group,Merrill Lynch Pierce Fenner & Smith,,,,
Scott & Associates,Highfield Asset Management,,,,"2698 Market St, Phoenix, AZ 85001"
Martin Capital Group,Stifel Nicolaus & Company,Linda Martin,,,"5920 Oak Court, Raleigh, NC 27601"
Collins Partners,Ridgeway Wealth Management,,,,
Wang Capital Group,Wells Fargo Advisors,,,,
Zhang Advisory Group,Raymond James Financial Services,,zhangj@raymondjames.com,,
Torres & Associates,Northgate Investment Partners,Margaret Torres,,,
Patel Institutional Group,Ameriprise Financial Services,Susan Patel,,,
Kim Institutional Group,UBS Financial Services,George Kim,,,
Wang Private Wealth,Crestwood Family Office,Sarah Wang,,,
Evans Private Client Group,Edward Jones,,,,
Liu Capital,Crestwood Family Office,,,,
Chen Private Client Group,Robert W. Baird & Co.,,,,"5079 Madison Court, Kansas City, MO 64101"
Scott Wealth,Kingsbridge Capital Advisors,Barbara Scott,,,
Scott Wealth Partners,Woodbury Financial Services,,,Mark Scott|Richard King|Susan Gomez,
Torres Financial Group,Edward Jones,,,Jacob Torres|Sandra Liu,
Jackson Financial Group,Raymond James Financial Services,,,,
Flores Retirement Solutions Group,Commonwealth Financial Network,,,,
Williams Family Wealth Group,Ameriprise Financial Services,Patricia Williams,,,
Allen Capital Group,Wells Fargo Advisors,Karen Allen,,,
Liu Investment Partners,Highfield Asset Management,,,,
Adams Tax & Wealth Group,Janney Montgomery Scott,,,,
King Private Wealth Group,Raymond James Financial Services,,,,
Thompson Institutional Group,Ameriprise Financial Services,Jeffrey Thompson,,Jeffrey Thompson|Kenneth Carter|Brian Davis|Brian Carter|David Thomas|Amanda Mitchell|Emily Morris,"1550 Washington St, Boston, MA 02101"
Campbell Advisory Group,UBS Financial Services,Emily Campbell,,Emily Campbell|Daniel Johnson|Paul Patel|Anthony Harris|Timothy Chen|Rachel Adams,"7896 Main Ave, Denver, CO 80201"
Phillips Capital Group,Merrill Lynch Pierce Fenner & Smith,Jessica Phillips,,Jessica Phillips|Jennifer Green,
Johnson Retirement Solutions Group,LPL Financial,Margaret Johnson,,,
Anderson Wealth Partners,Janney Montgomery Scott,,,Charles Anderson|Amanda King|Robert Stewart|Kevin Diaz,"1568 River Ln, Houston, TX 77001"
Collins Wealth Management Group,LPL Financial,John Collins,john.collins@lpl.com,,
Gomez Advisors,Northgate Investment Partners,,gomezm@northgateinv.com,,
Flores Institutional Group,Commonwealth Financial Network,John Flores,,,
Zhang Institutional Group,Ameriprise Financial Services,,,,
Williams Wealth Management Group,Securities America,Ashley Williams,,,
Gomez Asset Management,Kingsbridge Capital Advisors,Anthony Gomez,,,
Liu Asset Management Group,Securities America,Paul Liu,,Paul Liu|Kevin Martin|Ryan Collins|Ashley Thompson,
King Capital Group,Stifel Nicolaus & Company,George King,,,
Yang Wealth Management Group,Commonwealth Financial Network,James Yang,,,
Scott Family Office,Ridgeway Wealth Management,Joseph Scott,scottj@ridgewaywm.com,,"9951 Lincoln Blvd, Austin, TX 78701"
Scott Advisors,Ridgeway Wealth Management,,,,
Lee Institutional Group,Morgan Stanley Wealth Management,Matthew Lee,,,"6589 Hill Pkwy, Chicago, IL 60601"
Cruz Portfolio Group,National Planning Holdings,,,Edward Cruz|Thomas Martin,
Zhang Advisors,Parkside Wealth Strategies,,zhange@parksidewealth.com,,"8670 Hill Dr, Kansas City, MO 64101"
Martin Institutional Group,Securities America,,,,"9276 Jefferson St, Portland, OR 97201"
Campbell Private Client Group,Commonwealth Financial Network,Karen Campbell,,,"812 Lake St, Portland, OR 97201"
Khan Partners,Highfield Asset Management,Emily Khan,,,
Miller Partners,Kingsbridge Capital Advisors,Kevin Miller,,,
Lee Private Wealth,Clearwater Capital Group,,,,"8614 Lake Ave, Minneapolis, MN 55401"
King Tax & Wealth Group,UBS Financial Services,Nancy King,,,
Brown Wealth Partners,UBS Financial Services,,,,
Nguyen Financial Group,Morgan Stanley Wealth Management,Dorothy Nguyen,,,
Yang Portfolio Group,National Planning Holdings,,,,"2164 Market Rd, Memphis, TN 38101"
Gomez Asset Management Group,Raymond James Financial Services,,,,
Parker Institutional Group,Cambridge Investment Research,,,,
Baker Family Wealth Group,Edward Jones,George Baker,,,
Hall Advisory Group,Ameriprise Financial Services,,,,
Khan Group,Clearwater Capital Group,Jennifer Khan,,Jennifer Khan|Karen Smith,"6258 Lincoln Blvd, Philadelphia, PA 19101"
Johnson Wealth Advisors,Merrill Lynch Pierce Fenner & Smith,,,,
Anderson Capital Group,Robert W. Baird & Co.,,,Jason Anderson|Richard Johnson|Edward Wilson|Nancy Diaz,"9185 Washington Dr, San Antonio, TX 78201"
Wright Advisors,Summit Peak Advisors,Joseph Wright,,,"5098 Lake Pl, San Francisco, CA 94101"
Mitchell Asset Management Group,Edward Jones,,,Matthew Mitchell|Rachel Thomas|Jessica Young|Charles King|Donald Brown|Kevin Patel,"6231 Madison Dr, San Jose, CA 95101"
Zhang Wealth Advisors,Robert W. Baird & Co.,Thomas Zhang,,,
Rivera Private Wealth,Kingsbridge Capital Advisors,,ryan.rivera@kingsbridgecap.com,,
Hill Institutional Group,Robert W. Baird & Co.,,,,"9667 Oak Dr, Memphis, TN 38101"
Green Tax & Wealth Group,Edward Jones,,,,
Adams Wealth Advisors,Merrill Lynch Pierce Fenner & Smith,Andrew Adams,,Andrew Adams|Sandra Adams|Dorothy Green|Margaret Torres,"5860 Oak Way, San Antonio, TX 78201"
King Investment Partners,Summit Peak Advisors,,,,"6364 Washington Way, New York, NY 10001"
Davis Private Wealth Group,Stifel Nicolaus & Company,Richard Davis,,Richard Davis|Jennifer Martin|Kenneth Stewart|Jacob Cruz|Paul Thomas|Timothy Phillips|Thomas Zhang,
Stewart Asset Management,Northgate Investment Partners,,,,
Moore Retirement Solutions Group,Cambridge Investment Research,Ryan Moore,rmoore@cambridgeinv.com,Ryan Moore|Rachel Patel|Helen Morris|Dorothy Reyes|Dorothy Wright|David King,
Green Financial Partners,Meridian Private Wealth,Matthew Green,greenm@meridianpw.com,,
Allen Family Wealth Group,National Planning Holdings,Thomas Allen,,,
Johnson Portfolio Group,Oppenheimer & Co.,,,,
Nguyen Advisors,Meridian Private Wealth,Betty Nguyen,,,"6500 Highland Ln, Los Angeles, CA 90001"
Yang Wealth Partners,Ameriprise Financial Services,Kevin Yang,,,"1627 Cedar Court, Phoenix, AZ 85001"
Nelson Wealth Management Group,Cambridge Investment Research,William Nelson,,,
Yang Retirement Solutions Group,Merrill Lynch Pierce Fenner & Smith,,,Nancy Yang|George Baker|Christopher Phillips|Emily Allen|Rachel Thomas|Barbara Collins|Edward Nelson,
Smith Investment Group,Robert W. Baird & Co.,Matthew Smith,,Matthew Smith|Jennifer Wang|Emily Liu|Linda Nelson|Dorothy Roberts|Robert Stewart,"7402 Lincoln Pkwy, Los Angeles, CA 90001"
Diaz Tax & Wealth Group,Merrill Lynch Pierce Fenner & Smith,,,,
Green Financial Group,Woodbury Financial Services,,,,
Wang Capital Partners,Highfield Asset Management,Anthony Wang,,Anthony Wang|Ryan Miller,
Morgan Capital Group,Cambridge Investment Research,Jacob Morgan,,,"6819 Washington Rd, San Francisco, CA 94101"
Edwards Institutional Group,Merrill Lynch Pierce Fenner & Smith,Kevin Edwards,edwardsk@ml.com,Kevin Edwards|Robert Smith|Steven Davis|Timothy Wang|Thomas King,"7667 Spring Ln, Charlotte, NC 28201"
Nelson Capital Partners,Ridgeway Wealth Management,,,,
Mitchell Family Wealth Group,Janney Montgomery Scott,,,,
Yang & Associates,Harborview Private Wealth,,,,
Brown Private Client Group,Woodbury Financial Services,James Brown,jbrown@woodburyfs.com,,"6283 Park Dr, Raleigh, NC 27601"
Wright Retirement Solutions Group,Morgan Stanley Wealth Management,,wrightj@morganstanley.com,,"3248 Maple Dr, Baltimore, MD 21201"
Williams Family Office,Crestwood Family Office,,,,"8496 Spring Pl, Chicago, IL 60601"
White Advisory Group,Cetera Financial Group,,,,
Liu Advisory Group,UBS Financial Services,William Liu,,William Liu|Christopher Martin|Richard Phillips|Sarah Turner|Ronald Nguyen|Edward Kim,"6835 Commerce Ave, Dallas, TX 75201"
Wilson Private Wealth,Northgate Investment Partners,,,,"2972 Spring Way, Memphis, TN 38101"
Nguyen Wealth Advisors,National Planning Holdings,,,Ashley Nguyen|Kenneth Harris,"3908 Main Dr, Denver, CO 80201"
Morris Advisors,Crestwood Family Office,,,Sandra Morris|Charles Nguyen|Anthony Diaz,
Kim Family Wealth Group,UBS Financial Services,Donald Kim,,,"9898 Spring Blvd, San Francisco, CA 94101"
Jackson Wealth Advisors,Oppenheimer & Co.,Donald Jackson,,,
Thomas Wealth Management Group,Commonwealth Financial Network,,,William Thomas|Anthony Harris|Barbara Garcia|Sandra Reyes|Dorothy Allen|Christopher Reyes,
Green Investment Group,Edward Jones,Donald Green,,Donald Green|Matthew Thompson|Patricia Garcia|Karen Hill|Nancy Taylor|Patricia Adams|Sandra Rivera,"4179 River Pkwy, Dallas, TX 75201"
Green Private Client Group,Woodbury Financial Services,,,Jeffrey Green|David Morris|Kenneth Phillips|Jessica Moore|Helen Reyes,
Nguyen Financial Group,LPL Financial,,,,
Smith Retirement Solutions Group,Edward Jones,,,,
Liu Wealth Management Group,Merrill Lynch Pierce Fenner & Smith,Margaret Liu,,Margaret Liu|Jacob Wang|Ryan Reyes|Lisa Rivera,
Turner Group,Harborview Private Wealth,,,Linda Turner|Donald Harris|Patricia Williams|Karen Turner|Timothy Cruz|John Edwards|George Diaz,
Phillips Financial Group,Raymond James Financial Services,,,Steven Phillips|Christopher Smith|Joseph Morgan|David Diaz|Timothy Wang|Nancy Hill|Timothy Gomez,
Campbell Advisors,Highfield Asset Management,David Campbell,,,
Turner Portfolio Group,Merrill Lynch Pierce Fenner & Smith,Richard Turner,,,"5742 Elm Rd, Miami, FL 33101"
Flores Institutional Group,Cetera Financial Group,Susan Flores,,,"4824 Madison Blvd, Kansas City, MO 64101"
Davis Financial Group,LPL Financial,,,,
Taylor Wealth,Meridian Private Wealth,Kevin Taylor,,,"4902 Lincoln Ave, Los Angeles, CA 90001"
Smith Partners,Northgate Investment Partners,Richard Smith,,,
Nguyen Portfolio Group,Cambridge Investment Research,,,James Nguyen|Megan Green|Jennifer Torres|Edward Liu,"8620 Hill Way, Raleigh, NC 27601"
Lee Advisory Group,Oppenheimer & Co.,,,,"6018 Lincoln Ln, Baltimore, MD 21201"
Reyes Capital,Harborview Private Wealth,,,,
Turner Retirement Solutions Group,Edward Jones,,,,
Parker Retirement Solutions Group,Cetera Financial Group,Patricia Parker,,,
Chen Institutional Group,Merrill Lynch Pierce Fenner & Smith,,,,
Harris Advisory Group,Securities America,Donald Harris,,,"2892 Maple Ave, Raleigh, NC 27601"
Davis & Associates,Highfield Asset Management,George Davis,,,
Stewart Group,Harborview Private Wealth,,,,
Wright Family Wealth Group,Wells Fargo Advisors,David Wright,,,
Brown Portfolio Group,Morgan Stanley Wealth Management,,,,
Miller Asset Management Group,National Planning Holdings,Mark Miller,,Mark Miller|Mark Hall|Edward Nelson|Charles Phillips,"250 Jefferson Pl, Nashville, TN 37201"
Stewart Institutional Group,Janney Montgomery Scott,Charles Stewart,,,
Moore Group,Summit Peak Advisors,,,,
Wang Capital,Clearwater Capital Group,George Wang,,,"453 Lincoln Pl, Nashville, TN 37201"
Kim Advisory Group,Janney Montgomery Scott,Ronald Kim,,Ronald Kim|Michael Zhang|Timothy Allen|Dorothy Diaz|Christopher Roberts|Thomas Adams,
Young Capital,Harborview Private Wealth,,,Patricia Young|Richard Cruz|Charles Nguyen|Sandra Cruz|Christopher Kim|Michael Miller,
Anderson Wealth Management Group,Hilliard Lyons,Patricia Anderson,,Patricia Anderson|Kevin Reyes|Betty Harris,
Harris Asset Management Group,UBS Financial Services,,,Joseph Harris|George Garcia|Jacob Nelson|Brian Nguyen|Paul Turner|Brian Adams|Karen Smith,"8105 Washington Ln, Dallas, TX 75201"
Garcia Private Wealth Group,Wells Fargo Advisors,,,,"8115 Market Dr, Memphis, TN 38101"
Green Investment Partners,Kingsbridge Capital Advisors,Ronald Green,,,
Chen Portfolio Group,Merrill Lynch Pierce Fenner & Smith,,,,
Anderson Wealth Management Group,Woodbury Financial Services,,,,
Torres Wealth Advisors,Cambridge Investment Research,,ken.torres@cambridgeinv.com,,
Phillips Asset Management,Parkside Wealth Strategies,Lisa Phillips,,,
Jackson Portfolio Group,Woodbury Financial Services,Helen Jackson,,,"5982 Elm Pkwy, San Diego, CA 92101"
Moore Wealth Advisors,Cetera Financial Group,,,,
Harris Private Wealth Group,Morgan Stanley Wealth Management,Megan Harris,,Megan Harris|William Wright|Kevin Garcia|Karen Wang|Jennifer Morgan,
Huang Private Client Group,Robert W. Baird & Co.,Charles Huang,,,
Liu Wealth Partners,Cambridge Investment Research,,,,"9747 Commerce Ave, Miami, FL 33101"
Scott Private Client Group,DA Davidson & Co.,,,,
Nguyen Portfolio Group,Raymond James Financial Services,Charles Nguyen,,,"4480 Willow Dr, New York, NY 10022"
Green Wealth Advisors,Janney Montgomery Scott,,,Paul Green|David Turner|David Jones|Jason Harris,
Roberts Wealth Management Group,Merrill Lynch Pierce Fenner & Smith,,,,
Wilson Financial Group,Cambridge Investment Research,,,,
Parker Tax & Wealth Group,Stifel Nicolaus & Company,,jparker@stifel.com,,
Anderson Wealth,Highfield Asset Management,,,,
Torres Private Wealth Group,DA Davidson & Co.,,,Christopher Torres|Andrew Allen,
Martin Advisory Group,Commonwealth Financial Network,Andrew Martin,martina@commonwealth.com,Andrew Martin|Barbara Lee|Robert Kim|Dorothy Yang|Amanda Zhang|Linda Brown|Lisa Smith,
Wright Wealth Partners,Woodbury Financial Services,,,,"5898 Main Pl, Chicago, IL 60601"
Thomas Private Wealth Group,Cetera Financial Group,Linda Thomas,,Linda Thomas|James Moore|Jacob Parker|Steven White|Patricia Hill,"8768 Elm Ln, Denver, CO 80201"
Torres Asset Management Group,Hilliard Lyons,,torresk@hl.com,,
Wilson Asset Management Group,Janney Montgomery Scott,Robert Wilson,bob.wilson@janney.com,,"6998 Spring St, Kansas City, MO 64101"
Carter Financial Group,Cetera Financial Group,,,,
Cruz Retirement Solutions Group,Stifel Nicolaus & Company,,,,
Rivera Investment Group,Raymond James Financial Services,Jason Rivera,,Jason Rivera|George Lee|Sandra Thomas|Joseph Rivera,
Patel Private Client Group,Commonwealth Financial Network,Timothy Patel,,,
Green Partners,Parkside Wealth Strategies,Charles Green,,,
Rivera Asset Management Group,Commonwealth Financial Network,Michael Rivera,mrivera@commonwealth.com,,
Brown Institutional Group,UBS Financial Services,James Brown,,James Brown|Richard Green|Daniel Martin|Linda Torres|Jennifer Allen|Joseph Miller,
Cruz Asset Management,Ridgeway Wealth Management,,,James Cruz|Susan Phillips|Karen Harris|Brian Thompson|Anthony Gomez|Nancy Garcia,
Wilson & Associates,Highfield Asset Management,Richard Wilson,,Richard Wilson|Matthew Thomas|Timothy Adams|Richard Jones|Jessica Evans|Jennifer Allen|Jason Baker,
Mitchell Group,Northgate Investment Partners,,,,"2617 Elm Dr, New York, NY 10022"
Baker Asset Management Group,Cetera Financial Group,,,,
Thomas Group,Summit Peak Advisors,,,,
Nguyen Asset Management Group,Securities America,,,,
Nelson Asset Management,Parkside Wealth Strategies,Barbara Nelson,,,"8702 River Dr, San Diego, CA 92101"
Williams Institutional Group,Stifel Nicolaus & Company,,,Andrew Williams|Brian Harris,"2527 Hill Blvd, Portland, OR 97201"
Mitchell Wealth,Clearwater Capital Group,Anthony Mitchell,,Anthony Mitchell|David Collins|Helen Martin|Jason Wilson,"122 Willow Pkwy, Memphis, TN 38101"
Young Capital Group,Cetera Financial Group,,,,
Gomez Wealth,Northgate Investment Partners,Jacob Gomez,jgomez@northgateinv.com,,
White Family Wealth Group,Raymond James Financial Services,Ashley White,,Ashley White|Dorothy Anderson|Daniel Thomas,
Reyes Investment Group,National Planning Holdings,,,,"4721 River Blvd, New York, NY 10001"
Hill Private Wealth Group,Ameriprise Financial Services,,,,
Garcia Wealth Partners,Stifel Nicolaus & Company,Jacob Garcia,,,
Zhang Group,Clearwater Capital Group,Jennifer Zhang,,,
Turner Asset Management,Harborview Private Wealth,,,,
Moore Partners,Clearwater Capital Group,,mmoore@clearwatercap.com,Margaret Moore|Brian Young|Mark Wang|Edward Nguyen,
Lee Wealth,Ridgeway Wealth Management,Timothy Lee,,,
Yang Partners,Parkside Wealth Strategies,David Yang,david.yang@parksidewealth.com,,
Allen Wealth Management,Ridgeway Wealth Management,,,Edward Allen|Karen Kim|Steven Khan|Timothy Khan|William Patel|James Huang|Charles Morgan,
King Capital,Kingsbridge Capital Advisors,,,,
King Financial Group,DA Davidson & Co.,Lisa King,,,"7044 Madison Pkwy, Seattle, WA 98101"
Hall Wealth Advisors,Cetera Financial Group,Helen Hall,hallh@cetera.com,Helen Hall|David Gomez|Timothy Flores|Susan Roberts|Jacob Edwards,
White Group,Summit Peak Advisors,Jeffrey White,,,
Wang Private Wealth Group,Commonwealth Financial Network,Thomas Wang,,Thomas Wang|Andrew Nelson|Charles Chen,
Kim Family Office,Meridian Private Wealth,,,,
Reyes Wealth Management Group,Raymond James Financial Services,,reyesn@raymondjames.com,,"7058 Oak Ave, Austin, TX 78701"
Johnson Investment Group,Woodbury Financial Services,,,,
Flores Family Wealth Group,Janney Montgomery Scott,,patricia.flores@janney.com,,
Anderson Wealth Advisors,Woodbury Financial Services,Ryan Anderson,,,
Kim Investment Group,Stifel Nicolaus & Company,Sandra Kim,,,
Hill Investment Group,UBS Financial Services,,,,
Torres Portfolio Group,Wells Fargo Advisors,,,,
Morris Tax & Wealth Group,Woodbury Financial Services,James Morris,jmorris@woodburyfs.com,James Morris|Donald Thompson,
Roberts Wealth Management Group,Merrill Lynch Pierce Fenner & Smith,Emily Roberts,,,
Young Asset Management Group,Hilliard Lyons,,,Ryan Young|Ronald Cruz|Richard Wright,
Rivera Private Wealth Group,Cetera Financial Group,,,,"8327 Elm St, Minneapolis, MN 55401"
Garcia Family Wealth Group,Merrill Lynch Pierce Fenner & Smith,Kevin Garcia,,,
Kim Financial Partners,Kingsbridge Capital Advisors,,susan.kim@kingsbridgecap.com,,
Roberts Institutional Group,Merrill Lynch Pierce Fenner & Smith,Charles Roberts,,,
Kim Wealth Partners,Oppenheimer & Co.,Christopher Kim,,,
Nelson Investment Partners,Harborview Private Wealth,,,,"7853 Jefferson Blvd, San Diego, CA 92101"
Adams Private Wealth,Ridgeway Wealth Management,,,Thomas Adams|Barbara Adams|Steven Liu|Edward Williams|Amanda Diaz,"8496 Spring Pl, Boston, MA 02101"
Patel Advisory Group,UBS Financial Services,Jeffrey Patel,jeff.patel@ubs.com,Jeffrey Patel|Emily Hill|William White,
Parker Private Wealth Group,DA Davidson & Co.,Dorothy Parker,,,
Hill Capital Group,Cetera Financial Group,,,,"1156 Spring Pkwy, San Jose, CA 95101"
Williams Portfolio Group,Oppenheimer & Co.,,,,
Thompson Investment Partners,Ridgeway Wealth Management,Sandra Thompson,,,
Huang Family Office,Harborview Private Wealth,,,,
Taylor Advisors,Northgate Investment Partners,,,,
Nguyen Partners,Harborview Private Wealth,Emily Nguyen,,Emily Nguyen|Amanda Moore|Sarah Parker|Jason Stewart|Jeffrey Reyes|Sarah Smith,"9289 Park Ave, Minneapolis, MN 55401"
Kim Investment Group,Raymond James Financial Services,,,,
Stewart Advisory Group,UBS Financial Services,,,,
Torres Retirement Solutions Group,National Planning Holdings,,jtorres@nph.com,,"6060 River Rd, New York, NY 10001"
Flores Family Office,Kingsbridge Capital Advisors,Dorothy Flores,,,
Phillips Investment Group,LPL Financial,Helen Phillips,phillipsh@lpl.com,,
Hall Family Wealth Group,Cetera Financial Group,,,Richard Hall|George Young,
Jackson Advisors,Meridian Private Wealth,Margaret Jackson,,Margaret Jackson|Joseph Scott|Dorothy Flores|Brian Collins|Jeffrey Hill,
Patel Advisory Group,Morgan Stanley Wealth Management,Karen Patel,,,"8415 Hill Rd, Dallas, TX 75201"
Chen Retirement Solutions Group,Raymond James Financial Services,,,,
Green Capital,Parkside Wealth Strategies,,,,
Chen Private Client Group,National Planning Holdings,Betty Chen,,,
Morgan Portfolio Group,Morgan Stanley Wealth Management,,,Kevin Morgan|Jeffrey Reyes,
Turner Institutional Group,Raymond James Financial Services,,,,"5967 Lake Dr, Phoenix, AZ 85001"
Turner Wealth Management Group,Merrill Lynch Pierce Fenner & Smith,,,,
Wang Advisors,Meridian Private Wealth,,,,
Khan Capital,Parkside Wealth Strategies,Ashley Khan,khana@parksidewealth.com,,"3045 Main Blvd, Dallas, TX 75201"
Martin Tax & Wealth Group,Cambridge Investment Research,Jeffrey Martin,,,
Reyes Family Wealth Group,Stifel Nicolaus & Company,David Reyes,,,
Young Financial Group,Securities America,Brian Young,,Brian Young|Daniel Thomas|Edward Zhang|Timothy Thompson,
Gomez Private Client Group,DA Davidson & Co.,Richard Gomez,,Richard Gomez|Sandra Liu|Ashley Green|Megan Stewart|Paul Lee,
Miller Portfolio Group,Oppenheimer & Co.,Amanda Miller,,Amanda Miller|William Adams|Christopher Liu|Robert Rivera|Steven Gomez|Margaret Young|Megan Lee,
Campbell Private Wealth,Highfield Asset Management,Brian Campbell,,,
King Private Wealth Group,Raymond James Financial Services,Jacob King,,Jacob King|Sarah Yang|Mark Carter|William Nguyen|Andrew Phillips|Anthony Campbell,
Carter Wealth Partners,Edward Jones,Richard Carter,,,
Flores Private Wealth Group,UBS Financial Services,Paul Flores,paul.flores@ubs.com,,
Young Capital,Parkside Wealth Strategies,Dorothy Young,,,
Morgan Capital Group,Merrill Lynch Pierce Fenner & Smith,,,,
White Wealth Management Group,Wells Fargo Advisors,John White,whitej@wellsfargoadv.com,,
Liu Private Client Group,UBS Financial Services,Steven Liu,,Steven Liu|Ronald Evans|Nancy Thompson|Ronald Taylor,
Gomez Capital Partners,Parkside Wealth Strategies,,,Thomas Gomez|Kevin Adams|George Davis|Susan Campbell|Donald Roberts,
Hall Wealth Partners,Commonwealth Financial Network,,,,
Zhang Advisors,Kingsbridge Capital Advisors,,,Jeffrey Zhang|Anthony Nelson|Nancy Thomas|Linda Miller|Jennifer Jackson|Rachel Morris|Susan Rivera,
Morris Investment Partners,Meridian Private Wealth,,,,
Rivera Advisory Group,Ameriprise Financial Services,,,,
Anderson Wealth Partners,Morgan Stanley Wealth Management,Dorothy Anderson,danderson@morganstanley.com,,
Jackson Investment Group,Hilliard Lyons,Sandra Jackson,,Sandra Jackson|Paul Torres|Richard Brown|Brian Nguyen|Jason Kim,
Young Advisory Group,Cetera Financial Group,Matthew Young,,Matthew Young|Sandra Miller|Edward Brown|Brian Harris|Joseph White|Joseph Brown,
Roberts Investment Partners,Highfield Asset Management,,,,
Taylor Private Client Group,Commonwealth Financial Network,,,,
Evans Financial Group,Cambridge Investment Research,Ronald Evans,,,
Moore Wealth Management Group,Oppenheimer & Co.,Dorothy Moore,,Dorothy Moore|William Taylor|Edward Morris|James Phillips,
Gomez Wealth Management Group,Hilliard Lyons,Patricia Gomez,,,
Campbell Wealth Advisors,Janney Montgomery Scott,,mark.campbell@janney.com,Mark Campbell|Jennifer Adams|Linda Stewart|Lisa Mitchell|Steven Parker|Linda Martin|Karen Nelson,
Allen Family Wealth Group,Morgan Stanley Wealth Management,Lisa Allen,,,
Parker Investment Group,Cetera Financial Group,Mark Parker,,,
Liu Wealth Advisors,Securities America,Ashley Liu,aliu@secam.com,Ashley Liu|Paul Allen|Matthew Williams|Rachel Campbell|Ronald Wright,
Davis Family Office,Clearwater Capital Group,Amanda Davis,,,
Nelson & Associates,Ridgeway Wealth Management,,,,
Smith Capital Partners,Summit Peak Advisors,,andy.smith@summitpeakadv.com,,
Scott Tax & Wealth Group,Robert W. Baird & Co.,Thomas Scott,,Thomas Scott|Timothy Thompson,"4741 Market Court, Minneapolis, MN 55401"
Thomas Asset Management Group,Raymond James Financial Services,Jason Thomas,,,
Wang Wealth Partners,Wells Fargo Advisors,Steven Wang,,,"9881 Washington Pkwy, Dallas, TX 75201"
Carter Advisory Group,Raymond James Financial Services,,mcarter@raymondjames.com,,
Collins Private Wealth,Parkside Wealth Strategies,,ecollins@parksidewealth.com,,"7773 Madison Way, Austin, TX 78701"
Wang Wealth Partners,Raymond James Financial Services,Amanda Wang,,,
Khan Private Client Group,Morgan Stanley Wealth Management,,dorothy.khan@morganstanley.com,Dorothy Khan|Richard Wright|Megan Miller|Andrew Roberts|Patricia Edwards|Jennifer Huang|Michael Davis,
Cruz Asset Management,Crestwood Family Office,,,,
Evans Family Wealth Group,Morgan Stanley Wealth Management,,,,
Miller Financial Group,Stifel Nicolaus & Company,Anthony Miller,,Anthony Miller|Kenneth Hill,"503 Market Way, Miami, FL 33101"
Lee Advisory Group,Commonwealth Financial Network,Daniel Lee,,,
Parker Advisors,Clearwater Capital Group,Jeffrey Parker,,,
Hill Family Office,Ridgeway Wealth Management,,,,
Diaz Institutional Group,Janney Montgomery Scott,,,,"7382 Willow Blvd, New York, NY 10022"
Jones Investment Group,DA Davidson & Co.,Barbara Jones,,,"2580 Spring Way, Austin, TX 78701"
Jones Tax & Wealth Group,Janney Montgomery Scott,Betty Jones,,,
Scott Portfolio Group,National Planning Holdings,,scottr@nph.com,,
Baker Capital Group,Commonwealth Financial Network,,bakere@commonwealth.com,Edward Baker|Jason Yang|Nancy Morris,
Brown Portfolio Group,Cetera Financial Group,,,William Brown|Megan Turner|John Kim|Daniel King,
Adams Asset Management Group,Wells Fargo Advisors,,,Ronald Adams|Ashley Cruz|Andrew White|Matthew Stewart|Christopher Green,
Khan Financial Partners,Clearwater Capital Group,,,,"3250 Main Ave, Los Angeles, CA 90001"
Huang Private Wealth Group,National Planning Holdings,,,Jessica Huang|Emily Lee|Patricia Rivera,
Evans Tax & Wealth Group,Hilliard Lyons,,,,
Mitchell Capital Group,UBS Financial Services,,,Megan Mitchell|William Huang|Christopher Young|William Mitchell,
Zhang Wealth Advisors,National Planning Holdings,,,,
Brown Investment Group,Oppenheimer & Co.,,,,"3446 Spring St, Nashville, TN 37201"
Chen Private Client Group,Woodbury Financial Services,Ronald Chen,,Ronald Chen|David Liu|Helen Baker|Thomas Thompson|Jason Williams|Richard Williams,
White Institutional Group,Commonwealth Financial Network,,,,
Mitchell Wealth Management,Northgate Investment Partners,,,Matthew Mitchell|Jacob Nguyen|Ronald Wilson|Sandra Edwards|Sandra Carter,
Adams Private Wealth Group,Raymond James Financial Services,Joseph Adams,,,"6124 Park Pl, Austin, TX 78701"
Smith Advisory Group,Merrill Lynch Pierce Fenner & Smith,,,,
Jones Partners,Clearwater Capital Group,,,Michael Jones|Megan Diaz|Donald Young|Thomas Phillips,
Parker Private Wealth Group,DA Davidson & Co.,,,,
Harris Asset Management,Meridian Private Wealth,Brian Harris,,Brian Harris|Margaret Collins|Amanda Hall|Paul Garcia,
Chen Wealth Advisors,Edward Jones,Thomas Chen,,Thomas Chen|Charles Williams|Donald Edwards|Ashley Diaz|Ryan Nelson|Joseph Johnson|Linda Chen,
Thompson Portfolio Group,UBS Financial Services,Paul Thompson,,,"6394 Maple St, Dallas, TX 75201"
Parker Asset Management Group,DA Davidson & Co.,,,,
Khan Financial Partners,Clearwater Capital Group,Steven Khan,khans@clearwatercap.com,Steven Khan|Sandra Huang|Sandra Patel|Jason Kim|Jeffrey Morris|Michael Khan,"9782 Main Pl, Philadelphia, PA 19101"
Nguyen Family Wealth Group,Wells Fargo Advisors,,,,
Thompson Wealth,Summit Peak Advisors,,,,
Phillips Partners,Kingsbridge Capital Advisors,Jacob Phillips,,,
Jackson Family Office,Kingsbridge Capital Advisors,Helen Jackson,,,
Anderson Investment Group,Stifel Nicolaus & Company,,,,
Cruz Retirement Solutions Group,Robert W. Baird & Co.,,,,
Rivera Private Wealth Group,Ameriprise Financial Services,Joseph Rivera,,,
Torres Financial Group,Cetera Financial Group,,,,"4917 Main Blvd, Las Vegas, NV 89101"
Rivera Family Wealth Group,Edward Jones,,,,
Rivera Portfolio Group,Stifel Nicolaus & Company,Emily Rivera,,,"9082 Madison Court, Kansas City, MO 64101"
Young Advisors,Clearwater Capital Group,,,Emily Young|Joseph Edwards|Donald Adams|Jason Liu|Margaret Torres|David Scott|Helen Rivera,"5485 Willow Dr, San Antonio, TX 78201"
Diaz Financial Group,Merrill Lynch Pierce Fenner & Smith,,,Karen Diaz|Jessica Harris|Jacob Wang,"3874 Madison Dr, San Francisco, CA 94101"
Gomez Institutional Group,Cetera Financial Group,,,,"2363 Hill Rd, Las Vegas, NV 89101"
Moore Portfolio Group,Cetera Financial Group,,,,
Morris Wealth Advisors,Cetera Financial Group,,,Steven Morris|John Edwards|Christopher Jones|Thomas Rivera|Susan Wang,
Scott Investment Group,DA Davidson & Co.,Sandra Scott,,,"6691 Highland Dr, Atlanta, GA 30301"
Gomez Wealth Management,Clearwater Capital Group,,,,"1865 Oak Ave, Kansas City, MO 64101"
Young Financial Partners,Clearwater Capital Group,Sandra Young,,,
King Financial Group,Ameriprise Financial Services,,,,"2995 Hill Ave, Denver, CO 80201"
Young Private Wealth,Parkside Wealth Strategies,,,,
Thompson Financial Group,Wells Fargo Advisors,Andrew Thompson,,Andrew Thompson|Megan Morris|Richard Kim|Mark Parker,
Miller Advisory Group,Robert W. Baird & Co.,,,,
Smith Capital Partners,Summit Peak Advisors,Matthew Smith,,,"522 Park Rd, Austin, TX 78701"
Adams Family Office,Harborview Private Wealth,,,,
Nelson Institutional Group,Oppenheimer & Co.,,nelsonp@opco.com,,"8502 Maple Pl, Baltimore, MD 21201"
Patel Asset Management,Parkside Wealth Strategies,Timothy Patel,,,"5302 Highland St, Philadelphia, PA 19101"
Reyes Financial Group,Commonwealth Financial Network,,,,
Martin Portfolio Group,Cetera Financial Group,Ronald Martin,,,
Mitchell Financial Group,Woodbury Financial Services,Lisa Mitchell,mitchelll@woodburyfs.com,,"4940 Lake Ave, Chicago, IL 60601"
Nelson Capital Group,Wells Fargo Advisors,Daniel Nelson,,,"1960 Lincoln Blvd, Austin, TX 78701"
Liu Retirement Solutions Group,Cambridge Investment Research,Anthony Liu,tony.liu@cambridgeinv.com,,
Thompson Capital Partners,Parkside Wealth Strategies,,,Michael Thompson|Emily Liu|Christopher Mitchell,
Turner Private Wealth Group,Edward Jones,Jacob Turner,turnerj@edwardjones.com,,
Wright Private Wealth,Northgate Investment Partners,,,,
Flores Advisory Group,Hilliard Lyons,Jennifer Flores,,,
Hill Private Client Group,Wells Fargo Advisors,Barbara Hill,,,
Stewart Private Wealth Group,UBS Financial Services,Paul Stewart,,Paul Stewart|David Jones|William Rivera|Jason Collins,
Flores Partners,Northgate Investment Partners,,,,
Thomas Wealth Management,Summit Peak Advisors,,bthomas@summitpeakadv.com,,
Miller Wealth Partners,Ameriprise Financial Services,,,,
Mitchell Wealth Advisors,Janney Montgomery Scott,Ronald Mitchell,,,
Hill Private Client Group,National Planning Holdings,,jhill@nph.com,,
Moore Asset Management Group,Stifel Nicolaus & Company,,,,
Roberts Portfolio Group,Oppenheimer & Co.,Ronald Roberts,,,
Zhang Family Wealth Group,Cambridge Investment Research,Helen Zhang,,Helen Zhang|Thomas Morris|James Taylor|Susan Stewart|Joseph Taylor,
Huang Private Wealth Group,Edward Jones,Ashley Huang,ashley.huang@edwardjones.com,,
Reyes Tax & Wealth Group,Cetera Financial Group,Andrew Reyes,,Andrew Reyes|Brian Taylor|Charles Young|Susan Cruz|Anthony Khan|Amanda Collins,"4541 Spring Pkwy, Denver, CO 80201"
Phillips Wealth Partners,Hilliard Lyons,Susan Phillips,,,
Edwards Advisory Group,Morgan Stanley Wealth Management,Kenneth Edwards,,,"3364 Cedar Court, Atlanta, GA 30301"
Taylor Private Wealth Group,Ameriprise Financial Services,Megan Taylor,,,
Gomez Family Wealth Group,Janney Montgomery Scott,,,,"5109 Lincoln Rd, Austin, TX 78701"
Khan Wealth Advisors,Wells Fargo Advisors,,,,
Jackson Wealth,Summit Peak Advisors,,,Mark Jackson|William Yang|Michael Wilson|Barbara Khan,"2500 Washington Way, Houston, TX 77001"
Parker Financial Group,Ameriprise Financial Services,Sandra Parker,,,
Campbell Private Wealth Group,Cambridge Investment Research,,,,
Johnson Retirement Solutions Group,Hilliard Lyons,Daniel Johnson,johnsond@hl.com,,
Kim Family Wealth Group,Hilliard Lyons,Daniel Kim,,Daniel Kim|Rachel Allen,"274 Jefferson Pl, Philadelphia, PA 19101"
Wang Capital Group,Oppenheimer & Co.,Richard Wang,,,"4257 Main Pkwy, Denver, CO 80201"
Huang Group,Clearwater Capital Group,John Huang,john.huang@clearwatercap.com,,
Anderson Capital,Harborview Private Wealth,,,Jeffrey Anderson|Michael King|Richard Zhang|Jessica Thompson|Matthew Diaz|Amanda Stewart|John Wright,
Zhang Private Wealth,Clearwater Capital Group,,,Edward Zhang|Betty Flores|George Parker|Michael Jones|Matthew Lee|Ryan Rivera|Charles Reyes,
Anderson Financial Group,Robert W. Baird & Co.,,,,
Roberts Capital Partners,Harborview Private Wealth,David Roberts,,,
Patel Partners,Northgate Investment Partners,Christopher Patel,,Christopher Patel|Donald Allen|Edward Diaz|Matthew Stewart|Ryan Stewart|Thomas Allen|Michael Nguyen,
Anderson Investment Partners,Harborview Private Wealth,Andrew Anderson,,Andrew Anderson|Paul Liu|Matthew Anderson,
Edwards Financial Group,Janney Montgomery Scott,Steven Edwards,,,
Williams Wealth Management,Clearwater Capital Group,,,,
Patel Investment Partners,Clearwater Capital Group,Jeffrey Patel,,,"1586 Park Rd, Denver, CO 80201"
Wilson Financial Group,LPL Financial,,pwilson@lpl.com,,"9714 Willow Pkwy, San Jose, CA 95101"
Diaz Tax & Wealth Group,Oppenheimer & Co.,,,Jennifer Diaz|Daniel Morris|John Adams|Amanda Nelson|Rachel Roberts|Ronald Green,
Baker Advisors,Crestwood Family Office,,,Betty Baker|Betty Allen|Robert Kim|Mark Morris|Barbara Miller|Margaret Green|Jacob Thompson,
Gomez Wealth Management Group,National Planning Holdings,Betty Gomez,gomezb@nph.com,Betty Gomez|Susan Thomas|Emily Morris|Thomas Wilson|George Wright|Michael Garcia|Kenneth Patel,"2787 Washington Rd, Denver, CO 80201"
Khan Private Wealth,Northgate Investment Partners,Charles Khan,,Charles Khan|Matthew Liu|Daniel Allen,
Anderson Advisory Group,Janney Montgomery Scott,,,,
Jackson Tax & Wealth Group,DA Davidson & Co.,,jacksonr@dadavidson.com,,
Kim Investment Group,Oppenheimer & Co.,,,Ryan Kim|Sandra Phillips|Betty Mitchell|William Scott|Linda Parker|Jeffrey Gomez|John White,"6651 Spring Rd, Raleigh, NC 27601"
Anderson Financial Partners,Highfield Asset Management,Megan Anderson,,,
Wang Wealth,Northgate Investment Partners,Betty Wang,,Betty Wang|Sandra Garcia|Jennifer Nguyen|Brian Anderson,
Young Wealth Partners,Cetera Financial Group,,charles.young@cetera.com,,
Scott & Associates,Summit Peak Advisors,David Scott,,,
Hall Institutional Group,Ameriprise Financial Services,,,,
Davis Private Client Group,Securities America,,davisk@secam.com,,
Gomez Wealth Partners,Oppenheimer & Co.,,,Timothy Gomez|Robert Davis|Linda Nelson|Karen Brown,
Cruz Private Wealth,Highfield Asset Management,,,,
Scott Asset Management Group,LPL Financial,,,,
Wilson Family Wealth Group,Securities America,,,,
Nelson Wealth Management Group,Cambridge Investment Research,,emily.nelson@cambridgeinv.com,,
Anderson Family Wealth Group,DA Davidson & Co.,John Anderson,,,
Zhang Private Client Group,Cambridge Investment Research,,,Jessica Zhang|Ryan Kim|Sandra Thompson,"4093 Oak Pl, Atlanta, GA 30301"
Morgan Capital,Crestwood Family Office,Ronald Morgan,,,
Johnson Private Client Group,Cetera Financial Group,Anthony Johnson,,Anthony Johnson|Kevin King|Richard White|Mark Johnson|Timothy King|Mark Jones,
Reyes Family Wealth Group,Woodbury Financial Services,Andrew Reyes,,,
Moore Capital Partners,Clearwater Capital Group,,,,
Carter Private Wealth,Kingsbridge Capital Advisors,Linda Carter,,,
Evans Capital Group,National Planning Holdings,Christopher Evans,,,
Nguyen Portfolio Group,Securities America,,,,
Morgan Private Client Group,LPL Financial,,,Christopher Morgan|Megan Thompson|Sarah Morgan|Karen Turner|Richard Parker,
Turner Financial Partners,Highfield Asset Management,,eturner@highfieldam.com,,"5306 Highland Court, Denver, CO 80201"
Mitchell Retirement Solutions Group,Janney Montgomery Scott,James Mitchell,,,
Flores Family Office,Kingsbridge Capital Advisors,,,Margaret Flores|Amanda Rivera|David Phillips|Emily Reyes|Margaret Johnson|Sarah Evans,
Roberts Institutional Group,Stifel Nicolaus & Company,Christopher Roberts,,,
Anderson Capital Partners,Meridian Private Wealth,,,,
Harris Institutional Group,Ameriprise Financial Services,Dorothy Harris,,,
Stewart Wealth Management Group,Merrill Lynch Pierce Fenner & Smith,,stewartj@ml.com,,
Mitchell Wealth,Highfield Asset Management,,,,
Green Financial Partners,Kingsbridge Capital Advisors,,,,"2132 Elm Rd, Chicago, IL 60601"
Patel Capital Partners,Parkside Wealth Strategies,Donald Patel,dpatel@parksidewealth.com,,
Morris Advisors,Harborview Private Wealth,,,Linda Morris|Ronald Martin|Emily Thompson|Megan Williams|Ryan Wilson,
Young Wealth Management Group,Raymond James Financial Services,,,,
Adams Institutional Group,Commonwealth Financial Network,,,,
Martin Capital Group,National Planning Holdings,,,,
King Asset Management,Meridian Private Wealth,,,,
White Investment Group,Janney Montgomery Scott,Anthony White,,Anthony White|Emily Wang|Kevin Wang|James Chen|Jeffrey Zhang,
Yang Advisors,Clearwater Capital Group,Susan Yang,,Susan Yang|Barbara Jones|Paul Carter|Jessica Zhang,
Huang Wealth,Crestwood Family Office,,,Jessica Huang|Daniel Edwards|Brian Zhang|Donald White|Ronald Collins|Dorothy Anderson|Robert Phillips,
Thompson Private Wealth Group,Robert W. Baird & Co.,Helen Thompson,hthompson@rwbaird.com,Helen Thompson|Anthony White,
Morris Portfolio Group,Stifel Nicolaus & Company,,morrisr@stifel.com,,
Thomas Capital Partners,Kingsbridge Capital Advisors,,,,
Reyes Capital Partners,Highfield Asset Management,,,Joseph Reyes|Megan Thompson|Linda Turner|Daniel Wright|Barbara Baker,
Diaz Wealth Partners,Cambridge Investment Research,,,Andrew Diaz|Helen Rivera|Kenneth Turner|Ashley Davis|Ryan Anderson|Linda Smith|Sarah Yang,
Hall Investment Group,Cambridge Investment Research,,,,"3029 Madison Rd, Los Angeles, CA 90001"
Jackson Investment Partners,Northgate Investment Partners,Mark Jackson,,,
Zhang Capital,Summit Peak Advisors,Christopher Zhang,,Christopher Zhang|Jacob Reyes|Paul White|Steven Baker|Kenneth Torres,
Wright Family Wealth Group,Raymond James Financial Services,Kenneth Wright,,Kenneth Wright|Betty Morris|Margaret Smith|Ryan Hill|Michael Flores|Lisa Diaz,
Nelson Financial Partners,Summit Peak Advisors,,nelsont@summitpeakadv.com,,
King Asset Management,Summit Peak Advisors,,,,
Baker Partners,Crestwood Family Office,,,,
Davis Financial Group,Ameriprise Financial Services,Andrew Davis,,Andrew Davis|Margaret Lee|Charles Huang|Charles Gomez|Kenneth Roberts|Matthew Carter|David Adams,"2300 Maple Pl, Portland, OR 97201"
Roberts Wealth Advisors,Stifel Nicolaus & Company,,,,
Collins Group,Summit Peak Advisors,,,,
Wright Advisory Group,Ameriprise Financial Services,Karen Wright,,,
Torres Partners,Parkside Wealth Strategies,Barbara Torres,torresb@parksidewealth.com,,"9368 Oak Court, Indianapolis, IN 46201"
Jones Portfolio Group,Merrill Lynch Pierce Fenner & Smith,,,Jeffrey Jones|David Roberts|Dorothy Evans|Brian Thomas|Ryan Jones|Jacob Cruz,
Nelson Financial Group,Cetera Financial Group,,,Paul Nelson|Jennifer Nelson|Susan Morgan|Ronald Stewart|Sandra Liu|John Hill,
Smith Portfolio Group,National Planning Holdings,,,Andrew Smith|Steven Zhang|Mark Gomez,
King Asset Management,Ridgeway Wealth Management,Jacob King,kingj@ridgewaywm.com,,"7599 Park Pkwy, Memphis, TN 38101"
Morgan Capital,Meridian Private Wealth,,,,
Thompson Advisory Group,LPL Financial,Sandra Thompson,,,"3659 Willow St, Raleigh, NC 27601"
Nguyen Partners,Crestwood Family Office,Anthony Nguyen,,Anthony Nguyen|Rachel Lee|Joseph Garcia|Daniel Rivera|Rachel Reyes,
Taylor Private Client Group,Cambridge Investment Research,,,Joseph Taylor|Margaret Thomas|Anthony Garcia|Barbara Torres,
Rivera Private Wealth Group,Commonwealth Financial Network,Steven Rivera,,Steven Rivera|Richard Scott|Karen Allen|William Green|Brian Allen,
Garcia Institutional Group,Stifel Nicolaus & Company,,,Ronald Garcia|Jason Diaz|Sarah Williams|Charles Zhang,"6484 Commerce St, Portland, OR 97201"
Roberts Wealth Management Group,Stifel Nicolaus & Company,Daniel Roberts,,Daniel Roberts|Michael Phillips,
Huang Group,Summit Peak Advisors,Anthony Huang,ahuang@summitpeakadv.com,,
Anderson Private Wealth,Summit Peak Advisors,George Anderson,,George Anderson|Betty Turner|Karen Wang|Steven Evans,
Patel Wealth Management Group,Oppenheimer & Co.,,,John Patel|Margaret Williams|Jessica Nguyen|Timothy Young,"5532 Commerce St, New York, NY 10001"
Reyes Asset Management,Northgate Investment Partners,,,Megan Reyes|David Flores|William Davis,"2881 Cedar St, Phoenix, AZ 85001"
Flores Retirement Solutions Group,Commonwealth Financial Network,,,,
Wilson Capital Group,Commonwealth Financial Network,,,Steven Wilson|Matthew Wilson|Mark Rivera|Thomas Khan|Charles White|George Garcia,
Collins Family Office,Crestwood Family Office,Richard Collins,,Richard Collins|Jason Parker|Kenneth Wright,
Parker Wealth Management,Harborview Private Wealth,Dorothy Parker,,,"8618 Hill Blvd, Denver, CO 80201"
Turner Partners,Highfield Asset Management,Nancy Turner,,,
Baker Retirement Solutions Group,National Planning Holdings,Patricia Baker,,,
Kim Private Wealth,Northgate Investment Partners,Barbara Kim,,,
Jones Private Client Group,Cambridge Investment Research,Steven Jones,,,
Young Investment Group,Securities America,Timothy Young,,,
Thomas Investment Group,DA Davidson & Co.,,thomasb@dadavidson.com,,
Brown Private Client Group,Cambridge Investment Research,Susan Brown,,,
Collins Capital,Clearwater Capital Group,,,Ryan Collins|Andrew Nguyen|Susan Flores|Patricia Nelson|Sarah Wilson,
Smith Wealth,Crestwood Family Office,,,Kenneth Smith|Amanda Phillips|William Brown|Ryan Flores|Thomas Moore|Patricia Lee|Christopher Morris,
Hill Financial Partners,Summit Peak Advisors,Donald Hill,,,"2712 Madison Ln, Memphis, TN 38101"
Davis Family Wealth Group,Raymond James Financial Services,,,Betty Davis|Paul Morris|Sarah Smith|Kevin Davis|Susan Allen|Susan Miller|Jacob Turner,"9699 Elm Dr, Baltimore, MD 21201"
White Institutional Group,Woodbury Financial Services,,,,"7280 Cedar Court, Dallas, TX 75201"
Davis Institutional Group,DA Davidson & Co.,Steven Davis,,,
Huang Capital Group,Woodbury Financial Services,,mhuang@woodburyfs.com,Megan Huang|Richard Huang|Jacob Thompson|Jason Reyes|Paul Yang|Steven Turner|Barbara Wright,
Chen Wealth Partners,Cetera Financial Group,,,,"5943 Main Ave, Los Angeles, CA 90001"
Lee Family Wealth Group,Wells Fargo Advisors,,,,
Gomez Institutional Group,Stifel Nicolaus & Company,Karen Gomez,,Karen Gomez|Dorothy Roberts|Susan Williams|Betty Lee|Kevin Stewart,"9992 Lincoln St, Indianapolis, IN 46201"
Parker Partners,Northgate Investment Partners,,,,
Scott Retirement Solutions Group,Ameriprise Financial Services,,,,
Martin Financial Partners,Harborview Private Wealth,Kevin Martin,,,
Khan Retirement Solutions Group,Securities America,,,Jeffrey Khan|Kevin Hill,
Hall Institutional Group,Oppenheimer & Co.,,,Amanda Hall|Linda Scott|Jennifer Khan|Ashley Yang|Karen Morris|Christopher Taylor|Sarah Johnson,
Gomez Wealth Partners,Wells Fargo Advisors,Matthew Gomez,,,
Hill Investment Partners,Parkside Wealth Strategies,George Hill,,,
Evans Wealth Management,Highfield Asset Management,,,Andrew Evans|Helen Moore|George Thompson,
White Retirement Solutions Group,Morgan Stanley Wealth Management,,lwhite@morganstanley.com,,"3687 Lake Way, San Antonio, TX 78201"
Baker Retirement Solutions Group,Morgan Stanley Wealth Management,,,,"7291 Highland Court, Indianapolis, IN 46201"
Roberts Tax & Wealth Group,DA Davidson & Co.,,,,
Jones Family Wealth Group,Securities America,Lisa Jones,,,
King Private Wealth Group,Commonwealth Financial Network,,,,"9997 Willow Court, San Antonio, TX 78201"
Evans Financial Group,UBS Financial Services,,,Dorothy Evans|John Carter|Ashley Carter,"8245 Madison Ave, Washington, DC 20001"
Yang Private Wealth,Kingsbridge Capital Advisors,Michael Yang,yangm@kingsbridgecap.com,,"7909 Elm Ave, Boston, MA 02101"
Yang Family Wealth Group,National Planning Holdings,,yangs@nph.com,Steven Yang|Betty Jackson|George Adams,
Edwards Institutional Group,Janney Montgomery Scott,,,,
Morris Capital Group,UBS Financial Services,,,,
Johnson Institutional Group,LPL Financial,Daniel Johnson,,,
Anderson Private Wealth Group,Raymond James Financial Services,Jennifer Anderson,,,"5198 Washington Ln, Austin, TX 78701"
Wright Capital Partners,Kingsbridge Capital Advisors,,,,
Miller Capital,Ridgeway Wealth Management,,,,
Thomas Institutional Group,Merrill Lynch Pierce Fenner & Smith,,thomasd@ml.com,,"8262 Highland Dr, Phoenix, AZ 85001"
Torres Portfolio Group,Raymond James Financial Services,,,,
Kim Investment Partners,Parkside Wealth Strategies,Kenneth Kim,,,"1865 Washington Pkwy, Austin, TX 78701"
Evans Tax & Wealth Group,Woodbury Financial Services,Charles Evans,evansc@woodburyfs.com,Charles Evans|George Carter,
Harris Capital Group,Merrill Lynch Pierce Fenner & Smith,,,,
Khan & Associates,Parkside Wealth Strategies,,,Patricia Khan|Susan Roberts|Emily Edwards|Jessica Campbell,
Mitchell Institutional Group,DA Davidson & Co.,Ryan Mitchell,,,
Garcia Financial Group,Cetera Financial Group,,,Nancy Garcia|Nancy Allen|Linda Patel|Jacob Young|Jacob Cruz|Ronald Brown,
Thomas Private Wealth Group,Cambridge Investment Research,,,,"5131 Highland Blvd, Portland, OR 97201"
Rivera Wealth Advisors,Cetera Financial Group,,,,"3021 Willow St, Denver, CO 80201"
Collins Private Wealth,Highfield Asset Management,,mark.collins@highfieldam.com,Mark Collins|Amanda Smith|Robert Kim|Nancy Jackson|Ronald Davis|Andrew Smith|Donald Parker,
Anderson Family Office,Clearwater Capital Group,Jennifer Anderson,,,"3841 Lincoln St, Austin, TX 78701"
Stewart Tax & Wealth Group,Edward Jones,,,Brian Stewart|Paul Chen|Matthew Lee|Jacob Hall|Steven Phillips,
Edwards Asset Management Group,Morgan Stanley Wealth Management,Kevin Edwards,,Kevin Edwards|William Turner|Joseph Davis|Donald Anderson,
Jones Investment Group,LPL Financial,,,Linda Jones|Ronald Hill|Andrew Mitchell|Andrew Young|Emily Martin|Richard Morris|Joseph Hill,
Garcia Asset Management,Clearwater Capital Group,Matthew Garcia,,,
Edwards Private Client Group,Merrill Lynch Pierce Fenner & Smith,,redwards@ml.com,Ryan Edwards|Charles Adams|Megan Morgan|Robert Parker|Barbara Morgan|Matthew Morgan|Anthony Reyes,"1204 Madison Pkwy, San Antonio, TX 78201"
Roberts Wealth Management Group,Oppenheimer & Co.,,,,
Rivera Private Wealth Group,Raymond James Financial Services,,,,"3790 Park Pl, Phoenix, AZ 85001"
Moore Wealth Advisors,Securities America,,,Christopher Moore|John Evans|Jason Taylor|Jason Kim|Sarah Torres|Robert Moore,
Cruz Advisors,Highfield Asset Management,Richard Cruz,,,
Jones Wealth Management Group,National Planning Holdings,Jessica Jones,,,
Nelson Financial Group,Hilliard Lyons,Kevin Nelson,,,"2609 Highland Pl, San Francisco, CA 94101"
Stewart Wealth Management Group,LPL Financial,,karen.stewart@lpl.com,Karen Stewart|Timothy Liu|Jessica Zhang|Mark Hill|Thomas Chen,
Jackson Family Office,Kingsbridge Capital Advisors,,,Lisa Jackson|Nancy Nelson|Karen Wright|Sarah Parker|Betty Wilson,
Jackson Advisors,Crestwood Family Office,Susan Jackson,,Susan Jackson|George Patel|Amanda Torres|Dorothy Carter|Ryan Patel|Margaret Torres|Brian Allen,
Moore Financial Group,Edward Jones,,mooreb@edwardjones.com,,
Anderson Financial Group,Cambridge Investment Research,Sandra Anderson,sanderson@cambridgeinv.com,Sandra Anderson|Paul Stewart|Edward Roberts,"490 Park Ln, Atlanta, GA 30301"
Diaz Family Office,Northgate Investment Partners,,,,
Evans Wealth Advisors,Woodbury Financial Services,Ryan Evans,,,
King Private Wealth,Meridian Private Wealth,David King,,,
Gomez Capital Partners,Parkside Wealth Strategies,Sarah Gomez,,,
Carter Institutional Group,LPL Financial,,,,
Edwards Retirement Solutions Group,Morgan Stanley Wealth Management,Rachel Edwards,,,
Jones Capital,Highfield Asset Management,,,,
Young Group,Kingsbridge Capital Advisors,Sarah Young,,,
Hall Private Wealth,Parkside Wealth Strategies,John Hall,,John Hall|Jennifer Williams|Paul Stewart|Ryan Parker|Dorothy Parker,
Carter Wealth Management Group,Merrill Lynch Pierce Fenner & Smith,,,,
Nguyen Capital Group,Robert W. Baird & Co.,,,,
Thompson Private Wealth Group,Commonwealth Financial Network,,,,
Miller Advisory Group,Raymond James Financial Services,,,Ryan Miller|Jacob Garcia|William Smith,
Stewart Financial Partners,Crestwood Family Office,,,,
Wilson Advisory Group,UBS Financial Services,,,,"1429 Maple Ave, Phoenix, AZ 85001"
Hall Portfolio Group,Edward Jones,,,Timothy Hall|Ashley Anderson,"3148 River Pkwy, Seattle, WA 98101"
Garcia Investment Group,Cambridge Investment Research,,,,
Anderson Retirement Solutions Group,Merrill Lynch Pierce Fenner & Smith,,,Matthew Anderson|Andrew Phillips|Margaret Rivera|Kevin Young|Anthony Green|Steven Lee,
Harris Wealth Advisors,Hilliard Lyons,Jeffrey Harris,,,
Yang Family Wealth Group,Commonwealth Financial Network,,,,
Roberts Investment Partners,Ridgeway Wealth Management,William Roberts,,William Roberts|Ryan Hall|Sarah Mitchell|Jeffrey Thomas,
Taylor Wealth Management Group,Stifel Nicolaus & Company,,,Rachel Taylor|Dorothy Huang|Dorothy Adams|Charles Moore|Jeffrey Morris,
Johnson Retirement Solutions Group,DA Davidson & Co.,Margaret Johnson,johnsonm@dadavidson.com,,
Johnson Asset Management Group,Edward Jones,,,,
Reyes Financial Group,Commonwealth Financial Network,Megan Reyes,,,"7191 Washington Way, Indianapolis, IN 46201"
Collins Financial Group,Merrill Lynch Pierce Fenner & Smith,,,,
Wright & Associates,Kingsbridge Capital Advisors,Christopher Wright,,,
Huang Investment Group,Hilliard Lyons,,,,
Turner Capital Partners,Parkside Wealth Strategies,,,,"4696 Spring Pkwy, Nashville, TN 37201"
Hall Wealth Management,Clearwater Capital Group,,,Donald Hall|Nancy Morris,"7796 Main Pl, Portland, OR 97201"
King Private Wealth Group,Raymond James Financial Services,,,,
Baker Advisors,Northgate Investment Partners,Michael Baker,,,
Lee Private Client Group,Securities America,Matthew Lee,leem@secam.com,Matthew Lee|Matthew Campbell|Barbara Young|Donald Patel|Nancy Green|Ronald Lee|James Allen,
Moore Wealth Partners,Robert W. Baird & Co.,Anthony Moore,amoore@rwbaird.com,,
Adams Private Client Group,LPL Financial,Megan Adams,,,
Moore Capital Group,Commonwealth Financial Network,,,,
Morris Portfolio Group,Oppenheimer & Co.,Emily Morris,,Emily Morris|Thomas Hall|William Kim|William Wilson|Charles Miller|Susan Taylor|Timothy Harris,"745 Market St, Portland, OR 97201"
Torres Capital Group,Merrill Lynch Pierce Fenner & Smith,Ryan Torres,,Ryan Torres|Betty Mitchell|Michael Campbell|Margaret Diaz|Betty Edwards,
Lee Private Wealth Group,Raymond James Financial Services,Helen Lee,,,"3495 Washington Ave, San Francisco, CA 94101"
Diaz Retirement Solutions Group,Morgan Stanley Wealth Management,,,Michael Diaz|Charles Huang|Thomas Rivera,"3794 Oak St, Seattle, WA 98101"
Nguyen Private Client Group,Oppenheimer & Co.,Sarah Nguyen,,Sarah Nguyen|Timothy Edwards|Margaret Carter|William Williams|Matthew Gomez|Robert Jackson|Mark Gomez,
Scott Family Wealth Group,Commonwealth Financial Network,James Scott,,,
Stewart Portfolio Group,Morgan Stanley Wealth Management,,,,"4710 Highland Pl, San Diego, CA 92101"
King Tax & Wealth Group,Oppenheimer & Co.,Matthew King,,,
Nguyen Private Client Group,Wells Fargo Advisors,Robert Nguyen,,,
White Wealth Management,Kingsbridge Capital Advisors,Kevin White,kev.white@kingsbridgecap.com,,"4234 Market St, Philadelphia, PA 19101"
Nguyen Family Wealth Group,Commonwealth Financial Network,,,,
Liu Wealth Management Group,Woodbury Financial Services,Richard Liu,,Richard Liu|Kenneth Adams,
Roberts Investment Group,DA Davidson & Co.,,,,"1693 Willow Dr, New York, NY 10022"
Williams Tax & Wealth Group,Janney Montgomery Scott,,,,"2067 Elm Rd, Dallas, TX 75201"
Liu Capital Partners,Ridgeway Wealth Management,John Liu,,John Liu|Rachel Edwards|Helen Thompson|Paul Johnson|Ronald Roberts,"2960 Cedar Ave, New York, NY 10001"
Reyes Family Wealth Group,Commonwealth Financial Network,William Reyes,,,
Flores Investment Group,Cetera Financial Group,,,,
Parker Wealth Partners,Robert W. Baird & Co.,John Parker,parkerj@rwbaird.com,,
Carter Group,Meridian Private Wealth,Sandra Carter,,,
Mitchell Investment Group,Ameriprise Financial Services,,,,
Nelson Capital Group,DA Davidson & Co.,,,Karen Nelson|David Phillips|Steven Liu|Thomas Wright|Lisa Diaz,
Morris Wealth Advisors,Ameriprise Financial Services,,,Ashley Morris|Charles Phillips|Jennifer Mitchell|Kevin Chen|Jeffrey Taylor|Emily Wilson|Anthony Lee,
Garcia Family Office,Harborview Private Wealth,,,,
Davis Capital Group,Oppenheimer & Co.,,davisl@opco.com,,
Diaz Financial Group,Stifel Nicolaus & Company,Kevin Diaz,,,"2651 Park St, Miami, FL 33101"
Mitchell Institutional Group,Janney Montgomery Scott,,,Anthony Mitchell|Joseph Jackson|Daniel Lee|Jacob Cruz,
Martin Financial Group,Merrill Lynch Pierce Fenner & Smith,William Martin,,William Martin|Kenneth Wright|Nancy Torres|Anthony Allen|Sandra Evans|Rachel Wang,
Evans Portfolio Group,Commonwealth Financial Network,Kevin Evans,,Kevin Evans|John Martin|Ronald Baker|Nancy Morris,
Miller Asset Management Group,Securities America,,,,
Harris Family Wealth Group,Merrill Lynch Pierce Fenner & Smith,,,David Harris|Robert King|Kenneth Carter|Jacob Collins|Ashley Jackson,
Miller Wealth Management Group,Woodbury Financial Services,,,,"2203 Main Court, Washington, DC 20001"
Davis Family Wealth Group,Robert W. Baird & Co.,,,,
Cruz Investment Group,Cetera Financial Group,,,Joseph Cruz|Jacob Stewart|Brian Yang|Daniel Morgan|Nancy Williams,
White Capital Group,Janney Montgomery Scott,Daniel White,,Daniel White|Joseph Miller|Christopher Wilson|Thomas Stewart|Megan Roberts|John Adams|Linda Torres,
Green Partners,Summit Peak Advisors,,,Ronald Green|Robert Thompson|Sandra Carter|William Jones|David Martin,"8704 Willow Court, Portland, OR 97201"
Scott Capital Partners,Highfield Asset Management,George Scott,,George Scott|David Roberts|Daniel Parker,"6675 Lake Blvd, Denver, CO 80201"
Parker Wealth Advisors,Edward Jones,,ashley.parker@edwardjones.com,Ashley Parker|Daniel Gomez|Margaret Davis|Helen Williams|Mark Thomas|Charles Allen|Thomas Stewart,
Smith Private Wealth,Harborview Private Wealth,Betty Smith,,,"1082 Main Ave, Denver, CO 80201"
Huang Capital Partners,Parkside Wealth Strategies,Donald Huang,,,"3598 Commerce Way, Philadelphia, PA 19101"
Turner Wealth Advisors,Securities America,,kev.turner@secam.com,,
Taylor Advisory Group,Merrill Lynch Pierce Fenner & Smith,,,Emily Taylor|Michael Morris|Sandra Williams|Sarah Morgan|Betty Johnson,"6874 Willow Dr, Miami, FL 33101"
Reyes Tax & Wealth Group,Edward Jones,George Reyes,,,
Liu Asset Management Group,Woodbury Financial Services,,,,
Jones Wealth Advisors,Morgan Stanley Wealth Management,Margaret Jones,,,
Zhang Financial Group,Oppenheimer & Co.,Kenneth Zhang,,,
Evans Institutional Group,Securities America,,,Susan Evans|Barbara White|Sarah Kim|Sarah Wang|Donald Roberts|Matthew Scott,"1131 Hill Rd, San Diego, CA 92101"
Lee Capital Group,Janney Montgomery Scott,Matthew Lee,,,
Young Advisors,Northgate Investment Partners,,,,"6022 Highland Court, Atlanta, GA 30301"
Phillips Private Client Group,Stifel Nicolaus & Company,Anthony Phillips,,,
Martin Private Wealth Group,Woodbury Financial Services,,bill.martin@woodburyfs.com,,
Gomez Investment Partners,Parkside Wealth Strategies,Helen Gomez,,,"8474 Madison Dr, Washington, DC 20001"
Anderson Private Wealth Group,Wells Fargo Advisors,Thomas Anderson,andersont@wellsfargoadv.com,,
Cruz Asset Management Group,Wells Fargo Advisors,Jeffrey Cruz,,,"3456 Oak St, New York, NY 10022"
Kim Asset Management,Northgate Investment Partners,,paul.kim@northgateinv.com,,
Stewart Portfolio Group,Merrill Lynch Pierce Fenner & Smith,Emily Stewart,,,
Miller Wealth Management Group,Stifel Nicolaus & Company,Paul Miller,pmiller@stifel.com,,"4012 River Ln, Baltimore, MD 21201"
Stewart Tax & Wealth Group,Ameriprise Financial Services,,,,
Wright Private Wealth,Highfield Asset Management,,,,"439 Market Pkwy, Seattle, WA 98101"
Nguyen Capital,Harborview Private Wealth,,,,
Johnson Institutional Group,Woodbury Financial Services,Patricia Johnson,,,
Nguyen Wealth Management Group,Hilliard Lyons,,,Karen Nguyen|Lisa White|Paul Torres|Steven Baker,
White Retirement Solutions Group,LPL Financial,Christopher White,,,
Garcia Group,Northgate Investment Partners,Mark Garcia,,,
Taylor Wealth Advisors,Cetera Financial Group,,,,
Jones Financial Partners,Harborview Private Wealth,,,William Jones|Helen Morris|Karen Reyes|Daniel Moore|Jessica Kim,
Patel Wealth Management Group,LPL Financial,Donald Patel,dpatel@lpl.com,Donald Patel|Barbara Rivera,
Hill Capital,Highfield Asset Management,Michael Hill,,,
Nelson Advisors,Summit Peak Advisors,Paul Nelson,,Paul Nelson|Ryan Williams|William Nguyen|Thomas Smith|Andrew Nelson|Susan Khan,
Morris Asset Management Group,Commonwealth Financial Network,,,,
Rivera Retirement Solutions Group,Cetera Financial Group,,,Christopher Rivera|Kenneth Davis|Megan Yang|Margaret Nguyen,"8287 Oak Dr, Houston, TX 77001"
Torres Wealth Management Group,DA Davidson & Co.,,,,
Johnson Tax & Wealth Group,Stifel Nicolaus & Company,,,Charles Johnson|Timothy Nelson|Karen Liu|Anthony Nelson|Thomas Flores,
Moore Tax & Wealth Group,UBS Financial Services,,,Donald Moore|Brian Huang|Sandra Jones|Megan Young|Lisa Lee,"1759 Willow St, Dallas, TX 75201"
Baker Wealth Management Group,Cambridge Investment Research,,,,
Turner Wealth Advisors,Cambridge Investment Research,Anthony Turner,,Anthony Turner|Dorothy Scott|Amanda King|Andrew Torres|Michael Khan|Susan Gomez,
Morris Financial Group,Wells Fargo Advisors,,,,
Reyes Institutional Group,Ameriprise Financial Services,Jason Reyes,,,
Roberts Advisory Group,Edward Jones,,,,"6941 Elm Ln, Minneapolis, MN 55401"
Patel Wealth,Crestwood Family Office,Patricia Patel,,Patricia Patel|Dorothy Khan|Jennifer Evans|Jason Torres|Patricia Martin|Emily Carter|Helen Liu,
Wright & Associates,Highfield Asset Management,,,Jeffrey Wright|Megan Morgan|Donald White|John Green,
Wright Wealth Advisors,Commonwealth Financial Network,Paul Wright,,Paul Wright|Steven Miller|Charles Carter|Mark Zhang,
Liu Advisors,Summit Peak Advisors,Mark Liu,,,
Baker Tax & Wealth Group,LPL Financial,Amanda Baker,,Amanda Baker|Charles Flores|Patricia Johnson|Jennifer Torres|Joseph Allen,
Liu Financial Group,Stifel Nicolaus & Company,,,Linda Liu|Andrew Harris|Amanda Khan,"6593 Park Ln, Washington, DC 20001"
Taylor Portfolio Group,LPL Financial,,,,
Green Financial Group,Raymond James Financial Services,,,Jessica Green|Robert Wilson|Andrew Chen,
Cruz Tax & Wealth Group,Hilliard Lyons,Edward Cruz,,Edward Cruz|Jennifer Miller|Robert Gomez|David Williams,"5953 Maple St, Baltimore, MD 21201"
Lee Tax & Wealth Group,Woodbury Financial Services,James Lee,,James Lee|Richard Thompson|Rachel Young|Amanda Chen|Susan Jones,
Young Capital,Clearwater Capital Group,,,,"1164 Hill Blvd, San Francisco, CA 94101"
Baker Private Client Group,LPL Financial,,,Ronald Baker|Betty Flores|Donald Patel|Kenneth Parker|Sarah Jackson|Donald Nelson|Charles Collins,
Garcia Wealth Management Group,Raymond James Financial Services,Robert Garcia,,,
Harris Family Wealth Group,Oppenheimer & Co.,Rachel Harris,,Rachel Harris|George Carter|Jason Gomez|Kenneth Kim|Timothy Jackson|Patricia Diaz|Robert Torres,
Thomas Capital Group,LPL Financial,,,,"1182 Oak Rd, New York, NY 10022"
Stewart Family Wealth Group,Raymond James Financial Services,,,,
Hall Tax & Wealth Group,Cetera Financial Group,David Hall,david.hall@cetera.com,,"5581 Oak Blvd, Houston, TX 77001"
Wright Private Client Group,Hilliard Lyons,,,,
Liu Wealth Advisors,Cambridge Investment Research,Betty Liu,liub@cambridgeinv.com,,
Gomez Institutional Group,Morgan Stanley Wealth Management,,,Margaret Gomez|Emily White|Sarah Chen|Rachel White|Ashley Martin|Kenneth Yang,
Lee Advisors,Kingsbridge Capital Advisors,Robert Lee,,,"9595 Lincoln Rd, San Diego, CA 92101"
Green Wealth Management Group,DA Davidson & Co.,,greenj@dadavidson.com,,
Brown Financial Group,Woodbury Financial Services,George Brown,,George Brown|Donald Kim|Paul Taylor|Joseph King,"9605 Highland Court, Philadelphia, PA 19101"
Reyes Capital Group,DA Davidson & Co.,,reyesh@dadavidson.com,Helen Reyes|Jennifer Diaz,
Johnson Private Wealth Group,Stifel Nicolaus & Company,Patricia Johnson,,,
Mitchell Family Wealth Group,Janney Montgomery Scott,Kenneth Mitchell,mitchellk@janney.com,,
Morgan Private Client Group,Merrill Lynch Pierce Fenner & Smith,Jacob Morgan,,,"4524 Cedar Way, Phoenix, AZ 85001"
Scott Private Client Group,Robert W. Baird & Co.,,,David Scott|Steven Reyes|John Wang|Amanda Khan|Jacob Garcia|William Taylor,
Taylor Wealth Advisors,Raymond James Financial Services,Jennifer Taylor,,,"8862 Commerce Pl, Philadelphia, PA 19101"
Evans Institutional Group,LPL Financial,,,Matthew Evans|Helen Morgan|Dorothy Nguyen|Sarah Diaz|Karen Thomas,
Williams Capital Partners,Highfield Asset Management,,,Robert Williams|Brian Wright|Margaret Stewart|James King,
Garcia Capital,Meridian Private Wealth,Dorothy Garcia,,Dorothy Garcia|Thomas Baker|Linda Carter|Helen Reyes|Ryan Wright|Joseph Evans,
Patel & Associates,Summit Peak Advisors,Robert Patel,,,"5294 River Court, San Antonio, TX 78201"
Martin Retirement Solutions Group,Raymond James Financial Services,Ronald Martin,,,
Allen Family Wealth Group,Merrill Lynch Pierce Fenner & Smith,Linda Allen,,,
Phillips Retirement Solutions Group,Cambridge Investment Research,,phillipsm@cambridgeinv.com,,
White Wealth Management Group,National Planning Holdings,David White,whited@nph.com,,
Huang Group,Parkside Wealth Strategies,Emily Huang,,,"9046 Highland Rd, Dallas, TX 75201"
Brown Investment Group,Robert W. Baird & Co.,Jeffrey Brown,,,
Mitchell Private Wealth Group,Hilliard Lyons,,,Betty Mitchell|Daniel Diaz|Emily Edwards|Helen Edwards,
Turner Financial Partners,Meridian Private Wealth,,,Richard Turner|Barbara Harris|Margaret Smith|Edward Campbell|Paul Roberts|Jason Morgan|Matthew Hall,
Brown Asset Management Group,Securities America,Donald Brown,,,"3557 Lincoln Dr, Las Vegas, NV 89101"
Thompson Advisory Group,National Planning Holdings,,athompson@nph.com,,
Anderson Retirement Solutions Group,Raymond James Financial Services,,,Emily Anderson|Donald Stewart|Robert Reyes,
Hill Investment Group,Merrill Lynch Pierce Fenner & Smith,,,,
Wright Advisory Group,Cetera Financial Group,Richard Wright,,,
Thomas Retirement Solutions Group,Ameriprise Financial Services,George Thomas,george.thomas@ampf.com,George Thomas|George Harris|Linda Hall|Paul Green|Michael Martin|James Green|Dorothy Taylor,
Stewart Financial Group,UBS Financial Services,Michael Stewart,mike.stewart@ubs.com,,"8689 Park Ln, Dallas, TX 75201"
Patel Private Client Group,Morgan Stanley Wealth Management,,,,
Nguyen Wealth Partners,Robert W. Baird & Co.,,,,"2728 Lake Way, Seattle, WA 98101"
Nguyen Advisors,Kingsbridge Capital Advisors,Linda Nguyen,,,
Khan Investment Partners,Ridgeway Wealth Management,,,Susan Khan|Donald Yang,
Khan Advisory Group,Janney Montgomery Scott,,,,
Baker Advisory Group,Oppenheimer & Co.,James Baker,,,
Roberts Capital Group,Woodbury Financial Services,Emily Roberts,,,
Harris Wealth Advisors,Commonwealth Financial Network,,,Ryan Harris|Ronald Jones,
Yang Investment Group,Wells Fargo Advisors,Emily Yang,,,
Torres Private Wealth Group,Edward Jones,,,Anthony Torres|Brian Gomez|Ashley Yang|Anthony Garcia,
Evans Private Wealth Group,Oppenheimer & Co.,Donald Evans,,,
Lee Advisory Group,Morgan Stanley Wealth Management,Linda Lee,,,
Edwards Investment Group,Ameriprise Financial Services,,,Helen Edwards|Matthew Anderson|Christopher White|Jeffrey Williams,
Thomas Advisors,Crestwood Family Office,Daniel Thomas,,,"3338 River Way, Houston, TX 77001"
Morris Tax & Wealth Group,Hilliard Lyons,Kevin Morris,morrisk@hl.com,,
Mitchell Investment Group,Hilliard Lyons,,,,
Thompson Group,Harborview Private Wealth,,thompsonc@harborviewpw.com,Christopher Thompson|Rachel Wright|Ashley Taylor|Megan Mitchell|George Roberts|Anthony Adams,
Evans Retirement Solutions Group,Cetera Financial Group,Daniel Evans,,,
Patel Family Wealth Group,National Planning Holdings,,,,
Mitchell Tax & Wealth Group,Cambridge Investment Research,,,,
Martin Capital Group,Merrill Lynch Pierce Fenner & Smith,Steven Martin,,Steven Martin|Thomas Khan|Mark Edwards,
Campbell Capital,Kingsbridge Capital Advisors,David Campbell,,,
Smith Private Client Group,UBS Financial Services,Ryan Smith,,Ryan Smith|Ryan Stewart|Kevin Gomez,"547 Main St, Raleigh, NC 27601"
Edwards Advisory Group,Merrill Lynch Pierce Fenner & Smith,David Edwards,,,
Nguyen Institutional Group,Hilliard Lyons,Sarah Nguyen,,,
Mitchell Capital Partners,Ridgeway Wealth Management,,,,
Green Financial Group,UBS Financial Services,Barbara Green,,Barbara Green|Nancy Scott|Kevin Wright,
Reyes Wealth Advisors,Merrill Lynch Pierce Fenner & Smith,,,Karen Reyes|Donald Flores,
Rivera Advisory Group,Raymond James Financial Services,,,Paul Rivera|Emily Nguyen|Jason Williams,"5369 Oak Pl, Austin, TX 78701"
Williams Institutional Group,Securities America,,,,
Anderson Capital,Kingsbridge Capital Advisors,,,,"1157 Hill St, New York, NY 10022"
Turner Family Wealth Group,Morgan Stanley Wealth Management,Steven Turner,,,
Hill Investment Partners,Kingsbridge Capital Advisors,,,William Hill|Edward Young|Jason Taylor|Susan Roberts|Brian Parker|George Reyes,
Allen Investment Group,Janney Montgomery Scott,Margaret Allen,,Margaret Allen|Susan Green|Anthony Miller|Kenneth Morgan|Steven Garcia|Dorothy Huang|Robert Lee,
Turner Asset Management Group,DA Davidson & Co.,,,,"2666 Willow Rd, Austin, TX 78701"
Reyes & Associates,Summit Peak Advisors,Mark Reyes,,,"6146 Highland Blvd, San Jose, CA 95101"
Rivera Tax & Wealth Group,National Planning Holdings,Susan Rivera,srivera@nph.com,Susan Rivera|Ronald Rivera|Susan Anderson|Paul Wright|Jason Wilson|Dorothy Evans,
Brown & Associates,Clearwater Capital Group,,,,
Chen Wealth Advisors,Hilliard Lyons,,,Matthew Chen|Charles Khan|Richard Garcia,
Phillips Financial Group,Wells Fargo Advisors,Timothy Phillips,,Timothy Phillips|Donald Gomez|David Turner,
Hall Advisors,Ridgeway Wealth Management,Matthew Hall,,Matthew Hall|Robert Reyes|William Garcia|Ryan Evans|Ryan Rivera,
King Asset Management Group,Commonwealth Financial Network,Ryan King,,Ryan King|Susan Yang|James Smith|Daniel Jackson|John Khan|John Gomez|Richard Wright,
Davis Asset Management,Northgate Investment Partners,,,,"2195 Market St, Miami, FL 33101"
Davis Group,Clearwater Capital Group,Megan Davis,davism@clearwatercap.com,,
Huang Wealth Advisors,Merrill Lynch Pierce Fenner & Smith,Joseph Huang,,,
Gomez Capital,Clearwater Capital Group,John Gomez,,,
Martin Tax & Wealth Group,Merrill Lynch Pierce Fenner & Smith,David Martin,,,
Green Asset Management Group,Commonwealth Financial Network,,,Betty Green|Jacob Zhang|John Williams|Matthew Huang|Michael Campbell,"859 Cedar Ave, Denver, CO 80201"
Torres Family Office,Highfield Asset Management,Anthony Torres,,Anthony Torres|Dorothy Jones|Sarah Stewart|Anthony Miller|Daniel Morgan|Anthony Martin|Jennifer Scott,"6618 Maple St, Portland, OR 97201"
Rivera Wealth Advisors,UBS Financial Services,,,,
Young Group,Clearwater Capital Group,Steven Young,youngs@clearwatercap.com,,
Wright Investment Partners,Northgate Investment Partners,Matthew Wright,,Matthew Wright|Anthony White,
Evans Group,Kingsbridge Capital Advisors,Karen Evans,,Karen Evans|John Phillips|Michael Rivera|Karen Roberts|Rachel Collins|William Khan|Andrew Young,
Kim Wealth Management Group,National Planning Holdings,Daniel Kim,,Daniel Kim|Emily Evans|Kevin Flores|Jacob Evans|Emily Khan|Nancy Huang|Jacob Parker,
Diaz Portfolio Group,Janney Montgomery Scott,Helen Diaz,,,
Moore Capital Group,National Planning Holdings,Donald Moore,,,
Khan Retirement Solutions Group,LPL Financial,Jacob Khan,,,
Morris Asset Management Group,Wells Fargo Advisors,,morrisd@wellsfargoadv.com,Dorothy Morris|Helen Reyes|Mark Campbell|Megan White,
Parker Portfolio Group,Oppenheimer & Co.,,,,
Roberts Portfolio Group,Raymond James Financial Services,,,Ronald Roberts|Betty Gomez|Ryan Scott,
Moore Asset Management Group,Securities America,Edward Moore,,,
Khan Asset Management Group,Securities America,Patricia Khan,,,"1709 Elm Dr, Baltimore, MD 21201"
Thompson Asset Management Group,Edward Jones,Jacob Thompson,,Jacob Thompson|Barbara Thompson|Kevin Yang|Robert Zhang,"8971 Lake Pkwy, Houston, TX 77001"
Baker Private Client Group,Morgan Stanley Wealth Management,,,,
Parker Advisory Group,Merrill Lynch Pierce Fenner & Smith,,,David Parker|Susan Brown|Amanda Diaz|Paul Garcia|Andrew Turner,
Zhang Family Wealth Group,Woodbury Financial Services,,,,"5365 Jefferson Ln, New York, NY 10022"
Thompson Partners,Kingsbridge Capital Advisors,Paul Thompson,,,
Hill Private Client Group,Raymond James Financial Services,,,,"6844 Elm Pkwy, Baltimore, MD 21201"
Huang Financial Group,Merrill Lynch Pierce Fenner & Smith,,,Jeffrey Huang|Ronald Kim|Megan Jones|Jacob Morgan|Steven Johnson|Betty Kim,
Mitchell Wealth Partners,Cambridge Investment Research,,,,
Collins Tax & Wealth Group,Oppenheimer & Co.,Lisa Collins,,,
Davis Advisory Group,Morgan Stanley Wealth Management,,,,
Mitchell Wealth Partners,Merrill Lynch Pierce Fenner & Smith,,,George Mitchell|Michael Moore|Betty Young|Barbara Williams,
Green Investment Partners,Clearwater Capital Group,,,,"4765 Lake Way, New York, NY 10022"
Stewart Private Client Group,Raymond James Financial Services,Dorothy Stewart,,,"8286 Market Blvd, Baltimore, MD 21201"
Garcia Tax & Wealth Group,LPL Financial,,,,
Wright Family Wealth Group,National Planning Holdings,,,,
Mitchell Institutional Group,Cambridge Investment Research,Daniel Mitchell,,,
Hill & Associates,Kingsbridge Capital Advisors,,,Sandra Hill|Donald Yang|Betty Campbell|Jacob Khan|Charles Huang,
Torres Financial Partners,Summit Peak Advisors,,,,"136 Highland Blvd, Charlotte, NC 28201"
Taylor Private Wealth Group,Oppenheimer & Co.,Edward Taylor,,,
Morgan Tax & Wealth Group,Cambridge Investment Research,,bmorgan@cambridgeinv.com,,
Green Portfolio Group,Robert W. Baird & Co.,,,,
Edwards Family Wealth Group,UBS Financial Services,,edwardsm@ubs.com,,
Evans Asset Management,Meridian Private Wealth,Jeffrey Evans,,,"9169 Maple Ave, Memphis, TN 38101"
Garcia Private Wealth,Kingsbridge Capital Advisors,Ashley Garcia,,,
Morgan Private Wealth Group,Robert W. Baird & Co.,,,Nancy Morgan|Nancy Mitchell|Charles Zhang|Amanda Roberts|Sandra Rivera,"1140 Jefferson Way, Kansas City, MO 64101"
Zhang Investment Group,Commonwealth Financial Network,,,,
Torres Partners,Kingsbridge Capital Advisors,,torresd@kingsbridgecap.com,,
Davis Investment Group,Morgan Stanley Wealth Management,,,,
Hill Advisory Group,Ameriprise Financial Services,Rachel Hill,,,
Yang Tax & Wealth Group,Edward Jones,,,Jessica Yang|David Cruz|Edward Wang|Sarah Anderson,"9481 Cedar Pl, St. Louis, MO 63101"
Wright Family Wealth Group,Securities America,,,Ryan Wright|Christopher Hill|Rachel White|Ronald White|Jennifer Campbell|Megan Patel,"8018 Spring Ln, Phoenix, AZ 85001"
Miller Advisors,Ridgeway Wealth Management,,,,"8365 Highland Ln, Chicago, IL 60601"
Nguyen Retirement Solutions Group,Cambridge Investment Research,,,,
Evans Private Wealth Group,Janney Montgomery Scott,,,,
Garcia Retirement Solutions Group,Robert W. Baird & Co.,,,,"6067 Lincoln Rd, Philadelphia, PA 19101"
Reyes Investment Group,Wells Fargo Advisors,,,,"6098 Park Ln, Las Vegas, NV 89101"
Huang Institutional Group,Raymond James Financial Services,,,,
Gomez Wealth Advisors,Wells Fargo Advisors,,,Ronald Gomez|Ryan Baker|James Thompson,
Harris Retirement Solutions Group,Hilliard Lyons,,,Thomas Harris|Jennifer Carter|Jacob Green,
King Retirement Solutions Group,Cetera Financial Group,,,,
Wright Family Wealth Group,Oppenheimer & Co.,Barbara Wright,,,
Wilson Wealth Partners,LPL Financial,Barbara Wilson,,,
Torres Institutional Group,Raymond James Financial Services,,,,
Jones Advisory Group,Oppenheimer & Co.,,sarah.jones@opco.com,Sarah Jones|Kevin Turner|Sandra Carter,"191 Spring Way, San Jose, CA 95101"
Cruz Wealth,Crestwood Family Office,,dcruz@crestwoodfo.com,,
Green Capital Partners,Harborview Private Wealth,,,,
Stewart Group,Meridian Private Wealth,Barbara Stewart,,Barbara Stewart|Susan Jackson|Helen Jones|Michael Liu,"2847 Willow Rd, St. Louis, MO 63101"
Collins Asset Management,Summit Peak Advisors,,,Daniel Collins|Matthew Phillips|Charles Liu,
Smith & Associates,Clearwater Capital Group,,,Brian Smith|David Campbell,
Martin Financial Group,Stifel Nicolaus & Company,,margaret.martin@stifel.com,,"2723 Highland Way, Philadelphia, PA 19101"
Yang Private Wealth,Summit Peak Advisors,,,Daniel Yang|Helen Turner|Paul Baker|Thomas Nguyen,
Williams Capital Group,Raymond James Financial Services,,,Emily Williams|Jeffrey Nelson|Nancy Yang|George Carter|Donald Reyes|Richard Hill|Michael Carter,
Collins Capital Partners,Meridian Private Wealth,,,Daniel Collins|Anthony Thomas|Ashley Patel|Timothy Reyes|Anthony Kim|Emily Diaz|Rachel Anderson,"2081 Commerce Blvd, Memphis, TN 38101"
King Capital,Clearwater Capital Group,,,John King|Jason Green,
Parker Wealth Management,Summit Peak Advisors,Sarah Parker,,,
Edwards Advisors,Kingsbridge Capital Advisors,,,,
Stewart Tax & Wealth Group,Ameriprise Financial Services,,,,
Roberts Private Client Group,Robert W. Baird & Co.,,,,
Parker Tax & Wealth Group,Oppenheimer & Co.,,parkerd@opco.com,,"9863 Market Way, San Francisco, CA 94101"
Wang Wealth Advisors,National Planning Holdings,,,,"4081 Elm St, Houston, TX 77001"
Reyes Private Client Group,Hilliard Lyons,Betty Reyes,,,
Phillips Private Client Group,Securities America,,,,"7728 Market Court, Denver, CO 80201"
Rivera Capital Group,Hilliard Lyons,,,George Rivera|Matthew Johnson,
Harris Tax & Wealth Group,Robert W. Baird & Co.,Kenneth Harris,harrisk@rwbaird.com,,
Johnson Financial Partners,Highfield Asset Management,,johnsond@highfieldam.com,David Johnson|John Garcia|Kenneth Thomas|Patricia Thompson|Brian Huang|Jeffrey Rivera|Matthew Brown,
Wang Wealth Management Group,Woodbury Financial Services,Matthew Wang,,Matthew Wang|Linda Garcia|Megan Davis|Charles Hill|Michael Turner|Charles Reyes,
Jackson Investment Group,Raymond James Financial Services,Joseph Jackson,,,"2034 Jefferson Ln, Boston, MA 02101"
Wang Investment Group,Wells Fargo Advisors,,,,
Kim Portfolio Group,Stifel Nicolaus & Company,Matthew Kim,,,
Khan Investment Partners,Highfield Asset Management,George Khan,,,
Cruz Family Office,Summit Peak Advisors,Helen Cruz,hcruz@summitpeakadv.com,Helen Cruz|Thomas Moore|Megan Young|Nancy Wilson,"8698 Spring St, Houston, TX 77001"
Thomas Family Wealth Group,Morgan Stanley Wealth Management,,,,
Morgan Private Wealth Group,Commonwealth Financial Network,John Morgan,,,
Jackson Partners,Parkside Wealth Strategies,,,,
Thompson Wealth Management Group,Securities America,,,Linda Thompson|Sandra Green|James Taylor|Patricia Carter,
Johnson Family Office,Meridian Private Wealth,Rachel Johnson,,,
Lee Tax & Wealth Group,Robert W. Baird & Co.,Christopher Lee,,,
Hall Portfolio Group,Hilliard Lyons,Betty Hall,,,
Chen Investment Group,Janney Montgomery Scott,,,Sandra Chen|Dorothy Green|James Davis|Robert Carter,
Davis Private Client Group,UBS Financial Services,,,Jacob Davis|Margaret Carter|Mark Miller|Ashley Hill|Paul Morris|David Hall|Christopher Green,"8524 Oak Dr, Chicago, IL 60601"
Mitchell Wealth Management Group,Cambridge Investment Research,Robert Mitchell,,,
Flores Financial Group,Cambridge Investment Research,,floresr@cambridgeinv.com,Robert Flores|David Brown|Andrew Torres|Susan Thompson,
Thomas Private Client Group,Commonwealth Financial Network,Kenneth Thomas,,,
Martin Financial Group,Cetera Financial Group,,,Megan Martin|George Khan|Jacob Thomas,"586 Cedar Court, Philadelphia, PA 19101"
Taylor Retirement Solutions Group,Woodbury Financial Services,Betty Taylor,,Betty Taylor|Charles Garcia|Lisa Gomez|William Campbell|Donald Chen,"7300 Hill Ln, St. Louis, MO 63101"
Zhang Financial Group,Raymond James Financial Services,Ronald Zhang,,,
Brown Capital Partners,Summit Peak Advisors,Joseph Brown,,,
Gomez Advisors,Kingsbridge Capital Advisors,,gomezs@kingsbridgecap.com,Steven Gomez|Ryan Edwards|Timothy Turner|Ronald Thompson|Emily Smith|Sarah Harris,
Jones Private Wealth,Ridgeway Wealth Management,,tjones@ridgewaywm.com,Timothy Jones|Rachel Allen,
Lee Capital Partners,Kingsbridge Capital Advisors,,,,"6571 Market Way, Minneapolis, MN 55401"
Miller Family Office,Crestwood Family Office,,,,
Harris Advisory Group,National Planning Holdings,,,Paul Harris|Ronald Rivera|George Gomez|Megan Young|Rachel Roberts|Joseph Evans|Ashley Khan,
Collins Retirement Solutions Group,Morgan Stanley Wealth Management,,,,
Brown Retirement Solutions Group,Merrill Lynch Pierce Fenner & Smith,,,Margaret Brown|David Harris|Karen Cruz|Ronald Morris|Amanda Roberts|Barbara Phillips,
Gomez Financial Group,Cambridge Investment Research,,,,
Turner Portfolio Group,Securities America,,,,
Allen Wealth Advisors,DA Davidson & Co.,,,,
Torres Financial Group,Ameriprise Financial Services,Barbara Torres,,,
Chen Capital,Ridgeway Wealth Management,,,David Chen|Ryan Diaz,
Kim Capital,Ridgeway Wealth Management,,,David Kim|Megan Parker|Sandra Carter,"8470 Commerce Pkwy, Portland, OR 97201"
Moore Capital Partners,Highfield Asset Management,Barbara Moore,,,
Green Wealth Management Group,Wells Fargo Advisors,Lisa Green,,,
Nguyen Capital Group,Oppenheimer & Co.,,,,
Chen Wealth Management,Kingsbridge Capital Advisors,,,,"6265 Highland Dr, Charlotte, NC 28201"
Wright Private Wealth Group,Raymond James Financial Services,,,,
Smith Wealth Advisors,Securities America,,,Thomas Smith|Ronald Rivera|Mark Evans|Robert Liu|Sandra Wilson|Steven Hill,
Morris Wealth Advisors,Commonwealth Financial Network,Charles Morris,,Charles Morris|David Allen,
Chen Private Wealth Group,Merrill Lynch Pierce Fenner & Smith,,,,
Flores Tax & Wealth Group,Commonwealth Financial Network,,,Jason Flores|Sarah Carter|Barbara Miller|Betty Wright,
Johnson Capital,Northgate Investment Partners,,rjohnson@northgateinv.com,,"6003 Hill Rd, St. Louis, MO 63101"
Edwards Wealth Partners,UBS Financial Services,,,,
Martin Portfolio Group,Raymond James Financial Services,,rmartin@raymondjames.com,Ronald Martin|James Huang|Betty Nelson|Helen Moore|Richard Thompson|David Adams|Paul Flores,
Patel Advisory Group,Cambridge Investment Research,Richard Patel,,,
Edwards Wealth Management,Summit Peak Advisors,Donald Edwards,,,
Brown Wealth,Summit Peak Advisors,George Brown,,George Brown|Edward Morgan,
Harris Family Wealth Group,Commonwealth Financial Network,,,Karen Harris|David Green|Edward Reyes|Michael White|Megan Mitchell,
Carter Financial Partners,Northgate Investment Partners,,,Jacob Carter|Brian Wilson|Richard Rivera|Rachel Martin|Sarah Torres|Megan Brown|Nancy Hall,
Johnson Portfolio Group,Morgan Stanley Wealth Management,Michael Johnson,,,
Huang Asset Management,Highfield Asset Management,Jeffrey Huang,,Jeffrey Huang|Steven Taylor|James Lee|Kenneth King|Sandra Huang,
Morris Financial Group,Hilliard Lyons,,,,
Green Investment Group,Woodbury Financial Services,,,,
Miller Asset Management Group,Janney Montgomery Scott,,,Michael Miller|Ronald Kim,
Taylor Capital,Ridgeway Wealth Management,,,,
King Portfolio Group,Raymond James Financial Services,Ryan King,,Ryan King|Timothy Miller|David Torres|Barbara Lee,
Khan Wealth Advisors,Robert W. Baird & Co.,,,,
Anderson Portfolio Group,Edward Jones,,,,
Flores Private Client Group,Raymond James Financial Services,Timothy Flores,,,
Scott Family Wealth Group,Stifel Nicolaus & Company,Sandra Scott,,,
Carter Family Wealth Group,Wells Fargo Advisors,George Carter,,,
Young & Associates,Kingsbridge Capital Advisors,Karen Young,,,
Kim Family Wealth Group,Edward Jones,,,,
Young Institutional Group,Stifel Nicolaus & Company,,,,
Brown Financial Partners,Kingsbridge Capital Advisors,Jessica Brown,,,
King Family Wealth Group,Woodbury Financial Services,,,,
Williams Retirement Solutions Group,Janney Montgomery Scott,James Williams,,,
Torres Investment Partners,Parkside Wealth Strategies,George Torres,,,
Smith Institutional Group,Securities America,,rsmith@secam.com,,
Gomez Wealth Advisors,National Planning Holdings,Sandra Gomez,,Sandra Gomez|Patricia Gomez|Ronald Wilson|Patricia Miller,
Cruz Investment Group,Robert W. Baird & Co.,,,,
White Portfolio Group,Securities America,Brian White,,,
Carter Capital Partners,Kingsbridge Capital Advisors,,,,
Roberts Wealth Advisors,UBS Financial Services,Timothy Roberts,tim.roberts@ubs.com,,
Liu Wealth Management Group,Stifel Nicolaus & Company,,,Daniel Liu|Joseph Williams|John Rivera|Kevin Phillips|George Huang,
Baker Family Wealth Group,Securities America,Edward Baker,,,
Harris Tax & Wealth Group,UBS Financial Services,Jason Harris,jharris@ubs.com,Jason Harris|Rachel Rivera,
Patel Capital Partners,Northgate Investment Partners,,,,"4627 Highland Blvd, Indianapolis, IN 46201"
Smith Advisory Group,Wells Fargo Advisors,,bob.smith@wellsfargoadv.com,,"376 Lincoln Blvd, San Francisco, CA 94101"
Johnson Tax & Wealth Group,Merrill Lynch Pierce Fenner & Smith,,jjohnson@ml.com,,
Hill Private Wealth,Highfield Asset Management,,,Brian Hill|Andrew Smith|Ashley Mitchell|Edward Wright,
Hill Portfolio Group,Oppenheimer & Co.,,,,
Thomas Asset Management Group,Securities America,,,,
Patel Wealth Management Group,Woodbury Financial Services,Dorothy Patel,,,
Torres Wealth Management Group,Woodbury Financial Services,William Torres,,William Torres|Emily Nelson,"6178 Madison Blvd, Minneapolis, MN 55401"
Johnson Group,Highfield Asset Management,Nancy Johnson,,,
Zhang Institutional Group,Hilliard Lyons,Dorothy Zhang,dzhang@hl.com,,
Jones Financial Partners,Parkside Wealth Strategies,,,,
Collins Private Wealth Group,Ameriprise Financial Services,,,,
Carter Capital,Ridgeway Wealth Management,Brian Carter,,Brian Carter|Christopher Moore|Megan Baker|Jessica Parker,
Gomez Private Wealth Group,Oppenheimer & Co.,,,,"7460 Hill Pl, New York, NY 10022"
Torres Capital Partners,Ridgeway Wealth Management,Andrew Torres,,,
Hill Advisory Group,Merrill Lynch Pierce Fenner & Smith,Kevin Hill,,,
Wang Wealth Advisors,Cambridge Investment Research,Christopher Wang,,Christopher Wang|Susan Diaz|Susan Anderson|Christopher Edwards|Steven Collins,"5475 Hill St, Portland, OR 97201"
Garcia Investment Group,Ameriprise Financial Services,,,,"6976 Lincoln Court, Los Angeles, CA 90001"
Morris Partners,Kingsbridge Capital Advisors,,,,"1598 Willow St, Chicago, IL 60601"
Stewart Private Wealth,Crestwood Family Office,Robert Stewart,,,
Gomez Capital Group,Merrill Lynch Pierce Fenner & Smith,,,Sandra Gomez|David Liu|Barbara Roberts|Kenneth Carter|Timothy King|Ronald Young|Mark Khan,
Khan Wealth Management,Kingsbridge Capital Advisors,,,Charles Khan|Margaret Scott|Thomas Phillips,
Baker Private Client Group,Robert W. Baird & Co.,,,Paul Baker|Charles Baker|Matthew Khan|Kenneth Khan|Jessica Garcia|Anthony Yang,
Morgan Wealth,Northgate Investment Partners,,,Jason Morgan|George Evans|Betty White|Edward Anderson|William Nelson|Andrew Jackson,
Torres Capital Partners,Highfield Asset Management,,,,
Mitchell Family Office,Meridian Private Wealth,Paul Mitchell,,,
King Private Client Group,Janney Montgomery Scott,Daniel King,,Daniel King|Michael Wright|Jennifer Brown|Ashley Lee|Ashley Kim|Paul Collins,"3833 River Ln, Charlotte, NC 28201"
Torres Financial Group,UBS Financial Services,Betty Torres,,,
Phillips Partners,Clearwater Capital Group,,,,
Miller Wealth,Highfield Asset Management,Mark Miller,,,
Turner Wealth Management Group,LPL Financial,Christopher Turner,chris.turner@lpl.com,,"6753 Willow Dr, Atlanta, GA 30301"
Wilson Investment Group,Merrill Lynch Pierce Fenner & Smith,,,,"7271 Spring Pkwy, Portland, OR 97201"
Morris Financial Partners,Meridian Private Wealth,Margaret Morris,,,
Williams Financial Group,Woodbury Financial Services,,,,
Diaz Partners,Ridgeway Wealth Management,Karen Diaz,,,
Yang Portfolio Group,Edward Jones,,ron.yang@edwardjones.com,,
Evans Family Wealth Group,UBS Financial Services,Barbara Evans,,Barbara Evans|Richard White|Brian Wright|Amanda Evans|Daniel Mitchell|Lisa Scott,
Harris Private Wealth,Northgate Investment Partners,Ryan Harris,rharris@northgateinv.com,Ryan Harris|Robert Brown,"9391 Elm St, San Jose, CA 95101"
Roberts Portfolio Group,Cetera Financial Group,Linda Roberts,,,
Baker Asset Management,Harborview Private Wealth,,,Donald Baker|Andrew Allen|Rachel Edwards|Karen Huang|Mark Johnson|James Hill,"4475 Elm Dr, Atlanta, GA 30301"
Nguyen Private Client Group,Commonwealth Financial Network,Dorothy Nguyen,,,
Nelson Wealth Advisors,Janney Montgomery Scott,,,,
Patel Wealth Management Group,Morgan Stanley Wealth Management,Jeffrey Patel,,,
Wang Asset Management Group,Securities America,,helen.wang@secam.com,,
White Private Client Group,DA Davidson & Co.,,,,
Adams Private Wealth,Summit Peak Advisors,,,,
Khan Partners,Highfield Asset Management,,,Daniel Khan|Steven Nelson,"2417 Willow Pl, San Francisco, CA 94101"
Edwards Portfolio Group,Ameriprise Financial Services,,john.edwards@ampf.com,John Edwards|Christopher White|Timothy Morris|Helen Smith,
Green Family Wealth Group,LPL Financial,,,,
Miller Private Client Group,Wells Fargo Advisors,Sandra Miller,,,
Stewart Financial Group,Oppenheimer & Co.,,,Emily Stewart|Timothy Brown,"7807 Cedar Ln, Phoenix, AZ 85001"
Wright Advisors,Northgate Investment Partners,,,,
Wright Tax & Wealth Group,Cambridge Investment Research,Paul Wright,,Paul Wright|Christopher Reyes|Ryan Baker,"5195 Oak Ave, Boston, MA 02101"
Brown Investment Group,LPL Financial,,,,"9130 River Court, Philadelphia, PA 19101"
Thompson Wealth Partners,Robert W. Baird & Co.,,,,
Wilson Family Wealth Group,Morgan Stanley Wealth Management,,,,
Hall Private Wealth,Harborview Private Wealth,Ashley Hall,,,
Garcia Asset Management Group,Raymond James Financial Services,Barbara Garcia,,Barbara Garcia|James Cruz|Michael Scott,"5596 Oak Ln, Portland, OR 97201"
White Capital Partners,Harborview Private Wealth,Megan White,,,
Morgan Private Wealth Group,Stifel Nicolaus & Company,Thomas Morgan,,,
Patel Wealth Management Group,Edward Jones,Joseph Patel,,,"4419 Highland Rd, San Antonio, TX 78201"
Smith Wealth Advisors,Cetera Financial Group,,,,
Garcia Portfolio Group,DA Davidson & Co.,,,,
Adams Family Office,Kingsbridge Capital Advisors,Robert Adams,,,"6514 River Pkwy, Philadelphia, PA 19101"
Nguyen Investment Group,Raymond James Financial Services,Christopher Nguyen,chris.nguyen@raymondjames.com,,
Wright Institutional Group,Raymond James Financial Services,Jeffrey Wright,wrightj@raymondjames.com,,
Turner Partners,Meridian Private Wealth,,,,
Garcia & Associates,Parkside Wealth Strategies,,,Timothy Garcia|Jennifer Khan|Donald Liu|Thomas Reyes|Andrew Nelson|Daniel Liu,"9943 Lincoln Rd, Washington, DC 20001"
Brown Capital Group,Hilliard Lyons,,,,
Collins Retirement Solutions Group,Merrill Lynch Pierce Fenner & Smith,David Collins,,,"6093 Market Way, Boston, MA 02101"
Wang Group,Crestwood Family Office,,nancy.wang@crestwoodfo.com,,"9335 Hill Way, Baltimore, MD 21201"
Wright Advisors,Northgate Investment Partners,Kevin Wright,kwright@northgateinv.com,Kevin Wright|Betty Nguyen|Jason Phillips|Jacob Rivera,
Green Advisory Group,DA Davidson & Co.,,,,
Wang Wealth Partners,Oppenheimer & Co.,,,Amanda Wang|Charles King|Karen Roberts|Nancy Hill|Kenneth Zhang|Ashley Anderson,
Smith Financial Group,Wells Fargo Advisors,,,,
Gomez Advisors,Kingsbridge Capital Advisors,,,,
Roberts Asset Management Group,UBS Financial Services,Ashley Roberts,,,
Kim Private Wealth Group,LPL Financial,Charles Kim,charles.kim@lpl.com,,
Liu Tax & Wealth Group,LPL Financial,,,,"8381 Jefferson Rd, Minneapolis, MN 55401"
Johnson Group,Clearwater Capital Group,Edward Johnson,,,
Thomas Financial Group,Cetera Financial Group,Matthew Thomas,,Matthew Thomas|Ryan Turner|Jennifer Patel|Kenneth Jones,"155 Hill St, Chicago, IL 60601"
Lee Capital,Harborview Private Wealth,,,,
Baker Retirement Solutions Group,Morgan Stanley Wealth Management,,,,
White Portfolio Group,Woodbury Financial Services,,,,
Campbell Financial Partners,Harborview Private Wealth,Charles Campbell,,Charles Campbell|Jason Turner|Linda Patel|Donald Scott|Thomas Reyes|Karen Evans,"6502 Main Pkwy, Phoenix, AZ 85001"
Cruz Advisory Group,Hilliard Lyons,George Cruz,,George Cruz|Mark Edwards|Amanda Thomas|Susan Phillips|Megan Anderson,
Torres Retirement Solutions Group,Morgan Stanley Wealth Management,Andrew Torres,,,
Baker Asset Management Group,Hilliard Lyons,,,,
Hall Private Client Group,DA Davidson & Co.,,,Megan Hall|Nancy Williams|Richard Smith,
Moore Asset Management Group,Commonwealth Financial Network,,,,
Morris Investment Partners,Parkside Wealth Strategies,Timothy Morris,,,"8851 Hill Ln, Boston, MA 02101"
Moore Investment Group,Edward Jones,,,Ronald Moore|Andrew Martin|Charles Scott|Helen Parker|Jeffrey Roberts|Charles Collins,
Cruz & Associates,Clearwater Capital Group,,,,"3116 Willow Ln, Phoenix, AZ 85001"
Yang Family Office,Kingsbridge Capital Advisors,Michael Yang,,Michael Yang|Joseph Mitchell|Michael Thompson|Betty Cruz|Linda Thompson|Richard Lee|Donald Smith,
King Advisory Group,Commonwealth Financial Network,George King,,George King|George Jones,
Nguyen Investment Group,Stifel Nicolaus & Company,Jacob Nguyen,,,"6674 Oak Court, Baltimore, MD 21201"
Williams Capital Group,Robert W. Baird & Co.,Patricia Williams,,Patricia Williams|William Torres|David Green|Jason Thompson|William Jones|Emily Morgan|Edward Wright,
Thompson Wealth Management Group,Oppenheimer & Co.,Sandra Thompson,,Sandra Thompson|Anthony Gomez|Sarah Adams|Helen Hall|Lisa Khan|Daniel Brown,
Khan Investment Group,Commonwealth Financial Network,James Khan,,James Khan|James Jones|Amanda Huang|Brian Hall|Richard Wilson|Jason Parker|David Moore,
Thomas Portfolio Group,Janney Montgomery Scott,William Thomas,,William Thomas|Emily Diaz|Dorothy Hill|Robert Roberts|Susan Baker|Anthony Jones,
Hall Tax & Wealth Group,LPL Financial,Sandra Hall,,,
Johnson Capital Partners,Ridgeway Wealth Management,,,,
Davis Portfolio Group,Janney Montgomery Scott,Matthew Davis,,Matthew Davis|Barbara Cruz,
Turner Private Wealth,Crestwood Family Office,,,Rachel Turner|Rachel Jones|Edward Martin|Amanda Edwards,"3076 Cedar Blvd, San Antonio, TX 78201"
Morgan Capital Group,Hilliard Lyons,John Morgan,,,"8067 Lincoln Rd, Minneapolis, MN 55401"
Hill Wealth Partners,Securities America,Dorothy Hill,,Dorothy Hill|Ashley Gomez|Ashley Kim|Kenneth Liu|David Flores|Matthew Nguyen,
Green Group,Highfield Asset Management,,,,
Williams Portfolio Group,Commonwealth Financial Network,,,,
Edwards Asset Management Group,Raymond James Financial Services,Emily Edwards,,,
Cruz Advisory Group,Ameriprise Financial Services,Margaret Cruz,,,
Kim Wealth Partners,DA Davidson & Co.,,,,
Patel Wealth,Harborview Private Wealth,,,,
Young Advisory Group,National Planning Holdings,,,,"9519 Hill Ln, Portland, OR 97201"
Flores Investment Group,Oppenheimer & Co.,,floresb@opco.com,,"7915 Park Pkwy, Kansas City, MO 64101"
Roberts Capital Partners,Highfield Asset Management,,,,"2214 Washington Ave, New York, NY 10022"
Scott Advisory Group,Janney Montgomery Scott,,,,
Zhang Wealth Partners,National Planning Holdings,,,Sandra Zhang|Emily Brown|John Moore,"6350 Maple Blvd, St. Louis, MO 63101"
Huang Private Wealth,Highfield Asset Management,Jeffrey Huang,huangj@highfieldam.com,,
Wright Portfolio Group,DA Davidson & Co.,,,,"5627 Commerce St, Memphis, TN 38101"
Allen Advisory Group,Hilliard Lyons,Helen Allen,,,
Carter Private Wealth,Parkside Wealth Strategies,,carterj@parksidewealth.com,,"887 Park Rd, Portland, OR 97201"
Zhang Advisory Group,Raymond James Financial Services,,,Robert Zhang|Anthony Diaz|Richard Johnson|Kenneth White|George Adams,
Flores Asset Management,Harborview Private Wealth,,,,
Garcia & Associates,Highfield Asset Management,Brian Garcia,,,
Moore Advisory Group,Oppenheimer & Co.,Michael Moore,,Michael Moore|Amanda Thompson|Sandra Hill|Jennifer Anderson|Ashley Morris|Jennifer Reyes,
Kim Financial Partners,Meridian Private Wealth,,,,
Wilson Capital Group,Raymond James Financial Services,John Wilson,,,"6674 Cedar Dr, Washington, DC 20001"
Martin Asset Management Group,Stifel Nicolaus & Company,Matthew Martin,,Matthew Martin|Dorothy Torres|James Adams|Sandra Moore|Jacob Baker,"7775 Maple Ave, San Francisco, CA 94101"
Scott Private Client Group,Woodbury Financial Services,Amanda Scott,,,
Gomez Wealth Advisors,Stifel Nicolaus & Company,,jeff.gomez@stifel.com,Jeffrey Gomez|Paul Collins|Thomas Williams,
Young Financial Group,Raymond James Financial Services,Jessica Young,,,
Brown Financial Group,UBS Financial Services,,,,"6876 Hill Court, St. Louis, MO 63101"
Hall Private Wealth,Kingsbridge Capital Advisors,,,,"4367 Cedar Pkwy, Indianapolis, IN 46201"
Moore Financial Partners,Meridian Private Wealth,,,,
Williams Private Client Group,Oppenheimer & Co.,Megan Williams,,,"9683 Spring Ln, Minneapolis, MN 55401"
Thomas Financial Group,Stifel Nicolaus & Company,,,,
Nelson Wealth Advisors,Wells Fargo Advisors,Susan Nelson,snelson@wellsfargoadv.com,,
Kim Advisors,Summit Peak Advisors,Kevin Kim,,,"9901 Willow Ave, Houston, TX 77001"
Anderson Investment Group,Commonwealth Financial Network,Richard Anderson,,,
Torres Retirement Solutions Group,LPL Financial,,,John Torres|Edward King|Edward Khan|Steven Gomez|Brian Nguyen,
Wang Advisors,Meridian Private Wealth,,,Matthew Wang|Andrew Allen|Ashley Liu|John Allen,
Hall Wealth Advisors,Cambridge Investment Research,,,,
Evans & Associates,Meridian Private Wealth,Karen Evans,,,
Yang Investment Group,Woodbury Financial Services,,,Ronald Yang|Jeffrey King|Margaret White|Paul Anderson|Ashley Wang|Linda Baker,
Taylor Tax & Wealth Group,Oppenheimer & Co.,Christopher Taylor,,Christopher Taylor|Lisa Mitchell|David Moore|Megan Wilson|John Diaz,
Reyes Tax & Wealth Group,Hilliard Lyons,,,,"2683 River Ave, Houston, TX 77001"
Hill Advisors,Harborview Private Wealth,Rachel Hill,rhill@harborviewpw.com,Rachel Hill|Amanda Reyes|Andrew Parker,
Williams Family Office,Northgate Investment Partners,Daniel Williams,dwilliams@northgateinv.com,,
Miller Advisory Group,Securities America,Jennifer Miller,millerj@secam.com,Jennifer Miller|Robert Thompson,"3454 Cedar Dr, Kansas City, MO 64101"
Zhang Retirement Solutions Group,National Planning Holdings,Jessica Zhang,zhangj@nph.com,,
Chen Investment Group,Raymond James Financial Services,,,Richard Chen|Timothy Torres,"1349 River Court, Austin, TX 78701"
Huang Asset Management Group,Securities America,,,,
Carter Wealth Advisors,Oppenheimer & Co.,,,Steven Carter|James Williams|Nancy Anderson|Emily Kim|Barbara Wang|Linda Adams|Kevin Campbell,
Chen Capital Group,Commonwealth Financial Network,,,,
Young Institutional Group,Raymond James Financial Services,,,,
Jones Wealth Management Group,Janney Montgomery Scott,,,,"4758 Hill Court, Phoenix, AZ 85001"
Wang Tax & Wealth Group,Commonwealth Financial Network,Barbara Wang,,,"9411 Cedar Ave, Raleigh, NC 27601"
Miller & Associates,Harborview Private Wealth,Susan Miller,,,"2735 Park Ave, Denver, CO 80201"
Green Family Office,Highfield Asset Management,,,,"443 Washington St, Kansas City, MO 64101"
Thomas Retirement Solutions Group,Securities America,,,,
Collins Wealth Management Group,Stifel Nicolaus & Company,,,,
Green Investment Group,Securities America,Ronald Green,,Ronald Green|Helen Liu|Anthony Liu,
Evans Family Office,Meridian Private Wealth,Barbara Evans,,Barbara Evans|Barbara Wright,
Liu & Associates,Kingsbridge Capital Advisors,,jliu@kingsbridgecap.com,,
Morgan Private Wealth Group,Securities America,Kenneth Morgan,,,
Miller Institutional Group,Woodbury Financial Services,,,,
Campbell Capital Partners,Meridian Private Wealth,,,,
Lee Wealth Management,Crestwood Family Office,Karen Lee,,,"2836 Highland Court, New York, NY 10001"
Edwards Wealth,Parkside Wealth Strategies,,,,
Moore Group,Clearwater Capital Group,Jason Moore,,,
Wilson Private Wealth,Clearwater Capital Group,,,,"7443 River Pkwy, Philadelphia, PA 19101"
Adams Family Wealth Group,Morgan Stanley Wealth Management,Ryan Adams,adamsr@morganstanley.com,Ryan Adams|Ashley Thompson,
Moore Financial Partners,Kingsbridge Capital Advisors,Patricia Moore,,,
Cruz Financial Group,Janney Montgomery Scott,,,Edward Cruz|Betty Thompson|William Rivera|Matthew Khan,
Zhang Wealth Partners,Woodbury Financial Services,Barbara Zhang,,,
Miller Family Office,Summit Peak Advisors,,,,
Liu Wealth Management Group,Cambridge Investment Research,,,Betty Liu|Dorothy Williams|Betty Hill,"5452 Cedar St, Phoenix, AZ 85001"
Phillips Tax & Wealth Group,Janney Montgomery Scott,,,,
Roberts Wealth Advisors,Securities America,Jessica Roberts,,Jessica Roberts|Jessica Carter|Donald Evans|Megan Stewart|Patricia Martin|Jeffrey Miller|Helen Scott,"3212 Oak Pl, Boston, MA 02101"
Smith Investment Group,Cetera Financial Group,Donald Smith,don.smith@cetera.com,,
Cruz Asset Management Group,DA Davidson & Co.,Ryan Cruz,,Ryan Cruz|Nancy Young|Richard Carter|Steven Morgan,
Lee Financial Group,National Planning Holdings,,,,"8969 River Ln, Baltimore, MD 21201"
Wang Wealth Management Group,Commonwealth Financial Network,,,,
Allen Wealth Partners,Robert W. Baird & Co.,,,Andrew Allen|Jennifer Green|Helen Yang|Betty Lee|Karen Taylor|Kenneth Williams|Nancy Moore,
Wilson Wealth,Summit Peak Advisors,,,,
Wright Advisory Group,Woodbury Financial Services,James Wright,,,"3630 River Way, St. Louis, MO 63101"
Cruz Private Client Group,Securities America,,acruz@secam.com,,
Smith Financial Group,Stifel Nicolaus & Company,Sarah Smith,,,
Brown Partners,Meridian Private Wealth,,,Megan Brown|Timothy Morgan,
Kim Private Client Group,Commonwealth Financial Network,,,Donald Kim|Jessica Diaz|Jessica Reyes|Donald Evans,
King Family Wealth Group,Hilliard Lyons,,helen.king@hl.com,,
Hall Capital Group,Cambridge Investment Research,,,,
Torres Investment Partners,Kingsbridge Capital Advisors,Michael Torres,,Michael Torres|Patricia White|Ryan Torres|Kevin Jackson,
Moore Wealth Partners,Hilliard Lyons,,,,
Young Retirement Solutions Group,Edward Jones,,,,
Edwards Advisors,Summit Peak Advisors,,,,
Jones Private Wealth,Parkside Wealth Strategies,Helen Jones,,,
Davis Financial Group,Oppenheimer & Co.,,,,"5109 Spring Dr, Indianapolis, IN 46201"
Young Wealth Partners,Commonwealth Financial Network,Matthew Young,,Matthew Young|Christopher Gomez|Betty Gomez|William Allen|Mark Jackson,
Wilson Wealth Management,Clearwater Capital Group,,betty.wilson@clearwatercap.com,,"9530 Lincoln Ln, San Diego, CA 92101"
Williams Private Wealth Group,Morgan Stanley Wealth Management,,,Ronald Williams|John Mitchell|Mark Chen|Edward Collins|Jennifer Taylor|Richard Collins,
Phillips Asset Management Group,Merrill Lynch Pierce Fenner & Smith,,,,
Evans Group,Highfield Asset Management,George Evans,george.evans@highfieldam.com,,"7600 Willow Way, Washington, DC 20001"
Morris Wealth Advisors,National Planning Holdings,Lisa Morris,,,
Mitchell Portfolio Group,Ameriprise Financial Services,Jason Mitchell,,,
Smith Tax & Wealth Group,Merrill Lynch Pierce Fenner & Smith,Dorothy Smith,,,
Green Capital Partners,Parkside Wealth Strategies,Anthony Green,,,
Rivera Capital Group,Edward Jones,Susan Rivera,,,
Stewart Private Client Group,Morgan Stanley Wealth Management,John Stewart,,John Stewart|Michael Torres|Sarah Moore|Helen Huang|Sandra Kim|Sandra Gomez,
Lee Private Client Group,Edward Jones,,,,
Smith Private Client Group,Ameriprise Financial Services,Jeffrey Smith,jeff.smith@ampf.com,,
Diaz Retirement Solutions Group,Janney Montgomery Scott,Thomas Diaz,,,"5263 Cedar Dr, Austin, TX 78701"
King Asset Management,Harborview Private Wealth,,susan.king@harborviewpw.com,Susan King|Michael Liu|Thomas Allen|Anthony Collins,
Hill Private Wealth Group,Ameriprise Financial Services,,tony.hill@ampf.com,,
Hill Wealth Management,Crestwood Family Office,,,,
Mitchell Private Wealth,Kingsbridge Capital Advisors,Jennifer Mitchell,jmitchell@kingsbridgecap.com,,
Harris Portfolio Group,DA Davidson & Co.,,,,
Hill Institutional Group,Janney Montgomery Scott,,,,
Nguyen Family Office,Northgate Investment Partners,,,Brian Nguyen|Nancy Khan,"176 Lake Rd, San Jose, CA 95101"
Jones Retirement Solutions Group,Robert W. Baird & Co.,Steven Jones,sjones@rwbaird.com,,"6853 Oak Ave, Los Angeles, CA 90001"
Williams Private Wealth,Clearwater Capital Group,Steven Williams,swilliams@clearwatercap.com,,"2138 Park Court, New York, NY 10022"
Flores Advisory Group,Raymond James Financial Services,,,Linda Flores|Edward Thompson|Dorothy Davis|Susan Morris,"7017 Market Ave, Houston, TX 77001"
Gomez Capital Group,National Planning Holdings,Mark Gomez,,,
Edwards Private Client Group,DA Davidson & Co.,,,Steven Edwards|Amanda Rivera|Dorothy Morris|Paul Huang,
Scott Private Wealth Group,Oppenheimer & Co.,Ryan Scott,,,"3985 Spring Court, Miami, FL 33101"
Khan Asset Management,Kingsbridge Capital Advisors,Sandra Khan,,,
Gomez Wealth Advisors,Janney Montgomery Scott,Anthony Gomez,agomez@janney.com,Anthony Gomez|Patricia Adams|Brian Stewart|Lisa Rivera|Mark Reyes|Mark Jackson,
Morris Financial Group,DA Davidson & Co.,Andrew Morris,,,
Scott Advisory Group,Woodbury Financial Services,,,Joseph Scott|Betty Wilson|Lisa Martin,
Williams Investment Partners,Summit Peak Advisors,,,,
Johnson Wealth Management Group,Robert W. Baird & Co.,,,,
Diaz Wealth,Clearwater Capital Group,,,,
Nguyen Wealth Partners,Raymond James Financial Services,,,Jeffrey Nguyen|Linda Chen,"9509 Park Blvd, Indianapolis, IN 46201"
Anderson Wealth Partners,Janney Montgomery Scott,,,Charles Anderson|Jessica Chen,
Williams Advisory Group,Woodbury Financial Services,Michael Williams,,,
Taylor Partners,Harborview Private Wealth,,,,
Roberts Capital Group,Raymond James Financial Services,,,William Roberts|Dorothy Baker|Megan King|John Brown,"3320 Highland Pkwy, Indianapolis, IN 46201"
Harris Investment Group,Wells Fargo Advisors,,,Linda Harris|Amanda Nelson|David Thomas,
Williams & Associates,Northgate Investment Partners,Jacob Williams,,,"7496 Washington Ave, Phoenix, AZ 85001"
Davis Wealth Management Group,Raymond James Financial Services,,,,
Harris Asset Management Group,Robert W. Baird & Co.,,,Kenneth Harris|Daniel Torres|Charles Garcia,
Smith Capital,Kingsbridge Capital Advisors,,,Betty Smith|Charles Reyes,
Reyes Partners,Parkside Wealth Strategies,,,,
Scott Private Wealth,Kingsbridge Capital Advisors,,,Kevin Scott|Dorothy Phillips|Kenneth Reyes|Helen Johnson|Edward Wilson|Paul Scott|Ronald Scott,
Scott Private Wealth Group,National Planning Holdings,Jessica Scott,,Jessica Scott|Joseph King|Jessica Gomez|David Taylor|Sandra Mitchell|Betty Morris|Ronald Young,
Khan Asset Management,Crestwood Family Office,,,,
Allen Financial Group,Cambridge Investment Research,Paul Allen,,,
Allen Wealth Management Group,Merrill Lynch Pierce Fenner & Smith,Sandra Allen,,,
Rivera Investment Group,Ameriprise Financial Services,,,,
Reyes Financial Group,Edward Jones,,,Jeffrey Reyes|Anthony Morris,"2531 Main Pl, Boston, MA 02101"
Brown Wealth Management Group,Edward Jones,,,,
Smith Wealth Management Group,Wells Fargo Advisors,Amanda Smith,,,
Moore Advisors,Crestwood Family Office,,,,"2375 Commerce Dr, Baltimore, MD 21201"
Patel Family Wealth Group,Morgan Stanley Wealth Management,,,,
Rivera Investment Partners,Clearwater Capital Group,Rachel Rivera,,,
Edwards Investment Partners,Kingsbridge Capital Advisors,Karen Edwards,,,
Smith Wealth,Meridian Private Wealth,,,,"6047 Spring Dr, Philadelphia, PA 19101"
Liu Family Wealth Group,Janney Montgomery Scott,Rachel Liu,rliu@janney.com,,
Wang Wealth,Northgate Investment Partners,Jessica Wang,,Jessica Wang|Jacob Young|James Moore|Betty Moore|Robert Campbell|Lisa Rivera,
Hall Investment Partners,Highfield Asset Management,William Hall,bill.hall@highfieldam.com,,
Nelson Wealth Management Group,Stifel Nicolaus & Company,Lisa Nelson,lnelson@stifel.com,Lisa Nelson|Thomas Carter|Ronald Wright|Richard Carter|Joseph Cruz|Margaret Jones,
Patel & Associates,Kingsbridge Capital Advisors,,,Daniel Patel|Joseph Liu|Robert Brown|Dorothy Phillips|Daniel White,
Green Asset Management Group,UBS Financial Services,Steven Green,,Steven Green|Charles Nelson|David Johnson|David Reyes|Jeffrey Wang|Daniel Thomas,
Roberts Group,Highfield Asset Management,Thomas Roberts,,Thomas Roberts|Steven Mitchell|Timothy Torres|James Hall|Jeffrey Green|Sandra Morris|Sarah White,
Yang Group,Clearwater Capital Group,,,,
Allen Family Office,Meridian Private Wealth,Kevin Allen,,Kevin Allen|Linda Reyes|Jeffrey Khan|Kevin Jackson,
Hall Capital,Crestwood Family Office,,,Kenneth Hall|Linda Flores,
Taylor Capital Group,Securities America,Christopher Taylor,,,
Collins Private Client Group,DA Davidson & Co.,Margaret Collins,,Margaret Collins|Paul Jones|Amanda Liu,
Zhang Wealth Advisors,Ameriprise Financial Services,Margaret Zhang,,,
Flores Tax & Wealth Group,Morgan Stanley Wealth Management,Robert Flores,,,
Brown Wealth Partners,Edward Jones,,,,
Green Retirement Solutions Group,Oppenheimer & Co.,Kevin Green,,Kevin Green|Daniel Johnson|Betty Parker|Ronald Thompson|Andrew Diaz|David Morgan,"4241 Willow Blvd, Las Vegas, NV 89101"
Parker Family Wealth Group,Wells Fargo Advisors,,,Richard Parker|Charles Nelson|Donald Smith|George Green|Mark Allen|Mark Wright,
Patel Investment Partners,Ridgeway Wealth Management,Rachel Patel,,Rachel Patel|Susan Thompson|Rachel Khan|Margaret Mitchell|John Hill|Betty Martin,
Johnson Private Wealth,Meridian Private Wealth,,jacob.johnson@meridianpw.com,Jacob Johnson|Karen Allen|Matthew Parker,
Garcia Financial Partners,Crestwood Family Office,,,,
Green Partners,Crestwood Family Office,,,,"4027 Elm Ave, Seattle, WA 98101"
Evans Portfolio Group,Securities America,Rachel Evans,,Rachel Evans|Anthony Allen,
Lee Wealth,Parkside Wealth Strategies,Patricia Lee,,,
Morris Family Office,Highfield Asset Management,,,,"2649 Willow Pkwy, Raleigh, NC 27601"
Gomez Institutional Group,Robert W. Baird & Co.,,rick.gomez@rwbaird.com,Richard Gomez|James Turner|Joseph Jones|Anthony Adams,
Wright Wealth Advisors,Oppenheimer & Co.,,mwright@opco.com,,
Campbell Group,Clearwater Capital Group,Ashley Campbell,,Ashley Campbell|Timothy White,
Flores Private Wealth Group,Ameriprise Financial Services,Joseph Flores,,,
Martin Capital Partners,Kingsbridge Capital Advisors,Nancy Martin,,Nancy Martin|Mark Williams|Ashley Liu|Margaret Carter,
Yang Partners,Meridian Private Wealth,,,,
Thomas Financial Partners,Ridgeway Wealth Management,Andrew Thomas,,,"2311 Lincoln Blvd, Philadelphia, PA 19101"
Phillips Institutional Group,UBS Financial Services,,,,"6365 Willow Way, Nashville, TN 37201"
Roberts Retirement Solutions Group,Wells Fargo Advisors,,don.roberts@wellsfargoadv.com,,
Thomas Capital Group,Morgan Stanley Wealth Management,Anthony Thomas,,,
Davis Wealth Management,Crestwood Family Office,,,Ronald Davis|Andrew Rivera|William White|John Smith|Kenneth Wang|Richard Stewart,
Khan Private Client Group,Cetera Financial Group,Megan Khan,,,
Nguyen Financial Group,Hilliard Lyons,William Nguyen,,,
Allen Wealth Advisors,Oppenheimer & Co.,Mark Allen,,Mark Allen|Ryan Thompson,
Flores Investment Partners,Parkside Wealth Strategies,,,,
Wright Capital Group,Stifel Nicolaus & Company,,,,
Rivera Private Wealth Group,National Planning Holdings,,,,
Green Private Client Group,Janney Montgomery Scott,Andrew Green,,,
Lee Wealth Advisors,Edward Jones,,,,"7699 Willow Ln, Chicago, IL 60601"
White Wealth Advisors,Oppenheimer & Co.,Kenneth White,,Kenneth White|Kenneth Rivera,
Collins Capital Partners,Meridian Private Wealth,,,,"3066 Oak Blvd, Charlotte, NC 28201"
Yang Financial Group,DA Davidson & Co.,Charles Yang,,Charles Yang|Margaret Green|Steven Wilson|James Adams|Brian Yang,
Jackson Investment Group,DA Davidson & Co.,Edward Jackson,ed.jackson@dadavidson.com,,
Reyes Wealth Advisors,Cambridge Investment Research,Sandra Reyes,,Sandra Reyes|John Khan|Steven Campbell|Susan Hill|Rachel Cruz|Mark Anderson|Michael Edwards,
Torres Private Client Group,Oppenheimer & Co.,,,,
Zhang Financial Group,Oppenheimer & Co.,,,,
Scott Investment Partners,Harborview Private Wealth,,scottj@harborviewpw.com,,"2701 Maple Pkwy, Indianapolis, IN 46201"
Martin Capital,Summit Peak Advisors,,martins@summitpeakadv.com,,"3064 Park Ln, Seattle, WA 98101"
Anderson Investment Group,UBS Financial Services,,,,
Brown Private Client Group,Cetera Financial Group,,,,
Miller Retirement Solutions Group,Hilliard Lyons,Daniel Miller,,,
Patel Wealth Advisors,Cetera Financial Group,Emily Patel,,,
Adams Financial Group,Morgan Stanley Wealth Management,,,,
Cruz Partners,Highfield Asset Management,Jennifer Cruz,,Jennifer Cruz|Daniel Martin|Paul Nguyen|Emily White|Joseph Huang,
Taylor Wealth Management,Summit Peak Advisors,,,,
Liu Capital Group,UBS Financial Services,Christopher Liu,,Christopher Liu|Mark Wilson|Dorothy Edwards|Christopher Morris|Linda Anderson|Jessica Huang,
Yang Portfolio Group,Merrill Lynch Pierce Fenner & Smith,,,,
Brown Investment Group,National Planning Holdings,,,,"7152 Madison Way, Atlanta, GA 30301"
Gomez Financial Group,Hilliard Lyons,,,,
Allen Retirement Solutions Group,Securities America,,,Sandra Allen|Christopher Williams,
Parker Family Wealth Group,Securities America,,,James Parker|Jacob Jones|Karen Morgan,
Liu Advisors,Clearwater Capital Group,,,Kenneth Liu|Rachel White,
Scott Advisory Group,LPL Financial,Christopher Scott,,,"4151 Washington St, Philadelphia, PA 19101"
Yang & Associates,Summit Peak Advisors,Karen Yang,,,
Young Family Wealth Group,Securities America,,,Helen Young|Andrew Zhang|Donald Hill,
Gomez Family Office,Parkside Wealth Strategies,Christopher Gomez,,,
Adams Private Client Group,National Planning Holdings,,,Michael Adams|Megan Evans|Thomas Brown|Joseph Moore|Donald Hall|Betty Thomas,
Nelson Wealth Partners,Merrill Lynch Pierce Fenner & Smith,Patricia Nelson,,,
Huang Wealth Partners,Woodbury Financial Services,,,,
Adams Private Wealth Group,LPL Financial,Betty Adams,betty.adams@lpl.com,Betty Adams|Thomas Green|Paul Baker|Sarah Moore|George Zhang,"3853 Commerce Pl, Chicago, IL 60601"
Wang Asset Management Group,Cambridge Investment Research,,wangk@cambridgeinv.com,,
Stewart Tax & Wealth Group,LPL Financial,,stewartg@lpl.com,George Stewart|Michael Thomas|Christopher Collins|Richard Jones,"8833 Hill Pl, Portland, OR 97201"
White Retirement Solutions Group,Hilliard Lyons,,,,"5537 Main Pl, Austin, TX 78701"
Miller Wealth Partners,National Planning Holdings,,,,"3995 Oak Court, Baltimore, MD 21201"
Stewart Wealth Partners,Hilliard Lyons,,,,"2251 Maple Court, Houston, TX 77001"
Allen Financial Partners,Parkside Wealth Strategies,,,,
Miller Capital Group,Cetera Financial Group,Lisa Miller,millerl@cetera.com,,"1036 Spring Way, Phoenix, AZ 85001"
Mitchell Investment Group,Edward Jones,,,,
Wilson Institutional Group,DA Davidson & Co.,Patricia Wilson,patricia.wilson@dadavidson.com,,
Patel Portfolio Group,Hilliard Lyons,,,David Patel|James Morris|Richard Mitchell|Daniel Scott,
Kim & Associates,Crestwood Family Office,George Kim,,,
Patel Capital,Meridian Private Wealth,,,,
Adams Wealth Management Group,LPL Financial,Ronald Adams,,,
Chen Wealth Partners,Merrill Lynch Pierce Fenner & Smith,Patricia Chen,,,
Chen Financial Group,LPL Financial,,,,
Davis Tax & Wealth Group,Robert W. Baird & Co.,Betty Davis,davisb@rwbaird.com,,
Scott Wealth Management Group,Cambridge Investment Research,Timothy Scott,,,"341 Spring Dr, Washington, DC 20001"
Parker Capital,Clearwater Capital Group,,parkers@clearwatercap.com,,
Martin Investment Partners,Parkside Wealth Strategies,,martina@parksidewealth.com,Amanda Martin|Richard Nguyen|Lisa Thompson|Andrew Davis|Jeffrey Thomas|Dorothy Anderson|Dorothy Baker,
Campbell Private Wealth,Ridgeway Wealth Management,,,Nancy Campbell|Steven Phillips|Andrew Anderson,
Lee Wealth Partners,Woodbury Financial Services,,,,"7121 Maple Way, Minneapolis, MN 55401"
Evans Wealth Management,Clearwater Capital Group,,,Linda Evans|Christopher Young,
Adams Wealth Partners,Securities America,,,,
Patel Advisors,Northgate Investment Partners,Jennifer Patel,,,
Wilson Asset Management Group,DA Davidson & Co.,Ryan Wilson,,,
Jones & Associates,Harborview Private Wealth,,,,
Hill Family Wealth Group,LPL Financial,David Hill,,,"4663 Spring Pkwy, San Antonio, TX 78201"
Mitchell Private Wealth Group,Stifel Nicolaus & Company,Patricia Mitchell,patricia.mitchell@stifel.com,Patricia Mitchell|Kevin Flores|Jeffrey Miller|Andrew White|Dorothy Rivera|Susan Martin|Paul Jackson,
Hill Family Wealth Group,Ameriprise Financial Services,,,,
Morris Advisors,Ridgeway Wealth Management,,,,"6721 Maple Pl, Nashville, TN 37201"
Taylor Portfolio Group,Commonwealth Financial Network,,,,
White Family Wealth Group,Oppenheimer & Co.,Robert White,,Robert White|Anthony Johnson|Betty Baker,
Parker Advisors,Kingsbridge Capital Advisors,,,,"464 Lincoln Way, Miami, FL 33101"
Stewart Investment Group,Raymond James Financial Services,,,Daniel Stewart|Amanda Johnson,
Adams Asset Management,Northgate Investment Partners,,badams@northgateinv.com,Barbara Adams|Edward Phillips|Robert Nguyen|Patricia Morris,"8407 Spring Dr, Indianapolis, IN 46201"
Flores Advisory Group,Edward Jones,,,Emily Flores|Ryan Baker|Betty Johnson|Jeffrey Zhang|Sarah Khan|Kevin King,
Zhang & Associates,Meridian Private Wealth,John Zhang,,John Zhang|Dorothy Brown|Steven Diaz|Helen Green|Ryan Edwards|Ryan Jones|Jessica Huang,
Reyes Financial Group,DA Davidson & Co.,,,Edward Reyes|Ryan Jones,
Taylor Portfolio Group,DA Davidson & Co.,Ryan Taylor,,Ryan Taylor|Amanda Garcia|Edward Roberts|Jessica Kim|Christopher Hall|Joseph Carter,"342 Park Pkwy, Seattle, WA 98101"
Edwards Capital Group,Raymond James Financial Services,Margaret Edwards,,Margaret Edwards|James Mitchell|Sandra Lee|Kenneth Evans|Steven Taylor|Betty Gomez|Andrew Taylor,"3443 Lake Way, Raleigh, NC 27601"
Collins Family Wealth Group,Morgan Stanley Wealth Management,,,Anthony Collins|Sarah Allen|Edward Turner,
Johnson Private Wealth Group,Woodbury Financial Services,Ronald Johnson,,,
Torres Wealth Partners,Edward Jones,James Torres,,,
Cruz Group,Meridian Private Wealth,Ronald Cruz,,,
Campbell Portfolio Group,Oppenheimer & Co.,Brian Campbell,,Brian Campbell|Jason Parker|Charles Yang|Brian Rivera|David Wright|James Thomas,
Williams Private Wealth Group,Ameriprise Financial Services,,,Jacob Williams|Ashley Liu,
Johnson Wealth Advisors,UBS Financial Services,,ajohnson@ubs.com,,
Young Investment Partners,Meridian Private Wealth,,,Jacob Young|Barbara Parker|Rachel Wright|Emily Anderson|Brian Diaz|Dorothy Turner,
Jones Asset Management Group,Robert W. Baird & Co.,David Jones,jonesd@rwbaird.com,,
Wilson Retirement Solutions Group,UBS Financial Services,Susan Wilson,,,
Thompson Investment Partners,Highfield Asset Management,,,,"3677 Lincoln Blvd, San Jose, CA 95101"
Stewart Family Wealth Group,LPL Financial,James Stewart,,James Stewart|Anthony Flores|Megan Johnson|Rachel Garcia,
White Capital Partners,Parkside Wealth Strategies,,,Charles White|Emily Adams|Betty Lee|Timothy Brown,"6067 Main Blvd, San Antonio, TX 78201"
Nguyen Institutional Group,Stifel Nicolaus & Company,Amanda Nguyen,,,
Scott Advisory Group,UBS Financial Services,,scottl@ubs.com,,
Chen Asset Management,Harborview Private Wealth,,,Paul Chen|Ashley Hall|Donald Campbell|Karen Thompson|Timothy Hill|Margaret Moore,"9058 Cedar Pl, Houston, TX 77001"
White Asset Management Group,Edward Jones,,,,
Wang & Associates,Clearwater Capital Group,,linda.wang@clearwatercap.com,,"2953 Oak Rd, Houston, TX 77001"
Nelson Tax & Wealth Group,DA Davidson & Co.,William Nelson,,,
Gomez Group,Clearwater Capital Group,,,Charles Gomez|Jeffrey Baker|Betty Carter|Barbara Nelson|Timothy Hall|Ashley Evans,
Wang Private Client Group,LPL Financial,Karen Wang,,,
Phillips Wealth Advisors,Oppenheimer & Co.,,,,
Edwards Capital Partners,Kingsbridge Capital Advisors,George Edwards,,,
Khan Portfolio Group,Edward Jones,Susan Khan,,Susan Khan|Rachel Evans,
Diaz Capital Group,Securities America,,,,
Moore Partners,Harborview Private Wealth,,,,"8596 Lake Pl, Phoenix, AZ 85001"
Green Portfolio Group,Commonwealth Financial Network,Sandra Green,,Sandra Green|Thomas Wang|Emily Lee|Jacob Mitchell|Robert Diaz,
Hill Asset Management,Meridian Private Wealth,,,Karen Hill|Donald Turner|James Adams|Amanda Flores,
Kim Wealth Advisors,Cetera Financial Group,,rick.kim@cetera.com,,
King Advisors,Harborview Private Wealth,,,,"1288 Park Way, Baltimore, MD 21201"
Diaz Investment Group,Commonwealth Financial Network,,,,"1300 Willow St, Seattle, WA 98101"
Anderson Partners,Northgate Investment Partners,,,George Anderson|Megan Reyes|William Gomez|Matthew Campbell|Patricia Thomas|Anthony Nelson,
Allen Family Wealth Group,UBS Financial Services,Matthew Allen,,,
Stewart Wealth Advisors,Morgan Stanley Wealth Management,Ashley Stewart,,,
Flores Private Wealth,Clearwater Capital Group,,,Patricia Flores|Helen Zhang|Jacob Scott|David Baker|Ronald Harris|George Taylor|Jessica Gomez,
Thompson Capital Group,Hilliard Lyons,David Thompson,,,
Smith Capital Group,Hilliard Lyons,Barbara Smith,,Barbara Smith|Steven Thompson|Timothy Khan|Amanda Hill|George Torres,
Parker Private Wealth Group,Stifel Nicolaus & Company,Megan Parker,,,
Yang Wealth Partners,Janney Montgomery Scott,Sarah Yang,,,
Garcia Private Client Group,Raymond James Financial Services,,,,
Torres Tax & Wealth Group,Stifel Nicolaus & Company,Barbara Torres,,,
Garcia Family Office,Harborview Private Wealth,,,Jennifer Garcia|Jason Harris|Jennifer Reyes,
Thomas Wealth Management Group,Cetera Financial Group,Thomas Thomas,tom.thomas@cetera.com,Thomas Thomas|Barbara Wang,
Morris Private Client Group,Cambridge Investment Research,Michael Morris,,,
Garcia Asset Management,Harborview Private Wealth,,,,
Taylor Private Client Group,UBS Financial Services,,,Jennifer Taylor|Betty Williams|Andrew Nelson|Edward Cruz|Christopher Moore|John King|Mark Phillips,
Cruz Partners,Highfield Asset Management,Patricia Cruz,,Patricia Cruz|Patricia Reyes|Ronald Patel|Michael Huang,
Yang Institutional Group,Securities America,Edward Yang,,,"2354 Park Ave, St. Louis, MO 63101"
Lee Wealth Management,Crestwood Family Office,,,William Lee|Nancy Flores|Thomas Huang|Margaret Anderson|Donald King,
Roberts Family Office,Harborview Private Wealth,Ryan Roberts,,Ryan Roberts|William Stewart|Jessica Allen|John Wilson|Karen Hall,
Wang Capital Partners,Clearwater Capital Group,Helen Wang,,,
Chen Wealth Management Group,Stifel Nicolaus & Company,,,Sandra Chen|Brian Turner,
Chen Wealth Management Group,Cetera Financial Group,,chenp@cetera.com,,
Wilson Wealth Management Group,Raymond James Financial Services,Karen Wilson,,Karen Wilson|Ryan Torres|Emily Nelson|Ronald Phillips|Karen White,"4397 Washington Dr, San Jose, CA 95101"
Roberts & Associates,Meridian Private Wealth,,,,"3158 Oak St, Charlotte, NC 28201"
Khan Wealth Partners,Oppenheimer & Co.,Steven Khan,,,
Carter Private Wealth Group,Morgan Stanley Wealth Management,Kevin Carter,kcarter@morganstanley.com,,"9078 Lincoln Pl, Las Vegas, NV 89101"
Torres Capital,Summit Peak Advisors,,,Edward Torres|Nancy Smith|Donald Khan|Margaret Miller|Margaret Chen,
Mitchell Asset Management Group,Raymond James Financial Services,Kenneth Mitchell,kmitchell@raymondjames.com,,
Johnson Private Wealth Group,Cambridge Investment Research,Karen Johnson,,,
Brown Capital Group,Ameriprise Financial Services,,,,"2212 Hill Rd, Phoenix, AZ 85001"
Brown Family Wealth Group,National Planning Holdings,,steve.brown@nph.com,,
Davis Wealth Management,Crestwood Family Office,,,Dorothy Davis|Jeffrey Kim|Kenneth Zhang|Timothy Hill|Rachel Jackson,
Nguyen Tax & Wealth Group,Cetera Financial Group,Jennifer Nguyen,nguyenj@cetera.com,,
Morgan Investment Group,Ameriprise Financial Services,Michael Morgan,,,"4079 Commerce Way, Kansas City, MO 64101"
Khan Institutional Group,Stifel Nicolaus & Company,,,James Khan|Sandra Hall|Donald Jackson|Matthew Zhang,"1742 Washington Blvd, Washington, DC 20001"
Edwards Group,Clearwater Capital Group,,,Charles Edwards|Anthony Roberts|Betty Young,
Anderson Retirement Solutions Group,Robert W. Baird & Co.,Robert Anderson,,Robert Anderson|Betty Kim|Dorothy Nguyen,"9286 Elm Pl, St. Louis, MO 63101"
Diaz Investment Group,Woodbury Financial Services,,,,
Cruz Investment Group,Raymond James Financial Services,Donald Cruz,,,
White Private Client Group,Woodbury Financial Services,Matthew White,,,
Smith Private Client Group,Raymond James Financial Services,,,Megan Smith|Ronald Wright|Thomas Yang|Nancy Brown,
King Family Office,Parkside Wealth Strategies,,,Ashley King|Joseph Johnson|James Collins,
Patel Investment Partners,Clearwater Capital Group,Betty Patel,,Betty Patel|Kevin Reyes|Jacob Moore|Thomas Hall|Ashley Nelson,
Jackson Private Wealth Group,Ameriprise Financial Services,Anthony Jackson,jacksona@ampf.com,Anthony Jackson|Kenneth Reyes|Patricia Johnson|Ashley Smith|Anthony Carter,"6885 Market St, Portland, OR 97201"
Harris Asset Management Group,Hilliard Lyons,Michael Harris,,,"666 Spring Blvd, San Jose, CA 95101"
Baker Private Client Group,UBS Financial Services,,,,
Torres Asset Management,Summit Peak Advisors,Ryan Torres,,,
Parker Capital Group,Edward Jones,,,,
Jackson Wealth,Kingsbridge Capital Advisors,,jacksonr@kingsbridgecap.com,,"8664 Park Pkwy, St. Louis, MO 63101"
Phillips Tax & Wealth Group,Merrill Lynch Pierce Fenner & Smith,,,,
Moore Family Office,Ridgeway Wealth Management,,,,
Taylor Family Wealth Group,Raymond James Financial Services,Richard Taylor,,,
Kim Capital Group,Janney Montgomery Scott,Helen Kim,,,
Wilson Advisors,Harborview Private Wealth,,,,"9792 River Way, Denver, CO 80201"
Moore Tax & Wealth Group,Cambridge Investment Research,Susan Moore,smoore@cambridgeinv.com,,"2209 Jefferson Court, Philadelphia, PA 19101"
Reyes Advisors,Harborview Private Wealth,,,William Reyes|Emily Phillips|Jessica Huang|Paul Hill|John Morris|Edward King|Barbara Green,
Evans Investment Partners,Ridgeway Wealth Management,Ashley Evans,,,
Brown Wealth Management,Clearwater Capital Group,,,,
Yang Capital Group,Oppenheimer & Co.,Lisa Yang,,,
Scott Capital Partners,Northgate Investment Partners,,,Ryan Scott|James Smith|Michael Nguyen|Susan Adams,
Patel Private Client Group,Oppenheimer & Co.,,,Susan Patel|Lisa Jones|Michael Zhang|Paul Edwards,
Scott Wealth Partners,Cetera Financial Group,,,,
Smith Investment Group,Commonwealth Financial Network,Andrew Smith,,,"3404 Market Ln, Philadelphia, PA 19101"
Jones Financial Group,UBS Financial Services,,,,"425 Madison Dr, San Antonio, TX 78201"
Wright Family Wealth Group,UBS Financial Services,,,,
Green Institutional Group,National Planning Holdings,,,Jacob Green|Linda Wilson|Paul Wright|Charles Carter|Paul Davis|Anthony Torres,
Thompson Wealth Advisors,DA Davidson & Co.,,,,"315 Spring St, Dallas, TX 75201"
Smith Portfolio Group,Janney Montgomery Scott,Barbara Smith,,,"5373 Lake Pkwy, Seattle, WA 98101"
Morris Asset Management,Clearwater Capital Group,,,,"839 Madison St, Houston, TX 77001"
Morris Investment Group,Cambridge Investment Research,,,,"5541 Hill Pkwy, Denver, CO 80201"
Moore Partners,Meridian Private Wealth,,,,
Stewart Investment Partners,Highfield Asset Management,Sandra Stewart,sandra.stewart@highfieldam.com,,"8663 Washington Dr, Kansas City, MO 64101"
Miller Portfolio Group,Cambridge Investment Research,,,Paul Miller|John Stewart|Brian Torres|Jason Carter|Nancy Collins,
Thompson Investment Group,Woodbury Financial Services,Ryan Thompson,,,
Nguyen Family Office,Harborview Private Wealth,,,James Nguyen|Ryan Garcia|Dorothy Mitchell|Barbara Moore|Andrew Morgan|Charles Liu,
Lee Capital Group,DA Davidson & Co.,Karen Lee,,,
Wilson Financial Group,Raymond James Financial Services,Donald Wilson,,,"2466 Commerce Ave, San Antonio, TX 78201"
Lee Private Client Group,UBS Financial Services,Timothy Lee,,,"7119 Hill Court, San Jose, CA 95101"
Jones & Associates,Harborview Private Wealth,,,,
Rivera Private Wealth Group,Edward Jones,Dorothy Rivera,,,
Rivera Portfolio Group,Janney Montgomery Scott,Karen Rivera,karen.rivera@janney.com,,
Johnson Institutional Group,Morgan Stanley Wealth Management,Charles Johnson,,,
Zhang Capital Group,Morgan Stanley Wealth Management,Kevin Zhang,,,"1545 Highland Ave, Nashville, TN 37201"
Diaz Retirement Solutions Group,Raymond James Financial Services,,,,"8102 Lincoln Ln, New York, NY 10001"
Carter Investment Group,Raymond James Financial Services,,,Rachel Carter|Barbara Parker|Sandra Parker|Kenneth Phillips|Dorothy Wang|Robert Harris|Timothy King,
Hall Capital Group,UBS Financial Services,,,,"7640 Madison Court, Denver, CO 80201"
Khan Financial Group,Ameriprise Financial Services,,khanj@ampf.com,,
Scott Capital,Highfield Asset Management,Robert Scott,,,
Allen Private Wealth Group,Wells Fargo Advisors,,,,
King Institutional Group,Ameriprise Financial Services,Joseph King,,Joseph King|Rachel Turner,
Evans Financial Group,Ameriprise Financial Services,,,,"8910 Elm Dr, New York, NY 10022"
Flores Financial Group,Janney Montgomery Scott,Steven Flores,,,
Lee Wealth Management Group,Cetera Financial Group,,,Kenneth Lee|Anthony Morris|Linda Rivera|George Jackson|Joseph Scott,"1187 Park Blvd, Indianapolis, IN 46201"
Torres Financial Group,National Planning Holdings,,,,
Carter Capital Group,Merrill Lynch Pierce Fenner & Smith,Jennifer Carter,,,
Stewart Wealth Partners,Hilliard Lyons,Kevin Stewart,,,
Anderson Family Wealth Group,Robert W. Baird & Co.,,,Nancy Anderson|Kevin Hall,
Kim Tax & Wealth Group,Robert W. Baird & Co.,,,,
Rivera Institutional Group,LPL Financial,William Rivera,wrivera@lpl.com,William Rivera|Richard White|Ryan Allen|Paul Parker,"1640 Highland Ave, Charlotte, NC 28201"
Edwards Tax & Wealth Group,Commonwealth Financial Network,Nancy Edwards,,Nancy Edwards|Ashley Young|John Stewart|Thomas Gomez|Jason Huang,"1059 Hill Court, Atlanta, GA 30301"
Hill Wealth Partners,Raymond James Financial Services,Jessica Hill,,,"4054 Main Blvd, Philadelphia, PA 19101"
Flores Asset Management Group,Securities America,,floresm@secam.com,,
Thompson Capital,Parkside Wealth Strategies,,,Donald Thompson|Paul Evans|Rachel Mitchell,
Yang Advisory Group,UBS Financial Services,,,,
Moore Institutional Group,Merrill Lynch Pierce Fenner & Smith,,,,"5087 Lincoln Ave, San Diego, CA 92101"
Morgan Retirement Solutions Group,Edward Jones,,morgand@edwardjones.com,Donald Morgan|Sandra Liu|Kenneth Wilson|Nancy Lee,
Carter Asset Management Group,UBS Financial Services,,,,
Gomez Private Client Group,Oppenheimer & Co.,,,,
King Partners,Parkside Wealth Strategies,Helen King,,,"3031 Spring Pl, Kansas City, MO 64101"
Wang Wealth Advisors,LPL Financial,,,Jessica Wang|Mark Jones|Steven Kim,
Nguyen Family Wealth Group,Hilliard Lyons,,,,
Patel Portfolio Group,Robert W. Baird & Co.,Ronald Patel,,,"7603 Market Way, Denver, CO 80201"
Gomez Capital Group,Janney Montgomery Scott,,,,"4776 Jefferson Way, San Antonio, TX 78201"
Miller Family Wealth Group,UBS Financial Services,Michael Miller,,,
Miller Private Client Group,LPL Financial,,,Kevin Miller|Robert Evans,
Turner Asset Management,Ridgeway Wealth Management,,,,"5344 River Blvd, Indianapolis, IN 46201"
Lee Wealth Management,Meridian Private Wealth,Sandra Lee,,Sandra Lee|Timothy Stewart|Matthew Smith,
Brown Investment Group,DA Davidson & Co.,Robert Brown,,Robert Brown|Brian Edwards|Jennifer Wang|Ronald Johnson,"3298 Washington Court, New York, NY 10022"
Wang Capital,Ridgeway Wealth Management,,,,"2855 Cedar Ave, Dallas, TX 75201"
King Private Wealth Group,UBS Financial Services,,,Richard King|Sandra Yang|Donald Jackson|Jeffrey Campbell|Charles Wilson,
Thompson Wealth Management Group,Raymond James Financial Services,Thomas Thompson,,Thomas Thompson|Daniel Brown|Karen Nguyen|Thomas Diaz|John Miller|George Stewart|Amanda Morris,
Davis Private Client Group,UBS Financial Services,William Davis,,,
Taylor Advisors,Summit Peak Advisors,Anthony Taylor,,,
Khan Wealth Partners,Janney Montgomery Scott,,,,
Morris Financial Group,Stifel Nicolaus & Company,Sandra Morris,,,
Wright Group,Northgate Investment Partners,,,David Wright|William Thompson|Linda Morris|Nancy Taylor|Karen Patel|Donald Huang,
Brown Wealth Management,Kingsbridge Capital Advisors,Barbara Brown,,,
Young Tax & Wealth Group,Hilliard Lyons,,,Christopher Young|George White|Jennifer Jackson|Helen Gomez,
Edwards Family Office,Harborview Private Wealth,,,,
Kim Portfolio Group,DA Davidson & Co.,Linda Kim,lkim@dadavidson.com,,
Thomas Group,Parkside Wealth Strategies,Margaret Thomas,,,
Hill Group,Summit Peak Advisors,Richard Hill,,Richard Hill|Donald Evans|Megan Morris|Ryan Mitchell|George Jones|Margaret Miller|Lisa Huang,
Rivera Private Wealth Group,Stifel Nicolaus & Company,,,,"1763 Market Dr, Charlotte, NC 28201"
Khan Advisory Group,Morgan Stanley Wealth Management,Linda Khan,lkhan@morganstanley.com,,
Mitchell Portfolio Group,Wells Fargo Advisors,,,,
Reyes Wealth Partners,Raymond James Financial Services,,,Nancy Reyes|Betty Patel|Matthew Gomez|Jacob Allen,
Adams Family Office,Summit Peak Advisors,Jacob Adams,,Jacob Adams|Christopher Nguyen|Ronald Young|Lisa Morris|Betty Jackson|Matthew Phillips|Richard Nelson,
Kim Portfolio Group,Raymond James Financial Services,,,,
Collins Investment Partners,Parkside Wealth Strategies,Nancy Collins,,,
Miller Investment Group,Wells Fargo Advisors,Nancy Miller,,,
Thompson Advisory Group,Stifel Nicolaus & Company,,,,
Williams Retirement Solutions Group,Wells Fargo Advisors,Andrew Williams,,,
Williams Private Wealth Group,Woodbury Financial Services,,,,"4213 Highland Ave, St. Louis, MO 63101"
Gomez & Associates,Kingsbridge Capital Advisors,Timothy Gomez,gomezt@kingsbridgecap.com,,
Williams Group,Parkside Wealth Strategies,Jessica Williams,,Jessica Williams|Jacob Thomas,"1285 Oak Dr, Portland, OR 97201"
Yang Family Wealth Group,Robert W. Baird & Co.,,,,
Green Wealth Management Group,Edward Jones,William Green,,,
Liu Wealth,Meridian Private Wealth,,,,
Wilson Wealth Partners,Janney Montgomery Scott,John Wilson,,John Wilson|Helen Khan|Brian Garcia|Andrew Garcia|Joseph Wilson|Jessica Nelson,
Allen Private Wealth,Meridian Private Wealth,,allenk@meridianpw.com,,
Phillips Private Wealth Group,Cetera Financial Group,Matthew Phillips,,Matthew Phillips|Kenneth Evans|Joseph Parker|Nancy Davis|Emily Young,
Diaz Investment Group,LPL Financial,Donald Diaz,,,"2049 River St, Austin, TX 78701"
Flores Portfolio Group,Oppenheimer & Co.,,,Michael Flores|Steven Lee|Lisa Wright|Christopher King|Daniel Morris|Brian Hall,
Yang Wealth,Crestwood Family Office,,,,
Phillips Family Wealth Group,National Planning Holdings,,,Jessica Phillips|Andrew Rivera|Emily Phillips|Mark Brown|John Torres|Richard Gomez,
Reyes Private Wealth,Kingsbridge Capital Advisors,Ronald Reyes,,Ronald Reyes|Jacob Rivera|Andrew Liu|Charles Zhang,
Turner Family Wealth Group,LPL Financial,,,Ashley Turner|Karen Hill|Karen Johnson|Steven Nguyen|James Baker|John Parker|Robert Garcia,
Wang Wealth Partners,Janney Montgomery Scott,,,,
Adams Financial Partners,Harborview Private Wealth,Barbara Adams,,,"1781 Main St, Portland, OR 97201"
Mitchell Investment Group,Commonwealth Financial Network,,,Thomas Mitchell|Joseph Davis|Lisa Huang|George Taylor|Thomas White|Charles Carter|Charles Anderson,
Moore Wealth Partners,LPL Financial,,,,
Allen Wealth Management Group,National Planning Holdings,,,,
Scott Institutional Group,Wells Fargo Advisors,,,,
Patel Family Office,Clearwater Capital Group,,,,
Harris Wealth Management Group,Ameriprise Financial Services,,,,
Wang Retirement Solutions Group,Woodbury Financial Services,Andrew Wang,awang@woodburyfs.com,,
Martin Wealth Partners,Wells Fargo Advisors,,,,
White Private Client Group,Morgan Stanley Wealth Management,,,,
Moore Private Wealth Group,Wells Fargo Advisors,George Moore,mooreg@wellsfargoadv.com,,
Lee Capital Group,Morgan Stanley Wealth Management,Sarah Lee,,Sarah Lee|Emily Allen|Ronald Morgan|John Mitchell|Ryan Thompson|Daniel Roberts,
Smith Family Office,Highfield Asset Management,Jeffrey Smith,,Jeffrey Smith|Susan Phillips|Jessica Green,
Jones Family Wealth Group,Morgan Stanley Wealth Management,Nancy Jones,,,
Garcia Asset Management Group,Ameriprise Financial Services,,,,"5315 Jefferson Ln, Houston, TX 77001"
Yang Wealth Advisors,Janney Montgomery Scott,Rachel Yang,,,
Young Investment Partners,Meridian Private Wealth,,,Betty Young|Jessica Young,
Harris Group,Ridgeway Wealth Management,,dan.harris@ridgewaywm.com,,
Wright Advisors,Crestwood Family Office,,,,
Roberts Private Client Group,LPL Financial,Linda Roberts,,,"6306 Washington Rd, New York, NY 10001"
Cruz Wealth Management,Summit Peak Advisors,Jennifer Cruz,,Jennifer Cruz|Kevin Mitchell|Thomas Campbell|Nancy White,
Johnson Tax & Wealth Group,UBS Financial Services,Paul Johnson,,,"2390 Madison Ln, Las Vegas, NV 89101"
Allen Private Wealth Group,Raymond James Financial Services,John Allen,,,
Baker Retirement Solutions Group,Woodbury Financial Services,Anthony Baker,,,"181 Lake Blvd, Charlotte, NC 28201"
Gomez Capital,Clearwater Capital Group,Mark Gomez,,,
Brown Wealth,Ridgeway Wealth Management,,,Rachel Brown|Linda Phillips|Linda Garcia,
Smith Wealth Management Group,Woodbury Financial Services,Michael Smith,,,
Cruz Investment Partners,Harborview Private Wealth,,tcruz@harborviewpw.com,,
Scott Group,Summit Peak Advisors,Jacob Scott,,,
Chen Advisors,Crestwood Family Office,,,,"7373 Cedar Pkwy, New York, NY 10001"
Adams Financial Group,Merrill Lynch Pierce Fenner & Smith,George Adams,,George Adams|George Baker|Brian Yang|Ashley Adams,
Jones Capital,Northgate Investment Partners,Margaret Jones,margaret.jones@northgateinv.com,,"534 Washington Court, Minneapolis, MN 55401"
Jones Institutional Group,Raymond James Financial Services,,,,
Wilson Investment Group,Oppenheimer & Co.,,dwilson@opco.com,,"3350 Commerce Ave, Baltimore, MD 21201"
White Tax & Wealth Group,Hilliard Lyons,Margaret White,,,
Roberts Financial Partners,Parkside Wealth Strategies,,,Donald Roberts|Anthony Moore,
Scott Portfolio Group,Robert W. Baird & Co.,,sscott@rwbaird.com,,
Hall Institutional Group,Robert W. Baird & Co.,Richard Hall,,Richard Hall|Jennifer Yang,
Wilson Wealth Management Group,Edward Jones,,,,"1644 Hill St, Chicago, IL 60601"
Huang Private Client Group,Cetera Financial Group,,,Ashley Huang|Daniel Thompson|Sarah Scott|Mark Khan|Donald Hall,"3709 Willow Ave, Boston, MA 02101"
Cruz Family Office,Clearwater Capital Group,Karen Cruz,kcruz@clearwatercap.com,,"5244 Lincoln Pkwy, St. Louis, MO 63101"
Lee Private Client Group,LPL Financial,Paul Lee,,,
Nguyen Wealth Advisors,Cetera Financial Group,,,,
Adams Tax & Wealth Group,Raymond James Financial Services,,,,
Gomez Private Client Group,Woodbury Financial Services,Ashley Gomez,,Ashley Gomez|Joseph Allen|Sandra Huang|George Torres|James Anderson|Charles Patel,
Yang Financial Group,Edward Jones,Andrew Yang,,,
Edwards Institutional Group,Cambridge Investment Research,,andy.edwards@cambridgeinv.com,,
Adams Institutional Group,Stifel Nicolaus & Company,,,Matthew Adams|Sarah Jones|Timothy Kim|Betty Hall,
Reyes Financial Group,DA Davidson & Co.,Jacob Reyes,,,
Yang Group,Clearwater Capital Group,,,,
Zhang Financial Group,Edward Jones,Sandra Zhang,sandra.zhang@edwardjones.com,Sandra Zhang|Jessica Phillips|Betty Hall|Jason Stewart|Kevin Garcia|Ronald Jackson|Nancy Smith,
Turner & Associates,Meridian Private Wealth,,,,
Moore Investment Partners,Meridian Private Wealth,Matthew Moore,,,"6155 Maple Pkwy, Raleigh, NC 27601"
Young Asset Management Group,Wells Fargo Advisors,,,Jennifer Young|Brian Brown|Jessica Liu|Michael Jackson|Susan Reyes|Barbara Roberts|Kevin Morris,
Williams Investment Partners,Crestwood Family Office,,,Jeffrey Williams|Donald Jones|Lisa Hill|Nancy Yang,"4282 Maple St, Memphis, TN 38101"
Jones Institutional Group,Cambridge Investment Research,,,,
Evans Institutional Group,Edward Jones,,,Robert Evans|Andrew Adams|Joseph Hall|Ashley Carter|Steven Williams,
Williams Investment Group,Merrill Lynch Pierce Fenner & Smith,Megan Williams,,,
Campbell Tax & Wealth Group,Wells Fargo Advisors,,,,
Taylor Family Office,Ridgeway Wealth Management,,,,"1175 Oak Pl, Seattle, WA 98101"
Jones Wealth Management,Kingsbridge Capital Advisors,,,,
Nguyen Asset Management Group,Janney Montgomery Scott,,,,
Lee Wealth Partners,Oppenheimer & Co.,Jessica Lee,,Jessica Lee|James Lee|Jacob Thomas,
Patel Wealth Advisors,Morgan Stanley Wealth Management,,,,
Torres Private Client Group,Merrill Lynch Pierce Fenner & Smith,Kevin Torres,,,"1103 Spring Blvd, Phoenix, AZ 85001"
Lee Advisory Group,Securities America,Dorothy Lee,,,
Carter Group,Northgate Investment Partners,Mark Carter,,,
Rivera Tax & Wealth Group,Commonwealth Financial Network,,,,
Cruz Wealth Partners,Edward Jones,Andrew Cruz,,,
Yang Family Office,Parkside Wealth Strategies,,,,
Cruz Asset Management Group,Woodbury Financial Services,,,Jason Cruz|John Johnson|Amanda Collins|Karen Moore,"8685 Lake Dr, Boston, MA 02101"
Wilson Institutional Group,LPL Financial,,,,
Smith Financial Group,Woodbury Financial Services,Timothy Smith,,,
Wang Capital Group,Wells Fargo Advisors,David Wang,,,"708 Cedar St, Kansas City, MO 64101"
Martin Retirement Solutions Group,Edward Jones,George Martin,,,
Phillips Capital,Highfield Asset Management,David Phillips,dphillips@highfieldam.com,David Phillips|Nancy Harris|Timothy Rivera|Margaret Turner,
Cruz Retirement Solutions Group,DA Davidson & Co.,,,Andrew Cruz|Linda Edwards,
Flores Asset Management Group,Raymond James Financial Services,George Flores,,,
Khan Wealth Management Group,Morgan Stanley Wealth Management,,khanr@morganstanley.com,,
Patel Partners,Crestwood Family Office,Nancy Patel,,,
Reyes Partners,Kingsbridge Capital Advisors,,,Matthew Reyes|Nancy Phillips|Timothy Morris,
Khan Partners,Clearwater Capital Group,,,,"1564 Oak St, St. Louis, MO 63101"
Khan Investment Partners,Crestwood Family Office,,,James Khan|Jennifer Edwards|Paul Jones,"8811 Washington Court, New York, NY 10022"
Liu Portfolio Group,Oppenheimer & Co.,Jessica Liu,,Jessica Liu|Steven Collins,
Adams Asset Management Group,Stifel Nicolaus & Company,,,,
Scott Retirement Solutions Group,Cambridge Investment Research,,,William Scott|Lisa Wang|Brian Garcia|Brian Mitchell,
Jones Wealth,Harborview Private Wealth,Mark Jones,jonesm@harborviewpw.com,,
Carter Portfolio Group,Raymond James Financial Services,Richard Carter,,Richard Carter|Mark Baker|Margaret Reyes|Lisa Diaz|John Morris|Jason Miller,
Green Financial Group,DA Davidson & Co.,,,,
Kim Advisory Group,Edward Jones,Margaret Kim,,,"7185 Market Pl, Nashville, TN 37201"
Green Asset Management Group,LPL Financial,Sandra Green,,,
Mitchell Wealth Management,Ridgeway Wealth Management,,,,"111 River Pkwy, San Francisco, CA 94101"
Baker Financial Group,Woodbury Financial Services,Patricia Baker,,,
Johnson Private Wealth,Crestwood Family Office,Jessica Johnson,,,
Jones Retirement Solutions Group,Edward Jones,,,,
Diaz Private Wealth Group,Ameriprise Financial Services,David Diaz,,,"5152 Madison St, Denver, CO 80201"
Adams Wealth Advisors,LPL Financial,Susan Adams,,,
Jones & Associates,Kingsbridge Capital Advisors,,,,
Flores Portfolio Group,Stifel Nicolaus & Company,Matthew Flores,,Matthew Flores|Robert Smith|Linda Turner,
Wilson Private Client Group,Edward Jones,,,,"4387 Washington Ln, Minneapolis, MN 55401"
Turner Wealth Partners,Commonwealth Financial Network,,,,
Martin Partners,Northgate Investment Partners,Linda Martin,lmartin@northgateinv.com,Linda Martin|Steven Torres|Mark Martin|Jennifer Reyes,
Nguyen Institutional Group,Merrill Lynch Pierce Fenner & Smith,,,Paul Nguyen|Lisa Kim|Barbara Thomas|George Stewart|Paul Rivera,"7130 Highland Court, Portland, OR 97201"
Carter Family Wealth Group,Edward Jones,,,Andrew Carter|Christopher Zhang|Margaret Chen|Linda Jackson|Sandra Hill|Kenneth Campbell|Sarah Harris,
Huang Institutional Group,Raymond James Financial Services,,,,
Jackson Institutional Group,Woodbury Financial Services,,,Helen Jackson|Jennifer Huang|Jessica Williams|Lisa Johnson|Ryan Reyes|Kenneth King|Michael Torres,
Phillips Capital,Crestwood Family Office,Robert Phillips,bob.phillips@crestwoodfo.com,Robert Phillips|Michael Nelson,
Anderson Tax & Wealth Group,Edward Jones,Paul Anderson,,,"9987 Park Pkwy, Raleigh, NC 27601"
Patel Tax & Wealth Group,Robert W. Baird & Co.,,,,"5758 Main Dr, Baltimore, MD 21201"
Carter Capital Group,Raymond James Financial Services,Jennifer Carter,,,
Wilson Capital Partners,Highfield Asset Management,,,,
Roberts Partners,Ridgeway Wealth Management,,,,"4601 Washington Ln, Boston, MA 02101"
Davis Group,Ridgeway Wealth Management,Lisa Davis,,Lisa Davis|Helen Collins|Edward Scott,
Wright Private Wealth Group,Hilliard Lyons,Andrew Wright,,,
White Group,Northgate Investment Partners,,,,
Harris Financial Group,Ameriprise Financial Services,,,,
Anderson Private Client Group,Robert W. Baird & Co.,,randerson@rwbaird.com,,
Garcia Portfolio Group,National Planning Holdings,,,Mark Garcia|Jennifer Jones|Sandra Stewart|Linda Brown|Kenneth Wright|Robert Collins,
Evans Retirement Solutions Group,Oppenheimer & Co.,Jason Evans,,,
Campbell Tax & Wealth Group,Stifel Nicolaus & Company,,,Jacob Campbell|George Young,"9210 Oak Rd, Denver, CO 80201"
Brown Capital,Kingsbridge Capital Advisors,,charles.brown@kingsbridgecap.com,,
Patel Family Wealth Group,Securities America,,,,
Jones Private Wealth Group,Woodbury Financial Services,Amanda Jones,,,"5526 Main Rd, Dallas, TX 75201"
Harris Family Office,Kingsbridge Capital Advisors,,,,
Diaz Private Wealth Group,Wells Fargo Advisors,,diaze@wellsfargoadv.com,,"5354 Madison Blvd, New York, NY 10001"
Wilson Asset Management Group,Ameriprise Financial Services,,,Megan Wilson|Barbara Davis|Sandra Moore,
Garcia Group,Ridgeway Wealth Management,Amanda Garcia,,Amanda Garcia|Charles Taylor|Richard Gomez|Helen Harris|Betty Roberts|William Patel,
Jackson Institutional Group,Oppenheimer & Co.,,,,
Diaz Wealth Partners,Morgan Stanley Wealth Management,,,,
Smith Private Client Group,Oppenheimer & Co.,,,,
Taylor Portfolio Group,Hilliard Lyons,,,,"5280 Lincoln Way, Denver, CO 80201"
Thompson Partners,Northgate Investment Partners,,,,
Mitchell Wealth Advisors,Stifel Nicolaus & Company,Sandra Mitchell,,,"1677 Maple Dr, New York, NY 10022"
Miller Wealth Advisors,DA Davidson & Co.,,,,
Reyes Private Wealth Group,Edward Jones,Edward Reyes,,,"6436 Cedar Ln, Denver, CO 80201"
Parker Institutional Group,National Planning Holdings,Edward Parker,parkere@nph.com,,
Williams Wealth Management Group,Commonwealth Financial Network,,dan.williams@commonwealth.com,,"479 Elm Ave, Austin, TX 78701"
Patel & Associates,Meridian Private Wealth,,,,
Evans Investment Partners,Northgate Investment Partners,,devans@northgateinv.com,David Evans|Charles Evans|Betty Scott|Jennifer Nguyen|Joseph Phillips,
Green Financial Group,LPL Financial,,greend@lpl.com,,
Rivera Family Office,Ridgeway Wealth Management,,,,
Mitchell Advisors,Northgate Investment Partners,Ashley Mitchell,,,
Baker Group,Meridian Private Wealth,,,,"4793 Oak Blvd, Miami, FL 33101"
Nguyen Private Wealth Group,Janney Montgomery Scott,George Nguyen,,George Nguyen|Anthony Reyes|Anthony Smith|Andrew Cruz|Joseph Jones,
Flores Financial Partners,Summit Peak Advisors,,dflores@summitpeakadv.com,Dorothy Flores|Karen Anderson,
White Private Wealth Group,Janney Montgomery Scott,Barbara White,,,"9946 Highland Ln, Charlotte, NC 28201"
Nguyen Portfolio Group,Securities America,,,,
White Asset Management Group,Woodbury Financial Services,,,Brian White|Jeffrey Moore|Jacob Collins|Emily Harris,
Parker Institutional Group,Woodbury Financial Services,Joseph Parker,,,
Nguyen Family Wealth Group,Robert W. Baird & Co.,,,,"2478 Cedar Ave, Washington, DC 20001"
Campbell Advisory Group,Commonwealth Financial Network,,,,
Campbell & Associates,Crestwood Family Office,Jason Campbell,,,
Davis Wealth Partners,Commonwealth Financial Network,Joseph Davis,,,
Yang Partners,Ridgeway Wealth Management,Richard Yang,,,
Adams Retirement Solutions Group,Hilliard Lyons,Lisa Adams,ladams@hl.com,,"3016 Madison Ave, Kansas City, MO 64101"
Roberts Retirement Solutions Group,Merrill Lynch Pierce Fenner & Smith,,,,
Lee Wealth Management Group,Edward Jones,Brian Lee,,,
Jones Capital Partners,Clearwater Capital Group,Donald Jones,,,
Harris Financial Group,Woodbury Financial Services,Michael Harris,,,
Cruz Wealth Management,Clearwater Capital Group,,,,"9700 Cedar Blvd, Nashville, TN 37201"
Morgan Private Wealth,Parkside Wealth Strategies,,,,
Yang Tax & Wealth Group,Cetera Financial Group,,,,
White Portfolio Group,Securities America,,,,
Miller Capital Group,Oppenheimer & Co.,Mark Miller,,Mark Miller|Megan Hill|Susan Parker|Jeffrey Wright|Jacob Evans,
Gomez Asset Management Group,UBS Financial Services,,,,
Edwards Wealth,Meridian Private Wealth,,,,
Jones Tax & Wealth Group,Cambridge Investment Research,,jonesw@cambridgeinv.com,,"3478 Commerce Dr, Philadelphia, PA 19101"
Smith Group,Harborview Private Wealth,,,Andrew Smith|Paul Miller|Ronald Evans|Susan Liu|Jason White|Michael Flores|Edward Wang,"3053 Elm Blvd, Dallas, TX 75201"
Reyes Advisory Group,Stifel Nicolaus & Company,Daniel Reyes,,Daniel Reyes|Richard Diaz|Kenneth Young|Paul Taylor|Andrew Morris|Helen Huang,
Moore & Associates,Meridian Private Wealth,,moorep@meridianpw.com,Paul Moore|James Edwards|Megan Allen|Ashley Flores,
Yang Private Wealth Group,Hilliard Lyons,Ronald Yang,,Ronald Yang|Margaret Thompson|James Evans|Emily Young,
Hall Capital Group,Wells Fargo Advisors,Kenneth Hall,,Kenneth Hall|Dorothy Williams|Sarah Allen,
Wilson Investment Partners,Clearwater Capital Group,,,Kevin Wilson|Nancy Huang|William Parker,
Jones Partners,Highfield Asset Management,,,,
Anderson Advisory Group,UBS Financial Services,,,,"7968 Lincoln Ln, Charlotte, NC 28201"
Garcia Portfolio Group,Securities America,,,,
Patel Private Client Group,Woodbury Financial Services,Mark Patel,,,
Khan Wealth Partners,Edward Jones,,,Matthew Khan|Karen Miller|Jeffrey Campbell|Nancy Green|Amanda Martin,
Rivera Family Office,Crestwood Family Office,,bob.rivera@crestwoodfo.com,,
Roberts Retirement Solutions Group,Oppenheimer & Co.,,,,
Roberts Asset Management Group,Morgan Stanley Wealth Management,Donald Roberts,,,
Martin Financial Group,Oppenheimer & Co.,,bob.martin@opco.com,,"2141 Highland Court, Minneapolis, MN 55401"
Wright Investment Partners,Summit Peak Advisors,Rachel Wright,,,"2334 Market Way, Nashville, TN 37201"
Campbell Family Office,Ridgeway Wealth Management,,,,
Gomez Partners,Meridian Private Wealth,,,,
Khan Asset Management,Northgate Investment Partners,,,Anthony Khan|Lisa Flores|Sandra Reyes|Sarah Smith|Brian Wright,
Reyes Wealth Advisors,Merrill Lynch Pierce Fenner & Smith,,,,
Jackson Capital Group,Janney Montgomery Scott,Ronald Jackson,,Ronald Jackson|Sarah Morris|John Diaz|Jennifer Patel,"7226 Market Pl, Washington, DC 20001"
Zhang Family Wealth Group,Cetera Financial Group,Margaret Zhang,,,
Yang Investment Partners,Harborview Private Wealth,Jeffrey Yang,,,
Zhang Advisory Group,UBS Financial Services,,,,"8929 Commerce Ln, San Jose, CA 95101"
Young Portfolio Group,Cambridge Investment Research,Brian Young,youngb@cambridgeinv.com,,
Moore Capital Partners,Meridian Private Wealth,Ryan Moore,,,
Hall Capital Partners,Parkside Wealth Strategies,,,,
Stewart Asset Management Group,UBS Financial Services,,,,
Mitchell Private Wealth Group,Stifel Nicolaus & Company,Richard Mitchell,rmitchell@stifel.com,,"2566 Lake Pl, Philadelphia, PA 19101"
Chen Wealth,Highfield Asset Management,,,Mark Chen|Daniel Cruz|Margaret Liu|Thomas Nguyen|Donald Hill,"7415 Hill Pl, Dallas, TX 75201"
King Family Wealth Group,Ameriprise Financial Services,,,,"774 Highland Pkwy, Denver, CO 80201"
Harris Wealth Partners,Janney Montgomery Scott,,,,
Morris Private Client Group,Robert W. Baird & Co.,John Morris,,,
Garcia Wealth Partners,Ameriprise Financial Services,Lisa Garcia,,,
Jackson Institutional Group,Commonwealth Financial Network,Jacob Jackson,,,
Williams Private Client Group,Robert W. Baird & Co.,,,,
Harris Wealth Advisors,Robert W. Baird & Co.,Jennifer Harris,,Jennifer Harris|Matthew Huang|Edward Wilson,"5564 Madison Pl, Memphis, TN 38101"
Williams Institutional Group,Cetera Financial Group,,,,
Jones Private Wealth Group,Hilliard Lyons,Margaret Jones,,,
Adams Private Client Group,Edward Jones,Jeffrey Adams,,,
Diaz Family Office,Kingsbridge Capital Advisors,,,,
Collins Capital,Crestwood Family Office,Karen Collins,,Karen Collins|Susan Diaz,"6143 Spring Pkwy, Charlotte, NC 28201"
Thompson Family Wealth Group,Woodbury Financial Services,,,William Thompson|Emily Collins|Daniel Hall,
Zhang Wealth Management Group,Cetera Financial Group,,,,
Mitchell Asset Management Group,Edward Jones,,,,
Nelson Family Wealth Group,Merrill Lynch Pierce Fenner & Smith,Steven Nelson,,Steven Nelson|Thomas Smith|Matthew King|Megan Martin,
Johnson Tax & Wealth Group,Janney Montgomery Scott,Richard Johnson,,,
Edwards Financial Partners,Crestwood Family Office,,,Edward Edwards|Anthony Garcia,"6756 River Way, Indianapolis, IN 46201"
Jones Wealth Advisors,Edward Jones,Karen Jones,,,"3178 Elm Pl, New York, NY 10001"
Lee Private Wealth Group,Oppenheimer & Co.,,,,
Wright Tax & Wealth Group,Woodbury Financial Services,,wrights@woodburyfs.com,Sarah Wright|William Wang|Christopher Carter|Nancy Wright|Karen Khan|Susan Chen|Joseph Nguyen,
Morris Portfolio Group,Ameriprise Financial Services,Lisa Morris,,,
Morris Portfolio Group,Janney Montgomery Scott,Jessica Morris,,,
Allen Capital,Clearwater Capital Group,Daniel Allen,,Daniel Allen|Ryan Zhang|Michael Chen,"1784 Willow Pkwy, Atlanta, GA 30301"
Kim Private Wealth Group,National Planning Holdings,,,Jeffrey Kim|Andrew Garcia|David Young,"2940 Market Pl, Los Angeles, CA 90001"
Garcia Advisors,Crestwood Family Office,Betty Garcia,,,
Thomas Wealth Management Group,Stifel Nicolaus & Company,,,,
Evans Tax & Wealth Group,Wells Fargo Advisors,Michael Evans,,,
Khan Wealth Partners,Stifel Nicolaus & Company,,,,
Allen Institutional Group,UBS Financial Services,,,Margaret Allen|Ronald Stewart,"1444 Cedar St, St. Louis, MO 63101"
Nguyen Family Wealth Group,DA Davidson & Co.,,,,
Hill Asset Management,Crestwood Family Office,,,,"2416 Market Blvd, Indianapolis, IN 46201"
Kim Institutional Group,Commonwealth Financial Network,,lkim@commonwealth.com,,"6688 Lincoln Pkwy, Phoenix, AZ 85001"
Garcia Group,Summit Peak Advisors,,tim.garcia@summitpeakadv.com,,
Taylor Capital,Harborview Private Wealth,,,Matthew Taylor|Linda Stewart|Thomas Martin|Matthew Carter|Dorothy Davis|Charles Evans,
Young Capital Group,Hilliard Lyons,David Young,,,
Williams Investment Partners,Summit Peak Advisors,Nancy Williams,,,"9150 Washington Blvd, New York, NY 10001"
Phillips Capital Group,DA Davidson & Co.,,,Ronald Phillips|Barbara Reyes|Rachel Rivera|Jennifer Green|Betty Edwards|Steven Jackson|Robert Miller,
Wright & Associates,Highfield Asset Management,Nancy Wright,,,
Wang Portfolio Group,Cetera Financial Group,,,,"3993 Park Ln, Los Angeles, CA 90001"
Chen Portfolio Group,Raymond James Financial Services,,,,
Chen Portfolio Group,Robert W. Baird & Co.,,chenp@rwbaird.com,,
Gomez Private Client Group,Robert W. Baird & Co.,,,,"5386 Lake Court, Kansas City, MO 64101"
White Wealth Partners,UBS Financial Services,Karen White,,,
Turner Wealth Management Group,Commonwealth Financial Network,,,,"9347 Lake Blvd, San Jose, CA 95101"
Campbell Group,Clearwater Capital Group,,,,
Parker Asset Management,Northgate Investment Partners,,,,
Yang Wealth Advisors,UBS Financial Services,Sandra Yang,yangs@ubs.com,,
Baker Wealth Partners,Securities America,Mark Baker,,,
Baker Capital Group,Edward Jones,,,David Baker|Ronald Evans|Linda Thompson|Jessica Collins|Dorothy Thompson|David Cruz,"5746 Spring Pkwy, Baltimore, MD 21201"
Turner Wealth Partners,Merrill Lynch Pierce Fenner & Smith,Timothy Turner,,,
Evans Financial Group,Wells Fargo Advisors,,amanda.evans@wellsfargoadv.com,,
Liu Private Wealth Group,Cetera Financial Group,,,,"6707 Market Pkwy, San Francisco, CA 94101"
Chen Partners,Summit Peak Advisors,Matthew Chen,,,
Parker Portfolio Group,Janney Montgomery Scott,,,Jacob Parker|Kevin Campbell|Jacob Martin|Sandra Diaz|Ronald Brown|David Khan,
Williams Investment Partners,Kingsbridge Capital Advisors,Barbara Williams,,,
Hill Family Office,Highfield Asset Management,Susan Hill,susan.hill@highfieldam.com,,"8062 Willow Pl, Chicago, IL 60601"
Hall Retirement Solutions Group,Woodbury Financial Services,Sandra Hall,,,
Hill Group,Crestwood Family Office,Anthony Hill,,,
Turner Tax & Wealth Group,Ameriprise Financial Services,,turnerj@ampf.com,Jeffrey Turner|David Liu|Lisa King,
Chen & Associates,Crestwood Family Office,Brian Chen,,Brian Chen|Jennifer Huang|Sarah Carter|Thomas Garcia|Christopher Nguyen,
Martin Advisory Group,LPL Financial,Margaret Martin,,,
Edwards Wealth Management,Ridgeway Wealth Management,Emily Edwards,,,"1739 Market Ave, Las Vegas, NV 89101"
Miller Private Client Group,Robert W. Baird & Co.,Kenneth Miller,,,
Mitchell Investment Group,Robert W. Baird & Co.,,,,
Nguyen Private Client Group,Cetera Financial Group,Lisa Nguyen,,Lisa Nguyen|Kenneth Reyes|Amanda Martin|Brian Patel,
Turner Investment Partners,Harborview Private Wealth,,,,"3747 Madison Court, Raleigh, NC 27601"
Thompson Private Client Group,Morgan Stanley Wealth Management,,,,"980 Lincoln Dr, Seattle, WA 98101"
Nelson Financial Group,Hilliard Lyons,,,Rachel Nelson|Brian Martin|Dorothy Nelson|Mark Morgan,"2147 Oak Ave, New York, NY 10022"
Martin Advisory Group,Janney Montgomery Scott,,,,
Martin Private Wealth Group,Oppenheimer & Co.,,betty.martin@opco.com,,
Harris Retirement Solutions Group,Oppenheimer & Co.,,,Charles Harris|Jacob Cruz,
Patel Private Wealth,Crestwood Family Office,Rachel Patel,,Rachel Patel|Richard Diaz|Margaret Hill|Robert Moore|Susan Morgan|Steven Turner,
Morgan Advisors,Kingsbridge Capital Advisors,,,,"6826 Lake Dr, Phoenix, AZ 85001"
Miller Investment Partners,Kingsbridge Capital Advisors,,,,
Roberts Private Wealth,Harborview Private Wealth,,,Sarah Roberts|Timothy Morgan|Betty Williams|Joseph Nelson,
Phillips Retirement Solutions Group,Morgan Stanley Wealth Management,,,,
Roberts Private Client Group,DA Davidson & Co.,,,Dorothy Roberts|Megan Anderson|Susan King|Sarah Cruz|Richard Hill|Timothy Moore|Joseph Stewart,
Gomez Financial Partners,Summit Peak Advisors,,kgomez@summitpeakadv.com,,
Patel Private Wealth,Highfield Asset Management,Edward Patel,,Edward Patel|Thomas Wilson|Jessica Mitchell|Anthony Thompson|Jacob Garcia,
Khan Capital Group,Edward Jones,Mark Khan,,Mark Khan|Matthew Brown|Megan Nelson|Kenneth Taylor,
Allen Portfolio Group,Commonwealth Financial Network,Kevin Allen,kev.allen@commonwealth.com,,"3814 Lincoln Dr, Indianapolis, IN 46201"
Zhang & Associates,Harborview Private Wealth,Jacob Zhang,zhangj@harborviewpw.com,,
Carter Capital,Clearwater Capital Group,,,,
Martin Group,Summit Peak Advisors,,,,
King Capital,Ridgeway Wealth Management,Christopher King,,Christopher King|Jessica Roberts|Charles Chen|Jennifer Khan|Amanda Huang|Kenneth Hill|Ryan Morris,
Martin Institutional Group,Oppenheimer & Co.,,,,"4570 Willow Dr, Charlotte, NC 28201"
Yang Group,Meridian Private Wealth,,yangr@meridianpw.com,,"5713 Park Ln, Los Angeles, CA 90001"
Jackson Wealth Advisors,Raymond James Financial Services,Michael Jackson,,,"8945 Park Way, Chicago, IL 60601"
Parker Investment Group,Robert W. Baird & Co.,Nancy Parker,,,
Davis Investment Group,UBS Financial Services,,,,
Liu Private Client Group,Cambridge Investment Research,,,,"6569 River Way, St. Louis, MO 63101"
Parker Institutional Group,Morgan Stanley Wealth Management,Margaret Parker,,Margaret Parker|Nancy Moore|Jeffrey Phillips|Karen Smith|Patricia Flores,
Edwards Wealth,Kingsbridge Capital Advisors,,,Patricia Edwards|Jessica Campbell|Susan Hill|Helen Brown,"6916 Cedar Way, Phoenix, AZ 85001"
Miller Asset Management,Ridgeway Wealth Management,,,Kenneth Miller|Christopher Nguyen|Kenneth Diaz|Jennifer Patel|Betty Martin|Amanda Green|Dorothy Allen,"6488 Lake St, Miami, FL 33101"
Evans Private Wealth Group,Wells Fargo Advisors,Rachel Evans,,Rachel Evans|Nancy Patel,
Patel Financial Partners,Parkside Wealth Strategies,,,,
Adams & Associates,Harborview Private Wealth,,,,
Hill Financial Group,Raymond James Financial Services,,,Rachel Hill|Donald Jones|Megan Harris|Kevin Yang,
Wilson Private Client Group,DA Davidson & Co.,,,Jason Wilson|Sandra Roberts,"5685 Lincoln St, Phoenix, AZ 85001"
Johnson Asset Management,Crestwood Family Office,,,Ryan Johnson|Megan White|Matthew Morgan,
White Private Client Group,Hilliard Lyons,Jessica White,,,
Allen Capital Group,Merrill Lynch Pierce Fenner & Smith,,patricia.allen@ml.com,,
Garcia Capital,Parkside Wealth Strategies,,,,
Kim Advisory Group,National Planning Holdings,,,,"5652 Jefferson Ave, Minneapolis, MN 55401"
Adams Tax & Wealth Group,Cetera Financial Group,,,,
King Advisory Group,Securities America,Rachel King,rachel.king@secam.com,,
White Wealth Partners,DA Davidson & Co.,,,,
Reyes Capital Partners,Clearwater Capital Group,Jason Reyes,,,
Zhang Partners,Highfield Asset Management,Jessica Zhang,zhangj@highfieldam.com,,
Morgan Retirement Solutions Group,Ameriprise Financial Services,,,,"9662 Willow Pkwy, Portland, OR 97201"
Baker Asset Management Group,Commonwealth Financial Network,Emily Baker,,Emily Baker|Lisa Flores|Jennifer Nelson|Charles Rivera|Emily Patel|Dorothy Moore|Christopher Nguyen,
Jackson Investment Partners,Ridgeway Wealth Management,Emily Jackson,,,
Chen Asset Management Group,Cetera Financial Group,James Chen,,James Chen|Thomas Kim|Margaret Patel|Helen Baker|Robert Evans|Jacob Huang,
Liu Financial Group,Ameriprise Financial Services,,,,
Khan Financial Partners,Highfield Asset Management,Jeffrey Khan,,Jeffrey Khan|Lisa Davis|Thomas Carter,
Anderson Investment Group,Woodbury Financial Services,,,,
Patel Investment Group,Stifel Nicolaus & Company,,,,
Chen Family Office,Harborview Private Wealth,John Chen,,,"9373 Lake St, San Diego, CA 92101"
King Financial Partners,Highfield Asset Management,Betty King,betty.king@highfieldam.com,,"2403 River Ave, Las Vegas, NV 89101"
Huang Investment Partners,Summit Peak Advisors,Nancy Huang,,,
Patel Partners,Northgate Investment Partners,,,Susan Patel|Susan Khan|James King,"4293 Willow Pl, Phoenix, AZ 85001"
Flores Private Client Group,Stifel Nicolaus & Company,,,,
Cruz Investment Group,DA Davidson & Co.,,,,
Evans Group,Highfield Asset Management,David Evans,,David Evans|Jacob Roberts|George Wilson|Jessica Khan|Patricia Roberts|Susan Morgan,"5441 Lincoln Ln, Nashville, TN 37201"
Wang Tax & Wealth Group,Commonwealth Financial Network,,,Christopher Wang|Kenneth Roberts|Karen Khan,
Roberts Retirement Solutions Group,Cetera Financial Group,Daniel Roberts,,,
Smith Wealth Management Group,Morgan Stanley Wealth Management,,,,"5411 Oak Blvd, Los Angeles, CA 90001"
Reyes Group,Ridgeway Wealth Management,,,,
Huang Family Wealth Group,Raymond James Financial Services,George Huang,,,
Cruz Portfolio Group,DA Davidson & Co.,Edward Cruz,,,"7428 Hill Blvd, San Diego, CA 92101"
Wright Wealth Partners,Securities America,Jacob Wright,jacob.wright@secam.com,,
Hill Wealth Advisors,Securities America,,,Anthony Hill|Ashley Phillips|Charles White|Thomas Hill,
Thompson Family Wealth Group,Commonwealth Financial Network,,,William Thompson|James Miller|Karen Williams|Jason Miller|Emily Green,
Zhang Financial Group,Commonwealth Financial Network,,,,"2266 Elm Pl, New York, NY 10001"
Reyes Capital Group,Securities America,,,,
Wright Wealth Advisors,Commonwealth Financial Network,,,Rachel Wright|Karen Wang|Sarah Khan|Joseph Jones|Sandra Chen|Anthony Khan|Megan Diaz,
Young Portfolio Group,Ameriprise Financial Services,,,David Young|Kenneth Edwards|Joseph Patel|Kenneth Wang|Daniel Allen,
Lee Advisory Group,Securities America,Dorothy Lee,,,"9648 Washington Ln, Indianapolis, IN 46201"
Reyes Capital Partners,Summit Peak Advisors,Patricia Reyes,,,
Huang Investment Partners,Highfield Asset Management,,jhuang@highfieldam.com,,
Yang Wealth Advisors,Janney Montgomery Scott,Mark Yang,,Mark Yang|Ryan Khan,
Kim Wealth Advisors,Stifel Nicolaus & Company,Paul Kim,,Paul Kim|Margaret Brown|Kevin Johnson|Jason Brown|Emily Young|James Phillips,
Edwards Capital Group,Merrill Lynch Pierce Fenner & Smith,Margaret Edwards,,,"8012 Commerce Ln, San Antonio, TX 78201"
Wilson Private Wealth,Harborview Private Wealth,,,,
Cruz Private Wealth,Parkside Wealth Strategies,,,,
Hill Wealth Partners,LPL Financial,,,Daniel Hill|James Turner,
Thompson Investment Group,Merrill Lynch Pierce Fenner & Smith,Susan Thompson,,,"3749 Spring Pkwy, Philadelphia, PA 19101"
Evans Family Office,Northgate Investment Partners,Sarah Evans,,Sarah Evans|Lisa Harris,
Johnson Financial Partners,Meridian Private Wealth,,johnsonm@meridianpw.com,,
Phillips Portfolio Group,Edward Jones,,,,"360 Oak St, Washington, DC 20001"
Chen Family Wealth Group,Commonwealth Financial Network,Donald Chen,,,
Moore Family Wealth Group,Commonwealth Financial Network,,,,
Hill Wealth Management,Ridgeway Wealth Management,Emily Hill,hille@ridgewaywm.com,,"414 Spring Dr, San Diego, CA 92101"
Thomas Advisory Group,Oppenheimer & Co.,,,,
White Asset Management Group,UBS Financial Services,,,Daniel White|Steven Johnson|Kevin Roberts|Jessica Torres|Matthew Collins,
Taylor Partners,Clearwater Capital Group,Dorothy Taylor,,Dorothy Taylor|Betty Brown,
Lee Investment Group,Raymond James Financial Services,Donald Lee,,,
Thompson & Associates,Summit Peak Advisors,,,Rachel Thompson|Edward Allen|Jennifer Hill|Kenneth Jones|David Gomez|Amanda Taylor|Karen Lee,"957 Elm Blvd, San Diego, CA 92101"
Wilson Capital Group,Hilliard Lyons,David Wilson,,David Wilson|Rachel Garcia,"3910 Oak Way, Denver, CO 80201"
Lee Group,Meridian Private Wealth,,,,
Jones Portfolio Group,Robert W. Baird & Co.,,,,"7807 Spring Way, Chicago, IL 60601"
Anderson Asset Management,Summit Peak Advisors,Mark Anderson,,Mark Anderson|Joseph Stewart|Margaret Wilson|William Parker|George Huang,
Torres Tax & Wealth Group,Securities America,,,,
Williams Wealth Partners,Merrill Lynch Pierce Fenner & Smith,Sarah Williams,,,
Allen Advisory Group,Ameriprise Financial Services,,,William Allen|Robert Stewart|Ryan Gomez|Robert Miller|Robert Garcia|Andrew Morris,
Reyes Wealth,Northgate Investment Partners,,,,"920 Park Pkwy, Kansas City, MO 64101"
Parker Wealth,Highfield Asset Management,,,Betty Parker|Patricia Collins|Jessica Reyes|Lisa Garcia|Susan Lee|Edward Scott,
Kim Wealth Management,Parkside Wealth Strategies,,,,"849 Oak Pkwy, Austin, TX 78701"
Smith Financial Group,Cambridge Investment Research,Robert Smith,,,
Flores Wealth Partners,Edward Jones,,,Lisa Flores|Jacob Johnson|Jessica White|Michael Morgan|Betty Phillips|Ashley Liu|Susan Morris,"390 Market Dr, San Francisco, CA 94101"
Turner Portfolio Group,Woodbury Financial Services,Rachel Turner,,,
Nguyen Wealth Advisors,UBS Financial Services,Sandra Nguyen,,Sandra Nguyen|Jennifer Morris|Linda Yang|Richard Garcia|Sandra Allen|Lisa Green,
Parker Portfolio Group,UBS Financial Services,,,,
Diaz Capital Partners,Parkside Wealth Strategies,,,,
Patel Advisory Group,Oppenheimer & Co.,Ryan Patel,,,
Edwards Wealth Advisors,DA Davidson & Co.,,linda.edwards@dadavidson.com,,
Martin Institutional Group,Wells Fargo Advisors,,,,
Gomez Wealth Management Group,Oppenheimer & Co.,Andrew Gomez,,Andrew Gomez|Anthony Roberts|Linda Hill|Kevin Nelson|Donald Campbell|Barbara Baker,
Nguyen Private Wealth Group,Raymond James Financial Services,Kenneth Nguyen,,Kenneth Nguyen|Donald Campbell|Mark Morgan|George Brown,"6518 Main Dr, Philadelphia, PA 19101"
Gomez Private Wealth Group,Morgan Stanley Wealth Management,,jgomez@morganstanley.com,,
King Investment Partners,Kingsbridge Capital Advisors,Margaret King,mking@kingsbridgecap.com,Margaret King|Ronald Thomas|Lisa Miller|Susan Phillips|Nancy Taylor,
Moore Financial Group,Raymond James Financial Services,,,Jennifer Moore|Donald Williams|Thomas White,
Williams Private Wealth,Highfield Asset Management,Andrew Williams,,,
Torres Wealth Advisors,Merrill Lynch Pierce Fenner & Smith,,,,
Williams Family Wealth Group,DA Davidson & Co.,Sandra Williams,,Sandra Williams|Linda Campbell|Helen Young,"8984 Cedar Blvd, Minneapolis, MN 55401"
Hall & Associates,Northgate Investment Partners,,,,
Allen Wealth Partners,Securities America,Andrew Allen,,,"2644 Elm Blvd, New York, NY 10001"
Thomas Group,Clearwater Capital Group,,,,"1255 Jefferson Dr, San Antonio, TX 78201"
Edwards Investment Group,Securities America,,,,
Nguyen Private Wealth Group,Cetera Financial Group,James Nguyen,,James Nguyen|Jeffrey Davis|Richard Lee|Rachel Khan|Amanda Wilson|Jason King,
Parker & Associates,Meridian Private Wealth,Nancy Parker,,,
Morris Private Wealth Group,Merrill Lynch Pierce Fenner & Smith,Matthew Morris,,,"8548 Cedar Court, Chicago, IL 60601"
Turner Private Wealth Group,LPL Financial,,,Sarah Turner|Barbara Torres,
Roberts Family Wealth Group,Cetera Financial Group,,,,
Thomas Private Wealth Group,Merrill Lynch Pierce Fenner & Smith,John Thomas,,,"4403 Willow Ln, Minneapolis, MN 55401"
Nelson Family Wealth Group,Robert W. Baird & Co.,,,,
White Advisory Group,Morgan Stanley Wealth Management,,whitem@morganstanley.com,Megan White|Andrew Garcia|Daniel Lee|Kevin Hill|Kenneth Jones|James Chen,
White Investment Group,DA Davidson & Co.,John White,,,
Scott Financial Group,Securities America,,,Robert Scott|Megan Hill|Brian Wright|Andrew Flores|Richard Taylor|Sarah White,
Nguyen Tax & Wealth Group,DA Davidson & Co.,,,,
Gomez Investment Partners,Clearwater Capital Group,,,,"8435 Market Ave, San Diego, CA 92101"
Morris Retirement Solutions Group,Ameriprise Financial Services,Linda Morris,,Linda Morris|Megan Thomas|Matthew Lee|Robert Adams,
Davis Tax & Wealth Group,Cambridge Investment Research,,,,"1310 Cedar Pkwy, San Francisco, CA 94101"
Garcia Private Client Group,Janney Montgomery Scott,Andrew Garcia,andy.garcia@janney.com,,
Roberts Family Wealth Group,Janney Montgomery Scott,,,George Roberts|Emily Miller|Patricia Morgan,
Lee Advisors,Ridgeway Wealth Management,,,John Lee|Kenneth Evans,
Gomez Capital,Harborview Private Wealth,Rachel Gomez,,,
Jackson Portfolio Group,Wells Fargo Advisors,Dorothy Jackson,,Dorothy Jackson|Timothy Reyes|Charles Kim|Matthew Patel|Jeffrey Khan,
Zhang Wealth Advisors,Securities America,,zhangl@secam.com,,"6262 Spring Dr, Boston, MA 02101"
Garcia Wealth Partners,Ameriprise Financial Services,,,George Garcia|Ryan Baker,
Nguyen Capital Partners,Parkside Wealth Strategies,Megan Nguyen,,,
Wright Wealth Management Group,DA Davidson & Co.,,,,
Mitchell Group,Clearwater Capital Group,,mitchellr@clearwatercap.com,,
Edwards Retirement Solutions Group,Raymond James Financial Services,,,Patricia Edwards|Rachel Moore|Karen King|Thomas Phillips|Brian Brown|Jennifer Johnson|Amanda Kim,
Brown Wealth Management Group,LPL Financial,,brownn@lpl.com,,
Morgan Family Wealth Group,Robert W. Baird & Co.,,,Steven Morgan|Michael Cruz,
Rivera Capital,Crestwood Family Office,,,Helen Rivera|Michael Morris|Edward Cruz|Timothy Lee|Helen Zhang|Betty Baker,"3265 River Ln, Denver, CO 80201"
Cruz Tax & Wealth Group,Raymond James Financial Services,,cruzm@raymondjames.com,,
King Group,Highfield Asset Management,Karen King,,,
Davis Financial Group,DA Davidson & Co.,Andrew Davis,,,
Thomas Capital Group,Cetera Financial Group,,,Barbara Thomas|Donald Moore,
Parker Private Wealth Group,Stifel Nicolaus & Company,,,,
Wang Private Wealth Group,DA Davidson & Co.,,dwang@dadavidson.com,,
Morris Wealth Partners,Woodbury Financial Services,Margaret Morris,,Margaret Morris|Jeffrey Turner|Sandra Morgan,
Mitchell Family Office,Harborview Private Wealth,Jason Mitchell,jason.mitchell@harborviewpw.com,,"8411 Cedar Ave, Chicago, IL 60601"
Collins Wealth Advisors,Morgan Stanley Wealth Management,Megan Collins,,,
Brown Financial Partners,Summit Peak Advisors,,,,
Harris Financial Group,Robert W. Baird & Co.,Nancy Harris,,,
Mitchell Private Client Group,Janney Montgomery Scott,William Mitchell,,,
Hall Retirement Solutions Group,Woodbury Financial Services,,,Lisa Hall|Charles Martin|Jason Adams|Paul Cruz|David Jones|William Baker|Edward Jackson,
Smith Advisory Group,DA Davidson & Co.,Dorothy Smith,,,
Patel Wealth Management Group,Edward Jones,,,,
Roberts Capital,Harborview Private Wealth,,,,
Cruz Group,Highfield Asset Management,Patricia Cruz,,,
Anderson Wealth Management Group,Hilliard Lyons,Charles Anderson,,,
Baker Wealth Partners,Raymond James Financial Services,,,,
Reyes Capital Group,Woodbury Financial Services,Jason Reyes,,,
Morgan Investment Partners,Harborview Private Wealth,,,,
Adams Investment Group,Cetera Financial Group,James Adams,,,
Wright Private Client Group,Edward Jones,Dorothy Wright,,Dorothy Wright|Helen Johnson|Megan Davis,
Collins Family Office,Meridian Private Wealth,Margaret Collins,,,
Wang Wealth Partners,Hilliard Lyons,,,,
Patel Family Wealth Group,Janney Montgomery Scott,Andrew Patel,,Andrew Patel|Richard Hall|Margaret Allen|Charles Gomez|Margaret Chen|Ronald Taylor|Susan Smith,
Young Private Wealth Group,National Planning Holdings,,youngt@nph.com,Thomas Young|Amanda Khan|Margaret Evans|Emily Collins|Margaret Miller|Jason Reyes|Jacob Thomas,
Chen Investment Group,Wells Fargo Advisors,Jennifer Chen,chenj@wellsfargoadv.com,,
Rivera Retirement Solutions Group,UBS Financial Services,,,,
Zhang Family Wealth Group,UBS Financial Services,,,,
King Wealth Advisors,LPL Financial,,,Sarah King|Helen Mitchell|Daniel Hill|Robert White|David Adams|Paul Mitchell,
Harris Wealth Management Group,National Planning Holdings,John Harris,,,
Lee Capital,Highfield Asset Management,Kenneth Lee,,Kenneth Lee|Ronald Morgan|Andrew Parker|Jason Torres,
Williams Capital Group,Woodbury Financial Services,Daniel Williams,,Daniel Williams|Megan Phillips|David Miller|Edward Thomas|Ashley Gomez,
White Partners,Summit Peak Advisors,,,,
Miller Wealth,Northgate Investment Partners,,,,
Liu Private Wealth,Northgate Investment Partners,Richard Liu,,,"2850 Cedar Dr, Phoenix, AZ 85001"
Wilson & Associates,Crestwood Family Office,,,William Wilson|James Cruz|Linda Thompson,
Stewart Private Wealth Group,DA Davidson & Co.,Richard Stewart,,,
Jackson Asset Management,Summit Peak Advisors,,,Mark Jackson|Barbara Torres|Jason Diaz,
Rivera Asset Management Group,Securities America,,,,
Collins Tax & Wealth Group,Stifel Nicolaus & Company,,,,
Yang Institutional Group,Ameriprise Financial Services,,ed.yang@ampf.com,,"4239 River Rd, Boston, MA 02101"
Stewart Asset Management Group,National Planning Holdings,,stewartc@nph.com,Christopher Stewart|Jacob Adams|Lisa Roberts|Richard Edwards,
Kim Private Client Group,DA Davidson & Co.,John Kim,,John Kim|Anthony Wang|Amanda Campbell|Jennifer Turner|Kevin Collins|Emily Stewart,"4345 Spring Pkwy, San Antonio, TX 78201"
Khan Portfolio Group,UBS Financial Services,Dorothy Khan,,,
Jones Family Office,Ridgeway Wealth Management,,,,
Nguyen Private Wealth Group,Ameriprise Financial Services,,,,
Smith Advisory Group,Oppenheimer & Co.,Andrew Smith,,,"3198 Spring Blvd, Indianapolis, IN 46201"
Wilson Tax & Wealth Group,Merrill Lynch Pierce Fenner & Smith,Ryan Wilson,,,
Moore Wealth Partners,Woodbury Financial Services,,ashley.moore@woodburyfs.com,,
Green Private Client Group,Merrill Lynch Pierce Fenner & Smith,,,Andrew Green|Sarah Torres|Lisa Edwards|Ashley Williams,
Williams Partners,Parkside Wealth Strategies,Charles Williams,charles.williams@parksidewealth.com,,"6835 Commerce Rd, Chicago, IL 60601"
Morgan Investment Group,DA Davidson & Co.,Joseph Morgan,joe.morgan@dadavidson.com,,
Miller Capital,Crestwood Family Office,Betty Miller,bmiller@crestwoodfo.com,Betty Miller|Timothy Turner|John Torres|Nancy Young|Andrew Flores|Helen Edwards|Lisa Harris,"2866 Elm Court, Boston, MA 02101"
Kim Investment Partners,Ridgeway Wealth Management,James Kim,,,
Wright Asset Management Group,Edward Jones,,,Timothy Wright|Edward Allen|Anthony White|Brian Wilson|Linda Flores|Matthew Roberts,
Brown Investment Partners,Crestwood Family Office,,megan.brown@crestwoodfo.com,,
Brown Portfolio Group,LPL Financial,,,,
Jones Private Wealth,Parkside Wealth Strategies,Jason Jones,,,
Phillips Financial Group,Ameriprise Financial Services,Sandra Phillips,sandra.phillips@ampf.com,Sandra Phillips|Helen Diaz,
Harris Private Client Group,Edward Jones,,,,
Garcia Investment Group,Morgan Stanley Wealth Management,,,,"2939 Madison St, St. Louis, MO 63101"
Morgan Wealth Management Group,LPL Financial,Dorothy Morgan,dmorgan@lpl.com,,
Moore Investment Group,DA Davidson & Co.,,moorem@dadavidson.com,,"8595 Main Ave, Miami, FL 33101"
Martin Family Office,Highfield Asset Management,Andrew Martin,,Andrew Martin|Paul Hall|Margaret Smith|Emily Flores|Ronald Lee|John Diaz|Sandra Liu,"6966 Market Pkwy, Austin, TX 78701"
Adams Capital,Clearwater Capital Group,Steven Adams,,Steven Adams|Ashley Carter|Dorothy Edwards,"4311 Spring Blvd, St. Louis, MO 63101"
Hall Wealth Advisors,Robert W. Baird & Co.,Patricia Hall,,Patricia Hall|Ronald Phillips|Paul Flores|Sarah Baker|Dorothy Nelson|Jacob Huang|Michael Green,
Yang Portfolio Group,Merrill Lynch Pierce Fenner & Smith,,,,"8520 Jefferson Blvd, Denver, CO 80201"
Rivera Private Client Group,Woodbury Financial Services,,,,
Diaz Wealth Advisors,Commonwealth Financial Network,William Diaz,,,
Nguyen Investment Partners,Kingsbridge Capital Advisors,Betty Nguyen,,,
Harris Private Wealth,Ridgeway Wealth Management,Karen Harris,,Karen Harris|David Evans|Helen Cruz|Steven Carter|John Campbell|Ashley Smith,
Davis Capital Partners,Parkside Wealth Strategies,,,,
Nelson Institutional Group,UBS Financial Services,Patricia Nelson,,,
Carter Portfolio Group,Stifel Nicolaus & Company,Sandra Carter,,Sandra Carter|Charles Diaz|Andrew Flores|David Parker|Michael King|William Garcia|Robert Kim,
Kim Partners,Clearwater Capital Group,,,Emily Kim|Helen Stewart|Karen Johnson|Jason Anderson|James Torres,
Scott Institutional Group,UBS Financial Services,,,,"4835 Commerce Blvd, Washington, DC 20001"
Torres Wealth Management,Highfield Asset Management,Patricia Torres,,Patricia Torres|George Huang|Jennifer Turner|Mark Huang|Megan Green|Sarah Phillips|Jeffrey Adams,
Martin Financial Partners,Crestwood Family Office,Kenneth Martin,,Kenneth Martin|Amanda Morris|Jeffrey Martin|George Diaz|Christopher Brown|Andrew Garcia|Betty Young,
Morgan Family Wealth Group,Wells Fargo Advisors,Lisa Morgan,,Lisa Morgan|Karen Garcia|Matthew Harris|Dorothy Kim|Jacob Evans|Jacob White|Ashley Patel,
Hill Family Wealth Group,Cetera Financial Group,Ryan Hill,,Ryan Hill|Edward Yang|Nancy Morgan|James Chen|Susan King|Jennifer Hall|Jacob Garcia,
Allen Wealth Management,Summit Peak Advisors,Dorothy Allen,,,
Rivera Family Office,Clearwater Capital Group,Jennifer Rivera,,,
Anderson Wealth Partners,Cetera Financial Group,,,,
Campbell Private Wealth,Parkside Wealth Strategies,,,,
Lee Portfolio Group,Stifel Nicolaus & Company,Lisa Lee,,,"6851 Market Dr, Chicago, IL 60601"
Moore & Associates,Highfield Asset Management,Charles Moore,,,
Lee Portfolio Group,Securities America,Christopher Lee,,,"8571 Commerce Court, Boston, MA 02101"
Adams Wealth Partners,Securities America,Paul Adams,,,"6433 River Blvd, New York, NY 10001"
Garcia Investment Partners,Highfield Asset Management,,,,
Evans Asset Management,Clearwater Capital Group,,,Sandra Evans|Dorothy Baker|Jennifer Young|Paul Wright|Barbara Martin|Ashley Morris,
Harris Wealth Partners,Janney Montgomery Scott,,,,
Green Investment Group,Oppenheimer & Co.,,,Megan Green|Donald Campbell|Megan Johnson|Joseph Moore|Paul Chen,
Patel Wealth Partners,Cambridge Investment Research,Andrew Patel,,,"7940 Lake Ln, Las Vegas, NV 89101"
Huang Partners,Harborview Private Wealth,,,Donald Huang|John Huang|Sarah White|Richard Nguyen|Robert Wilson|Timothy Wilson,
Kim Wealth Partners,Ameriprise Financial Services,Kevin Kim,,Kevin Kim|Daniel Khan|Brian Collins|Ryan Wang|Linda Jones|Jessica Flores|Kevin Diaz,"4053 Oak Dr, San Antonio, TX 78201"
Allen Financial Group,LPL Financial,Andrew Allen,,,
Mitchell Family Wealth Group,Merrill Lynch Pierce Fenner & Smith,Anthony Mitchell,,Anthony Mitchell|Jessica Morris|Michael Yang|Betty Flores|William King,
Scott Wealth Management,Harborview Private Wealth,,,,
Taylor Institutional Group,Cambridge Investment Research,,,,
Collins Asset Management,Ridgeway Wealth Management,,,,
Liu Investment Group,Securities America,Barbara Liu,barbara.liu@secam.com,,"8826 Jefferson St, Dallas, TX 75201"
Chen & Associates,Ridgeway Wealth Management,,,Mark Chen|David Patel|Jason Morris|Christopher Jackson|Jeffrey Taylor,
Jackson Family Office,Parkside Wealth Strategies,,,John Jackson|Jeffrey Baker|Jessica Nguyen|Thomas Green|Jessica Edwards,
Wright Capital,Ridgeway Wealth Management,,,,
Rivera Tax & Wealth Group,Raymond James Financial Services,James Rivera,,,
Thompson & Associates,Clearwater Capital Group,Mark Thompson,,,
Brown Investment Partners,Northgate Investment Partners,Robert Brown,,,
Taylor Asset Management,Clearwater Capital Group,Thomas Taylor,,,"5742 Jefferson St, Miami, FL 33101"
Wright Capital Group,Raymond James Financial Services,Jennifer Wright,,,
Carter Wealth Advisors,Cetera Financial Group,Patricia Carter,,,
Stewart & Associates,Parkside Wealth Strategies,Steven Stewart,steve.stewart@parksidewealth.com,,
Mitchell Portfolio Group,LPL Financial,Andrew Mitchell,,,
Martin Private Wealth,Ridgeway Wealth Management,,,Amanda Martin|Linda Flores,"9646 Hill Blvd, Miami, FL 33101"
Carter Portfolio Group,Morgan Stanley Wealth Management,Kevin Carter,,,
Nguyen Investment Group,Merrill Lynch Pierce Fenner & Smith,,,Ryan Nguyen|Michael King|Helen Morgan|William Williams|Jessica Cruz|John Davis,
Jackson Financial Group,Hilliard Lyons,Anthony Jackson,,Anthony Jackson|Thomas Turner,
Hall Capital,Kingsbridge Capital Advisors,,halla@kingsbridgecap.com,Ashley Hall|Karen Phillips|Sandra Parker|Amanda Torres|Dorothy Edwards,
Parker Investment Partners,Parkside Wealth Strategies,Rachel Parker,,Rachel Parker|Karen Torres|John Yang|Jennifer King|Brian Harris|Ronald Turner,
Roberts Family Wealth Group,DA Davidson & Co.,,,Thomas Roberts|William Carter|Mark Evans|Lisa Taylor,
Wilson Group,Harborview Private Wealth,Sarah Wilson,,,"6112 Oak Way, Houston, TX 77001"
Evans & Associates,Meridian Private Wealth,William Evans,,,
Nelson Advisory Group,Woodbury Financial Services,Steven Nelson,,Steven Nelson|Matthew Lee,
Cruz Advisors,Crestwood Family Office,Karen Cruz,,,
Green Advisory Group,Edward Jones,,,Jacob Green|Timothy Garcia|Helen Yang,
Collins Retirement Solutions Group,UBS Financial Services,,,,
Harris Capital,Parkside Wealth Strategies,,,,
Torres Financial Group,Cambridge Investment Research,Timothy Torres,,,
Young Retirement Solutions Group,Commonwealth Financial Network,,,,
Garcia Advisory Group,Edward Jones,Barbara Garcia,,,
Gomez Family Office,Harborview Private Wealth,William Gomez,,William Gomez|Richard Cruz|Emily Huang|Rachel Williams|Barbara Moore|William Parker,
King Asset Management Group,Edward Jones,,,,
Hill Capital Partners,Meridian Private Wealth,,,,"982 Maple Way, Dallas, TX 75201"
King Retirement Solutions Group,Janney Montgomery Scott,,,,
Khan Wealth Partners,Stifel Nicolaus & Company,,,Paul Khan|Steven Yang,"9806 Madison St, Austin, TX 78701"
Morgan Asset Management Group,Cambridge Investment Research,Patricia Morgan,patricia.morgan@cambridgeinv.com,Patricia Morgan|Charles Scott|Timothy Huang|Brian Nelson|Charles White|William Lee|Nancy Morris,
Davis Family Office,Crestwood Family Office,Anthony Davis,,,
Morris Capital Partners,Highfield Asset Management,,,,
Huang Family Office,Parkside Wealth Strategies,Megan Huang,,,"6607 Lake Blvd, Baltimore, MD 21201"
Miller Family Wealth Group,Morgan Stanley Wealth Management,,lmiller@morganstanley.com,,
Flores Advisory Group,UBS Financial Services,,,,
Morgan Financial Group,Oppenheimer & Co.,,,,
Campbell Retirement Solutions Group,LPL Financial,,,,
Flores Private Client Group,Wells Fargo Advisors,Emily Flores,,,
Carter Group,Parkside Wealth Strategies,,,Anthony Carter|Charles Harris|Jessica Johnson,
Edwards Advisory Group,UBS Financial Services,Steven Edwards,,,
Hill Advisory Group,Robert W. Baird & Co.,Richard Hill,,,
Roberts Capital Partners,Highfield Asset Management,Christopher Roberts,,,"7977 Oak Ave, Charlotte, NC 28201"
Adams Investment Group,Merrill Lynch Pierce Fenner & Smith,,,,
Davis Private Wealth Group,Securities America,,,,
Hill Family Wealth Group,Woodbury Financial Services,Christopher Hill,,,
Kim Financial Partners,Northgate Investment Partners,Steven Kim,,,"3892 Jefferson Ave, Seattle, WA 98101"
Thompson & Associates,Highfield Asset Management,,,Edward Thompson|Sandra Johnson|James White|James Zhang|David Garcia,"5257 Spring Pkwy, San Diego, CA 92101"
Diaz Investment Group,Woodbury Financial Services,,diazm@woodburyfs.com,,
Morgan Capital Partners,Meridian Private Wealth,Jason Morgan,,,
Phillips Wealth Management,Northgate Investment Partners,,,,
Patel Investment Partners,Summit Peak Advisors,Ronald Patel,,Ronald Patel|Paul Thomas|Jeffrey Baker|Dorothy Williams|James Edwards|Margaret Anderson,
Kim Wealth Management,Summit Peak Advisors,Linda Kim,,,
Nguyen Asset Management Group,Woodbury Financial Services,Jeffrey Nguyen,,Jeffrey Nguyen|Ryan Edwards|Patricia Chen|Ronald Edwards|Lisa Zhang|Sandra Wilson|Patricia Wright,
Smith Wealth Management Group,LPL Financial,Barbara Smith,,Barbara Smith|Dorothy Gomez|George Patel|Andrew Edwards,"1939 Maple Way, Indianapolis, IN 46201"
Gomez Capital,Northgate Investment Partners,Sarah Gomez,gomezs@northgateinv.com,,
Cruz & Associates,Harborview Private Wealth,David Cruz,,,
Stewart Family Wealth Group,DA Davidson & Co.,,,,
Zhang Financial Partners,Highfield Asset Management,Kevin Zhang,zhangk@highfieldam.com,,"4117 Willow Blvd, San Jose, CA 95101"
Parker Financial Group,Hilliard Lyons,Betty Parker,,Betty Parker|Margaret Liu|Sarah Nguyen,"9500 Cedar Dr, Nashville, TN 37201"
Nelson Family Wealth Group,Robert W. Baird & Co.,,,,"7839 Maple Pl, Chicago, IL 60601"
Williams Institutional Group,Cambridge Investment Research,Dorothy Williams,,,
Davis Asset Management Group,National Planning Holdings,,,,"2053 River Ln, Los Angeles, CA 90001"
Roberts Financial Group,UBS Financial Services,Ryan Roberts,,,"6051 River Blvd, Minneapolis, MN 55401"
Zhang Institutional Group,Cambridge Investment Research,,jzhang@cambridgeinv.com,,
Liu Private Wealth Group,Securities America,Helen Liu,,,
Reyes Financial Partners,Northgate Investment Partners,Brian Reyes,,Brian Reyes|Betty Baker|Emily Gomez,"9191 Main Court, Miami, FL 33101"
Flores Institutional Group,UBS Financial Services,,,Amanda Flores|Jason Chen|Anthony Carter|Anthony Chen,
Torres Financial Group,National Planning Holdings,,,Brian Torres|Susan Wilson|Richard Morgan|Timothy Smith|James Thomas|Edward Stewart|Patricia Smith,
Stewart Wealth Management,Clearwater Capital Group,,,,
Reyes Asset Management Group,Cambridge Investment Research,Ryan Reyes,ryan.reyes@cambridgeinv.com,,
Reyes Wealth Partners,Cetera Financial Group,,,,
Khan Private Wealth,Meridian Private Wealth,Paul Khan,,,
Adams Portfolio Group,Cambridge Investment Research,,,,"4547 Commerce Pkwy, Seattle, WA 98101"
Wilson Private Client Group,Oppenheimer & Co.,,,Ryan Wilson|Amanda White|Michael Jackson|Thomas Zhang|Jeffrey Nguyen,
Scott Capital,Ridgeway Wealth Management,,,,
Rivera Capital Group,Merrill Lynch Pierce Fenner & Smith,,,,
Brown Family Wealth Group,National Planning Holdings,John Brown,,,
Wilson Investment Group,Edward Jones,Steven Wilson,,Steven Wilson|Mark Nelson|Thomas Yang|Mark Hall|Edward Anderson|Daniel Wright,
Jackson Wealth,Northgate Investment Partners,Rachel Jackson,,,"679 Lake Way, San Antonio, TX 78201"
Jackson Group,Parkside Wealth Strategies,,,Robert Jackson|Edward Davis|Kevin Turner,"7403 Hill Dr, New York, NY 10001"
Jackson Wealth Advisors,Securities America,Barbara Jackson,,,
Diaz & Associates,Summit Peak Advisors,Timothy Diaz,,,
Allen Investment Partners,Harborview Private Wealth,,,,
Turner Capital Partners,Harborview Private Wealth,,,Charles Turner|Anthony Martin|Jason Wilson|Susan Carter|Anthony Turner|Emily Williams,
Nelson Portfolio Group,Stifel Nicolaus & Company,Megan Nelson,,,"7779 Market Dr, St. Louis, MO 63101"
Taylor Private Wealth Group,Morgan Stanley Wealth Management,,taylord@morganstanley.com,Donald Taylor|Lisa Khan|Karen Morgan|David Cruz|Edward Reyes,
Wright Wealth Management Group,Morgan Stanley Wealth Management,,twright@morganstanley.com,,
Roberts Institutional Group,Janney Montgomery Scott,,,,"8814 Lake Blvd, Indianapolis, IN 46201"
Wright Investment Group,Stifel Nicolaus & Company,Susan Wright,,,"5185 Commerce Ln, Houston, TX 77001"
Hill Advisory Group,National Planning Holdings,Ryan Hill,,,
Carter Portfolio Group,Morgan Stanley Wealth Management,,,,"5799 River Ln, San Jose, CA 95101"
Johnson & Associates,Crestwood Family Office,,,David Johnson|Mark Cruz|Jeffrey Taylor|Lisa Stewart|Nancy Parker,"2499 Jefferson Dr, Kansas City, MO 64101"
Jackson Group,Summit Peak Advisors,Dorothy Jackson,,,"3145 Park Rd, Phoenix, AZ 85001"
Gomez Private Wealth Group,Morgan Stanley Wealth Management,,,Richard Gomez|Betty Reyes|Jason Johnson|Jeffrey Adams|Anthony Zhang,"646 Main Rd, Las Vegas, NV 89101"
Flores Investment Partners,Crestwood Family Office,Charles Flores,,,
Patel Retirement Solutions Group,Cetera Financial Group,Michael Patel,,,
Smith Wealth Partners,Securities America,,,Richard Smith|Sandra Roberts|Kenneth Martin|Linda Patel|Anthony Edwards,
Adams Private Client Group,Stifel Nicolaus & Company,Jessica Adams,,,
Stewart Financial Group,Securities America,Kenneth Stewart,,,
Jackson Wealth Advisors,Oppenheimer & Co.,,,,"764 Washington Pl, Charlotte, NC 28201"
Nguyen Wealth Partners,National Planning Holdings,,,,
Wright Investment Group,DA Davidson & Co.,,,,
Williams Advisory Group,Cambridge Investment Research,,,,
Thompson Financial Group,Robert W. Baird & Co.,,,Ashley Thompson|Daniel Davis|Jennifer Williams,"7150 Cedar Ave, Kansas City, MO 64101"
Reyes Wealth Management,Northgate Investment Partners,Donald Reyes,,,
Williams Partners,Highfield Asset Management,,kwilliams@highfieldam.com,,
Collins Family Wealth Group,Securities America,,,,
Patel Retirement Solutions Group,National Planning Holdings,Jennifer Patel,,,"7995 Market St, Philadelphia, PA 19101"
Khan Private Wealth,Meridian Private Wealth,,,,
Gomez Private Wealth Group,National Planning Holdings,Jacob Gomez,,,
White Wealth Management,Crestwood Family Office,,,,"6846 Jefferson Ave, Nashville, TN 37201"
Taylor Private Client Group,Edward Jones,Timothy Taylor,,,
Scott Investment Group,Robert W. Baird & Co.,Emily Scott,,Emily Scott|Patricia Huang|Edward Jones,
Hall Private Wealth,Parkside Wealth Strategies,Patricia Hall,,,
Yang Family Office,Parkside Wealth Strategies,Daniel Yang,yangd@parksidewealth.com,,
Davis Private Wealth Group,Merrill Lynch Pierce Fenner & Smith,,,,
Collins Institutional Group,Raymond James Financial Services,,,,
Wang Investment Group,National Planning Holdings,Jason Wang,,,
Edwards Wealth Management,Harborview Private Wealth,Barbara Edwards,,,"1827 Main Pkwy, Boston, MA 02101"
Morris Wealth Management Group,Merrill Lynch Pierce Fenner & Smith,Charles Morris,,,
Patel Private Client Group,Robert W. Baird & Co.,Jeffrey Patel,,Jeffrey Patel|Amanda Hall|Richard Martin|Robert Khan|Jacob Carter|Donald Thompson|Sandra Roberts,
Thompson Portfolio Group,Oppenheimer & Co.,,,,"5873 Lincoln St, New York, NY 10001"
Carter Advisory Group,Cetera Financial Group,,carterm@cetera.com,,
Johnson Wealth Partners,Woodbury Financial Services,George Johnson,,,
Hill Private Client Group,Janney Montgomery Scott,,,,
Wilson Wealth Advisors,Janney Montgomery Scott,,,Linda Wilson|Susan King|Rachel Wang|James Wilson|Edward Nguyen,
Khan Financial Group,Raymond James Financial Services,Megan Khan,,Megan Khan|Jessica Hill|Sandra Smith|Jacob Thomas|Kenneth Phillips|Susan Wilson|Paul Khan,
Phillips Tax & Wealth Group,DA Davidson & Co.,Helen Phillips,,,
Jones Tax & Wealth Group,UBS Financial Services,,,,
Smith Asset Management,Clearwater Capital Group,,,,
Smith & Associates,Northgate Investment Partners,Charles Smith,,,
Thompson Capital Group,Wells Fargo Advisors,Barbara Thompson,,Barbara Thompson|Mark Young|George Moore|Donald Moore|Thomas Reyes|Timothy Collins,
Phillips Private Wealth Group,Wells Fargo Advisors,James Phillips,,,
Khan Wealth,Harborview Private Wealth,,,Brian Khan|Barbara White|Steven Edwards|Matthew Cruz|Kevin Nelson,
Gomez Financial Partners,Highfield Asset Management,,,,
Moore Advisors,Parkside Wealth Strategies,Susan Moore,,,
Taylor Family Office,Meridian Private Wealth,,taylork@meridianpw.com,Kenneth Taylor|Anthony Cruz|Jennifer Torres|Barbara Baker|Ashley Young,"5732 Market Pkwy, San Francisco, CA 94101"
Huang Capital,Northgate Investment Partners,Lisa Huang,lhuang@northgateinv.com,Lisa Huang|Charles Thomas|Jeffrey Morris|Linda Lee|Kevin Moore|Sarah Allen,
Anderson Investment Group,Janney Montgomery Scott,Jeffrey Anderson,jeff.anderson@janney.com,,
Martin Capital Group,UBS Financial Services,,,,"6088 Highland Court, San Antonio, TX 78201"
Collins Partners,Parkside Wealth Strategies,Nancy Collins,,Nancy Collins|Sarah Collins|Ronald Lee|Barbara Adams,
Parker Investment Group,Merrill Lynch Pierce Fenner & Smith,Jason Parker,,,
Wilson Private Wealth Group,Raymond James Financial Services,,,,
Garcia Investment Partners,Summit Peak Advisors,,,,
Patel Portfolio Group,Merrill Lynch Pierce Fenner & Smith,Megan Patel,,,
Evans Asset Management Group,Ameriprise Financial Services,,,,
Edwards Private Wealth,Harborview Private Wealth,,,,"9136 Madison Ave, Atlanta, GA 30301"
Gomez Investment Group,Hilliard Lyons,,,,
Huang Wealth Management Group,Janney Montgomery Scott,,rachel.huang@janney.com,,
Smith Wealth Partners,UBS Financial Services,Ashley Smith,,Ashley Smith|Susan Jackson|Betty Carter|Dorothy Allen|Dorothy Baker|Jason Zhang|Linda Martin,
Johnson Advisory Group,Morgan Stanley Wealth Management,Dorothy Johnson,,Dorothy Johnson|Edward Adams,"6697 Madison Pl, Charlotte, NC 28201"
Wilson Investment Group,DA Davidson & Co.,Timothy Wilson,,,"9105 Elm Ave, Boston, MA 02101"
Chen Tax & Wealth Group,Wells Fargo Advisors,Rachel Chen,chenr@wellsfargoadv.com,,
Phillips Advisors,Harborview Private Wealth,,phillipsa@harborviewpw.com,,
Yang Family Office,Northgate Investment Partners,,,Robert Yang|Lisa White|Richard Anderson|Matthew Martin|Brian Wang|Steven Jackson,
Khan Family Wealth Group,Oppenheimer & Co.,,,,"4640 Highland Ave, Washington, DC 20001"
Stewart Advisors,Meridian Private Wealth,,,,
White Financial Partners,Harborview Private Wealth,,,,
Torres Wealth Management,Kingsbridge Capital Advisors,Timothy Torres,,,
Hall Investment Group,Oppenheimer & Co.,,,,
Chen Private Client Group,Merrill Lynch Pierce Fenner & Smith,,,Anthony Chen|Rachel Scott|Rachel Wright|Kenneth Harris,
Lee Wealth Advisors,Stifel Nicolaus & Company,,,,
Davis Capital Group,Commonwealth Financial Network,,,,"551 Cedar Ave, New York, NY 10022"
Hall Portfolio Group,Cetera Financial Group,Steven Hall,,,"2660 Maple Rd, Raleigh, NC 27601"
Lee Capital Partners,Clearwater Capital Group,,,,
Nelson Institutional Group,National Planning Holdings,,,,
Cruz Investment Group,Janney Montgomery Scott,,,,"1036 Market Ln, Austin, TX 78701"
Diaz Private Wealth,Ridgeway Wealth Management,,ryan.diaz@ridgewaywm.com,,
Chen Financial Group,Woodbury Financial Services,,,Richard Chen|Sandra Rivera|Jennifer Flores|Barbara Carter|Ronald Mitchell|Brian Cruz,
Morris Private Wealth Group,Securities America,,,Margaret Morris|Matthew Scott|Barbara Nguyen|Patricia Huang|Rachel Young,
Edwards Advisors,Clearwater Capital Group,Anthony Edwards,,Anthony Edwards|Matthew Moore|Linda Hill|Linda Parker|Sandra Liu,
Huang Private Wealth,Summit Peak Advisors,,,,
Chen Institutional Group,Hilliard Lyons,Lisa Chen,,,
Smith Wealth Advisors,Woodbury Financial Services,,,Brian Smith|Brian Evans|Steven Wright,
Harris Capital Partners,Highfield Asset Management,John Harris,,,
Kim Asset Management Group,Securities America,,,Karen Kim|Megan Nguyen|Kenneth Stewart|Susan Williams|Ronald Wang,
Johnson Financial Group,Robert W. Baird & Co.,Jacob Johnson,,,"3727 Park St, San Francisco, CA 94101"
Martin Retirement Solutions Group,LPL Financial,Timothy Martin,,,
Adams & Associates,Meridian Private Wealth,,adamsj@meridianpw.com,,"9626 Park Dr, Indianapolis, IN 46201"
Williams Advisory Group,Cetera Financial Group,,,Jeffrey Williams|Amanda Baker|Steven Davis|Jennifer Phillips|Charles Patel|Michael Collins,"3678 Elm Way, Boston, MA 02101"
Young Wealth,Northgate Investment Partners,,emily.young@northgateinv.com,,
Davis Asset Management Group,Woodbury Financial Services,,,,
Green Wealth,Clearwater Capital Group,,,,"4418 Park Pl, San Diego, CA 92101"
Diaz & Associates,Northgate Investment Partners,,,,
Baker Private Wealth,Meridian Private Wealth,,,Susan Baker|Ronald Mitchell|Edward Davis|Christopher Phillips|Daniel Harris|Jason Hill|Richard Huang,
Davis Investment Group,Edward Jones,Emily Davis,edavis@edwardjones.com,,
Smith Capital Group,Cambridge Investment Research,,,,"8374 Main Way, Raleigh, NC 27601"
Zhang & Associates,Northgate Investment Partners,,,Betty Zhang|Robert Nelson|Susan Jackson|Ryan Mitchell|Edward Diaz,
Campbell Family Wealth Group,Janney Montgomery Scott,,ashley.campbell@janney.com,,
Huang Investment Partners,Ridgeway Wealth Management,James Huang,,,"4397 Elm Way, Las Vegas, NV 89101"
Huang Financial Group,Edward Jones,Joseph Huang,,,
Evans Wealth Advisors,Oppenheimer & Co.,Jeffrey Evans,,Jeffrey Evans|Emily Yang|Sarah Stewart|Rachel Jackson|John Thomas|Daniel Turner|Robert Nelson,"4474 Hill St, San Diego, CA 92101"
Green Partners,Kingsbridge Capital Advisors,,,,
Jackson Retirement Solutions Group,Hilliard Lyons,Christopher Jackson,,Christopher Jackson|Amanda Hill|Nancy Thomas|Mark Johnson|Megan Lee|Christopher Wang|Donald Scott,
Scott Investment Partners,Meridian Private Wealth,Betty Scott,,,"152 Main Way, San Antonio, TX 78201"
Johnson Wealth,Parkside Wealth Strategies,,chris.johnson@parksidewealth.com,,
Wilson Group,Ridgeway Wealth Management,,jessica.wilson@ridgewaywm.com,Jessica Wilson|Kenneth Campbell,
Patel Group,Meridian Private Wealth,,,,
Scott Capital Partners,Parkside Wealth Strategies,,sscott@parksidewealth.com,Susan Scott|Jeffrey Moore|Paul Chen|Timothy Wright|Kevin Cruz|Sarah Harris,
Torres Retirement Solutions Group,Cambridge Investment Research,,,Richard Torres|Matthew Morris|Barbara Huang|Thomas Green|Paul Zhang|Thomas Gomez|Lisa Huang,"1486 Washington Way, Nashville, TN 37201"
Wright Investment Group,Wells Fargo Advisors,,,,
Roberts Asset Management Group,Cambridge Investment Research,,,,
Carter Wealth Partners,Janney Montgomery Scott,,,,"9687 Cedar Pl, Kansas City, MO 64101"
Johnson Capital Partners,Parkside Wealth Strategies,,johnsonj@parksidewealth.com,,"6866 Willow Pl, Las Vegas, NV 89101"
Rivera Financial Partners,Meridian Private Wealth,Michael Rivera,,Michael Rivera|Kenneth Adams|Jacob Chen|Ashley Turner,
Thompson Capital Group,Commonwealth Financial Network,Linda Thompson,,,
Evans Wealth Management Group,Woodbury Financial Services,Patricia Evans,,Patricia Evans|Megan Young|Helen Chen|Kenneth Roberts,
Flores Capital Partners,Harborview Private Wealth,,,Jeffrey Flores|Edward Roberts|Jennifer Patel,
Zhang Financial Group,Cetera Financial Group,George Zhang,,,
Evans Family Wealth Group,Ameriprise Financial Services,Steven Evans,,Steven Evans|Linda Moore|Edward Baker,
Thomas Private Client Group,DA Davidson & Co.,,,,
Lee Partners,Parkside Wealth Strategies,,,,"1015 River Pl, San Jose, CA 95101"
Kim Asset Management Group,Oppenheimer & Co.,,,Karen Kim|Anthony Jackson|Karen Patel|George Baker|Ronald Huang|Ryan Flores|Margaret Rivera,
Lee Private Client Group,UBS Financial Services,,,,
Wang Capital Group,Merrill Lynch Pierce Fenner & Smith,Karen Wang,,,"7825 Spring Blvd, Nashville, TN 37201"
Parker Institutional Group,Stifel Nicolaus & Company,,parkerw@stifel.com,,
Carter Advisors,Summit Peak Advisors,,,Ryan Carter|Daniel Williams|Christopher Hill|John Brown,"9884 Maple Ave, Los Angeles, CA 90001"
Williams Portfolio Group,Janney Montgomery Scott,,,,"3210 Lake Dr, Baltimore, MD 21201"
Mitchell Asset Management,Ridgeway Wealth Management,Donald Mitchell,,,"7432 Washington Ave, Denver, CO 80201"
Green Family Office,Northgate Investment Partners,,,Ashley Green|Mark Allen|Barbara Edwards|David Anderson|Andrew Anderson|Jeffrey Morgan,"4170 Hill Blvd, Kansas City, MO 64101"
Young Financial Group,DA Davidson & Co.,Sandra Young,,Sandra Young|Steven Nelson,
Thomas Financial Partners,Kingsbridge Capital Advisors,Helen Thomas,,,
Carter Capital Partners,Ridgeway Wealth Management,,rcarter@ridgewaywm.com,Ronald Carter|Kenneth Nguyen|Susan Adams,"7368 River Rd, Miami, FL 33101"
Allen Investment Partners,Ridgeway Wealth Management,David Allen,,,
Moore Advisory Group,Janney Montgomery Scott,,,,
Khan Wealth Advisors,Cetera Financial Group,George Khan,,George Khan|Emily Patel|Charles Harris,
Diaz & Associates,Ridgeway Wealth Management,Jacob Diaz,,,"2334 Lincoln Court, San Diego, CA 92101"
Collins Wealth Advisors,Stifel Nicolaus & Company,Linda Collins,,,"4521 Lincoln Ave, New York, NY 10022"
Kim Wealth Partners,Stifel Nicolaus & Company,Michael Kim,,,"5501 Lincoln Pl, San Jose, CA 95101"
Rivera Family Office,Summit Peak Advisors,Dorothy Rivera,,,
Diaz Family Office,Crestwood Family Office,,,Patricia Diaz|Mark Taylor|Dorothy Williams|Karen Flores|Richard Martin,
Thomas Tax & Wealth Group,Cetera Financial Group,Lisa Thomas,,,
Collins Private Wealth Group,Robert W. Baird & Co.,,,Dorothy Collins|Emily Garcia|Emily Campbell|Lisa Parker|George Johnson|Jennifer Flores|Karen Turner,
White Capital Group,Wells Fargo Advisors,,,Donald White|Matthew Wang|Daniel Chen|Daniel Collins,
Huang Tax & Wealth Group,National Planning Holdings,,,,"7895 Madison Ln, Portland, OR 97201"
Collins Wealth Management Group,National Planning Holdings,Ronald Collins,,,"4673 Park Dr, Houston, TX 77001"
Khan Asset Management,Parkside Wealth Strategies,Jeffrey Khan,,,"1368 Commerce St, Kansas City, MO 64101"
Nelson Tax & Wealth Group,Robert W. Baird & Co.,Lisa Nelson,lnelson@rwbaird.com,,
Johnson Family Wealth Group,Raymond James Financial Services,,johnsonp@raymondjames.com,,
Turner Financial Group,Janney Montgomery Scott,James Turner,,,
Gomez Financial Group,DA Davidson & Co.,Helen Gomez,,Helen Gomez|Donald Chen|Charles Williams|Andrew Harris|David Evans,
Young Advisory Group,Raymond James Financial Services,Ashley Young,,,"1525 Madison Ln, Phoenix, AZ 85001"
Johnson Asset Management Group,Oppenheimer & Co.,,barbara.johnson@opco.com,,
Harris Asset Management Group,UBS Financial Services,Edward Harris,,Edward Harris|Joseph Smith|James Liu|Lisa Yang,
Kim Family Office,Crestwood Family Office,,,Edward Kim|Dorothy Jones|Jacob Jones|Daniel Garcia,
Garcia Family Office,Harborview Private Wealth,Susan Garcia,,Susan Garcia|Matthew Roberts|Mark Morris|Ronald Wang,
Turner Retirement Solutions Group,Stifel Nicolaus & Company,,,,
Collins Wealth Advisors,Raymond James Financial Services,,,Richard Collins|Steven Flores|Jeffrey Campbell|Jennifer Turner|Edward Wright|Jeffrey Davis|Emily Johnson,
Williams Wealth Partners,Raymond James Financial Services,Jason Williams,,,
Torres Family Wealth Group,DA Davidson & Co.,,torresj@dadavidson.com,,
Torres Group,Harborview Private Wealth,Jacob Torres,jacob.torres@harborviewpw.com,,
Moore Wealth,Kingsbridge Capital Advisors,,,,
Carter Tax & Wealth Group,Woodbury Financial Services,Christopher Carter,,,
Torres Family Office,Clearwater Capital Group,,jtorres@clearwatercap.com,,
Morgan Portfolio Group,Stifel Nicolaus & Company,,,Ronald Morgan|Karen Yang|Rachel Garcia|Jacob Nguyen|Megan Morgan|Helen Thomas|Donald Collins,
Hall Wealth Management,Kingsbridge Capital Advisors,,,,"3571 Lincoln Rd, Portland, OR 97201"
Reyes Investment Partners,Harborview Private Wealth,,,,
Nelson Partners,Clearwater Capital Group,Karen Nelson,,,
Green Capital,Kingsbridge Capital Advisors,Sarah Green,,,
Parker Family Office,Parkside Wealth Strategies,,kparker@parksidewealth.com,,
Liu Private Client Group,Morgan Stanley Wealth Management,,,Megan Liu|Paul Zhang|Emily Smith|Helen Jones|Brian Nelson|Michael Brown,
Wilson Capital Partners,Meridian Private Wealth,,,,
Gomez Financial Group,Robert W. Baird & Co.,George Gomez,,,
Diaz Institutional Group,Oppenheimer & Co.,,,,
Cruz Wealth,Summit Peak Advisors,Emily Cruz,,Emily Cruz|Anthony Torres,
Zhang Tax & Wealth Group,DA Davidson & Co.,Donald Zhang,,,
Campbell Family Office,Highfield Asset Management,,,,
Rivera Financial Group,Commonwealth Financial Network,,,Steven Rivera|Amanda Parker|Edward Wright|Brian Carter|Kenneth Jackson|Jessica Harris,
Phillips Portfolio Group,Hilliard Lyons,,,Nancy Phillips|David Evans,
Edwards Asset Management Group,Edward Jones,,medwards@edwardjones.com,,
Harris Institutional Group,Edward Jones,Karen Harris,,,"715 Maple Dr, Philadelphia, PA 19101"
Reyes Private Client Group,Cambridge Investment Research,Jeffrey Reyes,,Jeffrey Reyes|Daniel Green|Ronald Taylor|Michael Wilson,
Thompson Private Client Group,Woodbury Financial Services,Edward Thompson,,,"9092 Hill Way, Seattle, WA 98101"
Gomez Retirement Solutions Group,LPL Financial,,,,"9754 River Pl, Philadelphia, PA 19101"
Garcia Financial Group,National Planning Holdings,,garciam@nph.com,,
Cruz Group,Kingsbridge Capital Advisors,,paul.cruz@kingsbridgecap.com,Paul Cruz|Ronald Parker|Linda Reyes|Patricia Morgan|Emily Garcia,"7298 Oak Pl, Austin, TX 78701"
Jackson Private Wealth Group,Ameriprise Financial Services,Kenneth Jackson,,,"2156 River Dr, Baltimore, MD 21201"
Wright Financial Group,Merrill Lynch Pierce Fenner & Smith,Ronald Wright,,Ronald Wright|Paul Rivera|Robert Reyes|Matthew Nguyen|Rachel Edwards|Karen Adams,"5862 Elm Way, New York, NY 10022"
Flores Capital,Kingsbridge Capital Advisors,Lisa Flores,,Lisa Flores|Nancy Liu|Dorothy Smith|Susan Mitchell|Sarah King|John Hill,
Thompson Advisory Group,National Planning Holdings,,,,
Moore Retirement Solutions Group,Morgan Stanley Wealth Management,,,,"8075 Commerce Rd, Raleigh, NC 27601"
Zhang Wealth Advisors,Morgan Stanley Wealth Management,,,Richard Zhang|Brian Davis|Anthony Moore|Ryan Zhang|Kevin Gomez|Donald Torres,
Jackson Wealth Advisors,Ameriprise Financial Services,,,Sarah Jackson|Timothy Hall|Robert Zhang|Matthew Allen,
Hill Wealth Management Group,Ameriprise Financial Services,,hillk@ampf.com,,"1615 Madison Rd, Boston, MA 02101"
Chen Advisory Group,LPL Financial,Joseph Chen,,,"5698 Hill Ln, Atlanta, GA 30301"
White Investment Partners,Ridgeway Wealth Management,Andrew White,,Andrew White|Patricia Cruz|Michael Reyes|George Brown,"6406 Oak Pkwy, Charlotte, NC 28201"
Patel Private Client Group,Cetera Financial Group,,,,
Garcia Group,Northgate Investment Partners,Jeffrey Garcia,jeff.garcia@northgateinv.com,Jeffrey Garcia|Linda Wright,
Nguyen Wealth Advisors,DA Davidson & Co.,,,,
Thompson Wealth,Parkside Wealth Strategies,,,,"3241 Park Ln, Philadelphia, PA 19101"
Davis Financial Group,Oppenheimer & Co.,Helen Davis,,,"1720 Willow Way, Baltimore, MD 21201"
Huang Private Wealth Group,Merrill Lynch Pierce Fenner & Smith,,,,
Hill Wealth Management,Harborview Private Wealth,,,,
Miller Capital Partners,Harborview Private Wealth,,,,
Evans Wealth Partners,DA Davidson & Co.,,,Karen Evans|Joseph Harris|George Nguyen|Dorothy Liu|George King|Megan Miller,
Allen Investment Partners,Parkside Wealth Strategies,,,,"9548 Spring Dr, Chicago, IL 60601"
Hill Retirement Solutions Group,Wells Fargo Advisors,Lisa Hill,,Lisa Hill|Steven Kim|Timothy Smith|Jason Wilson|Charles Liu|Jason Liu,
Hill Capital,Crestwood Family Office,,,,
Liu Investment Partners,Parkside Wealth Strategies,,,,
Allen Private Client Group,DA Davidson & Co.,John Allen,,John Allen|Kevin Collins|Sandra Collins|Betty Wang|Patricia Allen,"2305 Park Pkwy, Las Vegas, NV 89101"
Edwards Tax & Wealth Group,UBS Financial Services,,,Jessica Edwards|Jennifer Anderson|Andrew Chen|Ronald Brown|John Harris|Anthony Edwards|Robert Liu,"8279 Elm Ave, Seattle, WA 98101"
Zhang Wealth,Summit Peak Advisors,,,,
Stewart Private Client Group,Merrill Lynch Pierce Fenner & Smith,,,Sandra Stewart|Ryan Reyes|Ryan Collins|Timothy White|Rachel Carter,
Anderson Advisory Group,Oppenheimer & Co.,,,Ronald Anderson|Emily Thomas|Nancy Diaz|Matthew Parker|Kevin Taylor|Jacob Chen,
Diaz Asset Management Group,Ameriprise Financial Services,Helen Diaz,,Helen Diaz|Mark Scott|Dorothy Morgan|Brian White|David Campbell|Amanda Phillips|Karen Gomez,
Lee Private Wealth Group,Stifel Nicolaus & Company,,,William Lee|Donald Allen|Timothy Nelson|Jason Brown,"7085 Washington Ave, Baltimore, MD 21201"
Lee Financial Group,Hilliard Lyons,James Lee,,,
Thomas Private Client Group,Woodbury Financial Services,,,Betty Thomas|Thomas Morgan|William Harris|Jessica Kim|James Khan,
Scott Private Wealth Group,Oppenheimer & Co.,,rachel.scott@opco.com,,
Miller Advisory Group,Oppenheimer & Co.,Jennifer Miller,,Jennifer Miller|Andrew Miller|Rachel Flores|Anthony Parker,
Davis Group,Harborview Private Wealth,,,,"1730 Madison Way, New York, NY 10001"
White Family Office,Meridian Private Wealth,Sandra White,,,
Wilson Asset Management Group,Stifel Nicolaus & Company,,,,
Anderson Advisors,Highfield Asset Management,,,,
Reyes Portfolio Group,Woodbury Financial Services,Brian Reyes,,,"3869 River Way, Austin, TX 78701"
Zhang Financial Group,Stifel Nicolaus & Company,Ryan Zhang,rzhang@stifel.com,,"3662 Maple Rd, Los Angeles, CA 90001"
Taylor Advisory Group,Cambridge Investment Research,Betty Taylor,,,"982 Madison Pl, Miami, FL 33101"
Collins Asset Management Group,Morgan Stanley Wealth Management,,,,
Allen Private Wealth Group,Cambridge Investment Research,Charles Allen,,Charles Allen|Susan Martin|Sandra Jones,
Carter Financial Group,Cetera Financial Group,Kevin Carter,,,
Johnson Investment Partners,Ridgeway Wealth Management,Thomas Johnson,,,
Chen Asset Management Group,Morgan Stanley Wealth Management,,,,"131 Main Rd, Los Angeles, CA 90001"
Stewart Financial Group,Hilliard Lyons,Jennifer Stewart,,Jennifer Stewart|Edward Cruz|Thomas Cruz,
Scott Asset Management Group,Stifel Nicolaus & Company,,mscott@stifel.com,Megan Scott|Timothy Campbell,"7706 Maple Way, Houston, TX 77001"
Phillips Financial Partners,Summit Peak Advisors,Ryan Phillips,phillipsr@summitpeakadv.com,Ryan Phillips|Linda Green|Patricia Stewart|Ashley Wang|Karen Huang,"9263 Highland Way, Washington, DC 20001"
Rivera Financial Group,Merrill Lynch Pierce Fenner & Smith,Anthony Rivera,,Anthony Rivera|Jessica Garcia|Jessica Roberts|Mark Evans|Dorothy Diaz|Kevin Khan,"7713 Maple Blvd, Baltimore, MD 21201"
Thompson Wealth Advisors,LPL Financial,Robert Thompson,,,"7907 Oak Rd, San Antonio, TX 78201"
Chen Group,Crestwood Family Office,Dorothy Chen,,,
Scott Capital Partners,Kingsbridge Capital Advisors,,rick.scott@kingsbridgecap.com,,
Yang Wealth Partners,UBS Financial Services,,,Karen Yang|David Cruz|Emily King|Steven Johnson|Margaret White,
Zhang Asset Management Group,Cambridge Investment Research,,,Sarah Zhang|William Morgan|Lisa Thomas|Dorothy Carter|George Thompson|Daniel Brown|Edward Yang,"7572 Elm St, New York, NY 10001"
Cruz Institutional Group,Hilliard Lyons,,,,
Collins Wealth Management,Northgate Investment Partners,,,,
Stewart Partners,Parkside Wealth Strategies,,stewartr@parksidewealth.com,,"7563 Elm St, Raleigh, NC 27601"
Hall Private Client Group,Woodbury Financial Services,,,Kenneth Hall|Ashley Torres|George Hall|Jessica Edwards|James Yang|Paul Miller|John Edwards,
Green Asset Management Group,Janney Montgomery Scott,Helen Green,,,
Brown Group,Clearwater Capital Group,Linda Brown,,Linda Brown|John Davis,
Nelson Private Client Group,Cambridge Investment Research,,,,
White Financial Partners,Ridgeway Wealth Management,,,,
Phillips Financial Partners,Highfield Asset Management,,,,
Liu Family Wealth Group,Woodbury Financial Services,,mliu@woodburyfs.com,,
Thomas Partners,Parkside Wealth Strategies,,,,"1627 Madison Rd, Denver, CO 80201"
Nguyen Retirement Solutions Group,Hilliard Lyons,Ronald Nguyen,ron.nguyen@hl.com,Ronald Nguyen|Megan Garcia|Patricia Brown|John Harris,
Yang Private Client Group,Robert W. Baird & Co.,Donald Yang,,,"7641 Park Blvd, San Diego, CA 92101"
Garcia Tax & Wealth Group,Raymond James Financial Services,,,,"2636 Cedar Ave, Philadelphia, PA 19101"
Turner Capital,Parkside Wealth Strategies,,,,
Taylor Institutional Group,Janney Montgomery Scott,Steven Taylor,,Steven Taylor|Matthew Carter|Steven Parker|Thomas King,
Davis Wealth,Northgate Investment Partners,Sandra Davis,,,
King Advisors,Meridian Private Wealth,Jennifer King,,Jennifer King|Susan Wilson|Jason Diaz|Amanda Torres|Michael Mitchell,
Zhang Portfolio Group,Wells Fargo Advisors,,,Paul Zhang|Thomas Thomas|Lisa Carter,
White Retirement Solutions Group,Hilliard Lyons,,,,
Collins Institutional Group,UBS Financial Services,,,,
Hall Financial Group,Commonwealth Financial Network,Linda Hall,,,"4246 Hill Pkwy, Dallas, TX 75201"
Mitchell Retirement Solutions Group,DA Davidson & Co.,,,,
White Private Client Group,Ameriprise Financial Services,Rachel White,,,
Johnson Financial Group,Morgan Stanley Wealth Management,,,,
Brown Wealth Management,Northgate Investment Partners,,,Sandra Brown|Charles Hill|Thomas Torres|George Yang|Richard Collins|Patricia Young,
Cruz Asset Management Group,Edward Jones,,,,
Harris Institutional Group,National Planning Holdings,Kenneth Harris,,,"9889 Market Rd, Denver, CO 80201"
Kim Advisory Group,Raymond James Financial Services,Edward Kim,kime@raymondjames.com,Edward Kim|Margaret Reyes|Steven Wright|Kenneth Phillips|Ronald Stewart|Lisa Collins,
Chen Financial Group,Woodbury Financial Services,Lisa Chen,,Lisa Chen|Jason Miller|Linda Collins,
Cruz Group,Meridian Private Wealth,Andrew Cruz,,,
Jackson Asset Management Group,Edward Jones,,,,
Kim Asset Management Group,Robert W. Baird & Co.,Jason Kim,,Jason Kim|Nancy White|Barbara Garcia|Joseph Johnson|Lisa Smith|Thomas Collins,
Mitchell Group,Meridian Private Wealth,,mitchellt@meridianpw.com,,"9981 Oak Way, Phoenix, AZ 85001"
Collins Capital,Summit Peak Advisors,Susan Collins,,,
Wang Private Client Group,Robert W. Baird & Co.,Anthony Wang,,,
Morgan Family Wealth Group,Woodbury Financial Services,Margaret Morgan,,,
Adams Private Client Group,Morgan Stanley Wealth Management,Linda Adams,,Linda Adams|Steven Edwards|Susan Nguyen|Emily Parker|Nancy Patel|Jennifer Jackson|Linda Jones,
Baker Advisory Group,Hilliard Lyons,Lisa Baker,,,
Evans Advisory Group,UBS Financial Services,Patricia Evans,,Patricia Evans|Amanda Baker|Matthew Liu,"3916 Jefferson Dr, San Francisco, CA 94101"
Stewart Wealth Partners,Robert W. Baird & Co.,David Stewart,,David Stewart|George Wang|Karen Phillips|Kevin Chen|Ronald Johnson,"8573 Oak Blvd, San Jose, CA 95101"
Flores Wealth Advisors,Cambridge Investment Research,Charles Flores,,,
Garcia Capital,Kingsbridge Capital Advisors,Patricia Garcia,,,
Khan Portfolio Group,Merrill Lynch Pierce Fenner & Smith,,,,"8555 Jefferson Pl, Kansas City, MO 64101"
Lee Tax & Wealth Group,Edward Jones,James Lee,,James Lee|Megan Young,
Wright Wealth Management Group,Merrill Lynch Pierce Fenner & Smith,,,,"2873 Hill Ave, Minneapolis, MN 55401"
Mitchell Asset Management Group,Cambridge Investment Research,Kevin Mitchell,,,
Miller Wealth Partners,National Planning Holdings,,,Ryan Miller|Daniel Yang|Donald Hill|Margaret Evans|Andrew Cruz,
Adams Investment Group,DA Davidson & Co.,,tadams@dadavidson.com,,"8319 Spring Ave, Indianapolis, IN 46201"
Williams Investment Partners,Harborview Private Wealth,Thomas Williams,,,
Liu Asset Management Group,Wells Fargo Advisors,,,,"4372 Park Rd, Baltimore, MD 21201"
Morris Tax & Wealth Group,Cetera Financial Group,Timothy Morris,tmorris@cetera.com,,
Thompson Portfolio Group,Oppenheimer & Co.,Ashley Thompson,,,
Diaz Portfolio Group,Woodbury Financial Services,,,Donald Diaz|William Taylor,
Jackson Tax & Wealth Group,Robert W. Baird & Co.,,jacksone@rwbaird.com,,"1894 Hill Pl, Indianapolis, IN 46201"
Baker Institutional Group,Janney Montgomery Scott,,bob.baker@janney.com,,
Morris Wealth Management Group,National Planning Holdings,Thomas Morris,,,
Anderson Wealth,Highfield Asset Management,Patricia Anderson,patricia.anderson@highfieldam.com,,
Davis Private Wealth,Summit Peak Advisors,Rachel Davis,,,
Wang Financial Group,Morgan Stanley Wealth Management,Jennifer Wang,,,
Lee & Associates,Clearwater Capital Group,Donald Lee,,,
Zhang Capital Partners,Ridgeway Wealth Management,,zhangm@ridgewaywm.com,,
Huang Financial Group,Stifel Nicolaus & Company,Donald Huang,,Donald Huang|Linda Allen|Andrew Thomas|Nancy Carter|Ashley Garcia|George Reyes|Kevin Lee,
Harris Asset Management,Meridian Private Wealth,,,,"7610 Washington Ave, Indianapolis, IN 46201"
Green Asset Management Group,Hilliard Lyons,,greenb@hl.com,,
Reyes Portfolio Group,Wells Fargo Advisors,,,,
Chen Financial Partners,Meridian Private Wealth,,,,
Jackson Capital,Harborview Private Wealth,,,,
Thompson Wealth,Clearwater Capital Group,George Thompson,,,"7712 Lincoln Ln, Memphis, TN 38101"
Hill Institutional Group,Merrill Lynch Pierce Fenner & Smith,,,,"5180 Jefferson Ln, Austin, TX 78701"
Hill Wealth Management Group,Robert W. Baird & Co.,,,,
Brown Wealth Partners,Commonwealth Financial Network,Karen Brown,,,
Torres Wealth Partners,Raymond James Financial Services,,,Dorothy Torres|Ronald Carter|Karen Edwards|Robert Flores|Megan Taylor|Megan Lee|Jessica Nelson,"4619 Washington St, Houston, TX 77001"
White & Associates,Summit Peak Advisors,Edward White,,,
Khan Retirement Solutions Group,Stifel Nicolaus & Company,,,,
Khan Asset Management,Parkside Wealth Strategies,,,,"4406 Main Ln, Baltimore, MD 21201"
Roberts Asset Management Group,Hilliard Lyons,Charles Roberts,charles.roberts@hl.com,,
Roberts Asset Management,Parkside Wealth Strategies,Ashley Roberts,,,
Hill Asset Management Group,Oppenheimer & Co.,Lisa Hill,,Lisa Hill|Timothy Khan|Emily Scott|Timothy Liu|Jeffrey Mitchell|Sandra Parker,
Nelson Institutional Group,Robert W. Baird & Co.,,,William Nelson|Robert Edwards|Joseph Phillips|Amanda Stewart|Rachel Davis,
Green Capital,Northgate Investment Partners,,,Jeffrey Green|Margaret Collins|Christopher Gomez|Matthew Hill|Edward Kim,
Wilson Asset Management Group,Securities America,Andrew Wilson,awilson@secam.com,,
Wilson & Associates,Clearwater Capital Group,,,,
Miller Tax & Wealth Group,Ameriprise Financial Services,,,Christopher Miller|Paul Yang|Lisa Reyes|Nancy Taylor|Kenneth Lee|Jason Thompson|Margaret Edwards,"2207 Willow Ave, Chicago, IL 60601"
Williams Private Wealth Group,LPL Financial,,charles.williams@lpl.com,Charles Williams|Megan Jackson|Edward Scott,
Moore Wealth Partners,UBS Financial Services,,,,
Brown Institutional Group,Morgan Stanley Wealth Management,,,Donald Brown|William Cruz|Paul Yang|Christopher Brown,
Campbell Wealth Partners,Raymond James Financial Services,Andrew Campbell,,Andrew Campbell|James Morris|Jeffrey Phillips|Anthony Stewart,
Anderson Asset Management,Meridian Private Wealth,,,Donald Anderson|James Allen|Matthew Garcia|John Wang,"986 Jefferson St, Boston, MA 02101"
Nelson Financial Group,Woodbury Financial Services,,,James Nelson|Ronald Edwards|Donald Kim|Thomas Morris,
Baker & Associates,Meridian Private Wealth,Linda Baker,,Linda Baker|Betty Jones|Ashley Wilson|Ashley Scott|Patricia White,"3714 Madison Pl, Seattle, WA 98101"
Allen Wealth Advisors,Oppenheimer & Co.,,,,
Roberts Group,Summit Peak Advisors,,,,
Kim Institutional Group,Hilliard Lyons,,,Michael Kim|Michael Green|Christopher Baker|Amanda Zhang|Jeffrey Mitchell|Amanda Diaz,"1709 Hill Dr, Philadelphia, PA 19101"
Rivera Capital,Highfield Asset Management,,,Jennifer Rivera|Emily Jones|Thomas Phillips|Megan Huang|Robert White|Ashley Wang|Joseph Edwards,
Moore Financial Group,Woodbury Financial Services,,moorej@woodburyfs.com,Joseph Moore|Sarah Nelson|George Wang|David Young,
Garcia Financial Partners,Summit Peak Advisors,,,,
Thomas Family Office,Clearwater Capital Group,Steven Thomas,,Steven Thomas|Anthony Lee|Christopher Stewart|Jacob Roberts,"4215 Park Ln, Portland, OR 97201"
Gomez Wealth,Summit Peak Advisors,,,Margaret Gomez|Kevin Moore|Christopher Wang|Ashley Hill|Timothy Rivera,
Taylor Financial Group,Stifel Nicolaus & Company,Sarah Taylor,,Sarah Taylor|George Baker|Richard Brown|Megan Wang,"8433 Market Way, New York, NY 10022"
Mitchell Private Client Group,Edward Jones,Matthew Mitchell,,,
Turner Investment Group,Cetera Financial Group,,,,
Carter Institutional Group,Commonwealth Financial Network,,,Christopher Carter|Kevin Jackson|Mark Anderson|Timothy Young|Nancy Scott,"5163 Main Dr, San Francisco, CA 94101"
Parker Family Office,Kingsbridge Capital Advisors,Ryan Parker,,,"8756 Maple Pl, Dallas, TX 75201"
Jones Retirement Solutions Group,Oppenheimer & Co.,Ryan Jones,,Ryan Jones|Nancy Scott|Timothy Lee|Emily Torres|Rachel Flores|Sarah Patel|Margaret Smith,
Wang Private Client Group,UBS Financial Services,,,Kevin Wang|Daniel Roberts|Betty Stewart,
Martin Institutional Group,Robert W. Baird & Co.,Susan Martin,,Susan Martin|Sarah Garcia|Jason Martin,
Baker Tax & Wealth Group,Oppenheimer & Co.,,,Lisa Baker|Mark Hall|Betty Flores,
Jones Wealth Partners,UBS Financial Services,,,,"2458 Madison Rd, St. Louis, MO 63101"
White Private Client Group,Securities America,,,William White|John Evans,"8073 Washington Pkwy, Houston, TX 77001"
Torres & Associates,Northgate Investment Partners,Matthew Torres,,Matthew Torres|Kevin Torres|Robert Garcia|Timothy Cruz|George Kim|Kenneth Roberts,
Carter Wealth Partners,DA Davidson & Co.,,cartert@dadavidson.com,,"519 Madison Pkwy, San Francisco, CA 94101"
Parker Institutional Group,Securities America,,,,
Allen Family Wealth Group,DA Davidson & Co.,,,,
Johnson Wealth Advisors,Hilliard Lyons,,johnsonj@hl.com,,"5457 Washington Pl, San Jose, CA 95101"
Jackson Financial Partners,Northgate Investment Partners,,,,"2438 Jefferson Blvd, San Jose, CA 95101"
Thompson Capital Partners,Crestwood Family Office,,,,
Nguyen Wealth,Crestwood Family Office,Jeffrey Nguyen,,Jeffrey Nguyen|Helen Nguyen|Ryan Stewart|Jeffrey Campbell|Ronald Campbell|Patricia Evans,
Martin Portfolio Group,LPL Financial,,,,
Parker Wealth Partners,Merrill Lynch Pierce Fenner & Smith,Mark Parker,,Mark Parker|Donald Huang|Richard Mitchell|Donald Mitchell|John Davis|Betty Gomez|Jeffrey Thomas,"4574 Highland Court, New York, NY 10022"
Flores Portfolio Group,Robert W. Baird & Co.,,,,
Liu Capital,Northgate Investment Partners,,eliu@northgateinv.com,,
Johnson Wealth Management Group,Hilliard Lyons,Daniel Johnson,,Daniel Johnson|Matthew Harris,
Turner Financial Partners,Clearwater Capital Group,Betty Turner,,Betty Turner|Helen Anderson|David Taylor|Linda Williams|Daniel Harris|Joseph Carter,"3652 Maple Rd, Baltimore, MD 21201"
Baker Investment Group,Woodbury Financial Services,,,Sandra Baker|John Yang|Donald Miller|George Morgan|Dorothy Hall|Kevin King,
Edwards Family Wealth Group,DA Davidson & Co.,,,Emily Edwards|Ryan Stewart|David Nelson|Nancy Huang|Jennifer Chen|Anthony Lee|Ryan Anderson,
Campbell Advisory Group,Janney Montgomery Scott,Kenneth Campbell,,,"4313 Market Way, Philadelphia, PA 19101"
Allen Family Office,Crestwood Family Office,,,Linda Allen|Helen Adams|James Wilson|Patricia Moore|Jessica Anderson|Robert Zhang|Steven Brown,
Harris Institutional Group,UBS Financial Services,,,,
Huang Family Wealth Group,Hilliard Lyons,Megan Huang,,,"3617 Hill Ave, Phoenix, AZ 85001"
Adams Asset Management Group,LPL Financial,,,,
Nelson Portfolio Group,Wells Fargo Advisors,,,,"5774 River Blvd, Kansas City, MO 64101"
Davis Private Client Group,Cambridge Investment Research,Joseph Davis,,,
Thomas Wealth Advisors,Wells Fargo Advisors,,,Jennifer Thomas|Jacob Johnson|Christopher Taylor,
Roberts Wealth Partners,UBS Financial Services,Amanda Roberts,aroberts@ubs.com,,
Patel Advisory Group,Morgan Stanley Wealth Management,Karen Patel,,,
King Private Client Group,Morgan Stanley Wealth Management,,aking@morganstanley.com,,"5338 Market Rd, New York, NY 10001"
Brown Advisory Group,Commonwealth Financial Network,,,,
Hill Investment Partners,Kingsbridge Capital Advisors,,hilla@kingsbridgecap.com,,
Hall Tax & Wealth Group,Morgan Stanley Wealth Management,,,,
Carter Tax & Wealth Group,Wells Fargo Advisors,,ron.carter@wellsfargoadv.com,,
Yang Advisory Group,Morgan Stanley Wealth Management,,,Sandra Yang|Robert Torres|John Anderson|Kenneth Williams|Betty King|William Jones,
Turner Group,Ridgeway Wealth Management,,turnerp@ridgewaywm.com,,"4575 Commerce Ave, Boston, MA 02101"
Carter Asset Management Group,Cetera Financial Group,,carterb@cetera.com,,
Allen Wealth Advisors,Janney Montgomery Scott,,,Kevin Allen|Joseph Miller,
Lee Private Wealth,Northgate Investment Partners,Paul Lee,,,
Thompson Portfolio Group,Oppenheimer & Co.,,,,
Khan Wealth Management Group,Ameriprise Financial Services,Ryan Khan,,Ryan Khan|Timothy Scott|Mark Allen|Ashley Rivera,"2212 Elm Dr, Portland, OR 97201"
Adams Capital Partners,Meridian Private Wealth,Christopher Adams,,,"2327 Park Blvd, San Jose, CA 95101"
Roberts Wealth Advisors,Robert W. Baird & Co.,Susan Roberts,,,
Wright Group,Kingsbridge Capital Advisors,,wrightj@kingsbridgecap.com,Jason Wright|John Yang|Amanda Harris|Emily Rivera,
Green Advisory Group,DA Davidson & Co.,George Green,,George Green|Thomas Cruz|Dorothy Harris|Rachel Carter,
Reyes Private Client Group,Stifel Nicolaus & Company,Sarah Reyes,,,
Harris Capital Group,Raymond James Financial Services,,harrisp@raymondjames.com,Patricia Harris|Kevin Taylor|Michael Zhang|Richard Flores|Sandra Thomas,
Morgan Wealth Management Group,Stifel Nicolaus & Company,,,,"2011 Elm Ave, San Diego, CA 92101"
Liu Advisory Group,Cetera Financial Group,,,Daniel Liu|Karen Torres|Timothy Davis|Jeffrey Wang,"3294 Jefferson St, Austin, TX 78701"
Allen Advisors,Highfield Asset Management,Brian Allen,,,
Martin Wealth Partners,Robert W. Baird & Co.,,,,"9400 Commerce Rd, San Jose, CA 95101"
Allen Investment Group,Securities America,,,Timothy Allen|William Taylor|Amanda Davis|Joseph Wang,"5019 Lake Court, Charlotte, NC 28201"
Morris Financial Group,Cetera Financial Group,,,,"2944 Hill Ln, Portland, OR 97201"
Wang Portfolio Group,Edward Jones,Brian Wang,,,
Jones Private Client Group,Hilliard Lyons,,,,
Lee Tax & Wealth Group,Oppenheimer & Co.,Dorothy Lee,,,
Wilson Wealth Partners,Cambridge Investment Research,,,,
Stewart Family Wealth Group,Cetera Financial Group,Margaret Stewart,mstewart@cetera.com,,
Khan Financial Partners,Summit Peak Advisors,,,Charles Khan|Robert Nguyen|Jennifer Smith|Sandra Jones|Jacob Thompson|Ashley Garcia|Lisa Gomez,
Miller Tax & Wealth Group,Morgan Stanley Wealth Management,,millerr@morganstanley.com,,
Morris Partners,Parkside Wealth Strategies,,,,
Liu Private Wealth Group,Securities America,Betty Liu,,,
Nguyen Portfolio Group,DA Davidson & Co.,,,,
Thompson Retirement Solutions Group,Janney Montgomery Scott,,,,
Collins Capital Group,Cetera Financial Group,William Collins,,,
Parker Financial Group,Ameriprise Financial Services,,,Sarah Parker|Mark Johnson|Jennifer King|Linda Baker|Emily Baker|George Lee,
Mitchell Retirement Solutions Group,Woodbury Financial Services,Brian Mitchell,brian.mitchell@woodburyfs.com,Brian Mitchell|Jason Turner|Richard Williams|Karen Gomez,"3523 Jefferson Ln, Charlotte, NC 28201"
Thompson Family Wealth Group,Edward Jones,,,Megan Thompson|Emily Brown|Donald Wright,
Stewart Partners,Summit Peak Advisors,,sstewart@summitpeakadv.com,Sandra Stewart|Kevin Nguyen|Sandra Collins|James Zhang|Amanda Flores|Anthony Scott,"2285 Willow Court, Denver, CO 80201"
Nelson Tax & Wealth Group,Janney Montgomery Scott,,,,
Nguyen Investment Group,Janney Montgomery Scott,,,,
Turner Advisory Group,Hilliard Lyons,,,,
Wright Partners,Crestwood Family Office,Rachel Wright,,,
Khan Group,Summit Peak Advisors,Jeffrey Khan,,Jeffrey Khan|Jennifer Lee|Jeffrey Carter|David Huang,
Flores Capital Partners,Clearwater Capital Group,Andrew Flores,,,
Wang Capital,Northgate Investment Partners,,,Kevin Wang|Amanda Hill|Linda Martin,"4585 Madison Pl, Washington, DC 20001"
Kim Wealth Management,Ridgeway Wealth Management,,kimr@ridgewaywm.com,Rachel Kim|Paul Williams|Ashley Smith|Michael Carter,"964 Oak Dr, Houston, TX 77001"
Garcia Capital Group,Robert W. Baird & Co.,,,Ryan Garcia|Emily Stewart|Sarah Baker|Sarah White|Ronald Mitchell,
Collins Advisory Group,Oppenheimer & Co.,William Collins,,William Collins|Margaret Jones|Kenneth Wilson|Jason Green,
Johnson Investment Partners,Crestwood Family Office,Christopher Johnson,chris.johnson@crestwoodfo.com,,
Phillips Financial Group,Merrill Lynch Pierce Fenner & Smith,,,,
Parker Advisors,Highfield Asset Management,Matthew Parker,,,
Brown Asset Management,Ridgeway Wealth Management,Mark Brown,,,
Cruz Partners,Ridgeway Wealth Management,,,,
Kim Family Office,Crestwood Family Office,Jason Kim,,,
Liu Wealth Management Group,Oppenheimer & Co.,,,,
King Capital Group,Edward Jones,,,,
Jackson Private Wealth,Kingsbridge Capital Advisors,,,,
Martin Wealth Management Group,Raymond James Financial Services,Nancy Martin,,Nancy Martin|Timothy Miller|Sarah Turner|Joseph Stewart,"7180 Madison St, Houston, TX 77001"
Allen Asset Management,Clearwater Capital Group,,,,
Nelson Advisors,Harborview Private Wealth,Rachel Nelson,,Rachel Nelson|Patricia Wang|Christopher Scott|Christopher Parker,
White Family Wealth Group,UBS Financial Services,,,,
Mitchell Wealth Partners,Securities America,Daniel Mitchell,,,
Wright Wealth Management,Ridgeway Wealth Management,,wrightj@ridgewaywm.com,,
Smith Wealth Management Group,Stifel Nicolaus & Company,,,,"4324 Willow Blvd, Los Angeles, CA 90001"
Wright Wealth Partners,Securities America,,,Karen Wright|Ryan Hall|Megan Cruz|Lisa Morris|Robert Davis,
Allen Family Office,Highfield Asset Management,Edward Allen,eallen@highfieldam.com,,
Nelson Capital Partners,Ridgeway Wealth Management,William Nelson,,,
Stewart Financial Group,Janney Montgomery Scott,James Stewart,,,
Diaz Investment Group,Hilliard Lyons,Andrew Diaz,,Andrew Diaz|Linda Cruz|Barbara Wright|David Scott|Edward Brown,
Campbell Tax & Wealth Group,Cetera Financial Group,,,Betty Campbell|Ronald King,"8424 Willow Pl, Los Angeles, CA 90001"
Cruz Asset Management Group,Hilliard Lyons,,,Margaret Cruz|Kenneth Williams|Emily Harris|Margaret Kim|Jeffrey Harris|Nancy Martin,
Smith Capital Group,Cetera Financial Group,Kevin Smith,,,
Wilson Wealth Partners,Edward Jones,,,,
Yang Wealth Management,Harborview Private Wealth,Sandra Yang,yangs@harborviewpw.com,,
Stewart Advisory Group,Woodbury Financial Services,,,,
Nguyen Wealth Management,Harborview Private Wealth,,,Anthony Nguyen|Steven Wilson|Donald Smith|Joseph Wilson|Patricia Young,
Wang Family Wealth Group,DA Davidson & Co.,,rachel.wang@dadavidson.com,,
Lee Wealth Advisors,Merrill Lynch Pierce Fenner & Smith,,,,
Anderson Advisory Group,Cetera Financial Group,,canderson@cetera.com,,"297 Park Pl, Indianapolis, IN 46201"
Hill Portfolio Group,Ameriprise Financial Services,Karen Hill,,,"4840 Market Rd, Phoenix, AZ 85001"
Williams Advisory Group,Morgan Stanley Wealth Management,Timothy Williams,,,
Allen Group,Harborview Private Wealth,Ashley Allen,,,
Rivera Family Wealth Group,Wells Fargo Advisors,Helen Rivera,,Helen Rivera|Edward Collins|Jason Gomez|Jennifer Rivera|George Flores,
Jones Wealth Advisors,Raymond James Financial Services,George Jones,,,"5586 Maple Ave, Philadelphia, PA 19101"
Johnson Private Client Group,Commonwealth Financial Network,Megan Johnson,,,"3525 Lincoln Ln, Memphis, TN 38101"
Anderson Wealth Advisors,Janney Montgomery Scott,Patricia Anderson,panderson@janney.com,,
Hall Portfolio Group,Edward Jones,,,,
Scott Institutional Group,Hilliard Lyons,,,Anthony Scott|Jeffrey Wright|Thomas Zhang|Ronald Adams,
Flores Capital Partners,Harborview Private Wealth,,,,
Hill Private Wealth,Harborview Private Wealth,Jacob Hill,,,"2586 River Court, Dallas, TX 75201"
Jones Capital Group,Morgan Stanley Wealth Management,,,,
Adams Asset Management Group,Cetera Financial Group,,,,
Liu Capital,Clearwater Capital Group,,,,
Nelson Capital Partners,Meridian Private Wealth,,,,
Johnson Financial Partners,Kingsbridge Capital Advisors,,,,"656 Maple Pl, Atlanta, GA 30301"
Kim Financial Partners,Northgate Investment Partners,Karen Kim,,Karen Kim|Rachel Morgan,
Moore Institutional Group,Janney Montgomery Scott,David Moore,,David Moore|George White|Margaret Williams|Timothy Campbell,
Williams Tax & Wealth Group,Commonwealth Financial Network,Jessica Williams,,Jessica Williams|Kevin Collins|Anthony Carter,
Jones Investment Group,Securities America,Richard Jones,jonesr@secam.com,,"286 Madison Ln, Raleigh, NC 27601"
Martin Wealth Advisors,Janney Montgomery Scott,Jacob Martin,,,
Turner Family Wealth Group,Wells Fargo Advisors,,,,"141 Lincoln Pl, Austin, TX 78701"
Hill Retirement Solutions Group,Oppenheimer & Co.,Steven Hill,,,
Collins & Associates,Crestwood Family Office,,,Donald Collins|Jessica Davis|Michael Zhang|Christopher Wright|Anthony Miller,
Khan Investment Group,Raymond James Financial Services,,,,"7020 Madison Blvd, Miami, FL 33101"
Smith Retirement Solutions Group,UBS Financial Services,,,Kenneth Smith|Megan Patel|Dorothy Morgan|Jason Smith,"1584 River Ln, Raleigh, NC 27601"
Jones Tax & Wealth Group,UBS Financial Services,,,John Jones|Barbara King|Steven Hill|Ashley Wang|Ryan Collins|Mark Turner,
Hall Wealth Partners,Janney Montgomery Scott,Jason Hall,,,"4097 Lincoln Pkwy, Boston, MA 02101"
Nguyen Financial Group,Oppenheimer & Co.,,,,"1208 Lake Blvd, Denver, CO 80201"
Mitchell Institutional Group,Raymond James Financial Services,,,,
Williams Advisory Group,National Planning Holdings,,,,
King Wealth Management,Clearwater Capital Group,Daniel King,,Daniel King|Donald Carter|Jessica Collins,
Flores Financial Group,Ameriprise Financial Services,,,,
Chen Wealth Partners,Edward Jones,,,,"373 Park Pkwy, Memphis, TN 38101"
Johnson Asset Management,Kingsbridge Capital Advisors,Matthew Johnson,,Matthew Johnson|Ryan Roberts|George Jackson|Kevin Evans|Edward Lee|Ashley Collins|James Anderson,
Nguyen Advisory Group,DA Davidson & Co.,,,,"8452 Main Way, Phoenix, AZ 85001"
Jones Retirement Solutions Group,Stifel Nicolaus & Company,,,,
Carter Asset Management,Summit Peak Advisors,,,,
Williams Capital Group,Ameriprise Financial Services,,williamsp@ampf.com,Paul Williams|Anthony Flores|Richard Diaz|Timothy Stewart,"8349 Washington Dr, Las Vegas, NV 89101"
Adams Financial Group,Morgan Stanley Wealth Management,,,Nancy Adams|Paul Morris|Megan Baker,
Nguyen Private Wealth,Ridgeway Wealth Management,Daniel Nguyen,,,
Allen Private Wealth,Harborview Private Wealth,,,Jeffrey Allen|Kenneth Khan|Kenneth Cruz|Susan Mitchell|Charles Zhang|Sarah Wilson|Jason Flores,
Roberts Partners,Kingsbridge Capital Advisors,Megan Roberts,,,
Baker Advisors,Crestwood Family Office,,,,
Morris Asset Management,Ridgeway Wealth Management,Margaret Morris,,Margaret Morris|William Huang|Rachel White,
King Family Wealth Group,Robert W. Baird & Co.,,,Sandra King|Michael Harris|Kevin Allen|Jeffrey Stewart|Lisa Nguyen,"1091 Commerce Pl, Phoenix, AZ 85001"
Harris Retirement Solutions Group,Edward Jones,Ronald Harris,,,
Brown Capital Group,Oppenheimer & Co.,Ashley Brown,,,
Nelson Wealth,Meridian Private Wealth,,,,
Yang Advisors,Summit Peak Advisors,,,Daniel Yang|Patricia Carter|Ryan Adams|Ryan Huang,
Flores Asset Management,Harborview Private Wealth,,,,
Patel Family Wealth Group,Merrill Lynch Pierce Fenner & Smith,Jacob Patel,,Jacob Patel|James Huang|Ryan Zhang|Betty Anderson|Lisa Harris|Edward Gomez|Steven Huang,
Wang Asset Management,Crestwood Family Office,Richard Wang,rick.wang@crestwoodfo.com,,
Liu Advisory Group,Morgan Stanley Wealth Management,,mike.liu@morganstanley.com,,
Parker Wealth Partners,Edward Jones,,,,
Garcia Advisors,Kingsbridge Capital Advisors,Thomas Garcia,,Thomas Garcia|Jessica Flores|Jessica King,
Turner Advisory Group,DA Davidson & Co.,,,Andrew Turner|Jessica Anderson|Anthony Johnson|Emily Taylor|Karen Mitchell|Ashley Anderson,
Patel Institutional Group,Cambridge Investment Research,Megan Patel,,,"4842 Jefferson Dr, Charlotte, NC 28201"
Zhang Wealth Advisors,Stifel Nicolaus & Company,John Zhang,,,
Rivera Retirement Solutions Group,Woodbury Financial Services,Michael Rivera,,,
Edwards Private Wealth Group,UBS Financial Services,Timothy Edwards,,Timothy Edwards|Susan Thompson|Karen Chen,"6460 Lake Ln, Indianapolis, IN 46201"
Jones Wealth Partners,Oppenheimer & Co.,Kenneth Jones,kjones@opco.com,Kenneth Jones|Charles Taylor|Emily Scott|William Morris|Richard Turner,
Allen Wealth Advisors,Morgan Stanley Wealth Management,,,,
Flores Portfolio Group,Morgan Stanley Wealth Management,Andrew Flores,,Andrew Flores|Jennifer Thomas|Barbara Chen|Kevin Evans|Richard Wang|Jason Nguyen|Thomas Yang,
Jones Wealth Management Group,Janney Montgomery Scott,Paul Jones,,,
Scott Wealth Management Group,Merrill Lynch Pierce Fenner & Smith,,,,
Kim Wealth Management Group,Merrill Lynch Pierce Fenner & Smith,Brian Kim,,,
Johnson Private Wealth,Ridgeway Wealth Management,,,George Johnson|Jessica Wright|Mark Kim|Mark Parker,
Davis Financial Group,Edward Jones,,,,"1420 Jefferson Pkwy, San Diego, CA 92101"
Edwards Capital,Summit Peak Advisors,,,Helen Edwards|Barbara Parker|Helen Jones,
Anderson Wealth Management Group,Hilliard Lyons,Brian Anderson,,,
Williams Retirement Solutions Group,LPL Financial,Jennifer Williams,,Jennifer Williams|Thomas Thompson|Jeffrey Wang|Megan Jones|Mark Liu|Megan Young|Donald Brown,"5467 Oak Way, Raleigh, NC 27601"
Morris Investment Group,Stifel Nicolaus & Company,Ronald Morris,,,
Wang Tax & Wealth Group,UBS Financial Services,,,Ryan Wang|Rachel Gomez|Paul Moore|Jason Carter|Ryan Scott|Jeffrey Campbell,
White Wealth Management Group,Morgan Stanley Wealth Management,,,,
Wright Partners,Summit Peak Advisors,,wrightj@summitpeakadv.com,,
Nelson Capital Partners,Parkside Wealth Strategies,,,,
Edwards Private Wealth Group,National Planning Holdings,,,Richard Edwards|John Thomas,
Scott Family Office,Harborview Private Wealth,,,,
Nguyen Asset Management Group,Robert W. Baird & Co.,Megan Nguyen,,Megan Nguyen|Jason Brown|Jacob Young|Patricia Martin|Richard Moore,
Miller Wealth Advisors,Morgan Stanley Wealth Management,,,Helen Miller|Kevin Moore|Lisa Chen|Thomas Patel|Jessica Cruz|Rachel Turner,
Allen Advisory Group,Janney Montgomery Scott,James Allen,,,"9616 Willow Ave, San Antonio, TX 78201"
Adams Capital Group,Oppenheimer & Co.,,padams@opco.com,,"2269 Madison Ln, Atlanta, GA 30301"
King Investment Group,Merrill Lynch Pierce Fenner & Smith,Dorothy King,,,
White Private Client Group,Woodbury Financial Services,,,,
Williams Asset Management,Highfield Asset Management,Betty Williams,,,
Hall Retirement Solutions Group,Woodbury Financial Services,Megan Hall,,,"5090 Spring Rd, San Francisco, CA 94101"
Williams Investment Partners,Meridian Private Wealth,,,,
Baker Financial Group,Oppenheimer & Co.,,,,"3917 Lincoln Ave, Las Vegas, NV 89101"
Martin Partners,Northgate Investment Partners,Edward Martin,,Edward Martin|Rachel Miller|Michael Campbell|Jeffrey Johnson|Andrew Khan|Joseph Collins|Edward Hall,
Green Wealth Management,Highfield Asset Management,,,Sarah Green|Christopher Khan|Richard Yang|Edward Rivera|George Patel|Barbara Nelson|George Nelson,
Cruz Group,Summit Peak Advisors,,,,
Mitchell Retirement Solutions Group,UBS Financial Services,Steven Mitchell,,,"5536 Highland Ln, San Francisco, CA 94101"
Edwards Investment Group,Oppenheimer & Co.,,,Patricia Edwards|Joseph Taylor|Linda Morris|Helen Evans|Brian Zhang|Jessica Rivera,
Taylor Wealth Partners,Hilliard Lyons,,,,
Reyes Family Wealth Group,Janney Montgomery Scott,,,,"5796 Highland Pl, Baltimore, MD 21201"
Jackson Capital Partners,Harborview Private Wealth,Paul Jackson,,,"6921 Cedar Court, Philadelphia, PA 19101"
Kim Retirement Solutions Group,Securities America,Timothy Kim,,Timothy Kim|Jason Thompson|Robert Patel|Ashley Torres|Margaret Williams|Charles Harris|Jacob Huang,"1664 River St, San Diego, CA 92101"
Reyes Asset Management Group,Wells Fargo Advisors,Michael Reyes,,,
Yang Capital Group,Cambridge Investment Research,,,,
Davis Private Client Group,Raymond James Financial Services,,,,
Chen Asset Management,Clearwater Capital Group,,,Dorothy Chen|Sarah Thomas|Rachel Stewart|Ronald Moore|Lisa Diaz|Timothy Gomez|Michael Patel,
Khan Financial Group,Cetera Financial Group,,,,
Brown Tax & Wealth Group,Morgan Stanley Wealth Management,Steven Brown,,Steven Brown|Matthew Yang,
Cruz Asset Management Group,Wells Fargo Advisors,,,,
Roberts Family Wealth Group,Raymond James Financial Services,,,,
Roberts Family Wealth Group,Ameriprise Financial Services,Christopher Roberts,,,
Scott Wealth Partners,Raymond James Financial Services,,jscott@raymondjames.com,,"4139 Lincoln Dr, Los Angeles, CA 90001"
Brown Retirement Solutions Group,Oppenheimer & Co.,Margaret Brown,,,
Williams & Associates,Harborview Private Wealth,,,Lisa Williams|Amanda Huang|Patricia White|David Huang|Thomas Moore|Jacob Cruz|Michael Lee,
Green Family Office,Clearwater Capital Group,,tim.green@clearwatercap.com,,
Anderson Investment Partners,Crestwood Family Office,,,Kevin Anderson|Mark Wright|Mark Edwards|Christopher Rivera,
Wang Wealth,Crestwood Family Office,Sandra Wang,,Sandra Wang|Donald Campbell,
Adams Advisory Group,UBS Financial Services,,,,
Wilson Family Office,Clearwater Capital Group,Karen Wilson,,Karen Wilson|Lisa Parker|Karen Hall|James Torres|Christopher Evans|Karen Williams|Helen Hill,
Liu Private Client Group,Securities America,,,Linda Liu|Edward Gomez|Rachel Chen|Ronald Mitchell,
Diaz Investment Group,National Planning Holdings,,,,
Scott Private Wealth Group,Oppenheimer & Co.,George Scott,,George Scott|Ronald Torres|William Huang|Rachel Thomas|Patricia Liu,
Gomez Capital Group,Cambridge Investment Research,Steven Gomez,,,
Parker Wealth,Kingsbridge Capital Advisors,John Parker,,,
King Investment Group,DA Davidson & Co.,,bill.king@dadavidson.com,,
Adams Wealth Management Group,Robert W. Baird & Co.,Jacob Adams,,,"8456 Main Ave, Chicago, IL 60601"
Phillips & Associates,Clearwater Capital Group,,,,
Harris Partners,Northgate Investment Partners,,,,
Thomas Advisory Group,Robert W. Baird & Co.,,,,
Reyes & Associates,Kingsbridge Capital Advisors,,,Susan Reyes|William Miller|Margaret Edwards,
Allen Asset Management Group,Cetera Financial Group,,,,
Moore Family Wealth Group,Cambridge Investment Research,Joseph Moore,,,
Patel Retirement Solutions Group,Cambridge Investment Research,Helen Patel,,,
White Private Wealth Group,Morgan Stanley Wealth Management,Donald White,,Donald White|Lisa Hall|Timothy Yang|Joseph Morris|Margaret Hill|Barbara Turner|Richard Jackson,"4355 Madison Pl, Kansas City, MO 64101"
Roberts Portfolio Group,Morgan Stanley Wealth Management,Andrew Roberts,,Andrew Roberts|Emily Cruz|Ryan Hill|Andrew Diaz|Richard Hill|Paul Scott,
Nguyen Investment Group,UBS Financial Services,,nguyens@ubs.com,Susan Nguyen|Jacob Wilson|Mark Johnson,
Thompson Tax & Wealth Group,Commonwealth Financial Network,Charles Thompson,charles.thompson@commonwealth.com,,
Torres Financial Partners,Meridian Private Wealth,Emily Torres,,,
King Retirement Solutions Group,Morgan Stanley Wealth Management,,,Ronald King|Susan White,
Turner Retirement Solutions Group,Hilliard Lyons,Paul Turner,,,
Evans Asset Management Group,Morgan Stanley Wealth Management,,sevans@morganstanley.com,Sandra Evans|Margaret Khan|Charles Nelson|Sandra Edwards|Christopher Wilson|Donald Flores,
Garcia Private Client Group,Securities America,,,,"2951 Spring Dr, Seattle, WA 98101"
Phillips Family Wealth Group,Woodbury Financial Services,,phillipsj@woodburyfs.com,Jeffrey Phillips|Christopher Yang,
Yang Asset Management,Summit Peak Advisors,Thomas Yang,,Thomas Yang|Margaret Wilson,"390 Jefferson Way, Los Angeles, CA 90001"
Torres Retirement Solutions Group,National Planning Holdings,,,,"390 Lincoln Pkwy, Houston, TX 77001"
Young Group,Clearwater Capital Group,Brian Young,,,
Green & Associates,Clearwater Capital Group,,,,
Kim Private Wealth Group,UBS Financial Services,,,,
Anderson Asset Management Group,Ameriprise Financial Services,Helen Anderson,handerson@ampf.com,,"392 Maple Court, Minneapolis, MN 55401"
Jackson Portfolio Group,Raymond James Financial Services,,,Sarah Jackson|Ryan Hall|Patricia Adams|Jacob Anderson,
Martin Capital Group,Ameriprise Financial Services,Dorothy Martin,,Dorothy Martin|George Khan,
Liu Capital Group,Cambridge Investment Research,,sliu@cambridgeinv.com,Susan Liu|Robert White|Timothy Nguyen|Matthew Campbell|Mark Gomez,
Collins Financial Partners,Clearwater Capital Group,Betty Collins,,,
Nelson Private Wealth,Ridgeway Wealth Management,,,,
Cruz Wealth Management,Clearwater Capital Group,Donald Cruz,,,
Flores Family Wealth Group,National Planning Holdings,Andrew Flores,,,
Patel Asset Management Group,National Planning Holdings,Susan Patel,patels@nph.com,Susan Patel|Sarah Evans|Timothy Young|Jacob Turner|Sarah Patel|Rachel Wilson,"3626 Madison Ave, Atlanta, GA 30301"
Davis Group,Harborview Private Wealth,William Davis,,,
Cruz Advisory Group,Raymond James Financial Services,,,,
Moore Financial Partners,Kingsbridge Capital Advisors,,,Kevin Moore|John Patel,
Stewart Wealth Partners,Morgan Stanley Wealth Management,,,,
Huang Portfolio Group,Wells Fargo Advisors,,,,
Yang Capital,Harborview Private Wealth,,,Patricia Yang|Andrew Liu|Jason Edwards|Rachel Hill|Sandra Scott|Timothy Parker|Thomas Evans,
Thomas Retirement Solutions Group,Janney Montgomery Scott,,,,
Jackson Financial Partners,Parkside Wealth Strategies,,sjackson@parksidewealth.com,,"3950 Lake Ln, San Jose, CA 95101"
Wright Asset Management,Summit Peak Advisors,,wrightj@summitpeakadv.com,,
Adams Wealth Management,Kingsbridge Capital Advisors,,,,"1609 Main Way, San Diego, CA 92101"
Anderson Asset Management,Ridgeway Wealth Management,,,Kevin Anderson|Megan Williams|Patricia Chen|Steven Hill|Betty Liu|Timothy Flores,"588 Madison Ave, Minneapolis, MN 55401"
Hall Retirement Solutions Group,Woodbury Financial Services,,rhall@woodburyfs.com,,
Rivera Institutional Group,DA Davidson & Co.,,,,
Liu Private Wealth,Harborview Private Wealth,Charles Liu,,,"5439 Jefferson Ln, Nashville, TN 37201"
Parker Capital Partners,Crestwood Family Office,Michael Parker,,,
Garcia Investment Partners,Ridgeway Wealth Management,Nancy Garcia,nancy.garcia@ridgewaywm.com,,
Williams Wealth Management,Meridian Private Wealth,,,Ryan Williams|Anthony Johnson|Michael Diaz|Betty Thomas|Nancy Moore,
Patel Partners,Harborview Private Wealth,Joseph Patel,,,"5976 Maple Ln, Baltimore, MD 21201"
Chen Asset Management,Meridian Private Wealth,Kenneth Chen,,,"1871 Park Pl, Los Angeles, CA 90001"
Turner Advisors,Kingsbridge Capital Advisors,George Turner,turnerg@kingsbridgecap.com,,
Mitchell Asset Management Group,National Planning Holdings,,,Jeffrey Mitchell|Susan Gomez|Rachel Collins|Jacob Williams,
Anderson Family Wealth Group,Commonwealth Financial Network,David Anderson,,,
Anderson Capital Partners,Harborview Private Wealth,,,,
Green Private Client Group,Merrill Lynch Pierce Fenner & Smith,Donald Green,,,
Edwards Institutional Group,Robert W. Baird & Co.,Daniel Edwards,,Daniel Edwards|Sandra Parker|Karen Wright|Helen Phillips|Christopher Moore,
Torres Capital Group,Stifel Nicolaus & Company,,,Ronald Torres|John Huang|Sandra Thomas|James Patel|George Moore|Jacob Moore|Helen Morgan,
Anderson Wealth Management,Meridian Private Wealth,Timothy Anderson,,,
Diaz Family Office,Summit Peak Advisors,,,,
Williams Financial Group,Hilliard Lyons,Sarah Williams,,,
Cruz Wealth Management Group,Hilliard Lyons,,,,"8723 Oak Court, Nashville, TN 37201"
Diaz Wealth Management Group,Securities America,,,,
Jackson Financial Group,Merrill Lynch Pierce Fenner & Smith,,,Rachel Jackson|Kevin Young|Nancy Morris|Jennifer Harris|Mark White,
Adams Wealth Partners,Janney Montgomery Scott,,,,
Jackson Financial Group,Morgan Stanley Wealth Management,,,Daniel Jackson|Michael King|Christopher Davis|Megan Young,"4854 Highland Way, Philadelphia, PA 19101"
Wang Institutional Group,Morgan Stanley Wealth Management,Sarah Wang,wangs@morganstanley.com,,
Roberts Family Office,Meridian Private Wealth,,,,"2784 Maple Rd, Las Vegas, NV 89101"
Gomez Wealth,Parkside Wealth Strategies,,,,"9220 Jefferson Rd, Los Angeles, CA 90001"
Rivera Family Wealth Group,Ameriprise Financial Services,,,,"9858 Willow Pl, Baltimore, MD 21201"
Martin Wealth Partners,Securities America,Steven Martin,,,
Baker Financial Group,Commonwealth Financial Network,,,,
Rivera Financial Group,Cambridge Investment Research,,,,
Huang Institutional Group,Commonwealth Financial Network,Rachel Huang,,Rachel Huang|Robert Turner|Jacob Johnson|Michael King|Rachel Smith|Sarah Young,
Davis Financial Group,Hilliard Lyons,,,,
Roberts Advisory Group,National Planning Holdings,,,William Roberts|Jeffrey Huang|Patricia Miller|Thomas Thomas|Amanda White|Donald Liu|Michael Morgan,
Wright Advisors,Northgate Investment Partners,,mwright@northgateinv.com,Margaret Wright|Sarah Kim|Rachel Parker|Jessica Johnson|Emily Hill,"3412 Park Pl, Austin, TX 78701"
Rivera Capital,Summit Peak Advisors,Christopher Rivera,,,
Patel Capital Partners,Northgate Investment Partners,Ronald Patel,,,"3218 Madison Dr, San Francisco, CA 94101"
Flores Wealth Management Group,Cetera Financial Group,Nancy Flores,,,"9426 Commerce Court, Seattle, WA 98101"
Torres Institutional Group,Janney Montgomery Scott,Paul Torres,,,
Anderson Family Wealth Group,Stifel Nicolaus & Company,Timothy Anderson,,,
Evans Wealth Partners,Morgan Stanley Wealth Management,Jennifer Evans,,,
Gomez Wealth Advisors,Oppenheimer & Co.,Anthony Gomez,,Anthony Gomez|Rachel Patel|Helen Nelson|George Williams|Barbara Parker|Barbara Allen|James Hall,
King Private Client Group,Oppenheimer & Co.,,,Timothy King|Betty Wright|Amanda Turner|Patricia Moore|Sandra Campbell|Anthony Huang|Amanda Torres,
Nelson Family Wealth Group,UBS Financial Services,Jacob Nelson,,Jacob Nelson|Megan Flores|Ashley Anderson|William Morgan|Thomas Mitchell,
Nguyen Wealth Advisors,Wells Fargo Advisors,,,,
Adams Portfolio Group,Oppenheimer & Co.,,,,"9221 Elm Ave, Raleigh, NC 27601"
Williams Retirement Solutions Group,Edward Jones,Emily Williams,,,
Thomas Wealth Advisors,Ameriprise Financial Services,Christopher Thomas,,Christopher Thomas|Patricia Baker|Karen Kim|Lisa Roberts|Lisa Adams,
Stewart Financial Partners,Summit Peak Advisors,Donald Stewart,,Donald Stewart|Ryan Turner|George Liu|Ashley Baker|George Wilson|Lisa Smith|Andrew Williams,
Edwards Retirement Solutions Group,LPL Financial,,jennifer.edwards@lpl.com,,
Torres Private Client Group,Janney Montgomery Scott,,,,
Torres Wealth Management Group,Janney Montgomery Scott,,,David Torres|Nancy Smith|Susan Parker|Joseph Green|Jacob Cruz,
Garcia Private Wealth,Clearwater Capital Group,,,Joseph Garcia|Andrew Johnson|Timothy Thompson|Ashley Parker|Brian Scott|Robert Williams|Robert Huang,
Wright Asset Management,Clearwater Capital Group,Kenneth Wright,,Kenneth Wright|Patricia Johnson|Betty Huang|Emily Evans|Edward Williams|Brian Nguyen|Kenneth Phillips,"5029 Highland Pkwy, New York, NY 10022"
Evans Advisors,Summit Peak Advisors,Kenneth Evans,,Kenneth Evans|Mark Patel|Brian Hill|Anthony Carter|Anthony Hill|Andrew Hall|Thomas Huang,
Torres Capital Group,LPL Financial,Kenneth Torres,,,
Turner Retirement Solutions Group,Robert W. Baird & Co.,Brian Turner,,,
Jackson Portfolio Group,Robert W. Baird & Co.,Lisa Jackson,,,
Nguyen Wealth,Ridgeway Wealth Management,,,,
White Tax & Wealth Group,Securities America,,,,
Torres Wealth Management Group,Securities America,,,,
Flores Private Wealth Group,Hilliard Lyons,,,Mark Flores|Daniel Morgan|Christopher Patel|Ryan Liu|Rachel Scott,"2184 Lincoln Pkwy, San Francisco, CA 94101"
Patel Group,Parkside Wealth Strategies,Linda Patel,,Linda Patel|Michael Turner|Emily Diaz|Barbara Evans|Ashley Davis|Dorothy Yang,
White Private Wealth Group,Stifel Nicolaus & Company,Brian White,,,
Martin Retirement Solutions Group,DA Davidson & Co.,David Martin,,David Martin|Steven Morgan|Richard Torres|Daniel Green,
Scott Institutional Group,Robert W. Baird & Co.,Andrew Scott,,Andrew Scott|Jeffrey Phillips|Andrew Reyes|Karen Martin|David Parker,
Khan Wealth,Ridgeway Wealth Management,Emily Khan,emily.khan@ridgewaywm.com,,
Harris Portfolio Group,Edward Jones,,,,
Young & Associates,Harborview Private Wealth,Linda Young,,Linda Young|James Patel|Christopher Green|Ronald Davis,"2083 Madison Rd, Dallas, TX 75201"
Thomas Wealth Partners,Edward Jones,Lisa Thomas,,,
Torres Capital Group,Wells Fargo Advisors,Ronald Torres,,,
Wright Partners,Meridian Private Wealth,Patricia Wright,,Patricia Wright|Paul Diaz|Susan Kim|Daniel Edwards|James Adams|Christopher Baker,"6125 Highland Court, Charlotte, NC 28201"
Hill Advisory Group,Merrill Lynch Pierce Fenner & Smith,,,Charles Hill|Linda Campbell|Richard Reyes,"3467 Oak Blvd, Dallas, TX 75201"
Moore Family Office,Summit Peak Advisors,,,,"7798 Jefferson Dr, Phoenix, AZ 85001"
Wright Tax & Wealth Group,Cetera Financial Group,Amanda Wright,,,
Young Portfolio Group,Ameriprise Financial Services,Ryan Young,ryoung@ampf.com,,
Liu Financial Group,Hilliard Lyons,,,,
Morris Investment Group,Cambridge Investment Research,,,,
Carter Institutional Group,UBS Financial Services,Anthony Carter,,Anthony Carter|George Liu|Jason Miller|Barbara Johnson,
Hill Wealth Partners,Wells Fargo Advisors,,,,
Rivera Wealth Advisors,Woodbury Financial Services,,,Mark Rivera|Donald Roberts|Patricia Mitchell|Richard Torres|Linda Harris|Steven Khan|David Huang,
Khan Private Wealth Group,Oppenheimer & Co.,,,,
Flores Tax & Wealth Group,UBS Financial Services,,,,"2960 Elm Rd, Minneapolis, MN 55401"
Edwards Capital,Kingsbridge Capital Advisors,Helen Edwards,,Helen Edwards|Thomas Jones|Michael Campbell|Andrew Williams|William King,"7083 Cedar Dr, Memphis, TN 38101"
Zhang Wealth Management,Meridian Private Wealth,Patricia Zhang,,,
Hill Asset Management Group,Cetera Financial Group,Susan Hill,,Susan Hill|Ryan Hill,
Kim Investment Group,Securities America,Edward Kim,,,
Johnson Advisory Group,Edward Jones,,,,"264 Elm St, Las Vegas, NV 89101"
Smith Institutional Group,UBS Financial Services,,,,"3004 River Way, Memphis, TN 38101"
Evans Capital,Clearwater Capital Group,,,,
Patel Retirement Solutions Group,Raymond James Financial Services,,,,
Zhang Tax & Wealth Group,Securities America,Edward Zhang,ed.zhang@secam.com,,"4945 Willow Rd, Seattle, WA 98101"
Torres Portfolio Group,DA Davidson & Co.,,,,
Torres Institutional Group,Commonwealth Financial Network,Lisa Torres,,Lisa Torres|Jessica Harris|Jessica Hall|Karen Williams,
Hall Family Wealth Group,Morgan Stanley Wealth Management,Jeffrey Hall,,,
Torres Portfolio Group,Stifel Nicolaus & Company,,,,"8297 River Dr, New York, NY 10001"
Gomez Family Office,Ridgeway Wealth Management,,margaret.gomez@ridgewaywm.com,,
Zhang Tax & Wealth Group,LPL Financial,,,,
White Wealth,Parkside Wealth Strategies,Mark White,,,
Edwards Financial Group,Commonwealth Financial Network,David Edwards,,,
Yang Family Wealth Group,Merrill Lynch Pierce Fenner & Smith,,,,
Torres Portfolio Group,Cetera Financial Group,,,Mark Torres|Steven Davis|Donald Diaz,
Collins Investment Group,Morgan Stanley Wealth Management,,,,
Green Wealth Management Group,Oppenheimer & Co.,Jeffrey Green,,,
Garcia Financial Group,Hilliard Lyons,,,,"5623 Elm Blvd, Philadelphia, PA 19101"
Nelson Tax & Wealth Group,Oppenheimer & Co.,Susan Nelson,,Susan Nelson|Betty Lee,
Huang Advisors,Crestwood Family Office,,,,
Reyes Wealth Partners,Robert W. Baird & Co.,,,,
Adams Wealth,Ridgeway Wealth Management,,,Anthony Adams|Edward Flores,
King Wealth Partners,DA Davidson & Co.,Megan King,,,
Miller Advisory Group,Morgan Stanley Wealth Management,Nancy Miller,,,
King Financial Group,Morgan Stanley Wealth Management,,,,
Morgan Retirement Solutions Group,Merrill Lynch Pierce Fenner & Smith,,,George Morgan|Ashley Carter|Charles Zhang|Andrew Jones|Joseph Flores|Paul Jackson|Paul Morris,
Allen & Associates,Harborview Private Wealth,Daniel Allen,allend@harborviewpw.com,,
Campbell Capital,Parkside Wealth Strategies,,campbellr@parksidewealth.com,,
Martin Family Office,Parkside Wealth Strategies,,martinb@parksidewealth.com,,
Moore Advisory Group,Oppenheimer & Co.,Amanda Moore,,,
Martin Capital Group,Janney Montgomery Scott,,,,"3185 Lake Ave, Raleigh, NC 27601"
Diaz Investment Partners,Northgate Investment Partners,Sarah Diaz,,Sarah Diaz|Richard Kim|Mark Diaz|Edward Young|Brian Green|Jeffrey Liu|Donald Turner,"1794 Park Way, Chicago, IL 60601"
Cruz Wealth Management Group,Wells Fargo Advisors,,,,
White Partners,Northgate Investment Partners,,,Susan White|Kenneth Chen|Linda Harris|Donald Thompson|Ronald White,
Chen Institutional Group,Hilliard Lyons,Brian Chen,,,"7780 Madison Pkwy, San Antonio, TX 78201"
Torres Investment Group,Cambridge Investment Research,Jacob Torres,,Jacob Torres|Patricia Khan|Sarah Brown|Steven Smith|Emily Jackson|Patricia Johnson|David Wang,
Campbell Private Wealth,Crestwood Family Office,,,,
Wang Portfolio Group,Hilliard Lyons,,,Patricia Wang|Charles Nguyen|Betty Rivera|Michael Hill|Anthony Stewart|Megan Phillips|Kevin Yang,"2609 Maple Court, Denver, CO 80201"
Jones Asset Management Group,LPL Financial,Andrew Jones,,,
Stewart Family Wealth Group,Cambridge Investment Research,Jessica Stewart,,Jessica Stewart|Charles Parker,
Nelson Wealth Management,Clearwater Capital Group,Joseph Nelson,,,
Hall Financial Group,Oppenheimer & Co.,,nhall@opco.com,Nancy Hall|Ryan Yang|Sandra Davis|Sandra Anderson,
Edwards Wealth,Harborview Private Wealth,Dorothy Edwards,,Dorothy Edwards|Brian Collins|Linda Thomas|Charles Thomas|Sarah Diaz,"4379 Park Rd, Los Angeles, CA 90001"
Edwards Financial Group,Commonwealth Financial Network,,,Mark Edwards|Megan Martin,
Adams Portfolio Group,LPL Financial,Robert Adams,,,
Parker Retirement Solutions Group,National Planning Holdings,Thomas Parker,,Thomas Parker|Jeffrey Cruz|Helen Hall|Linda Phillips|Timothy Phillips|Mark Hill|Andrew Parker,
Hall Advisors,Summit Peak Advisors,,,,"7642 Willow Way, Washington, DC 20001"
King Private Wealth Group,Merrill Lynch Pierce Fenner & Smith,,,,
Thomas Capital Group,Commonwealth Financial Network,Jennifer Thomas,,Jennifer Thomas|Susan Chen|Jacob Lee|Andrew Collins,"826 Hill Ln, Phoenix, AZ 85001"
Taylor Advisors,Crestwood Family Office,,,Richard Taylor|Robert Carter|Patricia Patel,
Morris Capital Group,Stifel Nicolaus & Company,,,Susan Morris|Donald Baker,
Scott Wealth Advisors,Morgan Stanley Wealth Management,Susan Scott,,,"7302 Park Way, Denver, CO 80201"
Carter Investment Group,Cetera Financial Group,,jeff.carter@cetera.com,,
Thompson Family Wealth Group,Securities America,Kenneth Thompson,,,
Khan Advisory Group,Ameriprise Financial Services,Jeffrey Khan,,,"9008 Cedar Dr, Chicago, IL 60601"
King Investment Partners,Clearwater Capital Group,Karen King,,,
Zhang Advisory Group,Cambridge Investment Research,Thomas Zhang,,,
Roberts & Associates,Summit Peak Advisors,,,,
Gomez Wealth Advisors,Commonwealth Financial Network,Patricia Gomez,,Patricia Gomez|Dorothy Jones|Karen Green,
Miller Private Wealth,Northgate Investment Partners,,,Andrew Miller|Margaret Flores|Edward Yang|Linda Brown|Brian Liu,
Hill Advisors,Ridgeway Wealth Management,Ronald Hill,,Ronald Hill|Timothy Green,"3916 Cedar Pkwy, Los Angeles, CA 90001"
Miller Wealth Management,Harborview Private Wealth,David Miller,,,"5545 Lake St, San Jose, CA 95101"
Hall Portfolio Group,Stifel Nicolaus & Company,Linda Hall,,,
Wang Capital Group,Morgan Stanley Wealth Management,,,,
Adams Group,Clearwater Capital Group,,,Paul Adams|Donald Moore|Karen Liu|Sarah Brown|Jacob Green,
Roberts Institutional Group,Oppenheimer & Co.,Thomas Roberts,,,"494 Lake Ln, San Jose, CA 95101"
Reyes Partners,Parkside Wealth Strategies,,,,
Miller Portfolio Group,Morgan Stanley Wealth Management,,,Jessica Miller|Timothy Adams|Jeffrey Edwards|Jason Mitchell,
Lee Group,Northgate Investment Partners,,,,
Kim Group,Parkside Wealth Strategies,Karen Kim,,Karen Kim|Michael Davis|Jason Hill,
Khan Private Wealth,Kingsbridge Capital Advisors,Linda Khan,khanl@kingsbridgecap.com,,
Huang & Associates,Highfield Asset Management,Steven Huang,huangs@highfieldam.com,Steven Huang|Michael Nguyen|Kevin Baker|John Roberts|William Chen|Steven Patel,"1385 Oak Pl, Dallas, TX 75201"
Green Private Wealth,Summit Peak Advisors,Paul Green,,Paul Green|Robert Liu,
Johnson Wealth Partners,Janney Montgomery Scott,Robert Johnson,,,"6855 Willow Rd, San Diego, CA 92101"
Flores Wealth Management Group,LPL Financial,Karen Flores,kflores@lpl.com,,"4721 Highland Pkwy, Portland, OR 97201"
Thomas Wealth Advisors,UBS Financial Services,,,David Thomas|David Rivera,
Parker Tax & Wealth Group,Wells Fargo Advisors,,,,"1849 Lincoln Pl, Minneapolis, MN 55401"
Johnson Financial Group,Wells Fargo Advisors,Jennifer Johnson,,,
Liu Advisors,Ridgeway Wealth Management,,liun@ridgewaywm.com,,
Baker Wealth Management Group,Ameriprise Financial Services,,,Betty Baker|Steven Wang|Andrew Thompson|Nancy Gomez|Margaret Young|Karen Morris,
Phillips Financial Partners,Kingsbridge Capital Advisors,,phillipsb@kingsbridgecap.com,,
Wilson Wealth Partners,Ameriprise Financial Services,,,,
Roberts Wealth,Harborview Private Wealth,Sarah Roberts,,,
Yang Asset Management Group,Securities America,Steven Yang,,,
Khan Capital Partners,Kingsbridge Capital Advisors,,ekhan@kingsbridgecap.com,,"6949 Hill Pkwy, Minneapolis, MN 55401"
Zhang Investment Group,Stifel Nicolaus & Company,,pzhang@stifel.com,,
Green Family Office,Summit Peak Advisors,,,,"6658 Oak Pkwy, Raleigh, NC 27601"
Taylor Family Office,Highfield Asset Management,Karen Taylor,,Karen Taylor|Anthony Davis|Ashley Green|Rachel Hall|James Campbell|Lisa Flores,
King Wealth Management,Northgate Investment Partners,,kinga@northgateinv.com,Ashley King|Jason Gomez|Brian Parker,"2013 Willow Ln, New York, NY 10001"
Hall Partners,Clearwater Capital Group,,mhall@clearwatercap.com,,
Torres Family Wealth Group,UBS Financial Services,Thomas Torres,ttorres@ubs.com,,
Edwards Wealth Management,Summit Peak Advisors,,,,
Wright Family Wealth Group,Robert W. Baird & Co.,Lisa Wright,,,
Jackson Private Client Group,National Planning Holdings,,,,"261 Jefferson Blvd, Baltimore, MD 21201"
Liu Asset Management,Ridgeway Wealth Management,Barbara Liu,,Barbara Liu|Jeffrey Liu|Brian Green,
Johnson Advisors,Clearwater Capital Group,Betty Johnson,,,"6813 Madison Pkwy, St. Louis, MO 63101"
Lee Financial Partners,Northgate Investment Partners,,megan.lee@northgateinv.com,Megan Lee|Megan Chen|Betty Khan|Richard Green|Lisa White,"4777 Willow St, Philadelphia, PA 19101"
Huang Private Client Group,Commonwealth Financial Network,,linda.huang@commonwealth.com,,
Green Portfolio Group,Edward Jones,,,Edward Green|Lisa Williams|Richard Nguyen,
Scott Asset Management Group,Woodbury Financial Services,,,,"7905 Oak Way, Denver, CO 80201"
Campbell Private Wealth Group,UBS Financial Services,John Campbell,,John Campbell|Jacob Baker|Kenneth White,
Roberts Retirement Solutions Group,LPL Financial,Sandra Roberts,,,
Diaz Family Wealth Group,Wells Fargo Advisors,,,Joseph Diaz|Donald Jones,"2959 River Ln, Washington, DC 20001"
Moore Wealth Advisors,Wells Fargo Advisors,Jessica Moore,,,"7671 Cedar Rd, Las Vegas, NV 89101"
Lee Advisory Group,Morgan Stanley Wealth Management,,,Matthew Lee|Sandra Cruz|Sandra Diaz|Rachel Martin|Charles Jackson,
Lee Advisory Group,National Planning Holdings,Andrew Lee,alee@nph.com,Andrew Lee|Jeffrey Liu|Andrew Liu|Christopher Campbell|Barbara Allen|Nancy Harris|Patricia Reyes,
Allen Institutional Group,Commonwealth Financial Network,Donald Allen,,,
Baker Financial Partners,Meridian Private Wealth,,,,
Chen Capital Group,Hilliard Lyons,Robert Chen,,Robert Chen|Charles Thompson|Brian Turner|Kenneth Cruz|Jacob Edwards|Barbara Harris,"5875 Washington Ln, Philadelphia, PA 19101"
Moore Family Office,Harborview Private Wealth,Dorothy Moore,,,
Huang Portfolio Group,National Planning Holdings,Paul Huang,,Paul Huang|Christopher Rivera|Linda Baker|Steven Hall|Jessica Nguyen,"1398 Washington Court, Minneapolis, MN 55401"
Garcia Partners,Parkside Wealth Strategies,,,,
Anderson Retirement Solutions Group,DA Davidson & Co.,,,Sarah Anderson|Barbara Brown|Charles Johnson|Andrew Johnson|Steven Jones|Timothy Yang|James Nelson,
Roberts Wealth,Summit Peak Advisors,,,,
Campbell Tax & Wealth Group,Hilliard Lyons,,,,"1733 Lincoln Dr, Dallas, TX 75201"
Parker Wealth,Highfield Asset Management,,,,
Brown Family Wealth Group,Stifel Nicolaus & Company,Patricia Brown,,,
Khan Financial Group,Cetera Financial Group,,,,
Miller & Associates,Clearwater Capital Group,James Miller,,James Miller|Amanda Zhang|Christopher Wang|Christopher Reyes|Edward Yang|Steven Smith,
Jones Advisory Group,Morgan Stanley Wealth Management,Margaret Jones,jonesm@morganstanley.com,,"8688 Spring Rd, Charlotte, NC 28201"
Mitchell Family Wealth Group,Stifel Nicolaus & Company,Jennifer Mitchell,,,"778 Hill Way, Miami, FL 33101"
Harris Tax & Wealth Group,Oppenheimer & Co.,,harrisj@opco.com,,
Huang Investment Partners,Summit Peak Advisors,Ronald Huang,,Ronald Huang|Steven Wang|Barbara Chen|Jennifer Nguyen,"8200 Madison Ln, Seattle, WA 98101"
Baker Capital Group,Raymond James Financial Services,,,,
Rivera Family Office,Crestwood Family Office,,,,
Morgan Financial Group,LPL Financial,,,,"1891 Cedar Rd, Minneapolis, MN 55401"
Johnson Private Wealth Group,Hilliard Lyons,,,,
Stewart Wealth Advisors,DA Davidson & Co.,,,,"6349 Spring St, Boston, MA 02101"
Patel Institutional Group,DA Davidson & Co.,,,,
White Capital Partners,Clearwater Capital Group,Joseph White,,,
Reyes Portfolio Group,Merrill Lynch Pierce Fenner & Smith,Margaret Reyes,,Margaret Reyes|Ashley Nguyen,
Garcia Capital Partners,Ridgeway Wealth Management,Jessica Garcia,,,"273 Madison Court, New York, NY 10022"
Phillips Group,Ridgeway Wealth Management,,,Mark Phillips|Steven Davis|Dorothy Patel|David King,
Patel Financial Group,UBS Financial Services,,,,
Smith Tax & Wealth Group,Securities America,,,,
Khan Wealth Management Group,Commonwealth Financial Network,,,,"7201 Commerce Blvd, Indianapolis, IN 46201"
Turner Portfolio Group,Edward Jones,,jturner@edwardjones.com,,"2574 Willow Blvd, Chicago, IL 60601"
Thomas Asset Management Group,Securities America,Mark Thomas,,,
Nelson Institutional Group,Janney Montgomery Scott,,,,"6507 Highland Court, Washington, DC 20001"
Khan Capital,Northgate Investment Partners,Betty Khan,betty.khan@northgateinv.com,Betty Khan|Helen Mitchell,
Scott Financial Group,UBS Financial Services,,,,"730 Maple Ln, Minneapolis, MN 55401"
Harris Financial Group,DA Davidson & Co.,,,,"1120 Willow Pl, San Antonio, TX 78201"
Moore Wealth Management,Harborview Private Wealth,,,,
Khan Partners,Parkside Wealth Strategies,Charles Khan,,,
Huang Wealth Advisors,Edward Jones,Brian Huang,,Brian Huang|Andrew Yang|Joseph Morris|Michael Brown|Kevin Smith|Sandra Nguyen|Sarah Mitchell,
Young Advisory Group,Janney Montgomery Scott,,,Barbara Young|Mark Edwards,
Chen & Associates,Summit Peak Advisors,Sarah Chen,,Sarah Chen|Linda Liu|Robert Nguyen|Paul Roberts|Edward Harris|Patricia Torres|Amanda Patel,
Young Financial Group,Morgan Stanley Wealth Management,,,,
Hall Institutional Group,Morgan Stanley Wealth Management,Thomas Hall,,,"8779 Main Blvd, Washington, DC 20001"
Patel Wealth Management Group,Oppenheimer & Co.,Kevin Patel,,,
Mitchell Investment Partners,Northgate Investment Partners,,,,
Torres Family Wealth Group,LPL Financial,James Torres,,,
Garcia Private Client Group,Ameriprise Financial Services,,,,
Edwards Private Wealth Group,Woodbury Financial Services,,,Jeffrey Edwards|Jeffrey Garcia|Andrew Miller|Thomas Johnson,"8793 Hill Ave, Memphis, TN 38101"
Hall Investment Partners,Harborview Private Wealth,James Hall,,,
Nguyen Wealth Advisors,Raymond James Financial Services,,,Jacob Nguyen|Amanda Thomas|Robert Roberts|Charles Cruz|Karen Anderson,"9467 Hill Way, Portland, OR 97201"
Phillips Partners,Meridian Private Wealth,Anthony Phillips,,,
Chen Retirement Solutions Group,Raymond James Financial Services,,kchen@raymondjames.com,,
Roberts Advisors,Clearwater Capital Group,,,William Roberts|Sandra Scott|Edward Edwards|William Collins,
Parker Wealth Partners,Edward Jones,,,,"5262 Hill Pl, Atlanta, GA 30301"
Edwards Advisory Group,Janney Montgomery Scott,Nancy Edwards,nedwards@janney.com,,
Thompson Investment Group,Edward Jones,,,James Thompson|Richard Parker|Emily Nguyen,"3543 Lake Court, San Antonio, TX 78201"
Moore Capital Group,Morgan Stanley Wealth Management,,,,
Morgan Retirement Solutions Group,Janney Montgomery Scott,,dmorgan@janney.com,Donald Morgan|Dorothy Williams|Linda Diaz|Charles Nguyen,"9050 Madison Ln, St. Louis, MO 63101"
Taylor Financial Group,UBS Financial Services,,,Jeffrey Taylor|Matthew Flores|Barbara Johnson|Lisa Jackson|Linda Thomas,
Chen Wealth Advisors,Cambridge Investment Research,Michael Chen,,,"8715 Park Dr, Houston, TX 77001"
Phillips Private Client Group,Morgan Stanley Wealth Management,,,,
Miller Wealth Advisors,Ameriprise Financial Services,Karen Miller,,,
Diaz Private Wealth Group,Cambridge Investment Research,,,,
Huang Investment Group,Janney Montgomery Scott,Jason Huang,,,
Miller & Associates,Kingsbridge Capital Advisors,Andrew Miller,,Andrew Miller|Helen Brown,
Martin Wealth Advisors,Cambridge Investment Research,,martina@cambridgeinv.com,,
Yang Wealth Advisors,UBS Financial Services,Paul Yang,,,
Brown Investment Group,Raymond James Financial Services,,,,
Phillips Wealth Management,Parkside Wealth Strategies,,kphillips@parksidewealth.com,,
Wright Group,Kingsbridge Capital Advisors,,,Jacob Wright|Susan Hall|John Young|David Wright|Sarah Hall|Jessica Turner,"4051 Cedar Blvd, San Francisco, CA 94101"
Turner Family Wealth Group,Wells Fargo Advisors,Donald Turner,,Donald Turner|Patricia Parker,
Wilson Wealth Partners,Oppenheimer & Co.,,,,
White Family Wealth Group,LPL Financial,Ashley White,,Ashley White|Susan Allen,
Wang Capital Partners,Clearwater Capital Group,,,,
Flores Asset Management Group,Ameriprise Financial Services,,,,"2375 Commerce Court, Chicago, IL 60601"
Carter Private Client Group,Robert W. Baird & Co.,,,,
Parker Wealth Management Group,UBS Financial Services,Sandra Parker,,,
Mitchell Wealth Advisors,Cetera Financial Group,George Mitchell,,,
Anderson Wealth Management,Crestwood Family Office,Margaret Anderson,,,
Wang Wealth Partners,UBS Financial Services,Helen Wang,wangh@ubs.com,Helen Wang|Christopher Flores|Charles Baker|Mark Turner|Karen Smith|Brian Hill,
Reyes Private Wealth Group,UBS Financial Services,Michael Reyes,,Michael Reyes|Kevin Lee|Robert Gomez|Sandra Jones|Andrew Phillips,
Roberts Wealth,Summit Peak Advisors,Robert Roberts,,,"204 Cedar Ln, New York, NY 10022"
Huang Investment Partners,Highfield Asset Management,,,,
Roberts Asset Management,Ridgeway Wealth Management,,,Helen Roberts|Christopher Miller|Margaret Hill,
Yang Asset Management Group,Hilliard Lyons,,,Jacob Yang|Kevin Mitchell,"9431 Cedar St, Portland, OR 97201"
Hill Financial Partners,Ridgeway Wealth Management,,,George Hill|Steven Smith|Kevin Moore|Lisa Williams|John Flores|Paul Anderson|Charles Nelson,"1176 Cedar Way, Boston, MA 02101"
Harris Wealth Partners,Cetera Financial Group,,,Steven Harris|Edward Cruz|Lisa Brown|Sarah Thomas|Andrew Hall,
Cruz Investment Partners,Highfield Asset Management,Linda Cruz,,Linda Cruz|Ronald Roberts|Lisa Thomas|Timothy Chen,
Mitchell Group,Highfield Asset Management,,,,
Liu Private Wealth,Ridgeway Wealth Management,Lisa Liu,,Lisa Liu|Richard Hill,
Reyes Advisors,Parkside Wealth Strategies,,,Paul Reyes|Dorothy Collins|Paul Young|Brian Morgan|Andrew White,"435 Lake Blvd, St. Louis, MO 63101"
Collins Investment Group,Stifel Nicolaus & Company,,collinsj@stifel.com,,
Nelson Investment Group,Janney Montgomery Scott,Patricia Nelson,,,
Roberts Private Client Group,Janney Montgomery Scott,Richard Roberts,rick.roberts@janney.com,,
Jones Asset Management Group,National Planning Holdings,Donald Jones,,Donald Jones|Lisa Rivera|Lisa Phillips|Patricia Morgan|Michael Wang,"4354 Cedar Blvd, Houston, TX 77001"
Anderson Investment Partners,Meridian Private Wealth,,,,
Stewart Investment Partners,Northgate Investment Partners,,,,
Young Advisors,Northgate Investment Partners,,,,
Diaz Wealth Partners,Oppenheimer & Co.,,,Amanda Diaz|Paul Zhang|Sarah Evans|John Stewart|Patricia Jackson|Ronald Reyes|Joseph Moore,"4010 Jefferson Court, San Jose, CA 95101"
Jones Institutional Group,Cambridge Investment Research,Christopher Jones,,Christopher Jones|Charles Miller|George Rivera|David King|Steven Martin|Jacob Hall|Helen Rivera,
Morgan Financial Group,National Planning Holdings,,,,"7566 Commerce St, New York, NY 10022"
Diaz Family Wealth Group,Woodbury Financial Services,Karen Diaz,,Karen Diaz|Daniel Adams|Betty Anderson,
Collins & Associates,Parkside Wealth Strategies,Steven Collins,,,"3412 Madison Pl, Houston, TX 77001"
Brown Wealth Partners,Woodbury Financial Services,,sbrown@woodburyfs.com,,
Gomez Portfolio Group,Edward Jones,,,,"7221 Park Ln, Miami, FL 33101"
Thompson Private Wealth Group,Hilliard Lyons,Paul Thompson,,,"9704 Lake Court, Nashville, TN 37201"
Phillips Wealth Management Group,Raymond James Financial Services,,,,"1748 Willow Ave, Indianapolis, IN 46201"
Stewart Advisors,Kingsbridge Capital Advisors,Jennifer Stewart,,,
Lee Capital Partners,Kingsbridge Capital Advisors,Kenneth Lee,,,
Khan Wealth Management Group,Wells Fargo Advisors,,jkhan@wellsfargoadv.com,,
Turner Investment Group,Hilliard Lyons,,,,
Phillips Advisory Group,Commonwealth Financial Network,Nancy Phillips,,,
Evans Financial Group,Cambridge Investment Research,,,,
Zhang Institutional Group,Commonwealth Financial Network,,tzhang@commonwealth.com,,
Thompson Capital Group,DA Davidson & Co.,George Thompson,,,"9515 Lincoln Blvd, Raleigh, NC 27601"
Zhang Private Wealth,Ridgeway Wealth Management,William Zhang,wzhang@ridgewaywm.com,William Zhang|Brian Adams|Michael Rivera|Margaret Wilson,
Cruz Private Wealth Group,UBS Financial Services,Sarah Cruz,,,
Mitchell Asset Management Group,Merrill Lynch Pierce Fenner & Smith,Brian Mitchell,,Brian Mitchell|Paul Thompson,"7520 Main Way, Houston, TX 77001"
Torres Family Office,Clearwater Capital Group,,,,
Thompson Advisory Group,UBS Financial Services,,,,
Zhang Institutional Group,Hilliard Lyons,,,,
Evans Wealth Management Group,Cambridge Investment Research,Sarah Evans,,,"2588 Lake St, San Antonio, TX 78201"
Turner Partners,Harborview Private Wealth,,,,
Liu Retirement Solutions Group,Edward Jones,,,,"4955 Highland Pkwy, Phoenix, AZ 85001"
Khan Institutional Group,UBS Financial Services,,,,
Phillips Wealth Management Group,Wells Fargo Advisors,,,,"3708 Jefferson St, Indianapolis, IN 46201"
Parker Retirement Solutions Group,Wells Fargo Advisors,Dorothy Parker,,,
Carter Capital Partners,Ridgeway Wealth Management,,,,
Parker Private Client Group,Morgan Stanley Wealth Management,,,,
Scott Portfolio Group,Edward Jones,Dorothy Scott,,,
Smith Financial Partners,Harborview Private Wealth,,,,"685 Jefferson Ave, Washington, DC 20001"
Zhang Private Client Group,Wells Fargo Advisors,Matthew Zhang,,,"3640 Jefferson Blvd, Charlotte, NC 28201"
Adams Private Client Group,Oppenheimer & Co.,,,,
Garcia Asset Management Group,Stifel Nicolaus & Company,Ashley Garcia,garciaa@stifel.com,Ashley Garcia|George Miller|Karen Wang,
Turner Advisory Group,National Planning Holdings,Margaret Turner,,,
Thompson Tax & Wealth Group,Morgan Stanley Wealth Management,,,,
Jones Private Wealth,Ridgeway Wealth Management,,,,
Turner Private Wealth Group,Merrill Lynch Pierce Fenner & Smith,Timothy Turner,,,
Allen Wealth,Highfield Asset Management,,,,
Brown Wealth Advisors,Cetera Financial Group,Patricia Brown,,,
Cruz Portfolio Group,Commonwealth Financial Network,Timothy Cruz,,,
Garcia Capital Group,UBS Financial Services,Matthew Garcia,,,"1156 Market Ln, Kansas City, MO 64101"
Allen Portfolio Group,Raymond James Financial Services,Edward Allen,,,"5076 Jefferson Ln, Memphis, TN 38101"
Huang Wealth Advisors,National Planning Holdings,Lisa Huang,,,
White Advisory Group,Raymond James Financial Services,,,,
Taylor Family Office,Meridian Private Wealth,Edward Taylor,,,
Patel Investment Group,Robert W. Baird & Co.,,,Jessica Patel|Brian Zhang|Jennifer Baker|Betty Phillips,
Miller Institutional Group,Robert W. Baird & Co.,,,,
Rivera Private Client Group,Hilliard Lyons,,jim.rivera@hl.com,James Rivera|Christopher Lee|Sarah Moore|Edward Collins,
Thompson Advisory Group,Stifel Nicolaus & Company,,thompsonc@stifel.com,Charles Thompson|Lisa Khan|Jeffrey Baker|Emily Liu|Sandra King|Sandra Taylor,
Hall Advisory Group,Securities America,,,,
Patel Wealth Advisors,UBS Financial Services,,,,"2896 River St, Las Vegas, NV 89101"
Huang Family Wealth Group,National Planning Holdings,,mhuang@nph.com,Matthew Huang|Barbara Nelson|Jason Jackson|Nancy Johnson,
Torres Capital Group,Cambridge Investment Research,,,Michael Torres|Timothy Parker|David Flores,
Zhang Wealth Management Group,Ameriprise Financial Services,Karen Zhang,,Karen Zhang|Ashley Stewart|John Morgan|Anthony Chen|Kenneth Morgan|Richard Chen|Andrew Kim,"1140 Willow Dr, Los Angeles, CA 90001"
Kim Capital Group,Ameriprise Financial Services,,kimp@ampf.com,,
Smith Wealth Advisors,Securities America,Patricia Smith,,,
Nguyen Financial Partners,Ridgeway Wealth Management,,,,
Kim Family Office,Kingsbridge Capital Advisors,,,Sarah Kim|Anthony Patel|Paul Morgan|Margaret Chen|Steven Cruz|Paul Khan|Thomas Gomez,"2634 Elm St, Phoenix, AZ 85001"
Reyes Asset Management Group,National Planning Holdings,Edward Reyes,,,"2099 Market St, Philadelphia, PA 19101"
Martin Capital Group,Woodbury Financial Services,,,,
Hall Asset Management,Harborview Private Wealth,,,,
Nguyen Portfolio Group,Morgan Stanley Wealth Management,Karen Nguyen,,,
Allen Private Wealth Group,DA Davidson & Co.,Amanda Allen,aallen@dadavidson.com,Amanda Allen|Amanda Gomez|Edward Patel|James Cruz|Helen Liu|Barbara Morris,"2396 Spring Blvd, Philadelphia, PA 19101"
Kim Family Office,Northgate Investment Partners,,kims@northgateinv.com,Susan Kim|Dorothy Miller,
Stewart Investment Group,Janney Montgomery Scott,Megan Stewart,,,
Patel Private Client Group,Janney Montgomery Scott,Steven Patel,,Steven Patel|Daniel Green|Timothy Collins,
Zhang Asset Management Group,Commonwealth Financial Network,,,Linda Zhang|Timothy Gomez,
Kim Wealth Advisors,Merrill Lynch Pierce Fenner & Smith,,,,
Wright Private Client Group,National Planning Holdings,,,,"6257 Hill Blvd, Denver, CO 80201"
Khan Wealth Advisors,UBS Financial Services,,wkhan@ubs.com,,"7841 Jefferson Blvd, San Diego, CA 92101"
Jackson Wealth Management Group,DA Davidson & Co.,,,,
Huang Capital,Harborview Private Wealth,Donald Huang,dhuang@harborviewpw.com,Donald Huang|David Mitchell,
Khan Investment Group,Oppenheimer & Co.,Amanda Khan,,,
Taylor Tax & Wealth Group,Raymond James Financial Services,Dorothy Taylor,,,
Morris Private Wealth,Clearwater Capital Group,,,,
Liu Wealth Advisors,National Planning Holdings,Brian Liu,brian.liu@nph.com,Brian Liu|Nancy Evans|Nancy Garcia|Timothy Harris,"1590 River St, Miami, FL 33101"
Williams Capital Partners,Clearwater Capital Group,,,Betty Williams|Andrew Torres|Michael Edwards|Timothy Roberts|Helen Smith|Sandra Stewart|Anthony Edwards,
White Advisors,Ridgeway Wealth Management,,,,
Williams Tax & Wealth Group,Commonwealth Financial Network,Donald Williams,,,
Thomas Wealth Management Group,DA Davidson & Co.,Ashley Thomas,,,
Flores Private Wealth,Ridgeway Wealth Management,,floresm@ridgewaywm.com,Margaret Flores|George Campbell|Karen Baker,"4013 Oak Dr, San Antonio, TX 78201"
White Portfolio Group,Robert W. Baird & Co.,Matthew White,,,
Miller Asset Management Group,Securities America,,,,
Harris Institutional Group,Cetera Financial Group,Susan Harris,,,
Turner Tax & Wealth Group,Robert W. Baird & Co.,Jacob Turner,,Jacob Turner|Timothy Young|Nancy Huang|Jeffrey Young|Brian Taylor|Michael Miller|Barbara Miller,
Wang Wealth Management,Northgate Investment Partners,Brian Wang,,,
Johnson Retirement Solutions Group,DA Davidson & Co.,,,,
Baker & Associates,Clearwater Capital Group,Dorothy Baker,,,
Reyes Portfolio Group,Janney Montgomery Scott,,,,"7166 Madison Court, Austin, TX 78701"
Hall Wealth,Meridian Private Wealth,Helen Hall,hallh@meridianpw.com,,
Young Private Client Group,Merrill Lynch Pierce Fenner & Smith,,,,
Carter Wealth Management Group,Hilliard Lyons,James Carter,,,
Wilson Financial Partners,Parkside Wealth Strategies,,steve.wilson@parksidewealth.com,,
King Wealth Management Group,LPL Financial,,,Steven King|Robert Moore|Matthew Flores|James Adams|Andrew Davis,
Patel Asset Management Group,Commonwealth Financial Network,Michael Patel,,Michael Patel|Matthew Parker|George Garcia|Matthew Martin,
Adams Family Office,Crestwood Family Office,David Adams,,,"3155 Highland St, Phoenix, AZ 85001"
Miller Family Office,Ridgeway Wealth Management,,,,
Jackson Private Client Group,Woodbury Financial Services,,,Anthony Jackson|Christopher Khan|Rachel Green|Brian Parker|Lisa Green|Richard Wilson,"6753 Cedar St, Las Vegas, NV 89101"
Patel Family Office,Summit Peak Advisors,Michael Patel,,,
Carter Investment Partners,Highfield Asset Management,Michael Carter,,Michael Carter|Rachel Roberts|Charles Scott|Dorothy Liu|James Liu|Rachel Gomez,
Rivera Family Office,Highfield Asset Management,Christopher Rivera,,,
King & Associates,Ridgeway Wealth Management,,,Charles King|Jason Mitchell|Ryan Flores|Jennifer Chen|Emily Davis|Jessica Morris|Joseph Huang,
Patel Asset Management,Clearwater Capital Group,Emily Patel,,,"678 Willow Blvd, Raleigh, NC 27601"
Thomas Partners,Meridian Private Wealth,Jennifer Thomas,,,
Turner Capital Partners,Crestwood Family Office,,,,"7700 Lincoln Pkwy, Minneapolis, MN 55401"
Phillips Capital Group,Ameriprise Financial Services,Robert Phillips,,,
Rivera Financial Group,Janney Montgomery Scott,Donald Rivera,,,
Stewart Financial Partners,Kingsbridge Capital Advisors,,,Sarah Stewart|Dorothy Evans|Christopher Roberts|Nancy Anderson|Jeffrey Flores|Mark Taylor,"6205 Commerce Ln, Indianapolis, IN 46201"
Jackson Capital,Harborview Private Wealth,,,,"4433 Commerce St, San Antonio, TX 78201"
Jones Institutional Group,Wells Fargo Advisors,Steven Jones,,,
Carter Private Wealth Group,DA Davidson & Co.,Ronald Carter,,Ronald Carter|James Taylor|Edward Thompson|Daniel Huang|Donald Green,
Adams Investment Partners,Crestwood Family Office,,don.adams@crestwoodfo.com,,
Thomas Capital Group,Janney Montgomery Scott,,,William Thomas|Margaret Davis|William Miller,"7989 Cedar Ln, Atlanta, GA 30301"
Nelson Family Office,Crestwood Family Office,Andrew Nelson,,,
Patel Tax & Wealth Group,Oppenheimer & Co.,,,,"6941 River Way, Boston, MA 02101"
Mitchell Capital Group,DA Davidson & Co.,,,Barbara Mitchell|Jason Johnson|James Mitchell|Brian Campbell|Megan Thompson|Mark Carter|Matthew Williams,
Carter Institutional Group,Wells Fargo Advisors,Kenneth Carter,,,
Cruz Portfolio Group,Merrill Lynch Pierce Fenner & Smith,Barbara Cruz,,,
Edwards Asset Management Group,Edward Jones,,,Steven Edwards|Matthew Garcia|Steven Roberts|Matthew Edwards|David Campbell,
Adams Tax & Wealth Group,Merrill Lynch Pierce Fenner & Smith,Matthew Adams,,,
Patel Group,Kingsbridge Capital Advisors,,,,
Carter Financial Partners,Harborview Private Wealth,,,,
Parker Wealth Management,Highfield Asset Management,,,,
Brown Institutional Group,Merrill Lynch Pierce Fenner & Smith,,,,
Flores Tax & Wealth Group,Commonwealth Financial Network,,,,
Evans Institutional Group,Stifel Nicolaus & Company,Ashley Evans,,Ashley Evans|Mark Morris|Michael Morgan|Helen Yang|Charles Patel|Daniel Patel,
Campbell Private Wealth Group,Ameriprise Financial Services,,,Brian Campbell|Jacob Flores|Rachel Campbell,
Harris Financial Partners,Crestwood Family Office,,,,
Brown Retirement Solutions Group,LPL Financial,,,,"6470 Highland St, Seattle, WA 98101"
Martin Investment Partners,Highfield Asset Management,James Martin,,James Martin|Ryan Flores|Thomas Young,
Allen Wealth Advisors,Securities America,Ashley Allen,allena@secam.com,Ashley Allen|Brian Carter|Sandra Edwards|William Baker|Mark Khan|Thomas Khan,"5502 Washington Dr, Charlotte, NC 28201"
Flores Wealth Management Group,Ameriprise Financial Services,,,Dorothy Flores|Jennifer Turner|William Collins|Donald Flores|Helen Roberts|Rachel Brown|Sandra Torres,"6915 Park Pkwy, Raleigh, NC 27601"
Young Wealth,Northgate Investment Partners,Patricia Young,pyoung@northgateinv.com,,"6864 Highland Rd, Washington, DC 20001"
Flores Financial Partners,Clearwater Capital Group,,kflores@clearwatercap.com,Karen Flores|Patricia Adams|Patricia Collins|Linda Liu,
Roberts Investment Group,Cambridge Investment Research,,,Karen Roberts|Edward Kim|Barbara Wang|Ronald Thomas|Ashley Young|Kenneth Mitchell,
Yang Capital,Highfield Asset Management,,,,"3214 Lincoln St, Raleigh, NC 27601"
Hall & Associates,Meridian Private Wealth,,halln@meridianpw.com,,
Wang Asset Management Group,Securities America,,,,
Lee Group,Summit Peak Advisors,,barbara.lee@summitpeakadv.com,Barbara Lee|Christopher Green|Amanda Yang|Helen Smith|Barbara Reyes|Nancy King|Sarah Zhang,
Campbell Asset Management Group,Wells Fargo Advisors,James Campbell,,James Campbell|Jeffrey Rivera|Anthony Evans|Anthony Cruz|David Harris|Thomas Evans|Kenneth Williams,
Baker Private Client Group,LPL Financial,,,Edward Baker|William Liu,
Adams Capital Group,DA Davidson & Co.,Karen Adams,kadams@dadavidson.com,Karen Adams|Kevin Moore|Helen Jones|James Evans,
Wang Institutional Group,Morgan Stanley Wealth Management,,ewang@morganstanley.com,,
Davis Partners,Northgate Investment Partners,Andrew Davis,,,"9475 Main St, Charlotte, NC 28201"
Nguyen Asset Management Group,Merrill Lynch Pierce Fenner & Smith,,,,
Young Advisory Group,Cambridge Investment Research,,,,
Carter Advisory Group,Morgan Stanley Wealth Management,Nancy Carter,nancy.carter@morganstanley.com,Nancy Carter|Donald Huang|Susan Mitchell,"4496 Washington Ln, Raleigh, NC 27601"
Allen Portfolio Group,LPL Financial,,,,
Williams Wealth Partners,Cambridge Investment Research,,,,
Wilson Private Client Group,Oppenheimer & Co.,Richard Wilson,,,
Liu Wealth Management Group,Woodbury Financial Services,,,,"9941 River Rd, Memphis, TN 38101"
Thompson Retirement Solutions Group,Merrill Lynch Pierce Fenner & Smith,,,,
Hill Asset Management Group,LPL Financial,Jennifer Hill,,,
Young Private Wealth Group,Wells Fargo Advisors,,,,
Wilson Family Wealth Group,Edward Jones,,,,
Wright Private Client Group,Commonwealth Financial Network,,,,
Thompson Investment Partners,Highfield Asset Management,,,,
Mitchell Wealth Advisors,Robert W. Baird & Co.,Jacob Mitchell,,Jacob Mitchell|Megan Huang|James Campbell|Jacob Baker|Susan Green,"7086 Market Pkwy, Miami, FL 33101"
Wang Private Wealth Group,Stifel Nicolaus & Company,Emily Wang,,,"4966 Highland Dr, Chicago, IL 60601"
Young Wealth Management,Highfield Asset Management,Amanda Young,,,
Wright Family Wealth Group,Janney Montgomery Scott,,,,
King Private Wealth Group,UBS Financial Services,,,,
Carter Tax & Wealth Group,Securities America,Christopher Carter,ccarter@secam.com,Christopher Carter|Megan Edwards|Joseph Cruz|John Carter|Brian Diaz|Karen Mitchell,"607 Spring Ln, San Antonio, TX 78201"
Nelson Wealth Management Group,Commonwealth Financial Network,Patricia Nelson,,,
Morgan Wealth Partners,Commonwealth Financial Network,Ronald Morgan,,,"6562 Lake Ave, Miami, FL 33101"
Stewart Financial Partners,Crestwood Family Office,Ashley Stewart,stewarta@crestwoodfo.com,,"8742 Maple Ln, Indianapolis, IN 46201"
Davis Advisors,Summit Peak Advisors,,jessica.davis@summitpeakadv.com,Jessica Davis|Amanda Campbell|Margaret Allen|John Evans|Steven Hill|Betty Torres|Paul Roberts,
Johnson Private Client Group,Commonwealth Financial Network,,,Ashley Johnson|Steven Roberts|Brian Wright,"5224 Lincoln Rd, San Antonio, TX 78201"
Wilson Private Wealth Group,Janney Montgomery Scott,,,,"7719 Washington St, Charlotte, NC 28201"
Mitchell Wealth Management Group,Cambridge Investment Research,,,,
Phillips Wealth Management Group,Woodbury Financial Services,Margaret Phillips,,Margaret Phillips|Matthew Garcia|Sarah Wilson,"728 Maple Pkwy, St. Louis, MO 63101"
Smith Investment Partners,Summit Peak Advisors,,,,
Chen Portfolio Group,Ameriprise Financial Services,Jason Chen,,,
Thompson Wealth Partners,Merrill Lynch Pierce Fenner & Smith,Helen Thompson,,Helen Thompson|George Anderson|Emily Chen|Timothy Morgan|Karen Brown|Jason Flores|Andrew Jones,
Jones Wealth Advisors,Morgan Stanley Wealth Management,Anthony Jones,,Anthony Jones|Margaret Torres|Thomas Jackson|Steven Turner|Sandra Torres|Ronald Yang|Karen Young,"5128 Commerce Dr, Los Angeles, CA 90001"
Jones Investment Group,Cetera Financial Group,,,,
Lee Private Client Group,Merrill Lynch Pierce Fenner & Smith,,,Megan Lee|Kenneth Cruz|James Zhang|Christopher Thompson,
Jackson Capital Group,Edward Jones,Jennifer Jackson,,Jennifer Jackson|Thomas Chen|Jessica Parker|Sandra Khan|Jeffrey Diaz,
Edwards Wealth Advisors,Morgan Stanley Wealth Management,Linda Edwards,linda.edwards@morganstanley.com,Linda Edwards|Dorothy Patel|Jennifer Zhang|William Harris|Jeffrey Morris|Steven Morgan|Robert Nelson,
Evans Wealth,Ridgeway Wealth Management,,,,
Collins Capital Group,Robert W. Baird & Co.,,,Margaret Collins|Kevin Diaz|Sandra Miller|Richard Evans|Jason Scott|Jacob Gomez|Dorothy Jackson,
Moore Private Wealth,Kingsbridge Capital Advisors,,,Ashley Moore|Paul Nguyen|Kenneth White|Ryan Phillips|Steven Thompson|Ryan Wilson,
Edwards Capital Group,Securities America,,,,
Roberts Capital Group,Edward Jones,,,,"883 Highland Way, Seattle, WA 98101"
Turner Group,Northgate Investment Partners,Paul Turner,,Paul Turner|Edward Torres|Jacob Collins|Karen Collins,
Nguyen Retirement Solutions Group,Hilliard Lyons,Jason Nguyen,,,
Chen Financial Partners,Harborview Private Wealth,,mchen@harborviewpw.com,,"3859 Lake Pkwy, Las Vegas, NV 89101"
Rivera Wealth Advisors,Merrill Lynch Pierce Fenner & Smith,Jessica Rivera,,,
Wright Capital Partners,Meridian Private Wealth,Emily Wright,,,
Diaz Portfolio Group,Hilliard Lyons,,diazk@hl.com,,
Nguyen & Associates,Ridgeway Wealth Management,,,,
Parker Capital,Meridian Private Wealth,,,,
Hill Retirement Solutions Group,Morgan Stanley Wealth Management,,khill@morganstanley.com,,
Thompson Wealth Management Group,Robert W. Baird & Co.,Jacob Thompson,,,"7926 Cedar Pkwy, San Antonio, TX 78201"
Hill Financial Group,Edward Jones,,rhill@edwardjones.com,,
Jones Wealth Management Group,Robert W. Baird & Co.,Patricia Jones,,Patricia Jones|Margaret Torres|Thomas Edwards|Timothy Johnson,
Miller Institutional Group,Securities America,,,,
Anderson Private Wealth Group,Cambridge Investment Research,,,,"5515 Oak St, Phoenix, AZ 85001"
Carter Asset Management Group,Edward Jones,,rcarter@edwardjones.com,,
Davis Wealth Management Group,Robert W. Baird & Co.,,,Patricia Davis|Donald Hall|Dorothy Campbell|Jessica Liu|Amanda Taylor|William Martin|Joseph Mitchell,
Brown Financial Group,Wells Fargo Advisors,Robert Brown,brownr@wellsfargoadv.com,Robert Brown|Amanda Khan|Jessica Reyes|Robert Reyes|Richard Diaz,
Brown Family Wealth Group,Wells Fargo Advisors,,dbrown@wellsfargoadv.com,,"5749 Lincoln Rd, Raleigh, NC 27601"
Khan Group,Highfield Asset Management,Mark Khan,,Mark Khan|Paul Morgan|Linda Kim|Megan Garcia|John Lee|Rachel Morris|Amanda Collins,"3785 Jefferson Pl, Charlotte, NC 28201"
Chen Institutional Group,Woodbury Financial Services,,,,"3662 Commerce Court, Kansas City, MO 64101"
Johnson Wealth Partners,Robert W. Baird & Co.,,,Anthony Johnson|John Moore,
Nelson Capital Group,DA Davidson & Co.,,,Jacob Nelson|Jacob Evans|Sandra Khan|Andrew Patel|Timothy Garcia|Sandra Jackson|Susan Wilson,
Miller Financial Group,Oppenheimer & Co.,,,,"2411 Park St, Miami, FL 33101"
Harris Retirement Solutions Group,Stifel Nicolaus & Company,Edward Harris,,,
Rivera Partners,Northgate Investment Partners,Karen Rivera,,Karen Rivera|Edward Chen|Jacob Nelson|Patricia Wilson,"5057 Lake St, Dallas, TX 75201"
Wilson Financial Group,Merrill Lynch Pierce Fenner & Smith,Richard Wilson,,,
Wilson Wealth,Parkside Wealth Strategies,,,Karen Wilson|Ashley Davis|William Smith|Ashley Morris|James Kim|Betty Mitchell|Margaret Campbell,
Thompson Family Office,Kingsbridge Capital Advisors,,,,"5132 River Way, Chicago, IL 60601"
Turner Financial Group,Oppenheimer & Co.,,,,
Khan Financial Partners,Harborview Private Wealth,,,,
Chen Wealth Management Group,Commonwealth Financial Network,,,,"1735 Main Pkwy, San Diego, CA 92101"
Reyes Institutional Group,Woodbury Financial Services,,,,"3745 Lake St, Houston, TX 77001"
Turner Institutional Group,Merrill Lynch Pierce Fenner & Smith,,,,
Johnson Family Office,Parkside Wealth Strategies,Jacob Johnson,jacob.johnson@parksidewealth.com,,
Campbell Advisory Group,Merrill Lynch Pierce Fenner & Smith,Kevin Campbell,,,
Edwards Tax & Wealth Group,Cambridge Investment Research,Michael Edwards,medwards@cambridgeinv.com,,"8657 Jefferson Pkwy, Seattle, WA 98101"
Martin Wealth,Highfield Asset Management,,,,
Turner Advisory Group,Raymond James Financial Services,,,,
Taylor Wealth Advisors,Cetera Financial Group,,,Edward Taylor|Charles Nguyen|Thomas Adams|Patricia Yang|Anthony White|Richard Huang,
Wright Asset Management,Parkside Wealth Strategies,Daniel Wright,,,
Martin Capital Partners,Crestwood Family Office,,,Steven Martin|Betty Campbell|Jennifer Morris|Joseph Flores|Rachel Anderson|William Baker,"7068 Washington Blvd, San Jose, CA 95101"
Nelson Private Wealth Group,Hilliard Lyons,,,William Nelson|Brian Nelson|John Collins|Kevin Chen,
Turner Wealth Management Group,Oppenheimer & Co.,,,James Turner|Susan Williams|Linda Flores|Margaret Allen|Jessica Nelson|Susan Allen|Joseph White,"5907 Jefferson Rd, Minneapolis, MN 55401"
Harris Private Wealth Group,Securities America,George Harris,,George Harris|Matthew Scott|Megan Young,
Turner Tax & Wealth Group,Securities America,Daniel Turner,,Daniel Turner|Jessica Davis|Nancy Huang|James Parker|Matthew Liu|Karen Khan,
Miller Financial Group,Stifel Nicolaus & Company,Kenneth Miller,,Kenneth Miller|Richard Miller|Brian Morgan|Rachel Diaz,
Diaz Private Wealth Group,Wells Fargo Advisors,,,Robert Diaz|Edward Liu|David Turner|Christopher Chen|Emily Rivera|Brian Harris|Sarah Campbell,
Carter Tax & Wealth Group,Robert W. Baird & Co.,,,Andrew Carter|Thomas Liu,
Edwards Private Wealth Group,Ameriprise Financial Services,,,,
Smith Asset Management,Parkside Wealth Strategies,,smiths@parksidewealth.com,Steven Smith|Megan Reyes|Christopher Taylor|Emily Turner|Robert Huang|Betty Martin,"132 Park St, Baltimore, MD 21201"
Phillips Wealth Management,Clearwater Capital Group,,,,
Campbell Wealth Management Group,Ameriprise Financial Services,,,,
Gomez Wealth Advisors,Morgan Stanley Wealth Management,,gomezk@morganstanley.com,,"521 Cedar Court, Baltimore, MD 21201"
Huang Wealth Advisors,Securities America,Betty Huang,,Betty Huang|James Nelson|William Brown,"7948 Washington Blvd, Memphis, TN 38101"
Jones Financial Partners,Meridian Private Wealth,,,Jessica Jones|Rachel Nelson|Nancy Diaz|Betty Taylor|Joseph Torres|Paul Jones|Lisa Zhang,
Gomez Asset Management,Harborview Private Wealth,William Gomez,,,
Phillips Investment Partners,Clearwater Capital Group,Ronald Phillips,,Ronald Phillips|Jacob Zhang|Donald Allen|Rachel Taylor|Timothy Liu|Nancy Thomas,"2634 Highland Ln, Baltimore, MD 21201"
Morgan Tax & Wealth Group,Securities America,Rachel Morgan,,Rachel Morgan|David Brown|Amanda Moore|Jacob Morgan|Jeffrey White|Donald Torres,
Rivera Capital Group,Hilliard Lyons,,srivera@hl.com,,
Liu Asset Management Group,Woodbury Financial Services,,,,
Gomez Portfolio Group,Robert W. Baird & Co.,,,,"1035 River Ave, Minneapolis, MN 55401"
Evans & Associates,Parkside Wealth Strategies,Barbara Evans,,,
Baker Institutional Group,Woodbury Financial Services,,,,
Roberts Retirement Solutions Group,UBS Financial Services,Robert Roberts,,,
Carter & Associates,Clearwater Capital Group,Michael Carter,,,"468 Jefferson St, Austin, TX 78701"
Moore Institutional Group,Oppenheimer & Co.,,,Edward Moore|Barbara Johnson|Ronald Edwards|Helen Thompson|Sandra Lee,"2211 Willow Pl, San Jose, CA 95101"
Smith Wealth Management Group,Woodbury Financial Services,Jason Smith,,,
Young Wealth Management,Harborview Private Wealth,Daniel Young,,Daniel Young|Joseph Roberts|Ronald Williams|Betty Yang,"4776 Commerce St, Minneapolis, MN 55401"
Yang Capital,Kingsbridge Capital Advisors,,,,
Baker Financial Group,Janney Montgomery Scott,Jessica Baker,bakerj@janney.com,Jessica Baker|Edward Mitchell,
Adams Investment Group,Edward Jones,Jennifer Adams,,,"8891 Main Pkwy, Las Vegas, NV 89101"
Rivera Partners,Ridgeway Wealth Management,,,David Rivera|Matthew Smith|Sarah Morgan,
Baker Private Wealth,Meridian Private Wealth,Emily Baker,,Emily Baker|Ryan Anderson|Barbara Zhang|Patricia Nguyen|Lisa Adams|Karen Reyes|Lisa Scott,
Rivera Asset Management Group,Raymond James Financial Services,,,,"9233 Lincoln Court, San Jose, CA 95101"
Davis Advisory Group,Cambridge Investment Research,,,,
Evans Wealth Advisors,Janney Montgomery Scott,Ashley Evans,,,"5820 Hill Court, Houston, TX 77001"
Stewart Asset Management Group,Oppenheimer & Co.,George Stewart,,,
Mitchell Institutional Group,Wells Fargo Advisors,Matthew Mitchell,,,
Moore Investment Partners,Parkside Wealth Strategies,,,,
Collins Group,Meridian Private Wealth,,,,
Huang Portfolio Group,Woodbury Financial Services,,,James Huang|Mark Cruz|Margaret Roberts|Jacob Thompson,
Phillips Advisory Group,Commonwealth Financial Network,,,,
Kim Wealth Advisors,Merrill Lynch Pierce Fenner & Smith,Ronald Kim,,Ronald Kim|Sarah Campbell|Edward Brown|Jessica Young|Matthew Garcia|Amanda Flores|Kevin King,
Jones Tax & Wealth Group,LPL Financial,,,Jason Jones|George Jones|Thomas Flores,
King Family Wealth Group,Morgan Stanley Wealth Management,,,,
King Capital Group,Cetera Financial Group,Emily King,,,"9361 Cedar Blvd, Boston, MA 02101"
Harris Financial Group,Commonwealth Financial Network,,,,
Gomez Family Wealth Group,Robert W. Baird & Co.,Sarah Gomez,,,
King Retirement Solutions Group,Janney Montgomery Scott,,,,
Edwards Wealth Management Group,Raymond James Financial Services,,,,
Williams Family Office,Crestwood Family Office,William Williams,,,
Diaz Tax & Wealth Group,Morgan Stanley Wealth Management,,,,
Gomez Financial Partners,Kingsbridge Capital Advisors,Daniel Gomez,,Daniel Gomez|Charles Miller|Karen Reyes|Jason Liu,
Cruz Institutional Group,Merrill Lynch Pierce Fenner & Smith,,,Paul Cruz|George Nguyen|Barbara Torres,
Reyes Family Wealth Group,UBS Financial Services,,,Steven Reyes|Ryan Moore|Jason Harris|Jennifer Young|Brian Baker|Charles Liu|Christopher Martin,
Kim Family Wealth Group,UBS Financial Services,,kims@ubs.com,,
Smith Wealth Partners,Woodbury Financial Services,John Smith,,John Smith|Kevin Taylor|Matthew Thompson|Michael Rivera,"6089 Market Pkwy, Memphis, TN 38101"
Morris Capital Group,Commonwealth Financial Network,,bob.morris@commonwealth.com,,
Morgan Investment Group,Merrill Lynch Pierce Fenner & Smith,,,,
Torres Financial Group,Hilliard Lyons,Timothy Torres,,,
Nelson Tax & Wealth Group,Janney Montgomery Scott,Steven Nelson,,,
Scott Financial Partners,Ridgeway Wealth Management,,,Betty Scott|Rachel Hall|Jeffrey Collins|Timothy Wilson|Christopher Thomas,
Anderson Wealth Management Group,LPL Financial,Andrew Anderson,,Andrew Anderson|William Roberts|Richard Huang|Robert Lee|Sandra Zhang|Emily Baker|Richard Stewart,
Nguyen Financial Partners,Meridian Private Wealth,,,,
Flores Institutional Group,LPL Financial,Helen Flores,,,
Young Advisory Group,Raymond James Financial Services,Christopher Young,,Christopher Young|James Johnson|Lisa Brown|Sandra Chen,
Wilson Financial Group,Wells Fargo Advisors,,,,
Gomez Retirement Solutions Group,UBS Financial Services,,brian.gomez@ubs.com,,
Flores Capital,Kingsbridge Capital Advisors,Linda Flores,,Linda Flores|Nancy Young|Michael Yang|Jacob Mitchell|Ryan Yang,
Huang Capital Partners,Meridian Private Wealth,,,,"7609 Willow Dr, Washington, DC 20001"
Brown Asset Management Group,UBS Financial Services,Megan Brown,,Megan Brown|Matthew Wang|Joseph Reyes|Jennifer Green|Patricia Chen,
Flores Wealth,Crestwood Family Office,,,Christopher Flores|Andrew King|Megan Parker,
Baker Family Wealth Group,Securities America,Emily Baker,,Emily Baker|Daniel Edwards|Kenneth Thomas|Barbara Moore|William Thompson|Sandra Taylor|Megan Taylor,
Taylor Wealth Advisors,LPL Financial,,,,
Moore Financial Group,Morgan Stanley Wealth Management,,,,
Nguyen Financial Group,Robert W. Baird & Co.,,,Karen Nguyen|Brian Scott|Robert Thompson|Margaret Wang|Christopher Edwards|Amanda Edwards|Matthew Thomas,
Thompson Wealth,Kingsbridge Capital Advisors,,,,
Johnson Private Wealth,Crestwood Family Office,,ajohnson@crestwoodfo.com,,"4069 Oak Pkwy, Raleigh, NC 27601"
Edwards Investment Group,UBS Financial Services,,,Barbara Edwards|Ronald Cruz|Matthew Smith|James Baker|James Carter|Margaret Huang|William Carter,
Lee Wealth Partners,Cetera Financial Group,,,Megan Lee|Dorothy Reyes|Kevin Morris|Lisa Taylor,
Miller Investment Partners,Crestwood Family Office,Amanda Miller,,,
Roberts Capital,Northgate Investment Partners,Nancy Roberts,,,
Parker Group,Summit Peak Advisors,,,,
Stewart Asset Management Group,Hilliard Lyons,Lisa Stewart,,,"3015 River Ave, Memphis, TN 38101"
Stewart Capital Group,Robert W. Baird & Co.,,,,
Chen Financial Partners,Clearwater Capital Group,Andrew Chen,andy.chen@clearwatercap.com,,
Jones Wealth Partners,Cetera Financial Group,Kevin Jones,,,
Phillips Private Wealth Group,Wells Fargo Advisors,Robert Phillips,,,
Torres Advisors,Highfield Asset Management,Jeffrey Torres,,Jeffrey Torres|Jeffrey Huang|Jacob Hill,
Adams Wealth Partners,Robert W. Baird & Co.,Rachel Adams,,,"7276 Jefferson St, Nashville, TN 37201"
Stewart Wealth Management Group,Ameriprise Financial Services,George Stewart,,,
Miller Private Wealth Group,Janney Montgomery Scott,Thomas Miller,millert@janney.com,Thomas Miller|Paul Martin,"8443 River Pkwy, Seattle, WA 98101"
Lee Wealth Management Group,National Planning Holdings,,,,
Liu Wealth Partners,Janney Montgomery Scott,,,Michael Liu|Paul Cruz|Anthony Jones|John Khan|Lisa Torres|James Jackson|David Torres,
Rivera Capital Partners,Crestwood Family Office,,,,
Scott Tax & Wealth Group,Cambridge Investment Research,,,,
Baker Wealth Management Group,Raymond James Financial Services,Dorothy Baker,,,
Garcia Tax & Wealth Group,Wells Fargo Advisors,,joe.garcia@wellsfargoadv.com,Joseph Garcia|Amanda Thomas|Steven Davis|Robert Hill,
Zhang Asset Management Group,Wells Fargo Advisors,Brian Zhang,,Brian Zhang|Lisa Jackson|Joseph Zhang|Ronald Williams,
Hall Tax & Wealth Group,Commonwealth Financial Network,,,,
Stewart Capital,Clearwater Capital Group,Jason Stewart,,,
Cruz Wealth Management Group,UBS Financial Services,Richard Cruz,,,"9640 Lake Ave, Kansas City, MO 64101"
Davis Capital,Ridgeway Wealth Management,Barbara Davis,,,"7500 Cedar Pkwy, Atlanta, GA 30301"
Evans Capital,Meridian Private Wealth,Steven Evans,,,
Diaz Investment Group,Cetera Financial Group,Steven Diaz,,,
Morgan Investment Group,Oppenheimer & Co.,,,,
Campbell Advisory Group,Commonwealth Financial Network,Amanda Campbell,,,
Turner Capital Group,Woodbury Financial Services,,,,
Brown Wealth Advisors,National Planning Holdings,Daniel Brown,,,"3053 Lake Ln, Baltimore, MD 21201"
Diaz Retirement Solutions Group,Raymond James Financial Services,,,Nancy Diaz|Jacob Davis|David Zhang|John Carter|Paul Smith,
Evans Partners,Ridgeway Wealth Management,Donald Evans,,Donald Evans|Ryan Flores|John Morgan,
White Tax & Wealth Group,Cambridge Investment Research,Margaret White,,,
Williams Capital Group,Morgan Stanley Wealth Management,Brian Williams,,Brian Williams|Kevin Evans|Daniel Torres|Michael Edwards|Timothy Gomez,
Chen Partners,Northgate Investment Partners,,,Barbara Chen|Rachel Roberts,
Morgan Wealth,Crestwood Family Office,Andrew Morgan,,Andrew Morgan|Karen Smith,
Phillips & Associates,Harborview Private Wealth,Daniel Phillips,,,"9674 Oak Way, Las Vegas, NV 89101"
Campbell Wealth Partners,Cetera Financial Group,,,Linda Campbell|Emily Chen|Ronald Garcia|Joseph Morgan,
Adams Capital Group,Commonwealth Financial Network,Sandra Adams,,Sandra Adams|Jennifer Diaz|Matthew Stewart|Richard Wright|Ashley Scott,"6184 Oak Rd, New York, NY 10001"
Huang Capital,Kingsbridge Capital Advisors,George Huang,,George Huang|Helen Hill|Robert Wang|Robert Baker,"3005 Spring St, Las Vegas, NV 89101"
Brown Advisory Group,Edward Jones,,rbrown@edwardjones.com,,
Jones Private Wealth,Summit Peak Advisors,Sarah Jones,,,
Nelson Wealth Advisors,LPL Financial,,,,
Turner Investment Group,Morgan Stanley Wealth Management,Donald Turner,,,
Cruz Portfolio Group,Morgan Stanley Wealth Management,Megan Cruz,,,
Martin Investment Partners,Highfield Asset Management,Betty Martin,,Betty Martin|Andrew Stewart|George Collins|Betty Collins|William Green|Brian Moore,
Taylor Financial Group,Raymond James Financial Services,,,,"7373 Madison Ave, Houston, TX 77001"
Zhang Investment Group,Morgan Stanley Wealth Management,,,,
Mitchell Wealth Advisors,Oppenheimer & Co.,,,Nancy Mitchell|Matthew Parker|Rachel Adams|Andrew Miller,
Thomas Tax & Wealth Group,Robert W. Baird & Co.,,,Lisa Thomas|Helen Adams|Margaret Garcia|Kevin Allen,"1138 Oak Blvd, Nashville, TN 37201"
White Family Wealth Group,Janney Montgomery Scott,,swhite@janney.com,Steven White|Brian Williams|Amanda Zhang|Michael Rivera|Jennifer Adams|Jennifer White|Jacob Stewart,
Allen Financial Group,Ameriprise Financial Services,Megan Allen,,Megan Allen|Brian Martin|Daniel Collins|Linda Williams,
Smith Investment Group,National Planning Holdings,John Smith,,John Smith|Christopher Zhang|Matthew Young|Betty Reyes,
King Wealth,Ridgeway Wealth Management,David King,,David King|Susan Kim,"2715 Madison Way, Chicago, IL 60601"
Williams Private Wealth Group,Woodbury Financial Services,,,,
Carter Investment Group,Cetera Financial Group,,,,
Hill Advisory Group,National Planning Holdings,,,,
Williams Investment Group,Cambridge Investment Research,,,,
Nelson Tax & Wealth Group,Commonwealth Financial Network,John Nelson,,,"9945 Cedar Pkwy, Minneapolis, MN 55401"
Scott Wealth Management Group,Morgan Stanley Wealth Management,,,William Scott|Sarah Jones|Daniel Phillips|Susan Moore,"8547 Lake Dr, Atlanta, GA 30301"
Stewart Wealth Partners,Woodbury Financial Services,Brian Stewart,,Brian Stewart|Helen Campbell|Richard Allen|Brian Hall|Ryan Yang,
Moore Private Wealth,Harborview Private Wealth,,,,
Brown Institutional Group,Hilliard Lyons,Edward Brown,,Edward Brown|Jennifer Smith|Robert Morgan|Sarah Thomas,"1009 Market Ln, San Francisco, CA 94101"
Baker Financial Partners,Crestwood Family Office,Sarah Baker,,,
Scott Private Client Group,Robert W. Baird & Co.,David Scott,,,
Patel Private Client Group,Cambridge Investment Research,Jacob Patel,,,"2660 Hill Dr, Atlanta, GA 30301"
Thomas Wealth Management Group,Commonwealth Financial Network,,,,
Brown Partners,Highfield Asset Management,Jason Brown,,,"9736 Spring Ln, Houston, TX 77001"
Chen Capital,Parkside Wealth Strategies,Sandra Chen,,,
Young Private Wealth,Northgate Investment Partners,,,,
Patel Investment Group,Securities America,,,Brian Patel|Emily White|George Nguyen,"6950 Willow Ln, Miami, FL 33101"
Nguyen Investment Group,Commonwealth Financial Network,Karen Nguyen,,,
Roberts Advisory Group,Cambridge Investment Research,Ryan Roberts,,,
Hall Family Office,Highfield Asset Management,,halls@highfieldam.com,Steven Hall|James Jones|Helen Reyes|Brian Nelson|Nancy Morgan|Ronald Huang|Megan Taylor,
Brown Investment Partners,Clearwater Capital Group,Ashley Brown,,,"4032 Highland Pl, Denver, CO 80201"
Morgan Group,Highfield Asset Management,Lisa Morgan,,,"8582 Hill Rd, San Antonio, TX 78201"
Harris Wealth Advisors,Ameriprise Financial Services,,,Timothy Harris|Charles Evans,"5308 Hill Blvd, Dallas, TX 75201"
Martin Asset Management,Highfield Asset Management,,,,
Parker Capital,Highfield Asset Management,,,,
Nelson Advisory Group,Ameriprise Financial Services,,,Helen Nelson|Joseph Chen|Betty Taylor|William Stewart|Linda Jackson,"7971 Highland Ave, Minneapolis, MN 55401"
Zhang Private Wealth Group,DA Davidson & Co.,,,,
Hill Family Office,Harborview Private Wealth,Joseph Hill,,,
Anderson Tax & Wealth Group,Commonwealth Financial Network,Betty Anderson,,Betty Anderson|Kevin Turner|Daniel Wilson|Steven Hall|Betty Diaz|Helen Green,
Cruz Financial Group,Ameriprise Financial Services,Robert Cruz,rcruz@ampf.com,,
Thomas Private Wealth,Harborview Private Wealth,Daniel Thomas,,Daniel Thomas|Amanda Thomas|Susan Nguyen|Christopher Phillips,"2579 Market St, Las Vegas, NV 89101"
Jones Advisory Group,Janney Montgomery Scott,,,Ryan Jones|Patricia Chen|Ryan Miller|William Scott,
Campbell Capital,Highfield Asset Management,Sarah Campbell,,Sarah Campbell|David Adams|David Patel|Megan Smith,
Green Financial Group,Ameriprise Financial Services,,,,
Yang Investment Partners,Summit Peak Advisors,,,Betty Yang|Christopher Scott|Sarah Smith|Mark Torres,
Edwards Tax & Wealth Group,Stifel Nicolaus & Company,Donald Edwards,,,
Jones Investment Partners,Meridian Private Wealth,,,,
Mitchell Institutional Group,Hilliard Lyons,Sandra Mitchell,,,
Wright Investment Partners,Parkside Wealth Strategies,Anthony Wright,,,
Parker Investment Partners,Kingsbridge Capital Advisors,,,,
Wilson Institutional Group,Edward Jones,Emily Wilson,,,"544 Main Rd, Charlotte, NC 28201"
Adams Wealth Partners,LPL Financial,,,,
Wilson Tax & Wealth Group,Wells Fargo Advisors,,,,
Parker Private Client Group,Morgan Stanley Wealth Management,Jacob Parker,,,
Harris Wealth Management Group,Cambridge Investment Research,Robert Harris,harrisr@cambridgeinv.com,Robert Harris|Edward Edwards|Paul Huang|Margaret Campbell,
Khan Family Wealth Group,Morgan Stanley Wealth Management,,,David Khan|James Wang|Lisa Hall|Steven Thomas|Daniel Miller,
Davis Private Wealth,Crestwood Family Office,,,Richard Davis|Brian Evans|Thomas Roberts|David Morris|Edward Baker|Megan Stewart|Richard Phillips,
Khan Institutional Group,DA Davidson & Co.,,,Amanda Khan|Linda Diaz,
Edwards Portfolio Group,Cetera Financial Group,,,,
Yang Retirement Solutions Group,Merrill Lynch Pierce Fenner & Smith,Jennifer Yang,jyang@ml.com,,"3650 Madison St, Kansas City, MO 64101"
Thompson Tax & Wealth Group,Edward Jones,Brian Thompson,,,
White Investment Group,Morgan Stanley Wealth Management,Lisa White,,,"5734 Washington Rd, Indianapolis, IN 46201"
Martin Asset Management Group,Commonwealth Financial Network,Robert Martin,,,"4626 Spring Pl, Nashville, TN 37201"
Jackson Investment Group,National Planning Holdings,Jason Jackson,,,
Rivera Institutional Group,Morgan Stanley Wealth Management,,,,
Liu Family Wealth Group,DA Davidson & Co.,,,,"801 Park Pkwy, San Diego, CA 92101"
Chen & Associates,Parkside Wealth Strategies,,jchen@parksidewealth.com,,
Torres Wealth Advisors,Raymond James Financial Services,Michael Torres,,Michael Torres|Michael Nelson|Steven Campbell|Dorothy Carter|William Khan|Matthew Martin|John Reyes,
Edwards Institutional Group,National Planning Holdings,Lisa Edwards,,,"2026 Hill St, St. Louis, MO 63101"
Rivera Retirement Solutions Group,UBS Financial Services,,,Paul Rivera|Steven Rivera|Richard Smith|Jason Gomez|Andrew Cruz|Sarah Taylor|Sarah King,"5962 Cedar Blvd, Dallas, TX 75201"
Edwards Wealth Management,Highfield Asset Management,,,,"6410 Spring Pl, Houston, TX 77001"
Reyes Wealth Management,Harborview Private Wealth,,,,"8981 Oak Ave, San Francisco, CA 94101"
Davis Private Wealth,Ridgeway Wealth Management,,,Thomas Davis|Joseph Davis|Richard Liu|Kenneth Rivera|Mark Taylor,
Collins Wealth Management Group,Robert W. Baird & Co.,,,Ryan Collins|William Wilson|Joseph Nguyen|Margaret Collins|Emily Allen,
Wang Family Wealth Group,Cambridge Investment Research,David Wang,,,"1088 Maple Ave, New York, NY 10001"
Gomez Retirement Solutions Group,Cetera Financial Group,,,,
Nguyen Asset Management,Kingsbridge Capital Advisors,,,Matthew Nguyen|Christopher Anderson|Barbara Johnson|Jeffrey Hall|Steven Parker,
Brown Capital Group,Woodbury Financial Services,Brian Brown,,,
Diaz Private Wealth Group,LPL Financial,,,Susan Diaz|Linda Anderson|David Johnson|Ronald Rivera|Dorothy Young,
Brown Private Wealth,Parkside Wealth Strategies,Joseph Brown,,,"9651 Willow Way, Los Angeles, CA 90001"
Scott Family Wealth Group,Janney Montgomery Scott,,rachel.scott@janney.com,Rachel Scott|Thomas Wilson|Richard Baker|Matthew Wilson,
Moore Wealth Partners,Securities America,,,Kenneth Moore|Christopher Johnson|Charles Evans|William Diaz|Dorothy Anderson|Nancy King|Jacob Miller,"8693 Washington Pkwy, Seattle, WA 98101"
Harris Group,Kingsbridge Capital Advisors,,,,
Wilson Group,Meridian Private Wealth,Nancy Wilson,,,
Davis Private Wealth Group,Morgan Stanley Wealth Management,James Davis,,,
Cruz Retirement Solutions Group,Commonwealth Financial Network,,cruzb@commonwealth.com,,
Allen Portfolio Group,UBS Financial Services,Jeffrey Allen,,,
Jones Advisory Group,Janney Montgomery Scott,William Jones,,,
Rivera Wealth Management Group,National Planning Holdings,Margaret Rivera,,Margaret Rivera|Linda King|Michael Parker|Jacob Scott,
Wilson Partners,Kingsbridge Capital Advisors,,,,"1658 Elm Way, Los Angeles, CA 90001"
Edwards Capital Group,Raymond James Financial Services,Thomas Edwards,,Thomas Edwards|Anthony Morris|Helen Garcia,
White Advisors,Summit Peak Advisors,Kenneth White,,,
Davis Portfolio Group,Commonwealth Financial Network,Joseph Davis,,,"8735 Spring Ave, Minneapolis, MN 55401"
Wilson Advisory Group,Securities America,Dorothy Wilson,,,
Chen Wealth Partners,LPL Financial,,,Jason Chen|Timothy Nguyen|Jeffrey Gomez|Anthony Adams,
Nelson Institutional Group,Merrill Lynch Pierce Fenner & Smith,,,,
Turner Wealth,Harborview Private Wealth,,dorothy.turner@harborviewpw.com,Dorothy Turner|Paul Brown|Michael Moore|Jason Hall,
Morgan Asset Management,Clearwater Capital Group,Steven Morgan,,,"9969 Washington Rd, San Diego, CA 92101"
Brown Wealth Partners,DA Davidson & Co.,,,,
Young Capital Partners,Kingsbridge Capital Advisors,,,Mark Young|Andrew Torres|Ronald Wilson|Dorothy Yang|Donald Edwards|Donald Diaz|Kevin Turner,
Campbell Retirement Solutions Group,Wells Fargo Advisors,,,,
Huang & Associates,Kingsbridge Capital Advisors,Jacob Huang,,,
Brown Financial Group,Woodbury Financial Services,,jbrown@woodburyfs.com,Jason Brown|Jennifer Jackson|John Johnson|William Hall,
Morgan Tax & Wealth Group,Edward Jones,Richard Morgan,,,"4395 Elm Way, Chicago, IL 60601"
Scott Family Office,Kingsbridge Capital Advisors,,,Helen Scott|Jennifer Patel|Brian Wang|Kevin Taylor,"7436 Elm Rd, Atlanta, GA 30301"
Hall Financial Group,Oppenheimer & Co.,Richard Hall,,,
Liu Family Wealth Group,Raymond James Financial Services,,,,
Hill Partners,Highfield Asset Management,,,,
Rivera Capital Partners,Crestwood Family Office,Paul Rivera,,Paul Rivera|Christopher Torres|Robert Brown|Emily Harris|Christopher Davis,
Wright Family Office,Crestwood Family Office,Emily Wright,ewright@crestwoodfo.com,,
Hill Tax & Wealth Group,Hilliard Lyons,,,,
Miller Tax & Wealth Group,Robert W. Baird & Co.,William Miller,,,
Miller Retirement Solutions Group,Stifel Nicolaus & Company,,,Daniel Miller|Patricia Gomez|Daniel Liu|Emily Flores|John Wright,"6040 Jefferson Pl, Chicago, IL 60601"
Scott Advisory Group,Cambridge Investment Research,Sandra Scott,,Sandra Scott|Robert Hall|Robert Yang|Christopher Allen,
Garcia Private Client Group,Janney Montgomery Scott,Anthony Garcia,,Anthony Garcia|Helen Nelson|Steven Evans,"841 Jefferson Way, St. Louis, MO 63101"
Huang Private Wealth,Parkside Wealth Strategies,,,,"8401 Park Ln, Washington, DC 20001"
Hill Tax & Wealth Group,Commonwealth Financial Network,Jacob Hill,,,
Anderson & Associates,Kingsbridge Capital Advisors,,,Lisa Anderson|Charles Jackson|Dorothy Hall,
Thompson Wealth Partners,Oppenheimer & Co.,Robert Thompson,,,
Taylor Family Office,Parkside Wealth Strategies,,,Timothy Taylor|Dorothy Gomez|Donald Thomas,"1817 Willow Pl, Charlotte, NC 28201"
Roberts Capital Partners,Ridgeway Wealth Management,Rachel Roberts,robertsr@ridgewaywm.com,Rachel Roberts|Jeffrey Nguyen,
Morris Wealth Management Group,Woodbury Financial Services,,,,
Morris Financial Partners,Crestwood Family Office,,,,
Wright Partners,Parkside Wealth Strategies,Robert Wright,,,"3468 Madison Blvd, San Jose, CA 95101"
Smith Investment Partners,Summit Peak Advisors,,,Betty Smith|Robert Wang|Betty King|Ryan Hill|Jason Harris|Daniel Huang,
Hill Financial Group,LPL Financial,Edward Hill,,Edward Hill|Jennifer Davis|Daniel Scott|Megan Collins|Christopher Cruz|Dorothy Anderson,
Jones Family Office,Summit Peak Advisors,Rachel Jones,,Rachel Jones|Charles Kim|Lisa Harris|Jessica Martin|William Carter|Ashley Wright,
Kim Family Office,Summit Peak Advisors,,,Patricia Kim|Christopher Parker|Steven Huang,
Chen Asset Management,Parkside Wealth Strategies,Karen Chen,,Karen Chen|Rachel Carter|Anthony Harris|George Young|Michael Rivera,
Lee Private Client Group,Edward Jones,,,,
Mitchell Wealth Management Group,Cambridge Investment Research,,john.mitchell@cambridgeinv.com,John Mitchell|John Brown,
Hall Capital Group,LPL Financial,,,,
Evans Capital,Meridian Private Wealth,James Evans,,,
Jackson Financial Partners,Ridgeway Wealth Management,Joseph Jackson,,,
Huang Portfolio Group,Woodbury Financial Services,,,,"5469 Washington Way, San Diego, CA 92101"
Allen Wealth Management Group,Raymond James Financial Services,,,Ryan Allen|Lisa Evans|Barbara Miller|Kevin Wang|George Flores|William Parker,"7822 Market Ave, Phoenix, AZ 85001"
Gomez Private Client Group,Cambridge Investment Research,John Gomez,,,"8393 Main Pkwy, Miami, FL 33101"
Wright Capital,Northgate Investment Partners,,,Kenneth Wright|Linda White|Thomas Edwards|Timothy Collins|Timothy Baker,"3142 Willow Pkwy, Seattle, WA 98101"
Yang Investment Group,LPL Financial,,,,"1769 Spring Pl, Minneapolis, MN 55401"
Morgan Retirement Solutions Group,National Planning Holdings,,,,"3145 Jefferson Rd, Washington, DC 20001"
Lee Family Wealth Group,DA Davidson & Co.,,,,"1222 Main Court, Indianapolis, IN 46201"
Green Asset Management Group,Edward Jones,Rachel Green,,Rachel Green|Brian Roberts|Betty Hill,
Wang Capital Partners,Crestwood Family Office,,,,
Roberts Private Wealth Group,Edward Jones,Jeffrey Roberts,,,
Gomez Family Wealth Group,Edward Jones,Sandra Gomez,,,
Adams Asset Management Group,Cetera Financial Group,,,,
Harris Financial Group,Wells Fargo Advisors,,,,
Davis Financial Group,Cetera Financial Group,,,,
Diaz Private Wealth Group,Janney Montgomery Scott,,,Thomas Diaz|George Reyes,
Roberts Partners,Meridian Private Wealth,Edward Roberts,ed.roberts@meridianpw.com,,
Harris Family Wealth Group,Hilliard Lyons,,,,
Jackson Family Wealth Group,Janney Montgomery Scott,,,Sarah Jackson|Matthew Cruz|Timothy Young|Mark Jones|Ronald Adams|William Phillips|Edward Turner,
White Tax & Wealth Group,Merrill Lynch Pierce Fenner & Smith,Nancy White,,Nancy White|Ronald Scott,
Huang Advisors,Meridian Private Wealth,,,,
Roberts Investment Group,Cetera Financial Group,Jessica Roberts,,,
Nelson Private Wealth Group,Janney Montgomery Scott,Lisa Nelson,nelsonl@janney.com,,
King Advisors,Parkside Wealth Strategies,,,,"6952 Cedar Dr, San Jose, CA 95101"
Green Retirement Solutions Group,Cetera Financial Group,Richard Green,,Richard Green|John Baker|Ryan Parker|Ronald Chen|Donald Nguyen|Patricia Garcia|Thomas Hall,"277 Hill Dr, San Jose, CA 95101"
Baker Partners,Harborview Private Wealth,,,,
Allen Partners,Northgate Investment Partners,,,,
Jones Portfolio Group,Woodbury Financial Services,,,Matthew Jones|Ashley King|Jeffrey Edwards|Helen Nguyen|Ronald Martin|Linda Martin|James Liu,"1832 Lincoln Way, Memphis, TN 38101"
Phillips Capital,Northgate Investment Partners,Joseph Phillips,,Joseph Phillips|Sarah Khan|James Martin|Betty Chen,
Davis Wealth Partners,Wells Fargo Advisors,Sandra Davis,,,
Turner Wealth Management Group,Cetera Financial Group,Rachel Turner,,,
King Investment Group,Oppenheimer & Co.,Brian King,brian.king@opco.com,,"8408 Market Blvd, Raleigh, NC 27601"
Jackson Tax & Wealth Group,Commonwealth Financial Network,,,,
Collins Private Client Group,Cambridge Investment Research,,,,
Khan Private Wealth Group,Merrill Lynch Pierce Fenner & Smith,Dorothy Khan,,,
Parker Portfolio Group,UBS Financial Services,Sandra Parker,,Sandra Parker|Megan Martin|Jessica Flores,"8642 Spring Court, Las Vegas, NV 89101"
Phillips Portfolio Group,Stifel Nicolaus & Company,Michael Phillips,mike.phillips@stifel.com,,
Allen Tax & Wealth Group,Stifel Nicolaus & Company,,,,
Huang Retirement Solutions Group,Janney Montgomery Scott,,,,
Martin Wealth Management Group,Hilliard Lyons,Linda Martin,martinl@hl.com,,
Brown Capital Partners,Clearwater Capital Group,Mark Brown,,Mark Brown|James Gomez|John Hill|Timothy Diaz|Lisa Morgan|Richard Evans|Andrew Johnson,
Lee Private Client Group,Commonwealth Financial Network,Christopher Lee,,,
Jones Capital Partners,Harborview Private Wealth,,,,
Garcia Financial Partners,Clearwater Capital Group,Sarah Garcia,,,
Anderson Wealth Management,Meridian Private Wealth,Ashley Anderson,,Ashley Anderson|Patricia Rivera|Matthew Edwards,
Martin Portfolio Group,Woodbury Financial Services,,,John Martin|Andrew Young|Thomas Lee|Nancy White|Matthew Jackson|Donald Morgan,"8202 Commerce Rd, Austin, TX 78701"
Carter Asset Management,Highfield Asset Management,,,,"5138 Madison Pl, Portland, OR 97201"
Thomas Private Client Group,Janney Montgomery Scott,,,,"969 Elm Rd, Nashville, TN 37201"
Hill & Associates,Summit Peak Advisors,,,Michael Hill|Kevin Stewart|Emily Harris|Andrew Kim,"4272 Hill Pkwy, Baltimore, MD 21201"
Hall & Associates,Parkside Wealth Strategies,,,,
Zhang Wealth Advisors,Wells Fargo Advisors,,,,
Parker Financial Partners,Ridgeway Wealth Management,,,,
Cruz Financial Group,DA Davidson & Co.,Emily Cruz,,Emily Cruz|Donald Patel|Lisa Green|Kenneth Thompson,"202 Elm Pl, Raleigh, NC 27601"
Yang Wealth,Ridgeway Wealth Management,,,,
Rivera Family Wealth Group,LPL Financial,Mark Rivera,,,
Diaz Wealth Management Group,UBS Financial Services,,,,
Johnson Family Office,Highfield Asset Management,David Johnson,,David Johnson|Ashley Nguyen|Sarah Lee,
Young Wealth Advisors,Edward Jones,Ryan Young,,,"959 Washington Rd, Boston, MA 02101"
Reyes Capital Group,Securities America,Lisa Reyes,,,
Kim Financial Partners,Highfield Asset Management,,,,
Lee Group,Summit Peak Advisors,Jason Lee,,Jason Lee|Thomas Taylor|Richard Reyes|Brian Adams|Dorothy Wright|Amanda Evans|Michael Wilson,
Martin Family Wealth Group,Hilliard Lyons,Jacob Martin,,,"9881 Lake Pkwy, Denver, CO 80201"
Brown Advisory Group,Wells Fargo Advisors,Jason Brown,,,
Wright Retirement Solutions Group,LPL Financial,,,Megan Wright|Dorothy Brown|Brian Brown|John Morris,
Phillips Asset Management Group,Commonwealth Financial Network,,,Ryan Phillips|Dorothy Nguyen,
Chen Wealth Advisors,Cetera Financial Group,Sandra Chen,,,"2955 Washington Way, Chicago, IL 60601"
Roberts Tax & Wealth Group,Janney Montgomery Scott,,,Karen Roberts|Lisa Hill|Christopher Jones|Rachel Taylor|Megan Kim,
Zhang Wealth Management,Crestwood Family Office,,,,
Morris Capital Partners,Meridian Private Wealth,Matthew Morris,,Matthew Morris|Jacob Rivera|Lisa Mitchell|Sandra Wang,"9203 Washington Pl, St. Louis, MO 63101"
Green Asset Management Group,Janney Montgomery Scott,,,,"9660 Spring Way, Austin, TX 78701"
Huang Capital Group,Securities America,,,,"956 Jefferson Pkwy, Charlotte, NC 28201"
Evans Investment Group,Morgan Stanley Wealth Management,,,,
Scott Wealth Management Group,Commonwealth Financial Network,Amanda Scott,,,
Rivera Family Wealth Group,DA Davidson & Co.,Mark Rivera,riveram@dadavidson.com,,
Wright Partners,Northgate Investment Partners,,dorothy.wright@northgateinv.com,,
Carter Partners,Northgate Investment Partners,Mark Carter,,,
Rivera Capital Partners,Highfield Asset Management,,,,
Thompson Capital Group,Woodbury Financial Services,,,Jennifer Thompson|Mark Wright|Barbara Huang|George Young|Emily Phillips|Kevin Chen|Megan Cruz,"9280 Lake Court, Las Vegas, NV 89101"
Jones Asset Management Group,Woodbury Financial Services,Ryan Jones,,,
Smith Portfolio Group,Merrill Lynch Pierce Fenner & Smith,,,,
Young Tax & Wealth Group,Wells Fargo Advisors,,youngd@wellsfargoadv.com,David Young|Jessica Evans|Timothy Miller|Michael King|George Smith|Andrew Cruz,
Phillips Financial Partners,Northgate Investment Partners,,,,"6481 Cedar Pkwy, Memphis, TN 38101"
Young Capital Group,Robert W. Baird & Co.,Edward Young,,,
Kim Asset Management Group,Securities America,Kevin Kim,,,"5351 Oak Way, San Diego, CA 92101"
Davis Capital Group,Hilliard Lyons,Kenneth Davis,,,
Nguyen & Associates,Summit Peak Advisors,Rachel Nguyen,,Rachel Nguyen|Rachel Thompson|Joseph Jackson|Ryan Torres|Richard Taylor,
Martin Financial Partners,Clearwater Capital Group,Jessica Martin,,,
Brown Family Wealth Group,Ameriprise Financial Services,Jeffrey Brown,,Jeffrey Brown|Joseph Lee|Karen Nguyen|Emily Cruz|George Yang|Steven Phillips|John Green,
Zhang Asset Management,Highfield Asset Management,,,,
Wilson Wealth Management Group,Merrill Lynch Pierce Fenner & Smith,,,,"4340 Lincoln Pkwy, Austin, TX 78701"
Parker Asset Management Group,Hilliard Lyons,Kevin Parker,,,
Campbell Financial Group,Commonwealth Financial Network,,,,
Kim Investment Group,Oppenheimer & Co.,George Kim,,George Kim|David Turner|Ashley Smith|George Nelson,
Morris Wealth,Highfield Asset Management,Ryan Morris,,,
Reyes Private Wealth Group,UBS Financial Services,,reyesb@ubs.com,Barbara Reyes|Charles Anderson|Michael Allen|Andrew Campbell|Andrew Parker|Timothy Harris,
Davis Wealth Management,Meridian Private Wealth,Sarah Davis,,Sarah Davis|Rachel Scott|Patricia Davis|Ryan Williams,
Moore & Associates,Summit Peak Advisors,Andrew Moore,,Andrew Moore|Daniel Rivera|Andrew Taylor|Thomas Thompson|Ryan Miller|Linda Williams|Timothy Davis,
Diaz Retirement Solutions Group,Securities America,Jacob Diaz,,,"3756 Cedar Dr, Boston, MA 02101"
Wright Family Wealth Group,National Planning Holdings,Christopher Wright,chris.wright@nph.com,,"1588 Lake Dr, Seattle, WA 98101"
Brown Wealth,Northgate Investment Partners,,,,
Brown Asset Management Group,Morgan Stanley Wealth Management,,brownk@morganstanley.com,,
Nguyen Family Office,Northgate Investment Partners,,,,
Miller Advisors,Meridian Private Wealth,,millerr@meridianpw.com,,
Martin Private Wealth,Parkside Wealth Strategies,Rachel Martin,rmartin@parksidewealth.com,Rachel Martin|Andrew Nelson|Charles Parker|Ryan Brown,
Martin Private Client Group,Janney Montgomery Scott,Linda Martin,martinl@janney.com,,
Allen Wealth Partners,Wells Fargo Advisors,Andrew Allen,,,"5099 Willow Way, Indianapolis, IN 46201"
King Investment Group,Oppenheimer & Co.,,,,"8482 Market Court, Raleigh, NC 27601"
Martin Advisory Group,Stifel Nicolaus & Company,,,,
Phillips Portfolio Group,Cetera Financial Group,,ron.phillips@cetera.com,,
Morgan Financial Group,Raymond James Financial Services,Jeffrey Morgan,,,
Collins Advisors,Northgate Investment Partners,,,,
Wang Investment Group,Stifel Nicolaus & Company,,,,"813 River Ave, San Francisco, CA 94101"
Harris Capital,Meridian Private Wealth,,harriss@meridianpw.com,,
Thomas & Associates,Parkside Wealth Strategies,,,,
Thompson Private Client Group,Cambridge Investment Research,,,,
Parker Private Wealth Group,Cambridge Investment Research,,,,"8746 Cedar Pkwy, Chicago, IL 60601"
Carter Advisors,Highfield Asset Management,,,,
Wright Advisors,Kingsbridge Capital Advisors,Sarah Wright,,,
Chen Tax & Wealth Group,Robert W. Baird & Co.,Michael Chen,,,
Diaz Private Wealth Group,Morgan Stanley Wealth Management,Amanda Diaz,,,"7629 Cedar Ln, San Antonio, TX 78201"
Diaz Financial Partners,Ridgeway Wealth Management,Susan Diaz,,,"8258 Washington Rd, Raleigh, NC 27601"
Torres Capital Partners,Parkside Wealth Strategies,Christopher Torres,,,
Roberts Asset Management,Meridian Private Wealth,,,,"3035 Washington Rd, Seattle, WA 98101"
Jackson Private Wealth Group,Raymond James Financial Services,,,Jessica Jackson|Richard Green|Betty Scott|Michael Kim,
Brown Wealth Management Group,Wells Fargo Advisors,Jessica Brown,,,
Wilson Capital Group,Wells Fargo Advisors,Nancy Wilson,,,"7822 Maple St, Austin, TX 78701"
Morris Asset Management,Meridian Private Wealth,,,,
Thompson Financial Partners,Harborview Private Wealth,,jessica.thompson@harborviewpw.com,,
Khan Private Wealth Group,LPL Financial,,,,
Stewart Advisors,Parkside Wealth Strategies,,bob.stewart@parksidewealth.com,,
Cruz Private Wealth,Crestwood Family Office,Daniel Cruz,,Daniel Cruz|Betty Wright|Ryan Collins|Edward Thompson,
White Private Client Group,Commonwealth Financial Network,,,,
Adams Capital,Clearwater Capital Group,,,,"4288 Madison Way, Indianapolis, IN 46201"
Thompson Private Client Group,National Planning Holdings,James Thompson,thompsonj@nph.com,,
Martin Investment Group,Woodbury Financial Services,,,,
Edwards Institutional Group,DA Davidson & Co.,,,,"3197 Market Pkwy, Dallas, TX 75201"
Nguyen Retirement Solutions Group,Wells Fargo Advisors,Lisa Nguyen,,Lisa Nguyen|Jacob Stewart,"5723 Willow Blvd, San Antonio, TX 78201"
Cruz Private Wealth,Kingsbridge Capital Advisors,,,,
Evans Financial Partners,Kingsbridge Capital Advisors,Dorothy Evans,,,
Wright Wealth Advisors,Cambridge Investment Research,,,,"6149 Willow Court, Portland, OR 97201"
Adams Private Wealth,Kingsbridge Capital Advisors,Helen Adams,,,
Taylor Private Client Group,DA Davidson & Co.,,,,"7922 Lincoln Court, San Jose, CA 95101"
Huang Family Office,Meridian Private Wealth,,,,
Martin Private Wealth,Northgate Investment Partners,,,Megan Martin|Patricia Jones|Brian Collins|Brian Roberts|Amanda Gomez,
Wright Investment Group,Raymond James Financial Services,,,Dorothy Wright|Charles Reyes|Amanda Patel|Karen Huang|Amanda Diaz|Nancy Thomas|Sarah Jones,"3644 Cedar St, San Francisco, CA 94101"
Carter Capital Partners,Summit Peak Advisors,Jacob Carter,,,"5848 Oak Pl, San Francisco, CA 94101"
White Institutional Group,DA Davidson & Co.,,,,
Young Wealth,Clearwater Capital Group,,,,
White Capital,Northgate Investment Partners,,,,"8690 Hill St, Portland, OR 97201"
Liu Partners,Clearwater Capital Group,Matthew Liu,,,
Gomez Wealth Management Group,Cetera Financial Group,,,Dorothy Gomez|Richard Flores|Emily Patel|Charles Adams|Lisa Evans|Christopher Hall|Kenneth Flores,
Garcia Partners,Parkside Wealth Strategies,,,Michael Garcia|Megan Edwards,
Jones Wealth Advisors,Ameriprise Financial Services,Michael Jones,,Michael Jones|Jessica Smith,"3629 Willow Ln, Houston, TX 77001"
Smith Wealth Advisors,DA Davidson & Co.,Richard Smith,,,"5649 Lake Way, Minneapolis, MN 55401"
Reyes Private Wealth Group,Raymond James Financial Services,,,Thomas Reyes|Robert King|Richard Zhang|Jeffrey Williams|Joseph Kim|William Morris,
Wang Wealth,Parkside Wealth Strategies,Jessica Wang,,,
Green Portfolio Group,DA Davidson & Co.,,,,
Garcia Private Client Group,Janney Montgomery Scott,David Garcia,,,
Wilson Tax & Wealth Group,Robert W. Baird & Co.,Jacob Wilson,,Jacob Wilson|Sandra Adams,
Jones Tax & Wealth Group,Raymond James Financial Services,,,Richard Jones|Megan Nguyen|Sarah King|Robert Taylor,
Kim Group,Harborview Private Wealth,Paul Kim,,,
Wright Family Wealth Group,Cambridge Investment Research,Michael Wright,wrightm@cambridgeinv.com,,"7744 Spring St, Austin, TX 78701"
Flores Advisors,Northgate Investment Partners,,,Thomas Flores|Kevin King|Andrew Rivera|Ashley Hall|Joseph Zhang,
Moore Partners,Ridgeway Wealth Management,,moorem@ridgewaywm.com,,
Patel Capital Partners,Clearwater Capital Group,Jason Patel,,,
Gomez Tax & Wealth Group,UBS Financial Services,Ronald Gomez,,,"6435 Lincoln Way, Indianapolis, IN 46201"
Diaz Investment Partners,Meridian Private Wealth,,,,
Rivera Retirement Solutions Group,Oppenheimer & Co.,Kevin Rivera,,,"4436 River Ln, Kansas City, MO 64101"
Taylor Financial Group,Edward Jones,Steven Taylor,,,"8324 Park Blvd, Kansas City, MO 64101"
King Wealth Partners,DA Davidson & Co.,,,Sandra King|Jacob Phillips|Jacob Khan|Andrew Green,
Wright & Associates,Harborview Private Wealth,,,,
Miller Retirement Solutions Group,Raymond James Financial Services,,,Brian Miller|Andrew Scott|Matthew Carter|Helen Anderson|Anthony Wilson|Donald Allen,
Reyes Advisors,Summit Peak Advisors,Jennifer Reyes,,,
Morris Asset Management Group,Woodbury Financial Services,Jason Morris,,Jason Morris|Charles Parker|James Patel|Mark Chen|Ronald Evans|Helen Smith|Joseph Thomas,
Nelson Institutional Group,Stifel Nicolaus & Company,,nelsonk@stifel.com,Kevin Nelson|James Miller|Kenneth Liu|David Davis|David Scott,"6599 Maple Pl, Los Angeles, CA 90001"
Campbell Wealth,Crestwood Family Office,Jacob Campbell,,,
Scott Wealth Advisors,Merrill Lynch Pierce Fenner & Smith,Joseph Scott,,Joseph Scott|Nancy Thomas,"7680 Lincoln Pl, Portland, OR 97201"
Adams & Associates,Highfield Asset Management,,adamsm@highfieldam.com,,
Chen Private Wealth Group,Woodbury Financial Services,,,,"1117 Hill Rd, New York, NY 10001"
Wilson Private Client Group,Commonwealth Financial Network,Mark Wilson,,,
Chen Institutional Group,Securities America,,chenj@secam.com,,
Garcia Family Wealth Group,Janney Montgomery Scott,,,,
Gomez Advisory Group,Janney Montgomery Scott,Thomas Gomez,,,
Thomas Retirement Solutions Group,Cambridge Investment Research,,,,
Parker Financial Group,Securities America,,,Andrew Parker|Thomas Patel|Barbara Gomez|Patricia Khan,
Diaz Investment Partners,Clearwater Capital Group,,,,
Thompson Capital,Crestwood Family Office,,,Brian Thompson|Amanda Hill|Joseph Davis|Ryan Chen|Patricia Adams|Susan King,
Torres Advisors,Summit Peak Advisors,,,,
Harris Wealth Management,Summit Peak Advisors,Anthony Harris,,Anthony Harris|Kevin Yang|Thomas Diaz|Lisa Stewart|Lisa Thomas|Megan Wright|George Anderson,
Torres Family Office,Meridian Private Wealth,Kevin Torres,,,
Davis Advisory Group,Commonwealth Financial Network,,,,
Torres Asset Management,Ridgeway Wealth Management,Anthony Torres,,,"3313 Elm Rd, Indianapolis, IN 46201"
Baker Wealth,Highfield Asset Management,,,Helen Baker|Megan Jackson|Lisa Yang|Ronald Parker|Barbara Cruz|Rachel Garcia|Michael Wang,
Mitchell Tax & Wealth Group,Hilliard Lyons,Paul Mitchell,,Paul Mitchell|Anthony Evans|Sandra Patel|Paul Thomas|Edward Morgan,
Green Private Wealth Group,Edward Jones,,,,
Miller Capital Group,Commonwealth Financial Network,,,,
Kim Institutional Group,Wells Fargo Advisors,,,,"2204 Highland Pl, Kansas City, MO 64101"
Morgan Tax & Wealth Group,Edward Jones,Richard Morgan,morganr@edwardjones.com,Richard Morgan|Jessica King|Kenneth Johnson|Christopher Nguyen|Jeffrey Chen|Thomas Miller|Susan Williams,
Edwards Institutional Group,DA Davidson & Co.,,tim.edwards@dadavidson.com,,"260 Lake Ln, Atlanta, GA 30301"
Huang Investment Group,Securities America,,,Sarah Huang|David Thomas|Ronald Yang|Michael Chen|Ashley Stewart,
Khan Wealth Management,Summit Peak Advisors,Donald Khan,,,"8546 Maple Rd, San Francisco, CA 94101"
Yang Capital Partners,Ridgeway Wealth Management,,,,
Jackson Private Wealth Group,Wells Fargo Advisors,Barbara Jackson,,,
Nelson Family Wealth Group,UBS Financial Services,,,,
Johnson Financial Group,LPL Financial,Jennifer Johnson,,,"6355 Madison St, Indianapolis, IN 46201"
Flores Wealth Advisors,Merrill Lynch Pierce Fenner & Smith,,,Michael Flores|Linda Thompson|Richard Diaz|Timothy Martin,
Cruz Wealth Partners,Merrill Lynch Pierce Fenner & Smith,Daniel Cruz,dcruz@ml.com,,
Carter Institutional Group,Morgan Stanley Wealth Management,,,,
Roberts Private Wealth Group,Commonwealth Financial Network,,,,"8389 Lake Court, Washington, DC 20001"
Wilson Private Wealth Group,Commonwealth Financial Network,Megan Wilson,,Megan Wilson|Dorothy Stewart,
Flores Family Wealth Group,Hilliard Lyons,,,Dorothy Flores|Timothy Adams|Edward Chen|Sarah Stewart|Thomas Wilson,
Allen Portfolio Group,Cetera Financial Group,Thomas Allen,,Thomas Allen|Barbara Miller|Betty Huang,
Patel Family Wealth Group,Cetera Financial Group,,,,"1417 Commerce Dr, Seattle, WA 98101"
Yang Investment Partners,Summit Peak Advisors,,,,
Jones Wealth,Ridgeway Wealth Management,,,Karen Jones|Kevin Morgan|Jennifer Davis|Nancy Jackson|Megan Davis,"8597 Elm Pl, Portland, OR 97201"
Baker Private Wealth Group,Ameriprise Financial Services,Christopher Baker,,Christopher Baker|David Huang|Jeffrey Thomas|Andrew Davis|Mark Patel|Jennifer Johnson,
Young Asset Management Group,Edward Jones,Matthew Young,youngm@edwardjones.com,Matthew Young|Kevin Rivera|Ashley King|Ashley Allen|Brian Stewart,
Edwards Capital Group,Janney Montgomery Scott,,sandra.edwards@janney.com,Sandra Edwards|Linda Jackson|Amanda Carter|George Anderson|Richard Morris|Thomas Yang,
Rivera Wealth Advisors,Oppenheimer & Co.,Sarah Rivera,,Sarah Rivera|Michael Jackson|Jacob Jones|Jennifer Jones,
Morris Institutional Group,Edward Jones,Kenneth Morris,,,
Mitchell Capital Partners,Crestwood Family Office,,,,
Chen Group,Summit Peak Advisors,Susan Chen,schen@summitpeakadv.com,,"4178 Maple St, San Diego, CA 92101"
Flores Private Client Group,DA Davidson & Co.,Karen Flores,floresk@dadavidson.com,,"2672 Oak Ln, Atlanta, GA 30301"
Allen Retirement Solutions Group,Ameriprise Financial Services,Steven Allen,,,
Jackson Institutional Group,UBS Financial Services,James Jackson,,,"4611 Lake Pl, New York, NY 10022"
Lee Partners,Parkside Wealth Strategies,,,,
Rivera Private Client Group,Robert W. Baird & Co.,Patricia Rivera,,,
Reyes Tax & Wealth Group,Commonwealth Financial Network,Amanda Reyes,,,
Gomez Group,Parkside Wealth Strategies,Nancy Gomez,,Nancy Gomez|John Mitchell,
Zhang Group,Meridian Private Wealth,Brian Zhang,,,"3445 Commerce Court, Houston, TX 77001"
Johnson Wealth Management Group,Janney Montgomery Scott,,,,
Miller Private Wealth Group,Raymond James Financial Services,Steven Miller,,,
Young Wealth Management,Clearwater Capital Group,Emily Young,,,
Morris Family Wealth Group,National Planning Holdings,,,,
Moore Family Wealth Group,DA Davidson & Co.,William Moore,,,"9402 Madison Way, San Francisco, CA 94101"
Allen Institutional Group,Edward Jones,,allenj@edwardjones.com,Jennifer Allen|Lisa Stewart,
Wang Wealth Advisors,Edward Jones,,wangg@edwardjones.com,George Wang|Emily Huang|Rachel Collins|Karen Harris|William Anderson|Michael Williams|Susan Morgan,"3232 River Court, Baltimore, MD 21201"
Kim Wealth Management Group,Oppenheimer & Co.,Emily Kim,,,
Jones Advisory Group,Stifel Nicolaus & Company,Anthony Jones,,Anthony Jones|Ashley Davis|Barbara Roberts|Patricia Huang|Betty Taylor|William Morris|Patricia Patel,
Phillips & Associates,Highfield Asset Management,,,,
Yang Wealth Partners,Raymond James Financial Services,,,,
Reyes Tax & Wealth Group,Oppenheimer & Co.,John Reyes,,,
Kim Investment Partners,Meridian Private Wealth,Jason Kim,,,"9713 Maple Pkwy, Charlotte, NC 28201"
Green Capital Group,Commonwealth Financial Network,,,,"8804 Madison Court, Portland, OR 97201"
Nelson Wealth,Northgate Investment Partners,,,,"7687 Washington Ave, Chicago, IL 60601"
Smith & Associates,Crestwood Family Office,Patricia Smith,,,
Thomas Partners,Meridian Private Wealth,,,,
Yang Capital Group,Janney Montgomery Scott,Sandra Yang,,Sandra Yang|Jason Lee|Kenneth Phillips|Brian Rivera|Linda Edwards|Paul Phillips|Timothy Thomas,
Smith Advisors,Harborview Private Wealth,Daniel Smith,,Daniel Smith|Barbara Baker|John Diaz|Edward Jackson|Patricia Torres,"9624 Washington Ln, Houston, TX 77001"
Patel Financial Group,Hilliard Lyons,,,Jeffrey Patel|Nancy Liu|Sarah Jackson|James Gomez|Charles Martin|Jeffrey Flores|Andrew Jackson,
Davis Advisory Group,Morgan Stanley Wealth Management,,,,
Morris Advisory Group,DA Davidson & Co.,,,,
Morgan Portfolio Group,Wells Fargo Advisors,,,Andrew Morgan|Steven Hall|Ashley Green|James Thomas|Helen Moore|Edward Rivera|Michael Baker,
Brown Investment Group,Merrill Lynch Pierce Fenner & Smith,Michael Brown,,,
Evans Financial Group,Woodbury Financial Services,Nancy Evans,,,
Lee Asset Management Group,Cambridge Investment Research,Ashley Lee,,Ashley Lee|Susan Gomez|Susan Moore|Lisa Rivera|Joseph Adams,
Huang Family Wealth Group,Edward Jones,,helen.huang@edwardjones.com,,
Hall Advisory Group,Commonwealth Financial Network,,jhall@commonwealth.com,,
Hill Wealth Management Group,Robert W. Baird & Co.,,,,
Green Capital,Ridgeway Wealth Management,,,,"8858 Oak Way, Los Angeles, CA 90001"
Phillips Financial Group,Stifel Nicolaus & Company,,ron.phillips@stifel.com,,
Edwards Financial Group,Hilliard Lyons,Anthony Edwards,,,
Moore Wealth Partners,Stifel Nicolaus & Company,,,,
Mitchell Retirement Solutions Group,Wells Fargo Advisors,,,,
Phillips Asset Management,Meridian Private Wealth,Anthony Phillips,,,
Diaz Family Wealth Group,Stifel Nicolaus & Company,,,Barbara Diaz|Barbara Green|Sandra Yang|Edward Kim|Ronald Roberts|Christopher Patel,
Diaz Financial Partners,Harborview Private Wealth,,,,
Scott Group,Crestwood Family Office,,,,
Brown Financial Group,Wells Fargo Advisors,Timothy Brown,,,"8283 Jefferson Way, Kansas City, MO 64101"
Reyes & Associates,Meridian Private Wealth,,,,
Wilson Financial Group,Commonwealth Financial Network,,,James Wilson|Patricia Morris|Ronald Green|Ronald Roberts|Donald Zhang|Jessica Edwards,
Miller Wealth Partners,UBS Financial Services,,,,
Johnson Asset Management Group,Morgan Stanley Wealth Management,Michael Johnson,,,
Huang Investment Partners,Meridian Private Wealth,,,,
Evans Investment Partners,Crestwood Family Office,Jessica Evans,,,
Carter Private Wealth Group,UBS Financial Services,,,Donald Carter|James Scott|Jeffrey Parker|Edward Morris|Sandra Phillips,
Jones Wealth Management Group,Hilliard Lyons,Timothy Jones,jonest@hl.com,Timothy Jones|William Khan|Thomas Campbell|Linda Young|Robert Collins|Barbara Diaz|Joseph Jones,
Johnson Institutional Group,Ameriprise Financial Services,,,,
Gomez Tax & Wealth Group,Woodbury Financial Services,,rgomez@woodburyfs.com,Ryan Gomez|James Morgan|Brian Anderson|Timothy Turner,
Brown Capital Group,Securities America,,,,
Brown Investment Partners,Kingsbridge Capital Advisors,,,,"9050 Market Pkwy, Austin, TX 78701"
Phillips Retirement Solutions Group,Robert W. Baird & Co.,,,,"4061 Madison Pl, Nashville, TN 37201"
Rivera Financial Group,Hilliard Lyons,,,,
Diaz Wealth Partners,Morgan Stanley Wealth Management,,,,"4559 Lincoln Ave, Memphis, TN 38101"
Cruz Financial Partners,Highfield Asset Management,,,,
Diaz Capital Group,Cambridge Investment Research,Karen Diaz,,Karen Diaz|Anthony Lee|Patricia Roberts|Ronald Harris|Rachel Miller|Megan Allen,"7600 Spring Way, Indianapolis, IN 46201"
White Financial Group,Commonwealth Financial Network,Paul White,,Paul White|David Edwards|Jacob Morgan,"2589 Oak Dr, Portland, OR 97201"
Kim Tax & Wealth Group,National Planning Holdings,Jason Kim,jason.kim@nph.com,,
Morgan Retirement Solutions Group,Merrill Lynch Pierce Fenner & Smith,Ryan Morgan,,Ryan Morgan|William Lee,
Brown Capital,Kingsbridge Capital Advisors,,rachel.brown@kingsbridgecap.com,Rachel Brown|Matthew Turner|Helen Miller|Mark Zhang|Donald Smith,
Harris Private Wealth Group,Woodbury Financial Services,,,,"4411 Washington Dr, Austin, TX 78701"
Khan Advisory Group,DA Davidson & Co.,Anthony Khan,,Anthony Khan|Margaret King|Betty Yang|Helen Hill,"3060 Jefferson Rd, Denver, CO 80201"
Mitchell Wealth Management Group,Cetera Financial Group,Ryan Mitchell,,,
Huang Tax & Wealth Group,Commonwealth Financial Network,,,Karen Huang|Jessica Edwards|Jeffrey Khan|Jennifer Nelson|Jessica Miller|Helen Turner|Michael Baker,"970 Maple Pl, St. Louis, MO 63101"
Wang Family Wealth Group,Ameriprise Financial Services,Amanda Wang,,,"4584 Cedar Rd, Las Vegas, NV 89101"
Liu Portfolio Group,Cetera Financial Group,David Liu,,,"9830 Hill Ave, San Jose, CA 95101"
Wang Private Wealth,Clearwater Capital Group,Margaret Wang,,,
Hill Advisors,Kingsbridge Capital Advisors,Edward Hill,ehill@kingsbridgecap.com,,
Khan Investment Group,Janney Montgomery Scott,Jacob Khan,,,
Evans Institutional Group,Cambridge Investment Research,Kenneth Evans,,,"1864 Lincoln Ave, Denver, CO 80201"
Wright Wealth Advisors,Edward Jones,Timothy Wright,tim.wright@edwardjones.com,Timothy Wright|Karen Garcia|Kevin Thomas|William Cruz|Matthew Scott|Sandra Davis|Richard Adams,
Taylor Capital Partners,Highfield Asset Management,James Taylor,,,
Liu Financial Partners,Northgate Investment Partners,,aliu@northgateinv.com,,
Parker Advisory Group,Cambridge Investment Research,,paul.parker@cambridgeinv.com,,
Turner Asset Management Group,Raymond James Financial Services,Emily Turner,eturner@raymondjames.com,Emily Turner|Linda Gomez|Emily Khan|Michael Nguyen|Joseph Rivera,
Stewart Investment Partners,Highfield Asset Management,Donald Stewart,,Donald Stewart|Megan King,
King Private Wealth Group,Robert W. Baird & Co.,Jennifer King,,,"9685 Elm Rd, Portland, OR 97201"
Smith Private Wealth Group,Securities America,Steven Smith,,,
Johnson Private Wealth Group,Hilliard Lyons,Daniel Johnson,,Daniel Johnson|Richard Nguyen|Edward Allen|William Scott|Patricia White|Matthew Baker|Sandra Yang,
Smith Family Wealth Group,Cambridge Investment Research,,,,
Allen Tax & Wealth Group,Wells Fargo Advisors,George Allen,gallen@wellsfargoadv.com,,
Thomas Wealth Advisors,Securities America,Jacob Thomas,,,
Harris Tax & Wealth Group,Securities America,Steven Harris,,,
Lee Wealth Management,Kingsbridge Capital Advisors,John Lee,,John Lee|Nancy Thompson|Steven Wright|James Harris|John Parker|James Nguyen|George Smith,"9998 Jefferson St, New York, NY 10022"
Collins Family Wealth Group,Robert W. Baird & Co.,Lisa Collins,,,
Khan Capital Partners,Harborview Private Wealth,,,,
Nguyen Partners,Parkside Wealth Strategies,,bnguyen@parksidewealth.com,Brian Nguyen|Anthony King|Charles Taylor|Margaret Morris,
Wang Private Wealth,Clearwater Capital Group,,,George Wang|Anthony Roberts|Dorothy Liu|Matthew Morgan,
Miller Advisory Group,Janney Montgomery Scott,Karen Miller,,Karen Miller|Kevin Nguyen,
Collins Partners,Clearwater Capital Group,,,,
Diaz Family Wealth Group,Merrill Lynch Pierce Fenner & Smith,Steven Diaz,,,
Edwards Advisors,Meridian Private Wealth,,,,
Diaz Portfolio Group,Securities America,,,Ryan Diaz|Dorothy Phillips|Amanda Thomas|Jessica Diaz,"3100 Park Court, Phoenix, AZ 85001"
Kim Portfolio Group,Woodbury Financial Services,,,Sarah Kim|William Diaz|Patricia Thompson|Linda King,
Thompson Portfolio Group,LPL Financial,,,,
Khan Asset Management,Meridian Private Wealth,Jacob Khan,,,
Garcia Capital,Crestwood Family Office,James Garcia,,,
Rivera Advisory Group,Janney Montgomery Scott,,jeff.rivera@janney.com,,
Moore Capital Group,Raymond James Financial Services,,moorek@raymondjames.com,,"4791 Oak Pkwy, Philadelphia, PA 19101"
Hall Advisory Group,Hilliard Lyons,,,,
Turner Wealth Management,Crestwood Family Office,Emily Turner,,Emily Turner|Patricia Morgan|Sarah Flores|Richard Johnson,"2584 Hill Way, Kansas City, MO 64101"
Parker Tax & Wealth Group,Securities America,,,,
Wright Capital Group,Edward Jones,,,Rachel Wright|Thomas Thomas|Charles Carter,
Miller Wealth Partners,Hilliard Lyons,,,,
Williams Wealth Partners,Oppenheimer & Co.,Brian Williams,,,
Scott Private Client Group,Wells Fargo Advisors,,,,
Thomas Private Wealth,Ridgeway Wealth Management,,,,
Lee Group,Harborview Private Wealth,,,,
Carter Private Wealth Group,Edward Jones,,tim.carter@edwardjones.com,,"5900 Spring Pl, Dallas, TX 75201"
Wright Asset Management Group,LPL Financial,Anthony Wright,,Anthony Wright|Jessica Green|Barbara Phillips|David Phillips|Jason Torres|James Baker,"4756 Lake St, New York, NY 10001"
Green Capital Partners,Harborview Private Wealth,Helen Green,,,
Harris Institutional Group,Wells Fargo Advisors,Daniel Harris,dan.harris@wellsfargoadv.com,Daniel Harris|Karen Wright,
Zhang Tax & Wealth Group,Wells Fargo Advisors,Linda Zhang,zhangl@wellsfargoadv.com,,
Morgan Retirement Solutions Group,Raymond James Financial Services,Barbara Morgan,,,
Taylor Tax & Wealth Group,Merrill Lynch Pierce Fenner & Smith,Nancy Taylor,,,"1198 Lincoln Pl, New York, NY 10022"
Chen Financial Group,Woodbury Financial Services,Steven Chen,,,
Jones Institutional Group,Ameriprise Financial Services,Linda Jones,,Linda Jones|Dorothy Wright|Emily Flores,
Wang Institutional Group,UBS Financial Services,,,,
Thomas Wealth,Highfield Asset Management,,,Christopher Thomas|Christopher Scott,"4388 Hill Pl, Washington, DC 20001"
Green Partners,Harborview Private Wealth,,,,
Brown & Associates,Ridgeway Wealth Management,,,Paul Brown|Jeffrey Miller|Andrew Smith|Lisa Patel,
Scott Wealth Management Group,UBS Financial Services,Helen Scott,hscott@ubs.com,,"1397 Lake Rd, Atlanta, GA 30301"
Martin Private Wealth Group,Stifel Nicolaus & Company,,,Margaret Martin|Ronald Thompson|Ronald White|Ronald Roberts,
Young Private Wealth,Crestwood Family Office,,,,
Collins Institutional Group,Ameriprise Financial Services,,,,"4629 Willow Dr, Houston, TX 77001"
Rivera Capital,Summit Peak Advisors,Sandra Rivera,,,
Nguyen Asset Management Group,Janney Montgomery Scott,,,,
Phillips Family Office,Harborview Private Wealth,,,,
Harris Wealth,Kingsbridge Capital Advisors,Anthony Harris,,,
Brown Wealth Partners,Securities America,,,,
Wilson Wealth Management Group,Merrill Lynch Pierce Fenner & Smith,,,,"1981 Lake Dr, San Jose, CA 95101"
Wright Family Office,Meridian Private Wealth,,,,
Flores Wealth Advisors,Merrill Lynch Pierce Fenner & Smith,Megan Flores,,,
Johnson Advisory Group,National Planning Holdings,Amanda Johnson,,,
Hill Wealth Partners,Merrill Lynch Pierce Fenner & Smith,Anthony Hill,tony.hill@ml.com,,
Wilson Tax & Wealth Group,Raymond James Financial Services,,awilson@raymondjames.com,,
Jackson Family Wealth Group,Woodbury Financial Services,,,,
Hall Partners,Ridgeway Wealth Management,,megan.hall@ridgewaywm.com,,
Jones Private Wealth,Crestwood Family Office,,,Brian Jones|Barbara Jackson|James Liu|Ashley Liu|Jennifer Smith,
Thomas Investment Group,Wells Fargo Advisors,,,,
Thomas Family Office,Kingsbridge Capital Advisors,Betty Thomas,,Betty Thomas|Betty Martin|Edward King,
Nguyen Financial Group,Janney Montgomery Scott,,,,"6951 Commerce Pkwy, Denver, CO 80201"
Flores Family Wealth Group,Woodbury Financial Services,Barbara Flores,,,
Carter Capital,Crestwood Family Office,,,,
Young Portfolio Group,Janney Montgomery Scott,,,,
Moore Asset Management Group,Oppenheimer & Co.,,,Ronald Moore|Barbara Nelson|Emily King,
Jones Investment Partners,Harborview Private Wealth,Betty Jones,,,"1486 Main Pkwy, Raleigh, NC 27601"
Adams Asset Management,Crestwood Family Office,,,,"9915 Highland Court, New York, NY 10022"
Brown Retirement Solutions Group,Morgan Stanley Wealth Management,,,,
Chen Retirement Solutions Group,Edward Jones,John Chen,,,
Gomez & Associates,Ridgeway Wealth Management,Thomas Gomez,,,
Carter Investment Group,Hilliard Lyons,,carterj@hl.com,,"3746 Highland Pkwy, San Antonio, TX 78201"
Turner Private Client Group,Wells Fargo Advisors,,,,
Turner Wealth Advisors,DA Davidson & Co.,,,James Turner|Jennifer Miller|Kenneth Martin|Edward Martin|Barbara Nguyen,
Thompson Advisory Group,Oppenheimer & Co.,,,,"487 Lincoln Blvd, Portland, OR 97201"
Evans Institutional Group,Janney Montgomery Scott,,emily.evans@janney.com,Emily Evans|Rachel Rivera|David Jones,
Morris Wealth Management Group,Edward Jones,,jmorris@edwardjones.com,,"8582 Lake Dr, San Diego, CA 92101"
Turner Financial Group,Merrill Lynch Pierce Fenner & Smith,Ronald Turner,,,"9781 Lake Dr, Indianapolis, IN 46201"
Young Advisory Group,UBS Financial Services,,,,"2898 Cedar Pkwy, San Francisco, CA 94101"
Garcia Institutional Group,Wells Fargo Advisors,Margaret Garcia,,,
Yang & Associates,Meridian Private Wealth,,,,
Parker Wealth Partners,Commonwealth Financial Network,Timothy Parker,,,
Davis Family Wealth Group,Woodbury Financial Services,Paul Davis,,,
Khan Private Wealth Group,Cambridge Investment Research,William Khan,,,
Morgan Partners,Summit Peak Advisors,Richard Morgan,,Richard Morgan|Jennifer Cruz|Joseph Chen|Richard Carter|Karen Campbell|David Wang|Joseph Lee,
Young Asset Management Group,UBS Financial Services,Richard Young,,,
Smith Private Wealth Group,Cambridge Investment Research,Rachel Smith,,,
Hill Wealth Advisors,Ameriprise Financial Services,Richard Hill,,,"9652 Jefferson Court, Phoenix, AZ 85001"
Thomas Asset Management,Meridian Private Wealth,Amanda Thomas,,,
Baker Advisors,Harborview Private Wealth,Steven Baker,,,
Liu Retirement Solutions Group,Janney Montgomery Scott,Kevin Liu,,Kevin Liu|Kenneth Nguyen|Emily Nelson|Jessica Turner,
Moore Private Client Group,National Planning Holdings,Andrew Moore,,,
Gomez Capital Partners,Parkside Wealth Strategies,,,,
Torres Private Wealth Group,Wells Fargo Advisors,,amanda.torres@wellsfargoadv.com,,
Hill Asset Management,Ridgeway Wealth Management,Jason Hill,,,
Morgan Wealth Advisors,Cambridge Investment Research,,,,
Adams Investment Group,Oppenheimer & Co.,,,Karen Adams|Jacob Roberts|Margaret Zhang,
Hill Investment Group,Edward Jones,,,Brian Hill|Paul Gomez|Edward Wang|Andrew Davis|Patricia Stewart|Ronald Taylor|Matthew Jones,
Johnson Wealth,Highfield Asset Management,Amanda Johnson,,,"7290 Lincoln Ln, New York, NY 10022"
Jackson Retirement Solutions Group,Securities America,Emily Jackson,,,
Lee Tax & Wealth Group,Ameriprise Financial Services,,,,
Hill Asset Management Group,Cetera Financial Group,Sarah Hill,shill@cetera.com,,"6974 Cedar Pl, San Francisco, CA 94101"
Williams Tax & Wealth Group,Wells Fargo Advisors,,,,
Morgan Wealth Management,Kingsbridge Capital Advisors,,,,
Scott Wealth Management Group,Cetera Financial Group,,scottd@cetera.com,,
Edwards & Associates,Northgate Investment Partners,George Edwards,,George Edwards|Paul Moore|Christopher Gomez,
Chen Financial Group,Woodbury Financial Services,George Chen,,,"8950 Park Blvd, Austin, TX 78701"
Collins Advisory Group,Morgan Stanley Wealth Management,,,,
Brown Advisory Group,Robert W. Baird & Co.,,,,
Chen Capital Group,Morgan Stanley Wealth Management,,,,
Smith Wealth Partners,Woodbury Financial Services,Emily Smith,,,"6504 Lincoln Pkwy, Philadelphia, PA 19101"
Morris Wealth Advisors,Robert W. Baird & Co.,Susan Morris,,,
Nelson Group,Highfield Asset Management,,,,
Collins Asset Management,Meridian Private Wealth,,,Paul Collins|Kevin Martin|Richard Edwards|Thomas Martin|Sarah Chen|Christopher Patel|Ashley Morris,
Williams Private Wealth,Clearwater Capital Group,,patricia.williams@clearwatercap.com,,
Garcia Asset Management,Clearwater Capital Group,,,,
Brown Financial Group,Cambridge Investment Research,Dorothy Brown,brownd@cambridgeinv.com,,
Lee Institutional Group,Robert W. Baird & Co.,,,,
Green Institutional Group,Commonwealth Financial Network,,,Jessica Green|Anthony Flores|George Taylor,
White Wealth Management Group,Commonwealth Financial Network,Mark White,,Mark White|Kenneth Hill|Brian Rivera|Andrew Khan,
Morris Capital,Highfield Asset Management,,,,
Roberts Partners,Summit Peak Advisors,,proberts@summitpeakadv.com,,
Davis Private Wealth Group,National Planning Holdings,Karen Davis,,,
Brown Family Wealth Group,Raymond James Financial Services,William Brown,,,
Morris Investment Partners,Summit Peak Advisors,,,Michael Morris|Edward Harris|Robert Wang|Karen Reyes|Ashley Yang,
Torres Asset Management Group,LPL Financial,Linda Torres,,,"2635 Washington St, Minneapolis, MN 55401"
Thomas Financial Group,Morgan Stanley Wealth Management,Sarah Thomas,,Sarah Thomas|Jeffrey Johnson|George Nelson|Daniel Smith|George Chen|Anthony Moore|Jason Thompson,"579 Lake Way, Chicago, IL 60601"
Thomas Retirement Solutions Group,Cambridge Investment Research,,,Megan Thomas|Linda Baker|Amanda Kim|Paul Kim|Nancy Nguyen,
King Advisors,Meridian Private Wealth,Jessica King,jking@meridianpw.com,,
Reyes Wealth Management Group,Cambridge Investment Research,Helen Reyes,reyesh@cambridgeinv.com,Helen Reyes|Sandra Patel|Lisa Campbell|Jennifer Cruz,
Carter Private Wealth,Crestwood Family Office,Ashley Carter,ashley.carter@crestwoodfo.com,,
Evans & Associates,Meridian Private Wealth,Brian Evans,brian.evans@meridianpw.com,,
Miller Private Wealth Group,Edward Jones,Sarah Miller,,,"9123 Commerce Court, San Francisco, CA 94101"
Hall Financial Group,Commonwealth Financial Network,George Hall,,George Hall|Jason Jones|John Thomas|William Campbell|Jessica Adams|Jacob Lee|Daniel Hall,
Flores Wealth Management Group,Commonwealth Financial Network,,,Emily Flores|Nancy Adams|George Collins|Andrew Reyes|Daniel Smith|Jennifer Cruz|Ronald Johnson,
Baker Asset Management,Ridgeway Wealth Management,Sarah Baker,bakers@ridgewaywm.com,Sarah Baker|Anthony Martin|Jacob Flores|Jennifer Garcia|Jessica Reyes,"4950 Washington Blvd, Charlotte, NC 28201"
Morgan Private Wealth Group,DA Davidson & Co.,,,Sarah Morgan|Edward Zhang,
Campbell Investment Group,Stifel Nicolaus & Company,,tim.campbell@stifel.com,,"8321 Commerce Pkwy, Memphis, TN 38101"
Patel Private Client Group,Cetera Financial Group,Michael Patel,mpatel@cetera.com,,
Jones Family Wealth Group,DA Davidson & Co.,,,,"2290 Lincoln Pl, San Diego, CA 92101"
Nguyen Wealth Advisors,Oppenheimer & Co.,,,Joseph Nguyen|Timothy Davis|David Jackson|Brian Garcia|Barbara Brown,
Garcia Family Wealth Group,UBS Financial Services,,,,
Diaz Advisory Group,Janney Montgomery Scott,,,,"2552 Washington Dr, Nashville, TN 37201"
Jones Asset Management,Ridgeway Wealth Management,Timothy Jones,,Timothy Jones|Amanda Campbell|Donald Scott|Rachel Rivera,
Campbell Investment Partners,Kingsbridge Capital Advisors,,,,
Thomas Financial Group,Wells Fargo Advisors,Brian Thomas,,,
Brown Asset Management Group,Morgan Stanley Wealth Management,Megan Brown,megan.brown@morganstanley.com,,"6641 Main Pkwy, St. Louis, MO 63101"
Kim Wealth Management,Highfield Asset Management,,,Jessica Kim|Ryan Allen|Nancy Wang|Donald Garcia,
Campbell Institutional Group,Raymond James Financial Services,Jason Campbell,,Jason Campbell|Dorothy Allen|Rachel Harris,
Lee Partners,Ridgeway Wealth Management,,,,
Diaz Private Wealth Group,Merrill Lynch Pierce Fenner & Smith,,,,
Wright Investment Group,DA Davidson & Co.,George Wright,,George Wright|Linda Baker|Karen Jones|Amanda Brown|Ryan Williams,
Taylor Family Wealth Group,Edward Jones,Daniel Taylor,,,
Allen Family Office,Highfield Asset Management,,allenj@highfieldam.com,,
Khan Private Wealth,Parkside Wealth Strategies,,,,
Green Tax & Wealth Group,Merrill Lynch Pierce Fenner & Smith,Amanda Green,,,
Moore Private Wealth,Ridgeway Wealth Management,,,,"6091 Market Pkwy, Denver, CO 80201"
Wright Capital Partners,Northgate Investment Partners,,,,
Anderson Investment Partners,Clearwater Capital Group,,,,
Khan Private Client Group,Wells Fargo Advisors,Karen Khan,,Karen Khan|Robert Wilson|Kenneth Taylor|Nancy Khan|Andrew King|Megan Reyes|Sandra Liu,
Thompson Asset Management Group,Stifel Nicolaus & Company,,,,
Thomas Retirement Solutions Group,National Planning Holdings,James Thomas,thomasj@nph.com,,
Scott Partners,Harborview Private Wealth,,patricia.scott@harborviewpw.com,,"3168 Maple Pkwy, Seattle, WA 98101"
Adams Retirement Solutions Group,Securities America,Jacob Adams,,,
Turner Investment Partners,Northgate Investment Partners,,,,
Davis Wealth Management,Ridgeway Wealth Management,Kevin Davis,,,
Liu Tax & Wealth Group,Merrill Lynch Pierce Fenner & Smith,Joseph Liu,liuj@ml.com,,"8435 Main St, Seattle, WA 98101"
Wilson Wealth Management Group,Raymond James Financial Services,,,,
Green Asset Management Group,Morgan Stanley Wealth Management,Andrew Green,,Andrew Green|David Young,
Anderson Wealth Partners,Commonwealth Financial Network,Jessica Anderson,,,"7731 Willow Pkwy, Miami, FL 33101"
Thomas Wealth Management,Highfield Asset Management,,,,
Wang Advisory Group,LPL Financial,,,Dorothy Wang|Michael Moore|Ronald Allen|Jennifer Smith,
Wilson Family Wealth Group,DA Davidson & Co.,Matthew Wilson,,Matthew Wilson|David Parker|Sandra Phillips|Steven Morgan,
Stewart Private Wealth,Northgate Investment Partners,,kstewart@northgateinv.com,Kevin Stewart|Dorothy Hill|Jacob Turner|George Reyes|Timothy Martin,"7165 River Ln, Portland, OR 97201"
Zhang Private Wealth Group,Cetera Financial Group,Amanda Zhang,amanda.zhang@cetera.com,,
Jackson Financial Partners,Harborview Private Wealth,,,,
Anderson Investment Group,LPL Financial,,,,"5426 Highland Dr, Boston, MA 02101"
Wright Wealth Management Group,Stifel Nicolaus & Company,Paul Wright,,,
Williams Partners,Kingsbridge Capital Advisors,,,,
Turner Advisory Group,Woodbury Financial Services,Anthony Turner,,,
Scott Institutional Group,Hilliard Lyons,,,,
White Family Wealth Group,Cambridge Investment Research,Ryan White,,,"9136 Park Way, Houston, TX 77001"
Garcia Advisors,Kingsbridge Capital Advisors,Jessica Garcia,,,
Nelson Wealth Management Group,Robert W. Baird & Co.,Sarah Nelson,,,
Young Private Client Group,UBS Financial Services,Lisa Young,,,
Taylor Institutional Group,Raymond James Financial Services,,taylorn@raymondjames.com,Nancy Taylor|Megan Phillips|Timothy Evans|Jeffrey Smith|Sandra Edwards|John Allen|Joseph Rivera,"7972 Spring Ln, San Francisco, CA 94101"
Lee Asset Management Group,Cetera Financial Group,,,,
Anderson Asset Management,Crestwood Family Office,Helen Anderson,andersonh@crestwoodfo.com,Helen Anderson|Barbara Green|Kenneth White|Karen Carter,
Johnson Wealth Management,Summit Peak Advisors,Donald Johnson,,,
Turner Portfolio Group,Raymond James Financial Services,,,,
Hill Wealth Advisors,Oppenheimer & Co.,Brian Hill,,,"7177 Hill Pl, Philadelphia, PA 19101"
Roberts Financial Partners,Clearwater Capital Group,,,,
Carter Financial Partners,Harborview Private Wealth,Timothy Carter,,,"7636 Lincoln Dr, Austin, TX 78701"
Chen Advisory Group,Cambridge Investment Research,Lisa Chen,chenl@cambridgeinv.com,Lisa Chen|Ryan Yang|Daniel Adams|Jason Taylor|Ashley Zhang|Ashley Rivera,
Young Partners,Summit Peak Advisors,,younga@summitpeakadv.com,,
Davis Partners,Ridgeway Wealth Management,,,Richard Davis|Mark Green|William Hall|Kenneth King|Dorothy Morris,
Baker Institutional Group,Robert W. Baird & Co.,Richard Baker,,Richard Baker|John Morris,
White Advisory Group,Morgan Stanley Wealth Management,David White,,,
Diaz Wealth Management,Summit Peak Advisors,,,Jacob Diaz|Rachel Moore,
Hall Investment Group,Ameriprise Financial Services,,,,"4467 Lake Way, Dallas, TX 75201"
Green Asset Management,Crestwood Family Office,Kenneth Green,,,
Gomez Private Wealth Group,UBS Financial Services,,,Kevin Gomez|Edward Phillips|Ryan Smith|Barbara Patel|Mark White|Susan Liu|Thomas Chen,
Scott Family Office,Crestwood Family Office,Nancy Scott,nscott@crestwoodfo.com,Nancy Scott|Nancy Mitchell|William Wilson|Nancy Hill|Margaret Cruz|Amanda Gomez,"2087 Commerce Court, Washington, DC 20001"
Reyes Retirement Solutions Group,Wells Fargo Advisors,,,,
Kim Asset Management,Highfield Asset Management,Andrew Kim,,,
Parker Private Client Group,Edward Jones,,,,"8406 Oak Way, New York, NY 10001"
Nelson Private Client Group,Stifel Nicolaus & Company,Paul Nelson,,,
Chen Asset Management Group,Hilliard Lyons,,,Steven Chen|Anthony Wilson|William Harris|Anthony Smith|Kevin Wright,
Cruz Wealth Advisors,Cambridge Investment Research,,,,
Lee Capital Group,National Planning Holdings,George Lee,glee@nph.com,,"5566 Commerce Ln, Raleigh, NC 27601"
Lee Institutional Group,Edward Jones,,,,
Parker Institutional Group,Edward Jones,,,,
Smith & Associates,Highfield Asset Management,,,Dorothy Smith|Joseph Davis|Timothy Adams|Ryan Morgan|Christopher Young,
Turner Capital Group,Woodbury Financial Services,,,,
Turner Family Wealth Group,Cetera Financial Group,,,Charles Turner|Nancy Taylor|Helen Parker|Linda Brown|David Liu|Timothy Harris,
Torres Retirement Solutions Group,Raymond James Financial Services,,,Richard Torres|William Rivera|Dorothy Davis|James Thompson|Jennifer Collins|Amanda Roberts,
Taylor Group,Summit Peak Advisors,,,,
King Wealth Management Group,DA Davidson & Co.,Robert King,,Robert King|David Baker|Donald Young|Timothy Martin|David Thompson|Margaret Chen|Lisa Torres,"3226 River Ln, St. Louis, MO 63101"
Garcia Private Client Group,Janney Montgomery Scott,Sarah Garcia,,,
Stewart Wealth Management,Northgate Investment Partners,,,Kenneth Stewart|Matthew Nguyen|Matthew White|Barbara Flores|Timothy Allen|Barbara Hill|Jennifer Johnson,
Kim Wealth Partners,UBS Financial Services,Ashley Kim,,,"4391 Spring Blvd, Philadelphia, PA 19101"
Hill Wealth Partners,Hilliard Lyons,,,,
Moore Investment Partners,Summit Peak Advisors,Jennifer Moore,,Jennifer Moore|Edward Lee,
Scott Tax & Wealth Group,Oppenheimer & Co.,Anthony Scott,,,"501 Main Rd, Washington, DC 20001"
Jackson Portfolio Group,UBS Financial Services,,,,
Allen Portfolio Group,UBS Financial Services,,allenr@ubs.com,,
Reyes Wealth Management,Harborview Private Wealth,,,,"9290 Washington St, Chicago, IL 60601"
Wilson Private Wealth,Clearwater Capital Group,,,,
Roberts Group,Harborview Private Wealth,,,Andrew Roberts|Sandra Anderson,
Morris Asset Management,Meridian Private Wealth,Donald Morris,don.morris@meridianpw.com,,
Davis Institutional Group,Ameriprise Financial Services,Betty Davis,,,
Wang Retirement Solutions Group,Raymond James Financial Services,,awang@raymondjames.com,Amanda Wang|Jason Jackson|Karen Jackson,
Harris Capital Group,Merrill Lynch Pierce Fenner & Smith,,,,
Miller Wealth Partners,National Planning Holdings,Steven Miller,,,
Wilson Wealth Partners,Securities America,,,Brian Wilson|Betty Thomas,
Phillips Financial Group,DA Davidson & Co.,Thomas Phillips,,,
Liu Advisors,Kingsbridge Capital Advisors,Ashley Liu,,,
Reyes Advisory Group,Ameriprise Financial Services,Helen Reyes,,Helen Reyes|Andrew Wright,"6534 Maple Blvd, Denver, CO 80201"
Morgan Financial Group,Raymond James Financial Services,Susan Morgan,,,"8971 Commerce Pl, San Diego, CA 92101"
Jackson Wealth Partners,Cetera Financial Group,Kenneth Jackson,,,"4504 Main Pl, Los Angeles, CA 90001"
Scott Advisory Group,LPL Financial,,,Ryan Scott|George Mitchell|Ryan White|Paul Reyes,
Roberts Portfolio Group,Hilliard Lyons,,,Joseph Roberts|Ashley Baker|Sarah Kim|Steven Hall|Thomas Collins|Jessica Patel,
King Institutional Group,Wells Fargo Advisors,,,,"7480 Madison Ln, New York, NY 10001"
Evans Retirement Solutions Group,Wells Fargo Advisors,,steve.evans@wellsfargoadv.com,Steven Evans|Rachel Wilson|Sandra Davis|Lisa Anderson,
Huang Financial Partners,Parkside Wealth Strategies,,,,"3994 Spring Ln, New York, NY 10001"
Phillips Asset Management,Meridian Private Wealth,,phillipsj@meridianpw.com,,"8528 Washington Blvd, Portland, OR 97201"
Thomas & Associates,Northgate Investment Partners,,,,"5760 Hill Way, Baltimore, MD 21201"
Gomez Capital,Meridian Private Wealth,Jacob Gomez,,,
Taylor Capital Partners,Ridgeway Wealth Management,,,,"9892 Elm Pl, Nashville, TN 37201"
Parker Investment Partners,Summit Peak Advisors,Jeffrey Parker,,,
Nelson Capital Partners,Meridian Private Wealth,,,,
Brown Family Office,Summit Peak Advisors,Lisa Brown,,,"8981 Elm Rd, San Jose, CA 95101"
Davis Capital Group,Securities America,Sarah Davis,,,
Roberts Investment Partners,Harborview Private Wealth,Andrew Roberts,,,
Evans & Associates,Harborview Private Wealth,,,,"450 Cedar Blvd, Raleigh, NC 27601"
Kim Institutional Group,Raymond James Financial Services,,,,
Morris Tax & Wealth Group,National Planning Holdings,,,,"5666 Spring Way, Baltimore, MD 21201"
Stewart Institutional Group,Woodbury Financial Services,David Stewart,,,
Anderson Advisors,Kingsbridge Capital Advisors,,,,
Parker Advisors,Kingsbridge Capital Advisors,Paul Parker,,Paul Parker|Kenneth Moore|Joseph Davis|Ronald Campbell,
Evans Financial Partners,Northgate Investment Partners,Barbara Evans,,Barbara Evans|Amanda Moore,"5637 Hill Pkwy, Las Vegas, NV 89101"
Nguyen Private Wealth,Crestwood Family Office,Timothy Nguyen,,,
Patel Financial Group,Merrill Lynch Pierce Fenner & Smith,Anthony Patel,,,"4423 Main Ave, New York, NY 10001"
Yang Asset Management Group,Wells Fargo Advisors,James Yang,,,
Lee Group,Parkside Wealth Strategies,,,,
Davis Capital Group,Ameriprise Financial Services,,,,
Torres Portfolio Group,Edward Jones,Paul Torres,,Paul Torres|Amanda Thompson|Michael Campbell|Robert Phillips,
Williams Partners,Highfield Asset Management,William Williams,wwilliams@highfieldam.com,William Williams|Megan Mitchell,"6922 Spring Ln, Washington, DC 20001"
Thomas Advisors,Harborview Private Wealth,Anthony Thomas,,,"1505 Commerce Pkwy, Charlotte, NC 28201"
Wang Retirement Solutions Group,Morgan Stanley Wealth Management,Ryan Wang,ryan.wang@morganstanley.com,,"3993 Oak Way, Atlanta, GA 30301"
Johnson Wealth Advisors,Cetera Financial Group,,,,
Mitchell Asset Management Group,LPL Financial,John Mitchell,jmitchell@lpl.com,John Mitchell|Ronald Scott|Timothy Mitchell|Matthew Phillips,
Campbell Capital Group,Edward Jones,,,David Campbell|Steven Wang|Dorothy Rivera|Jason Mitchell,"7220 Spring Rd, Charlotte, NC 28201"
Morgan Asset Management Group,Wells Fargo Advisors,Charles Morgan,,,
Williams Institutional Group,Woodbury Financial Services,Dorothy Williams,,,
Collins Wealth Management,Kingsbridge Capital Advisors,,,,
Wilson Wealth Partners,Robert W. Baird & Co.,Kenneth Wilson,ken.wilson@rwbaird.com,,
Huang Capital Group,Robert W. Baird & Co.,Kenneth Huang,huangk@rwbaird.com,,"9030 Jefferson Pkwy, Dallas, TX 75201"
Johnson Wealth,Meridian Private Wealth,,amanda.johnson@meridianpw.com,,
Carter Tax & Wealth Group,Hilliard Lyons,Donald Carter,,,"7583 Park Pkwy, Miami, FL 33101"
Smith Retirement Solutions Group,Janney Montgomery Scott,,,,
Morris Wealth Management Group,Robert W. Baird & Co.,,kmorris@rwbaird.com,Karen Morris|Robert Cruz|Amanda Flores|Jeffrey Rivera,
Roberts Investment Group,UBS Financial Services,,,,
Smith Private Wealth Group,LPL Financial,,,Margaret Smith|Jennifer Rivera|William Chen|Anthony Wilson,
Miller Advisors,Summit Peak Advisors,Sandra Miller,,,
Wilson Advisors,Clearwater Capital Group,Helen Wilson,helen.wilson@clearwatercap.com,Helen Wilson|Edward White|Robert Thompson|Jason Hill,"3413 Elm St, Memphis, TN 38101"
Allen Wealth Management Group,Commonwealth Financial Network,Jason Allen,,,"7524 Highland Pl, Chicago, IL 60601"
Young Family Wealth Group,Oppenheimer & Co.,Betty Young,betty.young@opco.com,,
Harris Family Office,Parkside Wealth Strategies,,,,
Collins Wealth Management Group,Woodbury Financial Services,Anthony Collins,,Anthony Collins|Timothy Patel|Barbara Williams|Dorothy Smith|Richard Rivera|Charles Huang,"3499 Washington Ave, Houston, TX 77001"
Lee Tax & Wealth Group,Merrill Lynch Pierce Fenner & Smith,,,,
Thomas Investment Partners,Highfield Asset Management,Ronald Thomas,,,
Edwards Family Wealth Group,Janney Montgomery Scott,,,Paul Edwards|Nancy Kim|Rachel Morris|Timothy Nguyen|Charles Scott|Matthew Flores|Ashley Chen,"5701 Willow Way, Memphis, TN 38101"
Hall Private Wealth Group,Wells Fargo Advisors,,,Richard Hall|Patricia Edwards|Paul Davis|Kevin Adams|Jennifer Nguyen|Lisa Huang|Amanda Reyes,
Smith Wealth Management Group,LPL Financial,Anthony Smith,,,
Khan Retirement Solutions Group,Edward Jones,,jkhan@edwardjones.com,,
Taylor Financial Group,Raymond James Financial Services,,,,
Reyes Financial Partners,Summit Peak Advisors,,,,
Cruz Private Client Group,Wells Fargo Advisors,John Cruz,,,"4399 Oak St, Charlotte, NC 28201"
Lee Asset Management Group,National Planning Holdings,,,,
Cruz Institutional Group,Edward Jones,Patricia Cruz,,,
Mitchell Retirement Solutions Group,Cambridge Investment Research,Jessica Mitchell,,,
Miller Wealth Partners,Securities America,,,,
Cruz Retirement Solutions Group,National Planning Holdings,,,Timothy Cruz|Edward Khan|Dorothy Mitchell|Edward Davis,
Moore Investment Group,Securities America,,,Christopher Moore|Paul Nelson|George Patel|Kenneth Mitchell,
Scott Private Client Group,Janney Montgomery Scott,Susan Scott,,,
Turner Capital Group,LPL Financial,,joe.turner@lpl.com,,
Patel Wealth Partners,Ameriprise Financial Services,,,,"6597 Elm Dr, Chicago, IL 60601"
Reyes Portfolio Group,Raymond James Financial Services,,,,
Turner Retirement Solutions Group,Ameriprise Financial Services,,,,"3667 Jefferson Court, New York, NY 10022"
Jackson Portfolio Group,Commonwealth Financial Network,,,,
Harris Portfolio Group,Morgan Stanley Wealth Management,Ashley Harris,,,
Martin Family Office,Ridgeway Wealth Management,David Martin,,,
Allen Advisors,Harborview Private Wealth,Daniel Allen,,,
Gomez Wealth Management,Meridian Private Wealth,Paul Gomez,,Paul Gomez|Nancy Stewart|Anthony Harris|Jessica Martin,
Young Capital Group,Oppenheimer & Co.,,,,"154 Elm Blvd, Los Angeles, CA 90001"
Scott Tax & Wealth Group,Raymond James Financial Services,Michael Scott,,Michael Scott|Mark Johnson|Emily Edwards|Charles Diaz|Daniel Moore|Timothy Williams|Christopher Collins,
Liu Wealth,Parkside Wealth Strategies,,,,
Brown Institutional Group,Ameriprise Financial Services,Andrew Brown,,,
Scott Wealth Management,Ridgeway Wealth Management,,,,"398 Cedar Blvd, Kansas City, MO 64101"
Martin Institutional Group,Oppenheimer & Co.,,,Mark Martin|Dorothy Brown|Sandra Baker,
Wang Family Office,Kingsbridge Capital Advisors,Jennifer Wang,,,
Wang Financial Partners,Crestwood Family Office,,,,
Stewart & Associates,Summit Peak Advisors,,,,"9137 Spring Pl, Miami, FL 33101"
Smith Private Wealth,Summit Peak Advisors,Karen Smith,,,"8666 Park Ln, Miami, FL 33101"
Roberts Advisors,Summit Peak Advisors,,,Rachel Roberts|Margaret Liu|Nancy Rivera|Rachel Campbell|James Miller|John Hill|Kevin Cruz,"9602 Highland Court, Houston, TX 77001"
Liu Tax & Wealth Group,Oppenheimer & Co.,Jacob Liu,,Jacob Liu|Matthew Williams|Sarah Anderson|George Jackson|Jeffrey Green|Richard Martin|Ryan Miller,
Diaz Financial Group,Cetera Financial Group,Mark Diaz,,,
Khan Private Client Group,Woodbury Financial Services,,,,"176 Jefferson Pkwy, Portland, OR 97201"
Rivera Wealth,Crestwood Family Office,Helen Rivera,,,
Stewart Capital Group,Woodbury Financial Services,John Stewart,,John Stewart|Andrew Turner|Robert Allen|Richard Morgan|Kenneth Hall|Richard Martin,
Rivera Retirement Solutions Group,Morgan Stanley Wealth Management,Edward Rivera,riverae@morganstanley.com,,
Gomez Retirement Solutions Group,DA Davidson & Co.,Amanda Gomez,,Amanda Gomez|Robert Turner|William Hill|Helen Campbell|Andrew Cruz|James Allen,
Zhang Family Office,Harborview Private Wealth,Patricia Zhang,,Patricia Zhang|Kenneth Baker|Jacob Diaz|Megan Miller|Kenneth Miller|Sarah Diaz,
Anderson Financial Partners,Summit Peak Advisors,Emily Anderson,andersone@summitpeakadv.com,,"8313 Elm Way, Dallas, TX 75201"
Thompson Family Office,Northgate Investment Partners,Ashley Thompson,,,"6245 Jefferson Court, Raleigh, NC 27601"
Collins Private Wealth Group,Merrill Lynch Pierce Fenner & Smith,,,,
Hall Wealth Partners,Cetera Financial Group,Susan Hall,shall@cetera.com,,
Garcia Wealth Management Group,LPL Financial,Sarah Garcia,,,
Garcia Private Wealth Group,Merrill Lynch Pierce Fenner & Smith,,,Michael Garcia|Steven Edwards|Helen Garcia|Sarah Cruz|Patricia Roberts,
Gomez Retirement Solutions Group,Cetera Financial Group,,,Richard Gomez|Daniel Stewart,
Martin Capital Group,Merrill Lynch Pierce Fenner & Smith,Daniel Martin,,,
Thompson Family Wealth Group,Hilliard Lyons,,ashley.thompson@hl.com,,
Nguyen Portfolio Group,UBS Financial Services,Daniel Nguyen,,,"1870 Spring Rd, Memphis, TN 38101"
Nelson Investment Group,LPL Financial,Emily Nelson,,,
Scott Advisors,Crestwood Family Office,Paul Scott,pscott@crestwoodfo.com,Paul Scott|Brian Johnson|Ronald Thomas|Barbara Reyes|Sarah Nguyen|Ronald Zhang,
Williams Investment Group,Woodbury Financial Services,Barbara Williams,,,"9227 Hill St, Dallas, TX 75201"
Parker Family Office,Harborview Private Wealth,,,,"9146 Hill Pkwy, St. Louis, MO 63101"
Khan Capital Partners,Ridgeway Wealth Management,Andrew Khan,,,"9921 Hill Rd, New York, NY 10022"
Turner Wealth Management,Highfield Asset Management,,,Linda Turner|Jacob Khan|Thomas Harris|Edward Campbell|Charles Smith|Edward Johnson,
Turner Investment Group,Morgan Stanley Wealth Management,,,,
Thomas Partners,Kingsbridge Capital Advisors,Sarah Thomas,,Sarah Thomas|Helen Miller|Betty Evans|John Jackson|Sarah Lee|Jessica Lee,
Yang Investment Group,Edward Jones,,,,
Campbell Advisory Group,DA Davidson & Co.,,,Michael Campbell|Brian Phillips|Paul Mitchell|George Taylor|Anthony Cruz|Matthew Wilson,
Reyes Wealth Partners,LPL Financial,Barbara Reyes,,Barbara Reyes|Ashley Garcia|Robert Rivera|Timothy Miller|Jacob Rivera|Betty Thomas,
Harris Institutional Group,Raymond James Financial Services,,,,"3815 Spring Blvd, San Francisco, CA 94101"
Moore Financial Group,Ameriprise Financial Services,,mooret@ampf.com,Thomas Moore|Edward Turner|Amanda Hall|Steven Morgan|Steven Taylor|Daniel Parker,
Cruz Retirement Solutions Group,Oppenheimer & Co.,,,,
Reyes Wealth Management Group,Stifel Nicolaus & Company,Charles Reyes,,,"955 Main Court, Charlotte, NC 28201"
Adams Tax & Wealth Group,National Planning Holdings,,,,
Morgan Portfolio Group,Edward Jones,Linda Morgan,,,
Nguyen Financial Partners,Clearwater Capital Group,,,Dorothy Nguyen|Joseph Moore|Jeffrey Cruz|Robert Nelson|Megan Turner|Betty Moore,"1816 Washington Way, Las Vegas, NV 89101"
Williams Tax & Wealth Group,Robert W. Baird & Co.,,,,
Baker Retirement Solutions Group,UBS Financial Services,David Baker,,David Baker|Jennifer Edwards|Betty Nelson|Dorothy Huang,
Harris Capital Group,Janney Montgomery Scott,,,,
Hall Private Wealth Group,UBS Financial Services,Timothy Hall,hallt@ubs.com,,"6630 Commerce Court, Seattle, WA 98101"
Reyes Partners,Ridgeway Wealth Management,Edward Reyes,,Edward Reyes|Patricia Khan|Joseph Morgan|Sarah Collins|Sarah Patel|Edward Johnson,
Evans & Associates,Summit Peak Advisors,Matthew Evans,,,
Jackson Private Wealth Group,Hilliard Lyons,,,,
Evans Wealth Advisors,Wells Fargo Advisors,,,,
Gomez Investment Group,UBS Financial Services,,,,"8651 Highland Ln, San Antonio, TX 78201"
Wang Wealth Management Group,Cetera Financial Group,Matthew Wang,,,
Stewart Asset Management Group,Woodbury Financial Services,Jessica Stewart,jessica.stewart@woodburyfs.com,,
Wright Tax & Wealth Group,LPL Financial,,,Sarah Wright|Robert Campbell|Linda Wilson|Jennifer Rivera|Kenneth Anderson|Mark Johnson|Thomas Taylor,
Baker Financial Partners,Kingsbridge Capital Advisors,,,,
Huang Private Wealth Group,Stifel Nicolaus & Company,William Huang,,,
Adams Capital,Summit Peak Advisors,,,,
Wright & Associates,Parkside Wealth Strategies,Jason Wright,jwright@parksidewealth.com,,"7314 Oak Pkwy, Dallas, TX 75201"
Edwards Wealth Partners,Wells Fargo Advisors,,,,
Thomas Asset Management Group,Commonwealth Financial Network,,,Ryan Thomas|William Garcia|James Johnson|Robert Baker|Ronald Baker|Jessica Harris,
Chen Asset Management,Highfield Asset Management,,jchen@highfieldam.com,Joseph Chen|William Gomez|Jessica Hall|Edward Stewart,
Wang Investment Group,UBS Financial Services,Anthony Wang,,Anthony Wang|Mark Evans|Edward Moore,
Huang Wealth Partners,LPL Financial,,,,
Wang Financial Group,Ameriprise Financial Services,Susan Wang,,,
Carter Asset Management Group,Cetera Financial Group,Betty Carter,,,
Wilson Capital Group,Merrill Lynch Pierce Fenner & Smith,Helen Wilson,,,"3447 Main Court, St. Louis, MO 63101"
Yang Asset Management Group,Merrill Lynch Pierce Fenner & Smith,,,Christopher Yang|William Williams|Daniel Yang|Nancy Taylor|Christopher Collins,
Chen Family Wealth Group,Oppenheimer & Co.,,,Ryan Chen|Jacob Rivera|Andrew Young,
Cruz Investment Group,Stifel Nicolaus & Company,Linda Cruz,,Linda Cruz|Christopher Scott,
Wilson Partners,Highfield Asset Management,Ronald Wilson,,Ronald Wilson|Jessica Taylor,"806 Lake Blvd, San Diego, CA 92101"
Diaz Private Wealth Group,Cambridge Investment Research,,,Ryan Diaz|Sandra Wang|George Nelson|Barbara Jackson|John Thomas,
Taylor Portfolio Group,Wells Fargo Advisors,Linda Taylor,,,
Campbell Wealth,Summit Peak Advisors,,,,"5065 Cedar Pkwy, Kansas City, MO 64101"
Smith Wealth Advisors,Woodbury Financial Services,,charles.smith@woodburyfs.com,,
Turner Financial Partners,Ridgeway Wealth Management,Lisa Turner,,,"9634 Park Rd, Boston, MA 02101"
Huang Investment Group,Ameriprise Financial Services,Karen Huang,,Karen Huang|Patricia Patel|Jason Parker|Timothy King,
Wang Investment Group,UBS Financial Services,Thomas Wang,,,"5610 Lake Ave, Las Vegas, NV 89101"
Cruz Financial Partners,Highfield Asset Management,Andrew Cruz,,,
Wilson Capital Group,Oppenheimer & Co.,Jessica Wilson,,,
Campbell Advisors,Ridgeway Wealth Management,,,,"9332 Jefferson Pl, New York, NY 10001"
Kim Wealth Partners,Commonwealth Financial Network,,,,"313 Oak Way, Las Vegas, NV 89101"
Turner Institutional Group,Merrill Lynch Pierce Fenner & Smith,Andrew Turner,,Andrew Turner|Megan Garcia|Amanda Torres|Kenneth Kim,
Johnson Institutional Group,DA Davidson & Co.,,,Jennifer Johnson|Kevin Thompson,"5423 Market Rd, Kansas City, MO 64101"
Khan Investment Group,National Planning Holdings,Daniel Khan,,,
Garcia Institutional Group,Hilliard Lyons,,,,
Williams Capital Group,Securities America,,,,
Kim Retirement Solutions Group,LPL Financial,,,,
Adams & Associates,Northgate Investment Partners,Steven Adams,,Steven Adams|Susan Mitchell,
Phillips Capital Partners,Harborview Private Wealth,,,,"6000 Market Pl, San Jose, CA 95101"
Collins Asset Management Group,Merrill Lynch Pierce Fenner & Smith,Sandra Collins,,,
Yang Wealth Advisors,Securities America,Ryan Yang,,,
Morris Capital Group,Ameriprise Financial Services,,morrisb@ampf.com,,
Parker Advisors,Crestwood Family Office,,,,
Torres Investment Group,Oppenheimer & Co.,Sandra Torres,,Sandra Torres|Nancy Taylor|Nancy Hill|Ryan Evans,
Garcia Wealth Advisors,National Planning Holdings,Jessica Garcia,,Jessica Garcia|Charles Johnson|Robert Carter|Sarah Martin|Betty Harris|Richard Green,
Morgan Investment Partners,Crestwood Family Office,,,,
Thomas Family Wealth Group,Cambridge Investment Research,Susan Thomas,,,
Kim Financial Partners,Crestwood Family Office,,,,"6552 Madison Pl, Indianapolis, IN 46201"
Zhang Wealth Advisors,Morgan Stanley Wealth Management,Charles Zhang,,,
Nelson Asset Management,Meridian Private Wealth,,nelsond@meridianpw.com,David Nelson|Ronald Evans|Timothy Gomez|William Hill,
Edwards Financial Group,Raymond James Financial Services,Linda Edwards,,,
Davis Private Wealth,Clearwater Capital Group,,,Emily Davis|Christopher Baker|William Gomez|Dorothy Huang|Betty Stewart|Betty Wang,"3398 Park Way, Austin, TX 78701"
Taylor Wealth Partners,Wells Fargo Advisors,,,,
Baker & Associates,Northgate Investment Partners,Ryan Baker,bakerr@northgateinv.com,Ryan Baker|Kenneth Hill|John Mitchell|Mark Young,
Martin Portfolio Group,Securities America,,,,
Zhang Capital Group,Stifel Nicolaus & Company,,,,
Allen Private Wealth Group,Hilliard Lyons,,allenr@hl.com,,
Diaz Capital,Highfield Asset Management,Matthew Diaz,,,
Diaz & Associates,Parkside Wealth Strategies,,,,
Roberts Private Wealth,Highfield Asset Management,,,,"3976 Maple Pkwy, New York, NY 10001"
Martin Capital Group,Woodbury Financial Services,Andrew Martin,andy.martin@woodburyfs.com,,
Morris Advisory Group,UBS Financial Services,Kevin Morris,,,"8363 Commerce St, Nashville, TN 37201"
Green Partners,Crestwood Family Office,,,Kevin Green|James Williams,
Mitchell Financial Group,Janney Montgomery Scott,,,Margaret Mitchell|Susan Young,
King Wealth Partners,Securities America,Sandra King,,Sandra King|Nancy Lee|Charles Anderson|Christopher Evans|Michael Stewart|Brian King,"2972 Spring Ln, Austin, TX 78701"
Young Financial Partners,Summit Peak Advisors,,,,
Flores Financial Partners,Meridian Private Wealth,Brian Flores,,,
Campbell Private Client Group,Oppenheimer & Co.,Ryan Campbell,,Ryan Campbell|Kevin Wilson|Michael Allen|Dorothy Baker,
Allen Wealth Advisors,Morgan Stanley Wealth Management,,,Robert Allen|Donald Liu|Christopher Torres|Jennifer Jackson|Jessica Taylor,
Allen Advisory Group,Ameriprise Financial Services,Jason Allen,,Jason Allen|Thomas Wright|Michael Green,
Allen Asset Management,Meridian Private Wealth,Anthony Allen,allena@meridianpw.com,Anthony Allen|James Jones|Steven Yang,"3555 Lake Blvd, San Francisco, CA 94101"
Green Financial Group,Cetera Financial Group,,,,
Hall Private Wealth Group,Edward Jones,,,,
Brown Retirement Solutions Group,National Planning Holdings,,jessica.brown@nph.com,,
Campbell Asset Management Group,Janney Montgomery Scott,,,,
Wright Capital Group,Hilliard Lyons,,,Dorothy Wright|Daniel Hall|Linda Wright|John Garcia|Megan Jackson|Charles Khan,"7222 River Rd, Miami, FL 33101"
Collins Asset Management Group,Hilliard Lyons,Thomas Collins,collinst@hl.com,,
Anderson Advisory Group,Woodbury Financial Services,,,,"8442 Cedar Rd, Minneapolis, MN 55401"
Parker Private Wealth,Harborview Private Wealth,,,,
Gomez Advisory Group,UBS Financial Services,,,,"8576 Park Ln, Charlotte, NC 28201"
Jackson Advisors,Kingsbridge Capital Advisors,Lisa Jackson,,Lisa Jackson|Sandra Jackson|Michael Huang|Jacob Collins|Sandra King|Jessica Scott|Barbara Moore,
Scott Wealth Partners,Ameriprise Financial Services,Sandra Scott,,Sandra Scott|Emily Hall|Mark Turner|John Turner|Donald Collins|Linda Morris,"6463 Maple Pl, Boston, MA 02101"
Campbell Tax & Wealth Group,Cambridge Investment Research,,,Sarah Campbell|Emily Campbell|Timothy Thomas,"1785 Hill Rd, St. Louis, MO 63101"
Nelson Asset Management Group,Cetera Financial Group,,,,
Torres Financial Partners,Northgate Investment Partners,,,,
Campbell Portfolio Group,Hilliard Lyons,Helen Campbell,,,
Rivera Advisory Group,LPL Financial,Margaret Rivera,,,"2014 Lincoln Blvd, Austin, TX 78701"
Morgan Wealth,Highfield Asset Management,,,,
Patel Investment Group,DA Davidson & Co.,Helen Patel,,Helen Patel|James Edwards|Thomas Parker|Donald Anderson|Linda Collins|Richard Williams|Ronald Baker,
Wilson Private Wealth,Summit Peak Advisors,Donald Wilson,,,
Evans Portfolio Group,Janney Montgomery Scott,Barbara Evans,,,
Brown Institutional Group,Merrill Lynch Pierce Fenner & Smith,,,Jeffrey Brown|William Campbell,
Morris Group,Harborview Private Wealth,Nancy Morris,,,
Torres Wealth Management,Parkside Wealth Strategies,Andrew Torres,,,
Smith Tax & Wealth Group,Janney Montgomery Scott,Ashley Smith,,,
Kim Private Wealth,Kingsbridge Capital Advisors,,,John Kim|Steven Morris|Patricia Davis|Brian Carter|Edward Nguyen,
Turner Wealth Management,Harborview Private Wealth,Thomas Turner,,,"4523 Madison Court, Philadelphia, PA 19101"
Morris Wealth Management,Parkside Wealth Strategies,,,Mark Morris|Ashley Morris,"4711 Main Way, Nashville, TN 37201"
Reyes Tax & Wealth Group,Securities America,,,,
Cruz Wealth Management Group,Commonwealth Financial Network,Nancy Cruz,,,
Lee Investment Partners,Crestwood Family Office,,,,
Hill Financial Group,National Planning Holdings,Robert Hill,,,
Flores Advisory Group,Edward Jones,,,James Flores|George Campbell|Steven Taylor|Jennifer Adams|Jason Scott|Paul Anderson|Mark Nelson,"4633 Park Way, Dallas, TX 75201"
Jackson Family Wealth Group,Stifel Nicolaus & Company,Jennifer Jackson,,,
Zhang Retirement Solutions Group,LPL Financial,Jennifer Zhang,,,
Turner Wealth Management,Kingsbridge Capital Advisors,,,Betty Turner|Mark Kim,
Wright Wealth Advisors,Commonwealth Financial Network,,,,
Taylor Group,Kingsbridge Capital Advisors,George Taylor,,,
White Institutional Group,UBS Financial Services,Matthew White,matt.white@ubs.com,,"9029 Park Court, Seattle, WA 98101"
Miller Capital Group,UBS Financial Services,,,,
Evans Tax & Wealth Group,DA Davidson & Co.,Jason Evans,,,
Khan Capital Group,Janney Montgomery Scott,Andrew Khan,,,"5355 Washington Pkwy, San Antonio, TX 78201"
Rivera Institutional Group,Edward Jones,,,,
Garcia Private Wealth Group,UBS Financial Services,Megan Garcia,,Megan Garcia|Megan Patel|Dorothy Nelson|James Morris,
Martin Institutional Group,Hilliard Lyons,,,Edward Martin|Karen Diaz|Paul Hall|Betty Scott|Richard Anderson,
Baker & Associates,Parkside Wealth Strategies,,sbaker@parksidewealth.com,,
Kim Capital Group,Stifel Nicolaus & Company,Steven Kim,,,
Zhang Partners,Highfield Asset Management,,,Anthony Zhang|Emily Green|Ashley Flores|Jeffrey Lee,"9830 River Way, Miami, FL 33101"
Morris Asset Management Group,Hilliard Lyons,George Morris,,,
Reyes Family Wealth Group,DA Davidson & Co.,,,,"3453 Elm Pl, Denver, CO 80201"
Parker Capital,Kingsbridge Capital Advisors,,,Brian Parker|Ronald Hill,
Rivera Family Office,Harborview Private Wealth,,,,"7434 Hill Rd, Atlanta, GA 30301"
Mitchell Private Wealth Group,Ameriprise Financial Services,,,,"1691 Hill Rd, Charlotte, NC 28201"
Collins Wealth,Ridgeway Wealth Management,,,Michael Collins|Lisa Morris,"5716 Highland Way, San Antonio, TX 78201"
Roberts Private Wealth Group,Robert W. Baird & Co.,,wroberts@rwbaird.com,,
Taylor Asset Management Group,Commonwealth Financial Network,Andrew Taylor,,,
Cruz Capital Group,LPL Financial,Susan Cruz,,Susan Cruz|Michael Stewart,"8315 Park Way, Washington, DC 20001"
Adams Institutional Group,Stifel Nicolaus & Company,,,,
Huang Portfolio Group,Janney Montgomery Scott,,,,
Martin & Associates,Kingsbridge Capital Advisors,Lisa Martin,,,
Smith Wealth Advisors,Cambridge Investment Research,,bill.smith@cambridgeinv.com,,"7224 Jefferson St, Indianapolis, IN 46201"
Williams Retirement Solutions Group,Robert W. Baird & Co.,,george.williams@rwbaird.com,,
Hill Wealth Management,Parkside Wealth Strategies,,,Linda Hill|Ronald Kim|Andrew Jones|Daniel Garcia|Charles Harris|Andrew Roberts,
Scott Portfolio Group,DA Davidson & Co.,Robert Scott,,Robert Scott|Dorothy Moore|Mark Wright,
Thompson Family Wealth Group,Raymond James Financial Services,Betty Thompson,,,
Rivera Investment Partners,Clearwater Capital Group,,,,
Green Wealth Partners,UBS Financial Services,,,,
Williams Private Wealth Group,DA Davidson & Co.,Jason Williams,,Jason Williams|Dorothy Patel|Ashley Campbell|Megan Wright|Mark Reyes,"7220 Madison Court, Minneapolis, MN 55401"
Evans Financial Group,Raymond James Financial Services,Kenneth Evans,,,
Roberts Advisory Group,Woodbury Financial Services,Emily Roberts,,,
Thomas Family Office,Meridian Private Wealth,Jeffrey Thomas,,,
King Wealth Advisors,Securities America,Sandra King,,,
Chen Asset Management Group,UBS Financial Services,Steven Chen,,Steven Chen|Mark Edwards|Nancy Stewart|Ryan Jackson|Betty Thomas,
Parker Financial Partners,Harborview Private Wealth,,,Helen Parker|Michael Yang|Andrew Morris,
Brown Advisory Group,LPL Financial,,brownr@lpl.com,,
Reyes Wealth Management Group,Edward Jones,,,,
Scott Wealth Management,Harborview Private Wealth,Jeffrey Scott,,,
Liu Wealth Partners,Oppenheimer & Co.,,,,
Gomez Asset Management Group,Edward Jones,Margaret Gomez,,,
Jackson Advisors,Harborview Private Wealth,,,Edward Jackson|Jacob Chen|Matthew Edwards|Betty Jones|Kenneth Reyes|Michael Young|Linda Cruz,
Phillips Wealth Partners,Cetera Financial Group,William Phillips,,William Phillips|Sarah Mitchell|Richard Rivera|Joseph Diaz|William Smith|Betty Edwards|Amanda Phillips,
Yang Investment Group,Janney Montgomery Scott,,,,"9578 Washington Dr, Phoenix, AZ 85001"
Diaz Institutional Group,National Planning Holdings,,,Anthony Diaz|Megan Patel|Susan Edwards|William Wang|James Baker|Christopher White,
Khan Investment Group,Raymond James Financial Services,,,,
Allen Investment Partners,Highfield Asset Management,Ryan Allen,,,"2125 Market Court, New York, NY 10001"
Phillips Private Client Group,Raymond James Financial Services,Paul Phillips,,Paul Phillips|Patricia Stewart|Linda Williams|Charles Jackson,"5016 Commerce Court, Los Angeles, CA 90001"
Rivera Institutional Group,National Planning Holdings,Thomas Rivera,,Thomas Rivera|William Phillips|David Smith|Andrew Diaz|Donald Stewart,
Morgan Portfolio Group,National Planning Holdings,Ashley Morgan,morgana@nph.com,,
Zhang Investment Partners,Meridian Private Wealth,,,,
Young Investment Partners,Clearwater Capital Group,Helen Young,,,
Wilson Family Wealth Group,National Planning Holdings,,,Margaret Wilson|Jessica Turner|David Brown|David Edwards|Kenneth Jones|Michael Reyes|John Campbell,"425 Washington Pkwy, Dallas, TX 75201"
Scott Wealth Management,Crestwood Family Office,,,Charles Scott|Patricia Flores,
Zhang Retirement Solutions Group,Securities America,,,Christopher Zhang|Barbara Johnson|Robert Allen|Megan Wang|Margaret Johnson|Karen Thompson,
Johnson Capital Group,Cetera Financial Group,,johnsone@cetera.com,Emily Johnson|David Baker|Jeffrey Wang|James Wang|Steven Wilson|Michael Morris|Andrew Baker,
Liu Wealth Advisors,Edward Jones,,,John Liu|Nancy White|Christopher Taylor,
Campbell Investment Partners,Meridian Private Wealth,Jeffrey Campbell,,,"4942 Lake Dr, Chicago, IL 60601"
Brown Advisors,Parkside Wealth Strategies,,bill.brown@parksidewealth.com,William Brown|Anthony King|Jessica Wilson,"7969 Commerce St, Kansas City, MO 64101"
Khan Retirement Solutions Group,Edward Jones,Jennifer Khan,,,"484 Washington Way, Indianapolis, IN 46201"
Baker Partners,Clearwater Capital Group,Karen Baker,,,"8424 Market Dr, Boston, MA 02101"
White Financial Partners,Clearwater Capital Group,,,,
Turner Investment Partners,Kingsbridge Capital Advisors,,,,
Parker & Associates,Highfield Asset Management,,,,"5652 Maple Court, Nashville, TN 37201"
Williams Family Wealth Group,Securities America,,,George Williams|Brian Zhang|Jacob Martin|Jacob Harris|Ashley Kim|Matthew Harris,
Anderson Retirement Solutions Group,Edward Jones,William Anderson,andersonw@edwardjones.com,,"3453 Market Ln, Atlanta, GA 30301"
Zhang Capital,Ridgeway Wealth Management,Michael Zhang,,,
Torres Private Wealth Group,Ameriprise Financial Services,,,Megan Torres|Jessica Thomas,"3579 Washington Rd, Boston, MA 02101"
Liu Wealth Management,Ridgeway Wealth Management,,,,
Reyes Financial Group,Robert W. Baird & Co.,,,,
Khan Institutional Group,Ameriprise Financial Services,,,William Khan|Jason Khan|Jason White|Jacob Davis|Ashley Khan|Donald Allen,"7000 Oak Ave, Memphis, TN 38101"
Reyes Wealth Management,Clearwater Capital Group,Megan Reyes,,Megan Reyes|Brian Morris|Donald Zhang,
Huang Tax & Wealth Group,Woodbury Financial Services,,,Dorothy Huang|Jessica Nguyen|Richard Patel|Jason Thompson,"5350 Cedar Way, Philadelphia, PA 19101"
Taylor Wealth Partners,LPL Financial,George Taylor,,,"477 Oak St, Portland, OR 97201"
Anderson Capital,Kingsbridge Capital Advisors,,andersonr@kingsbridgecap.com,,"9285 Hill St, Seattle, WA 98101"
Scott Private Wealth Group,Raymond James Financial Services,Mark Scott,,,
Collins Asset Management,Meridian Private Wealth,Jessica Collins,,,
Patel Retirement Solutions Group,Cetera Financial Group,,,,"3356 Elm St, Las Vegas, NV 89101"
Smith Financial Partners,Kingsbridge Capital Advisors,Dorothy Smith,,Dorothy Smith|James Young|Mark Martin,
Carter Private Wealth Group,Woodbury Financial Services,,,Paul Carter|Nancy Campbell|Patricia Young|Andrew White|Donald Cruz|Linda Wang|Anthony Davis,
Kim Wealth Management Group,Robert W. Baird & Co.,,,Kevin Kim|Jessica Miller,"2439 Main Dr, Las Vegas, NV 89101"
Patel Partners,Summit Peak Advisors,,,,
Taylor Private Wealth Group,Securities America,,,,
Wright Private Wealth,Highfield Asset Management,,,Patricia Wright|Charles Campbell|Kevin Mitchell|Helen Miller|Betty Garcia|Mark Nelson,
Gomez Private Wealth,Kingsbridge Capital Advisors,,david.gomez@kingsbridgecap.com,,"8544 Main Way, Nashville, TN 37201"
Wright Wealth Partners,Stifel Nicolaus & Company,,,,
Jackson Retirement Solutions Group,LPL Financial,Michael Jackson,,Michael Jackson|Patricia Brown|Kenneth Evans,"2833 Market Dr, Philadelphia, PA 19101"
Liu Tax & Wealth Group,Robert W. Baird & Co.,Donald Liu,,,
Kim Wealth Management Group,Hilliard Lyons,,helen.kim@hl.com,Helen Kim|Barbara Scott,
Reyes Asset Management,Kingsbridge Capital Advisors,,paul.reyes@kingsbridgecap.com,,"491 Spring Ave, Miami, FL 33101"
Gomez Portfolio Group,National Planning Holdings,Robert Gomez,,,
Liu Private Wealth Group,Cetera Financial Group,Charles Liu,charles.liu@cetera.com,,
King Capital Group,LPL Financial,Jacob King,,,
Stewart Financial Group,Securities America,,,,
Gomez Wealth Management Group,Robert W. Baird & Co.,Richard Gomez,,Richard Gomez|Ashley Thompson|Karen Flores|Lisa Zhang|Rachel Diaz|Ryan Phillips|Charles Torres,
Green Retirement Solutions Group,Morgan Stanley Wealth Management,,,Linda Green|Karen Morris|Mark Hall,
Miller Wealth Partners,Wells Fargo Advisors,,dan.miller@wellsfargoadv.com,Daniel Miller|Megan Wright,
Khan Wealth Management Group,Cambridge Investment Research,,,,
King Financial Group,Hilliard Lyons,,,Ronald King|Betty Hall|Mark King|Charles Miller|Betty Johnson,
Allen Wealth Management Group,Cambridge Investment Research,,,,"2835 Market Pkwy, St. Louis, MO 63101"
Jackson Investment Partners,Ridgeway Wealth Management,,,,
Khan Private Wealth Group,DA Davidson & Co.,,,Christopher Khan|Dorothy Zhang|David Campbell|Jessica Phillips|Brian Yang,
Stewart Financial Group,LPL Financial,Margaret Stewart,,,
Anderson Private Client Group,Ameriprise Financial Services,,,,
Wright Advisors,Northgate Investment Partners,Paul Wright,,,
Harris Wealth Management,Summit Peak Advisors,,,,
Jackson Family Wealth Group,Cambridge Investment Research,,jacksond@cambridgeinv.com,Daniel Jackson|Barbara Hall|Ryan Jackson|George Turner|Karen Huang,
Evans Investment Group,Cetera Financial Group,,,,"1316 Market Way, Chicago, IL 60601"
Diaz Retirement Solutions Group,Raymond James Financial Services,Nancy Diaz,,Nancy Diaz|Edward Davis|Michael Scott|Edward Patel|Kevin Evans|Dorothy Jackson|Kenneth Allen,
Campbell Private Wealth,Northgate Investment Partners,,,Margaret Campbell|Dorothy Morris|George Morris|Rachel Taylor,
Zhang Institutional Group,National Planning Holdings,Mark Zhang,,,
Roberts Tax & Wealth Group,Securities America,,,,"2274 Lincoln Court, Washington, DC 20001"
Evans Asset Management Group,Cetera Financial Group,Mark Evans,mevans@cetera.com,,"6419 Willow Blvd, San Antonio, TX 78201"
Thompson Wealth,Kingsbridge Capital Advisors,,,Helen Thompson|William Nelson|Sandra Carter|Megan Collins,
Patel Wealth Advisors,Oppenheimer & Co.,,,,"2247 Commerce Pkwy, New York, NY 10001"
Cruz Family Office,Crestwood Family Office,,jcruz@crestwoodfo.com,,
Johnson Capital,Parkside Wealth Strategies,Helen Johnson,,,"2899 Washington Rd, Portland, OR 97201"
Carter Family Office,Clearwater Capital Group,,,,
Thomas Institutional Group,National Planning Holdings,Daniel Thomas,,Daniel Thomas|Daniel Morgan,
Jones Financial Group,DA Davidson & Co.,,,Megan Jones|Ashley Liu|Andrew Taylor|Ashley Jackson|Sarah Roberts,"6739 Hill Pkwy, Raleigh, NC 27601"
Brown Institutional Group,Securities America,,,Steven Brown|Ryan Evans,
Thompson Retirement Solutions Group,Raymond James Financial Services,Sandra Thompson,,Sandra Thompson|Dorothy Collins|Megan Lee|Steven Yang|Patricia Davis,
Chen Tax & Wealth Group,Cambridge Investment Research,Megan Chen,,Megan Chen|Mark Liu|Timothy Davis|Jason Williams|John Kim,"1373 Madison Ln, Atlanta, GA 30301"
Roberts Financial Group,Merrill Lynch Pierce Fenner & Smith,,,,"7798 Lincoln St, Charlotte, NC 28201"
Edwards Asset Management Group,Stifel Nicolaus & Company,Ronald Edwards,redwards@stifel.com,,
Phillips Wealth Partners,Raymond James Financial Services,,phillipsj@raymondjames.com,John Phillips|Daniel Turner|Kevin Miller|Charles Stewart|John Taylor,
Lee Institutional Group,Hilliard Lyons,,,,
Taylor Capital Group,Robert W. Baird & Co.,,,,
Flores Capital,Highfield Asset Management,,,,
Edwards Advisory Group,Wells Fargo Advisors,,,Andrew Edwards|Barbara Rivera|Karen Campbell,
Young Financial Group,National Planning Holdings,Amanda Young,,Amanda Young|Jeffrey Carter|Joseph Carter|Emily Wilson|Mark Patel|Patricia Jones|Michael Martin,
Brown Financial Group,Janney Montgomery Scott,,,,"1675 Cedar Dr, Baltimore, MD 21201"
Nelson Wealth Advisors,Securities America,Susan Nelson,,,"5246 Main Dr, Nashville, TN 37201"
Evans Financial Partners,Meridian Private Wealth,Patricia Evans,,Patricia Evans|William Reyes|Ronald Rivera|Ronald Chen,
Jackson Family Wealth Group,Woodbury Financial Services,,,,"4223 Jefferson St, Phoenix, AZ 85001"
Martin & Associates,Highfield Asset Management,,,David Martin|Kenneth Davis|James Lee|Steven Morgan|Thomas Jackson|Charles Kim|James Williams,"3273 Madison Pkwy, Phoenix, AZ 85001"
Huang & Associates,Highfield Asset Management,Ronald Huang,rhuang@highfieldam.com,,
Jones Tax & Wealth Group,LPL Financial,,,,
Liu Asset Management Group,Wells Fargo Advisors,,,,
Moore Wealth Partners,Ameriprise Financial Services,Emily Moore,emoore@ampf.com,,"7861 Lincoln Ave, Minneapolis, MN 55401"
Jackson Group,Kingsbridge Capital Advisors,Timothy Jackson,,,
Hill Portfolio Group,Robert W. Baird & Co.,,,,
Kim Private Wealth Group,Morgan Stanley Wealth Management,George Kim,,,
Jackson Capital Partners,Northgate Investment Partners,Mark Jackson,,,"600 Spring St, San Diego, CA 92101"
Thomas Private Client Group,Cambridge Investment Research,,dthomas@cambridgeinv.com,,
