golden_member_id,golden_team_id,src_a_member_id,src_b_member_id,src_c_member_id
GM0000001,GT0000001,,SRB_M0000001,
GM0000002,GT0000001,,,
GM0000003,GT0000002,SRA_M0000001,SRB_M0000002,
GM0000004,GT0000002,SRA_M0000002,SRB_M0000003,SRC_M0000001
GM0000005,GT0000002,SRA_M0000003,,SRC_M0000002
GM0000006,GT0000002,SRA_M0000004,SRB_M0000004,
GM0000007,GT0000003,,,
GM0000008,GT0000003,,SRB_M0000005,
GM0000009,GT0000003,,,
GM0000010,GT0000003,,,
GM0000011,GT0000003,,SRB_M0000006,
GM0000012,GT0000003,,SRB_M0000007,
GM0000013,GT0000004,,SRB_M0000008,
GM0000014,GT0000004,SRA_M0000005,SRB_M0000009,
GM0000015,GT0000004,SRA_M0000006,SRB_M0000010,
GM0000016,GT0000004,SRA_M0000007,SRB_M0000011,
GM0000017,GT0000005,,SRB_M0000012,
GM0000018,GT0000005,,SRB_M0000013,SRC_M0000003
GM0000019,GT0000006,SRA_M0000008,,
GM0000020,GT0000006,SRA_M0000009,,
GM0000021,GT0000006,,,
GM0000022,GT0000006,,,
GM0000023,GT0000006,SRA_M0000010,,
GM0000024,GT0000007,SRA_M0000011,SRB_M0000014,
GM0000025,GT0000007,SRA_M0000012,,
GM0000026,GT0000007,SRA_M0000013,SRB_M0000015,
GM0000027,GT0000008,SRA_M0000014,SRB_M0000016,SRC_M0000004
GM0000028,GT0000008,SRA_M0000015,SRB_M0000017,SRC_M0000005
GM0000029,GT0000009,,SRB_M0000018,
GM0000030,GT0000009,SRA_M0000016,SRB_M0000019,
GM0000031,GT0000009,SRA_M0000017,SRB_M0000020,
GM0000032,GT0000009,SRA_M0000018,SRB_M0000021,
GM0000033,GT0000010,SRA_M0000019,SRB_M0000023,SRC_M0000006
GM0000034,GT0000010,,SRB_M0000024,
GM0000035,GT0000010,SRA_M0000020,SRB_M0000025,SRC_M0000007
GM0000036,GT0000010,SRA_M0000021,,
GM0000037,GT0000011,SRA_M0000022,SRB_M0000026,
GM0000038,GT0000011,SRA_M0000023,SRB_M0000027,
GM0000039,GT0000011,SRA_M0000024,SRB_M0000028,
GM0000040,GT0000012,SRA_M0000025,SRB_M0000029,
GM0000041,GT0000012,SRA_M0000026,SRB_M0000030,
GM0000042,GT0000012,,SRB_M0000031,
GM0000043,GT0000013,,SRB_M0000032,
GM0000044,GT0000013,,SRB_M0000033,
GM0000045,GT0000013,,SRB_M0000034,
GM0000046,GT0000013,,SRB_M0000035,
GM0000047,GT0000013,,SRB_M0000036,
GM0000048,GT0000014,SRA_M0000027,SRB_M0000037,SRC_M0000008
GM0000049,GT0000014,SRA_M0000028,SRB_M0000038,SRC_M0000009
GM0000050,GT0000015,SRA_M0000029,SRB_M0000039,
GM0000051,GT0000015,SRA_M0000030,SRB_M0000040,
GM0000052,GT0000016,SRA_M0000031,,
GM0000053,GT0000016,SRA_M0000032,,
GM0000054,GT0000016,SRA_M0000033,,
GM0000055,GT0000017,SRA_M0000034,,SRC_M0000010
GM0000056,GT0000017,SRA_M0000035,,SRC_M0000011
GM0000057,GT0000018,SRA_M0000037,SRB_M0000041,SRC_M0000012
GM0000058,GT0000018,,,SRC_M0000013
GM0000059,GT0000018,,SRB_M0000042,
GM0000060,GT0000018,SRA_M0000038,,SRC_M0000014
GM0000061,GT0000018,SRA_M0000039,SRB_M0000043,SRC_M0000015
GM0000062,GT0000018,SRA_M0000040,SRB_M0000044,SRC_M0000016
GM0000063,GT0000019,SRA_M0000041,,
GM0000064,GT0000019,SRA_M0000042,SRB_M0000045,SRC_M0000017
GM0000065,GT0000019,SRA_M0000043,SRB_M0000046,SRC_M0000018
GM0000066,GT0000019,SRA_M0000044,SRB_M0000047,SRC_M0000019
GM0000067,GT0000020,SRA_M0000045,SRB_M0000048,
GM0000068,GT0000020,SRA_M0000046,SRB_M0000049,
GM0000069,GT0000021,SRA_M0000047,,
GM0000070,GT0000021,SRA_M0000048,SRB_M0000050,
GM0000071,GT0000021,SRA_M0000049,SRB_M0000051,SRC_M0000020
GM0000072,GT0000021,SRA_M0000050,SRB_M0000052,SRC_M0000021
GM0000073,GT0000021,SRA_M0000051,,SRC_M0000022
GM0000074,GT0000021,SRA_M0000052,SRB_M0000053,SRC_M0000023
GM0000075,GT0000022,SRA_M0000053,,SRC_M0000024
GM0000076,GT0000022,SRA_M0000054,,
GM0000077,GT0000023,SRA_M0000055,SRB_M0000054,
GM0000078,GT0000023,SRA_M0000056,SRB_M0000055,
GM0000079,GT0000023,SRA_M0000057,SRB_M0000056,
GM0000080,GT0000024,SRA_M0000058,SRB_M0000057,SRC_M0000026
GM0000081,GT0000024,SRA_M0000059,SRB_M0000058,SRC_M0000027
GM0000082,GT0000025,,SRB_M0000060,SRC_M0000028
GM0000083,GT0000025,SRA_M0000060,SRB_M0000061,
GM0000084,GT0000026,SRA_M0000061,SRB_M0000062,
GM0000085,GT0000026,SRA_M0000062,SRB_M0000063,SRC_M0000029
GM0000086,GT0000027,,,
GM0000087,GT0000027,SRA_M0000063,SRB_M0000064,
GM0000088,GT0000027,SRA_M0000064,,
GM0000089,GT0000027,SRA_M0000065,SRB_M0000065,
GM0000090,GT0000028,SRA_M0000066,,
GM0000091,GT0000028,SRA_M0000067,SRB_M0000066,
GM0000092,GT0000028,SRA_M0000068,SRB_M0000067,
GM0000093,GT0000029,SRA_M0000069,SRB_M0000068,
GM0000094,GT0000029,SRA_M0000070,SRB_M0000069,SRC_M0000030
GM0000095,GT0000029,SRA_M0000071,SRB_M0000070,SRC_M0000031
GM0000096,GT0000029,SRA_M0000072,SRB_M0000071,
GM0000097,GT0000029,SRA_M0000073,,SRC_M0000032
GM0000098,GT0000030,SRA_M0000074,SRB_M0000072,
GM0000099,GT0000030,SRA_M0000075,,
GM0000100,GT0000030,SRA_M0000076,,
GM0000101,GT0000031,,SRB_M0000073,
GM0000102,GT0000031,,SRB_M0000074,SRC_M0000033
GM0000103,GT0000031,,SRB_M0000075,
GM0000104,GT0000032,SRA_M0000077,,SRC_M0000034
GM0000105,GT0000032,SRA_M0000078,,SRC_M0000035
GM0000106,GT0000033,SRA_M0000079,SRB_M0000076,
GM0000107,GT0000033,SRA_M0000080,SRB_M0000077,
GM0000108,GT0000033,SRA_M0000081,SRB_M0000078,
GM0000109,GT0000033,SRA_M0000082,SRB_M0000079,
GM0000110,GT0000033,SRA_M0000083,SRB_M0000080,
GM0000111,GT0000033,SRA_M0000084,,
GM0000112,GT0000034,,,SRC_M0000036
GM0000113,GT0000034,,,SRC_M0000037
GM0000114,GT0000034,,,SRC_M0000038
GM0000115,GT0000034,,,SRC_M0000039
GM0000116,GT0000035,SRA_M0000085,SRB_M0000082,
GM0000117,GT0000035,SRA_M0000086,SRB_M0000083,
GM0000118,GT0000035,SRA_M0000087,SRB_M0000084,
GM0000119,GT0000036,,,SRC_M0000040
GM0000120,GT0000036,SRA_M0000088,SRB_M0000085,
GM0000121,GT0000036,SRA_M0000089,SRB_M0000086,SRC_M0000041
GM0000122,GT0000036,SRA_M0000090,,SRC_M0000042
GM0000123,GT0000036,SRA_M0000091,SRB_M0000087,SRC_M0000043
GM0000124,GT0000036,SRA_M0000092,SRB_M0000088,
GM0000125,GT0000037,,,SRC_M0000044
GM0000126,GT0000037,,,SRC_M0000045
GM0000127,GT0000037,,,SRC_M0000046
GM0000128,GT0000037,,,SRC_M0000047
GM0000129,GT0000037,,,
GM0000130,GT0000038,SRA_M0000093,,
GM0000131,GT0000038,SRA_M0000094,,
GM0000132,GT0000038,SRA_M0000095,,
GM0000133,GT0000039,SRA_M0000096,SRB_M0000089,SRC_M0000048
GM0000134,GT0000039,SRA_M0000097,SRB_M0000090,SRC_M0000049
GM0000135,GT0000039,SRA_M0000098,SRB_M0000091,SRC_M0000050
GM0000136,GT0000039,,,SRC_M0000051
GM0000137,GT0000039,SRA_M0000099,SRB_M0000092,SRC_M0000052
GM0000138,GT0000039,,SRB_M0000093,SRC_M0000053
GM0000139,GT0000040,SRA_M0000100,,
GM0000140,GT0000040,SRA_M0000101,,
GM0000141,GT0000040,,,
GM0000142,GT0000040,SRA_M0000102,,
GM0000143,GT0000040,SRA_M0000103,,
GM0000144,GT0000040,SRA_M0000104,,
GM0000145,GT0000041,,SRB_M0000094,
GM0000146,GT0000041,,SRB_M0000095,
GM0000147,GT0000041,,SRB_M0000096,
GM0000148,GT0000041,,SRB_M0000097,
GM0000149,GT0000041,,,
GM0000150,GT0000042,SRA_M0000105,,SRC_M0000054
GM0000151,GT0000042,SRA_M0000106,SRB_M0000098,SRC_M0000055
GM0000152,GT0000042,SRA_M0000107,SRB_M0000099,SRC_M0000056
GM0000153,GT0000042,SRA_M0000108,SRB_M0000100,
GM0000154,GT0000043,,,
GM0000155,GT0000043,SRA_M0000109,SRB_M0000101,
GM0000156,GT0000043,SRA_M0000110,SRB_M0000102,
GM0000157,GT0000043,SRA_M0000111,SRB_M0000103,
GM0000158,GT0000043,SRA_M0000112,SRB_M0000104,
GM0000159,GT0000043,SRA_M0000113,SRB_M0000105,
GM0000160,GT0000044,SRA_M0000114,SRB_M0000106,
GM0000161,GT0000044,SRA_M0000115,SRB_M0000107,
GM0000162,GT0000044,SRA_M0000116,SRB_M0000108,
GM0000163,GT0000044,SRA_M0000117,SRB_M0000109,
GM0000164,GT0000045,SRA_M0000118,SRB_M0000110,
GM0000165,GT0000045,SRA_M0000119,SRB_M0000111,
GM0000166,GT0000045,SRA_M0000120,SRB_M0000112,
GM0000167,GT0000045,SRA_M0000121,SRB_M0000113,
GM0000168,GT0000045,SRA_M0000122,SRB_M0000114,
GM0000169,GT0000046,SRA_M0000123,SRB_M0000116,SRC_M0000057
GM0000170,GT0000046,SRA_M0000124,,SRC_M0000058
GM0000171,GT0000046,SRA_M0000125,SRB_M0000117,SRC_M0000059
GM0000172,GT0000046,SRA_M0000126,,SRC_M0000060
GM0000173,GT0000047,SRA_M0000127,SRB_M0000118,
GM0000174,GT0000047,SRA_M0000128,SRB_M0000119,
GM0000175,GT0000047,SRA_M0000129,SRB_M0000120,
GM0000176,GT0000048,SRA_M0000130,SRB_M0000121,
GM0000177,GT0000048,SRA_M0000131,SRB_M0000122,
GM0000178,GT0000048,,SRB_M0000123,
GM0000179,GT0000049,,SRB_M0000124,
GM0000180,GT0000049,,SRB_M0000125,
GM0000181,GT0000049,,SRB_M0000126,
GM0000182,GT0000049,,SRB_M0000127,
GM0000183,GT0000050,SRA_M0000133,,
GM0000184,GT0000050,SRA_M0000134,,
GM0000185,GT0000051,SRA_M0000135,SRB_M0000128,
GM0000186,GT0000051,SRA_M0000136,,SRC_M0000061
GM0000187,GT0000052,SRA_M0000137,,SRC_M0000062
GM0000188,GT0000052,SRA_M0000138,,SRC_M0000063
GM0000189,GT0000052,SRA_M0000139,,SRC_M0000064
GM0000190,GT0000052,SRA_M0000140,,SRC_M0000065
GM0000191,GT0000052,SRA_M0000141,,SRC_M0000066
GM0000192,GT0000053,SRA_M0000142,SRB_M0000129,
GM0000193,GT0000053,SRA_M0000143,SRB_M0000130,
GM0000194,GT0000053,SRA_M0000144,SRB_M0000131,
GM0000195,GT0000053,SRA_M0000145,SRB_M0000132,
GM0000196,GT0000054,,SRB_M0000133,
GM0000197,GT0000054,,SRB_M0000134,SRC_M0000067
GM0000198,GT0000054,,SRB_M0000135,SRC_M0000068
GM0000199,GT0000054,,SRB_M0000136,
GM0000200,GT0000054,,SRB_M0000137,
GM0000201,GT0000055,SRA_M0000146,SRB_M0000138,
GM0000202,GT0000055,SRA_M0000147,SRB_M0000139,
GM0000203,GT0000055,SRA_M0000148,SRB_M0000140,
GM0000204,GT0000055,SRA_M0000149,SRB_M0000141,
GM0000205,GT0000055,SRA_M0000150,SRB_M0000142,
GM0000206,GT0000056,SRA_M0000151,,SRC_M0000069
GM0000207,GT0000056,SRA_M0000152,,
GM0000208,GT0000056,SRA_M0000153,,SRC_M0000070
GM0000209,GT0000057,SRA_M0000155,SRB_M0000143,SRC_M0000071
GM0000210,GT0000057,SRA_M0000156,SRB_M0000144,
GM0000211,GT0000057,SRA_M0000157,SRB_M0000145,SRC_M0000072
GM0000212,GT0000058,,SRB_M0000147,SRC_M0000073
GM0000213,GT0000058,,,SRC_M0000074
GM0000214,GT0000058,,SRB_M0000148,
GM0000215,GT0000058,,,
GM0000216,GT0000058,,SRB_M0000149,
GM0000217,GT0000059,SRA_M0000158,SRB_M0000150,SRC_M0000075
GM0000218,GT0000059,SRA_M0000159,SRB_M0000151,SRC_M0000076
GM0000219,GT0000060,,SRB_M0000152,SRC_M0000077
GM0000220,GT0000060,SRA_M0000160,SRB_M0000153,
GM0000221,GT0000060,SRA_M0000161,SRB_M0000154,SRC_M0000078
GM0000222,GT0000060,SRA_M0000162,SRB_M0000155,SRC_M0000079
GM0000223,GT0000060,SRA_M0000163,SRB_M0000156,SRC_M0000080
GM0000224,GT0000060,SRA_M0000164,SRB_M0000157,
GM0000225,GT0000061,,SRB_M0000158,
GM0000226,GT0000061,SRA_M0000165,SRB_M0000159,
GM0000227,GT0000061,SRA_M0000166,SRB_M0000160,
GM0000228,GT0000061,SRA_M0000167,SRB_M0000161,
GM0000229,GT0000061,SRA_M0000168,,
GM0000230,GT0000062,SRA_M0000170,,
GM0000231,GT0000062,SRA_M0000171,,
GM0000232,GT0000062,SRA_M0000172,,
GM0000233,GT0000062,SRA_M0000173,,
GM0000234,GT0000062,SRA_M0000174,,
GM0000235,GT0000063,SRA_M0000175,SRB_M0000162,
GM0000236,GT0000063,SRA_M0000176,SRB_M0000163,
GM0000237,GT0000063,SRA_M0000177,SRB_M0000164,
GM0000238,GT0000063,SRA_M0000178,,
GM0000239,GT0000063,,SRB_M0000165,
GM0000240,GT0000064,SRA_M0000179,SRB_M0000166,
GM0000241,GT0000064,SRA_M0000180,SRB_M0000167,SRC_M0000081
GM0000242,GT0000064,SRA_M0000181,SRB_M0000168,SRC_M0000082
GM0000243,GT0000064,SRA_M0000182,SRB_M0000169,SRC_M0000083
GM0000244,GT0000065,SRA_M0000183,SRB_M0000170,
GM0000245,GT0000065,SRA_M0000184,SRB_M0000171,
GM0000246,GT0000066,SRA_M0000185,SRB_M0000172,
GM0000247,GT0000066,SRA_M0000186,SRB_M0000173,
GM0000248,GT0000066,SRA_M0000187,SRB_M0000174,
GM0000249,GT0000067,SRA_M0000188,SRB_M0000175,SRC_M0000084
GM0000250,GT0000067,SRA_M0000189,SRB_M0000176,SRC_M0000085
GM0000251,GT0000067,SRA_M0000190,SRB_M0000177,SRC_M0000086
GM0000252,GT0000067,SRA_M0000191,SRB_M0000178,SRC_M0000087
GM0000253,GT0000067,SRA_M0000192,SRB_M0000179,SRC_M0000088
GM0000254,GT0000068,SRA_M0000193,SRB_M0000180,SRC_M0000089
GM0000255,GT0000068,,SRB_M0000181,SRC_M0000090
GM0000256,GT0000068,SRA_M0000194,SRB_M0000182,SRC_M0000091
GM0000257,GT0000068,,SRB_M0000183,SRC_M0000092
GM0000258,GT0000068,SRA_M0000195,SRB_M0000184,SRC_M0000093
GM0000259,GT0000069,SRA_M0000196,SRB_M0000185,
GM0000260,GT0000069,,SRB_M0000186,
GM0000261,GT0000069,SRA_M0000197,SRB_M0000187,
GM0000262,GT0000069,SRA_M0000198,,
GM0000263,GT0000069,SRA_M0000199,SRB_M0000188,
GM0000264,GT0000070,,SRB_M0000189,
GM0000265,GT0000070,,SRB_M0000190,
GM0000266,GT0000071,SRA_M0000200,SRB_M0000191,
GM0000267,GT0000071,SRA_M0000201,,
GM0000268,GT0000071,SRA_M0000202,SRB_M0000192,
GM0000269,GT0000071,SRA_M0000203,SRB_M0000193,
GM0000270,GT0000071,SRA_M0000204,SRB_M0000194,
GM0000271,GT0000072,SRA_M0000205,SRB_M0000195,
GM0000272,GT0000072,SRA_M0000206,SRB_M0000196,
GM0000273,GT0000073,SRA_M0000207,,SRC_M0000094
GM0000274,GT0000073,SRA_M0000208,SRB_M0000197,
GM0000275,GT0000073,SRA_M0000209,SRB_M0000198,
GM0000276,GT0000074,SRA_M0000210,SRB_M0000199,
GM0000277,GT0000074,SRA_M0000211,SRB_M0000200,
GM0000278,GT0000074,SRA_M0000212,SRB_M0000201,
GM0000279,GT0000074,SRA_M0000213,SRB_M0000202,
GM0000280,GT0000074,SRA_M0000214,SRB_M0000203,
GM0000281,GT0000074,SRA_M0000215,SRB_M0000204,
GM0000282,GT0000075,SRA_M0000216,SRB_M0000205,SRC_M0000095
GM0000283,GT0000075,SRA_M0000217,SRB_M0000206,SRC_M0000096
GM0000284,GT0000075,SRA_M0000218,SRB_M0000207,
GM0000285,GT0000076,,SRB_M0000208,
GM0000286,GT0000076,,SRB_M0000209,SRC_M0000097
GM0000287,GT0000076,,SRB_M0000210,SRC_M0000098
GM0000288,GT0000076,,SRB_M0000211,SRC_M0000099
GM0000289,GT0000076,,SRB_M0000212,SRC_M0000100
GM0000290,GT0000077,,SRB_M0000213,SRC_M0000102
GM0000291,GT0000077,SRA_M0000219,SRB_M0000214,SRC_M0000103
GM0000292,GT0000077,SRA_M0000220,SRB_M0000215,SRC_M0000104
GM0000293,GT0000078,SRA_M0000221,SRB_M0000216,
GM0000294,GT0000078,SRA_M0000222,SRB_M0000217,
GM0000295,GT0000078,SRA_M0000223,SRB_M0000218,
GM0000296,GT0000079,SRA_M0000224,SRB_M0000219,SRC_M0000105
GM0000297,GT0000079,SRA_M0000225,,SRC_M0000106
GM0000298,GT0000079,SRA_M0000226,SRB_M0000220,SRC_M0000107
GM0000299,GT0000079,SRA_M0000227,SRB_M0000221,SRC_M0000108
GM0000300,GT0000079,SRA_M0000228,,SRC_M0000109
GM0000301,GT0000079,SRA_M0000229,,
GM0000302,GT0000080,SRA_M0000230,,
GM0000303,GT0000080,SRA_M0000231,,
GM0000304,GT0000080,SRA_M0000232,,
GM0000305,GT0000080,SRA_M0000233,,
GM0000306,GT0000080,SRA_M0000234,,
GM0000307,GT0000081,,SRB_M0000222,
GM0000308,GT0000081,SRA_M0000235,,
GM0000309,GT0000082,SRA_M0000237,SRB_M0000223,SRC_M0000110
GM0000310,GT0000082,SRA_M0000238,SRB_M0000224,
GM0000311,GT0000082,SRA_M0000239,SRB_M0000225,SRC_M0000111
GM0000312,GT0000082,SRA_M0000240,SRB_M0000226,SRC_M0000112
GM0000313,GT0000083,,,SRC_M0000113
GM0000314,GT0000083,SRA_M0000241,,
GM0000315,GT0000083,SRA_M0000242,,SRC_M0000114
GM0000316,GT0000083,SRA_M0000243,,SRC_M0000115
GM0000317,GT0000083,SRA_M0000244,,
GM0000318,GT0000083,SRA_M0000245,,SRC_M0000116
GM0000319,GT0000084,SRA_M0000246,SRB_M0000227,SRC_M0000117
GM0000320,GT0000084,SRA_M0000247,SRB_M0000228,
GM0000321,GT0000084,SRA_M0000248,SRB_M0000229,SRC_M0000118
GM0000322,GT0000084,SRA_M0000249,SRB_M0000230,SRC_M0000119
GM0000323,GT0000084,SRA_M0000250,SRB_M0000231,
GM0000324,GT0000085,,SRB_M0000233,
GM0000325,GT0000085,,SRB_M0000234,SRC_M0000120
GM0000326,GT0000085,,SRB_M0000235,SRC_M0000121
GM0000327,GT0000085,,SRB_M0000236,
GM0000328,GT0000086,SRA_M0000251,SRB_M0000237,
GM0000329,GT0000086,SRA_M0000252,,SRC_M0000122
GM0000330,GT0000086,SRA_M0000253,,SRC_M0000123
GM0000331,GT0000086,SRA_M0000254,,
GM0000332,GT0000087,,,
GM0000333,GT0000087,SRA_M0000255,,
GM0000334,GT0000087,SRA_M0000256,,
GM0000335,GT0000087,SRA_M0000257,,
GM0000336,GT0000087,SRA_M0000258,,
GM0000337,GT0000088,SRA_M0000259,,SRC_M0000124
GM0000338,GT0000088,SRA_M0000260,,SRC_M0000125
GM0000339,GT0000089,SRA_M0000261,SRB_M0000238,
GM0000340,GT0000089,SRA_M0000262,SRB_M0000239,
GM0000341,GT0000089,SRA_M0000263,SRB_M0000240,
GM0000342,GT0000090,SRA_M0000264,,
GM0000343,GT0000090,SRA_M0000265,SRB_M0000241,
GM0000344,GT0000090,SRA_M0000266,SRB_M0000242,
GM0000345,GT0000090,SRA_M0000267,SRB_M0000243,
GM0000346,GT0000091,SRA_M0000268,SRB_M0000244,SRC_M0000126
GM0000347,GT0000091,SRA_M0000269,SRB_M0000245,SRC_M0000127
GM0000348,GT0000091,SRA_M0000270,SRB_M0000246,
GM0000349,GT0000092,,SRB_M0000247,SRC_M0000128
GM0000350,GT0000092,,SRB_M0000248,
GM0000351,GT0000092,SRA_M0000271,SRB_M0000249,SRC_M0000129
GM0000352,GT0000092,SRA_M0000272,SRB_M0000250,SRC_M0000130
GM0000353,GT0000092,SRA_M0000273,SRB_M0000251,SRC_M0000131
GM0000354,GT0000092,,SRB_M0000252,SRC_M0000132
GM0000355,GT0000093,SRA_M0000274,SRB_M0000253,SRC_M0000133
GM0000356,GT0000093,SRA_M0000275,SRB_M0000254,
GM0000357,GT0000093,SRA_M0000276,SRB_M0000255,
GM0000358,GT0000093,SRA_M0000277,SRB_M0000256,SRC_M0000134
GM0000359,GT0000093,SRA_M0000278,SRB_M0000257,SRC_M0000135
GM0000360,GT0000093,SRA_M0000279,,SRC_M0000136
GM0000361,GT0000094,SRA_M0000280,SRB_M0000258,SRC_M0000138
GM0000362,GT0000094,SRA_M0000281,SRB_M0000259,SRC_M0000139
GM0000363,GT0000094,SRA_M0000282,SRB_M0000260,SRC_M0000140
GM0000364,GT0000094,SRA_M0000283,SRB_M0000261,SRC_M0000141
GM0000365,GT0000094,SRA_M0000284,SRB_M0000262,SRC_M0000142
GM0000366,GT0000094,SRA_M0000285,SRB_M0000263,SRC_M0000143
GM0000367,GT0000095,SRA_M0000286,,
GM0000368,GT0000095,SRA_M0000287,,
GM0000369,GT0000096,SRA_M0000288,,SRC_M0000144
GM0000370,GT0000096,SRA_M0000289,,SRC_M0000145
GM0000371,GT0000097,SRA_M0000290,SRB_M0000264,
GM0000372,GT0000097,SRA_M0000291,SRB_M0000265,
GM0000373,GT0000097,SRA_M0000292,,
GM0000374,GT0000097,SRA_M0000293,SRB_M0000266,
GM0000375,GT0000097,SRA_M0000294,SRB_M0000267,
GM0000376,GT0000098,SRA_M0000295,,
GM0000377,GT0000098,SRA_M0000296,,
GM0000378,GT0000099,,SRB_M0000268,
GM0000379,GT0000099,,,
GM0000380,GT0000099,,SRB_M0000269,
GM0000381,GT0000100,,SRB_M0000270,SRC_M0000146
GM0000382,GT0000100,SRA_M0000297,SRB_M0000271,
GM0000383,GT0000100,SRA_M0000298,SRB_M0000272,SRC_M0000147
GM0000384,GT0000100,SRA_M0000299,SRB_M0000273,
GM0000385,GT0000100,SRA_M0000300,,
GM0000386,GT0000100,SRA_M0000301,SRB_M0000274,SRC_M0000148
GM0000387,GT0000101,SRA_M0000302,,SRC_M0000149
GM0000388,GT0000101,,,
GM0000389,GT0000101,SRA_M0000303,SRB_M0000275,
GM0000390,GT0000101,SRA_M0000304,SRB_M0000276,SRC_M0000150
GM0000391,GT0000101,SRA_M0000305,,SRC_M0000151
GM0000392,GT0000101,SRA_M0000306,SRB_M0000277,SRC_M0000152
GM0000393,GT0000102,SRA_M0000307,SRB_M0000278,
GM0000394,GT0000102,SRA_M0000308,SRB_M0000279,
GM0000395,GT0000102,SRA_M0000309,,
GM0000396,GT0000103,SRA_M0000310,SRB_M0000280,
GM0000397,GT0000103,SRA_M0000311,SRB_M0000281,
GM0000398,GT0000103,SRA_M0000312,SRB_M0000282,
GM0000399,GT0000103,SRA_M0000313,SRB_M0000283,
GM0000400,GT0000103,,SRB_M0000284,
GM0000401,GT0000103,SRA_M0000314,SRB_M0000285,
GM0000402,GT0000104,SRA_M0000315,SRB_M0000286,
GM0000403,GT0000104,,SRB_M0000287,
GM0000404,GT0000104,SRA_M0000316,SRB_M0000288,
GM0000405,GT0000104,SRA_M0000317,SRB_M0000289,
GM0000406,GT0000105,SRA_M0000318,,
GM0000407,GT0000105,,,
GM0000408,GT0000106,,SRB_M0000290,
GM0000409,GT0000106,SRA_M0000319,SRB_M0000291,
GM0000410,GT0000106,,,
GM0000411,GT0000106,SRA_M0000320,SRB_M0000292,
GM0000412,GT0000106,SRA_M0000321,SRB_M0000293,
GM0000413,GT0000106,SRA_M0000322,SRB_M0000294,
GM0000414,GT0000107,,SRB_M0000295,
GM0000415,GT0000107,,SRB_M0000296,
GM0000416,GT0000107,,SRB_M0000297,
GM0000417,GT0000108,SRA_M0000323,SRB_M0000298,
GM0000418,GT0000108,SRA_M0000324,SRB_M0000299,SRC_M0000153
GM0000419,GT0000109,SRA_M0000325,,SRC_M0000154
GM0000420,GT0000109,SRA_M0000326,SRB_M0000300,SRC_M0000155
GM0000421,GT0000109,,,
GM0000422,GT0000110,SRA_M0000327,,
GM0000423,GT0000110,SRA_M0000328,SRB_M0000301,
GM0000424,GT0000111,SRA_M0000329,SRB_M0000302,
GM0000425,GT0000111,SRA_M0000330,,
GM0000426,GT0000111,SRA_M0000331,SRB_M0000303,
GM0000427,GT0000111,SRA_M0000332,SRB_M0000304,
GM0000428,GT0000111,SRA_M0000333,SRB_M0000305,
GM0000429,GT0000112,,,SRC_M0000156
GM0000430,GT0000112,SRA_M0000335,,SRC_M0000157
GM0000431,GT0000113,,SRB_M0000306,SRC_M0000159
GM0000432,GT0000113,,,SRC_M0000160
GM0000433,GT0000113,,SRB_M0000307,SRC_M0000161
GM0000434,GT0000113,,SRB_M0000308,SRC_M0000162
GM0000435,GT0000114,SRA_M0000336,SRB_M0000309,SRC_M0000163
GM0000436,GT0000114,SRA_M0000337,SRB_M0000310,
GM0000437,GT0000114,SRA_M0000338,,
GM0000438,GT0000115,SRA_M0000339,SRB_M0000311,SRC_M0000164
GM0000439,GT0000115,SRA_M0000340,SRB_M0000312,SRC_M0000165
GM0000440,GT0000115,SRA_M0000341,SRB_M0000313,
GM0000441,GT0000115,SRA_M0000342,SRB_M0000314,SRC_M0000166
GM0000442,GT0000116,SRA_M0000343,SRB_M0000315,
GM0000443,GT0000116,SRA_M0000344,SRB_M0000316,
GM0000444,GT0000116,SRA_M0000345,SRB_M0000317,
GM0000445,GT0000116,SRA_M0000346,,
GM0000446,GT0000117,SRA_M0000347,SRB_M0000318,
GM0000447,GT0000117,SRA_M0000348,SRB_M0000319,SRC_M0000167
GM0000448,GT0000117,SRA_M0000349,SRB_M0000320,SRC_M0000168
GM0000449,GT0000117,SRA_M0000350,SRB_M0000321,
GM0000450,GT0000118,SRA_M0000351,SRB_M0000322,
GM0000451,GT0000118,SRA_M0000352,,
GM0000452,GT0000118,SRA_M0000353,,
GM0000453,GT0000118,,SRB_M0000323,
GM0000454,GT0000119,,SRB_M0000324,SRC_M0000169
GM0000455,GT0000119,,SRB_M0000325,SRC_M0000170
GM0000456,GT0000120,SRA_M0000354,SRB_M0000326,
GM0000457,GT0000120,SRA_M0000355,SRB_M0000327,
GM0000458,GT0000120,SRA_M0000356,,
GM0000459,GT0000121,SRA_M0000357,SRB_M0000328,
GM0000460,GT0000121,SRA_M0000358,SRB_M0000329,SRC_M0000171
GM0000461,GT0000121,SRA_M0000359,SRB_M0000330,SRC_M0000172
GM0000462,GT0000121,SRA_M0000360,SRB_M0000331,SRC_M0000173
GM0000463,GT0000121,SRA_M0000361,SRB_M0000332,SRC_M0000174
GM0000464,GT0000121,SRA_M0000362,SRB_M0000333,SRC_M0000175
GM0000465,GT0000122,,,SRC_M0000176
GM0000466,GT0000122,SRA_M0000363,SRB_M0000334,SRC_M0000177
GM0000467,GT0000122,SRA_M0000364,,
GM0000468,GT0000122,SRA_M0000365,SRB_M0000335,SRC_M0000178
GM0000469,GT0000122,SRA_M0000366,SRB_M0000336,
GM0000470,GT0000123,SRA_M0000367,SRB_M0000337,
GM0000471,GT0000123,SRA_M0000368,SRB_M0000338,
GM0000472,GT0000123,SRA_M0000369,SRB_M0000339,
GM0000473,GT0000124,SRA_M0000370,,
GM0000474,GT0000124,SRA_M0000371,SRB_M0000340,
GM0000475,GT0000125,SRA_M0000372,,
GM0000476,GT0000125,SRA_M0000373,,
GM0000477,GT0000125,SRA_M0000374,,
GM0000478,GT0000125,SRA_M0000375,,
GM0000479,GT0000125,SRA_M0000376,,
GM0000480,GT0000126,,SRB_M0000341,SRC_M0000179
GM0000481,GT0000126,SRA_M0000377,SRB_M0000342,SRC_M0000180
GM0000482,GT0000126,SRA_M0000378,SRB_M0000343,SRC_M0000181
GM0000483,GT0000126,SRA_M0000379,SRB_M0000344,
GM0000484,GT0000126,SRA_M0000380,SRB_M0000345,SRC_M0000182
GM0000485,GT0000127,SRA_M0000381,SRB_M0000346,
GM0000486,GT0000127,SRA_M0000382,SRB_M0000347,
GM0000487,GT0000127,SRA_M0000383,SRB_M0000348,
GM0000488,GT0000127,SRA_M0000384,SRB_M0000349,
GM0000489,GT0000128,SRA_M0000385,,
GM0000490,GT0000128,SRA_M0000386,,SRC_M0000183
GM0000491,GT0000128,SRA_M0000387,,
GM0000492,GT0000128,SRA_M0000388,,SRC_M0000184
GM0000493,GT0000128,SRA_M0000389,,SRC_M0000185
GM0000494,GT0000128,,,SRC_M0000186
GM0000495,GT0000129,SRA_M0000390,SRB_M0000351,SRC_M0000187
GM0000496,GT0000129,SRA_M0000391,SRB_M0000352,SRC_M0000188
GM0000497,GT0000129,SRA_M0000392,,SRC_M0000189
GM0000498,GT0000129,SRA_M0000393,SRB_M0000353,SRC_M0000190
GM0000499,GT0000129,SRA_M0000394,SRB_M0000354,SRC_M0000191
GM0000500,GT0000129,SRA_M0000395,SRB_M0000355,
GM0000501,GT0000130,SRA_M0000396,,SRC_M0000192
GM0000502,GT0000130,SRA_M0000397,,SRC_M0000193
GM0000503,GT0000130,SRA_M0000398,,SRC_M0000194
GM0000504,GT0000130,SRA_M0000399,SRB_M0000356,
GM0000505,GT0000131,SRA_M0000400,SRB_M0000357,SRC_M0000195
GM0000506,GT0000131,SRA_M0000401,SRB_M0000358,SRC_M0000196
GM0000507,GT0000131,SRA_M0000402,,SRC_M0000197
GM0000508,GT0000132,SRA_M0000403,SRB_M0000359,SRC_M0000198
GM0000509,GT0000132,SRA_M0000404,SRB_M0000360,
GM0000510,GT0000132,SRA_M0000405,SRB_M0000361,
GM0000511,GT0000132,SRA_M0000406,SRB_M0000362,SRC_M0000199
GM0000512,GT0000132,SRA_M0000407,SRB_M0000363,SRC_M0000200
GM0000513,GT0000133,SRA_M0000408,SRB_M0000364,
GM0000514,GT0000133,SRA_M0000409,SRB_M0000365,
GM0000515,GT0000133,SRA_M0000410,SRB_M0000366,
GM0000516,GT0000133,SRA_M0000411,SRB_M0000367,
GM0000517,GT0000134,SRA_M0000412,SRB_M0000368,SRC_M0000201
GM0000518,GT0000134,SRA_M0000413,SRB_M0000369,
GM0000519,GT0000134,SRA_M0000414,SRB_M0000370,SRC_M0000202
GM0000520,GT0000134,SRA_M0000415,SRB_M0000371,SRC_M0000203
GM0000521,GT0000135,,SRB_M0000372,SRC_M0000204
GM0000522,GT0000135,SRA_M0000416,SRB_M0000373,SRC_M0000205
GM0000523,GT0000135,SRA_M0000417,,SRC_M0000206
GM0000524,GT0000135,SRA_M0000418,SRB_M0000374,SRC_M0000207
GM0000525,GT0000135,SRA_M0000419,SRB_M0000375,SRC_M0000208
GM0000526,GT0000136,SRA_M0000420,,SRC_M0000209
GM0000527,GT0000136,SRA_M0000421,SRB_M0000376,
GM0000528,GT0000137,SRA_M0000422,SRB_M0000378,
GM0000529,GT0000137,SRA_M0000423,SRB_M0000379,
GM0000530,GT0000137,SRA_M0000424,SRB_M0000380,
GM0000531,GT0000137,SRA_M0000425,SRB_M0000381,
GM0000532,GT0000138,SRA_M0000426,SRB_M0000382,SRC_M0000210
GM0000533,GT0000138,SRA_M0000427,SRB_M0000383,SRC_M0000211
GM0000534,GT0000139,SRA_M0000428,SRB_M0000384,SRC_M0000212
GM0000535,GT0000139,SRA_M0000429,SRB_M0000385,SRC_M0000213
GM0000536,GT0000139,SRA_M0000430,SRB_M0000386,
GM0000537,GT0000140,SRA_M0000431,,
GM0000538,GT0000140,SRA_M0000432,,
GM0000539,GT0000140,SRA_M0000433,,
GM0000540,GT0000140,SRA_M0000434,,
GM0000541,GT0000141,SRA_M0000435,SRB_M0000387,
GM0000542,GT0000141,SRA_M0000436,SRB_M0000388,
GM0000543,GT0000141,,SRB_M0000389,
GM0000544,GT0000141,SRA_M0000437,SRB_M0000390,
GM0000545,GT0000141,SRA_M0000438,SRB_M0000391,
GM0000546,GT0000142,SRA_M0000439,SRB_M0000392,
GM0000547,GT0000142,SRA_M0000440,SRB_M0000393,
GM0000548,GT0000142,SRA_M0000441,SRB_M0000394,SRC_M0000214
GM0000549,GT0000142,SRA_M0000442,SRB_M0000395,SRC_M0000215
GM0000550,GT0000142,SRA_M0000443,,SRC_M0000216
GM0000551,GT0000142,SRA_M0000444,SRB_M0000396,SRC_M0000217
GM0000552,GT0000143,SRA_M0000445,,SRC_M0000218
GM0000553,GT0000143,SRA_M0000446,,SRC_M0000219
GM0000554,GT0000143,SRA_M0000447,,SRC_M0000220
GM0000555,GT0000143,SRA_M0000448,,SRC_M0000221
GM0000556,GT0000143,SRA_M0000449,,SRC_M0000222
GM0000557,GT0000144,SRA_M0000450,SRB_M0000397,SRC_M0000223
GM0000558,GT0000144,SRA_M0000451,SRB_M0000398,SRC_M0000224
GM0000559,GT0000144,SRA_M0000452,SRB_M0000399,
GM0000560,GT0000144,,SRB_M0000400,SRC_M0000225
GM0000561,GT0000144,SRA_M0000453,SRB_M0000401,SRC_M0000226
GM0000562,GT0000144,SRA_M0000454,SRB_M0000402,SRC_M0000227
GM0000563,GT0000145,,SRB_M0000403,
GM0000564,GT0000145,,,
GM0000565,GT0000145,,SRB_M0000404,SRC_M0000228
GM0000566,GT0000145,,SRB_M0000405,SRC_M0000229
GM0000567,GT0000145,,SRB_M0000406,
GM0000568,GT0000146,SRA_M0000455,SRB_M0000407,
GM0000569,GT0000146,SRA_M0000456,SRB_M0000408,SRC_M0000230
GM0000570,GT0000146,SRA_M0000457,SRB_M0000409,
GM0000571,GT0000146,SRA_M0000458,,SRC_M0000231
GM0000572,GT0000146,SRA_M0000459,SRB_M0000410,SRC_M0000232
GM0000573,GT0000146,SRA_M0000460,SRB_M0000411,
GM0000574,GT0000147,,,
GM0000575,GT0000147,,SRB_M0000412,SRC_M0000233
GM0000576,GT0000147,,SRB_M0000413,SRC_M0000234
GM0000577,GT0000147,,SRB_M0000414,SRC_M0000235
GM0000578,GT0000147,,SRB_M0000415,SRC_M0000236
GM0000579,GT0000148,,,SRC_M0000237
GM0000580,GT0000148,SRA_M0000461,,SRC_M0000238
GM0000581,GT0000148,,,SRC_M0000239
GM0000582,GT0000148,SRA_M0000462,,SRC_M0000240
GM0000583,GT0000148,SRA_M0000463,,SRC_M0000241
GM0000584,GT0000149,SRA_M0000464,,SRC_M0000242
GM0000585,GT0000149,,,SRC_M0000243
GM0000586,GT0000150,SRA_M0000465,,
GM0000587,GT0000150,SRA_M0000466,,SRC_M0000244
GM0000588,GT0000150,SRA_M0000467,,
GM0000589,GT0000150,SRA_M0000468,,SRC_M0000245
GM0000590,GT0000150,SRA_M0000469,,SRC_M0000246
GM0000591,GT0000151,,SRB_M0000416,
GM0000592,GT0000151,,SRB_M0000417,
GM0000593,GT0000151,,SRB_M0000418,
GM0000594,GT0000151,,,
GM0000595,GT0000151,,,
GM0000596,GT0000151,,SRB_M0000419,
GM0000597,GT0000152,SRA_M0000470,,SRC_M0000247
GM0000598,GT0000152,SRA_M0000471,,SRC_M0000248
GM0000599,GT0000152,SRA_M0000472,,SRC_M0000249
GM0000600,GT0000152,SRA_M0000473,,SRC_M0000250
GM0000601,GT0000152,SRA_M0000474,,SRC_M0000251
GM0000602,GT0000153,SRA_M0000475,SRB_M0000420,SRC_M0000252
GM0000603,GT0000153,SRA_M0000476,SRB_M0000421,SRC_M0000253
GM0000604,GT0000153,,SRB_M0000422,
GM0000605,GT0000153,SRA_M0000477,SRB_M0000423,SRC_M0000254
GM0000606,GT0000153,,SRB_M0000424,
GM0000607,GT0000153,SRA_M0000478,,SRC_M0000255
GM0000608,GT0000154,SRA_M0000479,SRB_M0000425,SRC_M0000256
GM0000609,GT0000154,SRA_M0000480,,SRC_M0000257
GM0000610,GT0000154,SRA_M0000481,SRB_M0000426,
GM0000611,GT0000155,SRA_M0000482,SRB_M0000427,
GM0000612,GT0000155,,SRB_M0000428,
GM0000613,GT0000156,,,
GM0000614,GT0000156,,,
GM0000615,GT0000156,,,
GM0000616,GT0000156,,,
GM0000617,GT0000157,SRA_M0000483,SRB_M0000429,SRC_M0000258
GM0000618,GT0000157,SRA_M0000484,SRB_M0000430,
GM0000619,GT0000158,,,SRC_M0000259
GM0000620,GT0000158,SRA_M0000485,,SRC_M0000260
GM0000621,GT0000158,SRA_M0000486,,
GM0000622,GT0000158,SRA_M0000487,,SRC_M0000261
GM0000623,GT0000159,SRA_M0000488,SRB_M0000431,SRC_M0000262
GM0000624,GT0000159,,SRB_M0000432,SRC_M0000263
GM0000625,GT0000160,SRA_M0000489,,
GM0000626,GT0000160,SRA_M0000490,,SRC_M0000264
GM0000627,GT0000160,SRA_M0000491,,SRC_M0000265
GM0000628,GT0000160,SRA_M0000492,,SRC_M0000266
GM0000629,GT0000160,SRA_M0000493,,SRC_M0000267
GM0000630,GT0000160,SRA_M0000494,,
GM0000631,GT0000161,,SRB_M0000433,
GM0000632,GT0000161,,SRB_M0000434,SRC_M0000268
GM0000633,GT0000161,,SRB_M0000435,SRC_M0000269
GM0000634,GT0000161,,SRB_M0000436,SRC_M0000270
GM0000635,GT0000161,,SRB_M0000437,SRC_M0000271
GM0000636,GT0000162,SRA_M0000495,SRB_M0000438,
GM0000637,GT0000162,SRA_M0000496,SRB_M0000439,
GM0000638,GT0000162,SRA_M0000497,SRB_M0000440,
GM0000639,GT0000162,SRA_M0000498,SRB_M0000441,
GM0000640,GT0000162,SRA_M0000499,SRB_M0000442,
GM0000641,GT0000163,SRA_M0000500,SRB_M0000443,SRC_M0000272
GM0000642,GT0000163,SRA_M0000501,SRB_M0000444,SRC_M0000273
GM0000643,GT0000163,SRA_M0000502,,SRC_M0000274
GM0000644,GT0000163,SRA_M0000503,SRB_M0000445,
GM0000645,GT0000164,SRA_M0000504,,
GM0000646,GT0000164,SRA_M0000505,,SRC_M0000275
GM0000647,GT0000164,SRA_M0000506,SRB_M0000446,SRC_M0000276
GM0000648,GT0000164,SRA_M0000507,SRB_M0000447,SRC_M0000277
GM0000649,GT0000165,SRA_M0000508,SRB_M0000448,SRC_M0000278
GM0000650,GT0000165,SRA_M0000509,SRB_M0000449,SRC_M0000279
GM0000651,GT0000166,SRA_M0000510,SRB_M0000450,
GM0000652,GT0000166,SRA_M0000511,SRB_M0000451,
GM0000653,GT0000166,SRA_M0000512,,
GM0000654,GT0000166,SRA_M0000513,SRB_M0000452,
GM0000655,GT0000166,SRA_M0000514,SRB_M0000453,
GM0000656,GT0000167,SRA_M0000515,,SRC_M0000280
GM0000657,GT0000167,SRA_M0000516,,SRC_M0000281
GM0000658,GT0000167,SRA_M0000517,,SRC_M0000282
GM0000659,GT0000168,SRA_M0000518,,
GM0000660,GT0000168,SRA_M0000519,,
GM0000661,GT0000168,SRA_M0000520,,
GM0000662,GT0000168,SRA_M0000521,,
GM0000663,GT0000168,SRA_M0000522,,
GM0000664,GT0000169,,SRB_M0000455,SRC_M0000283
GM0000665,GT0000169,SRA_M0000523,,SRC_M0000284
GM0000666,GT0000169,SRA_M0000524,SRB_M0000456,SRC_M0000285
GM0000667,GT0000169,SRA_M0000525,SRB_M0000457,SRC_M0000286
GM0000668,GT0000169,SRA_M0000526,,
GM0000669,GT0000169,SRA_M0000527,SRB_M0000458,
GM0000670,GT0000170,SRA_M0000528,,SRC_M0000287
GM0000671,GT0000170,SRA_M0000529,SRB_M0000459,SRC_M0000288
GM0000672,GT0000170,SRA_M0000530,SRB_M0000460,SRC_M0000289
GM0000673,GT0000170,SRA_M0000531,SRB_M0000461,SRC_M0000290
GM0000674,GT0000171,SRA_M0000532,,
GM0000675,GT0000171,SRA_M0000533,,
GM0000676,GT0000171,SRA_M0000534,,
GM0000677,GT0000171,SRA_M0000535,,
GM0000678,GT0000171,SRA_M0000536,,
GM0000679,GT0000172,SRA_M0000537,,
GM0000680,GT0000172,SRA_M0000538,,
GM0000681,GT0000172,SRA_M0000539,,
GM0000682,GT0000172,SRA_M0000540,,
GM0000683,GT0000172,SRA_M0000541,,
GM0000684,GT0000173,SRA_M0000542,,SRC_M0000291
GM0000685,GT0000173,SRA_M0000543,,SRC_M0000292
GM0000686,GT0000173,SRA_M0000544,,SRC_M0000293
GM0000687,GT0000173,SRA_M0000545,,SRC_M0000294
GM0000688,GT0000173,SRA_M0000546,,SRC_M0000295
GM0000689,GT0000173,SRA_M0000547,,SRC_M0000296
GM0000690,GT0000174,SRA_M0000548,SRB_M0000462,
GM0000691,GT0000174,SRA_M0000549,SRB_M0000463,
GM0000692,GT0000174,SRA_M0000550,SRB_M0000464,
GM0000693,GT0000175,,SRB_M0000465,
GM0000694,GT0000175,SRA_M0000551,SRB_M0000466,
GM0000695,GT0000176,SRA_M0000552,SRB_M0000467,
GM0000696,GT0000176,SRA_M0000553,SRB_M0000468,
GM0000697,GT0000176,SRA_M0000554,SRB_M0000469,
GM0000698,GT0000176,SRA_M0000555,SRB_M0000470,
GM0000699,GT0000176,SRA_M0000556,SRB_M0000471,
GM0000700,GT0000176,SRA_M0000557,SRB_M0000472,
GM0000701,GT0000177,SRA_M0000558,SRB_M0000473,SRC_M0000297
GM0000702,GT0000177,SRA_M0000559,SRB_M0000474,SRC_M0000298
GM0000703,GT0000178,SRA_M0000560,SRB_M0000475,SRC_M0000299
GM0000704,GT0000178,SRA_M0000561,SRB_M0000476,SRC_M0000300
GM0000705,GT0000178,SRA_M0000562,SRB_M0000477,
GM0000706,GT0000178,SRA_M0000563,SRB_M0000478,
GM0000707,GT0000178,SRA_M0000564,SRB_M0000479,SRC_M0000301
GM0000708,GT0000179,SRA_M0000565,SRB_M0000481,
GM0000709,GT0000179,SRA_M0000566,SRB_M0000482,
GM0000710,GT0000179,SRA_M0000567,SRB_M0000483,SRC_M0000302
GM0000711,GT0000179,SRA_M0000568,SRB_M0000484,SRC_M0000303
GM0000712,GT0000179,SRA_M0000569,SRB_M0000485,SRC_M0000304
GM0000713,GT0000180,SRA_M0000570,,
GM0000714,GT0000180,SRA_M0000571,,
GM0000715,GT0000180,SRA_M0000572,,
GM0000716,GT0000181,,SRB_M0000486,
GM0000717,GT0000181,,,
GM0000718,GT0000181,SRA_M0000573,SRB_M0000487,
GM0000719,GT0000181,SRA_M0000574,SRB_M0000488,
GM0000720,GT0000181,,SRB_M0000489,
GM0000721,GT0000182,,,
GM0000722,GT0000182,SRA_M0000575,,
GM0000723,GT0000182,,,
GM0000724,GT0000182,SRA_M0000576,,
GM0000725,GT0000183,SRA_M0000577,SRB_M0000490,
GM0000726,GT0000183,,SRB_M0000491,
GM0000727,GT0000183,SRA_M0000578,SRB_M0000492,
GM0000728,GT0000183,,SRB_M0000493,
GM0000729,GT0000184,SRA_M0000579,SRB_M0000494,SRC_M0000305
GM0000730,GT0000184,,SRB_M0000495,SRC_M0000306
GM0000731,GT0000184,SRA_M0000580,SRB_M0000496,
GM0000732,GT0000184,SRA_M0000581,,SRC_M0000307
GM0000733,GT0000184,SRA_M0000582,,SRC_M0000308
GM0000734,GT0000184,SRA_M0000583,,
GM0000735,GT0000185,SRA_M0000584,SRB_M0000497,
GM0000736,GT0000185,SRA_M0000585,SRB_M0000498,
GM0000737,GT0000185,SRA_M0000586,,
GM0000738,GT0000185,SRA_M0000587,SRB_M0000499,
GM0000739,GT0000186,SRA_M0000588,,SRC_M0000309
GM0000740,GT0000186,SRA_M0000589,SRB_M0000500,SRC_M0000310
GM0000741,GT0000187,,SRB_M0000501,
GM0000742,GT0000187,,SRB_M0000502,
GM0000743,GT0000187,,SRB_M0000503,
GM0000744,GT0000188,,SRB_M0000504,SRC_M0000311
GM0000745,GT0000188,,SRB_M0000505,
GM0000746,GT0000188,,SRB_M0000506,SRC_M0000312
GM0000747,GT0000188,,SRB_M0000507,SRC_M0000313
GM0000748,GT0000189,SRA_M0000590,SRB_M0000508,SRC_M0000314
GM0000749,GT0000189,SRA_M0000591,,
GM0000750,GT0000189,,SRB_M0000509,
GM0000751,GT0000190,SRA_M0000592,SRB_M0000510,
GM0000752,GT0000190,SRA_M0000593,SRB_M0000511,
GM0000753,GT0000191,SRA_M0000594,SRB_M0000512,
GM0000754,GT0000191,SRA_M0000595,SRB_M0000513,SRC_M0000315
GM0000755,GT0000191,SRA_M0000596,SRB_M0000514,SRC_M0000316
GM0000756,GT0000192,,SRB_M0000515,
GM0000757,GT0000192,,SRB_M0000516,
GM0000758,GT0000192,,SRB_M0000517,
GM0000759,GT0000192,,SRB_M0000518,
GM0000760,GT0000192,,SRB_M0000519,
GM0000761,GT0000193,SRA_M0000597,,
GM0000762,GT0000193,SRA_M0000598,SRB_M0000520,
GM0000763,GT0000193,SRA_M0000599,,
GM0000764,GT0000194,SRA_M0000600,,
GM0000765,GT0000194,SRA_M0000601,,SRC_M0000317
GM0000766,GT0000194,SRA_M0000602,,
GM0000767,GT0000194,SRA_M0000603,,SRC_M0000318
GM0000768,GT0000194,SRA_M0000604,,SRC_M0000319
GM0000769,GT0000194,SRA_M0000605,,SRC_M0000320
GM0000770,GT0000195,SRA_M0000606,SRB_M0000521,SRC_M0000321
GM0000771,GT0000195,SRA_M0000607,SRB_M0000522,SRC_M0000322
GM0000772,GT0000195,SRA_M0000608,,SRC_M0000323
GM0000773,GT0000195,SRA_M0000609,SRB_M0000523,
GM0000774,GT0000196,SRA_M0000610,SRB_M0000524,SRC_M0000324
GM0000775,GT0000196,SRA_M0000611,SRB_M0000525,SRC_M0000325
GM0000776,GT0000196,SRA_M0000612,,SRC_M0000326
GM0000777,GT0000197,SRA_M0000614,SRB_M0000526,SRC_M0000327
GM0000778,GT0000197,SRA_M0000615,,SRC_M0000328
GM0000779,GT0000197,SRA_M0000616,SRB_M0000527,
GM0000780,GT0000198,SRA_M0000617,,
GM0000781,GT0000198,SRA_M0000618,,
GM0000782,GT0000198,,SRB_M0000528,
GM0000783,GT0000199,SRA_M0000619,SRB_M0000529,SRC_M0000329
GM0000784,GT0000199,SRA_M0000620,SRB_M0000530,SRC_M0000330
GM0000785,GT0000199,SRA_M0000621,SRB_M0000531,
GM0000786,GT0000200,,,
GM0000787,GT0000200,SRA_M0000622,,
GM0000788,GT0000200,SRA_M0000623,,
GM0000789,GT0000200,,,
GM0000790,GT0000200,SRA_M0000624,,
GM0000791,GT0000200,SRA_M0000625,,
GM0000792,GT0000201,SRA_M0000626,SRB_M0000533,SRC_M0000331
GM0000793,GT0000201,SRA_M0000627,,SRC_M0000332
GM0000794,GT0000201,SRA_M0000628,,
GM0000795,GT0000202,SRA_M0000629,,
GM0000796,GT0000202,SRA_M0000630,SRB_M0000534,
GM0000797,GT0000202,SRA_M0000631,SRB_M0000535,
GM0000798,GT0000202,,SRB_M0000536,
GM0000799,GT0000202,SRA_M0000632,SRB_M0000537,
GM0000800,GT0000202,SRA_M0000633,SRB_M0000538,
GM0000801,GT0000203,SRA_M0000634,SRB_M0000539,
GM0000802,GT0000203,SRA_M0000635,SRB_M0000540,SRC_M0000333
GM0000803,GT0000203,SRA_M0000636,,SRC_M0000334
GM0000804,GT0000203,,SRB_M0000541,
GM0000805,GT0000204,SRA_M0000637,SRB_M0000542,SRC_M0000335
GM0000806,GT0000204,,SRB_M0000543,
GM0000807,GT0000204,SRA_M0000638,,SRC_M0000336
GM0000808,GT0000204,SRA_M0000639,,SRC_M0000337
GM0000809,GT0000204,SRA_M0000640,,SRC_M0000338
GM0000810,GT0000204,SRA_M0000641,SRB_M0000544,
GM0000811,GT0000205,SRA_M0000642,,
GM0000812,GT0000205,SRA_M0000643,,
GM0000813,GT0000205,SRA_M0000644,,
GM0000814,GT0000206,,SRB_M0000545,
GM0000815,GT0000206,,SRB_M0000546,
GM0000816,GT0000207,SRA_M0000645,,
GM0000817,GT0000207,SRA_M0000646,SRB_M0000547,
GM0000818,GT0000207,SRA_M0000647,SRB_M0000548,
GM0000819,GT0000207,SRA_M0000648,SRB_M0000549,
GM0000820,GT0000208,SRA_M0000649,,
GM0000821,GT0000208,SRA_M0000650,SRB_M0000550,
GM0000822,GT0000209,SRA_M0000652,SRB_M0000551,SRC_M0000339
GM0000823,GT0000209,SRA_M0000653,SRB_M0000552,
GM0000824,GT0000209,SRA_M0000654,SRB_M0000553,SRC_M0000340
GM0000825,GT0000210,SRA_M0000655,SRB_M0000554,SRC_M0000341
GM0000826,GT0000210,SRA_M0000656,,
GM0000827,GT0000210,SRA_M0000657,SRB_M0000555,SRC_M0000342
GM0000828,GT0000210,SRA_M0000658,SRB_M0000556,SRC_M0000343
GM0000829,GT0000210,SRA_M0000659,SRB_M0000557,SRC_M0000344
GM0000830,GT0000211,SRA_M0000660,SRB_M0000558,
GM0000831,GT0000211,SRA_M0000661,,SRC_M0000345
GM0000832,GT0000211,SRA_M0000662,SRB_M0000559,SRC_M0000346
GM0000833,GT0000212,SRA_M0000664,SRB_M0000560,SRC_M0000347
GM0000834,GT0000212,SRA_M0000665,SRB_M0000561,SRC_M0000348
GM0000835,GT0000212,SRA_M0000666,SRB_M0000562,SRC_M0000349
GM0000836,GT0000213,SRA_M0000667,SRB_M0000563,
GM0000837,GT0000213,SRA_M0000668,SRB_M0000564,
GM0000838,GT0000213,SRA_M0000669,,
GM0000839,GT0000213,SRA_M0000670,SRB_M0000565,
GM0000840,GT0000214,SRA_M0000671,SRB_M0000566,
GM0000841,GT0000214,SRA_M0000672,SRB_M0000567,
GM0000842,GT0000214,SRA_M0000673,SRB_M0000568,
GM0000843,GT0000215,SRA_M0000674,SRB_M0000569,SRC_M0000350
GM0000844,GT0000215,SRA_M0000675,,
GM0000845,GT0000215,SRA_M0000676,SRB_M0000570,SRC_M0000351
GM0000846,GT0000215,SRA_M0000677,,SRC_M0000352
GM0000847,GT0000216,,,
GM0000848,GT0000216,,SRB_M0000571,
GM0000849,GT0000216,,SRB_M0000572,
GM0000850,GT0000217,SRA_M0000678,SRB_M0000573,
GM0000851,GT0000217,SRA_M0000679,SRB_M0000574,
GM0000852,GT0000217,SRA_M0000680,SRB_M0000575,
GM0000853,GT0000218,SRA_M0000681,,
GM0000854,GT0000218,,SRB_M0000576,
GM0000855,GT0000218,SRA_M0000682,,
GM0000856,GT0000219,SRA_M0000683,,SRC_M0000353
GM0000857,GT0000219,SRA_M0000684,,SRC_M0000354
GM0000858,GT0000219,SRA_M0000685,,
GM0000859,GT0000219,SRA_M0000686,,SRC_M0000355
GM0000860,GT0000220,SRA_M0000687,SRB_M0000577,
GM0000861,GT0000220,SRA_M0000688,SRB_M0000578,SRC_M0000356
GM0000862,GT0000220,SRA_M0000689,SRB_M0000579,SRC_M0000357
GM0000863,GT0000220,SRA_M0000690,SRB_M0000580,SRC_M0000358
GM0000864,GT0000221,SRA_M0000691,SRB_M0000581,
GM0000865,GT0000221,SRA_M0000692,SRB_M0000582,
GM0000866,GT0000221,SRA_M0000693,SRB_M0000583,SRC_M0000359
GM0000867,GT0000221,SRA_M0000694,SRB_M0000584,SRC_M0000360
GM0000868,GT0000221,SRA_M0000695,,
GM0000869,GT0000221,SRA_M0000696,SRB_M0000585,SRC_M0000361
GM0000870,GT0000222,SRA_M0000697,SRB_M0000586,
GM0000871,GT0000222,SRA_M0000698,SRB_M0000587,
GM0000872,GT0000222,SRA_M0000699,SRB_M0000588,
GM0000873,GT0000223,SRA_M0000700,SRB_M0000590,
GM0000874,GT0000223,SRA_M0000701,SRB_M0000591,
GM0000875,GT0000223,SRA_M0000702,SRB_M0000592,
GM0000876,GT0000223,SRA_M0000703,SRB_M0000593,
GM0000877,GT0000223,SRA_M0000704,,
GM0000878,GT0000224,,SRB_M0000594,SRC_M0000362
GM0000879,GT0000224,SRA_M0000705,SRB_M0000595,SRC_M0000363
GM0000880,GT0000225,SRA_M0000706,SRB_M0000596,
GM0000881,GT0000225,SRA_M0000707,SRB_M0000597,
GM0000882,GT0000225,SRA_M0000708,SRB_M0000598,
GM0000883,GT0000226,,SRB_M0000599,
GM0000884,GT0000226,SRA_M0000710,,
GM0000885,GT0000227,SRA_M0000711,SRB_M0000600,
GM0000886,GT0000227,,SRB_M0000601,
GM0000887,GT0000227,,SRB_M0000602,
GM0000888,GT0000227,SRA_M0000712,SRB_M0000603,
GM0000889,GT0000227,SRA_M0000713,SRB_M0000604,
GM0000890,GT0000227,SRA_M0000714,SRB_M0000605,
GM0000891,GT0000228,SRA_M0000715,SRB_M0000606,
GM0000892,GT0000228,,SRB_M0000607,
GM0000893,GT0000228,SRA_M0000716,SRB_M0000608,
GM0000894,GT0000228,SRA_M0000717,,
GM0000895,GT0000228,SRA_M0000718,SRB_M0000609,
GM0000896,GT0000229,SRA_M0000719,SRB_M0000610,
GM0000897,GT0000229,,,
GM0000898,GT0000229,SRA_M0000720,SRB_M0000611,
GM0000899,GT0000229,SRA_M0000721,,
GM0000900,GT0000230,SRA_M0000722,SRB_M0000612,
GM0000901,GT0000230,SRA_M0000723,SRB_M0000613,
GM0000902,GT0000230,SRA_M0000724,SRB_M0000614,
GM0000903,GT0000231,SRA_M0000725,SRB_M0000615,
GM0000904,GT0000231,SRA_M0000726,SRB_M0000616,
GM0000905,GT0000231,SRA_M0000727,SRB_M0000617,
GM0000906,GT0000231,SRA_M0000728,SRB_M0000618,
GM0000907,GT0000231,,,
GM0000908,GT0000232,SRA_M0000729,,
GM0000909,GT0000232,SRA_M0000730,,
GM0000910,GT0000232,,,SRC_M0000364
GM0000911,GT0000232,SRA_M0000731,,SRC_M0000365
GM0000912,GT0000233,SRA_M0000732,SRB_M0000619,SRC_M0000367
GM0000913,GT0000233,,SRB_M0000620,
GM0000914,GT0000233,SRA_M0000733,SRB_M0000621,
GM0000915,GT0000233,,SRB_M0000622,SRC_M0000368
GM0000916,GT0000233,SRA_M0000734,SRB_M0000623,
GM0000917,GT0000233,SRA_M0000735,,SRC_M0000369
GM0000918,GT0000234,,SRB_M0000624,
GM0000919,GT0000234,SRA_M0000736,,
GM0000920,GT0000235,SRA_M0000737,SRB_M0000626,
GM0000921,GT0000235,SRA_M0000738,SRB_M0000627,
GM0000922,GT0000235,SRA_M0000739,SRB_M0000628,
GM0000923,GT0000235,SRA_M0000740,SRB_M0000629,
GM0000924,GT0000235,SRA_M0000741,SRB_M0000630,
GM0000925,GT0000236,,,
GM0000926,GT0000236,SRA_M0000742,,
GM0000927,GT0000237,SRA_M0000743,,
GM0000928,GT0000237,SRA_M0000744,,
GM0000929,GT0000237,SRA_M0000745,SRB_M0000632,
GM0000930,GT0000237,SRA_M0000746,,
GM0000931,GT0000238,SRA_M0000747,SRB_M0000633,
GM0000932,GT0000238,,SRB_M0000634,
GM0000933,GT0000238,SRA_M0000748,SRB_M0000635,
GM0000934,GT0000238,SRA_M0000749,SRB_M0000636,
GM0000935,GT0000239,SRA_M0000750,SRB_M0000637,
GM0000936,GT0000239,SRA_M0000751,SRB_M0000638,SRC_M0000370
GM0000937,GT0000239,SRA_M0000752,SRB_M0000639,SRC_M0000371
GM0000938,GT0000239,SRA_M0000753,SRB_M0000640,SRC_M0000372
GM0000939,GT0000239,SRA_M0000754,SRB_M0000641,
GM0000940,GT0000240,SRA_M0000755,SRB_M0000642,SRC_M0000373
GM0000941,GT0000240,,SRB_M0000643,
GM0000942,GT0000241,SRA_M0000756,,
GM0000943,GT0000241,SRA_M0000757,SRB_M0000644,
GM0000944,GT0000241,,SRB_M0000645,
GM0000945,GT0000241,SRA_M0000758,SRB_M0000646,
GM0000946,GT0000242,SRA_M0000759,SRB_M0000647,
GM0000947,GT0000242,SRA_M0000760,SRB_M0000648,SRC_M0000374
GM0000948,GT0000242,SRA_M0000761,SRB_M0000649,
GM0000949,GT0000242,SRA_M0000762,SRB_M0000650,
GM0000950,GT0000242,SRA_M0000763,SRB_M0000651,
GM0000951,GT0000243,SRA_M0000764,,
GM0000952,GT0000243,SRA_M0000765,,
GM0000953,GT0000243,SRA_M0000766,,
GM0000954,GT0000244,SRA_M0000767,,
GM0000955,GT0000244,SRA_M0000768,,
GM0000956,GT0000245,,,
GM0000957,GT0000245,,,
GM0000958,GT0000245,,,
GM0000959,GT0000245,,,
GM0000960,GT0000245,,,
GM0000961,GT0000246,SRA_M0000769,SRB_M0000652,
GM0000962,GT0000246,SRA_M0000770,,
GM0000963,GT0000246,SRA_M0000771,,
GM0000964,GT0000246,SRA_M0000772,,
GM0000965,GT0000247,SRA_M0000773,SRB_M0000653,SRC_M0000375
GM0000966,GT0000247,SRA_M0000774,SRB_M0000654,SRC_M0000376
GM0000967,GT0000247,SRA_M0000775,SRB_M0000655,SRC_M0000377
GM0000968,GT0000247,SRA_M0000776,SRB_M0000656,SRC_M0000378
GM0000969,GT0000248,,,
GM0000970,GT0000248,,,
GM0000971,GT0000248,,SRB_M0000657,
GM0000972,GT0000248,,SRB_M0000658,
GM0000973,GT0000249,,SRB_M0000659,
GM0000974,GT0000249,SRA_M0000777,SRB_M0000660,SRC_M0000379
GM0000975,GT0000249,SRA_M0000778,SRB_M0000661,
GM0000976,GT0000249,SRA_M0000779,SRB_M0000662,SRC_M0000380
GM0000977,GT0000250,SRA_M0000780,SRB_M0000663,SRC_M0000381
GM0000978,GT0000250,SRA_M0000781,,SRC_M0000382
GM0000979,GT0000250,SRA_M0000782,,
GM0000980,GT0000250,SRA_M0000783,SRB_M0000664,SRC_M0000383
GM0000981,GT0000250,SRA_M0000784,SRB_M0000665,SRC_M0000384
GM0000982,GT0000251,SRA_M0000785,,
GM0000983,GT0000251,SRA_M0000786,,SRC_M0000385
GM0000984,GT0000251,SRA_M0000787,SRB_M0000666,SRC_M0000386
GM0000985,GT0000252,,SRB_M0000667,
GM0000986,GT0000252,SRA_M0000788,SRB_M0000668,SRC_M0000387
GM0000987,GT0000253,SRA_M0000789,,
GM0000988,GT0000253,SRA_M0000790,,
GM0000989,GT0000253,SRA_M0000791,,
GM0000990,GT0000253,SRA_M0000792,,
GM0000991,GT0000253,,,
GM0000992,GT0000253,SRA_M0000793,,
GM0000993,GT0000254,SRA_M0000794,,
GM0000994,GT0000254,SRA_M0000795,,SRC_M0000388
GM0000995,GT0000255,SRA_M0000796,,
GM0000996,GT0000255,SRA_M0000797,SRB_M0000669,
GM0000997,GT0000255,SRA_M0000798,,SRC_M0000389
GM0000998,GT0000256,SRA_M0000799,,
GM0000999,GT0000256,SRA_M0000800,,
GM0001000,GT0000256,SRA_M0000801,,
GM0001001,GT0000256,SRA_M0000802,,
GM0001002,GT0000256,SRA_M0000803,,
GM0001003,GT0000256,SRA_M0000804,,
GM0001004,GT0000257,SRA_M0000805,,SRC_M0000390
GM0001005,GT0000257,SRA_M0000806,,SRC_M0000391
GM0001006,GT0000258,,SRB_M0000670,
GM0001007,GT0000258,SRA_M0000807,,
GM0001008,GT0000258,SRA_M0000808,SRB_M0000671,
GM0001009,GT0000258,SRA_M0000809,SRB_M0000672,
GM0001010,GT0000258,SRA_M0000810,SRB_M0000673,
GM0001011,GT0000259,SRA_M0000811,,SRC_M0000392
GM0001012,GT0000259,SRA_M0000812,,SRC_M0000393
GM0001013,GT0000259,,,
GM0001014,GT0000259,SRA_M0000813,,SRC_M0000394
GM0001015,GT0000259,,,SRC_M0000395
GM0001016,GT0000260,SRA_M0000814,,SRC_M0000396
GM0001017,GT0000260,,SRB_M0000674,SRC_M0000397
GM0001018,GT0000260,SRA_M0000815,SRB_M0000675,SRC_M0000398
GM0001019,GT0000260,SRA_M0000816,SRB_M0000676,
GM0001020,GT0000260,SRA_M0000817,,SRC_M0000399
GM0001021,GT0000261,SRA_M0000819,,
GM0001022,GT0000261,SRA_M0000820,,
GM0001023,GT0000261,SRA_M0000821,,
GM0001024,GT0000262,,SRB_M0000677,
GM0001025,GT0000262,,SRB_M0000678,
GM0001026,GT0000262,,SRB_M0000679,
GM0001027,GT0000262,,SRB_M0000680,
GM0001028,GT0000262,,SRB_M0000681,
GM0001029,GT0000263,SRA_M0000822,SRB_M0000682,SRC_M0000400
GM0001030,GT0000263,SRA_M0000823,SRB_M0000683,SRC_M0000401
GM0001031,GT0000263,SRA_M0000824,SRB_M0000684,SRC_M0000402
GM0001032,GT0000263,SRA_M0000825,SRB_M0000685,SRC_M0000403
GM0001033,GT0000264,SRA_M0000826,,
GM0001034,GT0000264,SRA_M0000827,SRB_M0000686,
GM0001035,GT0000264,SRA_M0000828,SRB_M0000687,
GM0001036,GT0000264,SRA_M0000829,SRB_M0000688,
GM0001037,GT0000264,SRA_M0000830,SRB_M0000689,
GM0001038,GT0000264,SRA_M0000831,SRB_M0000690,
GM0001039,GT0000265,SRA_M0000832,SRB_M0000691,
GM0001040,GT0000265,SRA_M0000833,SRB_M0000692,
GM0001041,GT0000265,SRA_M0000834,SRB_M0000693,
GM0001042,GT0000265,SRA_M0000835,SRB_M0000694,
GM0001043,GT0000265,SRA_M0000836,SRB_M0000695,
GM0001044,GT0000265,SRA_M0000837,SRB_M0000696,
GM0001045,GT0000266,SRA_M0000838,SRB_M0000697,SRC_M0000404
GM0001046,GT0000266,SRA_M0000839,SRB_M0000698,SRC_M0000405
GM0001047,GT0000267,SRA_M0000840,SRB_M0000699,
GM0001048,GT0000267,SRA_M0000841,,
GM0001049,GT0000268,SRA_M0000842,,
GM0001050,GT0000268,SRA_M0000843,SRB_M0000700,
GM0001051,GT0000268,SRA_M0000844,SRB_M0000701,
GM0001052,GT0000269,SRA_M0000845,SRB_M0000702,
GM0001053,GT0000269,SRA_M0000846,SRB_M0000703,SRC_M0000406
GM0001054,GT0000270,SRA_M0000847,,
GM0001055,GT0000270,SRA_M0000848,SRB_M0000704,SRC_M0000407
GM0001056,GT0000270,SRA_M0000849,,
GM0001057,GT0000271,SRA_M0000850,,SRC_M0000408
GM0001058,GT0000271,SRA_M0000851,SRB_M0000705,SRC_M0000409
GM0001059,GT0000271,,SRB_M0000706,SRC_M0000410
GM0001060,GT0000271,SRA_M0000852,,SRC_M0000411
GM0001061,GT0000271,SRA_M0000853,SRB_M0000707,SRC_M0000412
GM0001062,GT0000271,SRA_M0000854,SRB_M0000708,SRC_M0000413
GM0001063,GT0000272,SRA_M0000855,,
GM0001064,GT0000272,SRA_M0000856,SRB_M0000709,
GM0001065,GT0000272,SRA_M0000857,SRB_M0000710,
GM0001066,GT0000272,SRA_M0000858,SRB_M0000711,
GM0001067,GT0000272,SRA_M0000859,SRB_M0000712,
GM0001068,GT0000273,SRA_M0000860,,
GM0001069,GT0000273,SRA_M0000861,,
GM0001070,GT0000273,SRA_M0000862,,SRC_M0000414
GM0001071,GT0000273,SRA_M0000863,,
GM0001072,GT0000273,SRA_M0000864,,SRC_M0000415
GM0001073,GT0000273,SRA_M0000865,,SRC_M0000416
GM0001074,GT0000274,SRA_M0000866,SRB_M0000713,SRC_M0000417
GM0001075,GT0000274,SRA_M0000867,SRB_M0000714,SRC_M0000418
GM0001076,GT0000274,SRA_M0000868,SRB_M0000715,SRC_M0000419
GM0001077,GT0000274,SRA_M0000869,SRB_M0000716,SRC_M0000420
GM0001078,GT0000275,SRA_M0000870,,SRC_M0000421
GM0001079,GT0000275,SRA_M0000871,,SRC_M0000422
GM0001080,GT0000275,SRA_M0000872,,SRC_M0000423
GM0001081,GT0000276,,SRB_M0000717,SRC_M0000424
GM0001082,GT0000276,,SRB_M0000718,SRC_M0000425
GM0001083,GT0000277,SRA_M0000874,SRB_M0000719,
GM0001084,GT0000277,SRA_M0000875,SRB_M0000720,
GM0001085,GT0000277,SRA_M0000876,,
GM0001086,GT0000277,SRA_M0000877,SRB_M0000721,
GM0001087,GT0000278,SRA_M0000878,,
GM0001088,GT0000278,SRA_M0000879,SRB_M0000722,SRC_M0000426
GM0001089,GT0000278,SRA_M0000880,,SRC_M0000427
GM0001090,GT0000279,,SRB_M0000723,
GM0001091,GT0000279,SRA_M0000881,,
GM0001092,GT0000279,SRA_M0000882,SRB_M0000724,SRC_M0000428
GM0001093,GT0000279,SRA_M0000883,SRB_M0000725,SRC_M0000429
GM0001094,GT0000280,SRA_M0000884,SRB_M0000726,SRC_M0000430
GM0001095,GT0000280,SRA_M0000885,SRB_M0000727,SRC_M0000431
GM0001096,GT0000280,SRA_M0000886,SRB_M0000728,SRC_M0000432
GM0001097,GT0000280,SRA_M0000887,SRB_M0000729,
GM0001098,GT0000281,SRA_M0000888,,SRC_M0000433
GM0001099,GT0000281,SRA_M0000889,SRB_M0000730,SRC_M0000434
GM0001100,GT0000281,SRA_M0000890,SRB_M0000731,SRC_M0000435
GM0001101,GT0000281,SRA_M0000891,SRB_M0000732,SRC_M0000436
GM0001102,GT0000281,SRA_M0000892,SRB_M0000733,SRC_M0000437
GM0001103,GT0000281,SRA_M0000893,SRB_M0000734,SRC_M0000438
GM0001104,GT0000282,,SRB_M0000735,SRC_M0000440
GM0001105,GT0000282,,SRB_M0000736,
GM0001106,GT0000283,SRA_M0000894,SRB_M0000737,
GM0001107,GT0000283,SRA_M0000895,SRB_M0000738,
GM0001108,GT0000283,SRA_M0000896,,
GM0001109,GT0000284,SRA_M0000897,,
GM0001110,GT0000284,SRA_M0000898,,
GM0001111,GT0000284,SRA_M0000899,,
GM0001112,GT0000284,SRA_M0000900,,
GM0001113,GT0000284,SRA_M0000901,,
GM0001114,GT0000285,SRA_M0000902,SRB_M0000739,
GM0001115,GT0000285,SRA_M0000903,SRB_M0000740,
GM0001116,GT0000285,SRA_M0000904,SRB_M0000741,
GM0001117,GT0000285,,SRB_M0000742,
GM0001118,GT0000285,SRA_M0000905,SRB_M0000743,
GM0001119,GT0000285,SRA_M0000906,SRB_M0000744,
GM0001120,GT0000286,SRA_M0000907,SRB_M0000745,SRC_M0000441
GM0001121,GT0000286,SRA_M0000908,SRB_M0000746,SRC_M0000442
GM0001122,GT0000286,SRA_M0000909,SRB_M0000747,
GM0001123,GT0000286,SRA_M0000910,,SRC_M0000443
GM0001124,GT0000286,SRA_M0000911,SRB_M0000748,SRC_M0000444
GM0001125,GT0000286,SRA_M0000912,SRB_M0000749,SRC_M0000445
GM0001126,GT0000287,SRA_M0000913,,SRC_M0000446
GM0001127,GT0000287,SRA_M0000914,,
GM0001128,GT0000288,SRA_M0000915,,
GM0001129,GT0000288,SRA_M0000916,SRB_M0000750,
GM0001130,GT0000288,SRA_M0000917,SRB_M0000751,
GM0001131,GT0000289,SRA_M0000918,SRB_M0000752,SRC_M0000447
GM0001132,GT0000289,SRA_M0000919,,
GM0001133,GT0000289,SRA_M0000920,SRB_M0000753,SRC_M0000448
GM0001134,GT0000290,SRA_M0000921,SRB_M0000754,SRC_M0000449
GM0001135,GT0000290,,SRB_M0000755,SRC_M0000450
GM0001136,GT0000290,SRA_M0000922,SRB_M0000756,SRC_M0000451
GM0001137,GT0000290,SRA_M0000923,,SRC_M0000452
GM0001138,GT0000291,SRA_M0000924,SRB_M0000757,
GM0001139,GT0000291,SRA_M0000925,SRB_M0000758,SRC_M0000453
GM0001140,GT0000291,SRA_M0000926,SRB_M0000759,SRC_M0000454
GM0001141,GT0000291,SRA_M0000927,SRB_M0000760,SRC_M0000455
GM0001142,GT0000292,SRA_M0000928,,SRC_M0000456
GM0001143,GT0000292,SRA_M0000929,,SRC_M0000457
GM0001144,GT0000292,SRA_M0000930,,SRC_M0000458
GM0001145,GT0000293,SRA_M0000931,SRB_M0000761,
GM0001146,GT0000293,SRA_M0000932,SRB_M0000762,
GM0001147,GT0000294,SRA_M0000933,SRB_M0000763,
GM0001148,GT0000294,SRA_M0000934,SRB_M0000764,
GM0001149,GT0000294,SRA_M0000935,SRB_M0000765,
GM0001150,GT0000294,SRA_M0000936,SRB_M0000766,
GM0001151,GT0000294,SRA_M0000937,SRB_M0000767,
GM0001152,GT0000295,SRA_M0000938,SRB_M0000768,SRC_M0000459
GM0001153,GT0000295,SRA_M0000939,,SRC_M0000460
GM0001154,GT0000295,SRA_M0000940,SRB_M0000769,SRC_M0000461
GM0001155,GT0000295,SRA_M0000941,SRB_M0000770,
GM0001156,GT0000295,SRA_M0000942,,SRC_M0000462
GM0001157,GT0000295,SRA_M0000943,SRB_M0000771,
GM0001158,GT0000296,,SRB_M0000772,
GM0001159,GT0000296,,SRB_M0000773,SRC_M0000463
GM0001160,GT0000296,,SRB_M0000774,
GM0001161,GT0000297,SRA_M0000944,SRB_M0000775,
GM0001162,GT0000297,SRA_M0000945,SRB_M0000776,
GM0001163,GT0000297,SRA_M0000946,SRB_M0000777,
GM0001164,GT0000297,SRA_M0000947,SRB_M0000778,
GM0001165,GT0000298,SRA_M0000948,,
GM0001166,GT0000298,,,
GM0001167,GT0000298,,,
GM0001168,GT0000299,,SRB_M0000779,
GM0001169,GT0000299,,SRB_M0000780,
GM0001170,GT0000299,,SRB_M0000781,
GM0001171,GT0000300,SRA_M0000949,SRB_M0000782,SRC_M0000464
GM0001172,GT0000300,SRA_M0000950,SRB_M0000783,SRC_M0000465
GM0001173,GT0000300,SRA_M0000951,,SRC_M0000466
GM0001174,GT0000300,SRA_M0000952,SRB_M0000784,SRC_M0000467
GM0001175,GT0000300,SRA_M0000953,,SRC_M0000468
GM0001176,GT0000301,SRA_M0000954,SRB_M0000785,SRC_M0000469
GM0001177,GT0000301,SRA_M0000955,SRB_M0000786,SRC_M0000470
GM0001178,GT0000302,SRA_M0000956,SRB_M0000787,SRC_M0000471
GM0001179,GT0000302,SRA_M0000957,SRB_M0000788,SRC_M0000472
GM0001180,GT0000302,SRA_M0000958,SRB_M0000789,SRC_M0000473
GM0001181,GT0000303,SRA_M0000959,SRB_M0000790,
GM0001182,GT0000303,,SRB_M0000791,
GM0001183,GT0000303,,SRB_M0000792,
GM0001184,GT0000303,,SRB_M0000793,
GM0001185,GT0000303,SRA_M0000960,SRB_M0000794,
GM0001186,GT0000303,,SRB_M0000795,
GM0001187,GT0000304,,SRB_M0000796,
GM0001188,GT0000304,,SRB_M0000797,
GM0001189,GT0000304,,SRB_M0000798,
GM0001190,GT0000305,SRA_M0000961,SRB_M0000799,
GM0001191,GT0000305,SRA_M0000962,SRB_M0000800,
GM0001192,GT0000305,SRA_M0000963,SRB_M0000801,
GM0001193,GT0000305,SRA_M0000964,SRB_M0000802,
GM0001194,GT0000305,SRA_M0000965,SRB_M0000803,
GM0001195,GT0000305,SRA_M0000966,SRB_M0000804,
GM0001196,GT0000306,,SRB_M0000805,SRC_M0000474
GM0001197,GT0000306,SRA_M0000967,SRB_M0000806,SRC_M0000475
GM0001198,GT0000307,SRA_M0000968,SRB_M0000807,
GM0001199,GT0000307,SRA_M0000969,SRB_M0000808,
GM0001200,GT0000307,SRA_M0000970,SRB_M0000809,
GM0001201,GT0000307,SRA_M0000971,SRB_M0000810,
GM0001202,GT0000307,SRA_M0000972,SRB_M0000811,
GM0001203,GT0000308,SRA_M0000973,SRB_M0000812,
GM0001204,GT0000308,SRA_M0000974,,
GM0001205,GT0000308,SRA_M0000975,SRB_M0000813,
GM0001206,GT0000308,SRA_M0000976,SRB_M0000814,
GM0001207,GT0000309,SRA_M0000977,SRB_M0000815,
GM0001208,GT0000309,,,
GM0001209,GT0000310,,SRB_M0000816,SRC_M0000476
GM0001210,GT0000310,,,
GM0001211,GT0000311,SRA_M0000978,,SRC_M0000477
GM0001212,GT0000311,SRA_M0000979,SRB_M0000817,
GM0001213,GT0000311,SRA_M0000980,SRB_M0000818,SRC_M0000478
GM0001214,GT0000311,SRA_M0000981,SRB_M0000819,SRC_M0000479
GM0001215,GT0000311,SRA_M0000982,SRB_M0000820,SRC_M0000480
GM0001216,GT0000311,SRA_M0000983,SRB_M0000821,SRC_M0000481
GM0001217,GT0000312,SRA_M0000984,SRB_M0000822,SRC_M0000482
GM0001218,GT0000312,SRA_M0000985,SRB_M0000823,SRC_M0000483
GM0001219,GT0000312,SRA_M0000986,SRB_M0000824,
GM0001220,GT0000312,,SRB_M0000825,SRC_M0000484
GM0001221,GT0000313,,,SRC_M0000486
GM0001222,GT0000313,SRA_M0000987,,SRC_M0000487
GM0001223,GT0000313,SRA_M0000988,,SRC_M0000488
GM0001224,GT0000314,SRA_M0000989,SRB_M0000826,SRC_M0000489
GM0001225,GT0000314,SRA_M0000990,SRB_M0000827,SRC_M0000490
GM0001226,GT0000314,SRA_M0000991,SRB_M0000828,SRC_M0000491
GM0001227,GT0000314,SRA_M0000992,SRB_M0000829,SRC_M0000492
GM0001228,GT0000314,SRA_M0000993,SRB_M0000830,
GM0001229,GT0000314,SRA_M0000994,SRB_M0000831,
GM0001230,GT0000315,SRA_M0000995,SRB_M0000833,SRC_M0000493
GM0001231,GT0000315,SRA_M0000996,SRB_M0000834,
GM0001232,GT0000316,SRA_M0000997,,
GM0001233,GT0000316,SRA_M0000998,,
GM0001234,GT0000316,SRA_M0000999,,
GM0001235,GT0000316,,,
GM0001236,GT0000317,SRA_M0001000,SRB_M0000835,SRC_M0000494
GM0001237,GT0000317,SRA_M0001001,SRB_M0000836,SRC_M0000495
GM0001238,GT0000317,SRA_M0001002,SRB_M0000837,SRC_M0000496
GM0001239,GT0000317,SRA_M0001003,SRB_M0000838,SRC_M0000497
GM0001240,GT0000318,SRA_M0001004,SRB_M0000839,
GM0001241,GT0000318,SRA_M0001005,SRB_M0000840,
GM0001242,GT0000318,,SRB_M0000841,
GM0001243,GT0000318,SRA_M0001006,,
GM0001244,GT0000318,SRA_M0001007,SRB_M0000842,
GM0001245,GT0000318,SRA_M0001008,SRB_M0000843,
GM0001246,GT0000319,SRA_M0001009,,
GM0001247,GT0000319,SRA_M0001010,,
GM0001248,GT0000319,SRA_M0001011,,
GM0001249,GT0000320,SRA_M0001012,,
GM0001250,GT0000320,,SRB_M0000844,
GM0001251,GT0000321,SRA_M0001013,SRB_M0000846,
GM0001252,GT0000321,SRA_M0001014,SRB_M0000847,
GM0001253,GT0000321,SRA_M0001015,SRB_M0000848,
GM0001254,GT0000321,SRA_M0001016,SRB_M0000849,
GM0001255,GT0000321,SRA_M0001017,SRB_M0000850,
GM0001256,GT0000322,,SRB_M0000851,SRC_M0000498
GM0001257,GT0000322,,SRB_M0000852,
GM0001258,GT0000322,,SRB_M0000853,SRC_M0000499
GM0001259,GT0000323,SRA_M0001018,SRB_M0000854,SRC_M0000500
GM0001260,GT0000323,SRA_M0001019,SRB_M0000855,SRC_M0000501
GM0001261,GT0000323,SRA_M0001020,,SRC_M0000502
GM0001262,GT0000323,SRA_M0001021,,
GM0001263,GT0000323,SRA_M0001022,SRB_M0000856,SRC_M0000503
GM0001264,GT0000323,SRA_M0001023,SRB_M0000857,SRC_M0000504
GM0001265,GT0000324,SRA_M0001024,,SRC_M0000505
GM0001266,GT0000324,SRA_M0001025,SRB_M0000858,
GM0001267,GT0000324,SRA_M0001026,SRB_M0000859,SRC_M0000506
GM0001268,GT0000324,SRA_M0001027,SRB_M0000860,SRC_M0000507
GM0001269,GT0000324,SRA_M0001028,SRB_M0000861,
GM0001270,GT0000324,SRA_M0001029,SRB_M0000862,
GM0001271,GT0000325,,SRB_M0000863,SRC_M0000508
GM0001272,GT0000325,,SRB_M0000864,SRC_M0000509
GM0001273,GT0000325,,SRB_M0000865,
GM0001274,GT0000325,,SRB_M0000866,SRC_M0000510
GM0001275,GT0000325,,SRB_M0000867,SRC_M0000511
GM0001276,GT0000326,,,SRC_M0000512
GM0001277,GT0000326,,SRB_M0000868,SRC_M0000513
GM0001278,GT0000326,SRA_M0001030,SRB_M0000869,
GM0001279,GT0000326,SRA_M0001031,SRB_M0000870,
GM0001280,GT0000326,SRA_M0001032,SRB_M0000871,
GM0001281,GT0000326,SRA_M0001033,SRB_M0000872,SRC_M0000514
GM0001282,GT0000327,SRA_M0001034,,SRC_M0000515
GM0001283,GT0000327,SRA_M0001035,,SRC_M0000516
GM0001284,GT0000327,SRA_M0001036,,SRC_M0000517
GM0001285,GT0000327,SRA_M0001037,,SRC_M0000518
GM0001286,GT0000327,,,
GM0001287,GT0000327,SRA_M0001038,,SRC_M0000519
GM0001288,GT0000328,SRA_M0001039,SRB_M0000873,
GM0001289,GT0000328,SRA_M0001040,SRB_M0000874,SRC_M0000520
GM0001290,GT0000329,,,
GM0001291,GT0000329,SRA_M0001041,,
GM0001292,GT0000329,SRA_M0001042,,
GM0001293,GT0000329,SRA_M0001043,,
GM0001294,GT0000330,,SRB_M0000875,
GM0001295,GT0000330,,,
GM0001296,GT0000330,,SRB_M0000876,
GM0001297,GT0000330,,,
GM0001298,GT0000330,,SRB_M0000877,
GM0001299,GT0000330,,SRB_M0000878,
GM0001300,GT0000331,,,
GM0001301,GT0000331,,,
GM0001302,GT0000332,SRA_M0001044,,
GM0001303,GT0000332,SRA_M0001045,,
GM0001304,GT0000332,SRA_M0001046,,
GM0001305,GT0000332,SRA_M0001047,,
GM0001306,GT0000332,SRA_M0001048,,
GM0001307,GT0000333,SRA_M0001049,SRB_M0000879,SRC_M0000521
GM0001308,GT0000333,SRA_M0001050,,SRC_M0000522
GM0001309,GT0000333,SRA_M0001051,SRB_M0000880,SRC_M0000523
GM0001310,GT0000333,SRA_M0001052,SRB_M0000881,
GM0001311,GT0000333,SRA_M0001053,,
GM0001312,GT0000334,SRA_M0001054,,
GM0001313,GT0000334,SRA_M0001055,,
GM0001314,GT0000334,SRA_M0001056,,
GM0001315,GT0000334,SRA_M0001057,,
GM0001316,GT0000334,,,
GM0001317,GT0000335,SRA_M0001058,SRB_M0000882,
GM0001318,GT0000335,,SRB_M0000883,
GM0001319,GT0000336,SRA_M0001059,SRB_M0000884,SRC_M0000524
GM0001320,GT0000336,SRA_M0001060,SRB_M0000885,SRC_M0000525
GM0001321,GT0000336,SRA_M0001061,SRB_M0000886,SRC_M0000526
GM0001322,GT0000336,SRA_M0001062,SRB_M0000887,SRC_M0000527
GM0001323,GT0000336,SRA_M0001063,SRB_M0000888,SRC_M0000528
GM0001324,GT0000337,SRA_M0001064,SRB_M0000889,SRC_M0000529
GM0001325,GT0000337,SRA_M0001065,SRB_M0000890,SRC_M0000530
GM0001326,GT0000338,SRA_M0001066,SRB_M0000891,SRC_M0000531
GM0001327,GT0000338,SRA_M0001067,SRB_M0000892,SRC_M0000532
GM0001328,GT0000338,,SRB_M0000893,SRC_M0000533
GM0001329,GT0000338,SRA_M0001068,SRB_M0000894,
GM0001330,GT0000339,,SRB_M0000896,SRC_M0000534
GM0001331,GT0000339,,SRB_M0000897,SRC_M0000535
GM0001332,GT0000339,,SRB_M0000898,SRC_M0000536
GM0001333,GT0000339,,SRB_M0000899,SRC_M0000537
GM0001334,GT0000340,SRA_M0001069,SRB_M0000900,SRC_M0000538
GM0001335,GT0000340,SRA_M0001070,SRB_M0000901,
GM0001336,GT0000340,SRA_M0001071,SRB_M0000902,
GM0001337,GT0000341,SRA_M0001072,,
GM0001338,GT0000341,,,
GM0001339,GT0000341,SRA_M0001073,,
GM0001340,GT0000341,SRA_M0001074,,
GM0001341,GT0000342,SRA_M0001075,,
GM0001342,GT0000342,SRA_M0001076,,SRC_M0000539
GM0001343,GT0000342,SRA_M0001077,,SRC_M0000540
GM0001344,GT0000343,,SRB_M0000903,
GM0001345,GT0000343,,SRB_M0000904,
GM0001346,GT0000344,SRA_M0001078,,SRC_M0000541
GM0001347,GT0000344,SRA_M0001079,SRB_M0000905,
GM0001348,GT0000344,,SRB_M0000906,SRC_M0000542
GM0001349,GT0000344,SRA_M0001080,,SRC_M0000543
GM0001350,GT0000344,,SRB_M0000907,SRC_M0000544
GM0001351,GT0000345,,SRB_M0000908,SRC_M0000545
GM0001352,GT0000345,,SRB_M0000909,SRC_M0000546
GM0001353,GT0000345,,SRB_M0000910,SRC_M0000547
GM0001354,GT0000346,SRA_M0001081,SRB_M0000911,
GM0001355,GT0000346,,SRB_M0000912,
GM0001356,GT0000347,SRA_M0001082,,
GM0001357,GT0000347,,SRB_M0000913,
GM0001358,GT0000347,SRA_M0001083,SRB_M0000914,
GM0001359,GT0000347,,SRB_M0000915,
GM0001360,GT0000348,,SRB_M0000916,SRC_M0000548
GM0001361,GT0000348,,SRB_M0000917,SRC_M0000549
GM0001362,GT0000348,,SRB_M0000918,SRC_M0000550
GM0001363,GT0000348,,,
GM0001364,GT0000348,,SRB_M0000919,
GM0001365,GT0000349,SRA_M0001084,SRB_M0000920,
GM0001366,GT0000349,SRA_M0001085,SRB_M0000921,
GM0001367,GT0000349,SRA_M0001086,SRB_M0000922,
GM0001368,GT0000349,SRA_M0001087,,
GM0001369,GT0000349,,,
GM0001370,GT0000350,SRA_M0001088,SRB_M0000923,
GM0001371,GT0000350,SRA_M0001089,SRB_M0000924,
GM0001372,GT0000350,SRA_M0001090,SRB_M0000925,
GM0001373,GT0000350,SRA_M0001091,SRB_M0000926,
GM0001374,GT0000350,SRA_M0001092,SRB_M0000927,
GM0001375,GT0000351,SRA_M0001093,,
GM0001376,GT0000351,SRA_M0001094,,
GM0001377,GT0000351,SRA_M0001095,,
GM0001378,GT0000352,SRA_M0001096,SRB_M0000928,
GM0001379,GT0000352,SRA_M0001097,SRB_M0000929,
GM0001380,GT0000352,SRA_M0001098,SRB_M0000930,
GM0001381,GT0000352,SRA_M0001099,SRB_M0000931,SRC_M0000551
GM0001382,GT0000353,SRA_M0001100,,SRC_M0000552
GM0001383,GT0000353,SRA_M0001101,,SRC_M0000553
GM0001384,GT0000353,SRA_M0001102,,SRC_M0000554
GM0001385,GT0000353,,,SRC_M0000555
GM0001386,GT0000353,,,SRC_M0000556
GM0001387,GT0000353,SRA_M0001103,,SRC_M0000557
GM0001388,GT0000354,SRA_M0001104,SRB_M0000932,SRC_M0000558
GM0001389,GT0000354,SRA_M0001105,,
GM0001390,GT0000355,,SRB_M0000934,SRC_M0000560
GM0001391,GT0000355,,SRB_M0000935,SRC_M0000561
GM0001392,GT0000355,,SRB_M0000936,SRC_M0000562
GM0001393,GT0000355,,SRB_M0000937,
GM0001394,GT0000355,,SRB_M0000938,
GM0001395,GT0000355,,,SRC_M0000563
GM0001396,GT0000356,SRA_M0001106,,
GM0001397,GT0000356,SRA_M0001107,,
GM0001398,GT0000357,,,SRC_M0000564
GM0001399,GT0000357,,SRB_M0000939,SRC_M0000565
GM0001400,GT0000357,,SRB_M0000940,SRC_M0000566
GM0001401,GT0000357,,SRB_M0000941,SRC_M0000567
GM0001402,GT0000358,SRA_M0001109,SRB_M0000942,SRC_M0000568
GM0001403,GT0000358,SRA_M0001110,SRB_M0000943,
GM0001404,GT0000358,SRA_M0001111,SRB_M0000944,SRC_M0000569
GM0001405,GT0000358,SRA_M0001112,,
GM0001406,GT0000359,SRA_M0001113,SRB_M0000945,SRC_M0000570
GM0001407,GT0000359,SRA_M0001114,SRB_M0000946,SRC_M0000571
GM0001408,GT0000359,SRA_M0001115,SRB_M0000947,SRC_M0000572
GM0001409,GT0000360,SRA_M0001116,SRB_M0000948,SRC_M0000573
GM0001410,GT0000360,SRA_M0001117,SRB_M0000949,SRC_M0000574
GM0001411,GT0000360,,SRB_M0000950,
GM0001412,GT0000360,SRA_M0001118,SRB_M0000951,SRC_M0000575
GM0001413,GT0000360,SRA_M0001119,SRB_M0000952,SRC_M0000576
GM0001414,GT0000360,,SRB_M0000953,SRC_M0000577
GM0001415,GT0000361,SRA_M0001120,,SRC_M0000578
GM0001416,GT0000361,SRA_M0001121,,
GM0001417,GT0000362,SRA_M0001122,SRB_M0000954,
GM0001418,GT0000362,,SRB_M0000955,
GM0001419,GT0000362,SRA_M0001123,SRB_M0000956,
GM0001420,GT0000362,SRA_M0001124,SRB_M0000957,
GM0001421,GT0000362,SRA_M0001125,SRB_M0000958,
GM0001422,GT0000363,SRA_M0001127,,SRC_M0000579
GM0001423,GT0000363,SRA_M0001128,,SRC_M0000580
GM0001424,GT0000363,SRA_M0001129,,
GM0001425,GT0000363,SRA_M0001130,,
GM0001426,GT0000363,SRA_M0001131,,SRC_M0000581
GM0001427,GT0000363,SRA_M0001132,,
GM0001428,GT0000364,SRA_M0001133,SRB_M0000959,
GM0001429,GT0000364,SRA_M0001134,SRB_M0000960,
GM0001430,GT0000364,SRA_M0001135,SRB_M0000961,
GM0001431,GT0000364,SRA_M0001136,SRB_M0000962,
GM0001432,GT0000365,SRA_M0001137,SRB_M0000963,SRC_M0000582
GM0001433,GT0000365,SRA_M0001138,SRB_M0000964,SRC_M0000583
GM0001434,GT0000365,SRA_M0001139,SRB_M0000965,SRC_M0000584
GM0001435,GT0000366,,SRB_M0000966,SRC_M0000586
GM0001436,GT0000366,,,SRC_M0000587
GM0001437,GT0000366,,SRB_M0000967,
GM0001438,GT0000366,,SRB_M0000968,
GM0001439,GT0000367,SRA_M0001140,SRB_M0000969,
GM0001440,GT0000367,SRA_M0001141,SRB_M0000970,
GM0001441,GT0000367,SRA_M0001142,SRB_M0000971,
GM0001442,GT0000368,SRA_M0001143,,
GM0001443,GT0000368,SRA_M0001144,,
GM0001444,GT0000368,SRA_M0001145,,
GM0001445,GT0000368,SRA_M0001146,,
GM0001446,GT0000368,SRA_M0001147,,
GM0001447,GT0000368,SRA_M0001148,,
GM0001448,GT0000369,SRA_M0001149,SRB_M0000972,
GM0001449,GT0000369,SRA_M0001150,SRB_M0000973,
GM0001450,GT0000369,SRA_M0001151,SRB_M0000974,
GM0001451,GT0000369,,,
GM0001452,GT0000370,,SRB_M0000975,
GM0001453,GT0000370,,SRB_M0000976,
GM0001454,GT0000370,,SRB_M0000977,SRC_M0000588
GM0001455,GT0000371,SRA_M0001152,SRB_M0000978,
GM0001456,GT0000371,SRA_M0001153,,
GM0001457,GT0000371,SRA_M0001154,SRB_M0000979,
GM0001458,GT0000371,SRA_M0001155,SRB_M0000980,
GM0001459,GT0000371,SRA_M0001156,SRB_M0000981,
GM0001460,GT0000372,SRA_M0001157,SRB_M0000982,
GM0001461,GT0000372,SRA_M0001158,SRB_M0000983,
GM0001462,GT0000373,,SRB_M0000985,SRC_M0000589
GM0001463,GT0000373,SRA_M0001159,SRB_M0000986,SRC_M0000590
GM0001464,GT0000373,SRA_M0001160,SRB_M0000987,SRC_M0000591
GM0001465,GT0000374,,SRB_M0000988,SRC_M0000592
GM0001466,GT0000374,SRA_M0001161,SRB_M0000989,
GM0001467,GT0000374,,SRB_M0000990,SRC_M0000593
GM0001468,GT0000375,,,SRC_M0000594
GM0001469,GT0000375,SRA_M0001162,,
GM0001470,GT0000375,SRA_M0001163,,SRC_M0000595
GM0001471,GT0000375,SRA_M0001164,,SRC_M0000596
GM0001472,GT0000375,SRA_M0001165,,SRC_M0000597
GM0001473,GT0000375,SRA_M0001166,,
GM0001474,GT0000376,SRA_M0001167,,
GM0001475,GT0000376,SRA_M0001168,,
GM0001476,GT0000377,SRA_M0001169,,SRC_M0000598
GM0001477,GT0000377,,SRB_M0000991,SRC_M0000599
GM0001478,GT0000377,SRA_M0001170,SRB_M0000992,
GM0001479,GT0000377,SRA_M0001171,SRB_M0000993,SRC_M0000600
GM0001480,GT0000377,SRA_M0001172,SRB_M0000994,
GM0001481,GT0000377,SRA_M0001173,SRB_M0000995,
GM0001482,GT0000378,,SRB_M0000996,
GM0001483,GT0000378,,SRB_M0000997,
GM0001484,GT0000378,,SRB_M0000998,
GM0001485,GT0000378,,,
GM0001486,GT0000379,SRA_M0001174,SRB_M0000999,
GM0001487,GT0000379,SRA_M0001175,SRB_M0001000,
GM0001488,GT0000380,,SRB_M0001002,SRC_M0000601
GM0001489,GT0000380,,SRB_M0001003,SRC_M0000602
GM0001490,GT0000380,SRA_M0001176,SRB_M0001004,SRC_M0000603
GM0001491,GT0000380,SRA_M0001177,,SRC_M0000604
GM0001492,GT0000380,SRA_M0001178,SRB_M0001005,
GM0001493,GT0000381,SRA_M0001179,SRB_M0001006,SRC_M0000605
GM0001494,GT0000381,SRA_M0001180,SRB_M0001007,
GM0001495,GT0000382,SRA_M0001181,SRB_M0001008,
GM0001496,GT0000382,SRA_M0001182,SRB_M0001009,SRC_M0000606
GM0001497,GT0000382,SRA_M0001183,SRB_M0001010,SRC_M0000607
GM0001498,GT0000382,SRA_M0001184,SRB_M0001011,SRC_M0000608
GM0001499,GT0000382,SRA_M0001185,SRB_M0001012,
GM0001500,GT0000382,SRA_M0001186,SRB_M0001013,SRC_M0000609
GM0001501,GT0000383,SRA_M0001187,SRB_M0001014,SRC_M0000610
GM0001502,GT0000383,SRA_M0001188,SRB_M0001015,SRC_M0000611
GM0001503,GT0000384,SRA_M0001189,,
GM0001504,GT0000384,SRA_M0001190,,SRC_M0000612
GM0001505,GT0000384,SRA_M0001191,SRB_M0001016,SRC_M0000613
GM0001506,GT0000384,SRA_M0001192,,SRC_M0000614
GM0001507,GT0000385,SRA_M0001193,,
GM0001508,GT0000385,SRA_M0001194,SRB_M0001017,
GM0001509,GT0000385,SRA_M0001195,SRB_M0001018,
GM0001510,GT0000385,SRA_M0001196,,
GM0001511,GT0000385,,SRB_M0001019,
GM0001512,GT0000386,SRA_M0001197,SRB_M0001020,SRC_M0000615
GM0001513,GT0000386,SRA_M0001198,SRB_M0001021,
GM0001514,GT0000387,,,
GM0001515,GT0000387,,,
GM0001516,GT0000387,,,
GM0001517,GT0000387,,,
GM0001518,GT0000387,,,
GM0001519,GT0000387,,,
GM0001520,GT0000388,SRA_M0001199,,SRC_M0000616
GM0001521,GT0000388,SRA_M0001200,,
GM0001522,GT0000388,SRA_M0001201,,
GM0001523,GT0000389,SRA_M0001202,SRB_M0001022,
GM0001524,GT0000389,SRA_M0001203,SRB_M0001023,SRC_M0000617
GM0001525,GT0000389,SRA_M0001204,SRB_M0001024,SRC_M0000618
GM0001526,GT0000389,SRA_M0001205,SRB_M0001025,SRC_M0000619
GM0001527,GT0000389,SRA_M0001206,SRB_M0001026,
GM0001528,GT0000390,SRA_M0001207,SRB_M0001027,SRC_M0000620
GM0001529,GT0000390,,SRB_M0001028,
GM0001530,GT0000390,SRA_M0001208,SRB_M0001029,
GM0001531,GT0000390,SRA_M0001209,SRB_M0001030,SRC_M0000621
GM0001532,GT0000390,SRA_M0001210,SRB_M0001031,SRC_M0000622
GM0001533,GT0000390,SRA_M0001211,SRB_M0001032,SRC_M0000623
GM0001534,GT0000391,SRA_M0001212,,SRC_M0000624
GM0001535,GT0000391,SRA_M0001213,,SRC_M0000625
GM0001536,GT0000391,SRA_M0001214,,
GM0001537,GT0000392,SRA_M0001215,,
GM0001538,GT0000392,SRA_M0001216,SRB_M0001033,
GM0001539,GT0000392,SRA_M0001217,SRB_M0001034,
GM0001540,GT0000392,SRA_M0001218,,
GM0001541,GT0000392,SRA_M0001219,SRB_M0001035,
GM0001542,GT0000392,SRA_M0001220,SRB_M0001036,
GM0001543,GT0000393,SRA_M0001221,SRB_M0001037,SRC_M0000626
GM0001544,GT0000393,SRA_M0001222,,SRC_M0000627
GM0001545,GT0000393,SRA_M0001223,SRB_M0001038,SRC_M0000628
GM0001546,GT0000394,SRA_M0001224,SRB_M0001039,SRC_M0000629
GM0001547,GT0000394,SRA_M0001225,SRB_M0001040,SRC_M0000630
GM0001548,GT0000394,SRA_M0001226,SRB_M0001041,SRC_M0000631
GM0001549,GT0000394,SRA_M0001227,SRB_M0001042,SRC_M0000632
GM0001550,GT0000395,SRA_M0001228,SRB_M0001043,SRC_M0000633
GM0001551,GT0000395,SRA_M0001229,SRB_M0001044,SRC_M0000634
GM0001552,GT0000395,SRA_M0001230,SRB_M0001045,SRC_M0000635
GM0001553,GT0000396,SRA_M0001231,SRB_M0001046,SRC_M0000636
GM0001554,GT0000396,SRA_M0001232,SRB_M0001047,SRC_M0000637
GM0001555,GT0000396,SRA_M0001233,SRB_M0001048,SRC_M0000638
GM0001556,GT0000396,SRA_M0001234,SRB_M0001049,SRC_M0000639
GM0001557,GT0000396,SRA_M0001235,,SRC_M0000640
GM0001558,GT0000397,SRA_M0001236,SRB_M0001050,SRC_M0000641
GM0001559,GT0000397,SRA_M0001237,SRB_M0001051,SRC_M0000642
GM0001560,GT0000397,SRA_M0001238,SRB_M0001052,SRC_M0000643
GM0001561,GT0000397,SRA_M0001239,SRB_M0001053,SRC_M0000644
GM0001562,GT0000397,SRA_M0001240,SRB_M0001054,SRC_M0000645
GM0001563,GT0000397,SRA_M0001241,SRB_M0001055,SRC_M0000646
GM0001564,GT0000398,SRA_M0001242,,
GM0001565,GT0000398,SRA_M0001243,,SRC_M0000647
GM0001566,GT0000398,SRA_M0001244,,SRC_M0000648
GM0001567,GT0000398,SRA_M0001245,SRB_M0001056,
GM0001568,GT0000398,,SRB_M0001057,SRC_M0000649
GM0001569,GT0000398,,SRB_M0001058,
GM0001570,GT0000399,,,
GM0001571,GT0000399,SRA_M0001246,,
GM0001572,GT0000399,SRA_M0001247,,
GM0001573,GT0000399,SRA_M0001248,,SRC_M0000650
GM0001574,GT0000399,,,
GM0001575,GT0000400,SRA_M0001249,SRB_M0001059,
GM0001576,GT0000400,SRA_M0001250,SRB_M0001060,
GM0001577,GT0000401,SRA_M0001251,,
GM0001578,GT0000401,SRA_M0001252,,
GM0001579,GT0000401,SRA_M0001253,,
GM0001580,GT0000401,SRA_M0001254,,
GM0001581,GT0000402,SRA_M0001255,SRB_M0001061,
GM0001582,GT0000402,SRA_M0001256,SRB_M0001062,
GM0001583,GT0000402,SRA_M0001257,SRB_M0001063,
GM0001584,GT0000402,SRA_M0001258,,
GM0001585,GT0000403,SRA_M0001259,SRB_M0001064,SRC_M0000651
GM0001586,GT0000403,SRA_M0001260,SRB_M0001065,SRC_M0000652
GM0001587,GT0000403,SRA_M0001261,,SRC_M0000653
GM0001588,GT0000403,SRA_M0001262,SRB_M0001066,SRC_M0000654
GM0001589,GT0000403,SRA_M0001263,SRB_M0001067,SRC_M0000655
GM0001590,GT0000403,SRA_M0001264,SRB_M0001068,
GM0001591,GT0000404,SRA_M0001265,SRB_M0001069,SRC_M0000656
GM0001592,GT0000404,SRA_M0001266,SRB_M0001070,SRC_M0000657
GM0001593,GT0000404,SRA_M0001267,,SRC_M0000658
GM0001594,GT0000405,SRA_M0001268,,
GM0001595,GT0000405,SRA_M0001269,,
GM0001596,GT0000406,SRA_M0001270,,
GM0001597,GT0000406,SRA_M0001271,SRB_M0001071,
GM0001598,GT0000407,SRA_M0001272,SRB_M0001072,
GM0001599,GT0000407,SRA_M0001273,SRB_M0001073,
GM0001600,GT0000407,SRA_M0001274,SRB_M0001074,
GM0001601,GT0000407,SRA_M0001275,SRB_M0001075,
GM0001602,GT0000408,SRA_M0001276,SRB_M0001076,SRC_M0000659
GM0001603,GT0000408,SRA_M0001277,SRB_M0001077,SRC_M0000660
GM0001604,GT0000408,SRA_M0001278,SRB_M0001078,
GM0001605,GT0000408,SRA_M0001279,SRB_M0001079,SRC_M0000661
GM0001606,GT0000408,SRA_M0001280,SRB_M0001080,SRC_M0000662
GM0001607,GT0000408,SRA_M0001281,SRB_M0001081,SRC_M0000663
GM0001608,GT0000409,SRA_M0001282,SRB_M0001082,
GM0001609,GT0000409,SRA_M0001283,SRB_M0001083,
GM0001610,GT0000409,,SRB_M0001084,
GM0001611,GT0000409,SRA_M0001284,SRB_M0001085,
GM0001612,GT0000410,SRA_M0001285,,
GM0001613,GT0000410,SRA_M0001286,,
GM0001614,GT0000410,SRA_M0001287,,
GM0001615,GT0000410,SRA_M0001288,,
GM0001616,GT0000411,SRA_M0001289,,
GM0001617,GT0000411,SRA_M0001290,,SRC_M0000664
GM0001618,GT0000411,SRA_M0001291,,
GM0001619,GT0000412,SRA_M0001292,SRB_M0001086,
GM0001620,GT0000412,SRA_M0001293,SRB_M0001087,
GM0001621,GT0000412,SRA_M0001294,,
GM0001622,GT0000412,SRA_M0001295,SRB_M0001088,
GM0001623,GT0000412,SRA_M0001296,SRB_M0001089,
GM0001624,GT0000412,SRA_M0001297,SRB_M0001090,
GM0001625,GT0000413,SRA_M0001298,SRB_M0001091,
GM0001626,GT0000413,SRA_M0001299,,
GM0001627,GT0000413,SRA_M0001300,,
GM0001628,GT0000413,SRA_M0001301,,
GM0001629,GT0000414,SRA_M0001302,SRB_M0001092,
GM0001630,GT0000414,SRA_M0001303,SRB_M0001093,
GM0001631,GT0000414,SRA_M0001304,SRB_M0001094,
GM0001632,GT0000415,SRA_M0001305,,SRC_M0000665
GM0001633,GT0000415,SRA_M0001306,SRB_M0001095,SRC_M0000666
GM0001634,GT0000416,SRA_M0001307,,SRC_M0000667
GM0001635,GT0000416,SRA_M0001308,,SRC_M0000668
GM0001636,GT0000417,SRA_M0001310,,
GM0001637,GT0000417,SRA_M0001311,,
GM0001638,GT0000418,SRA_M0001312,SRB_M0001096,
GM0001639,GT0000418,SRA_M0001313,SRB_M0001097,
GM0001640,GT0000418,SRA_M0001314,SRB_M0001098,
GM0001641,GT0000418,SRA_M0001315,SRB_M0001099,
GM0001642,GT0000419,SRA_M0001316,SRB_M0001100,SRC_M0000669
GM0001643,GT0000419,SRA_M0001317,,
GM0001644,GT0000419,SRA_M0001318,SRB_M0001101,SRC_M0000670
GM0001645,GT0000420,SRA_M0001319,SRB_M0001102,SRC_M0000671
GM0001646,GT0000420,SRA_M0001320,SRB_M0001103,
GM0001647,GT0000421,SRA_M0001321,,
GM0001648,GT0000421,SRA_M0001322,,SRC_M0000672
GM0001649,GT0000422,SRA_M0001323,SRB_M0001104,
GM0001650,GT0000422,SRA_M0001324,SRB_M0001105,
GM0001651,GT0000422,SRA_M0001325,,
GM0001652,GT0000422,SRA_M0001326,SRB_M0001106,
GM0001653,GT0000423,SRA_M0001327,SRB_M0001107,
GM0001654,GT0000423,SRA_M0001328,,
GM0001655,GT0000423,SRA_M0001329,SRB_M0001108,
GM0001656,GT0000423,SRA_M0001330,,
GM0001657,GT0000423,SRA_M0001331,SRB_M0001109,
GM0001658,GT0000424,SRA_M0001332,SRB_M0001110,SRC_M0000673
GM0001659,GT0000424,SRA_M0001333,SRB_M0001111,SRC_M0000674
GM0001660,GT0000424,SRA_M0001334,SRB_M0001112,SRC_M0000675
GM0001661,GT0000424,,SRB_M0001113,SRC_M0000676
GM0001662,GT0000424,SRA_M0001335,SRB_M0001114,SRC_M0000677
GM0001663,GT0000425,SRA_M0001336,SRB_M0001115,SRC_M0000678
GM0001664,GT0000425,SRA_M0001337,SRB_M0001116,
GM0001665,GT0000425,SRA_M0001338,SRB_M0001117,SRC_M0000679
GM0001666,GT0000426,SRA_M0001339,SRB_M0001118,
GM0001667,GT0000426,SRA_M0001340,,
GM0001668,GT0000427,SRA_M0001341,,
GM0001669,GT0000427,SRA_M0001342,,
GM0001670,GT0000427,SRA_M0001343,,SRC_M0000680
GM0001671,GT0000427,SRA_M0001344,,SRC_M0000681
GM0001672,GT0000427,SRA_M0001345,,SRC_M0000682
GM0001673,GT0000428,SRA_M0001346,,
GM0001674,GT0000428,,,
GM0001675,GT0000428,SRA_M0001347,,
GM0001676,GT0000428,SRA_M0001348,,
GM0001677,GT0000428,SRA_M0001349,,
GM0001678,GT0000429,SRA_M0001350,SRB_M0001120,SRC_M0000683
GM0001679,GT0000429,SRA_M0001351,SRB_M0001121,SRC_M0000684
GM0001680,GT0000429,SRA_M0001352,SRB_M0001122,SRC_M0000685
GM0001681,GT0000430,SRA_M0001353,SRB_M0001123,
GM0001682,GT0000430,SRA_M0001354,,
GM0001683,GT0000430,SRA_M0001355,SRB_M0001124,
GM0001684,GT0000430,SRA_M0001356,SRB_M0001125,
GM0001685,GT0000430,SRA_M0001357,SRB_M0001126,
GM0001686,GT0000430,SRA_M0001358,SRB_M0001127,
GM0001687,GT0000431,SRA_M0001359,SRB_M0001128,SRC_M0000686
GM0001688,GT0000431,,SRB_M0001129,
GM0001689,GT0000432,SRA_M0001360,,SRC_M0000687
GM0001690,GT0000432,SRA_M0001361,,
GM0001691,GT0000433,SRA_M0001362,SRB_M0001130,SRC_M0000688
GM0001692,GT0000433,SRA_M0001363,,SRC_M0000689
GM0001693,GT0000433,SRA_M0001364,SRB_M0001131,SRC_M0000690
GM0001694,GT0000433,SRA_M0001365,SRB_M0001132,
GM0001695,GT0000433,SRA_M0001366,SRB_M0001133,
GM0001696,GT0000434,SRA_M0001367,SRB_M0001134,
GM0001697,GT0000434,SRA_M0001368,SRB_M0001135,
GM0001698,GT0000434,SRA_M0001369,SRB_M0001136,
GM0001699,GT0000434,,,
GM0001700,GT0000434,SRA_M0001370,SRB_M0001137,
GM0001701,GT0000435,SRA_M0001371,,
GM0001702,GT0000435,SRA_M0001372,SRB_M0001138,
GM0001703,GT0000435,,,
GM0001704,GT0000436,SRA_M0001373,,
GM0001705,GT0000436,SRA_M0001374,,
GM0001706,GT0000436,,,
GM0001707,GT0000436,SRA_M0001375,,
GM0001708,GT0000436,,,
GM0001709,GT0000437,,,
GM0001710,GT0000437,,,
GM0001711,GT0000437,,,
GM0001712,GT0000437,,,
GM0001713,GT0000437,,,
GM0001714,GT0000437,,,
GM0001715,GT0000438,SRA_M0001376,SRB_M0001139,
GM0001716,GT0000438,SRA_M0001377,SRB_M0001140,
GM0001717,GT0000439,SRA_M0001378,SRB_M0001141,
GM0001718,GT0000439,SRA_M0001379,SRB_M0001142,
GM0001719,GT0000439,SRA_M0001380,SRB_M0001143,
GM0001720,GT0000439,SRA_M0001381,SRB_M0001144,
GM0001721,GT0000439,SRA_M0001382,,
GM0001722,GT0000440,SRA_M0001383,SRB_M0001145,SRC_M0000691
GM0001723,GT0000440,SRA_M0001384,,SRC_M0000692
GM0001724,GT0000440,SRA_M0001385,SRB_M0001146,SRC_M0000693
GM0001725,GT0000440,SRA_M0001386,SRB_M0001147,SRC_M0000694
GM0001726,GT0000440,,SRB_M0001148,
GM0001727,GT0000441,,,
GM0001728,GT0000441,SRA_M0001387,SRB_M0001150,
GM0001729,GT0000441,SRA_M0001388,SRB_M0001151,
GM0001730,GT0000441,SRA_M0001389,SRB_M0001152,
GM0001731,GT0000441,,,
GM0001732,GT0000441,SRA_M0001390,SRB_M0001153,
GM0001733,GT0000442,SRA_M0001391,SRB_M0001154,SRC_M0000695
GM0001734,GT0000442,SRA_M0001392,SRB_M0001155,SRC_M0000696
GM0001735,GT0000442,SRA_M0001393,SRB_M0001156,
GM0001736,GT0000442,SRA_M0001394,SRB_M0001157,SRC_M0000697
GM0001737,GT0000442,SRA_M0001395,,SRC_M0000698
GM0001738,GT0000442,SRA_M0001396,SRB_M0001158,SRC_M0000699
GM0001739,GT0000443,,SRB_M0001159,
GM0001740,GT0000443,,SRB_M0001160,
GM0001741,GT0000443,,SRB_M0001161,
GM0001742,GT0000444,SRA_M0001397,,
GM0001743,GT0000444,SRA_M0001398,SRB_M0001162,
GM0001744,GT0000444,SRA_M0001399,SRB_M0001163,
GM0001745,GT0000444,SRA_M0001400,SRB_M0001164,
GM0001746,GT0000444,SRA_M0001401,SRB_M0001165,
GM0001747,GT0000445,SRA_M0001402,,
GM0001748,GT0000445,,SRB_M0001167,
GM0001749,GT0000446,,,SRC_M0000700
GM0001750,GT0000446,SRA_M0001403,,SRC_M0000701
GM0001751,GT0000446,SRA_M0001404,,
GM0001752,GT0000446,SRA_M0001405,,SRC_M0000702
GM0001753,GT0000446,,,SRC_M0000703
GM0001754,GT0000447,SRA_M0001406,,
GM0001755,GT0000447,SRA_M0001407,,
GM0001756,GT0000447,SRA_M0001408,,
GM0001757,GT0000447,SRA_M0001409,,
GM0001758,GT0000448,SRA_M0001410,,SRC_M0000704
GM0001759,GT0000448,SRA_M0001411,,
GM0001760,GT0000449,,SRB_M0001168,
GM0001761,GT0000449,,SRB_M0001169,
GM0001762,GT0000449,,SRB_M0001170,
GM0001763,GT0000449,,SRB_M0001171,
GM0001764,GT0000449,,SRB_M0001172,
GM0001765,GT0000449,,SRB_M0001173,
GM0001766,GT0000450,SRA_M0001412,,SRC_M0000705
GM0001767,GT0000450,SRA_M0001413,,SRC_M0000706
GM0001768,GT0000450,SRA_M0001414,,
GM0001769,GT0000450,SRA_M0001415,,SRC_M0000707
GM0001770,GT0000450,SRA_M0001416,,
GM0001771,GT0000450,SRA_M0001417,,SRC_M0000708
GM0001772,GT0000451,SRA_M0001418,SRB_M0001174,
GM0001773,GT0000451,SRA_M0001419,SRB_M0001175,SRC_M0000709
GM0001774,GT0000451,SRA_M0001420,SRB_M0001176,SRC_M0000710
GM0001775,GT0000451,SRA_M0001421,SRB_M0001177,
GM0001776,GT0000451,SRA_M0001422,SRB_M0001178,SRC_M0000711
GM0001777,GT0000451,SRA_M0001423,SRB_M0001179,
GM0001778,GT0000452,,,SRC_M0000712
GM0001779,GT0000452,SRA_M0001424,,
GM0001780,GT0000452,SRA_M0001425,,SRC_M0000713
GM0001781,GT0000452,SRA_M0001426,,SRC_M0000714
GM0001782,GT0000452,SRA_M0001427,,
GM0001783,GT0000452,SRA_M0001428,,SRC_M0000715
GM0001784,GT0000453,SRA_M0001429,SRB_M0001180,SRC_M0000716
GM0001785,GT0000453,SRA_M0001430,SRB_M0001181,SRC_M0000717
GM0001786,GT0000454,SRA_M0001431,,SRC_M0000718
GM0001787,GT0000454,SRA_M0001432,SRB_M0001182,SRC_M0000719
GM0001788,GT0000455,,,
GM0001789,GT0000455,,SRB_M0001183,
GM0001790,GT0000455,,SRB_M0001184,SRC_M0000720
GM0001791,GT0000455,,SRB_M0001185,
GM0001792,GT0000455,,SRB_M0001186,SRC_M0000721
GM0001793,GT0000456,SRA_M0001433,SRB_M0001187,
GM0001794,GT0000456,SRA_M0001434,,SRC_M0000722
GM0001795,GT0000456,SRA_M0001435,SRB_M0001188,SRC_M0000723
GM0001796,GT0000456,SRA_M0001436,SRB_M0001189,SRC_M0000724
GM0001797,GT0000457,SRA_M0001437,SRB_M0001190,SRC_M0000725
GM0001798,GT0000457,SRA_M0001438,,SRC_M0000726
GM0001799,GT0000458,SRA_M0001439,,
GM0001800,GT0000458,SRA_M0001440,,
GM0001801,GT0000458,SRA_M0001441,,
GM0001802,GT0000458,SRA_M0001442,,
GM0001803,GT0000458,SRA_M0001443,,
GM0001804,GT0000459,SRA_M0001444,,
GM0001805,GT0000459,SRA_M0001445,,SRC_M0000727
GM0001806,GT0000459,SRA_M0001446,,
GM0001807,GT0000460,SRA_M0001447,,SRC_M0000728
GM0001808,GT0000460,SRA_M0001448,,
GM0001809,GT0000460,SRA_M0001449,,
GM0001810,GT0000460,SRA_M0001450,,SRC_M0000729
GM0001811,GT0000460,SRA_M0001451,,SRC_M0000730
GM0001812,GT0000460,SRA_M0001452,,SRC_M0000731
GM0001813,GT0000461,SRA_M0001453,SRB_M0001191,
GM0001814,GT0000461,,SRB_M0001192,
GM0001815,GT0000461,SRA_M0001454,SRB_M0001193,
GM0001816,GT0000462,SRA_M0001455,,SRC_M0000732
GM0001817,GT0000462,SRA_M0001456,SRB_M0001194,SRC_M0000733
GM0001818,GT0000462,SRA_M0001457,SRB_M0001195,SRC_M0000734
GM0001819,GT0000462,SRA_M0001458,SRB_M0001196,SRC_M0000735
GM0001820,GT0000462,SRA_M0001459,SRB_M0001197,SRC_M0000736
GM0001821,GT0000462,SRA_M0001460,SRB_M0001198,SRC_M0000737
GM0001822,GT0000463,SRA_M0001461,SRB_M0001199,
GM0001823,GT0000463,SRA_M0001462,SRB_M0001200,
GM0001824,GT0000463,SRA_M0001463,SRB_M0001201,
GM0001825,GT0000463,SRA_M0001464,SRB_M0001202,
GM0001826,GT0000463,SRA_M0001465,SRB_M0001203,
GM0001827,GT0000463,SRA_M0001466,SRB_M0001204,
GM0001828,GT0000464,SRA_M0001467,SRB_M0001205,
GM0001829,GT0000464,SRA_M0001468,,SRC_M0000738
GM0001830,GT0000464,SRA_M0001469,SRB_M0001206,SRC_M0000739
GM0001831,GT0000464,SRA_M0001470,,
GM0001832,GT0000464,SRA_M0001471,SRB_M0001207,SRC_M0000740
GM0001833,GT0000465,,,SRC_M0000741
GM0001834,GT0000465,SRA_M0001472,,SRC_M0000742
GM0001835,GT0000466,SRA_M0001473,SRB_M0001208,
GM0001836,GT0000466,SRA_M0001474,SRB_M0001209,
GM0001837,GT0000466,SRA_M0001475,SRB_M0001210,
GM0001838,GT0000466,SRA_M0001476,SRB_M0001211,
GM0001839,GT0000467,SRA_M0001478,,
GM0001840,GT0000467,SRA_M0001479,SRB_M0001212,
GM0001841,GT0000467,SRA_M0001480,SRB_M0001213,
GM0001842,GT0000467,SRA_M0001481,SRB_M0001214,
GM0001843,GT0000468,SRA_M0001482,SRB_M0001215,
GM0001844,GT0000468,SRA_M0001483,,
GM0001845,GT0000469,SRA_M0001484,,
GM0001846,GT0000469,SRA_M0001485,,
GM0001847,GT0000469,SRA_M0001486,,
GM0001848,GT0000469,,SRB_M0001216,
GM0001849,GT0000470,SRA_M0001487,SRB_M0001217,
GM0001850,GT0000470,SRA_M0001488,SRB_M0001218,
GM0001851,GT0000470,SRA_M0001489,,
GM0001852,GT0000470,SRA_M0001490,SRB_M0001219,
GM0001853,GT0000471,SRA_M0001491,,SRC_M0000743
GM0001854,GT0000471,SRA_M0001492,SRB_M0001220,
GM0001855,GT0000472,,SRB_M0001221,
GM0001856,GT0000472,SRA_M0001493,SRB_M0001222,
GM0001857,GT0000472,SRA_M0001494,SRB_M0001223,
GM0001858,GT0000472,SRA_M0001495,SRB_M0001224,
GM0001859,GT0000472,SRA_M0001496,SRB_M0001225,
GM0001860,GT0000473,SRA_M0001497,SRB_M0001226,
GM0001861,GT0000473,SRA_M0001498,SRB_M0001227,
GM0001862,GT0000473,SRA_M0001499,,
GM0001863,GT0000473,SRA_M0001500,SRB_M0001228,
GM0001864,GT0000473,SRA_M0001501,SRB_M0001229,
GM0001865,GT0000474,,SRB_M0001230,
GM0001866,GT0000474,,SRB_M0001231,
GM0001867,GT0000474,,SRB_M0001232,
GM0001868,GT0000474,SRA_M0001503,SRB_M0001233,
GM0001869,GT0000474,SRA_M0001504,SRB_M0001234,
GM0001870,GT0000474,SRA_M0001505,SRB_M0001235,
GM0001871,GT0000475,SRA_M0001506,SRB_M0001236,
GM0001872,GT0000475,SRA_M0001507,,
GM0001873,GT0000476,SRA_M0001508,SRB_M0001237,SRC_M0000744
GM0001874,GT0000476,,SRB_M0001238,SRC_M0000745
GM0001875,GT0000476,SRA_M0001509,SRB_M0001239,SRC_M0000746
GM0001876,GT0000477,SRA_M0001510,,
GM0001877,GT0000477,SRA_M0001511,SRB_M0001240,
GM0001878,GT0000477,SRA_M0001512,,SRC_M0000747
GM0001879,GT0000477,SRA_M0001513,SRB_M0001241,SRC_M0000748
GM0001880,GT0000477,SRA_M0001514,SRB_M0001242,SRC_M0000749
GM0001881,GT0000477,SRA_M0001515,SRB_M0001243,
GM0001882,GT0000478,,SRB_M0001244,SRC_M0000750
GM0001883,GT0000478,,SRB_M0001245,SRC_M0000751
GM0001884,GT0000478,,SRB_M0001246,SRC_M0000752
GM0001885,GT0000478,,,
GM0001886,GT0000479,SRA_M0001516,SRB_M0001247,SRC_M0000753
GM0001887,GT0000479,SRA_M0001517,SRB_M0001248,SRC_M0000754
GM0001888,GT0000479,SRA_M0001518,SRB_M0001249,SRC_M0000755
GM0001889,GT0000479,SRA_M0001519,SRB_M0001250,SRC_M0000756
GM0001890,GT0000479,SRA_M0001520,SRB_M0001251,SRC_M0000757
GM0001891,GT0000479,SRA_M0001521,SRB_M0001252,SRC_M0000758
GM0001892,GT0000480,SRA_M0001523,SRB_M0001253,SRC_M0000759
GM0001893,GT0000480,SRA_M0001524,SRB_M0001254,
GM0001894,GT0000480,SRA_M0001525,,SRC_M0000760
GM0001895,GT0000480,SRA_M0001526,,SRC_M0000761
GM0001896,GT0000480,SRA_M0001527,SRB_M0001255,SRC_M0000762
GM0001897,GT0000481,SRA_M0001528,,
GM0001898,GT0000481,SRA_M0001529,,
GM0001899,GT0000481,SRA_M0001530,,
GM0001900,GT0000482,SRA_M0001531,SRB_M0001256,SRC_M0000763
GM0001901,GT0000482,SRA_M0001532,,
GM0001902,GT0000482,SRA_M0001533,SRB_M0001257,SRC_M0000764
GM0001903,GT0000482,SRA_M0001534,SRB_M0001258,
GM0001904,GT0000482,SRA_M0001535,,SRC_M0000765
GM0001905,GT0000482,SRA_M0001536,SRB_M0001259,
GM0001906,GT0000483,SRA_M0001537,SRB_M0001260,
GM0001907,GT0000483,SRA_M0001538,SRB_M0001261,
GM0001908,GT0000483,SRA_M0001539,SRB_M0001262,
GM0001909,GT0000483,SRA_M0001540,SRB_M0001263,
GM0001910,GT0000483,SRA_M0001541,SRB_M0001264,
GM0001911,GT0000483,SRA_M0001542,SRB_M0001265,
GM0001912,GT0000484,SRA_M0001543,SRB_M0001266,
GM0001913,GT0000484,SRA_M0001544,SRB_M0001267,
GM0001914,GT0000484,SRA_M0001545,SRB_M0001268,
GM0001915,GT0000484,SRA_M0001546,SRB_M0001269,
GM0001916,GT0000484,SRA_M0001547,SRB_M0001270,
GM0001917,GT0000484,SRA_M0001548,SRB_M0001271,
GM0001918,GT0000485,SRA_M0001549,SRB_M0001272,SRC_M0000766
GM0001919,GT0000485,SRA_M0001550,,SRC_M0000767
GM0001920,GT0000485,SRA_M0001551,SRB_M0001273,SRC_M0000768
GM0001921,GT0000485,SRA_M0001552,SRB_M0001274,SRC_M0000769
GM0001922,GT0000485,SRA_M0001553,SRB_M0001275,SRC_M0000770
GM0001923,GT0000486,SRA_M0001554,,
GM0001924,GT0000486,SRA_M0001555,,SRC_M0000771
GM0001925,GT0000487,SRA_M0001556,,SRC_M0000772
GM0001926,GT0000487,SRA_M0001557,SRB_M0001276,SRC_M0000773
GM0001927,GT0000487,SRA_M0001558,SRB_M0001277,SRC_M0000774
GM0001928,GT0000487,SRA_M0001559,SRB_M0001278,SRC_M0000775
GM0001929,GT0000488,,,
GM0001930,GT0000488,SRA_M0001560,SRB_M0001279,
GM0001931,GT0000488,SRA_M0001561,SRB_M0001280,
GM0001932,GT0000489,SRA_M0001562,SRB_M0001281,
GM0001933,GT0000489,SRA_M0001563,SRB_M0001282,SRC_M0000776
GM0001934,GT0000489,SRA_M0001564,SRB_M0001283,SRC_M0000777
GM0001935,GT0000489,SRA_M0001565,SRB_M0001284,SRC_M0000778
GM0001936,GT0000489,SRA_M0001566,SRB_M0001285,SRC_M0000779
GM0001937,GT0000489,SRA_M0001567,,SRC_M0000780
GM0001938,GT0000490,SRA_M0001568,SRB_M0001286,SRC_M0000781
GM0001939,GT0000490,,,SRC_M0000782
GM0001940,GT0000490,SRA_M0001569,SRB_M0001287,SRC_M0000783
GM0001941,GT0000491,SRA_M0001570,,
GM0001942,GT0000491,SRA_M0001571,,
GM0001943,GT0000492,SRA_M0001572,SRB_M0001289,SRC_M0000784
GM0001944,GT0000492,SRA_M0001573,SRB_M0001290,
GM0001945,GT0000493,,,SRC_M0000785
GM0001946,GT0000493,SRA_M0001574,,SRC_M0000786
GM0001947,GT0000493,SRA_M0001575,,SRC_M0000787
GM0001948,GT0000493,SRA_M0001576,,SRC_M0000788
GM0001949,GT0000494,SRA_M0001577,SRB_M0001291,
GM0001950,GT0000494,SRA_M0001578,SRB_M0001292,
GM0001951,GT0000494,,SRB_M0001293,
GM0001952,GT0000494,SRA_M0001579,SRB_M0001294,
GM0001953,GT0000494,SRA_M0001580,SRB_M0001295,
GM0001954,GT0000495,SRA_M0001581,SRB_M0001296,SRC_M0000789
GM0001955,GT0000495,SRA_M0001582,,
GM0001956,GT0000495,SRA_M0001583,,
GM0001957,GT0000495,SRA_M0001584,SRB_M0001297,SRC_M0000790
GM0001958,GT0000495,SRA_M0001585,SRB_M0001298,
GM0001959,GT0000495,SRA_M0001586,SRB_M0001299,SRC_M0000791
GM0001960,GT0000496,,SRB_M0001300,SRC_M0000792
GM0001961,GT0000496,SRA_M0001587,SRB_M0001301,SRC_M0000793
GM0001962,GT0000496,SRA_M0001588,,SRC_M0000794
GM0001963,GT0000496,,,SRC_M0000795
GM0001964,GT0000497,SRA_M0001589,SRB_M0001302,
GM0001965,GT0000497,SRA_M0001590,SRB_M0001303,
GM0001966,GT0000497,SRA_M0001591,SRB_M0001304,
GM0001967,GT0000498,SRA_M0001592,SRB_M0001305,
GM0001968,GT0000498,SRA_M0001593,,
GM0001969,GT0000498,SRA_M0001594,,
GM0001970,GT0000498,SRA_M0001595,,
GM0001971,GT0000498,SRA_M0001596,SRB_M0001306,
GM0001972,GT0000498,SRA_M0001597,SRB_M0001307,
GM0001973,GT0000499,SRA_M0001598,SRB_M0001308,SRC_M0000796
GM0001974,GT0000499,SRA_M0001599,SRB_M0001309,
GM0001975,GT0000499,SRA_M0001600,SRB_M0001310,
GM0001976,GT0000500,SRA_M0001601,SRB_M0001311,
GM0001977,GT0000500,SRA_M0001602,SRB_M0001312,SRC_M0000797
GM0001978,GT0000500,SRA_M0001603,SRB_M0001313,
GM0001979,GT0000500,SRA_M0001604,SRB_M0001314,
GM0001980,GT0000500,SRA_M0001605,,SRC_M0000798
GM0001981,GT0000501,SRA_M0001606,SRB_M0001315,
GM0001982,GT0000501,SRA_M0001607,,SRC_M0000799
GM0001983,GT0000501,SRA_M0001608,SRB_M0001316,
GM0001984,GT0000502,SRA_M0001609,,
GM0001985,GT0000502,SRA_M0001610,,
GM0001986,GT0000502,SRA_M0001611,,
GM0001987,GT0000502,SRA_M0001612,,
GM0001988,GT0000503,SRA_M0001613,SRB_M0001317,SRC_M0000800
GM0001989,GT0000503,SRA_M0001614,SRB_M0001318,SRC_M0000801
GM0001990,GT0000503,SRA_M0001615,SRB_M0001319,SRC_M0000802
GM0001991,GT0000503,SRA_M0001616,SRB_M0001320,SRC_M0000803
GM0001992,GT0000504,SRA_M0001617,SRB_M0001321,SRC_M0000804
GM0001993,GT0000504,SRA_M0001618,SRB_M0001322,
GM0001994,GT0000504,SRA_M0001619,,SRC_M0000805
GM0001995,GT0000504,SRA_M0001620,,SRC_M0000806
GM0001996,GT0000504,SRA_M0001621,,SRC_M0000807
GM0001997,GT0000504,SRA_M0001622,SRB_M0001323,SRC_M0000808
GM0001998,GT0000505,SRA_M0001623,SRB_M0001324,SRC_M0000809
GM0001999,GT0000505,SRA_M0001624,SRB_M0001325,SRC_M0000810
GM0002000,GT0000505,SRA_M0001625,SRB_M0001326,SRC_M0000811
GM0002001,GT0000506,SRA_M0001626,,SRC_M0000812
GM0002002,GT0000506,,,SRC_M0000813
GM0002003,GT0000506,,,SRC_M0000814
GM0002004,GT0000507,SRA_M0001627,SRB_M0001328,
GM0002005,GT0000507,SRA_M0001628,SRB_M0001329,
GM0002006,GT0000507,SRA_M0001629,SRB_M0001330,
GM0002007,GT0000507,SRA_M0001630,,
GM0002008,GT0000508,SRA_M0001631,SRB_M0001331,
GM0002009,GT0000508,SRA_M0001632,SRB_M0001332,SRC_M0000815
GM0002010,GT0000508,SRA_M0001633,SRB_M0001333,SRC_M0000816
GM0002011,GT0000509,,SRB_M0001334,
GM0002012,GT0000509,,SRB_M0001335,
GM0002013,GT0000509,,SRB_M0001336,
GM0002014,GT0000509,,SRB_M0001337,
GM0002015,GT0000509,,SRB_M0001338,
GM0002016,GT0000510,SRA_M0001634,,SRC_M0000817
GM0002017,GT0000510,SRA_M0001635,,SRC_M0000818
GM0002018,GT0000510,,,
GM0002019,GT0000510,,,
GM0002020,GT0000511,SRA_M0001636,SRB_M0001339,
GM0002021,GT0000511,SRA_M0001637,SRB_M0001340,
GM0002022,GT0000511,SRA_M0001638,,
GM0002023,GT0000512,SRA_M0001639,SRB_M0001341,
GM0002024,GT0000512,SRA_M0001640,SRB_M0001342,
GM0002025,GT0000512,SRA_M0001641,SRB_M0001343,
GM0002026,GT0000512,SRA_M0001642,SRB_M0001344,
GM0002027,GT0000512,SRA_M0001643,SRB_M0001345,
GM0002028,GT0000513,SRA_M0001644,SRB_M0001346,
GM0002029,GT0000513,SRA_M0001645,SRB_M0001347,
GM0002030,GT0000513,SRA_M0001646,SRB_M0001348,SRC_M0000819
GM0002031,GT0000514,SRA_M0001647,SRB_M0001349,
GM0002032,GT0000514,SRA_M0001648,SRB_M0001350,SRC_M0000820
GM0002033,GT0000514,SRA_M0001649,SRB_M0001351,SRC_M0000821
GM0002034,GT0000514,SRA_M0001650,,SRC_M0000822
GM0002035,GT0000515,SRA_M0001651,SRB_M0001352,SRC_M0000823
GM0002036,GT0000515,SRA_M0001652,SRB_M0001353,SRC_M0000824
GM0002037,GT0000515,SRA_M0001653,SRB_M0001354,
GM0002038,GT0000515,SRA_M0001654,SRB_M0001355,SRC_M0000825
GM0002039,GT0000515,SRA_M0001655,SRB_M0001356,
GM0002040,GT0000515,SRA_M0001656,SRB_M0001357,SRC_M0000826
GM0002041,GT0000516,,,
GM0002042,GT0000516,SRA_M0001658,,SRC_M0000827
GM0002043,GT0000516,SRA_M0001659,,SRC_M0000828
GM0002044,GT0000516,SRA_M0001660,,SRC_M0000829
GM0002045,GT0000517,SRA_M0001661,SRB_M0001358,SRC_M0000830
GM0002046,GT0000517,SRA_M0001662,,SRC_M0000831
GM0002047,GT0000518,SRA_M0001663,,
GM0002048,GT0000518,SRA_M0001664,SRB_M0001359,
GM0002049,GT0000518,SRA_M0001665,SRB_M0001360,
GM0002050,GT0000518,SRA_M0001666,SRB_M0001361,
GM0002051,GT0000518,SRA_M0001667,SRB_M0001362,
GM0002052,GT0000519,SRA_M0001668,SRB_M0001363,SRC_M0000832
GM0002053,GT0000519,SRA_M0001669,SRB_M0001364,SRC_M0000833
GM0002054,GT0000519,SRA_M0001670,SRB_M0001365,SRC_M0000834
GM0002055,GT0000519,SRA_M0001671,SRB_M0001366,
GM0002056,GT0000519,SRA_M0001672,SRB_M0001367,SRC_M0000835
GM0002057,GT0000519,SRA_M0001673,SRB_M0001368,SRC_M0000836
GM0002058,GT0000520,SRA_M0001674,SRB_M0001369,SRC_M0000837
GM0002059,GT0000520,SRA_M0001675,SRB_M0001370,SRC_M0000838
GM0002060,GT0000520,SRA_M0001676,SRB_M0001371,SRC_M0000839
GM0002061,GT0000520,SRA_M0001677,SRB_M0001372,SRC_M0000840
GM0002062,GT0000520,SRA_M0001678,SRB_M0001373,SRC_M0000841
GM0002063,GT0000521,SRA_M0001679,,
GM0002064,GT0000521,SRA_M0001680,,
GM0002065,GT0000521,SRA_M0001681,,
GM0002066,GT0000521,SRA_M0001682,,
GM0002067,GT0000521,SRA_M0001683,,
GM0002068,GT0000521,SRA_M0001684,,
GM0002069,GT0000522,SRA_M0001685,SRB_M0001374,
GM0002070,GT0000522,SRA_M0001686,SRB_M0001375,
GM0002071,GT0000522,SRA_M0001687,SRB_M0001376,
GM0002072,GT0000522,,SRB_M0001377,
GM0002073,GT0000523,SRA_M0001688,SRB_M0001378,SRC_M0000842
GM0002074,GT0000523,SRA_M0001689,SRB_M0001379,SRC_M0000843
GM0002075,GT0000523,SRA_M0001690,,SRC_M0000844
GM0002076,GT0000523,SRA_M0001691,SRB_M0001380,SRC_M0000845
GM0002077,GT0000523,SRA_M0001692,SRB_M0001381,SRC_M0000846
GM0002078,GT0000524,SRA_M0001693,SRB_M0001382,
GM0002079,GT0000524,SRA_M0001694,SRB_M0001383,
GM0002080,GT0000524,SRA_M0001695,SRB_M0001384,
GM0002081,GT0000524,SRA_M0001696,SRB_M0001385,
GM0002082,GT0000525,SRA_M0001697,,SRC_M0000847
GM0002083,GT0000525,SRA_M0001698,SRB_M0001386,SRC_M0000848
GM0002084,GT0000525,SRA_M0001699,SRB_M0001387,
GM0002085,GT0000525,SRA_M0001700,SRB_M0001388,SRC_M0000849
GM0002086,GT0000525,SRA_M0001701,SRB_M0001389,SRC_M0000850
GM0002087,GT0000526,SRA_M0001702,SRB_M0001390,
GM0002088,GT0000526,SRA_M0001703,SRB_M0001391,
GM0002089,GT0000526,SRA_M0001704,SRB_M0001392,
GM0002090,GT0000526,SRA_M0001705,SRB_M0001393,
GM0002091,GT0000527,SRA_M0001706,SRB_M0001394,
GM0002092,GT0000527,SRA_M0001707,,
GM0002093,GT0000527,SRA_M0001708,SRB_M0001395,
GM0002094,GT0000527,SRA_M0001709,SRB_M0001396,
GM0002095,GT0000527,SRA_M0001710,SRB_M0001397,
GM0002096,GT0000527,SRA_M0001711,SRB_M0001398,
GM0002097,GT0000528,SRA_M0001712,SRB_M0001399,
GM0002098,GT0000528,SRA_M0001713,SRB_M0001400,SRC_M0000851
GM0002099,GT0000528,SRA_M0001714,,
GM0002100,GT0000529,SRA_M0001715,SRB_M0001401,
GM0002101,GT0000529,SRA_M0001716,SRB_M0001402,
GM0002102,GT0000529,SRA_M0001717,SRB_M0001403,
GM0002103,GT0000529,SRA_M0001718,SRB_M0001404,
GM0002104,GT0000529,SRA_M0001719,SRB_M0001405,
GM0002105,GT0000530,SRA_M0001720,SRB_M0001406,SRC_M0000853
GM0002106,GT0000530,SRA_M0001721,SRB_M0001407,SRC_M0000854
GM0002107,GT0000530,,,SRC_M0000855
GM0002108,GT0000531,SRA_M0001722,SRB_M0001408,SRC_M0000856
GM0002109,GT0000531,SRA_M0001723,SRB_M0001409,SRC_M0000857
GM0002110,GT0000531,,,SRC_M0000858
GM0002111,GT0000531,SRA_M0001724,SRB_M0001410,SRC_M0000859
GM0002112,GT0000531,,SRB_M0001411,SRC_M0000860
GM0002113,GT0000531,SRA_M0001725,SRB_M0001412,SRC_M0000861
GM0002114,GT0000532,SRA_M0001726,,
GM0002115,GT0000532,SRA_M0001727,,
GM0002116,GT0000533,SRA_M0001728,SRB_M0001413,
GM0002117,GT0000533,SRA_M0001729,SRB_M0001414,
GM0002118,GT0000533,SRA_M0001730,SRB_M0001415,
GM0002119,GT0000533,SRA_M0001731,SRB_M0001416,
GM0002120,GT0000533,SRA_M0001732,SRB_M0001417,
GM0002121,GT0000533,SRA_M0001733,SRB_M0001418,
GM0002122,GT0000534,,,SRC_M0000862
GM0002123,GT0000534,SRA_M0001734,,SRC_M0000863
GM0002124,GT0000534,SRA_M0001735,SRB_M0001419,SRC_M0000864
GM0002125,GT0000534,SRA_M0001736,,SRC_M0000865
GM0002126,GT0000534,SRA_M0001737,SRB_M0001420,SRC_M0000866
GM0002127,GT0000535,SRA_M0001738,SRB_M0001421,
GM0002128,GT0000535,SRA_M0001739,,
GM0002129,GT0000535,SRA_M0001740,SRB_M0001422,
GM0002130,GT0000535,SRA_M0001741,SRB_M0001423,
GM0002131,GT0000536,,,SRC_M0000867
GM0002132,GT0000536,SRA_M0001742,SRB_M0001424,SRC_M0000868
GM0002133,GT0000537,SRA_M0001743,SRB_M0001425,
GM0002134,GT0000537,SRA_M0001744,SRB_M0001426,
GM0002135,GT0000537,SRA_M0001745,SRB_M0001427,
GM0002136,GT0000537,SRA_M0001746,SRB_M0001428,
GM0002137,GT0000538,SRA_M0001747,,SRC_M0000869
GM0002138,GT0000538,SRA_M0001748,,SRC_M0000870
GM0002139,GT0000538,SRA_M0001749,,SRC_M0000871
GM0002140,GT0000538,SRA_M0001750,,SRC_M0000872
GM0002141,GT0000538,SRA_M0001751,,SRC_M0000873
GM0002142,GT0000538,SRA_M0001752,,SRC_M0000874
GM0002143,GT0000539,SRA_M0001753,,
GM0002144,GT0000539,SRA_M0001754,,
GM0002145,GT0000539,SRA_M0001755,,
GM0002146,GT0000539,SRA_M0001756,,
GM0002147,GT0000539,SRA_M0001757,,
GM0002148,GT0000540,SRA_M0001758,,SRC_M0000875
GM0002149,GT0000540,SRA_M0001759,,SRC_M0000876
GM0002150,GT0000540,SRA_M0001760,,SRC_M0000877
GM0002151,GT0000540,SRA_M0001761,,SRC_M0000878
GM0002152,GT0000540,SRA_M0001762,,
GM0002153,GT0000541,SRA_M0001763,SRB_M0001429,
GM0002154,GT0000541,SRA_M0001764,SRB_M0001430,
GM0002155,GT0000541,SRA_M0001765,SRB_M0001431,
GM0002156,GT0000541,SRA_M0001766,SRB_M0001432,
GM0002157,GT0000541,SRA_M0001767,SRB_M0001433,
GM0002158,GT0000542,,SRB_M0001434,
GM0002159,GT0000542,,,
GM0002160,GT0000542,,,
GM0002161,GT0000542,,SRB_M0001435,
GM0002162,GT0000542,,,
GM0002163,GT0000542,,SRB_M0001436,
GM0002164,GT0000543,SRA_M0001768,SRB_M0001437,
GM0002165,GT0000543,SRA_M0001769,SRB_M0001438,
GM0002166,GT0000543,,SRB_M0001439,
GM0002167,GT0000543,SRA_M0001770,SRB_M0001440,
GM0002168,GT0000543,SRA_M0001771,SRB_M0001441,
GM0002169,GT0000544,SRA_M0001772,SRB_M0001442,SRC_M0000879
GM0002170,GT0000544,SRA_M0001773,SRB_M0001443,SRC_M0000880
GM0002171,GT0000544,,SRB_M0001444,SRC_M0000881
GM0002172,GT0000544,SRA_M0001774,SRB_M0001445,SRC_M0000882
GM0002173,GT0000544,SRA_M0001775,SRB_M0001446,SRC_M0000883
GM0002174,GT0000544,SRA_M0001776,SRB_M0001447,SRC_M0000884
GM0002175,GT0000545,SRA_M0001777,,
GM0002176,GT0000545,SRA_M0001778,,
GM0002177,GT0000545,SRA_M0001779,,
GM0002178,GT0000546,SRA_M0001780,SRB_M0001448,
GM0002179,GT0000546,,,
GM0002180,GT0000547,SRA_M0001781,SRB_M0001449,SRC_M0000885
GM0002181,GT0000547,SRA_M0001782,SRB_M0001450,SRC_M0000886
GM0002182,GT0000547,SRA_M0001783,SRB_M0001451,
GM0002183,GT0000548,SRA_M0001784,SRB_M0001452,
GM0002184,GT0000548,,,
GM0002185,GT0000549,SRA_M0001785,,
GM0002186,GT0000549,SRA_M0001786,SRB_M0001453,
GM0002187,GT0000549,SRA_M0001787,SRB_M0001454,
GM0002188,GT0000549,,SRB_M0001455,
GM0002189,GT0000549,SRA_M0001788,SRB_M0001456,
GM0002190,GT0000550,SRA_M0001789,,
GM0002191,GT0000550,SRA_M0001790,SRB_M0001457,
GM0002192,GT0000550,SRA_M0001791,,
GM0002193,GT0000550,SRA_M0001792,SRB_M0001458,
GM0002194,GT0000551,SRA_M0001793,,SRC_M0000887
GM0002195,GT0000551,SRA_M0001794,,SRC_M0000888
GM0002196,GT0000551,,,SRC_M0000889
GM0002197,GT0000551,SRA_M0001795,,SRC_M0000890
GM0002198,GT0000551,SRA_M0001796,,SRC_M0000891
GM0002199,GT0000552,SRA_M0001798,SRB_M0001459,
GM0002200,GT0000552,SRA_M0001799,SRB_M0001460,
GM0002201,GT0000552,SRA_M0001800,SRB_M0001461,
GM0002202,GT0000553,SRA_M0001801,SRB_M0001463,
GM0002203,GT0000553,SRA_M0001802,SRB_M0001464,
GM0002204,GT0000553,SRA_M0001803,SRB_M0001465,
GM0002205,GT0000553,SRA_M0001804,SRB_M0001466,
GM0002206,GT0000553,SRA_M0001805,SRB_M0001467,
GM0002207,GT0000553,SRA_M0001806,,
GM0002208,GT0000554,SRA_M0001807,SRB_M0001468,SRC_M0000892
GM0002209,GT0000554,,SRB_M0001469,SRC_M0000893
GM0002210,GT0000554,SRA_M0001808,,SRC_M0000894
GM0002211,GT0000554,SRA_M0001809,SRB_M0001470,
GM0002212,GT0000554,SRA_M0001810,SRB_M0001471,SRC_M0000895
GM0002213,GT0000554,SRA_M0001811,,
GM0002214,GT0000555,SRA_M0001812,SRB_M0001472,SRC_M0000896
GM0002215,GT0000555,SRA_M0001813,,SRC_M0000897
GM0002216,GT0000555,SRA_M0001814,,SRC_M0000898
GM0002217,GT0000556,,SRB_M0001473,
GM0002218,GT0000556,SRA_M0001815,SRB_M0001474,
GM0002219,GT0000557,SRA_M0001816,SRB_M0001475,SRC_M0000899
GM0002220,GT0000557,SRA_M0001817,SRB_M0001476,SRC_M0000900
GM0002221,GT0000557,SRA_M0001818,SRB_M0001477,SRC_M0000901
GM0002222,GT0000557,SRA_M0001819,SRB_M0001478,SRC_M0000902
GM0002223,GT0000557,SRA_M0001820,SRB_M0001479,
GM0002224,GT0000557,SRA_M0001821,,SRC_M0000903
GM0002225,GT0000558,SRA_M0001822,,
GM0002226,GT0000558,SRA_M0001823,,SRC_M0000904
GM0002227,GT0000558,SRA_M0001824,,
GM0002228,GT0000558,SRA_M0001825,,SRC_M0000905
GM0002229,GT0000559,SRA_M0001826,SRB_M0001480,
GM0002230,GT0000559,SRA_M0001827,SRB_M0001481,
GM0002231,GT0000559,SRA_M0001828,SRB_M0001482,
GM0002232,GT0000559,SRA_M0001829,,
GM0002233,GT0000559,SRA_M0001830,,
GM0002234,GT0000559,SRA_M0001831,SRB_M0001483,
GM0002235,GT0000560,SRA_M0001832,SRB_M0001484,
GM0002236,GT0000560,SRA_M0001833,SRB_M0001485,SRC_M0000906
GM0002237,GT0000561,SRA_M0001834,SRB_M0001486,SRC_M0000907
GM0002238,GT0000561,,SRB_M0001487,SRC_M0000908
GM0002239,GT0000562,SRA_M0001835,,SRC_M0000909
GM0002240,GT0000562,SRA_M0001836,,
GM0002241,GT0000563,,SRB_M0001488,
GM0002242,GT0000563,,SRB_M0001489,
GM0002243,GT0000563,,SRB_M0001490,
GM0002244,GT0000563,,SRB_M0001491,
GM0002245,GT0000563,,SRB_M0001492,
GM0002246,GT0000564,SRA_M0001837,SRB_M0001493,
GM0002247,GT0000564,SRA_M0001838,SRB_M0001494,
GM0002248,GT0000564,SRA_M0001839,SRB_M0001495,
GM0002249,GT0000564,SRA_M0001840,SRB_M0001496,
GM0002250,GT0000564,SRA_M0001841,SRB_M0001497,
GM0002251,GT0000565,,SRB_M0001498,
GM0002252,GT0000565,,SRB_M0001499,
GM0002253,GT0000566,SRA_M0001842,SRB_M0001500,
GM0002254,GT0000566,SRA_M0001843,SRB_M0001501,
GM0002255,GT0000566,,SRB_M0001502,
GM0002256,GT0000566,SRA_M0001844,SRB_M0001503,
GM0002257,GT0000566,,SRB_M0001504,
GM0002258,GT0000567,SRA_M0001845,SRB_M0001505,
GM0002259,GT0000567,SRA_M0001846,SRB_M0001506,
GM0002260,GT0000567,SRA_M0001847,SRB_M0001507,SRC_M0000910
GM0002261,GT0000568,SRA_M0001848,SRB_M0001508,
GM0002262,GT0000568,,SRB_M0001509,
GM0002263,GT0000568,SRA_M0001849,SRB_M0001510,
GM0002264,GT0000568,SRA_M0001850,SRB_M0001511,
GM0002265,GT0000568,SRA_M0001851,SRB_M0001512,
GM0002266,GT0000568,SRA_M0001852,SRB_M0001513,
GM0002267,GT0000569,SRA_M0001853,,SRC_M0000911
GM0002268,GT0000569,SRA_M0001854,,SRC_M0000912
GM0002269,GT0000569,SRA_M0001855,,SRC_M0000913
GM0002270,GT0000569,SRA_M0001856,,
GM0002271,GT0000569,SRA_M0001857,,
GM0002272,GT0000569,SRA_M0001858,,
GM0002273,GT0000570,SRA_M0001859,,
GM0002274,GT0000570,SRA_M0001860,,
GM0002275,GT0000570,SRA_M0001861,SRB_M0001514,
GM0002276,GT0000571,SRA_M0001862,SRB_M0001515,SRC_M0000914
GM0002277,GT0000571,SRA_M0001863,SRB_M0001516,SRC_M0000915
GM0002278,GT0000571,SRA_M0001864,SRB_M0001517,SRC_M0000916
GM0002279,GT0000572,SRA_M0001865,SRB_M0001518,SRC_M0000917
GM0002280,GT0000572,SRA_M0001866,SRB_M0001519,
GM0002281,GT0000572,SRA_M0001867,SRB_M0001520,SRC_M0000918
GM0002282,GT0000572,SRA_M0001868,SRB_M0001521,
GM0002283,GT0000573,SRA_M0001869,,SRC_M0000919
GM0002284,GT0000573,SRA_M0001870,,SRC_M0000920
GM0002285,GT0000573,SRA_M0001871,,SRC_M0000921
GM0002286,GT0000573,SRA_M0001872,,SRC_M0000922
GM0002287,GT0000574,SRA_M0001873,SRB_M0001522,SRC_M0000923
GM0002288,GT0000574,,,SRC_M0000924
GM0002289,GT0000574,SRA_M0001874,SRB_M0001523,SRC_M0000925
GM0002290,GT0000575,SRA_M0001876,SRB_M0001524,SRC_M0000926
GM0002291,GT0000575,SRA_M0001877,SRB_M0001525,SRC_M0000927
GM0002292,GT0000575,SRA_M0001878,SRB_M0001526,SRC_M0000928
GM0002293,GT0000575,SRA_M0001879,,
GM0002294,GT0000576,SRA_M0001880,SRB_M0001527,
GM0002295,GT0000576,SRA_M0001881,SRB_M0001528,
GM0002296,GT0000576,SRA_M0001882,SRB_M0001529,
GM0002297,GT0000576,,SRB_M0001530,
GM0002298,GT0000576,,SRB_M0001531,
GM0002299,GT0000576,SRA_M0001883,SRB_M0001532,
GM0002300,GT0000577,,,
GM0002301,GT0000577,,,
GM0002302,GT0000577,,,
GM0002303,GT0000577,,,
GM0002304,GT0000577,,,
GM0002305,GT0000577,,,
GM0002306,GT0000578,SRA_M0001884,SRB_M0001533,
GM0002307,GT0000578,SRA_M0001885,SRB_M0001534,
GM0002308,GT0000578,SRA_M0001886,SRB_M0001535,
GM0002309,GT0000578,SRA_M0001887,SRB_M0001536,
GM0002310,GT0000579,SRA_M0001889,,
GM0002311,GT0000579,SRA_M0001890,SRB_M0001537,
GM0002312,GT0000579,SRA_M0001891,SRB_M0001538,
GM0002313,GT0000579,SRA_M0001892,SRB_M0001539,
GM0002314,GT0000579,SRA_M0001893,SRB_M0001540,
GM0002315,GT0000580,SRA_M0001894,SRB_M0001542,
GM0002316,GT0000580,SRA_M0001895,SRB_M0001543,SRC_M0000929
GM0002317,GT0000580,SRA_M0001896,SRB_M0001544,
GM0002318,GT0000580,SRA_M0001897,SRB_M0001545,
GM0002319,GT0000580,SRA_M0001898,SRB_M0001546,SRC_M0000930
GM0002320,GT0000580,SRA_M0001899,SRB_M0001547,SRC_M0000931
GM0002321,GT0000581,,SRB_M0001548,
GM0002322,GT0000581,SRA_M0001900,,SRC_M0000932
GM0002323,GT0000581,SRA_M0001901,SRB_M0001549,SRC_M0000933
GM0002324,GT0000581,SRA_M0001902,,SRC_M0000934
GM0002325,GT0000582,SRA_M0001904,,SRC_M0000935
GM0002326,GT0000582,SRA_M0001905,,SRC_M0000936
GM0002327,GT0000582,SRA_M0001906,SRB_M0001550,SRC_M0000937
GM0002328,GT0000583,SRA_M0001907,,SRC_M0000938
GM0002329,GT0000583,SRA_M0001908,,SRC_M0000939
GM0002330,GT0000583,SRA_M0001909,,SRC_M0000940
GM0002331,GT0000583,SRA_M0001910,,SRC_M0000941
GM0002332,GT0000583,SRA_M0001911,,SRC_M0000942
GM0002333,GT0000584,SRA_M0001912,,SRC_M0000943
GM0002334,GT0000584,SRA_M0001913,,SRC_M0000944
GM0002335,GT0000584,SRA_M0001914,,SRC_M0000945
GM0002336,GT0000584,SRA_M0001915,,SRC_M0000946
GM0002337,GT0000584,SRA_M0001916,,
GM0002338,GT0000585,SRA_M0001918,SRB_M0001551,
GM0002339,GT0000585,SRA_M0001919,,
GM0002340,GT0000585,SRA_M0001920,SRB_M0001552,
GM0002341,GT0000586,,SRB_M0001553,SRC_M0000947
GM0002342,GT0000586,,SRB_M0001554,SRC_M0000948
GM0002343,GT0000586,,SRB_M0001555,SRC_M0000949
GM0002344,GT0000587,SRA_M0001921,,SRC_M0000950
GM0002345,GT0000587,SRA_M0001922,,SRC_M0000951
GM0002346,GT0000587,SRA_M0001923,,
GM0002347,GT0000587,SRA_M0001924,,SRC_M0000952
GM0002348,GT0000587,SRA_M0001925,,SRC_M0000953
GM0002349,GT0000587,SRA_M0001926,,SRC_M0000954
GM0002350,GT0000588,,,
GM0002351,GT0000588,SRA_M0001927,SRB_M0001556,
GM0002352,GT0000588,SRA_M0001928,SRB_M0001557,
GM0002353,GT0000589,SRA_M0001929,SRB_M0001558,SRC_M0000955
GM0002354,GT0000589,SRA_M0001930,SRB_M0001559,SRC_M0000956
GM0002355,GT0000589,,SRB_M0001560,
GM0002356,GT0000589,SRA_M0001931,SRB_M0001561,SRC_M0000957
GM0002357,GT0000589,SRA_M0001932,SRB_M0001562,SRC_M0000958
GM0002358,GT0000590,SRA_M0001933,SRB_M0001563,
GM0002359,GT0000590,SRA_M0001934,,
GM0002360,GT0000590,SRA_M0001935,SRB_M0001564,
GM0002361,GT0000590,SRA_M0001936,SRB_M0001565,
GM0002362,GT0000591,,SRB_M0001566,
GM0002363,GT0000591,,SRB_M0001567,
GM0002364,GT0000591,,SRB_M0001568,
GM0002365,GT0000592,SRA_M0001937,SRB_M0001569,
GM0002366,GT0000592,SRA_M0001938,SRB_M0001570,
GM0002367,GT0000592,,,
GM0002368,GT0000592,SRA_M0001939,SRB_M0001571,
GM0002369,GT0000592,SRA_M0001940,SRB_M0001572,
GM0002370,GT0000593,SRA_M0001941,,
GM0002371,GT0000593,SRA_M0001942,SRB_M0001574,
GM0002372,GT0000593,SRA_M0001943,SRB_M0001575,
GM0002373,GT0000593,SRA_M0001944,SRB_M0001576,
GM0002374,GT0000593,SRA_M0001945,,
GM0002375,GT0000594,,SRB_M0001577,
GM0002376,GT0000594,,SRB_M0001578,
GM0002377,GT0000595,,SRB_M0001579,
GM0002378,GT0000595,,SRB_M0001580,
GM0002379,GT0000595,,SRB_M0001581,
GM0002380,GT0000596,SRA_M0001947,,
GM0002381,GT0000596,SRA_M0001948,,
GM0002382,GT0000596,SRA_M0001949,,
GM0002383,GT0000596,SRA_M0001950,,
GM0002384,GT0000596,SRA_M0001951,,
GM0002385,GT0000596,SRA_M0001952,,
GM0002386,GT0000597,SRA_M0001953,SRB_M0001582,
GM0002387,GT0000597,,SRB_M0001583,
GM0002388,GT0000598,SRA_M0001954,SRB_M0001585,
GM0002389,GT0000598,SRA_M0001955,,
GM0002390,GT0000598,SRA_M0001956,,
GM0002391,GT0000598,SRA_M0001957,SRB_M0001586,
GM0002392,GT0000599,SRA_M0001958,SRB_M0001587,SRC_M0000959
GM0002393,GT0000599,SRA_M0001959,,
GM0002394,GT0000600,SRA_M0001960,,SRC_M0000960
GM0002395,GT0000600,SRA_M0001961,,SRC_M0000961
GM0002396,GT0000601,SRA_M0001962,,SRC_M0000962
GM0002397,GT0000601,SRA_M0001963,,SRC_M0000963
GM0002398,GT0000601,SRA_M0001964,,SRC_M0000964
GM0002399,GT0000601,SRA_M0001965,,SRC_M0000965
GM0002400,GT0000601,SRA_M0001966,,SRC_M0000966
GM0002401,GT0000602,,SRB_M0001588,SRC_M0000967
GM0002402,GT0000602,,,SRC_M0000968
GM0002403,GT0000603,,SRB_M0001589,SRC_M0000969
GM0002404,GT0000603,SRA_M0001967,SRB_M0001590,
GM0002405,GT0000603,SRA_M0001968,SRB_M0001591,
GM0002406,GT0000603,SRA_M0001969,SRB_M0001592,SRC_M0000970
GM0002407,GT0000603,SRA_M0001970,SRB_M0001593,SRC_M0000971
GM0002408,GT0000603,SRA_M0001971,SRB_M0001594,SRC_M0000972
GM0002409,GT0000604,SRA_M0001972,,SRC_M0000973
GM0002410,GT0000604,SRA_M0001973,,SRC_M0000974
GM0002411,GT0000604,SRA_M0001974,,
GM0002412,GT0000604,SRA_M0001975,,
GM0002413,GT0000604,,,SRC_M0000975
GM0002414,GT0000604,SRA_M0001976,,SRC_M0000976
GM0002415,GT0000605,,SRB_M0001595,SRC_M0000977
GM0002416,GT0000605,,SRB_M0001596,SRC_M0000978
GM0002417,GT0000606,SRA_M0001977,,SRC_M0000979
GM0002418,GT0000606,SRA_M0001978,SRB_M0001597,SRC_M0000980
GM0002419,GT0000606,SRA_M0001979,SRB_M0001598,SRC_M0000981
GM0002420,GT0000607,SRA_M0001980,SRB_M0001599,SRC_M0000982
GM0002421,GT0000607,SRA_M0001981,,SRC_M0000983
GM0002422,GT0000607,SRA_M0001982,SRB_M0001600,SRC_M0000984
GM0002423,GT0000607,,SRB_M0001601,SRC_M0000985
GM0002424,GT0000607,SRA_M0001983,SRB_M0001602,SRC_M0000986
GM0002425,GT0000608,SRA_M0001984,,
GM0002426,GT0000608,SRA_M0001985,,
GM0002427,GT0000608,SRA_M0001986,,
GM0002428,GT0000609,SRA_M0001987,SRB_M0001603,
GM0002429,GT0000609,SRA_M0001988,SRB_M0001604,SRC_M0000987
GM0002430,GT0000609,SRA_M0001989,,SRC_M0000988
GM0002431,GT0000609,SRA_M0001990,SRB_M0001605,SRC_M0000989
GM0002432,GT0000609,SRA_M0001991,SRB_M0001606,SRC_M0000990
GM0002433,GT0000609,SRA_M0001992,SRB_M0001607,SRC_M0000991
GM0002434,GT0000610,,,SRC_M0000992
GM0002435,GT0000610,SRA_M0001993,SRB_M0001609,SRC_M0000993
GM0002436,GT0000611,SRA_M0001994,SRB_M0001610,SRC_M0000994
GM0002437,GT0000611,SRA_M0001995,,SRC_M0000995
GM0002438,GT0000611,SRA_M0001996,SRB_M0001611,SRC_M0000996
GM0002439,GT0000612,SRA_M0001997,SRB_M0001612,SRC_M0000997
GM0002440,GT0000612,SRA_M0001998,SRB_M0001613,
GM0002441,GT0000612,SRA_M0001999,SRB_M0001614,SRC_M0000998
GM0002442,GT0000613,SRA_M0002000,,
GM0002443,GT0000613,SRA_M0002001,,
GM0002444,GT0000613,SRA_M0002002,,
GM0002445,GT0000613,SRA_M0002003,,
GM0002446,GT0000614,SRA_M0002004,SRB_M0001615,
GM0002447,GT0000614,,SRB_M0001616,
GM0002448,GT0000614,SRA_M0002005,,
GM0002449,GT0000614,SRA_M0002006,SRB_M0001617,
GM0002450,GT0000615,SRA_M0002007,SRB_M0001618,SRC_M0000999
GM0002451,GT0000615,,SRB_M0001619,SRC_M0001000
GM0002452,GT0000615,SRA_M0002008,SRB_M0001620,
GM0002453,GT0000616,SRA_M0002009,SRB_M0001621,SRC_M0001001
GM0002454,GT0000616,SRA_M0002010,SRB_M0001622,SRC_M0001002
GM0002455,GT0000616,SRA_M0002011,,SRC_M0001003
GM0002456,GT0000617,SRA_M0002012,,
GM0002457,GT0000617,SRA_M0002013,SRB_M0001623,
GM0002458,GT0000617,SRA_M0002014,SRB_M0001624,
GM0002459,GT0000617,SRA_M0002015,SRB_M0001625,
GM0002460,GT0000617,SRA_M0002016,,
GM0002461,GT0000617,SRA_M0002017,SRB_M0001626,
GM0002462,GT0000618,SRA_M0002018,SRB_M0001627,
GM0002463,GT0000618,SRA_M0002019,,
GM0002464,GT0000619,SRA_M0002020,SRB_M0001628,
GM0002465,GT0000619,SRA_M0002021,SRB_M0001629,
GM0002466,GT0000619,SRA_M0002022,SRB_M0001630,
GM0002467,GT0000619,SRA_M0002023,,
GM0002468,GT0000619,SRA_M0002024,SRB_M0001631,
GM0002469,GT0000620,SRA_M0002025,SRB_M0001632,
GM0002470,GT0000620,SRA_M0002026,,SRC_M0001004
GM0002471,GT0000620,SRA_M0002027,SRB_M0001633,SRC_M0001005
GM0002472,GT0000620,SRA_M0002028,SRB_M0001634,SRC_M0001006
GM0002473,GT0000621,SRA_M0002029,SRB_M0001635,SRC_M0001007
GM0002474,GT0000621,SRA_M0002030,SRB_M0001636,SRC_M0001008
GM0002475,GT0000622,SRA_M0002031,SRB_M0001637,
GM0002476,GT0000622,SRA_M0002032,SRB_M0001638,
GM0002477,GT0000623,SRA_M0002033,,
GM0002478,GT0000623,SRA_M0002034,,
GM0002479,GT0000623,SRA_M0002035,,
GM0002480,GT0000623,SRA_M0002036,,
GM0002481,GT0000623,SRA_M0002037,,
GM0002482,GT0000624,,SRB_M0001639,SRC_M0001009
GM0002483,GT0000624,,,SRC_M0001010
GM0002484,GT0000624,,SRB_M0001640,SRC_M0001011
GM0002485,GT0000624,,SRB_M0001641,SRC_M0001012
GM0002486,GT0000625,SRA_M0002038,SRB_M0001642,
GM0002487,GT0000625,SRA_M0002039,SRB_M0001643,SRC_M0001013
GM0002488,GT0000625,SRA_M0002040,SRB_M0001644,
GM0002489,GT0000625,,SRB_M0001645,
GM0002490,GT0000625,,SRB_M0001646,SRC_M0001014
GM0002491,GT0000625,SRA_M0002041,SRB_M0001647,
GM0002492,GT0000626,SRA_M0002042,SRB_M0001648,
GM0002493,GT0000626,SRA_M0002043,SRB_M0001649,
GM0002494,GT0000626,SRA_M0002044,SRB_M0001650,
GM0002495,GT0000626,SRA_M0002045,SRB_M0001651,
GM0002496,GT0000626,SRA_M0002046,SRB_M0001652,
GM0002497,GT0000626,SRA_M0002047,SRB_M0001653,
GM0002498,GT0000627,,SRB_M0001654,
GM0002499,GT0000627,,SRB_M0001655,
GM0002500,GT0000627,SRA_M0002048,SRB_M0001656,
GM0002501,GT0000628,SRA_M0002049,SRB_M0001657,
GM0002502,GT0000628,,SRB_M0001658,
GM0002503,GT0000628,SRA_M0002050,SRB_M0001659,
GM0002504,GT0000628,SRA_M0002051,,
GM0002505,GT0000628,SRA_M0002052,,
GM0002506,GT0000629,SRA_M0002053,,
GM0002507,GT0000629,SRA_M0002054,,SRC_M0001015
GM0002508,GT0000629,SRA_M0002055,,SRC_M0001016
GM0002509,GT0000629,,,
GM0002510,GT0000629,,,SRC_M0001017
GM0002511,GT0000629,SRA_M0002056,,SRC_M0001018
GM0002512,GT0000630,SRA_M0002057,SRB_M0001660,
GM0002513,GT0000630,SRA_M0002058,SRB_M0001661,
GM0002514,GT0000630,SRA_M0002059,SRB_M0001662,
GM0002515,GT0000630,SRA_M0002060,SRB_M0001663,
GM0002516,GT0000630,SRA_M0002061,SRB_M0001664,
GM0002517,GT0000631,SRA_M0002062,SRB_M0001665,
GM0002518,GT0000631,SRA_M0002063,,
GM0002519,GT0000631,SRA_M0002064,SRB_M0001666,
GM0002520,GT0000632,,SRB_M0001667,SRC_M0001019
GM0002521,GT0000632,SRA_M0002065,SRB_M0001668,SRC_M0001020
GM0002522,GT0000632,SRA_M0002066,SRB_M0001669,
GM0002523,GT0000632,SRA_M0002067,SRB_M0001670,SRC_M0001021
GM0002524,GT0000633,SRA_M0002068,SRB_M0001671,
GM0002525,GT0000633,SRA_M0002069,SRB_M0001672,
GM0002526,GT0000633,SRA_M0002070,SRB_M0001673,
GM0002527,GT0000634,,,SRC_M0001022
GM0002528,GT0000634,SRA_M0002071,,SRC_M0001023
GM0002529,GT0000634,,,SRC_M0001024
GM0002530,GT0000634,SRA_M0002072,,SRC_M0001025
GM0002531,GT0000635,SRA_M0002074,SRB_M0001674,
GM0002532,GT0000635,SRA_M0002075,SRB_M0001675,
GM0002533,GT0000635,SRA_M0002076,SRB_M0001676,
GM0002534,GT0000635,SRA_M0002077,SRB_M0001677,
GM0002535,GT0000635,SRA_M0002078,SRB_M0001678,
GM0002536,GT0000636,SRA_M0002079,SRB_M0001679,
GM0002537,GT0000636,SRA_M0002080,SRB_M0001680,
GM0002538,GT0000636,,SRB_M0001681,
GM0002539,GT0000636,SRA_M0002081,SRB_M0001682,
GM0002540,GT0000636,SRA_M0002082,,
GM0002541,GT0000637,SRA_M0002083,SRB_M0001683,
GM0002542,GT0000637,SRA_M0002084,,
GM0002543,GT0000637,SRA_M0002085,SRB_M0001684,
GM0002544,GT0000637,SRA_M0002086,SRB_M0001685,
GM0002545,GT0000637,SRA_M0002087,SRB_M0001686,
GM0002546,GT0000637,SRA_M0002088,SRB_M0001687,
GM0002547,GT0000638,SRA_M0002089,SRB_M0001688,SRC_M0001026
GM0002548,GT0000638,SRA_M0002090,SRB_M0001689,
GM0002549,GT0000639,SRA_M0002091,SRB_M0001690,
GM0002550,GT0000639,SRA_M0002092,SRB_M0001691,
GM0002551,GT0000640,SRA_M0002093,SRB_M0001693,
GM0002552,GT0000640,,SRB_M0001694,
GM0002553,GT0000640,SRA_M0002094,SRB_M0001695,
GM0002554,GT0000640,SRA_M0002095,SRB_M0001696,
GM0002555,GT0000640,SRA_M0002096,SRB_M0001697,
GM0002556,GT0000640,SRA_M0002097,,
GM0002557,GT0000641,,,SRC_M0001027
GM0002558,GT0000641,,,SRC_M0001028
GM0002559,GT0000641,,,SRC_M0001029
GM0002560,GT0000641,,,SRC_M0001030
GM0002561,GT0000641,,,SRC_M0001031
GM0002562,GT0000642,,SRB_M0001698,SRC_M0001032
GM0002563,GT0000642,,SRB_M0001699,SRC_M0001033
GM0002564,GT0000642,SRA_M0002098,SRB_M0001700,SRC_M0001034
GM0002565,GT0000642,SRA_M0002099,SRB_M0001701,SRC_M0001035
GM0002566,GT0000643,SRA_M0002100,SRB_M0001702,
GM0002567,GT0000643,SRA_M0002101,SRB_M0001703,SRC_M0001036
GM0002568,GT0000643,SRA_M0002102,SRB_M0001704,SRC_M0001037
GM0002569,GT0000644,SRA_M0002103,,SRC_M0001038
GM0002570,GT0000644,SRA_M0002104,,
GM0002571,GT0000644,SRA_M0002105,,SRC_M0001039
GM0002572,GT0000645,SRA_M0002106,SRB_M0001705,SRC_M0001040
GM0002573,GT0000645,SRA_M0002107,SRB_M0001706,SRC_M0001041
GM0002574,GT0000645,SRA_M0002108,SRB_M0001707,SRC_M0001042
GM0002575,GT0000645,SRA_M0002109,SRB_M0001708,SRC_M0001043
GM0002576,GT0000645,SRA_M0002110,SRB_M0001709,SRC_M0001044
GM0002577,GT0000645,SRA_M0002111,,SRC_M0001045
GM0002578,GT0000646,,,
GM0002579,GT0000646,SRA_M0002112,SRB_M0001710,
GM0002580,GT0000646,SRA_M0002113,SRB_M0001711,
GM0002581,GT0000646,,SRB_M0001712,
GM0002582,GT0000646,,,
GM0002583,GT0000647,SRA_M0002114,SRB_M0001713,
GM0002584,GT0000647,SRA_M0002115,SRB_M0001714,
GM0002585,GT0000647,SRA_M0002116,SRB_M0001715,
GM0002586,GT0000648,SRA_M0002117,SRB_M0001716,
GM0002587,GT0000648,SRA_M0002118,SRB_M0001717,
GM0002588,GT0000648,SRA_M0002119,SRB_M0001718,
GM0002589,GT0000649,SRA_M0002120,SRB_M0001719,
GM0002590,GT0000649,SRA_M0002121,SRB_M0001720,
GM0002591,GT0000649,SRA_M0002122,SRB_M0001721,
GM0002592,GT0000649,SRA_M0002123,SRB_M0001722,
GM0002593,GT0000649,SRA_M0002124,SRB_M0001723,
GM0002594,GT0000649,SRA_M0002125,SRB_M0001724,
GM0002595,GT0000650,,,
GM0002596,GT0000650,,,
GM0002597,GT0000651,SRA_M0002126,SRB_M0001725,SRC_M0001046
GM0002598,GT0000651,SRA_M0002127,SRB_M0001726,SRC_M0001047
GM0002599,GT0000651,,SRB_M0001727,SRC_M0001048
GM0002600,GT0000651,SRA_M0002128,SRB_M0001728,
GM0002601,GT0000651,SRA_M0002129,,SRC_M0001049
GM0002602,GT0000651,,SRB_M0001729,SRC_M0001050
GM0002603,GT0000652,SRA_M0002130,SRB_M0001730,SRC_M0001051
GM0002604,GT0000652,,SRB_M0001731,
GM0002605,GT0000652,SRA_M0002131,SRB_M0001732,SRC_M0001052
GM0002606,GT0000652,SRA_M0002132,,SRC_M0001053
GM0002607,GT0000653,SRA_M0002133,SRB_M0001733,
GM0002608,GT0000653,,SRB_M0001734,
GM0002609,GT0000654,SRA_M0002134,SRB_M0001735,SRC_M0001054
GM0002610,GT0000654,SRA_M0002135,SRB_M0001736,SRC_M0001055
GM0002611,GT0000654,SRA_M0002136,SRB_M0001737,SRC_M0001056
GM0002612,GT0000655,SRA_M0002137,,
GM0002613,GT0000655,SRA_M0002138,SRB_M0001738,SRC_M0001057
GM0002614,GT0000655,SRA_M0002139,,SRC_M0001058
GM0002615,GT0000655,SRA_M0002140,,SRC_M0001059
GM0002616,GT0000656,SRA_M0002141,SRB_M0001739,SRC_M0001060
GM0002617,GT0000656,SRA_M0002142,SRB_M0001740,SRC_M0001061
GM0002618,GT0000656,,SRB_M0001741,
GM0002619,GT0000657,SRA_M0002143,SRB_M0001742,SRC_M0001062
GM0002620,GT0000657,SRA_M0002144,SRB_M0001743,SRC_M0001063
GM0002621,GT0000657,SRA_M0002145,SRB_M0001744,SRC_M0001064
GM0002622,GT0000657,SRA_M0002146,SRB_M0001745,SRC_M0001065
GM0002623,GT0000657,SRA_M0002147,SRB_M0001746,
GM0002624,GT0000658,SRA_M0002148,SRB_M0001747,SRC_M0001066
GM0002625,GT0000658,SRA_M0002149,,
GM0002626,GT0000658,SRA_M0002150,SRB_M0001748,SRC_M0001067
GM0002627,GT0000659,SRA_M0002151,,
GM0002628,GT0000659,SRA_M0002152,,
GM0002629,GT0000660,SRA_M0002153,SRB_M0001749,
GM0002630,GT0000660,SRA_M0002154,SRB_M0001750,
GM0002631,GT0000660,SRA_M0002155,SRB_M0001751,
GM0002632,GT0000660,SRA_M0002156,,
GM0002633,GT0000660,SRA_M0002157,SRB_M0001752,
GM0002634,GT0000661,SRA_M0002158,,
GM0002635,GT0000661,SRA_M0002159,,
GM0002636,GT0000661,SRA_M0002160,,
GM0002637,GT0000661,SRA_M0002161,,
GM0002638,GT0000661,SRA_M0002162,,
GM0002639,GT0000662,SRA_M0002163,,SRC_M0001068
GM0002640,GT0000662,SRA_M0002164,,
GM0002641,GT0000662,SRA_M0002165,,SRC_M0001069
GM0002642,GT0000663,SRA_M0002166,SRB_M0001753,
GM0002643,GT0000663,SRA_M0002167,,SRC_M0001070
GM0002644,GT0000664,SRA_M0002168,,
GM0002645,GT0000664,SRA_M0002169,,
GM0002646,GT0000664,SRA_M0002170,,
GM0002647,GT0000665,SRA_M0002171,SRB_M0001754,SRC_M0001071
GM0002648,GT0000665,SRA_M0002172,SRB_M0001755,SRC_M0001072
GM0002649,GT0000665,,SRB_M0001756,
GM0002650,GT0000665,SRA_M0002173,SRB_M0001757,
GM0002651,GT0000666,SRA_M0002174,SRB_M0001758,
GM0002652,GT0000666,,SRB_M0001759,
GM0002653,GT0000667,SRA_M0002175,,SRC_M0001073
GM0002654,GT0000667,SRA_M0002176,SRB_M0001760,SRC_M0001074
GM0002655,GT0000668,SRA_M0002177,,
GM0002656,GT0000668,SRA_M0002178,,
GM0002657,GT0000668,SRA_M0002179,,
GM0002658,GT0000668,SRA_M0002180,,
GM0002659,GT0000668,SRA_M0002181,,
GM0002660,GT0000669,SRA_M0002182,SRB_M0001761,SRC_M0001075
GM0002661,GT0000669,SRA_M0002183,SRB_M0001762,SRC_M0001076
GM0002662,GT0000669,SRA_M0002184,SRB_M0001763,SRC_M0001077
GM0002663,GT0000669,SRA_M0002185,,SRC_M0001078
GM0002664,GT0000670,SRA_M0002186,SRB_M0001764,
GM0002665,GT0000670,SRA_M0002187,SRB_M0001765,
GM0002666,GT0000670,SRA_M0002188,,
GM0002667,GT0000670,SRA_M0002189,SRB_M0001766,
GM0002668,GT0000671,SRA_M0002190,SRB_M0001767,SRC_M0001080
GM0002669,GT0000671,SRA_M0002191,SRB_M0001768,
GM0002670,GT0000671,SRA_M0002192,SRB_M0001769,SRC_M0001081
GM0002671,GT0000671,,SRB_M0001770,SRC_M0001082
GM0002672,GT0000671,SRA_M0002193,SRB_M0001771,SRC_M0001083
GM0002673,GT0000671,SRA_M0002194,SRB_M0001772,SRC_M0001084
GM0002674,GT0000672,SRA_M0002195,,
GM0002675,GT0000672,SRA_M0002196,,SRC_M0001085
GM0002676,GT0000672,SRA_M0002197,,SRC_M0001086
GM0002677,GT0000672,SRA_M0002198,,
GM0002678,GT0000672,SRA_M0002199,,
GM0002679,GT0000672,,,SRC_M0001087
GM0002680,GT0000673,SRA_M0002200,,SRC_M0001088
GM0002681,GT0000673,SRA_M0002201,,SRC_M0001089
GM0002682,GT0000673,,,SRC_M0001090
GM0002683,GT0000673,SRA_M0002202,,
GM0002684,GT0000673,SRA_M0002203,,
GM0002685,GT0000674,SRA_M0002204,,SRC_M0001091
GM0002686,GT0000674,SRA_M0002205,,
GM0002687,GT0000675,SRA_M0002206,,
GM0002688,GT0000675,SRA_M0002207,,
GM0002689,GT0000676,SRA_M0002208,SRB_M0001773,
GM0002690,GT0000676,SRA_M0002209,SRB_M0001774,SRC_M0001092
GM0002691,GT0000676,SRA_M0002210,SRB_M0001775,SRC_M0001093
GM0002692,GT0000676,SRA_M0002211,SRB_M0001776,
GM0002693,GT0000676,,SRB_M0001777,SRC_M0001094
GM0002694,GT0000676,SRA_M0002212,SRB_M0001778,SRC_M0001095
GM0002695,GT0000677,,SRB_M0001779,
GM0002696,GT0000677,,,SRC_M0001096
GM0002697,GT0000677,,SRB_M0001780,SRC_M0001097
GM0002698,GT0000677,,,
GM0002699,GT0000678,SRA_M0002213,SRB_M0001781,SRC_M0001098
GM0002700,GT0000678,SRA_M0002214,SRB_M0001782,SRC_M0001099
GM0002701,GT0000678,SRA_M0002215,SRB_M0001783,
GM0002702,GT0000678,SRA_M0002216,,SRC_M0001100
GM0002703,GT0000678,,SRB_M0001784,
GM0002704,GT0000679,SRA_M0002217,SRB_M0001785,
GM0002705,GT0000679,SRA_M0002218,,
GM0002706,GT0000680,,SRB_M0001786,
GM0002707,GT0000680,,SRB_M0001787,SRC_M0001102
GM0002708,GT0000680,,SRB_M0001788,
GM0002709,GT0000680,,SRB_M0001789,SRC_M0001103
GM0002710,GT0000681,SRA_M0002219,SRB_M0001790,
GM0002711,GT0000681,SRA_M0002220,,
GM0002712,GT0000681,SRA_M0002221,SRB_M0001791,
GM0002713,GT0000681,SRA_M0002222,,
GM0002714,GT0000681,SRA_M0002223,SRB_M0001792,
GM0002715,GT0000682,,,
GM0002716,GT0000682,SRA_M0002224,,
GM0002717,GT0000682,SRA_M0002225,,
GM0002718,GT0000682,SRA_M0002226,,
GM0002719,GT0000682,,,
GM0002720,GT0000683,SRA_M0002227,,SRC_M0001104
GM0002721,GT0000683,SRA_M0002228,,
GM0002722,GT0000683,SRA_M0002229,,SRC_M0001105
GM0002723,GT0000684,SRA_M0002230,SRB_M0001793,SRC_M0001106
GM0002724,GT0000684,SRA_M0002231,SRB_M0001794,
GM0002725,GT0000685,,,
GM0002726,GT0000685,,,
GM0002727,GT0000686,SRA_M0002232,SRB_M0001795,SRC_M0001107
GM0002728,GT0000686,SRA_M0002233,SRB_M0001796,
GM0002729,GT0000686,SRA_M0002234,SRB_M0001797,SRC_M0001108
GM0002730,GT0000687,SRA_M0002235,,SRC_M0001109
GM0002731,GT0000687,SRA_M0002236,SRB_M0001798,
GM0002732,GT0000687,SRA_M0002237,,SRC_M0001110
GM0002733,GT0000687,SRA_M0002238,,SRC_M0001111
GM0002734,GT0000688,SRA_M0002239,SRB_M0001799,
GM0002735,GT0000688,SRA_M0002240,SRB_M0001800,
GM0002736,GT0000688,SRA_M0002241,SRB_M0001801,
GM0002737,GT0000688,SRA_M0002242,SRB_M0001802,
GM0002738,GT0000688,SRA_M0002243,SRB_M0001803,
GM0002739,GT0000689,SRA_M0002244,SRB_M0001804,SRC_M0001112
GM0002740,GT0000689,SRA_M0002245,SRB_M0001805,SRC_M0001113
GM0002741,GT0000689,SRA_M0002246,,SRC_M0001114
GM0002742,GT0000689,SRA_M0002247,SRB_M0001806,
GM0002743,GT0000689,SRA_M0002248,SRB_M0001807,
GM0002744,GT0000690,SRA_M0002250,,
GM0002745,GT0000690,SRA_M0002251,SRB_M0001808,SRC_M0001115
GM0002746,GT0000690,SRA_M0002252,,SRC_M0001116
GM0002747,GT0000691,SRA_M0002253,SRB_M0001809,
GM0002748,GT0000691,SRA_M0002254,SRB_M0001810,
GM0002749,GT0000692,,,
GM0002750,GT0000692,,,
GM0002751,GT0000692,,,
GM0002752,GT0000692,,,
GM0002753,GT0000692,,,
GM0002754,GT0000693,SRA_M0002255,SRB_M0001811,SRC_M0001118
GM0002755,GT0000693,SRA_M0002256,SRB_M0001812,SRC_M0001119
GM0002756,GT0000694,SRA_M0002257,,
GM0002757,GT0000694,SRA_M0002258,SRB_M0001813,
GM0002758,GT0000695,SRA_M0002259,,SRC_M0001120
GM0002759,GT0000695,SRA_M0002260,,SRC_M0001121
GM0002760,GT0000695,SRA_M0002261,,SRC_M0001122
GM0002761,GT0000695,SRA_M0002262,,SRC_M0001123
GM0002762,GT0000695,SRA_M0002263,,SRC_M0001124
GM0002763,GT0000695,SRA_M0002264,,
GM0002764,GT0000696,SRA_M0002265,SRB_M0001814,
GM0002765,GT0000696,SRA_M0002266,,
GM0002766,GT0000696,SRA_M0002267,SRB_M0001815,
GM0002767,GT0000697,SRA_M0002268,,SRC_M0001125
GM0002768,GT0000697,,SRB_M0001816,SRC_M0001126
GM0002769,GT0000697,SRA_M0002269,SRB_M0001817,
GM0002770,GT0000697,,SRB_M0001818,SRC_M0001127
GM0002771,GT0000697,SRA_M0002270,,
GM0002772,GT0000698,SRA_M0002272,,SRC_M0001128
GM0002773,GT0000698,SRA_M0002273,,SRC_M0001129
GM0002774,GT0000698,,,SRC_M0001130
GM0002775,GT0000699,SRA_M0002274,,SRC_M0001131
GM0002776,GT0000699,SRA_M0002275,,SRC_M0001132
GM0002777,GT0000700,SRA_M0002276,,
GM0002778,GT0000700,SRA_M0002277,,
GM0002779,GT0000700,SRA_M0002278,,
GM0002780,GT0000700,SRA_M0002279,,
GM0002781,GT0000700,SRA_M0002280,,
GM0002782,GT0000701,SRA_M0002281,,SRC_M0001133
GM0002783,GT0000701,SRA_M0002282,,SRC_M0001134
GM0002784,GT0000701,SRA_M0002283,,
GM0002785,GT0000701,SRA_M0002284,,SRC_M0001135
GM0002786,GT0000701,SRA_M0002285,,SRC_M0001136
GM0002787,GT0000702,SRA_M0002286,SRB_M0001819,
GM0002788,GT0000702,SRA_M0002287,SRB_M0001820,
GM0002789,GT0000702,SRA_M0002288,,
GM0002790,GT0000702,SRA_M0002289,SRB_M0001821,
GM0002791,GT0000703,SRA_M0002290,SRB_M0001822,
GM0002792,GT0000703,SRA_M0002291,SRB_M0001823,SRC_M0001137
GM0002793,GT0000703,SRA_M0002292,SRB_M0001824,SRC_M0001138
GM0002794,GT0000703,SRA_M0002293,,SRC_M0001139
GM0002795,GT0000704,SRA_M0002294,,
GM0002796,GT0000704,SRA_M0002295,,
GM0002797,GT0000704,SRA_M0002296,,
GM0002798,GT0000704,SRA_M0002297,,
GM0002799,GT0000705,,,
GM0002800,GT0000705,,,
GM0002801,GT0000705,,,
GM0002802,GT0000705,,,
GM0002803,GT0000705,,,
GM0002804,GT0000705,,,
GM0002805,GT0000706,SRA_M0002298,SRB_M0001825,SRC_M0001140
GM0002806,GT0000706,SRA_M0002299,SRB_M0001826,SRC_M0001141
GM0002807,GT0000707,SRA_M0002300,SRB_M0001827,
GM0002808,GT0000707,SRA_M0002301,SRB_M0001828,
GM0002809,GT0000707,,SRB_M0001829,
GM0002810,GT0000708,SRA_M0002302,SRB_M0001830,
GM0002811,GT0000708,SRA_M0002303,SRB_M0001831,
GM0002812,GT0000708,,SRB_M0001832,
GM0002813,GT0000708,,SRB_M0001833,
GM0002814,GT0000709,,,SRC_M0001142
GM0002815,GT0000709,SRA_M0002304,,SRC_M0001143
GM0002816,GT0000709,,,SRC_M0001144
GM0002817,GT0000709,,,SRC_M0001145
GM0002818,GT0000709,SRA_M0002305,,SRC_M0001146
GM0002819,GT0000710,SRA_M0002306,SRB_M0001834,SRC_M0001147
GM0002820,GT0000710,SRA_M0002307,SRB_M0001835,SRC_M0001148
GM0002821,GT0000710,SRA_M0002308,SRB_M0001836,SRC_M0001149
GM0002822,GT0000710,SRA_M0002309,,SRC_M0001150
GM0002823,GT0000710,SRA_M0002310,SRB_M0001837,SRC_M0001151
GM0002824,GT0000710,SRA_M0002311,,
GM0002825,GT0000711,SRA_M0002312,SRB_M0001838,SRC_M0001152
GM0002826,GT0000711,SRA_M0002313,SRB_M0001839,SRC_M0001153
GM0002827,GT0000711,SRA_M0002314,SRB_M0001840,SRC_M0001154
GM0002828,GT0000711,SRA_M0002315,SRB_M0001841,SRC_M0001155
GM0002829,GT0000711,SRA_M0002316,SRB_M0001842,SRC_M0001156
GM0002830,GT0000712,SRA_M0002317,,
GM0002831,GT0000712,SRA_M0002318,SRB_M0001844,
GM0002832,GT0000712,,SRB_M0001845,
GM0002833,GT0000712,SRA_M0002319,SRB_M0001846,
GM0002834,GT0000713,SRA_M0002320,,
GM0002835,GT0000713,SRA_M0002321,,
GM0002836,GT0000713,SRA_M0002322,SRB_M0001847,
GM0002837,GT0000714,SRA_M0002323,,SRC_M0001157
GM0002838,GT0000714,SRA_M0002324,,SRC_M0001158
GM0002839,GT0000714,SRA_M0002325,,
GM0002840,GT0000715,SRA_M0002326,,
GM0002841,GT0000715,SRA_M0002327,,
GM0002842,GT0000715,SRA_M0002328,,
GM0002843,GT0000715,SRA_M0002329,,
GM0002844,GT0000715,SRA_M0002330,,
GM0002845,GT0000715,,,
GM0002846,GT0000716,SRA_M0002331,SRB_M0001848,
GM0002847,GT0000716,SRA_M0002332,SRB_M0001849,
GM0002848,GT0000716,SRA_M0002333,SRB_M0001850,
GM0002849,GT0000717,SRA_M0002334,,SRC_M0001159
GM0002850,GT0000717,SRA_M0002335,,
GM0002851,GT0000718,SRA_M0002336,SRB_M0001851,
GM0002852,GT0000718,SRA_M0002337,SRB_M0001852,
GM0002853,GT0000718,,SRB_M0001853,
GM0002854,GT0000718,SRA_M0002338,SRB_M0001854,
GM0002855,GT0000718,SRA_M0002339,SRB_M0001855,
GM0002856,GT0000719,SRA_M0002340,SRB_M0001857,SRC_M0001160
GM0002857,GT0000719,SRA_M0002341,SRB_M0001858,
GM0002858,GT0000719,,SRB_M0001859,SRC_M0001161
GM0002859,GT0000719,SRA_M0002342,SRB_M0001860,SRC_M0001162
GM0002860,GT0000720,,,
GM0002861,GT0000720,SRA_M0002343,,
GM0002862,GT0000720,SRA_M0002344,,
GM0002863,GT0000720,,,
GM0002864,GT0000720,SRA_M0002345,,
GM0002865,GT0000720,SRA_M0002346,,
GM0002866,GT0000721,SRA_M0002347,SRB_M0001861,SRC_M0001163
GM0002867,GT0000721,SRA_M0002348,SRB_M0001862,SRC_M0001164
GM0002868,GT0000721,,SRB_M0001863,
GM0002869,GT0000721,SRA_M0002349,SRB_M0001864,
GM0002870,GT0000722,SRA_M0002350,SRB_M0001865,
GM0002871,GT0000722,SRA_M0002351,,
GM0002872,GT0000723,SRA_M0002352,,
GM0002873,GT0000723,SRA_M0002353,,
GM0002874,GT0000723,SRA_M0002354,,
GM0002875,GT0000723,SRA_M0002355,,
GM0002876,GT0000724,SRA_M0002357,,
GM0002877,GT0000724,SRA_M0002358,,
GM0002878,GT0000725,SRA_M0002359,SRB_M0001866,
GM0002879,GT0000725,SRA_M0002360,SRB_M0001867,
GM0002880,GT0000725,SRA_M0002361,SRB_M0001868,
GM0002881,GT0000725,SRA_M0002362,SRB_M0001869,
GM0002882,GT0000726,,,
GM0002883,GT0000726,,,SRC_M0001165
GM0002884,GT0000726,SRA_M0002363,,SRC_M0001166
GM0002885,GT0000726,,,
GM0002886,GT0000726,,,
GM0002887,GT0000726,,,SRC_M0001167
GM0002888,GT0000727,SRA_M0002364,,SRC_M0001168
GM0002889,GT0000727,SRA_M0002365,,SRC_M0001169
GM0002890,GT0000727,,,SRC_M0001170
GM0002891,GT0000728,,SRB_M0001870,
GM0002892,GT0000728,,SRB_M0001871,
GM0002893,GT0000728,,SRB_M0001872,
GM0002894,GT0000728,,SRB_M0001873,
GM0002895,GT0000728,,SRB_M0001874,
GM0002896,GT0000729,SRA_M0002366,SRB_M0001875,
GM0002897,GT0000729,SRA_M0002367,SRB_M0001876,
GM0002898,GT0000729,SRA_M0002368,SRB_M0001877,SRC_M0001171
GM0002899,GT0000729,SRA_M0002369,SRB_M0001878,SRC_M0001172
GM0002900,GT0000730,SRA_M0002370,SRB_M0001879,
GM0002901,GT0000730,SRA_M0002371,SRB_M0001880,
GM0002902,GT0000730,SRA_M0002372,,
GM0002903,GT0000731,SRA_M0002373,,SRC_M0001173
GM0002904,GT0000731,SRA_M0002374,SRB_M0001881,SRC_M0001174
GM0002905,GT0000732,SRA_M0002375,SRB_M0001882,SRC_M0001175
GM0002906,GT0000732,SRA_M0002376,SRB_M0001883,SRC_M0001176
GM0002907,GT0000732,SRA_M0002377,SRB_M0001884,SRC_M0001177
GM0002908,GT0000732,SRA_M0002378,SRB_M0001885,SRC_M0001178
GM0002909,GT0000732,SRA_M0002379,SRB_M0001886,SRC_M0001179
GM0002910,GT0000732,SRA_M0002380,SRB_M0001887,SRC_M0001180
GM0002911,GT0000733,SRA_M0002381,,
GM0002912,GT0000733,SRA_M0002382,,
GM0002913,GT0000734,,SRB_M0001888,
GM0002914,GT0000734,,SRB_M0001889,
GM0002915,GT0000734,,SRB_M0001890,
GM0002916,GT0000735,SRA_M0002383,SRB_M0001891,SRC_M0001181
GM0002917,GT0000735,SRA_M0002384,SRB_M0001892,
GM0002918,GT0000735,SRA_M0002385,SRB_M0001893,SRC_M0001182
GM0002919,GT0000735,SRA_M0002386,SRB_M0001894,SRC_M0001183
GM0002920,GT0000735,SRA_M0002387,SRB_M0001895,SRC_M0001184
GM0002921,GT0000735,SRA_M0002388,SRB_M0001896,SRC_M0001185
GM0002922,GT0000736,,SRB_M0001897,
GM0002923,GT0000736,,,SRC_M0001186
GM0002924,GT0000736,,SRB_M0001898,SRC_M0001187
GM0002925,GT0000737,SRA_M0002389,SRB_M0001899,
GM0002926,GT0000737,SRA_M0002390,SRB_M0001900,
GM0002927,GT0000737,SRA_M0002391,SRB_M0001901,
GM0002928,GT0000737,SRA_M0002392,SRB_M0001902,
GM0002929,GT0000737,SRA_M0002393,SRB_M0001903,
GM0002930,GT0000738,SRA_M0002394,,SRC_M0001188
GM0002931,GT0000738,SRA_M0002395,,SRC_M0001189
GM0002932,GT0000738,SRA_M0002396,,SRC_M0001190
GM0002933,GT0000738,SRA_M0002397,,SRC_M0001191
GM0002934,GT0000738,SRA_M0002398,,SRC_M0001192
GM0002935,GT0000738,,,
GM0002936,GT0000739,SRA_M0002399,SRB_M0001904,
GM0002937,GT0000739,SRA_M0002400,SRB_M0001905,
GM0002938,GT0000740,SRA_M0002401,SRB_M0001906,
GM0002939,GT0000740,SRA_M0002402,SRB_M0001907,
GM0002940,GT0000740,SRA_M0002403,SRB_M0001908,
GM0002941,GT0000740,SRA_M0002404,,
GM0002942,GT0000741,SRA_M0002405,SRB_M0001909,
GM0002943,GT0000741,SRA_M0002406,SRB_M0001910,SRC_M0001193
GM0002944,GT0000741,SRA_M0002407,SRB_M0001911,SRC_M0001194
GM0002945,GT0000741,,SRB_M0001912,SRC_M0001195
GM0002946,GT0000741,SRA_M0002408,SRB_M0001913,SRC_M0001196
GM0002947,GT0000742,SRA_M0002409,SRB_M0001914,SRC_M0001197
GM0002948,GT0000742,SRA_M0002410,SRB_M0001915,SRC_M0001198
GM0002949,GT0000742,SRA_M0002411,SRB_M0001916,SRC_M0001199
GM0002950,GT0000742,SRA_M0002412,SRB_M0001917,
GM0002951,GT0000742,SRA_M0002413,SRB_M0001918,
GM0002952,GT0000742,SRA_M0002414,,
GM0002953,GT0000743,SRA_M0002415,SRB_M0001919,
GM0002954,GT0000743,SRA_M0002416,SRB_M0001920,
GM0002955,GT0000743,SRA_M0002417,,
GM0002956,GT0000743,SRA_M0002418,SRB_M0001921,
GM0002957,GT0000744,SRA_M0002419,SRB_M0001922,SRC_M0001200
GM0002958,GT0000744,SRA_M0002420,SRB_M0001923,SRC_M0001201
GM0002959,GT0000744,SRA_M0002421,SRB_M0001924,SRC_M0001202
GM0002960,GT0000744,SRA_M0002422,SRB_M0001925,
GM0002961,GT0000744,SRA_M0002423,SRB_M0001926,SRC_M0001203
GM0002962,GT0000744,SRA_M0002424,SRB_M0001927,SRC_M0001204
GM0002963,GT0000745,SRA_M0002425,,
GM0002964,GT0000745,,,SRC_M0001205
GM0002965,GT0000746,SRA_M0002426,SRB_M0001929,SRC_M0001206
GM0002966,GT0000746,SRA_M0002427,SRB_M0001930,
GM0002967,GT0000746,SRA_M0002428,SRB_M0001931,SRC_M0001207
GM0002968,GT0000746,,SRB_M0001932,
GM0002969,GT0000747,SRA_M0002429,SRB_M0001933,SRC_M0001208
GM0002970,GT0000747,SRA_M0002430,,SRC_M0001209
GM0002971,GT0000747,SRA_M0002431,SRB_M0001934,SRC_M0001210
GM0002972,GT0000747,SRA_M0002432,SRB_M0001935,SRC_M0001211
GM0002973,GT0000747,SRA_M0002433,SRB_M0001936,SRC_M0001212
GM0002974,GT0000747,SRA_M0002434,SRB_M0001937,
GM0002975,GT0000748,SRA_M0002435,SRB_M0001938,SRC_M0001213
GM0002976,GT0000748,SRA_M0002436,SRB_M0001939,SRC_M0001214
GM0002977,GT0000748,SRA_M0002437,SRB_M0001940,SRC_M0001215
GM0002978,GT0000748,SRA_M0002438,SRB_M0001941,SRC_M0001216
GM0002979,GT0000748,SRA_M0002439,SRB_M0001942,SRC_M0001217
GM0002980,GT0000748,SRA_M0002440,SRB_M0001943,SRC_M0001218
GM0002981,GT0000749,,,
GM0002982,GT0000749,SRA_M0002441,,
GM0002983,GT0000749,SRA_M0002442,,
GM0002984,GT0000749,SRA_M0002443,,
GM0002985,GT0000750,SRA_M0002444,SRB_M0001944,
GM0002986,GT0000750,SRA_M0002445,SRB_M0001945,
GM0002987,GT0000751,SRA_M0002446,SRB_M0001946,SRC_M0001219
GM0002988,GT0000751,SRA_M0002447,SRB_M0001947,SRC_M0001220
GM0002989,GT0000751,SRA_M0002448,SRB_M0001948,SRC_M0001221
GM0002990,GT0000751,,SRB_M0001949,SRC_M0001222
GM0002991,GT0000752,,SRB_M0001950,
GM0002992,GT0000752,SRA_M0002449,SRB_M0001951,
GM0002993,GT0000752,,SRB_M0001952,
GM0002994,GT0000752,SRA_M0002450,SRB_M0001953,
GM0002995,GT0000752,SRA_M0002451,SRB_M0001954,
GM0002996,GT0000752,SRA_M0002452,SRB_M0001955,
GM0002997,GT0000753,SRA_M0002453,SRB_M0001956,
GM0002998,GT0000753,SRA_M0002454,,
GM0002999,GT0000753,SRA_M0002455,SRB_M0001957,
GM0003000,GT0000753,SRA_M0002456,SRB_M0001958,
GM0003001,GT0000754,,SRB_M0001959,
GM0003002,GT0000754,SRA_M0002457,SRB_M0001960,
GM0003003,GT0000754,SRA_M0002458,SRB_M0001961,
GM0003004,GT0000754,SRA_M0002459,SRB_M0001962,
GM0003005,GT0000754,SRA_M0002460,SRB_M0001963,
GM0003006,GT0000754,SRA_M0002461,SRB_M0001964,
GM0003007,GT0000755,SRA_M0002462,,
GM0003008,GT0000755,,,
GM0003009,GT0000756,,,SRC_M0001223
GM0003010,GT0000756,,SRB_M0001965,
GM0003011,GT0000757,SRA_M0002463,,
GM0003012,GT0000757,SRA_M0002464,,
GM0003013,GT0000757,SRA_M0002465,,
GM0003014,GT0000757,SRA_M0002466,,SRC_M0001224
GM0003015,GT0000757,SRA_M0002467,,SRC_M0001225
GM0003016,GT0000758,SRA_M0002468,SRB_M0001966,SRC_M0001226
GM0003017,GT0000758,SRA_M0002469,SRB_M0001967,SRC_M0001227
GM0003018,GT0000759,SRA_M0002470,SRB_M0001968,SRC_M0001228
GM0003019,GT0000759,SRA_M0002471,SRB_M0001969,SRC_M0001229
GM0003020,GT0000760,,SRB_M0001970,SRC_M0001230
GM0003021,GT0000760,SRA_M0002472,SRB_M0001971,SRC_M0001231
GM0003022,GT0000760,SRA_M0002473,SRB_M0001972,SRC_M0001232
GM0003023,GT0000760,SRA_M0002474,SRB_M0001973,
GM0003024,GT0000760,SRA_M0002475,,
GM0003025,GT0000760,SRA_M0002476,SRB_M0001974,SRC_M0001233
GM0003026,GT0000761,SRA_M0002477,SRB_M0001975,
GM0003027,GT0000761,,SRB_M0001976,
GM0003028,GT0000761,SRA_M0002478,SRB_M0001977,
GM0003029,GT0000762,SRA_M0002479,SRB_M0001978,SRC_M0001234
GM0003030,GT0000762,SRA_M0002480,SRB_M0001979,
GM0003031,GT0000762,,SRB_M0001980,SRC_M0001235
GM0003032,GT0000762,SRA_M0002481,,SRC_M0001236
GM0003033,GT0000762,SRA_M0002482,SRB_M0001981,SRC_M0001237
GM0003034,GT0000762,SRA_M0002483,SRB_M0001982,SRC_M0001238
GM0003035,GT0000763,SRA_M0002484,,
GM0003036,GT0000763,,SRB_M0001983,
GM0003037,GT0000763,SRA_M0002485,SRB_M0001984,
GM0003038,GT0000764,SRA_M0002486,,
GM0003039,GT0000764,SRA_M0002487,,
GM0003040,GT0000765,,SRB_M0001985,
GM0003041,GT0000765,,SRB_M0001986,
GM0003042,GT0000765,,SRB_M0001987,
GM0003043,GT0000765,,SRB_M0001988,
GM0003044,GT0000765,,,
GM0003045,GT0000765,,SRB_M0001989,
GM0003046,GT0000766,,,
GM0003047,GT0000766,,,
GM0003048,GT0000767,SRA_M0002488,SRB_M0001990,
GM0003049,GT0000767,SRA_M0002489,SRB_M0001991,
GM0003050,GT0000767,SRA_M0002490,SRB_M0001992,SRC_M0001239
GM0003051,GT0000767,SRA_M0002491,SRB_M0001993,SRC_M0001240
GM0003052,GT0000767,SRA_M0002492,SRB_M0001994,SRC_M0001241
GM0003053,GT0000767,SRA_M0002493,SRB_M0001995,SRC_M0001242
GM0003054,GT0000768,SRA_M0002494,SRB_M0001996,
GM0003055,GT0000768,SRA_M0002495,SRB_M0001997,
GM0003056,GT0000768,SRA_M0002496,,
GM0003057,GT0000768,,SRB_M0001998,
GM0003058,GT0000769,,SRB_M0001999,
GM0003059,GT0000769,,SRB_M0002000,
GM0003060,GT0000769,,SRB_M0002001,
GM0003061,GT0000770,SRA_M0002497,SRB_M0002002,SRC_M0001243
GM0003062,GT0000770,SRA_M0002498,SRB_M0002003,SRC_M0001244
GM0003063,GT0000771,SRA_M0002499,SRB_M0002004,
GM0003064,GT0000771,SRA_M0002500,SRB_M0002005,
GM0003065,GT0000771,SRA_M0002501,SRB_M0002006,
GM0003066,GT0000771,SRA_M0002502,,
GM0003067,GT0000771,SRA_M0002503,SRB_M0002007,
GM0003068,GT0000771,SRA_M0002504,SRB_M0002008,
GM0003069,GT0000772,SRA_M0002505,SRB_M0002009,SRC_M0001245
GM0003070,GT0000772,,SRB_M0002010,SRC_M0001246
GM0003071,GT0000772,SRA_M0002506,,SRC_M0001247
GM0003072,GT0000773,SRA_M0002507,SRB_M0002011,
GM0003073,GT0000773,SRA_M0002508,SRB_M0002012,
GM0003074,GT0000773,SRA_M0002509,SRB_M0002013,
GM0003075,GT0000773,SRA_M0002510,SRB_M0002014,
GM0003076,GT0000773,SRA_M0002511,SRB_M0002015,
GM0003077,GT0000774,,SRB_M0002017,SRC_M0001248
GM0003078,GT0000774,SRA_M0002512,,SRC_M0001249
GM0003079,GT0000775,,SRB_M0002018,
GM0003080,GT0000775,SRA_M0002513,SRB_M0002019,
GM0003081,GT0000775,SRA_M0002514,SRB_M0002020,
GM0003082,GT0000776,SRA_M0002515,SRB_M0002021,
GM0003083,GT0000776,SRA_M0002516,SRB_M0002022,
GM0003084,GT0000776,SRA_M0002517,SRB_M0002023,
GM0003085,GT0000777,SRA_M0002518,,SRC_M0001250
GM0003086,GT0000777,SRA_M0002519,SRB_M0002024,
GM0003087,GT0000777,,SRB_M0002025,SRC_M0001251
GM0003088,GT0000777,SRA_M0002520,,SRC_M0001252
GM0003089,GT0000778,SRA_M0002521,SRB_M0002026,
GM0003090,GT0000778,SRA_M0002522,SRB_M0002027,
GM0003091,GT0000778,SRA_M0002523,SRB_M0002028,
GM0003092,GT0000779,SRA_M0002524,,SRC_M0001253
GM0003093,GT0000779,SRA_M0002525,,SRC_M0001254
GM0003094,GT0000779,SRA_M0002526,,SRC_M0001255
GM0003095,GT0000779,SRA_M0002527,,SRC_M0001256
GM0003096,GT0000779,SRA_M0002528,,SRC_M0001257
GM0003097,GT0000780,SRA_M0002529,,SRC_M0001259
GM0003098,GT0000780,SRA_M0002530,SRB_M0002029,SRC_M0001260
GM0003099,GT0000781,,SRB_M0002030,
GM0003100,GT0000781,,SRB_M0002031,
GM0003101,GT0000781,,SRB_M0002032,
GM0003102,GT0000781,,SRB_M0002033,
GM0003103,GT0000782,SRA_M0002531,,
GM0003104,GT0000782,SRA_M0002532,,
GM0003105,GT0000782,SRA_M0002533,,
GM0003106,GT0000782,,,
GM0003107,GT0000783,,,
GM0003108,GT0000783,,,
GM0003109,GT0000783,,,
GM0003110,GT0000783,,,
GM0003111,GT0000784,,SRB_M0002034,SRC_M0001261
GM0003112,GT0000784,,SRB_M0002035,
GM0003113,GT0000784,,SRB_M0002036,SRC_M0001262
GM0003114,GT0000784,,SRB_M0002037,SRC_M0001263
GM0003115,GT0000784,,SRB_M0002038,
GM0003116,GT0000784,,SRB_M0002039,SRC_M0001264
GM0003117,GT0000785,SRA_M0002534,SRB_M0002040,
GM0003118,GT0000785,SRA_M0002535,SRB_M0002041,
GM0003119,GT0000786,SRA_M0002536,SRB_M0002042,SRC_M0001265
GM0003120,GT0000786,SRA_M0002537,SRB_M0002043,SRC_M0001266
GM0003121,GT0000786,SRA_M0002538,,SRC_M0001267
GM0003122,GT0000786,SRA_M0002539,SRB_M0002044,SRC_M0001268
GM0003123,GT0000787,SRA_M0002540,SRB_M0002045,
GM0003124,GT0000787,SRA_M0002541,SRB_M0002046,
GM0003125,GT0000787,SRA_M0002542,SRB_M0002047,
GM0003126,GT0000787,SRA_M0002543,,
GM0003127,GT0000787,SRA_M0002544,,
GM0003128,GT0000788,SRA_M0002545,SRB_M0002048,
GM0003129,GT0000788,SRA_M0002546,SRB_M0002049,
GM0003130,GT0000788,SRA_M0002547,SRB_M0002050,SRC_M0001269
GM0003131,GT0000788,SRA_M0002548,SRB_M0002051,SRC_M0001270
GM0003132,GT0000788,SRA_M0002549,,SRC_M0001271
GM0003133,GT0000788,SRA_M0002550,SRB_M0002052,
GM0003134,GT0000789,SRA_M0002551,SRB_M0002053,
GM0003135,GT0000789,SRA_M0002552,SRB_M0002054,
GM0003136,GT0000790,SRA_M0002553,,SRC_M0001272
GM0003137,GT0000790,SRA_M0002554,,
GM0003138,GT0000790,SRA_M0002555,,SRC_M0001273
GM0003139,GT0000790,SRA_M0002556,,
GM0003140,GT0000790,SRA_M0002557,,SRC_M0001274
GM0003141,GT0000790,SRA_M0002558,,
GM0003142,GT0000791,SRA_M0002559,,
GM0003143,GT0000791,SRA_M0002560,,
GM0003144,GT0000791,,,SRC_M0001275
GM0003145,GT0000792,SRA_M0002561,SRB_M0002055,SRC_M0001276
GM0003146,GT0000792,SRA_M0002562,SRB_M0002056,SRC_M0001277
GM0003147,GT0000792,SRA_M0002563,SRB_M0002057,SRC_M0001278
GM0003148,GT0000793,SRA_M0002564,SRB_M0002058,
GM0003149,GT0000793,SRA_M0002565,SRB_M0002059,
GM0003150,GT0000793,,SRB_M0002060,
GM0003151,GT0000793,SRA_M0002566,,
GM0003152,GT0000793,SRA_M0002567,SRB_M0002061,
GM0003153,GT0000793,SRA_M0002568,SRB_M0002062,
GM0003154,GT0000794,SRA_M0002569,SRB_M0002063,
GM0003155,GT0000794,SRA_M0002570,SRB_M0002064,
GM0003156,GT0000794,,SRB_M0002065,
GM0003157,GT0000794,,SRB_M0002066,
GM0003158,GT0000794,SRA_M0002571,SRB_M0002067,
GM0003159,GT0000795,SRA_M0002572,SRB_M0002068,
GM0003160,GT0000795,,,
GM0003161,GT0000795,SRA_M0002573,SRB_M0002069,
GM0003162,GT0000795,SRA_M0002574,SRB_M0002070,
GM0003163,GT0000796,SRA_M0002575,SRB_M0002071,SRC_M0001279
GM0003164,GT0000796,SRA_M0002576,,SRC_M0001280
GM0003165,GT0000796,SRA_M0002577,,SRC_M0001281
GM0003166,GT0000797,SRA_M0002578,,SRC_M0001282
GM0003167,GT0000797,SRA_M0002579,SRB_M0002072,SRC_M0001283
GM0003168,GT0000798,SRA_M0002581,,SRC_M0001284
GM0003169,GT0000798,,,SRC_M0001285
GM0003170,GT0000798,,,SRC_M0001286
GM0003171,GT0000799,SRA_M0002582,SRB_M0002073,SRC_M0001288
GM0003172,GT0000799,SRA_M0002583,,SRC_M0001289
GM0003173,GT0000799,SRA_M0002584,SRB_M0002074,SRC_M0001290
GM0003174,GT0000800,SRA_M0002585,SRB_M0002075,SRC_M0001291
GM0003175,GT0000800,SRA_M0002586,,SRC_M0001292
GM0003176,GT0000801,SRA_M0002587,SRB_M0002076,SRC_M0001293
GM0003177,GT0000801,SRA_M0002588,SRB_M0002077,SRC_M0001294
GM0003178,GT0000801,SRA_M0002589,SRB_M0002078,SRC_M0001295
GM0003179,GT0000801,SRA_M0002590,SRB_M0002079,SRC_M0001296
GM0003180,GT0000802,SRA_M0002591,SRB_M0002080,SRC_M0001297
GM0003181,GT0000802,SRA_M0002592,SRB_M0002081,SRC_M0001298
GM0003182,GT0000802,SRA_M0002593,,SRC_M0001299
GM0003183,GT0000803,SRA_M0002594,SRB_M0002082,
GM0003184,GT0000803,SRA_M0002595,SRB_M0002083,
GM0003185,GT0000803,SRA_M0002596,SRB_M0002084,
GM0003186,GT0000803,SRA_M0002597,SRB_M0002085,
GM0003187,GT0000803,,SRB_M0002086,
GM0003188,GT0000803,SRA_M0002598,SRB_M0002087,
GM0003189,GT0000804,SRA_M0002599,,
GM0003190,GT0000804,,,
GM0003191,GT0000804,SRA_M0002600,,
GM0003192,GT0000805,SRA_M0002601,,
GM0003193,GT0000805,,SRB_M0002088,
GM0003194,GT0000806,SRA_M0002602,SRB_M0002089,
GM0003195,GT0000806,,,
GM0003196,GT0000806,SRA_M0002603,,
GM0003197,GT0000806,SRA_M0002604,SRB_M0002090,
GM0003198,GT0000807,SRA_M0002605,SRB_M0002092,
GM0003199,GT0000807,,SRB_M0002093,
GM0003200,GT0000808,SRA_M0002606,,
GM0003201,GT0000808,,SRB_M0002094,SRC_M0001300
GM0003202,GT0000809,SRA_M0002607,,
GM0003203,GT0000809,SRA_M0002608,,
GM0003204,GT0000809,SRA_M0002609,,
GM0003205,GT0000809,SRA_M0002610,,
GM0003206,GT0000810,SRA_M0002611,SRB_M0002095,
GM0003207,GT0000810,SRA_M0002612,SRB_M0002096,SRC_M0001301
GM0003208,GT0000810,SRA_M0002613,SRB_M0002097,SRC_M0001302
GM0003209,GT0000810,SRA_M0002614,SRB_M0002098,SRC_M0001303
GM0003210,GT0000810,SRA_M0002615,SRB_M0002099,SRC_M0001304
GM0003211,GT0000810,SRA_M0002616,SRB_M0002100,SRC_M0001305
GM0003212,GT0000811,SRA_M0002617,SRB_M0002101,SRC_M0001306
GM0003213,GT0000811,SRA_M0002618,SRB_M0002102,SRC_M0001307
GM0003214,GT0000811,SRA_M0002619,SRB_M0002103,SRC_M0001308
GM0003215,GT0000812,SRA_M0002620,SRB_M0002104,
GM0003216,GT0000812,SRA_M0002621,,
GM0003217,GT0000813,SRA_M0002622,SRB_M0002105,SRC_M0001310
GM0003218,GT0000813,SRA_M0002623,,SRC_M0001311
GM0003219,GT0000813,,SRB_M0002106,SRC_M0001312
GM0003220,GT0000813,SRA_M0002624,SRB_M0002107,SRC_M0001313
GM0003221,GT0000813,SRA_M0002625,SRB_M0002108,SRC_M0001314
GM0003222,GT0000814,,SRB_M0002109,SRC_M0001315
GM0003223,GT0000814,SRA_M0002626,SRB_M0002110,SRC_M0001316
GM0003224,GT0000814,SRA_M0002627,SRB_M0002111,
GM0003225,GT0000815,SRA_M0002628,,SRC_M0001317
GM0003226,GT0000815,SRA_M0002629,SRB_M0002112,SRC_M0001318
GM0003227,GT0000815,SRA_M0002630,SRB_M0002113,
GM0003228,GT0000815,SRA_M0002631,SRB_M0002114,
GM0003229,GT0000815,,SRB_M0002115,SRC_M0001319
GM0003230,GT0000815,SRA_M0002632,,SRC_M0001320
GM0003231,GT0000816,SRA_M0002633,SRB_M0002116,
GM0003232,GT0000816,SRA_M0002634,,
GM0003233,GT0000816,SRA_M0002635,SRB_M0002117,
GM0003234,GT0000816,SRA_M0002636,SRB_M0002118,
GM0003235,GT0000816,SRA_M0002637,SRB_M0002119,
GM0003236,GT0000817,SRA_M0002638,,
GM0003237,GT0000817,SRA_M0002639,SRB_M0002120,
GM0003238,GT0000817,SRA_M0002640,SRB_M0002121,
GM0003239,GT0000817,SRA_M0002641,SRB_M0002122,
GM0003240,GT0000818,SRA_M0002642,,SRC_M0001321
GM0003241,GT0000818,SRA_M0002643,SRB_M0002123,
GM0003242,GT0000818,SRA_M0002644,SRB_M0002124,SRC_M0001322
GM0003243,GT0000818,SRA_M0002645,SRB_M0002125,
GM0003244,GT0000818,SRA_M0002646,SRB_M0002126,SRC_M0001323
GM0003245,GT0000818,SRA_M0002647,SRB_M0002127,
GM0003246,GT0000819,SRA_M0002648,,
GM0003247,GT0000819,SRA_M0002649,,
GM0003248,GT0000819,SRA_M0002650,,
GM0003249,GT0000819,SRA_M0002651,,
GM0003250,GT0000819,SRA_M0002652,,
GM0003251,GT0000820,SRA_M0002653,SRB_M0002128,SRC_M0001324
GM0003252,GT0000820,SRA_M0002654,SRB_M0002129,SRC_M0001325
GM0003253,GT0000820,SRA_M0002655,SRB_M0002130,SRC_M0001326
GM0003254,GT0000820,SRA_M0002656,SRB_M0002131,SRC_M0001327
GM0003255,GT0000820,SRA_M0002657,SRB_M0002132,SRC_M0001328
GM0003256,GT0000821,SRA_M0002658,,SRC_M0001329
GM0003257,GT0000821,SRA_M0002659,,SRC_M0001330
GM0003258,GT0000821,SRA_M0002660,SRB_M0002133,SRC_M0001331
GM0003259,GT0000821,SRA_M0002661,SRB_M0002134,SRC_M0001332
GM0003260,GT0000821,SRA_M0002662,,
GM0003261,GT0000821,SRA_M0002663,SRB_M0002135,SRC_M0001333
GM0003262,GT0000822,,SRB_M0002136,
GM0003263,GT0000822,,SRB_M0002137,
GM0003264,GT0000822,,SRB_M0002138,SRC_M0001334
GM0003265,GT0000823,SRA_M0002664,SRB_M0002139,
GM0003266,GT0000823,SRA_M0002665,SRB_M0002140,
GM0003267,GT0000823,SRA_M0002666,SRB_M0002141,
GM0003268,GT0000824,SRA_M0002667,SRB_M0002142,
GM0003269,GT0000824,SRA_M0002668,SRB_M0002143,
GM0003270,GT0000824,,SRB_M0002144,
GM0003271,GT0000824,SRA_M0002669,SRB_M0002145,
GM0003272,GT0000824,SRA_M0002670,,
GM0003273,GT0000824,,SRB_M0002146,
GM0003274,GT0000825,,,
GM0003275,GT0000825,SRA_M0002671,,
GM0003276,GT0000825,SRA_M0002672,,
GM0003277,GT0000825,SRA_M0002673,,
GM0003278,GT0000825,SRA_M0002674,,
GM0003279,GT0000825,SRA_M0002675,,
GM0003280,GT0000826,SRA_M0002676,SRB_M0002147,
GM0003281,GT0000826,,SRB_M0002148,
GM0003282,GT0000826,SRA_M0002677,SRB_M0002149,
GM0003283,GT0000826,SRA_M0002678,SRB_M0002150,
GM0003284,GT0000826,SRA_M0002679,SRB_M0002151,
GM0003285,GT0000826,SRA_M0002680,SRB_M0002152,
GM0003286,GT0000827,,,
GM0003287,GT0000827,,,
GM0003288,GT0000828,SRA_M0002681,SRB_M0002154,
GM0003289,GT0000828,SRA_M0002682,SRB_M0002155,
GM0003290,GT0000828,SRA_M0002683,SRB_M0002156,
GM0003291,GT0000828,SRA_M0002684,SRB_M0002157,
GM0003292,GT0000828,,SRB_M0002158,
GM0003293,GT0000829,SRA_M0002685,SRB_M0002159,SRC_M0001335
GM0003294,GT0000829,,,SRC_M0001336
GM0003295,GT0000829,,SRB_M0002160,SRC_M0001337
GM0003296,GT0000829,,SRB_M0002161,
GM0003297,GT0000830,SRA_M0002686,,
GM0003298,GT0000830,SRA_M0002687,,
GM0003299,GT0000830,SRA_M0002688,,
GM0003300,GT0000831,SRA_M0002689,,
GM0003301,GT0000831,SRA_M0002690,SRB_M0002162,
GM0003302,GT0000831,SRA_M0002691,SRB_M0002163,
GM0003303,GT0000831,SRA_M0002692,SRB_M0002164,
GM0003304,GT0000831,SRA_M0002693,SRB_M0002165,
GM0003305,GT0000831,,,
GM0003306,GT0000832,SRA_M0002694,SRB_M0002166,SRC_M0001338
GM0003307,GT0000832,SRA_M0002695,,SRC_M0001339
GM0003308,GT0000833,SRA_M0002696,SRB_M0002167,
GM0003309,GT0000833,SRA_M0002697,SRB_M0002168,SRC_M0001340
GM0003310,GT0000834,SRA_M0002698,SRB_M0002169,
GM0003311,GT0000834,SRA_M0002699,SRB_M0002170,
GM0003312,GT0000834,SRA_M0002700,SRB_M0002171,
GM0003313,GT0000834,SRA_M0002701,,
GM0003314,GT0000834,SRA_M0002702,,
GM0003315,GT0000834,SRA_M0002703,SRB_M0002172,
GM0003316,GT0000835,SRA_M0002704,,
GM0003317,GT0000835,SRA_M0002705,SRB_M0002173,SRC_M0001341
GM0003318,GT0000835,SRA_M0002706,SRB_M0002174,SRC_M0001342
GM0003319,GT0000835,SRA_M0002707,,SRC_M0001343
GM0003320,GT0000836,,SRB_M0002175,
GM0003321,GT0000836,,SRB_M0002176,SRC_M0001344
GM0003322,GT0000837,SRA_M0002708,,SRC_M0001346
GM0003323,GT0000837,SRA_M0002709,,
GM0003324,GT0000837,SRA_M0002710,,SRC_M0001347
GM0003325,GT0000838,,,
GM0003326,GT0000838,,,
GM0003327,GT0000838,,,
GM0003328,GT0000839,SRA_M0002711,,
GM0003329,GT0000839,SRA_M0002712,,
GM0003330,GT0000839,SRA_M0002713,,
GM0003331,GT0000840,SRA_M0002714,SRB_M0002177,
GM0003332,GT0000840,SRA_M0002715,SRB_M0002178,
GM0003333,GT0000840,SRA_M0002716,SRB_M0002179,
GM0003334,GT0000840,SRA_M0002717,SRB_M0002180,
GM0003335,GT0000841,SRA_M0002718,,SRC_M0001348
GM0003336,GT0000841,,,
GM0003337,GT0000841,SRA_M0002719,,SRC_M0001349
GM0003338,GT0000841,SRA_M0002720,,SRC_M0001350
GM0003339,GT0000841,,,SRC_M0001351
GM0003340,GT0000841,SRA_M0002721,,
GM0003341,GT0000842,SRA_M0002722,,
GM0003342,GT0000842,SRA_M0002723,,
GM0003343,GT0000843,SRA_M0002724,SRB_M0002181,SRC_M0001352
GM0003344,GT0000843,SRA_M0002725,SRB_M0002182,SRC_M0001353
GM0003345,GT0000843,SRA_M0002726,SRB_M0002183,SRC_M0001354
GM0003346,GT0000843,SRA_M0002727,SRB_M0002184,SRC_M0001355
GM0003347,GT0000843,SRA_M0002728,SRB_M0002185,
GM0003348,GT0000843,SRA_M0002729,SRB_M0002186,
GM0003349,GT0000844,,,SRC_M0001356
GM0003350,GT0000844,,,SRC_M0001357
GM0003351,GT0000844,,SRB_M0002187,SRC_M0001358
GM0003352,GT0000844,,SRB_M0002188,SRC_M0001359
GM0003353,GT0000844,,SRB_M0002189,SRC_M0001360
GM0003354,GT0000844,,,
GM0003355,GT0000845,SRA_M0002730,,
GM0003356,GT0000845,,SRB_M0002190,SRC_M0001361
GM0003357,GT0000846,SRA_M0002731,SRB_M0002191,
GM0003358,GT0000846,SRA_M0002732,SRB_M0002192,
GM0003359,GT0000846,SRA_M0002733,,
GM0003360,GT0000846,SRA_M0002734,SRB_M0002193,
GM0003361,GT0000847,SRA_M0002735,SRB_M0002194,
GM0003362,GT0000847,SRA_M0002736,SRB_M0002195,
GM0003363,GT0000847,SRA_M0002737,SRB_M0002196,
GM0003364,GT0000848,SRA_M0002738,SRB_M0002197,
GM0003365,GT0000848,SRA_M0002739,SRB_M0002198,
GM0003366,GT0000848,,SRB_M0002199,
GM0003367,GT0000849,SRA_M0002740,,SRC_M0001362
GM0003368,GT0000849,SRA_M0002741,,SRC_M0001363
GM0003369,GT0000849,SRA_M0002742,,SRC_M0001364
GM0003370,GT0000849,SRA_M0002743,,
GM0003371,GT0000849,SRA_M0002744,,
GM0003372,GT0000850,SRA_M0002745,,
GM0003373,GT0000850,SRA_M0002746,,
GM0003374,GT0000850,SRA_M0002747,,
GM0003375,GT0000850,SRA_M0002748,,
GM0003376,GT0000850,SRA_M0002749,,
GM0003377,GT0000851,SRA_M0002750,SRB_M0002200,SRC_M0001365
GM0003378,GT0000851,SRA_M0002751,SRB_M0002201,SRC_M0001366
GM0003379,GT0000851,SRA_M0002752,SRB_M0002202,SRC_M0001367
GM0003380,GT0000851,,SRB_M0002203,SRC_M0001368
GM0003381,GT0000851,SRA_M0002753,SRB_M0002204,
GM0003382,GT0000852,SRA_M0002754,SRB_M0002205,
GM0003383,GT0000852,SRA_M0002755,SRB_M0002206,
GM0003384,GT0000852,SRA_M0002756,SRB_M0002207,
GM0003385,GT0000852,SRA_M0002757,,
GM0003386,GT0000853,SRA_M0002758,,
GM0003387,GT0000853,SRA_M0002759,,
GM0003388,GT0000853,SRA_M0002760,SRB_M0002208,
GM0003389,GT0000853,SRA_M0002761,SRB_M0002209,
GM0003390,GT0000853,,SRB_M0002210,
GM0003391,GT0000854,SRA_M0002762,SRB_M0002211,
GM0003392,GT0000854,SRA_M0002763,SRB_M0002212,
GM0003393,GT0000854,SRA_M0002764,SRB_M0002213,
GM0003394,GT0000854,SRA_M0002765,SRB_M0002214,
GM0003395,GT0000855,,SRB_M0002215,SRC_M0001369
GM0003396,GT0000855,,SRB_M0002216,SRC_M0001370
GM0003397,GT0000855,SRA_M0002766,SRB_M0002217,SRC_M0001371
GM0003398,GT0000855,SRA_M0002767,,SRC_M0001372
GM0003399,GT0000855,SRA_M0002768,SRB_M0002218,SRC_M0001373
GM0003400,GT0000855,SRA_M0002769,SRB_M0002219,
GM0003401,GT0000856,SRA_M0002770,,SRC_M0001374
GM0003402,GT0000856,SRA_M0002771,,SRC_M0001375
GM0003403,GT0000856,SRA_M0002772,,
GM0003404,GT0000856,SRA_M0002773,,
GM0003405,GT0000856,,,
GM0003406,GT0000856,SRA_M0002774,,
GM0003407,GT0000857,SRA_M0002775,,
GM0003408,GT0000857,SRA_M0002776,,
GM0003409,GT0000857,SRA_M0002777,,
GM0003410,GT0000857,SRA_M0002778,,
GM0003411,GT0000858,SRA_M0002779,SRB_M0002220,SRC_M0001376
GM0003412,GT0000858,SRA_M0002780,SRB_M0002221,SRC_M0001377
GM0003413,GT0000858,SRA_M0002781,SRB_M0002222,SRC_M0001378
GM0003414,GT0000859,SRA_M0002782,,
GM0003415,GT0000859,SRA_M0002783,,
GM0003416,GT0000859,SRA_M0002784,,
GM0003417,GT0000859,SRA_M0002785,,
GM0003418,GT0000860,SRA_M0002786,SRB_M0002224,
GM0003419,GT0000860,SRA_M0002787,,
GM0003420,GT0000860,SRA_M0002788,SRB_M0002225,
GM0003421,GT0000861,SRA_M0002789,SRB_M0002226,
GM0003422,GT0000861,SRA_M0002790,SRB_M0002227,
GM0003423,GT0000861,SRA_M0002791,,
GM0003424,GT0000862,SRA_M0002792,,SRC_M0001379
GM0003425,GT0000862,SRA_M0002793,,
GM0003426,GT0000862,SRA_M0002794,,SRC_M0001380
GM0003427,GT0000862,SRA_M0002795,,SRC_M0001381
GM0003428,GT0000862,SRA_M0002796,,SRC_M0001382
GM0003429,GT0000862,SRA_M0002797,,SRC_M0001383
GM0003430,GT0000863,,,
GM0003431,GT0000863,SRA_M0002798,SRB_M0002228,SRC_M0001384
GM0003432,GT0000863,SRA_M0002799,SRB_M0002229,
GM0003433,GT0000864,,SRB_M0002230,SRC_M0001385
GM0003434,GT0000864,SRA_M0002800,SRB_M0002231,SRC_M0001386
GM0003435,GT0000864,SRA_M0002801,SRB_M0002232,SRC_M0001387
GM0003436,GT0000864,SRA_M0002802,SRB_M0002233,SRC_M0001388
GM0003437,GT0000864,SRA_M0002803,SRB_M0002234,SRC_M0001389
GM0003438,GT0000865,SRA_M0002804,SRB_M0002235,
GM0003439,GT0000865,SRA_M0002805,SRB_M0002236,SRC_M0001390
GM0003440,GT0000865,,,SRC_M0001391
GM0003441,GT0000865,SRA_M0002806,SRB_M0002237,
GM0003442,GT0000865,SRA_M0002807,SRB_M0002238,
GM0003443,GT0000866,SRA_M0002808,SRB_M0002240,
GM0003444,GT0000866,,SRB_M0002241,
GM0003445,GT0000867,SRA_M0002809,SRB_M0002242,
GM0003446,GT0000867,SRA_M0002810,,
GM0003447,GT0000867,SRA_M0002811,SRB_M0002243,
GM0003448,GT0000867,SRA_M0002812,,
GM0003449,GT0000868,SRA_M0002813,SRB_M0002244,
GM0003450,GT0000868,SRA_M0002814,SRB_M0002245,
GM0003451,GT0000868,SRA_M0002815,SRB_M0002246,
GM0003452,GT0000869,SRA_M0002816,SRB_M0002247,
GM0003453,GT0000869,SRA_M0002817,,
GM0003454,GT0000869,,SRB_M0002248,
GM0003455,GT0000870,SRA_M0002818,SRB_M0002249,
GM0003456,GT0000870,SRA_M0002819,SRB_M0002250,
GM0003457,GT0000870,SRA_M0002820,SRB_M0002251,
GM0003458,GT0000870,SRA_M0002821,SRB_M0002252,
GM0003459,GT0000870,SRA_M0002822,SRB_M0002253,
GM0003460,GT0000871,SRA_M0002823,,SRC_M0001392
GM0003461,GT0000871,SRA_M0002824,,
GM0003462,GT0000872,SRA_M0002825,SRB_M0002254,SRC_M0001393
GM0003463,GT0000872,,,SRC_M0001394
GM0003464,GT0000872,SRA_M0002826,SRB_M0002255,SRC_M0001395
GM0003465,GT0000872,SRA_M0002827,SRB_M0002256,SRC_M0001396
GM0003466,GT0000873,SRA_M0002828,SRB_M0002257,
GM0003467,GT0000873,SRA_M0002829,,
GM0003468,GT0000873,SRA_M0002830,SRB_M0002258,
GM0003469,GT0000873,,SRB_M0002259,
GM0003470,GT0000874,SRA_M0002831,,SRC_M0001397
GM0003471,GT0000874,SRA_M0002832,,SRC_M0001398
GM0003472,GT0000874,,,SRC_M0001399
GM0003473,GT0000874,SRA_M0002833,,
GM0003474,GT0000874,SRA_M0002834,,
GM0003475,GT0000874,SRA_M0002835,,SRC_M0001400
GM0003476,GT0000875,,SRB_M0002260,
GM0003477,GT0000875,,SRB_M0002261,SRC_M0001401
GM0003478,GT0000875,,SRB_M0002262,
GM0003479,GT0000875,,SRB_M0002263,SRC_M0001402
GM0003480,GT0000876,SRA_M0002836,SRB_M0002264,
GM0003481,GT0000876,SRA_M0002837,SRB_M0002265,
GM0003482,GT0000876,SRA_M0002838,SRB_M0002266,
GM0003483,GT0000876,SRA_M0002839,SRB_M0002267,
GM0003484,GT0000876,SRA_M0002840,SRB_M0002268,
GM0003485,GT0000876,SRA_M0002841,SRB_M0002269,
GM0003486,GT0000877,SRA_M0002842,SRB_M0002270,SRC_M0001403
GM0003487,GT0000877,SRA_M0002843,SRB_M0002271,SRC_M0001404
GM0003488,GT0000877,SRA_M0002844,SRB_M0002272,SRC_M0001405
GM0003489,GT0000877,SRA_M0002845,,
GM0003490,GT0000877,SRA_M0002846,SRB_M0002273,SRC_M0001406
GM0003491,GT0000878,SRA_M0002847,,
GM0003492,GT0000878,SRA_M0002848,SRB_M0002274,
GM0003493,GT0000878,SRA_M0002849,SRB_M0002275,
GM0003494,GT0000878,,,
GM0003495,GT0000878,SRA_M0002850,SRB_M0002276,
GM0003496,GT0000878,,SRB_M0002277,
GM0003497,GT0000879,SRA_M0002851,SRB_M0002278,
GM0003498,GT0000879,SRA_M0002852,SRB_M0002279,
GM0003499,GT0000879,SRA_M0002853,,
GM0003500,GT0000879,SRA_M0002854,SRB_M0002280,
GM0003501,GT0000879,SRA_M0002855,SRB_M0002281,
GM0003502,GT0000879,SRA_M0002856,SRB_M0002282,
GM0003503,GT0000880,SRA_M0002857,SRB_M0002283,
GM0003504,GT0000880,SRA_M0002858,SRB_M0002284,
GM0003505,GT0000880,,SRB_M0002285,SRC_M0001407
GM0003506,GT0000880,SRA_M0002859,SRB_M0002286,SRC_M0001408
GM0003507,GT0000881,SRA_M0002860,SRB_M0002287,
GM0003508,GT0000881,,SRB_M0002288,
GM0003509,GT0000882,SRA_M0002861,SRB_M0002289,
GM0003510,GT0000882,,SRB_M0002290,
GM0003511,GT0000882,SRA_M0002862,SRB_M0002291,
GM0003512,GT0000882,SRA_M0002863,SRB_M0002292,
GM0003513,GT0000882,SRA_M0002864,SRB_M0002293,
GM0003514,GT0000882,SRA_M0002865,,
GM0003515,GT0000883,SRA_M0002866,SRB_M0002294,SRC_M0001409
GM0003516,GT0000883,SRA_M0002867,SRB_M0002295,SRC_M0001410
GM0003517,GT0000883,SRA_M0002868,SRB_M0002296,
GM0003518,GT0000883,SRA_M0002869,SRB_M0002297,SRC_M0001411
GM0003519,GT0000884,,SRB_M0002298,SRC_M0001412
GM0003520,GT0000884,,SRB_M0002299,SRC_M0001413
GM0003521,GT0000885,SRA_M0002870,SRB_M0002300,
GM0003522,GT0000885,SRA_M0002871,SRB_M0002301,
GM0003523,GT0000885,SRA_M0002872,SRB_M0002302,
GM0003524,GT0000885,SRA_M0002873,SRB_M0002303,
GM0003525,GT0000885,SRA_M0002874,SRB_M0002304,
GM0003526,GT0000885,SRA_M0002875,SRB_M0002305,
GM0003527,GT0000886,SRA_M0002876,SRB_M0002306,
GM0003528,GT0000886,SRA_M0002877,SRB_M0002307,
GM0003529,GT0000886,SRA_M0002878,SRB_M0002308,
GM0003530,GT0000886,,SRB_M0002309,
GM0003531,GT0000886,SRA_M0002879,,
GM0003532,GT0000886,SRA_M0002880,SRB_M0002310,
GM0003533,GT0000887,SRA_M0002881,,
GM0003534,GT0000887,,,SRC_M0001414
GM0003535,GT0000887,SRA_M0002882,,SRC_M0001415
GM0003536,GT0000887,SRA_M0002883,,SRC_M0001416
GM0003537,GT0000887,SRA_M0002884,,
GM0003538,GT0000888,SRA_M0002885,SRB_M0002311,
GM0003539,GT0000888,SRA_M0002886,SRB_M0002312,
GM0003540,GT0000888,SRA_M0002887,SRB_M0002313,
GM0003541,GT0000888,SRA_M0002888,SRB_M0002314,
GM0003542,GT0000888,SRA_M0002889,,
GM0003543,GT0000888,SRA_M0002890,SRB_M0002315,
GM0003544,GT0000889,,SRB_M0002316,SRC_M0001417
GM0003545,GT0000889,SRA_M0002891,,
GM0003546,GT0000889,SRA_M0002892,SRB_M0002317,SRC_M0001418
GM0003547,GT0000889,SRA_M0002893,SRB_M0002318,SRC_M0001419
GM0003548,GT0000890,,,SRC_M0001420
GM0003549,GT0000890,,,SRC_M0001421
GM0003550,GT0000891,SRA_M0002894,,
GM0003551,GT0000891,,,
GM0003552,GT0000891,SRA_M0002895,,
GM0003553,GT0000891,SRA_M0002896,,
GM0003554,GT0000892,SRA_M0002897,SRB_M0002319,SRC_M0001422
GM0003555,GT0000892,SRA_M0002898,SRB_M0002320,SRC_M0001423
GM0003556,GT0000892,SRA_M0002899,SRB_M0002321,SRC_M0001424
GM0003557,GT0000892,,SRB_M0002322,SRC_M0001425
GM0003558,GT0000892,SRA_M0002900,SRB_M0002323,SRC_M0001426
GM0003559,GT0000892,SRA_M0002901,SRB_M0002324,SRC_M0001427
GM0003560,GT0000893,SRA_M0002902,,SRC_M0001428
GM0003561,GT0000893,SRA_M0002903,,
GM0003562,GT0000893,SRA_M0002904,,SRC_M0001429
GM0003563,GT0000893,SRA_M0002905,,
GM0003564,GT0000894,,,
GM0003565,GT0000894,,,SRC_M0001430
GM0003566,GT0000894,,,SRC_M0001431
GM0003567,GT0000894,,,
GM0003568,GT0000895,SRA_M0002907,,
GM0003569,GT0000895,SRA_M0002908,SRB_M0002325,
GM0003570,GT0000895,SRA_M0002909,SRB_M0002326,
GM0003571,GT0000895,SRA_M0002910,SRB_M0002327,
GM0003572,GT0000895,,SRB_M0002328,
GM0003573,GT0000895,SRA_M0002911,,
GM0003574,GT0000896,SRA_M0002912,,SRC_M0001432
GM0003575,GT0000896,SRA_M0002913,,SRC_M0001433
GM0003576,GT0000896,SRA_M0002914,,SRC_M0001434
GM0003577,GT0000896,SRA_M0002915,,SRC_M0001435
GM0003578,GT0000896,SRA_M0002916,,SRC_M0001436
GM0003579,GT0000896,SRA_M0002917,,
GM0003580,GT0000897,SRA_M0002918,SRB_M0002329,
GM0003581,GT0000897,SRA_M0002919,SRB_M0002330,
GM0003582,GT0000897,SRA_M0002920,,
GM0003583,GT0000898,SRA_M0002921,SRB_M0002331,
GM0003584,GT0000898,SRA_M0002922,SRB_M0002332,
GM0003585,GT0000898,SRA_M0002923,SRB_M0002333,
GM0003586,GT0000898,SRA_M0002924,SRB_M0002334,
GM0003587,GT0000898,,SRB_M0002335,
GM0003588,GT0000899,SRA_M0002925,,SRC_M0001437
GM0003589,GT0000899,SRA_M0002926,,SRC_M0001438
GM0003590,GT0000899,SRA_M0002927,,SRC_M0001439
GM0003591,GT0000900,SRA_M0002928,SRB_M0002336,
GM0003592,GT0000900,SRA_M0002929,SRB_M0002337,SRC_M0001440
GM0003593,GT0000900,SRA_M0002930,SRB_M0002338,SRC_M0001441
GM0003594,GT0000900,SRA_M0002931,SRB_M0002339,SRC_M0001442
GM0003595,GT0000901,SRA_M0002932,SRB_M0002340,SRC_M0001443
GM0003596,GT0000901,SRA_M0002933,SRB_M0002341,SRC_M0001444
GM0003597,GT0000901,SRA_M0002934,SRB_M0002342,SRC_M0001445
GM0003598,GT0000902,,,SRC_M0001446
GM0003599,GT0000902,SRA_M0002935,,SRC_M0001447
GM0003600,GT0000902,SRA_M0002936,,
GM0003601,GT0000902,SRA_M0002937,,
GM0003602,GT0000902,SRA_M0002938,,
GM0003603,GT0000902,SRA_M0002939,,SRC_M0001448
GM0003604,GT0000903,SRA_M0002940,SRB_M0002343,
GM0003605,GT0000903,SRA_M0002941,SRB_M0002344,
GM0003606,GT0000903,SRA_M0002942,SRB_M0002345,
GM0003607,GT0000903,SRA_M0002943,,
GM0003608,GT0000903,SRA_M0002944,SRB_M0002346,
GM0003609,GT0000904,SRA_M0002945,SRB_M0002347,SRC_M0001449
GM0003610,GT0000904,SRA_M0002946,SRB_M0002348,
GM0003611,GT0000905,SRA_M0002947,SRB_M0002349,SRC_M0001450
GM0003612,GT0000905,SRA_M0002948,SRB_M0002350,SRC_M0001451
GM0003613,GT0000905,SRA_M0002949,,SRC_M0001452
GM0003614,GT0000905,SRA_M0002950,SRB_M0002351,SRC_M0001453
GM0003615,GT0000906,SRA_M0002951,SRB_M0002352,SRC_M0001454
GM0003616,GT0000906,SRA_M0002952,,SRC_M0001455
GM0003617,GT0000907,SRA_M0002954,,
GM0003618,GT0000907,SRA_M0002955,,
GM0003619,GT0000907,SRA_M0002956,,
GM0003620,GT0000907,,,
GM0003621,GT0000907,SRA_M0002957,,
GM0003622,GT0000907,SRA_M0002958,,
GM0003623,GT0000908,SRA_M0002959,,
GM0003624,GT0000908,SRA_M0002960,,SRC_M0001456
GM0003625,GT0000908,SRA_M0002961,,
GM0003626,GT0000908,SRA_M0002962,,SRC_M0001457
GM0003627,GT0000908,SRA_M0002963,,SRC_M0001458
GM0003628,GT0000908,SRA_M0002964,,
GM0003629,GT0000909,SRA_M0002965,SRB_M0002353,
GM0003630,GT0000909,SRA_M0002966,SRB_M0002354,
GM0003631,GT0000909,SRA_M0002967,SRB_M0002355,
GM0003632,GT0000909,SRA_M0002968,SRB_M0002356,
GM0003633,GT0000909,,SRB_M0002357,
GM0003634,GT0000909,SRA_M0002969,SRB_M0002358,
GM0003635,GT0000910,,SRB_M0002359,SRC_M0001459
GM0003636,GT0000910,SRA_M0002970,,
GM0003637,GT0000910,,SRB_M0002360,SRC_M0001460
GM0003638,GT0000911,,,
GM0003639,GT0000911,SRA_M0002971,SRB_M0002361,
GM0003640,GT0000912,,,SRC_M0001461
GM0003641,GT0000912,,,SRC_M0001462
GM0003642,GT0000912,,,SRC_M0001463
GM0003643,GT0000912,,,
GM0003644,GT0000912,,,
GM0003645,GT0000913,SRA_M0002972,SRB_M0002362,
GM0003646,GT0000913,SRA_M0002973,SRB_M0002363,
GM0003647,GT0000913,SRA_M0002974,SRB_M0002364,SRC_M0001464
GM0003648,GT0000913,SRA_M0002975,SRB_M0002365,
GM0003649,GT0000914,SRA_M0002976,,
GM0003650,GT0000914,,SRB_M0002366,
GM0003651,GT0000914,SRA_M0002977,SRB_M0002367,
GM0003652,GT0000914,SRA_M0002978,SRB_M0002368,
GM0003653,GT0000914,SRA_M0002979,SRB_M0002369,
GM0003654,GT0000915,,SRB_M0002371,SRC_M0001465
GM0003655,GT0000915,,SRB_M0002372,SRC_M0001466
GM0003656,GT0000916,SRA_M0002980,,
GM0003657,GT0000916,SRA_M0002981,SRB_M0002373,
GM0003658,GT0000916,SRA_M0002982,,
GM0003659,GT0000916,SRA_M0002983,SRB_M0002374,
GM0003660,GT0000916,SRA_M0002984,,
GM0003661,GT0000916,SRA_M0002985,SRB_M0002375,
GM0003662,GT0000917,,,SRC_M0001467
GM0003663,GT0000917,SRA_M0002986,,
GM0003664,GT0000917,SRA_M0002987,,
GM0003665,GT0000917,SRA_M0002988,,SRC_M0001468
GM0003666,GT0000918,SRA_M0002989,,SRC_M0001469
GM0003667,GT0000918,SRA_M0002990,,SRC_M0001470
GM0003668,GT0000918,SRA_M0002991,,
GM0003669,GT0000918,SRA_M0002992,,SRC_M0001471
GM0003670,GT0000919,SRA_M0002993,SRB_M0002376,
GM0003671,GT0000919,SRA_M0002994,SRB_M0002377,
GM0003672,GT0000919,SRA_M0002995,SRB_M0002378,
GM0003673,GT0000920,SRA_M0002996,SRB_M0002379,
GM0003674,GT0000920,SRA_M0002997,SRB_M0002380,
GM0003675,GT0000920,SRA_M0002998,SRB_M0002381,
GM0003676,GT0000920,SRA_M0002999,SRB_M0002382,
GM0003677,GT0000921,SRA_M0003000,,
GM0003678,GT0000921,SRA_M0003001,,
GM0003679,GT0000921,SRA_M0003002,,
GM0003680,GT0000921,SRA_M0003003,,
GM0003681,GT0000921,SRA_M0003004,,
GM0003682,GT0000922,,SRB_M0002383,
GM0003683,GT0000922,,SRB_M0002384,
GM0003684,GT0000922,,SRB_M0002385,
GM0003685,GT0000922,,SRB_M0002386,
GM0003686,GT0000922,,SRB_M0002387,
GM0003687,GT0000923,SRA_M0003005,,
GM0003688,GT0000923,SRA_M0003006,,SRC_M0001472
GM0003689,GT0000923,SRA_M0003007,,SRC_M0001473
GM0003690,GT0000923,SRA_M0003008,,
GM0003691,GT0000924,SRA_M0003009,,
GM0003692,GT0000924,SRA_M0003010,,
GM0003693,GT0000924,SRA_M0003011,,
GM0003694,GT0000924,SRA_M0003012,,
GM0003695,GT0000924,SRA_M0003013,,
GM0003696,GT0000924,SRA_M0003014,,
GM0003697,GT0000925,SRA_M0003015,SRB_M0002388,
GM0003698,GT0000925,SRA_M0003016,SRB_M0002389,
GM0003699,GT0000925,SRA_M0003017,,
GM0003700,GT0000926,SRA_M0003018,SRB_M0002390,
GM0003701,GT0000926,SRA_M0003019,SRB_M0002391,
GM0003702,GT0000926,SRA_M0003020,SRB_M0002392,
GM0003703,GT0000926,SRA_M0003021,SRB_M0002393,
GM0003704,GT0000926,SRA_M0003022,SRB_M0002394,
GM0003705,GT0000927,SRA_M0003023,SRB_M0002395,
GM0003706,GT0000927,SRA_M0003024,SRB_M0002396,
GM0003707,GT0000927,,SRB_M0002397,
GM0003708,GT0000927,SRA_M0003025,SRB_M0002398,
GM0003709,GT0000928,SRA_M0003026,,
GM0003710,GT0000928,SRA_M0003027,,
GM0003711,GT0000928,SRA_M0003028,,
GM0003712,GT0000929,SRA_M0003029,,
GM0003713,GT0000929,SRA_M0003030,,
GM0003714,GT0000929,,,
GM0003715,GT0000930,,SRB_M0002399,
GM0003716,GT0000930,SRA_M0003031,SRB_M0002400,
GM0003717,GT0000930,SRA_M0003032,SRB_M0002401,
GM0003718,GT0000930,SRA_M0003033,SRB_M0002402,
GM0003719,GT0000931,SRA_M0003034,SRB_M0002403,SRC_M0001474
GM0003720,GT0000931,SRA_M0003035,SRB_M0002404,SRC_M0001475
GM0003721,GT0000931,SRA_M0003036,SRB_M0002405,
GM0003722,GT0000932,SRA_M0003037,SRB_M0002406,
GM0003723,GT0000932,SRA_M0003038,,
GM0003724,GT0000933,,SRB_M0002407,
GM0003725,GT0000933,SRA_M0003039,SRB_M0002408,
GM0003726,GT0000933,SRA_M0003040,SRB_M0002409,
GM0003727,GT0000934,,,
GM0003728,GT0000934,,,
GM0003729,GT0000934,,,
GM0003730,GT0000935,,SRB_M0002410,
GM0003731,GT0000935,,SRB_M0002411,
GM0003732,GT0000935,SRA_M0003041,,
GM0003733,GT0000935,,SRB_M0002412,
GM0003734,GT0000935,SRA_M0003042,SRB_M0002413,
GM0003735,GT0000935,SRA_M0003043,SRB_M0002414,
GM0003736,GT0000936,,SRB_M0002415,
GM0003737,GT0000936,SRA_M0003044,SRB_M0002416,
GM0003738,GT0000937,,SRB_M0002417,
GM0003739,GT0000937,SRA_M0003045,SRB_M0002418,
GM0003740,GT0000938,SRA_M0003046,SRB_M0002419,SRC_M0001476
GM0003741,GT0000938,SRA_M0003047,SRB_M0002420,SRC_M0001477
GM0003742,GT0000938,SRA_M0003048,SRB_M0002421,
GM0003743,GT0000938,SRA_M0003049,SRB_M0002422,SRC_M0001478
GM0003744,GT0000938,SRA_M0003050,SRB_M0002423,SRC_M0001479
GM0003745,GT0000938,,,SRC_M0001480
GM0003746,GT0000939,,SRB_M0002424,
GM0003747,GT0000939,,SRB_M0002425,
GM0003748,GT0000939,,SRB_M0002426,
GM0003749,GT0000940,SRA_M0003051,SRB_M0002427,
GM0003750,GT0000940,SRA_M0003052,SRB_M0002428,SRC_M0001481
GM0003751,GT0000940,SRA_M0003053,SRB_M0002429,SRC_M0001482
GM0003752,GT0000940,SRA_M0003054,SRB_M0002430,SRC_M0001483
GM0003753,GT0000940,SRA_M0003055,SRB_M0002431,SRC_M0001484
GM0003754,GT0000941,SRA_M0003056,,
GM0003755,GT0000941,SRA_M0003057,,SRC_M0001485
GM0003756,GT0000941,SRA_M0003058,,SRC_M0001486
GM0003757,GT0000942,SRA_M0003059,SRB_M0002432,
GM0003758,GT0000942,SRA_M0003060,SRB_M0002433,
GM0003759,GT0000942,SRA_M0003061,SRB_M0002434,
GM0003760,GT0000942,SRA_M0003062,SRB_M0002435,
GM0003761,GT0000942,SRA_M0003063,SRB_M0002436,
GM0003762,GT0000942,SRA_M0003064,SRB_M0002437,
GM0003763,GT0000943,SRA_M0003065,,
GM0003764,GT0000943,SRA_M0003066,,
GM0003765,GT0000944,SRA_M0003067,SRB_M0002438,
GM0003766,GT0000944,SRA_M0003068,SRB_M0002439,
GM0003767,GT0000944,SRA_M0003069,,
GM0003768,GT0000944,SRA_M0003070,SRB_M0002440,
GM0003769,GT0000944,,,
GM0003770,GT0000944,SRA_M0003071,SRB_M0002441,
GM0003771,GT0000945,SRA_M0003072,,
GM0003772,GT0000945,SRA_M0003073,,
GM0003773,GT0000945,SRA_M0003074,,
GM0003774,GT0000945,SRA_M0003075,,
GM0003775,GT0000945,SRA_M0003076,,
GM0003776,GT0000945,SRA_M0003077,,
GM0003777,GT0000946,SRA_M0003078,SRB_M0002442,
GM0003778,GT0000946,SRA_M0003079,SRB_M0002443,
GM0003779,GT0000946,SRA_M0003080,SRB_M0002444,SRC_M0001487
GM0003780,GT0000946,SRA_M0003081,SRB_M0002445,SRC_M0001488
GM0003781,GT0000946,SRA_M0003082,,SRC_M0001489
GM0003782,GT0000947,SRA_M0003084,SRB_M0002446,SRC_M0001490
GM0003783,GT0000947,SRA_M0003085,SRB_M0002447,SRC_M0001491
GM0003784,GT0000947,SRA_M0003086,SRB_M0002448,SRC_M0001492
GM0003785,GT0000948,,SRB_M0002449,
GM0003786,GT0000948,SRA_M0003087,,
GM0003787,GT0000948,SRA_M0003088,SRB_M0002450,
GM0003788,GT0000948,SRA_M0003089,SRB_M0002451,
GM0003789,GT0000949,SRA_M0003090,,
GM0003790,GT0000949,SRA_M0003091,SRB_M0002452,
GM0003791,GT0000949,SRA_M0003092,SRB_M0002453,
GM0003792,GT0000949,SRA_M0003093,,
GM0003793,GT0000949,SRA_M0003094,,
GM0003794,GT0000950,SRA_M0003095,SRB_M0002454,
GM0003795,GT0000950,SRA_M0003096,SRB_M0002455,SRC_M0001493
GM0003796,GT0000950,SRA_M0003097,SRB_M0002456,SRC_M0001494
GM0003797,GT0000951,SRA_M0003099,SRB_M0002457,SRC_M0001496
GM0003798,GT0000951,SRA_M0003100,SRB_M0002458,SRC_M0001497
GM0003799,GT0000951,SRA_M0003101,SRB_M0002459,SRC_M0001498
GM0003800,GT0000951,SRA_M0003102,SRB_M0002460,SRC_M0001499
GM0003801,GT0000952,SRA_M0003103,SRB_M0002461,
GM0003802,GT0000952,SRA_M0003104,SRB_M0002462,SRC_M0001500
GM0003803,GT0000952,SRA_M0003105,SRB_M0002463,SRC_M0001501
GM0003804,GT0000952,SRA_M0003106,,SRC_M0001502
GM0003805,GT0000953,SRA_M0003107,SRB_M0002464,SRC_M0001503
GM0003806,GT0000953,SRA_M0003108,SRB_M0002465,SRC_M0001504
GM0003807,GT0000953,SRA_M0003109,SRB_M0002466,SRC_M0001505
GM0003808,GT0000954,SRA_M0003110,,
GM0003809,GT0000954,SRA_M0003111,SRB_M0002467,
GM0003810,GT0000954,SRA_M0003112,SRB_M0002468,SRC_M0001506
GM0003811,GT0000954,,SRB_M0002469,
GM0003812,GT0000955,SRA_M0003113,,
GM0003813,GT0000955,SRA_M0003114,,
GM0003814,GT0000956,SRA_M0003115,SRB_M0002470,
GM0003815,GT0000956,,SRB_M0002471,
GM0003816,GT0000956,SRA_M0003116,SRB_M0002472,
GM0003817,GT0000956,SRA_M0003117,SRB_M0002473,
GM0003818,GT0000956,SRA_M0003118,SRB_M0002474,
GM0003819,GT0000956,SRA_M0003119,SRB_M0002475,
GM0003820,GT0000957,SRA_M0003120,SRB_M0002476,SRC_M0001507
GM0003821,GT0000957,SRA_M0003121,SRB_M0002477,SRC_M0001508
GM0003822,GT0000957,SRA_M0003122,SRB_M0002478,SRC_M0001509
GM0003823,GT0000957,SRA_M0003123,SRB_M0002479,SRC_M0001510
GM0003824,GT0000958,SRA_M0003125,SRB_M0002480,
GM0003825,GT0000958,SRA_M0003126,SRB_M0002481,
GM0003826,GT0000958,SRA_M0003127,,
GM0003827,GT0000959,SRA_M0003128,SRB_M0002482,SRC_M0001511
GM0003828,GT0000959,SRA_M0003129,SRB_M0002483,
GM0003829,GT0000960,SRA_M0003130,SRB_M0002484,
GM0003830,GT0000960,SRA_M0003131,SRB_M0002485,
GM0003831,GT0000960,SRA_M0003132,SRB_M0002486,
GM0003832,GT0000960,SRA_M0003133,,
GM0003833,GT0000960,SRA_M0003134,,
GM0003834,GT0000961,SRA_M0003135,,
GM0003835,GT0000961,SRA_M0003136,,SRC_M0001512
GM0003836,GT0000961,SRA_M0003137,,SRC_M0001513
GM0003837,GT0000961,SRA_M0003138,,SRC_M0001514
GM0003838,GT0000962,SRA_M0003139,,
GM0003839,GT0000962,SRA_M0003140,,
GM0003840,GT0000962,SRA_M0003141,,
GM0003841,GT0000962,SRA_M0003142,,
GM0003842,GT0000962,,,
GM0003843,GT0000962,SRA_M0003143,,
GM0003844,GT0000963,SRA_M0003144,SRB_M0002487,
GM0003845,GT0000963,SRA_M0003145,SRB_M0002488,
GM0003846,GT0000963,SRA_M0003146,SRB_M0002489,
GM0003847,GT0000963,,SRB_M0002490,
GM0003848,GT0000963,SRA_M0003147,SRB_M0002491,
GM0003849,GT0000964,SRA_M0003148,SRB_M0002492,
GM0003850,GT0000964,SRA_M0003149,SRB_M0002493,
GM0003851,GT0000964,SRA_M0003150,SRB_M0002494,
GM0003852,GT0000965,SRA_M0003151,SRB_M0002495,
GM0003853,GT0000965,SRA_M0003152,SRB_M0002496,
GM0003854,GT0000965,SRA_M0003153,,
GM0003855,GT0000965,SRA_M0003154,SRB_M0002497,
GM0003856,GT0000965,SRA_M0003155,SRB_M0002498,
GM0003857,GT0000965,SRA_M0003156,SRB_M0002499,
GM0003858,GT0000966,SRA_M0003157,,SRC_M0001515
GM0003859,GT0000966,SRA_M0003158,,SRC_M0001516
GM0003860,GT0000966,SRA_M0003159,,
GM0003861,GT0000966,SRA_M0003160,,SRC_M0001517
GM0003862,GT0000966,SRA_M0003161,,SRC_M0001518
GM0003863,GT0000967,,SRB_M0002500,SRC_M0001520
GM0003864,GT0000967,SRA_M0003162,SRB_M0002501,
GM0003865,GT0000968,,SRB_M0002502,
GM0003866,GT0000968,SRA_M0003163,,
GM0003867,GT0000968,,SRB_M0002503,
GM0003868,GT0000969,,,SRC_M0001521
GM0003869,GT0000969,,SRB_M0002504,SRC_M0001522
GM0003870,GT0000969,,SRB_M0002505,SRC_M0001523
GM0003871,GT0000970,SRA_M0003164,,SRC_M0001524
GM0003872,GT0000970,SRA_M0003165,,SRC_M0001525
GM0003873,GT0000970,SRA_M0003166,,
GM0003874,GT0000970,SRA_M0003167,,
GM0003875,GT0000970,SRA_M0003168,,SRC_M0001526
GM0003876,GT0000970,SRA_M0003169,,
GM0003877,GT0000971,,SRB_M0002506,SRC_M0001527
GM0003878,GT0000971,SRA_M0003170,SRB_M0002507,SRC_M0001528
GM0003879,GT0000971,SRA_M0003171,SRB_M0002508,SRC_M0001529
GM0003880,GT0000972,SRA_M0003172,,
GM0003881,GT0000972,SRA_M0003173,,
GM0003882,GT0000972,SRA_M0003174,,
GM0003883,GT0000972,SRA_M0003175,,
GM0003884,GT0000973,,SRB_M0002509,
GM0003885,GT0000973,,SRB_M0002510,
GM0003886,GT0000973,,,
GM0003887,GT0000973,,SRB_M0002511,
GM0003888,GT0000974,SRA_M0003176,SRB_M0002512,SRC_M0001530
GM0003889,GT0000974,SRA_M0003177,SRB_M0002513,SRC_M0001531
GM0003890,GT0000974,SRA_M0003178,SRB_M0002514,SRC_M0001532
GM0003891,GT0000974,SRA_M0003179,SRB_M0002515,
GM0003892,GT0000974,SRA_M0003180,SRB_M0002516,SRC_M0001533
GM0003893,GT0000975,SRA_M0003181,,
GM0003894,GT0000975,SRA_M0003182,,
GM0003895,GT0000975,SRA_M0003183,,
GM0003896,GT0000975,,,
GM0003897,GT0000976,,SRB_M0002517,
GM0003898,GT0000976,,,
GM0003899,GT0000976,,,SRC_M0001534
GM0003900,GT0000977,SRA_M0003184,SRB_M0002518,SRC_M0001536
GM0003901,GT0000977,SRA_M0003185,SRB_M0002519,SRC_M0001537
GM0003902,GT0000977,SRA_M0003186,SRB_M0002520,
GM0003903,GT0000977,SRA_M0003187,SRB_M0002521,SRC_M0001538
GM0003904,GT0000978,SRA_M0003188,SRB_M0002522,SRC_M0001539
GM0003905,GT0000978,SRA_M0003189,SRB_M0002523,
GM0003906,GT0000978,SRA_M0003190,SRB_M0002524,SRC_M0001540
GM0003907,GT0000979,SRA_M0003191,,
GM0003908,GT0000979,SRA_M0003192,,
GM0003909,GT0000980,SRA_M0003193,,
GM0003910,GT0000980,SRA_M0003194,SRB_M0002525,
GM0003911,GT0000980,,SRB_M0002526,
GM0003912,GT0000981,SRA_M0003195,,
GM0003913,GT0000981,SRA_M0003196,SRB_M0002527,
GM0003914,GT0000982,SRA_M0003197,SRB_M0002528,
GM0003915,GT0000982,SRA_M0003198,,
GM0003916,GT0000982,SRA_M0003199,SRB_M0002529,
GM0003917,GT0000982,SRA_M0003200,SRB_M0002530,
GM0003918,GT0000983,SRA_M0003201,,SRC_M0001541
GM0003919,GT0000983,SRA_M0003202,,SRC_M0001542
GM0003920,GT0000983,SRA_M0003203,,
GM0003921,GT0000983,SRA_M0003204,,SRC_M0001543
GM0003922,GT0000984,SRA_M0003205,SRB_M0002531,
GM0003923,GT0000984,SRA_M0003206,,
GM0003924,GT0000984,SRA_M0003207,SRB_M0002532,SRC_M0001544
GM0003925,GT0000984,SRA_M0003208,SRB_M0002533,SRC_M0001545
GM0003926,GT0000984,,SRB_M0002534,SRC_M0001546
GM0003927,GT0000985,,SRB_M0002535,SRC_M0001547
GM0003928,GT0000985,,SRB_M0002536,SRC_M0001548
GM0003929,GT0000985,,SRB_M0002537,SRC_M0001549
GM0003930,GT0000986,SRA_M0003209,,
GM0003931,GT0000986,,,
GM0003932,GT0000986,SRA_M0003210,,
GM0003933,GT0000986,SRA_M0003211,,
GM0003934,GT0000987,SRA_M0003212,,SRC_M0001550
GM0003935,GT0000987,SRA_M0003213,SRB_M0002538,
GM0003936,GT0000987,SRA_M0003214,SRB_M0002539,SRC_M0001551
GM0003937,GT0000987,SRA_M0003215,,SRC_M0001552
GM0003938,GT0000987,SRA_M0003216,SRB_M0002540,SRC_M0001553
GM0003939,GT0000988,SRA_M0003217,SRB_M0002541,
GM0003940,GT0000988,SRA_M0003218,SRB_M0002542,
GM0003941,GT0000988,SRA_M0003219,,
GM0003942,GT0000988,SRA_M0003220,SRB_M0002543,
GM0003943,GT0000988,SRA_M0003221,SRB_M0002544,
GM0003944,GT0000989,SRA_M0003222,,
GM0003945,GT0000989,SRA_M0003223,SRB_M0002545,
GM0003946,GT0000989,SRA_M0003224,SRB_M0002546,
GM0003947,GT0000990,SRA_M0003225,SRB_M0002547,
GM0003948,GT0000990,SRA_M0003226,SRB_M0002548,
GM0003949,GT0000990,SRA_M0003227,SRB_M0002549,
GM0003950,GT0000990,SRA_M0003228,SRB_M0002550,
GM0003951,GT0000991,,,
GM0003952,GT0000991,,,
GM0003953,GT0000991,,,
GM0003954,GT0000991,,,
GM0003955,GT0000991,,,
GM0003956,GT0000992,SRA_M0003230,SRB_M0002551,
GM0003957,GT0000992,SRA_M0003231,,
GM0003958,GT0000993,SRA_M0003232,,SRC_M0001554
GM0003959,GT0000993,SRA_M0003233,,
GM0003960,GT0000993,SRA_M0003234,,SRC_M0001555
GM0003961,GT0000994,,,SRC_M0001557
GM0003962,GT0000994,,,SRC_M0001558
GM0003963,GT0000994,SRA_M0003235,,SRC_M0001559
GM0003964,GT0000994,,,
GM0003965,GT0000994,SRA_M0003236,,SRC_M0001560
GM0003966,GT0000995,SRA_M0003237,SRB_M0002552,
GM0003967,GT0000995,SRA_M0003238,SRB_M0002553,SRC_M0001561
GM0003968,GT0000995,SRA_M0003239,,SRC_M0001562
GM0003969,GT0000995,SRA_M0003240,SRB_M0002554,SRC_M0001563
GM0003970,GT0000995,SRA_M0003241,SRB_M0002555,SRC_M0001564
GM0003971,GT0000996,SRA_M0003242,,
GM0003972,GT0000996,SRA_M0003243,,
GM0003973,GT0000996,SRA_M0003244,,
GM0003974,GT0000996,SRA_M0003245,,
GM0003975,GT0000996,SRA_M0003246,,
GM0003976,GT0000997,SRA_M0003247,SRB_M0002556,SRC_M0001565
GM0003977,GT0000997,,SRB_M0002557,SRC_M0001566
GM0003978,GT0000998,SRA_M0003249,SRB_M0002558,SRC_M0001567
GM0003979,GT0000998,SRA_M0003250,SRB_M0002559,SRC_M0001568
GM0003980,GT0000998,SRA_M0003251,SRB_M0002560,
GM0003981,GT0000998,SRA_M0003252,SRB_M0002561,SRC_M0001569
GM0003982,GT0000999,SRA_M0003253,SRB_M0002562,SRC_M0001570
GM0003983,GT0000999,SRA_M0003254,,SRC_M0001571
GM0003984,GT0000999,,SRB_M0002563,SRC_M0001572
GM0003985,GT0000999,SRA_M0003255,SRB_M0002564,SRC_M0001573
GM0003986,GT0001000,SRA_M0003256,SRB_M0002565,SRC_M0001574
GM0003987,GT0001000,SRA_M0003257,SRB_M0002566,SRC_M0001575
GM0003988,GT0001000,SRA_M0003258,SRB_M0002567,SRC_M0001576
GM0003989,GT0001001,SRA_M0003259,SRB_M0002568,
GM0003990,GT0001001,SRA_M0003260,SRB_M0002569,SRC_M0001578
GM0003991,GT0001001,SRA_M0003261,,SRC_M0001579
GM0003992,GT0001002,SRA_M0003263,,SRC_M0001580
GM0003993,GT0001002,SRA_M0003264,SRB_M0002570,SRC_M0001581
GM0003994,GT0001002,SRA_M0003265,SRB_M0002571,SRC_M0001582
GM0003995,GT0001002,SRA_M0003266,,SRC_M0001583
GM0003996,GT0001002,SRA_M0003267,SRB_M0002572,SRC_M0001584
GM0003997,GT0001002,SRA_M0003268,SRB_M0002573,SRC_M0001585
GM0003998,GT0001003,,,
GM0003999,GT0001003,,SRB_M0002574,
GM0004000,GT0001003,,SRB_M0002575,
GM0004001,GT0001003,,,
GM0004002,GT0001003,,,
GM0004003,GT0001004,SRA_M0003269,,
GM0004004,GT0001004,SRA_M0003270,,
GM0004005,GT0001004,SRA_M0003271,,
GM0004006,GT0001004,SRA_M0003272,,
GM0004007,GT0001005,SRA_M0003273,SRB_M0002576,SRC_M0001586
GM0004008,GT0001005,SRA_M0003274,SRB_M0002577,SRC_M0001587
GM0004009,GT0001005,SRA_M0003275,SRB_M0002578,
GM0004010,GT0001006,SRA_M0003276,SRB_M0002579,
GM0004011,GT0001006,,SRB_M0002580,
GM0004012,GT0001006,SRA_M0003277,SRB_M0002581,
GM0004013,GT0001007,SRA_M0003278,SRB_M0002582,SRC_M0001588
GM0004014,GT0001007,SRA_M0003279,SRB_M0002583,SRC_M0001589
GM0004015,GT0001007,SRA_M0003280,SRB_M0002584,SRC_M0001590
GM0004016,GT0001008,SRA_M0003281,SRB_M0002585,
GM0004017,GT0001008,SRA_M0003282,SRB_M0002586,
GM0004018,GT0001008,SRA_M0003283,SRB_M0002587,
GM0004019,GT0001008,SRA_M0003284,SRB_M0002588,
GM0004020,GT0001008,SRA_M0003285,,
GM0004021,GT0001009,SRA_M0003286,SRB_M0002589,SRC_M0001591
GM0004022,GT0001009,SRA_M0003287,SRB_M0002590,
GM0004023,GT0001009,SRA_M0003288,SRB_M0002591,SRC_M0001592
GM0004024,GT0001010,SRA_M0003289,SRB_M0002592,SRC_M0001593
GM0004025,GT0001010,SRA_M0003290,SRB_M0002593,SRC_M0001594
GM0004026,GT0001011,SRA_M0003291,SRB_M0002594,
GM0004027,GT0001011,SRA_M0003292,SRB_M0002595,
GM0004028,GT0001011,SRA_M0003293,SRB_M0002596,
GM0004029,GT0001011,,SRB_M0002597,
GM0004030,GT0001011,SRA_M0003294,SRB_M0002598,
GM0004031,GT0001012,SRA_M0003296,SRB_M0002599,
GM0004032,GT0001012,SRA_M0003297,SRB_M0002600,
GM0004033,GT0001012,SRA_M0003298,SRB_M0002601,
GM0004034,GT0001012,SRA_M0003299,SRB_M0002602,
GM0004035,GT0001013,,SRB_M0002603,SRC_M0001595
GM0004036,GT0001013,,SRB_M0002604,SRC_M0001596
GM0004037,GT0001013,,SRB_M0002605,SRC_M0001597
GM0004038,GT0001013,,SRB_M0002606,SRC_M0001598
GM0004039,GT0001013,,SRB_M0002607,
GM0004040,GT0001014,SRA_M0003300,,SRC_M0001599
GM0004041,GT0001014,SRA_M0003301,SRB_M0002608,SRC_M0001600
GM0004042,GT0001014,SRA_M0003302,,SRC_M0001601
GM0004043,GT0001014,SRA_M0003303,SRB_M0002609,SRC_M0001602
GM0004044,GT0001015,SRA_M0003304,SRB_M0002610,
GM0004045,GT0001015,SRA_M0003305,SRB_M0002611,
GM0004046,GT0001015,SRA_M0003306,SRB_M0002612,
GM0004047,GT0001015,SRA_M0003307,,
GM0004048,GT0001015,,SRB_M0002613,
GM0004049,GT0001015,SRA_M0003308,SRB_M0002614,
GM0004050,GT0001016,SRA_M0003309,SRB_M0002615,
GM0004051,GT0001016,SRA_M0003310,SRB_M0002616,
GM0004052,GT0001016,SRA_M0003311,SRB_M0002617,
GM0004053,GT0001016,SRA_M0003312,SRB_M0002618,
GM0004054,GT0001017,,,
GM0004055,GT0001017,,SRB_M0002619,
GM0004056,GT0001017,,SRB_M0002620,
GM0004057,GT0001017,,SRB_M0002621,
GM0004058,GT0001017,,SRB_M0002622,
GM0004059,GT0001017,,SRB_M0002623,
GM0004060,GT0001018,,SRB_M0002624,
GM0004061,GT0001018,SRA_M0003313,SRB_M0002625,
GM0004062,GT0001018,,SRB_M0002626,
GM0004063,GT0001019,SRA_M0003314,SRB_M0002627,
GM0004064,GT0001019,SRA_M0003315,SRB_M0002628,SRC_M0001603
GM0004065,GT0001020,SRA_M0003316,SRB_M0002629,SRC_M0001604
GM0004066,GT0001020,SRA_M0003317,SRB_M0002630,
GM0004067,GT0001020,SRA_M0003318,SRB_M0002631,
GM0004068,GT0001020,SRA_M0003319,SRB_M0002632,
GM0004069,GT0001020,SRA_M0003320,SRB_M0002633,
GM0004070,GT0001021,SRA_M0003321,SRB_M0002634,
GM0004071,GT0001021,,SRB_M0002635,
GM0004072,GT0001022,SRA_M0003322,SRB_M0002636,
GM0004073,GT0001022,,SRB_M0002637,
GM0004074,GT0001022,SRA_M0003323,SRB_M0002638,
GM0004075,GT0001022,SRA_M0003324,SRB_M0002639,
GM0004076,GT0001022,SRA_M0003325,SRB_M0002640,
GM0004077,GT0001022,SRA_M0003326,SRB_M0002641,
GM0004078,GT0001023,SRA_M0003327,SRB_M0002642,SRC_M0001605
GM0004079,GT0001023,SRA_M0003328,SRB_M0002643,SRC_M0001606
GM0004080,GT0001023,SRA_M0003329,SRB_M0002644,SRC_M0001607
GM0004081,GT0001023,SRA_M0003330,SRB_M0002645,
GM0004082,GT0001023,SRA_M0003331,,SRC_M0001608
GM0004083,GT0001024,,SRB_M0002646,SRC_M0001609
GM0004084,GT0001024,,SRB_M0002647,SRC_M0001610
GM0004085,GT0001024,,SRB_M0002648,
GM0004086,GT0001024,,SRB_M0002649,SRC_M0001611
GM0004087,GT0001024,,SRB_M0002650,
GM0004088,GT0001025,SRA_M0003332,SRB_M0002651,
GM0004089,GT0001025,SRA_M0003333,SRB_M0002652,
GM0004090,GT0001025,SRA_M0003334,SRB_M0002653,
GM0004091,GT0001025,SRA_M0003335,,
GM0004092,GT0001025,SRA_M0003336,SRB_M0002654,
GM0004093,GT0001025,SRA_M0003337,,
GM0004094,GT0001026,SRA_M0003338,SRB_M0002655,
GM0004095,GT0001026,SRA_M0003339,,
GM0004096,GT0001026,SRA_M0003340,SRB_M0002656,SRC_M0001612
GM0004097,GT0001026,SRA_M0003341,,SRC_M0001613
GM0004098,GT0001026,SRA_M0003342,SRB_M0002657,
GM0004099,GT0001027,SRA_M0003343,,
GM0004100,GT0001027,SRA_M0003344,,
GM0004101,GT0001027,SRA_M0003345,,
GM0004102,GT0001027,,,
GM0004103,GT0001028,SRA_M0003346,SRB_M0002658,
GM0004104,GT0001028,SRA_M0003347,SRB_M0002659,
GM0004105,GT0001028,SRA_M0003348,SRB_M0002660,
GM0004106,GT0001028,SRA_M0003349,SRB_M0002661,
GM0004107,GT0001028,SRA_M0003350,SRB_M0002662,
GM0004108,GT0001029,SRA_M0003351,SRB_M0002663,
GM0004109,GT0001029,SRA_M0003352,SRB_M0002664,
GM0004110,GT0001030,SRA_M0003353,SRB_M0002665,
GM0004111,GT0001030,SRA_M0003354,SRB_M0002666,
GM0004112,GT0001031,SRA_M0003355,SRB_M0002667,
GM0004113,GT0001031,SRA_M0003356,SRB_M0002668,
GM0004114,GT0001031,SRA_M0003357,SRB_M0002669,
GM0004115,GT0001031,SRA_M0003358,SRB_M0002670,
GM0004116,GT0001031,SRA_M0003359,SRB_M0002671,
GM0004117,GT0001032,,SRB_M0002672,
GM0004118,GT0001032,SRA_M0003360,SRB_M0002673,
GM0004119,GT0001032,SRA_M0003361,SRB_M0002674,
GM0004120,GT0001032,SRA_M0003362,SRB_M0002675,
GM0004121,GT0001033,SRA_M0003363,,
GM0004122,GT0001033,SRA_M0003364,,
GM0004123,GT0001034,SRA_M0003365,SRB_M0002676,SRC_M0001614
GM0004124,GT0001034,SRA_M0003366,SRB_M0002677,SRC_M0001615
GM0004125,GT0001034,SRA_M0003367,SRB_M0002678,SRC_M0001616
GM0004126,GT0001034,,SRB_M0002679,SRC_M0001617
GM0004127,GT0001035,SRA_M0003369,,
GM0004128,GT0001035,SRA_M0003370,,
GM0004129,GT0001036,SRA_M0003371,SRB_M0002680,
GM0004130,GT0001036,SRA_M0003372,SRB_M0002681,
GM0004131,GT0001036,SRA_M0003373,SRB_M0002682,
GM0004132,GT0001037,SRA_M0003374,,
GM0004133,GT0001037,,,
GM0004134,GT0001037,SRA_M0003375,,
GM0004135,GT0001037,,,
GM0004136,GT0001037,SRA_M0003376,,
GM0004137,GT0001037,SRA_M0003377,,
GM0004138,GT0001038,SRA_M0003378,SRB_M0002683,SRC_M0001618
GM0004139,GT0001038,SRA_M0003379,,SRC_M0001619
GM0004140,GT0001038,,SRB_M0002684,
GM0004141,GT0001038,SRA_M0003380,SRB_M0002685,SRC_M0001620
GM0004142,GT0001038,SRA_M0003381,SRB_M0002686,SRC_M0001621
GM0004143,GT0001039,SRA_M0003382,SRB_M0002687,
GM0004144,GT0001039,SRA_M0003383,SRB_M0002688,
GM0004145,GT0001040,SRA_M0003384,,
GM0004146,GT0001040,SRA_M0003385,,SRC_M0001622
GM0004147,GT0001040,SRA_M0003386,,SRC_M0001623
GM0004148,GT0001040,SRA_M0003387,,SRC_M0001624
GM0004149,GT0001040,SRA_M0003388,,SRC_M0001625
GM0004150,GT0001041,SRA_M0003389,,SRC_M0001626
GM0004151,GT0001041,SRA_M0003390,SRB_M0002689,SRC_M0001627
GM0004152,GT0001041,SRA_M0003391,SRB_M0002690,SRC_M0001628
GM0004153,GT0001042,SRA_M0003392,SRB_M0002691,SRC_M0001629
GM0004154,GT0001042,SRA_M0003393,,
GM0004155,GT0001042,SRA_M0003394,SRB_M0002692,
GM0004156,GT0001042,,SRB_M0002693,SRC_M0001630
GM0004157,GT0001042,SRA_M0003395,SRB_M0002694,
GM0004158,GT0001042,SRA_M0003396,SRB_M0002695,SRC_M0001631
GM0004159,GT0001043,SRA_M0003397,,SRC_M0001632
GM0004160,GT0001043,SRA_M0003398,,SRC_M0001633
GM0004161,GT0001043,SRA_M0003399,,SRC_M0001634
GM0004162,GT0001044,SRA_M0003400,SRB_M0002696,
GM0004163,GT0001044,,,SRC_M0001635
GM0004164,GT0001044,SRA_M0003401,,SRC_M0001636
GM0004165,GT0001045,SRA_M0003402,SRB_M0002697,
GM0004166,GT0001045,SRA_M0003403,SRB_M0002698,
GM0004167,GT0001045,SRA_M0003404,SRB_M0002699,
GM0004168,GT0001045,,SRB_M0002700,
GM0004169,GT0001045,SRA_M0003405,SRB_M0002701,
GM0004170,GT0001046,SRA_M0003407,SRB_M0002702,SRC_M0001637
GM0004171,GT0001046,SRA_M0003408,SRB_M0002703,
GM0004172,GT0001046,,SRB_M0002704,SRC_M0001638
GM0004173,GT0001046,SRA_M0003409,SRB_M0002705,SRC_M0001639
GM0004174,GT0001046,SRA_M0003410,SRB_M0002706,SRC_M0001640
GM0004175,GT0001046,SRA_M0003411,,SRC_M0001641
GM0004176,GT0001047,SRA_M0003412,SRB_M0002707,
GM0004177,GT0001047,SRA_M0003413,SRB_M0002708,
GM0004178,GT0001047,,SRB_M0002709,
GM0004179,GT0001047,SRA_M0003414,SRB_M0002710,
GM0004180,GT0001048,SRA_M0003416,,SRC_M0001642
GM0004181,GT0001048,SRA_M0003417,SRB_M0002711,SRC_M0001643
GM0004182,GT0001048,,SRB_M0002712,SRC_M0001644
GM0004183,GT0001048,SRA_M0003418,SRB_M0002713,SRC_M0001645
GM0004184,GT0001048,SRA_M0003419,,SRC_M0001646
GM0004185,GT0001049,SRA_M0003420,SRB_M0002714,SRC_M0001647
GM0004186,GT0001049,SRA_M0003421,,SRC_M0001648
GM0004187,GT0001049,SRA_M0003422,,SRC_M0001649
GM0004188,GT0001049,SRA_M0003423,SRB_M0002715,SRC_M0001650
GM0004189,GT0001049,SRA_M0003424,SRB_M0002716,SRC_M0001651
GM0004190,GT0001049,SRA_M0003425,SRB_M0002717,SRC_M0001652
GM0004191,GT0001050,SRA_M0003426,SRB_M0002718,SRC_M0001653
GM0004192,GT0001050,SRA_M0003427,SRB_M0002719,SRC_M0001654
GM0004193,GT0001050,,SRB_M0002720,SRC_M0001655
GM0004194,GT0001050,SRA_M0003428,SRB_M0002721,SRC_M0001656
GM0004195,GT0001050,SRA_M0003429,SRB_M0002722,SRC_M0001657
GM0004196,GT0001050,SRA_M0003430,SRB_M0002723,SRC_M0001658
GM0004197,GT0001051,SRA_M0003431,,
GM0004198,GT0001051,SRA_M0003432,,SRC_M0001659
GM0004199,GT0001052,SRA_M0003433,,SRC_M0001660
GM0004200,GT0001052,SRA_M0003434,,SRC_M0001661
GM0004201,GT0001052,SRA_M0003435,,SRC_M0001662
GM0004202,GT0001052,SRA_M0003436,,SRC_M0001663
GM0004203,GT0001053,SRA_M0003437,,
GM0004204,GT0001053,SRA_M0003438,,
GM0004205,GT0001053,SRA_M0003439,,
GM0004206,GT0001053,SRA_M0003440,,
GM0004207,GT0001053,,,
GM0004208,GT0001053,SRA_M0003441,,
GM0004209,GT0001054,SRA_M0003442,SRB_M0002724,
GM0004210,GT0001054,SRA_M0003443,SRB_M0002725,
GM0004211,GT0001054,SRA_M0003444,SRB_M0002726,
GM0004212,GT0001054,SRA_M0003445,SRB_M0002727,
GM0004213,GT0001055,,SRB_M0002728,
GM0004214,GT0001055,,SRB_M0002729,
GM0004215,GT0001055,SRA_M0003446,SRB_M0002730,
GM0004216,GT0001055,,SRB_M0002731,
GM0004217,GT0001055,SRA_M0003447,SRB_M0002732,
GM0004218,GT0001055,SRA_M0003448,SRB_M0002733,
GM0004219,GT0001056,,SRB_M0002734,SRC_M0001664
GM0004220,GT0001056,,SRB_M0002735,SRC_M0001665
GM0004221,GT0001056,,SRB_M0002736,SRC_M0001666
GM0004222,GT0001056,,SRB_M0002737,SRC_M0001667
GM0004223,GT0001056,,SRB_M0002738,
GM0004224,GT0001056,,SRB_M0002739,SRC_M0001668
GM0004225,GT0001057,SRA_M0003449,SRB_M0002741,SRC_M0001669
GM0004226,GT0001057,,SRB_M0002742,SRC_M0001670
GM0004227,GT0001057,SRA_M0003450,,SRC_M0001671
GM0004228,GT0001057,SRA_M0003451,SRB_M0002743,SRC_M0001672
GM0004229,GT0001057,,SRB_M0002744,SRC_M0001673
GM0004230,GT0001058,SRA_M0003452,SRB_M0002745,
GM0004231,GT0001058,SRA_M0003453,SRB_M0002746,
GM0004232,GT0001058,SRA_M0003454,SRB_M0002747,
GM0004233,GT0001059,SRA_M0003455,SRB_M0002748,
GM0004234,GT0001059,SRA_M0003456,SRB_M0002749,
GM0004235,GT0001060,SRA_M0003457,SRB_M0002750,SRC_M0001674
GM0004236,GT0001060,SRA_M0003458,SRB_M0002751,SRC_M0001675
GM0004237,GT0001060,SRA_M0003459,SRB_M0002752,SRC_M0001676
GM0004238,GT0001060,SRA_M0003460,SRB_M0002753,SRC_M0001677
GM0004239,GT0001060,SRA_M0003461,SRB_M0002754,SRC_M0001678
GM0004240,GT0001061,SRA_M0003462,SRB_M0002755,SRC_M0001679
GM0004241,GT0001061,,SRB_M0002756,SRC_M0001680
GM0004242,GT0001061,SRA_M0003463,,SRC_M0001681
GM0004243,GT0001061,SRA_M0003464,SRB_M0002757,
GM0004244,GT0001062,SRA_M0003465,,SRC_M0001682
GM0004245,GT0001062,SRA_M0003466,,SRC_M0001683
GM0004246,GT0001062,SRA_M0003467,,SRC_M0001684
GM0004247,GT0001062,SRA_M0003468,,SRC_M0001685
GM0004248,GT0001062,SRA_M0003469,,SRC_M0001686
GM0004249,GT0001063,SRA_M0003470,SRB_M0002758,SRC_M0001687
GM0004250,GT0001063,SRA_M0003471,SRB_M0002759,SRC_M0001688
GM0004251,GT0001063,SRA_M0003472,SRB_M0002760,SRC_M0001689
GM0004252,GT0001063,SRA_M0003473,SRB_M0002761,
GM0004253,GT0001064,SRA_M0003475,,SRC_M0001690
GM0004254,GT0001064,,SRB_M0002762,SRC_M0001691
GM0004255,GT0001064,,SRB_M0002763,
GM0004256,GT0001065,,,SRC_M0001692
GM0004257,GT0001065,,SRB_M0002764,SRC_M0001693
GM0004258,GT0001065,,,
GM0004259,GT0001065,,,
GM0004260,GT0001066,SRA_M0003476,,
GM0004261,GT0001066,SRA_M0003477,,
GM0004262,GT0001066,SRA_M0003478,,
GM0004263,GT0001066,SRA_M0003479,,
GM0004264,GT0001066,SRA_M0003480,,
GM0004265,GT0001066,SRA_M0003481,,
GM0004266,GT0001067,SRA_M0003482,SRB_M0002765,
GM0004267,GT0001067,SRA_M0003483,SRB_M0002766,
GM0004268,GT0001067,SRA_M0003484,SRB_M0002767,
GM0004269,GT0001067,SRA_M0003485,SRB_M0002768,
GM0004270,GT0001068,SRA_M0003486,SRB_M0002769,
GM0004271,GT0001068,SRA_M0003487,SRB_M0002770,
GM0004272,GT0001068,SRA_M0003488,SRB_M0002771,
GM0004273,GT0001068,SRA_M0003489,SRB_M0002772,
GM0004274,GT0001068,SRA_M0003490,SRB_M0002773,
GM0004275,GT0001069,SRA_M0003491,SRB_M0002774,
GM0004276,GT0001069,SRA_M0003492,,
GM0004277,GT0001069,,SRB_M0002775,
GM0004278,GT0001069,,,
GM0004279,GT0001070,,,
GM0004280,GT0001070,,SRB_M0002776,
GM0004281,GT0001070,SRA_M0003493,,
GM0004282,GT0001071,SRA_M0003495,,SRC_M0001694
GM0004283,GT0001071,,,
GM0004284,GT0001072,SRA_M0003496,SRB_M0002777,SRC_M0001695
GM0004285,GT0001072,SRA_M0003497,SRB_M0002778,SRC_M0001696
GM0004286,GT0001072,SRA_M0003498,SRB_M0002779,SRC_M0001697
GM0004287,GT0001072,,SRB_M0002780,SRC_M0001698
GM0004288,GT0001072,SRA_M0003499,SRB_M0002781,SRC_M0001699
GM0004289,GT0001072,SRA_M0003500,,
GM0004290,GT0001073,SRA_M0003501,SRB_M0002783,SRC_M0001700
GM0004291,GT0001073,SRA_M0003502,SRB_M0002784,SRC_M0001701
GM0004292,GT0001073,SRA_M0003503,,SRC_M0001702
GM0004293,GT0001073,SRA_M0003504,,SRC_M0001703
GM0004294,GT0001073,SRA_M0003505,SRB_M0002785,SRC_M0001704
GM0004295,GT0001073,SRA_M0003506,SRB_M0002786,SRC_M0001705
GM0004296,GT0001074,SRA_M0003507,,
GM0004297,GT0001074,SRA_M0003508,,
GM0004298,GT0001074,SRA_M0003509,,
GM0004299,GT0001074,SRA_M0003510,,
GM0004300,GT0001074,SRA_M0003511,,
GM0004301,GT0001075,SRA_M0003512,SRB_M0002787,
GM0004302,GT0001075,SRA_M0003513,,SRC_M0001706
GM0004303,GT0001076,SRA_M0003514,SRB_M0002788,SRC_M0001707
GM0004304,GT0001076,,SRB_M0002789,SRC_M0001708
GM0004305,GT0001076,SRA_M0003515,SRB_M0002790,SRC_M0001709
GM0004306,GT0001076,,SRB_M0002791,SRC_M0001710
GM0004307,GT0001076,SRA_M0003516,SRB_M0002792,SRC_M0001711
GM0004308,GT0001077,SRA_M0003517,SRB_M0002793,
GM0004309,GT0001077,SRA_M0003518,,
GM0004310,GT0001077,SRA_M0003519,SRB_M0002794,
GM0004311,GT0001077,SRA_M0003520,SRB_M0002795,
GM0004312,GT0001078,SRA_M0003521,,
GM0004313,GT0001078,SRA_M0003522,SRB_M0002796,
GM0004314,GT0001078,SRA_M0003523,SRB_M0002797,SRC_M0001712
GM0004315,GT0001079,SRA_M0003524,SRB_M0002798,
GM0004316,GT0001079,SRA_M0003525,SRB_M0002799,SRC_M0001714
GM0004317,GT0001080,,,SRC_M0001715
GM0004318,GT0001080,,,SRC_M0001716
GM0004319,GT0001080,,SRB_M0002800,
GM0004320,GT0001080,,,
GM0004321,GT0001080,,SRB_M0002801,SRC_M0001717
GM0004322,GT0001080,,SRB_M0002802,
GM0004323,GT0001081,SRA_M0003526,SRB_M0002804,
GM0004324,GT0001081,SRA_M0003527,SRB_M0002805,SRC_M0001718
GM0004325,GT0001082,SRA_M0003528,SRB_M0002806,SRC_M0001719
GM0004326,GT0001082,,SRB_M0002807,
GM0004327,GT0001083,SRA_M0003529,SRB_M0002808,SRC_M0001720
GM0004328,GT0001083,SRA_M0003530,SRB_M0002809,SRC_M0001721
GM0004329,GT0001083,SRA_M0003531,SRB_M0002810,SRC_M0001722
GM0004330,GT0001083,SRA_M0003532,SRB_M0002811,SRC_M0001723
GM0004331,GT0001084,SRA_M0003533,SRB_M0002812,
GM0004332,GT0001084,SRA_M0003534,,SRC_M0001724
GM0004333,GT0001084,SRA_M0003535,SRB_M0002813,SRC_M0001725
GM0004334,GT0001085,SRA_M0003536,SRB_M0002815,
GM0004335,GT0001085,SRA_M0003537,SRB_M0002816,
GM0004336,GT0001085,SRA_M0003538,SRB_M0002817,
GM0004337,GT0001085,SRA_M0003539,SRB_M0002818,
GM0004338,GT0001086,SRA_M0003540,SRB_M0002819,
GM0004339,GT0001086,SRA_M0003541,SRB_M0002820,
GM0004340,GT0001086,SRA_M0003542,SRB_M0002821,
GM0004341,GT0001086,SRA_M0003543,SRB_M0002822,
GM0004342,GT0001086,SRA_M0003544,SRB_M0002823,
GM0004343,GT0001086,SRA_M0003545,SRB_M0002824,
GM0004344,GT0001087,,SRB_M0002825,
GM0004345,GT0001087,SRA_M0003546,SRB_M0002826,
GM0004346,GT0001087,SRA_M0003547,SRB_M0002827,
GM0004347,GT0001087,SRA_M0003548,SRB_M0002828,
GM0004348,GT0001087,SRA_M0003549,SRB_M0002829,
GM0004349,GT0001087,SRA_M0003550,SRB_M0002830,
GM0004350,GT0001088,,SRB_M0002831,
GM0004351,GT0001088,SRA_M0003551,SRB_M0002832,
GM0004352,GT0001089,SRA_M0003552,SRB_M0002833,
GM0004353,GT0001089,SRA_M0003553,SRB_M0002834,
GM0004354,GT0001089,SRA_M0003554,SRB_M0002835,
GM0004355,GT0001089,,SRB_M0002836,
GM0004356,GT0001089,SRA_M0003555,SRB_M0002837,
GM0004357,GT0001090,,SRB_M0002838,
GM0004358,GT0001090,,SRB_M0002839,
GM0004359,GT0001090,,SRB_M0002840,
GM0004360,GT0001090,,SRB_M0002841,
GM0004361,GT0001090,,SRB_M0002842,
GM0004362,GT0001091,SRA_M0003556,SRB_M0002843,
GM0004363,GT0001091,SRA_M0003557,,
GM0004364,GT0001091,SRA_M0003558,SRB_M0002844,
GM0004365,GT0001091,,SRB_M0002845,
GM0004366,GT0001091,SRA_M0003559,,
GM0004367,GT0001092,SRA_M0003560,,SRC_M0001726
GM0004368,GT0001092,SRA_M0003561,,SRC_M0001727
GM0004369,GT0001092,SRA_M0003562,,SRC_M0001728
GM0004370,GT0001092,SRA_M0003563,,SRC_M0001729
GM0004371,GT0001093,SRA_M0003565,SRB_M0002846,SRC_M0001730
GM0004372,GT0001093,SRA_M0003566,SRB_M0002847,SRC_M0001731
GM0004373,GT0001094,SRA_M0003567,,
GM0004374,GT0001094,SRA_M0003568,SRB_M0002848,
GM0004375,GT0001094,SRA_M0003569,SRB_M0002849,
GM0004376,GT0001094,SRA_M0003570,,
GM0004377,GT0001094,SRA_M0003571,SRB_M0002850,
GM0004378,GT0001094,,SRB_M0002851,
GM0004379,GT0001095,SRA_M0003572,,
GM0004380,GT0001095,SRA_M0003573,,
GM0004381,GT0001095,SRA_M0003574,,
GM0004382,GT0001095,SRA_M0003575,,
GM0004383,GT0001095,SRA_M0003576,,
GM0004384,GT0001095,SRA_M0003577,,
GM0004385,GT0001096,,,
GM0004386,GT0001096,,SRB_M0002852,
GM0004387,GT0001096,,SRB_M0002853,
GM0004388,GT0001096,,SRB_M0002854,
GM0004389,GT0001097,SRA_M0003578,SRB_M0002855,
GM0004390,GT0001097,SRA_M0003579,SRB_M0002856,
GM0004391,GT0001097,SRA_M0003580,SRB_M0002857,
GM0004392,GT0001097,SRA_M0003581,SRB_M0002858,
GM0004393,GT0001097,SRA_M0003582,SRB_M0002859,
GM0004394,GT0001097,SRA_M0003583,SRB_M0002860,
GM0004395,GT0001098,SRA_M0003584,SRB_M0002861,SRC_M0001732
GM0004396,GT0001098,SRA_M0003585,,
GM0004397,GT0001098,SRA_M0003586,SRB_M0002862,SRC_M0001733
GM0004398,GT0001098,SRA_M0003587,SRB_M0002863,SRC_M0001734
GM0004399,GT0001098,SRA_M0003588,SRB_M0002864,
GM0004400,GT0001098,SRA_M0003589,SRB_M0002865,SRC_M0001735
GM0004401,GT0001099,SRA_M0003590,,SRC_M0001736
GM0004402,GT0001099,SRA_M0003591,,SRC_M0001737
GM0004403,GT0001099,SRA_M0003592,,
GM0004404,GT0001099,SRA_M0003593,,
GM0004405,GT0001099,SRA_M0003594,,SRC_M0001738
GM0004406,GT0001100,SRA_M0003595,,
GM0004407,GT0001100,SRA_M0003596,,SRC_M0001739
GM0004408,GT0001100,SRA_M0003597,,SRC_M0001740
GM0004409,GT0001100,SRA_M0003598,,SRC_M0001741
GM0004410,GT0001101,SRA_M0003599,SRB_M0002866,
GM0004411,GT0001101,SRA_M0003600,,
GM0004412,GT0001102,SRA_M0003601,SRB_M0002867,
GM0004413,GT0001102,SRA_M0003602,SRB_M0002868,
GM0004414,GT0001102,SRA_M0003603,SRB_M0002869,
GM0004415,GT0001102,SRA_M0003604,SRB_M0002870,
GM0004416,GT0001102,SRA_M0003605,SRB_M0002871,
GM0004417,GT0001103,SRA_M0003606,SRB_M0002872,SRC_M0001742
GM0004418,GT0001103,,SRB_M0002873,SRC_M0001743
GM0004419,GT0001103,,,SRC_M0001744
GM0004420,GT0001104,SRA_M0003607,SRB_M0002874,SRC_M0001745
GM0004421,GT0001104,SRA_M0003608,SRB_M0002875,
GM0004422,GT0001105,SRA_M0003609,SRB_M0002876,
GM0004423,GT0001105,SRA_M0003610,SRB_M0002877,
GM0004424,GT0001105,SRA_M0003611,SRB_M0002878,
GM0004425,GT0001105,SRA_M0003612,SRB_M0002879,
GM0004426,GT0001106,SRA_M0003613,,
GM0004427,GT0001106,,,
GM0004428,GT0001107,SRA_M0003614,,
GM0004429,GT0001107,SRA_M0003615,SRB_M0002880,
GM0004430,GT0001107,SRA_M0003616,SRB_M0002881,
GM0004431,GT0001107,,SRB_M0002882,
GM0004432,GT0001107,SRA_M0003617,,
GM0004433,GT0001107,SRA_M0003618,,
GM0004434,GT0001108,SRA_M0003619,SRB_M0002883,SRC_M0001746
GM0004435,GT0001108,,,SRC_M0001747
GM0004436,GT0001108,,,SRC_M0001748
GM0004437,GT0001108,SRA_M0003620,SRB_M0002884,SRC_M0001749
GM0004438,GT0001108,SRA_M0003621,,
GM0004439,GT0001109,,SRB_M0002885,SRC_M0001750
GM0004440,GT0001109,,SRB_M0002886,SRC_M0001751
GM0004441,GT0001109,,SRB_M0002887,
GM0004442,GT0001109,,SRB_M0002888,SRC_M0001752
GM0004443,GT0001110,SRA_M0003622,SRB_M0002889,SRC_M0001753
GM0004444,GT0001110,SRA_M0003623,SRB_M0002890,SRC_M0001754
GM0004445,GT0001110,,SRB_M0002891,SRC_M0001755
GM0004446,GT0001110,SRA_M0003624,SRB_M0002892,
GM0004447,GT0001111,SRA_M0003625,SRB_M0002893,
GM0004448,GT0001111,SRA_M0003626,SRB_M0002894,
GM0004449,GT0001111,SRA_M0003627,SRB_M0002895,
GM0004450,GT0001111,SRA_M0003628,SRB_M0002896,
GM0004451,GT0001111,SRA_M0003629,SRB_M0002897,
GM0004452,GT0001111,SRA_M0003630,SRB_M0002898,
GM0004453,GT0001112,SRA_M0003631,SRB_M0002899,
GM0004454,GT0001112,SRA_M0003632,SRB_M0002900,
GM0004455,GT0001112,SRA_M0003633,SRB_M0002901,
GM0004456,GT0001112,SRA_M0003634,,
GM0004457,GT0001112,SRA_M0003635,SRB_M0002902,
GM0004458,GT0001112,SRA_M0003636,,
GM0004459,GT0001113,SRA_M0003637,SRB_M0002903,
GM0004460,GT0001113,SRA_M0003638,SRB_M0002904,
GM0004461,GT0001113,,SRB_M0002905,
GM0004462,GT0001113,SRA_M0003639,SRB_M0002906,
GM0004463,GT0001113,SRA_M0003640,SRB_M0002907,
GM0004464,GT0001113,SRA_M0003641,,
GM0004465,GT0001114,SRA_M0003642,SRB_M0002908,
GM0004466,GT0001114,SRA_M0003643,SRB_M0002909,SRC_M0001756
GM0004467,GT0001114,SRA_M0003644,SRB_M0002910,SRC_M0001757
GM0004468,GT0001114,,,
GM0004469,GT0001115,SRA_M0003645,,
GM0004470,GT0001115,,,
GM0004471,GT0001115,,,
GM0004472,GT0001116,,SRB_M0002911,
GM0004473,GT0001116,,SRB_M0002912,
GM0004474,GT0001116,,,
GM0004475,GT0001117,SRA_M0003646,SRB_M0002913,
GM0004476,GT0001117,SRA_M0003647,SRB_M0002914,
GM0004477,GT0001117,SRA_M0003648,SRB_M0002915,
GM0004478,GT0001117,SRA_M0003649,SRB_M0002916,
GM0004479,GT0001117,SRA_M0003650,SRB_M0002917,
GM0004480,GT0001118,,SRB_M0002918,
GM0004481,GT0001118,SRA_M0003651,SRB_M0002919,
GM0004482,GT0001118,SRA_M0003652,SRB_M0002920,
GM0004483,GT0001118,SRA_M0003653,SRB_M0002921,
GM0004484,GT0001118,SRA_M0003654,SRB_M0002922,
GM0004485,GT0001118,,,
GM0004486,GT0001119,SRA_M0003655,SRB_M0002924,SRC_M0001758
GM0004487,GT0001119,SRA_M0003656,SRB_M0002925,SRC_M0001759
GM0004488,GT0001120,SRA_M0003657,SRB_M0002926,
GM0004489,GT0001120,SRA_M0003658,SRB_M0002927,
GM0004490,GT0001120,SRA_M0003659,SRB_M0002928,
GM0004491,GT0001120,SRA_M0003660,SRB_M0002929,
GM0004492,GT0001120,SRA_M0003661,SRB_M0002930,
GM0004493,GT0001120,SRA_M0003662,,
GM0004494,GT0001121,SRA_M0003663,SRB_M0002931,
GM0004495,GT0001121,SRA_M0003664,SRB_M0002932,
GM0004496,GT0001121,SRA_M0003665,,
GM0004497,GT0001121,SRA_M0003666,SRB_M0002933,
GM0004498,GT0001121,SRA_M0003667,SRB_M0002934,
GM0004499,GT0001121,SRA_M0003668,,
GM0004500,GT0001122,SRA_M0003670,SRB_M0002935,
GM0004501,GT0001122,SRA_M0003671,,
GM0004502,GT0001122,SRA_M0003672,SRB_M0002936,
GM0004503,GT0001123,SRA_M0003673,SRB_M0002937,SRC_M0001760
GM0004504,GT0001123,,SRB_M0002938,SRC_M0001761
GM0004505,GT0001123,SRA_M0003674,SRB_M0002939,SRC_M0001762
GM0004506,GT0001123,,SRB_M0002940,SRC_M0001763
GM0004507,GT0001124,SRA_M0003675,SRB_M0002941,SRC_M0001764
GM0004508,GT0001124,SRA_M0003676,SRB_M0002942,SRC_M0001765
GM0004509,GT0001124,SRA_M0003677,SRB_M0002943,SRC_M0001766
GM0004510,GT0001124,SRA_M0003678,SRB_M0002944,SRC_M0001767
GM0004511,GT0001124,SRA_M0003679,SRB_M0002945,
GM0004512,GT0001125,SRA_M0003680,SRB_M0002946,SRC_M0001768
GM0004513,GT0001125,SRA_M0003681,SRB_M0002947,SRC_M0001769
GM0004514,GT0001125,SRA_M0003682,SRB_M0002948,SRC_M0001770
GM0004515,GT0001125,,,
GM0004516,GT0001125,,SRB_M0002949,SRC_M0001771
GM0004517,GT0001125,SRA_M0003683,SRB_M0002950,
GM0004518,GT0001126,SRA_M0003684,,
GM0004519,GT0001126,SRA_M0003685,,
GM0004520,GT0001127,SRA_M0003686,SRB_M0002951,
GM0004521,GT0001127,SRA_M0003687,SRB_M0002952,
GM0004522,GT0001127,SRA_M0003688,,
GM0004523,GT0001128,SRA_M0003690,SRB_M0002953,
GM0004524,GT0001128,SRA_M0003691,,
GM0004525,GT0001128,SRA_M0003692,SRB_M0002954,
GM0004526,GT0001128,SRA_M0003693,SRB_M0002955,
GM0004527,GT0001129,SRA_M0003694,SRB_M0002956,
GM0004528,GT0001129,SRA_M0003695,SRB_M0002957,
GM0004529,GT0001129,SRA_M0003696,,
GM0004530,GT0001129,,SRB_M0002958,
GM0004531,GT0001129,SRA_M0003697,SRB_M0002959,
GM0004532,GT0001129,SRA_M0003698,SRB_M0002960,
GM0004533,GT0001130,SRA_M0003699,,SRC_M0001772
GM0004534,GT0001130,SRA_M0003700,,SRC_M0001773
GM0004535,GT0001130,SRA_M0003701,,SRC_M0001774
GM0004536,GT0001130,SRA_M0003702,,SRC_M0001775
GM0004537,GT0001130,SRA_M0003703,,
GM0004538,GT0001131,SRA_M0003704,SRB_M0002962,
GM0004539,GT0001131,,SRB_M0002963,
GM0004540,GT0001131,SRA_M0003705,SRB_M0002964,
GM0004541,GT0001132,SRA_M0003706,,SRC_M0001776
GM0004542,GT0001132,SRA_M0003707,,SRC_M0001777
GM0004543,GT0001132,SRA_M0003708,,SRC_M0001778
GM0004544,GT0001132,SRA_M0003709,,
GM0004545,GT0001132,SRA_M0003710,,SRC_M0001779
GM0004546,GT0001132,SRA_M0003711,,SRC_M0001780
GM0004547,GT0001133,SRA_M0003712,,SRC_M0001781
GM0004548,GT0001133,SRA_M0003713,SRB_M0002965,SRC_M0001782
GM0004549,GT0001133,SRA_M0003714,SRB_M0002966,SRC_M0001783
GM0004550,GT0001133,SRA_M0003715,SRB_M0002967,SRC_M0001784
GM0004551,GT0001134,SRA_M0003716,,
GM0004552,GT0001134,SRA_M0003717,SRB_M0002968,
GM0004553,GT0001134,SRA_M0003718,SRB_M0002969,
GM0004554,GT0001134,SRA_M0003719,SRB_M0002970,
GM0004555,GT0001135,SRA_M0003720,,
GM0004556,GT0001135,SRA_M0003721,SRB_M0002971,
GM0004557,GT0001136,SRA_M0003722,,
GM0004558,GT0001136,SRA_M0003723,,
GM0004559,GT0001137,SRA_M0003724,SRB_M0002972,
GM0004560,GT0001137,SRA_M0003725,,
GM0004561,GT0001138,,SRB_M0002973,
GM0004562,GT0001138,,SRB_M0002974,
GM0004563,GT0001138,,SRB_M0002975,
GM0004564,GT0001139,SRA_M0003726,SRB_M0002976,
GM0004565,GT0001139,SRA_M0003727,SRB_M0002977,SRC_M0001785
GM0004566,GT0001139,SRA_M0003728,SRB_M0002978,SRC_M0001786
GM0004567,GT0001139,SRA_M0003729,,SRC_M0001787
GM0004568,GT0001139,,SRB_M0002979,SRC_M0001788
GM0004569,GT0001139,SRA_M0003730,SRB_M0002980,
GM0004570,GT0001140,SRA_M0003731,,SRC_M0001789
GM0004571,GT0001140,SRA_M0003732,SRB_M0002981,SRC_M0001790
GM0004572,GT0001140,SRA_M0003733,SRB_M0002982,SRC_M0001791
GM0004573,GT0001141,SRA_M0003734,SRB_M0002983,
GM0004574,GT0001141,SRA_M0003735,SRB_M0002984,
GM0004575,GT0001141,SRA_M0003736,SRB_M0002985,
GM0004576,GT0001141,SRA_M0003737,SRB_M0002986,
GM0004577,GT0001141,SRA_M0003738,SRB_M0002987,
GM0004578,GT0001142,SRA_M0003739,,
GM0004579,GT0001142,SRA_M0003740,,
GM0004580,GT0001143,SRA_M0003741,SRB_M0002988,
GM0004581,GT0001143,SRA_M0003742,SRB_M0002989,
GM0004582,GT0001144,SRA_M0003743,SRB_M0002990,
GM0004583,GT0001144,SRA_M0003744,SRB_M0002991,
GM0004584,GT0001144,SRA_M0003745,,
GM0004585,GT0001144,SRA_M0003746,,
GM0004586,GT0001145,SRA_M0003747,,SRC_M0001792
GM0004587,GT0001145,SRA_M0003748,SRB_M0002992,SRC_M0001793
GM0004588,GT0001145,SRA_M0003749,,SRC_M0001794
GM0004589,GT0001145,SRA_M0003750,SRB_M0002993,SRC_M0001795
GM0004590,GT0001145,SRA_M0003751,SRB_M0002994,SRC_M0001796
GM0004591,GT0001146,,SRB_M0002995,
GM0004592,GT0001146,,SRB_M0002996,
GM0004593,GT0001146,,SRB_M0002997,
GM0004594,GT0001146,,SRB_M0002998,
GM0004595,GT0001147,,SRB_M0002999,
GM0004596,GT0001147,SRA_M0003752,SRB_M0003000,
GM0004597,GT0001147,SRA_M0003753,SRB_M0003001,
GM0004598,GT0001147,,SRB_M0003002,
GM0004599,GT0001148,SRA_M0003754,SRB_M0003003,SRC_M0001797
GM0004600,GT0001148,SRA_M0003755,SRB_M0003004,
GM0004601,GT0001148,SRA_M0003756,SRB_M0003005,SRC_M0001798
GM0004602,GT0001148,SRA_M0003757,SRB_M0003006,SRC_M0001799
GM0004603,GT0001148,,SRB_M0003007,SRC_M0001800
GM0004604,GT0001148,SRA_M0003758,SRB_M0003008,SRC_M0001801
GM0004605,GT0001149,,SRB_M0003009,SRC_M0001802
GM0004606,GT0001149,SRA_M0003759,SRB_M0003010,SRC_M0001803
GM0004607,GT0001149,SRA_M0003760,SRB_M0003011,SRC_M0001804
GM0004608,GT0001149,SRA_M0003761,SRB_M0003012,SRC_M0001805
GM0004609,GT0001149,SRA_M0003762,SRB_M0003013,SRC_M0001806
GM0004610,GT0001149,SRA_M0003763,,SRC_M0001807
GM0004611,GT0001150,SRA_M0003764,,SRC_M0001808
GM0004612,GT0001150,SRA_M0003765,SRB_M0003015,SRC_M0001809
GM0004613,GT0001151,,,SRC_M0001810
GM0004614,GT0001151,SRA_M0003766,,
GM0004615,GT0001151,SRA_M0003767,,SRC_M0001811
GM0004616,GT0001151,SRA_M0003768,,
GM0004617,GT0001151,,,SRC_M0001812
GM0004618,GT0001151,SRA_M0003769,,SRC_M0001813
GM0004619,GT0001152,SRA_M0003770,,SRC_M0001814
GM0004620,GT0001152,SRA_M0003771,SRB_M0003017,SRC_M0001815
GM0004621,GT0001152,SRA_M0003772,SRB_M0003018,SRC_M0001816
GM0004622,GT0001152,,SRB_M0003019,
GM0004623,GT0001152,SRA_M0003773,SRB_M0003020,SRC_M0001817
GM0004624,GT0001152,SRA_M0003774,,SRC_M0001818
GM0004625,GT0001153,SRA_M0003775,SRB_M0003021,SRC_M0001819
GM0004626,GT0001153,SRA_M0003776,,SRC_M0001820
GM0004627,GT0001153,SRA_M0003777,,SRC_M0001821
GM0004628,GT0001154,SRA_M0003778,SRB_M0003022,SRC_M0001822
GM0004629,GT0001154,SRA_M0003779,,SRC_M0001823
GM0004630,GT0001155,SRA_M0003781,,SRC_M0001824
GM0004631,GT0001155,SRA_M0003782,,SRC_M0001825
GM0004632,GT0001155,SRA_M0003783,,
GM0004633,GT0001155,SRA_M0003784,,SRC_M0001826
GM0004634,GT0001155,,,SRC_M0001827
GM0004635,GT0001155,SRA_M0003785,,
GM0004636,GT0001156,SRA_M0003786,SRB_M0003023,SRC_M0001828
GM0004637,GT0001156,SRA_M0003787,SRB_M0003024,SRC_M0001829
GM0004638,GT0001156,SRA_M0003788,,SRC_M0001830
GM0004639,GT0001157,SRA_M0003789,,
GM0004640,GT0001157,SRA_M0003790,,
GM0004641,GT0001157,SRA_M0003791,,
GM0004642,GT0001158,SRA_M0003792,SRB_M0003025,
GM0004643,GT0001158,SRA_M0003793,,SRC_M0001832
GM0004644,GT0001159,,,SRC_M0001833
GM0004645,GT0001159,,,SRC_M0001834
GM0004646,GT0001160,SRA_M0003794,SRB_M0003027,
GM0004647,GT0001160,SRA_M0003795,SRB_M0003028,SRC_M0001835
GM0004648,GT0001160,SRA_M0003796,SRB_M0003029,SRC_M0001836
GM0004649,GT0001160,SRA_M0003797,SRB_M0003030,SRC_M0001837
GM0004650,GT0001160,SRA_M0003798,,SRC_M0001838
GM0004651,GT0001160,SRA_M0003799,SRB_M0003031,
GM0004652,GT0001161,SRA_M0003800,SRB_M0003032,
GM0004653,GT0001161,SRA_M0003801,,
GM0004654,GT0001161,SRA_M0003802,SRB_M0003033,
GM0004655,GT0001161,SRA_M0003803,SRB_M0003034,
GM0004656,GT0001161,SRA_M0003804,,
GM0004657,GT0001161,SRA_M0003805,SRB_M0003035,
GM0004658,GT0001162,,SRB_M0003036,SRC_M0001839
GM0004659,GT0001162,,SRB_M0003037,
GM0004660,GT0001162,,SRB_M0003038,SRC_M0001840
GM0004661,GT0001162,,SRB_M0003039,
GM0004662,GT0001162,,SRB_M0003040,SRC_M0001841
GM0004663,GT0001163,SRA_M0003807,,SRC_M0001842
GM0004664,GT0001163,SRA_M0003808,,
GM0004665,GT0001164,SRA_M0003809,,SRC_M0001843
GM0004666,GT0001164,SRA_M0003810,,SRC_M0001844
GM0004667,GT0001164,SRA_M0003811,SRB_M0003041,
GM0004668,GT0001164,SRA_M0003812,SRB_M0003042,SRC_M0001845
GM0004669,GT0001165,SRA_M0003813,SRB_M0003043,SRC_M0001846
GM0004670,GT0001165,SRA_M0003814,SRB_M0003044,SRC_M0001847
GM0004671,GT0001166,SRA_M0003815,,
GM0004672,GT0001166,SRA_M0003816,,
GM0004673,GT0001166,SRA_M0003817,,
GM0004674,GT0001167,SRA_M0003818,,
GM0004675,GT0001167,SRA_M0003819,SRB_M0003045,
GM0004676,GT0001167,SRA_M0003820,SRB_M0003046,
GM0004677,GT0001167,SRA_M0003821,SRB_M0003047,
GM0004678,GT0001167,SRA_M0003822,SRB_M0003048,
GM0004679,GT0001167,SRA_M0003823,SRB_M0003049,
GM0004680,GT0001168,SRA_M0003824,,SRC_M0001848
GM0004681,GT0001168,SRA_M0003825,SRB_M0003050,SRC_M0001849
GM0004682,GT0001168,SRA_M0003826,SRB_M0003051,SRC_M0001850
GM0004683,GT0001169,SRA_M0003827,,
GM0004684,GT0001169,SRA_M0003828,,
GM0004685,GT0001169,SRA_M0003829,SRB_M0003052,
GM0004686,GT0001170,,SRB_M0003053,
GM0004687,GT0001170,SRA_M0003830,,
GM0004688,GT0001170,SRA_M0003831,SRB_M0003054,
GM0004689,GT0001170,SRA_M0003832,SRB_M0003055,
GM0004690,GT0001170,SRA_M0003833,SRB_M0003056,
GM0004691,GT0001171,SRA_M0003834,SRB_M0003057,
GM0004692,GT0001171,SRA_M0003835,SRB_M0003058,SRC_M0001851
GM0004693,GT0001171,SRA_M0003836,SRB_M0003059,SRC_M0001852
GM0004694,GT0001171,SRA_M0003837,SRB_M0003060,SRC_M0001853
GM0004695,GT0001171,SRA_M0003838,SRB_M0003061,SRC_M0001854
GM0004696,GT0001171,SRA_M0003839,SRB_M0003062,SRC_M0001855
GM0004697,GT0001172,,SRB_M0003063,
GM0004698,GT0001172,,,
GM0004699,GT0001172,SRA_M0003840,SRB_M0003064,
GM0004700,GT0001172,SRA_M0003841,,
GM0004701,GT0001172,SRA_M0003842,,
GM0004702,GT0001172,SRA_M0003843,SRB_M0003065,
GM0004703,GT0001173,SRA_M0003844,SRB_M0003066,
GM0004704,GT0001173,SRA_M0003845,SRB_M0003067,
GM0004705,GT0001173,SRA_M0003846,SRB_M0003068,
GM0004706,GT0001173,SRA_M0003847,,
GM0004707,GT0001174,SRA_M0003849,SRB_M0003069,
GM0004708,GT0001174,SRA_M0003850,,
GM0004709,GT0001174,SRA_M0003851,SRB_M0003070,
GM0004710,GT0001175,SRA_M0003852,,
GM0004711,GT0001175,,,
GM0004712,GT0001175,SRA_M0003853,,
GM0004713,GT0001176,SRA_M0003854,,
GM0004714,GT0001176,SRA_M0003855,SRB_M0003071,
GM0004715,GT0001176,SRA_M0003856,SRB_M0003072,
GM0004716,GT0001177,SRA_M0003857,,
GM0004717,GT0001177,SRA_M0003858,,
GM0004718,GT0001177,,,
GM0004719,GT0001178,SRA_M0003859,SRB_M0003073,SRC_M0001856
GM0004720,GT0001178,SRA_M0003860,,
GM0004721,GT0001179,SRA_M0003861,SRB_M0003074,
GM0004722,GT0001179,SRA_M0003862,SRB_M0003075,
GM0004723,GT0001179,SRA_M0003863,SRB_M0003076,
GM0004724,GT0001180,,,
GM0004725,GT0001180,,SRB_M0003077,
GM0004726,GT0001180,,SRB_M0003078,
GM0004727,GT0001181,SRA_M0003864,SRB_M0003079,
GM0004728,GT0001181,SRA_M0003865,SRB_M0003080,SRC_M0001857
GM0004729,GT0001181,SRA_M0003866,SRB_M0003081,SRC_M0001858
GM0004730,GT0001182,SRA_M0003867,SRB_M0003082,
GM0004731,GT0001182,SRA_M0003868,SRB_M0003083,
GM0004732,GT0001182,SRA_M0003869,SRB_M0003084,SRC_M0001859
GM0004733,GT0001182,,,
GM0004734,GT0001182,SRA_M0003870,SRB_M0003085,
GM0004735,GT0001182,SRA_M0003871,SRB_M0003086,
GM0004736,GT0001183,SRA_M0003872,,SRC_M0001860
GM0004737,GT0001183,SRA_M0003873,,SRC_M0001861
GM0004738,GT0001184,,SRB_M0003087,
GM0004739,GT0001184,SRA_M0003874,SRB_M0003088,
GM0004740,GT0001184,SRA_M0003875,SRB_M0003089,
GM0004741,GT0001185,SRA_M0003876,,SRC_M0001862
GM0004742,GT0001185,SRA_M0003877,SRB_M0003090,SRC_M0001863
GM0004743,GT0001185,SRA_M0003878,SRB_M0003091,SRC_M0001864
GM0004744,GT0001185,SRA_M0003879,SRB_M0003092,
GM0004745,GT0001185,SRA_M0003880,,SRC_M0001865
GM0004746,GT0001186,SRA_M0003881,SRB_M0003093,SRC_M0001866
GM0004747,GT0001186,SRA_M0003882,SRB_M0003094,
GM0004748,GT0001186,SRA_M0003883,SRB_M0003095,SRC_M0001867
GM0004749,GT0001186,SRA_M0003884,SRB_M0003096,
GM0004750,GT0001186,SRA_M0003885,SRB_M0003097,
GM0004751,GT0001186,SRA_M0003886,SRB_M0003098,SRC_M0001868
GM0004752,GT0001187,SRA_M0003887,,
GM0004753,GT0001187,SRA_M0003888,SRB_M0003099,
GM0004754,GT0001188,SRA_M0003889,SRB_M0003101,SRC_M0001869
GM0004755,GT0001188,SRA_M0003890,SRB_M0003102,SRC_M0001870
GM0004756,GT0001188,SRA_M0003891,SRB_M0003103,SRC_M0001871
GM0004757,GT0001189,SRA_M0003892,,
GM0004758,GT0001189,SRA_M0003893,SRB_M0003104,
GM0004759,GT0001189,SRA_M0003894,SRB_M0003105,
GM0004760,GT0001189,SRA_M0003895,SRB_M0003106,
GM0004761,GT0001190,SRA_M0003896,SRB_M0003107,SRC_M0001872
GM0004762,GT0001190,SRA_M0003897,SRB_M0003108,
GM0004763,GT0001190,SRA_M0003898,SRB_M0003109,SRC_M0001873
GM0004764,GT0001190,SRA_M0003899,,
GM0004765,GT0001190,SRA_M0003900,SRB_M0003110,SRC_M0001874
GM0004766,GT0001190,SRA_M0003901,SRB_M0003111,
GM0004767,GT0001191,SRA_M0003903,SRB_M0003112,
GM0004768,GT0001191,SRA_M0003904,SRB_M0003113,
GM0004769,GT0001191,SRA_M0003905,SRB_M0003114,
GM0004770,GT0001191,SRA_M0003906,SRB_M0003115,
GM0004771,GT0001191,SRA_M0003907,SRB_M0003116,
GM0004772,GT0001191,SRA_M0003908,SRB_M0003117,
GM0004773,GT0001192,,SRB_M0003118,
GM0004774,GT0001192,,SRB_M0003119,SRC_M0001876
GM0004775,GT0001192,,,
GM0004776,GT0001193,SRA_M0003909,SRB_M0003120,
GM0004777,GT0001193,SRA_M0003910,SRB_M0003121,
GM0004778,GT0001194,SRA_M0003911,SRB_M0003122,
GM0004779,GT0001194,SRA_M0003912,SRB_M0003123,
GM0004780,GT0001194,,SRB_M0003124,
GM0004781,GT0001195,SRA_M0003913,SRB_M0003125,SRC_M0001877
GM0004782,GT0001195,SRA_M0003914,SRB_M0003126,SRC_M0001878
GM0004783,GT0001195,SRA_M0003915,SRB_M0003127,SRC_M0001879
GM0004784,GT0001195,SRA_M0003916,SRB_M0003128,SRC_M0001880
GM0004785,GT0001195,SRA_M0003917,SRB_M0003129,SRC_M0001881
GM0004786,GT0001196,,SRB_M0003130,SRC_M0001882
GM0004787,GT0001196,,SRB_M0003131,
GM0004788,GT0001196,,SRB_M0003132,SRC_M0001883
GM0004789,GT0001197,SRA_M0003918,SRB_M0003134,
GM0004790,GT0001197,SRA_M0003919,,
GM0004791,GT0001198,SRA_M0003920,SRB_M0003135,
GM0004792,GT0001198,SRA_M0003921,SRB_M0003136,
GM0004793,GT0001198,SRA_M0003922,SRB_M0003137,
GM0004794,GT0001198,,,
GM0004795,GT0001198,SRA_M0003923,SRB_M0003138,
GM0004796,GT0001198,SRA_M0003924,SRB_M0003139,
GM0004797,GT0001199,SRA_M0003925,,
GM0004798,GT0001199,SRA_M0003926,,
GM0004799,GT0001199,,SRB_M0003140,
GM0004800,GT0001199,SRA_M0003927,,
GM0004801,GT0001199,SRA_M0003928,SRB_M0003141,
GM0004802,GT0001200,SRA_M0003929,SRB_M0003142,
GM0004803,GT0001200,SRA_M0003930,SRB_M0003143,
GM0004804,GT0001200,SRA_M0003931,SRB_M0003144,
GM0004805,GT0001200,,SRB_M0003145,
GM0004806,GT0001200,SRA_M0003932,SRB_M0003146,
GM0004807,GT0001201,SRA_M0003933,,SRC_M0001884
GM0004808,GT0001201,SRA_M0003934,,SRC_M0001885
GM0004809,GT0001201,SRA_M0003935,,SRC_M0001886
GM0004810,GT0001201,,,SRC_M0001887
GM0004811,GT0001201,SRA_M0003936,,SRC_M0001888
GM0004812,GT0001202,SRA_M0003937,SRB_M0003147,
GM0004813,GT0001202,,SRB_M0003148,SRC_M0001889
GM0004814,GT0001203,SRA_M0003938,SRB_M0003149,
GM0004815,GT0001203,SRA_M0003939,,
GM0004816,GT0001203,SRA_M0003940,SRB_M0003150,
GM0004817,GT0001204,SRA_M0003941,,
GM0004818,GT0001204,SRA_M0003942,,
GM0004819,GT0001204,,,
GM0004820,GT0001204,,,
GM0004821,GT0001204,SRA_M0003943,,
GM0004822,GT0001205,SRA_M0003944,SRB_M0003151,
GM0004823,GT0001205,SRA_M0003945,SRB_M0003152,
GM0004824,GT0001205,SRA_M0003946,SRB_M0003153,
GM0004825,GT0001205,SRA_M0003947,SRB_M0003154,
GM0004826,GT0001205,SRA_M0003948,SRB_M0003155,
GM0004827,GT0001205,SRA_M0003949,SRB_M0003156,
GM0004828,GT0001206,SRA_M0003950,SRB_M0003157,SRC_M0001890
GM0004829,GT0001206,SRA_M0003951,SRB_M0003158,SRC_M0001891
GM0004830,GT0001206,SRA_M0003952,SRB_M0003159,SRC_M0001892
GM0004831,GT0001206,SRA_M0003953,SRB_M0003160,SRC_M0001893
GM0004832,GT0001206,SRA_M0003954,SRB_M0003161,SRC_M0001894
GM0004833,GT0001207,SRA_M0003955,,
GM0004834,GT0001207,SRA_M0003956,,SRC_M0001895
GM0004835,GT0001207,SRA_M0003957,,SRC_M0001896
GM0004836,GT0001207,SRA_M0003958,,SRC_M0001897
GM0004837,GT0001207,SRA_M0003959,,SRC_M0001898
GM0004838,GT0001208,SRA_M0003960,SRB_M0003162,
GM0004839,GT0001208,SRA_M0003961,,
GM0004840,GT0001208,SRA_M0003962,SRB_M0003163,
GM0004841,GT0001208,SRA_M0003963,,
GM0004842,GT0001208,SRA_M0003964,SRB_M0003164,
GM0004843,GT0001208,SRA_M0003965,SRB_M0003165,
GM0004844,GT0001209,SRA_M0003966,SRB_M0003166,
GM0004845,GT0001209,SRA_M0003967,SRB_M0003167,
GM0004846,GT0001209,,SRB_M0003168,
GM0004847,GT0001210,SRA_M0003968,SRB_M0003170,SRC_M0001899
GM0004848,GT0001210,SRA_M0003969,SRB_M0003171,
GM0004849,GT0001210,SRA_M0003970,SRB_M0003172,SRC_M0001900
GM0004850,GT0001210,SRA_M0003971,SRB_M0003173,SRC_M0001901
GM0004851,GT0001210,SRA_M0003972,,
GM0004852,GT0001210,SRA_M0003973,SRB_M0003174,SRC_M0001902
GM0004853,GT0001211,SRA_M0003974,SRB_M0003175,
GM0004854,GT0001211,,,
GM0004855,GT0001211,SRA_M0003975,SRB_M0003176,
GM0004856,GT0001211,SRA_M0003976,SRB_M0003177,
GM0004857,GT0001211,SRA_M0003977,SRB_M0003178,
GM0004858,GT0001211,SRA_M0003978,,
GM0004859,GT0001212,SRA_M0003979,SRB_M0003179,
GM0004860,GT0001212,SRA_M0003980,SRB_M0003180,
GM0004861,GT0001212,SRA_M0003981,,
GM0004862,GT0001212,SRA_M0003982,SRB_M0003181,SRC_M0001903
GM0004863,GT0001212,SRA_M0003983,,SRC_M0001904
GM0004864,GT0001213,SRA_M0003984,SRB_M0003182,SRC_M0001905
GM0004865,GT0001213,SRA_M0003985,SRB_M0003183,SRC_M0001906
GM0004866,GT0001214,SRA_M0003986,SRB_M0003184,SRC_M0001907
GM0004867,GT0001214,SRA_M0003987,SRB_M0003185,SRC_M0001908
GM0004868,GT0001214,SRA_M0003988,SRB_M0003186,SRC_M0001909
GM0004869,GT0001215,SRA_M0003989,SRB_M0003187,
GM0004870,GT0001215,SRA_M0003990,SRB_M0003188,
GM0004871,GT0001215,SRA_M0003991,SRB_M0003189,
GM0004872,GT0001215,,SRB_M0003190,SRC_M0001910
GM0004873,GT0001215,SRA_M0003992,SRB_M0003191,
GM0004874,GT0001215,SRA_M0003993,SRB_M0003192,SRC_M0001911
GM0004875,GT0001216,SRA_M0003994,SRB_M0003193,
GM0004876,GT0001216,SRA_M0003995,SRB_M0003194,
GM0004877,GT0001216,SRA_M0003996,SRB_M0003195,
GM0004878,GT0001216,SRA_M0003997,SRB_M0003196,
GM0004879,GT0001217,SRA_M0003998,SRB_M0003197,
GM0004880,GT0001217,SRA_M0003999,SRB_M0003198,SRC_M0001912
GM0004881,GT0001218,SRA_M0004000,,
GM0004882,GT0001218,SRA_M0004001,SRB_M0003199,
GM0004883,GT0001218,SRA_M0004002,SRB_M0003200,
GM0004884,GT0001218,SRA_M0004003,SRB_M0003201,
GM0004885,GT0001219,SRA_M0004004,SRB_M0003202,
GM0004886,GT0001219,SRA_M0004005,,
GM0004887,GT0001219,SRA_M0004006,SRB_M0003203,
GM0004888,GT0001219,SRA_M0004007,SRB_M0003204,
GM0004889,GT0001219,SRA_M0004008,SRB_M0003205,
GM0004890,GT0001219,SRA_M0004009,SRB_M0003206,
GM0004891,GT0001220,SRA_M0004010,SRB_M0003207,
GM0004892,GT0001220,SRA_M0004011,,
GM0004893,GT0001220,SRA_M0004012,SRB_M0003208,
GM0004894,GT0001220,SRA_M0004013,SRB_M0003209,
GM0004895,GT0001220,,,
GM0004896,GT0001220,SRA_M0004014,SRB_M0003210,
GM0004897,GT0001221,SRA_M0004015,SRB_M0003211,
GM0004898,GT0001221,SRA_M0004016,,
GM0004899,GT0001221,SRA_M0004017,SRB_M0003212,
GM0004900,GT0001221,SRA_M0004018,SRB_M0003213,
GM0004901,GT0001222,SRA_M0004019,SRB_M0003214,SRC_M0001913
GM0004902,GT0001222,SRA_M0004020,,SRC_M0001914
GM0004903,GT0001222,SRA_M0004021,SRB_M0003215,SRC_M0001915
GM0004904,GT0001223,SRA_M0004022,SRB_M0003216,SRC_M0001916
GM0004905,GT0001223,SRA_M0004023,,SRC_M0001917
GM0004906,GT0001223,SRA_M0004024,SRB_M0003217,SRC_M0001918
GM0004907,GT0001223,SRA_M0004025,,SRC_M0001919
GM0004908,GT0001223,,,SRC_M0001920
GM0004909,GT0001223,SRA_M0004026,SRB_M0003218,
GM0004910,GT0001224,,SRB_M0003220,SRC_M0001921
GM0004911,GT0001224,SRA_M0004027,SRB_M0003221,SRC_M0001922
GM0004912,GT0001225,SRA_M0004028,SRB_M0003222,
GM0004913,GT0001225,SRA_M0004029,SRB_M0003223,
GM0004914,GT0001225,SRA_M0004030,,
GM0004915,GT0001225,SRA_M0004031,SRB_M0003224,
GM0004916,GT0001225,SRA_M0004032,SRB_M0003225,
GM0004917,GT0001226,SRA_M0004033,SRB_M0003226,
GM0004918,GT0001226,SRA_M0004034,,
GM0004919,GT0001226,SRA_M0004035,SRB_M0003227,
GM0004920,GT0001226,SRA_M0004036,SRB_M0003228,
GM0004921,GT0001226,SRA_M0004037,SRB_M0003229,
GM0004922,GT0001227,,SRB_M0003230,
GM0004923,GT0001227,,SRB_M0003231,
GM0004924,GT0001228,SRA_M0004038,,SRC_M0001923
GM0004925,GT0001228,,,SRC_M0001924
GM0004926,GT0001229,SRA_M0004039,SRB_M0003232,SRC_M0001925
GM0004927,GT0001229,SRA_M0004040,SRB_M0003233,
GM0004928,GT0001229,,,SRC_M0001926
GM0004929,GT0001229,SRA_M0004041,SRB_M0003234,SRC_M0001927
GM0004930,GT0001229,,SRB_M0003235,
GM0004931,GT0001229,,SRB_M0003236,SRC_M0001928
GM0004932,GT0001230,SRA_M0004042,,
GM0004933,GT0001230,SRA_M0004043,,
GM0004934,GT0001230,SRA_M0004044,,
GM0004935,GT0001230,SRA_M0004045,,
GM0004936,GT0001231,SRA_M0004046,SRB_M0003237,
GM0004937,GT0001231,SRA_M0004047,SRB_M0003238,
GM0004938,GT0001232,SRA_M0004049,,
GM0004939,GT0001232,SRA_M0004050,,
GM0004940,GT0001232,SRA_M0004051,SRB_M0003239,
GM0004941,GT0001233,SRA_M0004052,SRB_M0003240,SRC_M0001929
GM0004942,GT0001233,SRA_M0004053,SRB_M0003241,
GM0004943,GT0001233,SRA_M0004054,,
GM0004944,GT0001233,SRA_M0004055,SRB_M0003242,
GM0004945,GT0001233,SRA_M0004056,SRB_M0003243,SRC_M0001930
GM0004946,GT0001234,SRA_M0004057,SRB_M0003244,
GM0004947,GT0001234,SRA_M0004058,SRB_M0003245,
GM0004948,GT0001235,SRA_M0004059,SRB_M0003246,
GM0004949,GT0001235,SRA_M0004060,SRB_M0003247,
GM0004950,GT0001235,SRA_M0004061,SRB_M0003248,
GM0004951,GT0001235,SRA_M0004062,SRB_M0003249,
GM0004952,GT0001235,SRA_M0004063,SRB_M0003250,
GM0004953,GT0001235,SRA_M0004064,SRB_M0003251,
GM0004954,GT0001236,SRA_M0004065,SRB_M0003252,
GM0004955,GT0001236,SRA_M0004066,SRB_M0003253,
GM0004956,GT0001237,SRA_M0004067,SRB_M0003254,
GM0004957,GT0001237,SRA_M0004068,SRB_M0003255,
GM0004958,GT0001237,SRA_M0004069,SRB_M0003256,
GM0004959,GT0001237,SRA_M0004070,SRB_M0003257,
GM0004960,GT0001237,SRA_M0004071,SRB_M0003258,
GM0004961,GT0001237,,SRB_M0003259,
GM0004962,GT0001238,,SRB_M0003260,
GM0004963,GT0001238,SRA_M0004072,SRB_M0003261,
GM0004964,GT0001238,,SRB_M0003262,
GM0004965,GT0001239,SRA_M0004073,SRB_M0003263,
GM0004966,GT0001239,,SRB_M0003264,
GM0004967,GT0001239,SRA_M0004074,SRB_M0003265,
GM0004968,GT0001240,,SRB_M0003266,SRC_M0001931
GM0004969,GT0001240,,SRB_M0003267,SRC_M0001932
GM0004970,GT0001240,,SRB_M0003268,
GM0004971,GT0001240,,,SRC_M0001933
GM0004972,GT0001240,,SRB_M0003269,SRC_M0001934
GM0004973,GT0001240,,,SRC_M0001935
GM0004974,GT0001241,,,SRC_M0001936
GM0004975,GT0001241,SRA_M0004075,,SRC_M0001937
GM0004976,GT0001242,SRA_M0004076,,SRC_M0001938
GM0004977,GT0001242,SRA_M0004077,,SRC_M0001939
GM0004978,GT0001242,SRA_M0004078,,SRC_M0001940
GM0004979,GT0001242,SRA_M0004079,,SRC_M0001941
GM0004980,GT0001242,SRA_M0004080,,SRC_M0001942
GM0004981,GT0001242,SRA_M0004081,,SRC_M0001943
GM0004982,GT0001243,SRA_M0004082,,SRC_M0001944
GM0004983,GT0001243,SRA_M0004083,,SRC_M0001945
GM0004984,GT0001243,SRA_M0004084,,SRC_M0001946
GM0004985,GT0001243,SRA_M0004085,,SRC_M0001947
GM0004986,GT0001243,SRA_M0004086,,SRC_M0001948
GM0004987,GT0001244,SRA_M0004087,,
GM0004988,GT0001244,SRA_M0004088,,
GM0004989,GT0001244,SRA_M0004089,,
GM0004990,GT0001245,SRA_M0004090,SRB_M0003270,
GM0004991,GT0001245,SRA_M0004091,SRB_M0003271,
GM0004992,GT0001245,SRA_M0004092,SRB_M0003272,
GM0004993,GT0001246,SRA_M0004093,,
GM0004994,GT0001246,SRA_M0004094,,SRC_M0001949
GM0004995,GT0001246,,,SRC_M0001950
GM0004996,GT0001246,SRA_M0004095,,
GM0004997,GT0001246,SRA_M0004096,,SRC_M0001951
GM0004998,GT0001246,SRA_M0004097,,SRC_M0001952
GM0004999,GT0001247,SRA_M0004098,SRB_M0003273,SRC_M0001953
GM0005000,GT0001247,SRA_M0004099,SRB_M0003274,
GM0005001,GT0001247,SRA_M0004100,SRB_M0003275,SRC_M0001954
GM0005002,GT0001247,SRA_M0004101,SRB_M0003276,SRC_M0001955
GM0005003,GT0001247,SRA_M0004102,SRB_M0003277,SRC_M0001956
GM0005004,GT0001247,SRA_M0004103,SRB_M0003278,SRC_M0001957
GM0005005,GT0001248,SRA_M0004104,SRB_M0003279,
GM0005006,GT0001248,SRA_M0004105,,
GM0005007,GT0001249,SRA_M0004106,SRB_M0003280,SRC_M0001958
GM0005008,GT0001249,SRA_M0004107,SRB_M0003281,SRC_M0001959
GM0005009,GT0001250,,,SRC_M0001960
GM0005010,GT0001250,SRA_M0004108,,SRC_M0001961
GM0005011,GT0001250,SRA_M0004109,,
GM0005012,GT0001250,SRA_M0004110,,SRC_M0001962
GM0005013,GT0001250,SRA_M0004111,,
GM0005014,GT0001251,SRA_M0004112,SRB_M0003282,SRC_M0001963
GM0005015,GT0001251,SRA_M0004113,,SRC_M0001964
GM0005016,GT0001252,SRA_M0004114,,SRC_M0001965
GM0005017,GT0001252,SRA_M0004115,,SRC_M0001966
GM0005018,GT0001252,SRA_M0004116,,SRC_M0001967
GM0005019,GT0001252,SRA_M0004117,,SRC_M0001968
GM0005020,GT0001252,SRA_M0004118,,SRC_M0001969
GM0005021,GT0001252,SRA_M0004119,,SRC_M0001970
GM0005022,GT0001253,SRA_M0004120,SRB_M0003283,
GM0005023,GT0001253,SRA_M0004121,,
GM0005024,GT0001254,SRA_M0004122,SRB_M0003284,
GM0005025,GT0001254,SRA_M0004123,SRB_M0003285,
GM0005026,GT0001254,SRA_M0004124,SRB_M0003286,
GM0005027,GT0001254,SRA_M0004125,SRB_M0003287,
GM0005028,GT0001254,SRA_M0004126,SRB_M0003288,
GM0005029,GT0001255,SRA_M0004127,SRB_M0003289,
GM0005030,GT0001255,SRA_M0004128,,
GM0005031,GT0001256,SRA_M0004129,SRB_M0003290,
GM0005032,GT0001256,SRA_M0004130,SRB_M0003291,
GM0005033,GT0001256,SRA_M0004131,SRB_M0003292,SRC_M0001971
GM0005034,GT0001256,,SRB_M0003293,SRC_M0001972
GM0005035,GT0001257,SRA_M0004132,,
GM0005036,GT0001257,SRA_M0004133,,
GM0005037,GT0001257,SRA_M0004134,,
GM0005038,GT0001257,SRA_M0004135,,
GM0005039,GT0001257,SRA_M0004136,,
GM0005040,GT0001258,SRA_M0004137,SRB_M0003294,SRC_M0001973
GM0005041,GT0001258,SRA_M0004138,SRB_M0003295,SRC_M0001974
GM0005042,GT0001259,SRA_M0004139,SRB_M0003297,SRC_M0001975
GM0005043,GT0001259,,SRB_M0003298,
GM0005044,GT0001259,SRA_M0004140,SRB_M0003299,SRC_M0001976
GM0005045,GT0001259,SRA_M0004141,,SRC_M0001977
GM0005046,GT0001260,SRA_M0004142,SRB_M0003300,
GM0005047,GT0001260,SRA_M0004143,SRB_M0003301,
GM0005048,GT0001260,SRA_M0004144,SRB_M0003302,
GM0005049,GT0001260,SRA_M0004145,SRB_M0003303,
GM0005050,GT0001260,SRA_M0004146,,
GM0005051,GT0001261,SRA_M0004147,SRB_M0003304,SRC_M0001978
GM0005052,GT0001261,SRA_M0004148,SRB_M0003305,SRC_M0001979
GM0005053,GT0001261,SRA_M0004149,SRB_M0003306,
GM0005054,GT0001261,SRA_M0004150,,SRC_M0001980
GM0005055,GT0001261,,SRB_M0003307,SRC_M0001981
GM0005056,GT0001261,SRA_M0004151,SRB_M0003308,SRC_M0001982
GM0005057,GT0001262,SRA_M0004152,SRB_M0003309,
GM0005058,GT0001262,SRA_M0004153,,SRC_M0001983
GM0005059,GT0001262,SRA_M0004154,SRB_M0003310,SRC_M0001984
GM0005060,GT0001262,,SRB_M0003311,
GM0005061,GT0001262,SRA_M0004155,,SRC_M0001985
GM0005062,GT0001263,SRA_M0004156,,SRC_M0001986
GM0005063,GT0001263,SRA_M0004157,,SRC_M0001987
GM0005064,GT0001263,SRA_M0004158,,
GM0005065,GT0001264,,,
GM0005066,GT0001264,,,
GM0005067,GT0001264,,,
GM0005068,GT0001264,,,
GM0005069,GT0001264,,,
GM0005070,GT0001264,,,
GM0005071,GT0001265,SRA_M0004159,,
GM0005072,GT0001265,SRA_M0004160,,
GM0005073,GT0001265,SRA_M0004161,,
GM0005074,GT0001266,SRA_M0004163,SRB_M0003313,SRC_M0001988
GM0005075,GT0001266,SRA_M0004164,SRB_M0003314,SRC_M0001989
GM0005076,GT0001266,SRA_M0004165,SRB_M0003315,SRC_M0001990
GM0005077,GT0001266,SRA_M0004166,SRB_M0003316,SRC_M0001991
GM0005078,GT0001267,SRA_M0004167,,SRC_M0001992
GM0005079,GT0001267,SRA_M0004168,SRB_M0003317,SRC_M0001993
GM0005080,GT0001267,,SRB_M0003318,SRC_M0001994
GM0005081,GT0001267,SRA_M0004169,,
GM0005082,GT0001267,,SRB_M0003319,SRC_M0001995
GM0005083,GT0001268,SRA_M0004170,SRB_M0003320,
GM0005084,GT0001268,,SRB_M0003321,SRC_M0001996
GM0005085,GT0001269,SRA_M0004171,SRB_M0003322,
GM0005086,GT0001269,SRA_M0004172,SRB_M0003323,
GM0005087,GT0001269,SRA_M0004173,SRB_M0003324,
GM0005088,GT0001270,SRA_M0004174,SRB_M0003325,
GM0005089,GT0001270,SRA_M0004175,SRB_M0003326,
GM0005090,GT0001270,,SRB_M0003327,
GM0005091,GT0001270,SRA_M0004176,SRB_M0003328,
GM0005092,GT0001270,SRA_M0004177,SRB_M0003329,
GM0005093,GT0001271,SRA_M0004178,SRB_M0003330,
GM0005094,GT0001271,SRA_M0004179,SRB_M0003331,
GM0005095,GT0001271,SRA_M0004180,SRB_M0003332,
GM0005096,GT0001272,SRA_M0004181,SRB_M0003333,SRC_M0001997
GM0005097,GT0001272,SRA_M0004182,SRB_M0003334,SRC_M0001998
GM0005098,GT0001273,SRA_M0004183,SRB_M0003335,
GM0005099,GT0001273,SRA_M0004184,SRB_M0003336,
GM0005100,GT0001273,SRA_M0004185,SRB_M0003337,
GM0005101,GT0001273,SRA_M0004186,SRB_M0003338,
GM0005102,GT0001273,SRA_M0004187,SRB_M0003339,
GM0005103,GT0001274,SRA_M0004188,,SRC_M0001999
GM0005104,GT0001274,,,
GM0005105,GT0001274,,,
GM0005106,GT0001274,SRA_M0004189,,
GM0005107,GT0001274,SRA_M0004190,,SRC_M0002000
GM0005108,GT0001274,SRA_M0004191,,SRC_M0002001
GM0005109,GT0001275,SRA_M0004192,,
GM0005110,GT0001275,SRA_M0004193,SRB_M0003341,
GM0005111,GT0001275,SRA_M0004194,SRB_M0003342,
GM0005112,GT0001276,SRA_M0004195,,
GM0005113,GT0001276,SRA_M0004196,,
GM0005114,GT0001276,SRA_M0004197,,
GM0005115,GT0001276,SRA_M0004198,,
GM0005116,GT0001276,SRA_M0004199,,
GM0005117,GT0001276,SRA_M0004200,,
GM0005118,GT0001277,SRA_M0004201,,
GM0005119,GT0001277,SRA_M0004202,SRB_M0003343,
GM0005120,GT0001278,,,
GM0005121,GT0001278,,,
GM0005122,GT0001278,,,
GM0005123,GT0001278,,,
GM0005124,GT0001279,SRA_M0004203,SRB_M0003344,SRC_M0002002
GM0005125,GT0001279,SRA_M0004204,SRB_M0003345,SRC_M0002003
GM0005126,GT0001279,SRA_M0004205,SRB_M0003346,SRC_M0002004
GM0005127,GT0001279,SRA_M0004206,SRB_M0003347,SRC_M0002005
GM0005128,GT0001279,SRA_M0004207,,
GM0005129,GT0001279,SRA_M0004208,SRB_M0003348,SRC_M0002006
GM0005130,GT0001280,SRA_M0004209,SRB_M0003349,
GM0005131,GT0001280,SRA_M0004210,,
GM0005132,GT0001280,SRA_M0004211,SRB_M0003350,
GM0005133,GT0001280,SRA_M0004212,SRB_M0003351,
GM0005134,GT0001280,SRA_M0004213,,
GM0005135,GT0001281,SRA_M0004215,SRB_M0003352,
GM0005136,GT0001281,SRA_M0004216,SRB_M0003353,SRC_M0002007
GM0005137,GT0001281,SRA_M0004217,SRB_M0003354,SRC_M0002008
GM0005138,GT0001281,SRA_M0004218,SRB_M0003355,SRC_M0002009
GM0005139,GT0001281,SRA_M0004219,,SRC_M0002010
GM0005140,GT0001282,,,
GM0005141,GT0001282,,SRB_M0003356,
GM0005142,GT0001282,,SRB_M0003357,
GM0005143,GT0001282,,SRB_M0003358,
GM0005144,GT0001282,,SRB_M0003359,
GM0005145,GT0001282,,SRB_M0003360,
GM0005146,GT0001283,SRA_M0004220,SRB_M0003362,SRC_M0002011
GM0005147,GT0001283,SRA_M0004221,SRB_M0003363,SRC_M0002012
GM0005148,GT0001283,SRA_M0004222,SRB_M0003364,SRC_M0002013
GM0005149,GT0001284,SRA_M0004223,SRB_M0003365,
GM0005150,GT0001284,SRA_M0004224,SRB_M0003366,
GM0005151,GT0001284,SRA_M0004225,,
GM0005152,GT0001284,SRA_M0004226,SRB_M0003367,
GM0005153,GT0001284,SRA_M0004227,SRB_M0003368,
GM0005154,GT0001284,SRA_M0004228,SRB_M0003369,
GM0005155,GT0001285,,,
GM0005156,GT0001285,SRA_M0004229,,SRC_M0002014
GM0005157,GT0001286,,SRB_M0003370,SRC_M0002015
GM0005158,GT0001286,,,
GM0005159,GT0001286,,SRB_M0003371,
GM0005160,GT0001287,SRA_M0004230,SRB_M0003372,
GM0005161,GT0001287,,SRB_M0003373,
GM0005162,GT0001287,SRA_M0004231,SRB_M0003374,
GM0005163,GT0001287,,,
GM0005164,GT0001288,,SRB_M0003375,
GM0005165,GT0001288,,SRB_M0003376,
GM0005166,GT0001288,SRA_M0004233,,
GM0005167,GT0001288,SRA_M0004234,SRB_M0003377,
GM0005168,GT0001288,SRA_M0004235,,
GM0005169,GT0001288,SRA_M0004236,SRB_M0003378,
GM0005170,GT0001289,SRA_M0004237,SRB_M0003379,
GM0005171,GT0001289,SRA_M0004238,SRB_M0003380,
GM0005172,GT0001289,SRA_M0004239,SRB_M0003381,
GM0005173,GT0001289,SRA_M0004240,SRB_M0003382,
GM0005174,GT0001290,,SRB_M0003384,
GM0005175,GT0001290,,SRB_M0003385,
GM0005176,GT0001290,,SRB_M0003386,
GM0005177,GT0001291,SRA_M0004241,SRB_M0003387,SRC_M0002016
GM0005178,GT0001291,SRA_M0004242,SRB_M0003388,SRC_M0002017
GM0005179,GT0001291,SRA_M0004243,SRB_M0003389,SRC_M0002018
GM0005180,GT0001291,SRA_M0004244,SRB_M0003390,SRC_M0002019
GM0005181,GT0001291,SRA_M0004245,SRB_M0003391,
GM0005182,GT0001292,SRA_M0004246,,
GM0005183,GT0001292,SRA_M0004247,,
GM0005184,GT0001292,SRA_M0004248,,
GM0005185,GT0001292,SRA_M0004249,,
GM0005186,GT0001292,SRA_M0004250,,
GM0005187,GT0001292,SRA_M0004251,,
GM0005188,GT0001293,SRA_M0004252,SRB_M0003392,
GM0005189,GT0001293,SRA_M0004253,SRB_M0003393,
GM0005190,GT0001293,SRA_M0004254,SRB_M0003394,
GM0005191,GT0001293,,SRB_M0003395,
GM0005192,GT0001293,SRA_M0004255,SRB_M0003396,
GM0005193,GT0001293,SRA_M0004256,SRB_M0003397,
GM0005194,GT0001294,SRA_M0004257,,SRC_M0002020
GM0005195,GT0001294,SRA_M0004258,,SRC_M0002021
GM0005196,GT0001295,,SRB_M0003398,SRC_M0002022
GM0005197,GT0001295,,SRB_M0003399,SRC_M0002023
GM0005198,GT0001296,,,
GM0005199,GT0001296,SRA_M0004259,,
GM0005200,GT0001296,SRA_M0004260,,
GM0005201,GT0001296,SRA_M0004261,,
GM0005202,GT0001296,SRA_M0004262,,
GM0005203,GT0001296,SRA_M0004263,,
GM0005204,GT0001297,SRA_M0004264,,SRC_M0002024
GM0005205,GT0001297,SRA_M0004265,,SRC_M0002025
GM0005206,GT0001297,SRA_M0004266,,
GM0005207,GT0001297,SRA_M0004267,,SRC_M0002026
GM0005208,GT0001297,SRA_M0004268,,SRC_M0002027
GM0005209,GT0001298,SRA_M0004269,,SRC_M0002028
GM0005210,GT0001298,,,SRC_M0002029
GM0005211,GT0001298,SRA_M0004270,,SRC_M0002030
GM0005212,GT0001298,SRA_M0004271,,
GM0005213,GT0001298,SRA_M0004272,,
GM0005214,GT0001299,SRA_M0004273,SRB_M0003400,SRC_M0002031
GM0005215,GT0001299,SRA_M0004274,SRB_M0003401,SRC_M0002032
GM0005216,GT0001299,SRA_M0004275,,SRC_M0002033
GM0005217,GT0001299,SRA_M0004276,SRB_M0003402,SRC_M0002034
GM0005218,GT0001299,SRA_M0004277,SRB_M0003403,SRC_M0002035
GM0005219,GT0001300,SRA_M0004278,SRB_M0003405,SRC_M0002036
GM0005220,GT0001300,SRA_M0004279,SRB_M0003406,SRC_M0002037
GM0005221,GT0001300,SRA_M0004280,SRB_M0003407,SRC_M0002038
GM0005222,GT0001300,SRA_M0004281,SRB_M0003408,SRC_M0002039
GM0005223,GT0001300,SRA_M0004282,SRB_M0003409,SRC_M0002040
GM0005224,GT0001300,SRA_M0004283,SRB_M0003410,
GM0005225,GT0001301,,,SRC_M0002041
GM0005226,GT0001301,,SRB_M0003411,SRC_M0002042
GM0005227,GT0001301,,SRB_M0003412,
GM0005228,GT0001301,,SRB_M0003413,
GM0005229,GT0001301,,SRB_M0003414,
GM0005230,GT0001302,SRA_M0004284,SRB_M0003415,
GM0005231,GT0001302,SRA_M0004285,SRB_M0003416,SRC_M0002043
GM0005232,GT0001303,SRA_M0004286,SRB_M0003417,
GM0005233,GT0001303,SRA_M0004287,SRB_M0003418,
GM0005234,GT0001303,SRA_M0004288,,
GM0005235,GT0001303,SRA_M0004289,SRB_M0003419,
GM0005236,GT0001303,SRA_M0004290,SRB_M0003420,
GM0005237,GT0001304,SRA_M0004291,SRB_M0003421,SRC_M0002044
GM0005238,GT0001304,SRA_M0004292,,
GM0005239,GT0001304,SRA_M0004293,SRB_M0003422,SRC_M0002045
GM0005240,GT0001304,SRA_M0004294,,SRC_M0002046
GM0005241,GT0001304,SRA_M0004295,,SRC_M0002047
GM0005242,GT0001305,SRA_M0004296,,SRC_M0002048
GM0005243,GT0001305,SRA_M0004297,,SRC_M0002049
GM0005244,GT0001305,SRA_M0004298,,
GM0005245,GT0001305,SRA_M0004299,,SRC_M0002050
GM0005246,GT0001305,SRA_M0004300,,
GM0005247,GT0001305,,,SRC_M0002051
GM0005248,GT0001306,SRA_M0004301,SRB_M0003423,SRC_M0002052
GM0005249,GT0001306,SRA_M0004302,SRB_M0003424,SRC_M0002053
GM0005250,GT0001306,SRA_M0004303,SRB_M0003425,SRC_M0002054
GM0005251,GT0001306,SRA_M0004304,,
GM0005252,GT0001306,SRA_M0004305,,
GM0005253,GT0001306,SRA_M0004306,SRB_M0003426,
GM0005254,GT0001307,,SRB_M0003427,
GM0005255,GT0001307,,,
GM0005256,GT0001307,,SRB_M0003428,
GM0005257,GT0001307,,SRB_M0003429,
GM0005258,GT0001308,,SRB_M0003430,SRC_M0002055
GM0005259,GT0001308,,,SRC_M0002056
GM0005260,GT0001308,,SRB_M0003431,SRC_M0002057
GM0005261,GT0001308,,SRB_M0003432,SRC_M0002058
GM0005262,GT0001308,,SRB_M0003433,SRC_M0002059
GM0005263,GT0001308,,SRB_M0003434,SRC_M0002060
GM0005264,GT0001309,SRA_M0004307,SRB_M0003435,
GM0005265,GT0001309,SRA_M0004308,SRB_M0003436,
GM0005266,GT0001309,SRA_M0004309,SRB_M0003437,
GM0005267,GT0001309,SRA_M0004310,SRB_M0003438,
GM0005268,GT0001310,SRA_M0004311,SRB_M0003439,SRC_M0002061
GM0005269,GT0001310,SRA_M0004312,SRB_M0003440,SRC_M0002062
GM0005270,GT0001310,SRA_M0004313,SRB_M0003441,SRC_M0002063
GM0005271,GT0001310,SRA_M0004314,SRB_M0003442,SRC_M0002064
GM0005272,GT0001310,SRA_M0004315,SRB_M0003443,SRC_M0002065
GM0005273,GT0001311,SRA_M0004316,,
GM0005274,GT0001311,SRA_M0004317,SRB_M0003444,
GM0005275,GT0001311,SRA_M0004318,,
GM0005276,GT0001311,SRA_M0004319,SRB_M0003445,
GM0005277,GT0001311,SRA_M0004320,,
GM0005278,GT0001312,SRA_M0004321,SRB_M0003447,
GM0005279,GT0001312,SRA_M0004322,SRB_M0003448,
GM0005280,GT0001312,SRA_M0004323,,
GM0005281,GT0001312,SRA_M0004324,SRB_M0003449,
GM0005282,GT0001313,SRA_M0004325,,
GM0005283,GT0001313,SRA_M0004326,,
GM0005284,GT0001314,SRA_M0004327,SRB_M0003450,
GM0005285,GT0001314,,,
GM0005286,GT0001314,SRA_M0004328,SRB_M0003451,
GM0005287,GT0001315,SRA_M0004329,SRB_M0003452,
GM0005288,GT0001315,SRA_M0004330,SRB_M0003453,
GM0005289,GT0001315,SRA_M0004331,SRB_M0003454,
GM0005290,GT0001315,SRA_M0004332,SRB_M0003455,
GM0005291,GT0001315,SRA_M0004333,SRB_M0003456,
GM0005292,GT0001315,SRA_M0004334,,
GM0005293,GT0001316,SRA_M0004335,SRB_M0003457,SRC_M0002066
GM0005294,GT0001316,,SRB_M0003458,
GM0005295,GT0001316,SRA_M0004336,SRB_M0003459,
GM0005296,GT0001316,SRA_M0004337,SRB_M0003460,SRC_M0002067
GM0005297,GT0001316,SRA_M0004338,SRB_M0003461,
GM0005298,GT0001316,SRA_M0004339,SRB_M0003462,SRC_M0002068
GM0005299,GT0001317,SRA_M0004340,,
GM0005300,GT0001317,SRA_M0004341,,
GM0005301,GT0001318,SRA_M0004342,SRB_M0003463,SRC_M0002069
GM0005302,GT0001318,SRA_M0004343,SRB_M0003464,
GM0005303,GT0001319,SRA_M0004344,SRB_M0003465,SRC_M0002070
GM0005304,GT0001319,SRA_M0004345,,SRC_M0002071
GM0005305,GT0001319,SRA_M0004346,SRB_M0003466,SRC_M0002072
GM0005306,GT0001320,SRA_M0004347,SRB_M0003467,
GM0005307,GT0001320,,SRB_M0003468,SRC_M0002073
GM0005308,GT0001320,SRA_M0004348,SRB_M0003469,SRC_M0002074
GM0005309,GT0001320,SRA_M0004349,,SRC_M0002075
GM0005310,GT0001320,SRA_M0004350,SRB_M0003470,SRC_M0002076
GM0005311,GT0001320,SRA_M0004351,,
GM0005312,GT0001321,SRA_M0004352,,
GM0005313,GT0001321,SRA_M0004353,,
GM0005314,GT0001321,SRA_M0004354,SRB_M0003471,
GM0005315,GT0001321,,SRB_M0003472,
GM0005316,GT0001321,SRA_M0004355,SRB_M0003473,
GM0005317,GT0001322,SRA_M0004356,SRB_M0003474,
GM0005318,GT0001322,SRA_M0004357,SRB_M0003475,
GM0005319,GT0001322,SRA_M0004358,,
GM0005320,GT0001322,SRA_M0004359,SRB_M0003476,
GM0005321,GT0001322,SRA_M0004360,SRB_M0003477,
GM0005322,GT0001322,SRA_M0004361,,
GM0005323,GT0001323,SRA_M0004362,SRB_M0003478,
GM0005324,GT0001323,SRA_M0004363,SRB_M0003479,
GM0005325,GT0001323,SRA_M0004364,,
GM0005326,GT0001323,SRA_M0004365,SRB_M0003480,
GM0005327,GT0001323,SRA_M0004366,SRB_M0003481,
GM0005328,GT0001324,SRA_M0004367,,
GM0005329,GT0001324,SRA_M0004368,,
GM0005330,GT0001324,SRA_M0004369,,
GM0005331,GT0001324,SRA_M0004370,,
GM0005332,GT0001325,SRA_M0004371,,
GM0005333,GT0001325,SRA_M0004372,,
GM0005334,GT0001325,SRA_M0004373,,
GM0005335,GT0001326,SRA_M0004374,SRB_M0003482,
GM0005336,GT0001326,SRA_M0004375,SRB_M0003483,
GM0005337,GT0001327,,,SRC_M0002077
GM0005338,GT0001327,SRA_M0004377,,SRC_M0002078
GM0005339,GT0001327,SRA_M0004378,,SRC_M0002079
GM0005340,GT0001327,SRA_M0004379,,
GM0005341,GT0001327,SRA_M0004380,,SRC_M0002080
GM0005342,GT0001328,SRA_M0004381,,
GM0005343,GT0001328,SRA_M0004382,,SRC_M0002081
GM0005344,GT0001329,,,SRC_M0002082
GM0005345,GT0001329,,,
GM0005346,GT0001329,,,SRC_M0002083
GM0005347,GT0001329,,,SRC_M0002084
GM0005348,GT0001329,,,SRC_M0002085
GM0005349,GT0001329,,,
GM0005350,GT0001330,,SRB_M0003484,
GM0005351,GT0001330,SRA_M0004383,SRB_M0003485,
GM0005352,GT0001331,SRA_M0004384,SRB_M0003486,
GM0005353,GT0001331,,SRB_M0003487,
GM0005354,GT0001331,SRA_M0004385,SRB_M0003488,
GM0005355,GT0001331,SRA_M0004386,SRB_M0003489,
GM0005356,GT0001332,SRA_M0004387,SRB_M0003490,
GM0005357,GT0001332,SRA_M0004388,,
GM0005358,GT0001332,SRA_M0004389,,
GM0005359,GT0001332,SRA_M0004390,SRB_M0003491,
GM0005360,GT0001332,SRA_M0004391,,
GM0005361,GT0001332,SRA_M0004392,SRB_M0003492,
GM0005362,GT0001333,SRA_M0004394,,SRC_M0002086
GM0005363,GT0001333,SRA_M0004395,,SRC_M0002087
GM0005364,GT0001334,SRA_M0004396,SRB_M0003493,SRC_M0002088
GM0005365,GT0001334,SRA_M0004397,SRB_M0003494,SRC_M0002089
GM0005366,GT0001334,SRA_M0004398,,SRC_M0002090
GM0005367,GT0001334,SRA_M0004399,SRB_M0003495,SRC_M0002091
GM0005368,GT0001334,SRA_M0004400,SRB_M0003496,SRC_M0002092
GM0005369,GT0001334,SRA_M0004401,SRB_M0003497,SRC_M0002093
GM0005370,GT0001335,SRA_M0004402,SRB_M0003498,SRC_M0002094
GM0005371,GT0001335,SRA_M0004403,SRB_M0003499,
GM0005372,GT0001335,SRA_M0004404,,SRC_M0002095
GM0005373,GT0001335,SRA_M0004405,SRB_M0003500,SRC_M0002096
GM0005374,GT0001335,,SRB_M0003501,SRC_M0002097
GM0005375,GT0001335,SRA_M0004406,SRB_M0003502,SRC_M0002098
GM0005376,GT0001336,SRA_M0004407,SRB_M0003503,
GM0005377,GT0001336,SRA_M0004408,SRB_M0003504,
GM0005378,GT0001336,SRA_M0004409,SRB_M0003505,
GM0005379,GT0001337,,SRB_M0003506,SRC_M0002099
GM0005380,GT0001337,SRA_M0004410,SRB_M0003507,SRC_M0002100
GM0005381,GT0001337,SRA_M0004411,SRB_M0003508,SRC_M0002101
GM0005382,GT0001337,SRA_M0004412,SRB_M0003509,SRC_M0002102
GM0005383,GT0001337,SRA_M0004413,SRB_M0003510,SRC_M0002103
GM0005384,GT0001337,SRA_M0004414,SRB_M0003511,SRC_M0002104
GM0005385,GT0001338,SRA_M0004415,SRB_M0003512,
GM0005386,GT0001338,SRA_M0004416,SRB_M0003513,
GM0005387,GT0001338,,SRB_M0003514,
GM0005388,GT0001338,SRA_M0004417,SRB_M0003515,
GM0005389,GT0001338,SRA_M0004418,SRB_M0003516,
GM0005390,GT0001339,SRA_M0004419,SRB_M0003517,
GM0005391,GT0001339,SRA_M0004420,SRB_M0003518,
GM0005392,GT0001340,SRA_M0004421,,SRC_M0002105
GM0005393,GT0001340,,,SRC_M0002106
GM0005394,GT0001340,,,
GM0005395,GT0001340,SRA_M0004422,,SRC_M0002107
GM0005396,GT0001340,SRA_M0004423,,SRC_M0002108
GM0005397,GT0001341,SRA_M0004424,,
GM0005398,GT0001341,SRA_M0004425,,
GM0005399,GT0001341,SRA_M0004426,,
GM0005400,GT0001341,SRA_M0004427,,
GM0005401,GT0001342,SRA_M0004428,SRB_M0003519,SRC_M0002109
GM0005402,GT0001342,SRA_M0004429,,SRC_M0002110
GM0005403,GT0001342,SRA_M0004430,SRB_M0003520,SRC_M0002111
GM0005404,GT0001343,SRA_M0004431,,
GM0005405,GT0001343,SRA_M0004432,,
GM0005406,GT0001343,SRA_M0004433,,
GM0005407,GT0001343,SRA_M0004434,,
GM0005408,GT0001343,,,
GM0005409,GT0001343,SRA_M0004435,,
GM0005410,GT0001344,,SRB_M0003521,
GM0005411,GT0001344,SRA_M0004436,SRB_M0003522,
GM0005412,GT0001344,SRA_M0004437,SRB_M0003523,
GM0005413,GT0001344,SRA_M0004438,,
GM0005414,GT0001345,,SRB_M0003524,SRC_M0002112
GM0005415,GT0001345,,SRB_M0003525,SRC_M0002113
GM0005416,GT0001345,,SRB_M0003526,
GM0005417,GT0001345,,SRB_M0003527,SRC_M0002114
GM0005418,GT0001345,,SRB_M0003528,SRC_M0002115
GM0005419,GT0001346,,,SRC_M0002116
GM0005420,GT0001346,,SRB_M0003529,SRC_M0002117
GM0005421,GT0001347,SRA_M0004439,,SRC_M0002118
GM0005422,GT0001347,SRA_M0004440,SRB_M0003530,SRC_M0002119
GM0005423,GT0001347,SRA_M0004441,SRB_M0003531,
GM0005424,GT0001347,SRA_M0004442,SRB_M0003532,
GM0005425,GT0001347,SRA_M0004443,,SRC_M0002120
GM0005426,GT0001348,,,SRC_M0002121
GM0005427,GT0001348,,,SRC_M0002122
GM0005428,GT0001348,,,
GM0005429,GT0001349,SRA_M0004444,SRB_M0003534,
GM0005430,GT0001349,,SRB_M0003535,SRC_M0002123
GM0005431,GT0001349,,SRB_M0003536,
GM0005432,GT0001349,,SRB_M0003537,
GM0005433,GT0001350,,SRB_M0003538,
GM0005434,GT0001350,,,
GM0005435,GT0001350,,,
GM0005436,GT0001350,,,
GM0005437,GT0001351,SRA_M0004445,SRB_M0003539,SRC_M0002124
GM0005438,GT0001351,SRA_M0004446,SRB_M0003540,SRC_M0002125
GM0005439,GT0001351,,SRB_M0003541,SRC_M0002126
GM0005440,GT0001351,SRA_M0004447,,SRC_M0002127
GM0005441,GT0001351,,,SRC_M0002128
GM0005442,GT0001351,SRA_M0004448,SRB_M0003542,SRC_M0002129
GM0005443,GT0001352,SRA_M0004449,SRB_M0003543,
GM0005444,GT0001352,SRA_M0004450,,
GM0005445,GT0001353,SRA_M0004451,SRB_M0003545,
GM0005446,GT0001353,SRA_M0004452,SRB_M0003546,
GM0005447,GT0001353,SRA_M0004453,SRB_M0003547,
GM0005448,GT0001353,SRA_M0004454,SRB_M0003548,
GM0005449,GT0001353,SRA_M0004455,SRB_M0003549,
GM0005450,GT0001354,SRA_M0004456,SRB_M0003551,SRC_M0002131
GM0005451,GT0001354,SRA_M0004457,,SRC_M0002132
GM0005452,GT0001354,SRA_M0004458,,SRC_M0002133
GM0005453,GT0001354,SRA_M0004459,SRB_M0003552,SRC_M0002134
GM0005454,GT0001355,SRA_M0004460,SRB_M0003553,SRC_M0002135
GM0005455,GT0001355,SRA_M0004461,SRB_M0003554,SRC_M0002136
GM0005456,GT0001355,SRA_M0004462,SRB_M0003555,
GM0005457,GT0001355,SRA_M0004463,SRB_M0003556,
GM0005458,GT0001355,SRA_M0004464,SRB_M0003557,SRC_M0002137
GM0005459,GT0001355,,SRB_M0003558,SRC_M0002138
GM0005460,GT0001356,SRA_M0004465,,SRC_M0002139
GM0005461,GT0001356,SRA_M0004466,,SRC_M0002140
GM0005462,GT0001356,SRA_M0004467,,SRC_M0002141
GM0005463,GT0001356,SRA_M0004468,,
GM0005464,GT0001356,SRA_M0004469,,SRC_M0002142
GM0005465,GT0001356,SRA_M0004470,,SRC_M0002143
GM0005466,GT0001357,SRA_M0004471,SRB_M0003559,SRC_M0002144
GM0005467,GT0001357,SRA_M0004472,,SRC_M0002145
GM0005468,GT0001357,SRA_M0004473,SRB_M0003560,
GM0005469,GT0001357,SRA_M0004474,SRB_M0003561,SRC_M0002146
GM0005470,GT0001357,SRA_M0004475,SRB_M0003562,SRC_M0002147
GM0005471,GT0001358,SRA_M0004476,SRB_M0003563,SRC_M0002148
GM0005472,GT0001358,,,
GM0005473,GT0001359,SRA_M0004477,SRB_M0003565,SRC_M0002149
GM0005474,GT0001359,SRA_M0004478,SRB_M0003566,SRC_M0002150
GM0005475,GT0001359,SRA_M0004479,SRB_M0003567,SRC_M0002151
GM0005476,GT0001359,SRA_M0004480,SRB_M0003568,SRC_M0002152
GM0005477,GT0001359,SRA_M0004481,SRB_M0003569,SRC_M0002153
GM0005478,GT0001360,SRA_M0004482,SRB_M0003570,
GM0005479,GT0001360,SRA_M0004483,SRB_M0003571,
GM0005480,GT0001360,SRA_M0004484,SRB_M0003572,
GM0005481,GT0001360,SRA_M0004485,SRB_M0003573,
GM0005482,GT0001361,SRA_M0004486,SRB_M0003574,
GM0005483,GT0001361,SRA_M0004487,,
GM0005484,GT0001362,SRA_M0004488,SRB_M0003575,
GM0005485,GT0001362,SRA_M0004489,SRB_M0003576,
GM0005486,GT0001363,,,SRC_M0002154
GM0005487,GT0001363,,,
GM0005488,GT0001363,,,SRC_M0002155
GM0005489,GT0001364,,SRB_M0003577,
GM0005490,GT0001364,,SRB_M0003578,
GM0005491,GT0001364,,,
GM0005492,GT0001364,,SRB_M0003579,
GM0005493,GT0001364,,,
GM0005494,GT0001364,,SRB_M0003580,
GM0005495,GT0001365,,SRB_M0003581,SRC_M0002156
GM0005496,GT0001365,,SRB_M0003582,SRC_M0002157
GM0005497,GT0001365,,SRB_M0003583,SRC_M0002158
GM0005498,GT0001365,,SRB_M0003584,SRC_M0002159
GM0005499,GT0001365,,SRB_M0003585,SRC_M0002160
GM0005500,GT0001366,,SRB_M0003586,
GM0005501,GT0001366,,SRB_M0003587,
GM0005502,GT0001366,,SRB_M0003588,
GM0005503,GT0001366,,SRB_M0003589,
GM0005504,GT0001367,,,SRC_M0002161
GM0005505,GT0001367,,,SRC_M0002162
GM0005506,GT0001367,,,
GM0005507,GT0001367,,SRB_M0003590,SRC_M0002163
GM0005508,GT0001367,,,SRC_M0002164
GM0005509,GT0001368,SRA_M0004490,SRB_M0003592,SRC_M0002165
GM0005510,GT0001368,SRA_M0004491,SRB_M0003593,
GM0005511,GT0001368,SRA_M0004492,SRB_M0003594,SRC_M0002166
GM0005512,GT0001368,SRA_M0004493,SRB_M0003595,SRC_M0002167
GM0005513,GT0001369,SRA_M0004494,,SRC_M0002168
GM0005514,GT0001369,SRA_M0004495,SRB_M0003597,
GM0005515,GT0001369,SRA_M0004496,SRB_M0003598,SRC_M0002169
GM0005516,GT0001369,SRA_M0004497,,SRC_M0002170
GM0005517,GT0001369,SRA_M0004498,,SRC_M0002171
GM0005518,GT0001370,SRA_M0004499,,SRC_M0002172
GM0005519,GT0001370,SRA_M0004500,SRB_M0003600,SRC_M0002173
GM0005520,GT0001370,SRA_M0004501,SRB_M0003601,
GM0005521,GT0001371,SRA_M0004503,,
GM0005522,GT0001371,SRA_M0004504,SRB_M0003603,
GM0005523,GT0001371,SRA_M0004505,SRB_M0003604,
GM0005524,GT0001371,SRA_M0004506,SRB_M0003605,
GM0005525,GT0001372,SRA_M0004507,SRB_M0003607,
GM0005526,GT0001372,SRA_M0004508,SRB_M0003608,SRC_M0002174
GM0005527,GT0001373,SRA_M0004509,SRB_M0003609,
GM0005528,GT0001373,SRA_M0004510,SRB_M0003610,SRC_M0002175
GM0005529,GT0001373,,SRB_M0003611,SRC_M0002176
GM0005530,GT0001373,SRA_M0004511,SRB_M0003612,SRC_M0002177
GM0005531,GT0001374,SRA_M0004512,,
GM0005532,GT0001374,,SRB_M0003613,
GM0005533,GT0001374,SRA_M0004513,SRB_M0003614,
GM0005534,GT0001374,SRA_M0004514,SRB_M0003615,
GM0005535,GT0001374,SRA_M0004515,SRB_M0003616,
GM0005536,GT0001375,SRA_M0004516,SRB_M0003617,SRC_M0002178
GM0005537,GT0001375,,SRB_M0003618,SRC_M0002179
GM0005538,GT0001376,SRA_M0004517,SRB_M0003619,SRC_M0002180
GM0005539,GT0001376,,SRB_M0003620,
GM0005540,GT0001376,SRA_M0004518,SRB_M0003621,
GM0005541,GT0001377,SRA_M0004519,SRB_M0003622,
GM0005542,GT0001377,SRA_M0004520,SRB_M0003623,
GM0005543,GT0001377,SRA_M0004521,SRB_M0003624,
GM0005544,GT0001378,SRA_M0004522,SRB_M0003625,
GM0005545,GT0001378,SRA_M0004523,,SRC_M0002181
GM0005546,GT0001378,SRA_M0004524,,SRC_M0002182
GM0005547,GT0001378,SRA_M0004525,SRB_M0003626,
GM0005548,GT0001378,SRA_M0004526,SRB_M0003627,SRC_M0002183
GM0005549,GT0001379,,SRB_M0003628,
GM0005550,GT0001379,,SRB_M0003629,
GM0005551,GT0001379,,SRB_M0003630,
GM0005552,GT0001379,,,
GM0005553,GT0001380,SRA_M0004527,SRB_M0003631,
GM0005554,GT0001380,SRA_M0004528,SRB_M0003632,
GM0005555,GT0001380,,SRB_M0003633,
GM0005556,GT0001381,SRA_M0004529,SRB_M0003635,SRC_M0002184
GM0005557,GT0001381,SRA_M0004530,SRB_M0003636,SRC_M0002185
GM0005558,GT0001381,SRA_M0004531,SRB_M0003637,SRC_M0002186
GM0005559,GT0001381,SRA_M0004532,SRB_M0003638,SRC_M0002187
GM0005560,GT0001381,,SRB_M0003639,SRC_M0002188
GM0005561,GT0001382,SRA_M0004533,,SRC_M0002189
GM0005562,GT0001382,SRA_M0004534,SRB_M0003640,
GM0005563,GT0001383,,,
GM0005564,GT0001383,,,
GM0005565,GT0001383,,,
GM0005566,GT0001383,,,
GM0005567,GT0001384,SRA_M0004535,,SRC_M0002190
GM0005568,GT0001384,SRA_M0004536,,
GM0005569,GT0001384,SRA_M0004537,,SRC_M0002191
GM0005570,GT0001385,SRA_M0004538,SRB_M0003641,
GM0005571,GT0001385,SRA_M0004539,SRB_M0003642,
GM0005572,GT0001385,SRA_M0004540,SRB_M0003643,
GM0005573,GT0001385,,SRB_M0003644,
GM0005574,GT0001385,SRA_M0004541,SRB_M0003645,
GM0005575,GT0001386,SRA_M0004542,,SRC_M0002192
GM0005576,GT0001386,SRA_M0004543,,SRC_M0002193
GM0005577,GT0001386,SRA_M0004544,,SRC_M0002194
GM0005578,GT0001386,SRA_M0004545,,
GM0005579,GT0001387,SRA_M0004546,,
GM0005580,GT0001387,SRA_M0004547,,
GM0005581,GT0001387,SRA_M0004548,,
GM0005582,GT0001388,,SRB_M0003647,
GM0005583,GT0001388,,SRB_M0003648,
GM0005584,GT0001389,SRA_M0004549,SRB_M0003649,
GM0005585,GT0001389,SRA_M0004550,SRB_M0003650,
GM0005586,GT0001389,SRA_M0004551,SRB_M0003651,
GM0005587,GT0001389,SRA_M0004552,SRB_M0003652,
GM0005588,GT0001389,SRA_M0004553,SRB_M0003653,
GM0005589,GT0001389,SRA_M0004554,,
GM0005590,GT0001390,SRA_M0004555,,SRC_M0002195
GM0005591,GT0001390,SRA_M0004556,,SRC_M0002196
GM0005592,GT0001391,SRA_M0004557,,
GM0005593,GT0001391,SRA_M0004558,,
GM0005594,GT0001391,SRA_M0004559,,
GM0005595,GT0001391,SRA_M0004560,,
GM0005596,GT0001391,SRA_M0004561,,
GM0005597,GT0001392,SRA_M0004562,,
GM0005598,GT0001392,SRA_M0004563,SRB_M0003654,
GM0005599,GT0001393,SRA_M0004564,SRB_M0003655,SRC_M0002197
GM0005600,GT0001393,SRA_M0004565,SRB_M0003656,SRC_M0002198
GM0005601,GT0001394,SRA_M0004566,SRB_M0003657,SRC_M0002199
GM0005602,GT0001394,SRA_M0004567,SRB_M0003658,SRC_M0002200
GM0005603,GT0001394,SRA_M0004568,SRB_M0003659,SRC_M0002201
GM0005604,GT0001394,SRA_M0004569,,
GM0005605,GT0001394,SRA_M0004570,SRB_M0003660,SRC_M0002202
GM0005606,GT0001395,,SRB_M0003661,
GM0005607,GT0001395,SRA_M0004571,SRB_M0003662,
GM0005608,GT0001395,SRA_M0004572,SRB_M0003663,
GM0005609,GT0001395,SRA_M0004573,SRB_M0003664,
GM0005610,GT0001396,,,
GM0005611,GT0001396,SRA_M0004574,,
GM0005612,GT0001397,SRA_M0004575,,
GM0005613,GT0001397,,SRB_M0003665,
GM0005614,GT0001397,SRA_M0004576,,
GM0005615,GT0001397,SRA_M0004577,SRB_M0003666,
GM0005616,GT0001398,SRA_M0004578,SRB_M0003667,SRC_M0002203
GM0005617,GT0001398,SRA_M0004579,SRB_M0003668,SRC_M0002204
GM0005618,GT0001398,,SRB_M0003669,SRC_M0002205
GM0005619,GT0001399,SRA_M0004580,SRB_M0003670,
GM0005620,GT0001399,SRA_M0004581,SRB_M0003671,
GM0005621,GT0001399,SRA_M0004582,SRB_M0003672,
GM0005622,GT0001400,SRA_M0004583,SRB_M0003673,
GM0005623,GT0001400,SRA_M0004584,SRB_M0003674,
GM0005624,GT0001400,SRA_M0004585,SRB_M0003675,
GM0005625,GT0001400,SRA_M0004586,SRB_M0003676,
GM0005626,GT0001401,SRA_M0004587,SRB_M0003677,SRC_M0002206
GM0005627,GT0001401,SRA_M0004588,,SRC_M0002207
GM0005628,GT0001401,SRA_M0004589,SRB_M0003678,SRC_M0002208
GM0005629,GT0001401,SRA_M0004590,SRB_M0003679,SRC_M0002209
GM0005630,GT0001402,SRA_M0004591,SRB_M0003680,SRC_M0002210
GM0005631,GT0001402,,SRB_M0003681,
GM0005632,GT0001403,SRA_M0004592,SRB_M0003682,SRC_M0002211
GM0005633,GT0001403,SRA_M0004593,SRB_M0003683,SRC_M0002212
GM0005634,GT0001404,SRA_M0004594,,SRC_M0002213
GM0005635,GT0001404,SRA_M0004595,,
GM0005636,GT0001405,SRA_M0004596,SRB_M0003684,
GM0005637,GT0001405,SRA_M0004597,SRB_M0003685,
GM0005638,GT0001405,SRA_M0004598,SRB_M0003686,
GM0005639,GT0001405,SRA_M0004599,SRB_M0003687,
GM0005640,GT0001405,SRA_M0004600,SRB_M0003688,
GM0005641,GT0001406,,SRB_M0003689,SRC_M0002214
GM0005642,GT0001406,SRA_M0004601,,SRC_M0002215
GM0005643,GT0001407,SRA_M0004602,SRB_M0003690,
GM0005644,GT0001407,SRA_M0004603,SRB_M0003691,
GM0005645,GT0001408,SRA_M0004604,SRB_M0003692,SRC_M0002216
GM0005646,GT0001408,SRA_M0004605,SRB_M0003693,SRC_M0002217
GM0005647,GT0001408,SRA_M0004606,SRB_M0003694,
GM0005648,GT0001408,SRA_M0004607,SRB_M0003695,
GM0005649,GT0001408,SRA_M0004608,SRB_M0003696,SRC_M0002218
GM0005650,GT0001409,,,SRC_M0002219
GM0005651,GT0001409,,,
GM0005652,GT0001409,,,SRC_M0002220
GM0005653,GT0001409,,,SRC_M0002221
GM0005654,GT0001409,,,SRC_M0002222
GM0005655,GT0001410,,,
GM0005656,GT0001410,SRA_M0004609,SRB_M0003697,
GM0005657,GT0001410,SRA_M0004610,SRB_M0003698,
GM0005658,GT0001411,SRA_M0004611,SRB_M0003699,SRC_M0002223
GM0005659,GT0001411,SRA_M0004612,SRB_M0003700,SRC_M0002224
GM0005660,GT0001411,SRA_M0004613,SRB_M0003701,
GM0005661,GT0001411,SRA_M0004614,,SRC_M0002225
GM0005662,GT0001411,SRA_M0004615,SRB_M0003702,
GM0005663,GT0001411,SRA_M0004616,SRB_M0003703,SRC_M0002226
GM0005664,GT0001412,SRA_M0004617,SRB_M0003704,
GM0005665,GT0001412,SRA_M0004618,SRB_M0003705,
GM0005666,GT0001412,SRA_M0004619,SRB_M0003706,
GM0005667,GT0001413,SRA_M0004620,,SRC_M0002227
GM0005668,GT0001413,,,SRC_M0002228
GM0005669,GT0001413,SRA_M0004621,,SRC_M0002229
GM0005670,GT0001414,,,SRC_M0002230
GM0005671,GT0001414,,,SRC_M0002231
GM0005672,GT0001414,,,
GM0005673,GT0001415,SRA_M0004622,SRB_M0003707,
GM0005674,GT0001415,SRA_M0004623,SRB_M0003708,
GM0005675,GT0001416,SRA_M0004624,SRB_M0003709,
GM0005676,GT0001416,SRA_M0004625,SRB_M0003710,
GM0005677,GT0001416,SRA_M0004626,SRB_M0003711,
GM0005678,GT0001416,SRA_M0004627,SRB_M0003712,
GM0005679,GT0001416,SRA_M0004628,SRB_M0003713,
GM0005680,GT0001417,SRA_M0004629,,
GM0005681,GT0001417,SRA_M0004630,SRB_M0003714,
GM0005682,GT0001418,,SRB_M0003715,
GM0005683,GT0001418,SRA_M0004631,SRB_M0003716,
GM0005684,GT0001418,,SRB_M0003717,SRC_M0002232
GM0005685,GT0001419,SRA_M0004632,,
GM0005686,GT0001419,,,
GM0005687,GT0001420,SRA_M0004633,SRB_M0003718,
GM0005688,GT0001420,SRA_M0004634,,
GM0005689,GT0001421,SRA_M0004635,SRB_M0003719,
GM0005690,GT0001421,SRA_M0004636,SRB_M0003720,
GM0005691,GT0001422,SRA_M0004637,,
GM0005692,GT0001422,SRA_M0004638,SRB_M0003721,
GM0005693,GT0001422,SRA_M0004639,,
GM0005694,GT0001422,,SRB_M0003722,
GM0005695,GT0001422,,SRB_M0003723,
GM0005696,GT0001422,SRA_M0004640,,
GM0005697,GT0001423,SRA_M0004641,,
GM0005698,GT0001423,SRA_M0004642,,SRC_M0002233
GM0005699,GT0001424,SRA_M0004644,,
GM0005700,GT0001424,SRA_M0004645,,
GM0005701,GT0001425,SRA_M0004646,SRB_M0003724,
GM0005702,GT0001425,SRA_M0004647,SRB_M0003725,
GM0005703,GT0001425,,SRB_M0003726,
GM0005704,GT0001426,SRA_M0004648,SRB_M0003727,SRC_M0002234
GM0005705,GT0001426,SRA_M0004649,SRB_M0003728,SRC_M0002235
GM0005706,GT0001426,,SRB_M0003729,
GM0005707,GT0001426,SRA_M0004650,SRB_M0003730,SRC_M0002236
GM0005708,GT0001426,SRA_M0004651,,SRC_M0002237
GM0005709,GT0001426,,SRB_M0003731,SRC_M0002238
GM0005710,GT0001427,,,
GM0005711,GT0001427,SRA_M0004652,,
GM0005712,GT0001428,SRA_M0004653,SRB_M0003733,SRC_M0002239
GM0005713,GT0001428,SRA_M0004654,SRB_M0003734,SRC_M0002240
GM0005714,GT0001428,,SRB_M0003735,SRC_M0002241
GM0005715,GT0001428,SRA_M0004655,SRB_M0003736,SRC_M0002242
GM0005716,GT0001429,,,SRC_M0002243
GM0005717,GT0001429,,SRB_M0003737,
GM0005718,GT0001429,SRA_M0004656,SRB_M0003738,SRC_M0002244
GM0005719,GT0001430,SRA_M0004657,SRB_M0003739,
GM0005720,GT0001430,SRA_M0004658,SRB_M0003740,
GM0005721,GT0001430,SRA_M0004659,,
GM0005722,GT0001430,SRA_M0004660,SRB_M0003741,
GM0005723,GT0001431,SRA_M0004661,SRB_M0003742,
GM0005724,GT0001431,SRA_M0004662,SRB_M0003743,
GM0005725,GT0001431,SRA_M0004663,SRB_M0003744,
GM0005726,GT0001431,SRA_M0004664,SRB_M0003745,
GM0005727,GT0001432,,SRB_M0003746,
GM0005728,GT0001432,,,
GM0005729,GT0001432,,SRB_M0003747,
GM0005730,GT0001432,,SRB_M0003748,
GM0005731,GT0001432,,SRB_M0003749,
GM0005732,GT0001432,,SRB_M0003750,
GM0005733,GT0001433,SRA_M0004665,,SRC_M0002245
GM0005734,GT0001433,SRA_M0004666,,SRC_M0002246
GM0005735,GT0001433,SRA_M0004667,,SRC_M0002247
GM0005736,GT0001433,SRA_M0004668,,SRC_M0002248
GM0005737,GT0001433,,,SRC_M0002249
GM0005738,GT0001434,SRA_M0004669,SRB_M0003751,SRC_M0002250
GM0005739,GT0001434,SRA_M0004670,,
GM0005740,GT0001434,,SRB_M0003752,
GM0005741,GT0001434,SRA_M0004671,SRB_M0003753,SRC_M0002251
GM0005742,GT0001435,,,
GM0005743,GT0001435,,SRB_M0003754,
GM0005744,GT0001435,,SRB_M0003755,
GM0005745,GT0001435,,SRB_M0003756,
GM0005746,GT0001435,,SRB_M0003757,
GM0005747,GT0001435,,SRB_M0003758,
GM0005748,GT0001436,SRA_M0004672,,SRC_M0002252
GM0005749,GT0001436,SRA_M0004673,SRB_M0003759,
GM0005750,GT0001436,SRA_M0004674,SRB_M0003760,SRC_M0002253
GM0005751,GT0001437,SRA_M0004675,,
GM0005752,GT0001437,SRA_M0004676,SRB_M0003761,
GM0005753,GT0001437,SRA_M0004677,SRB_M0003762,
GM0005754,GT0001437,SRA_M0004678,SRB_M0003763,
GM0005755,GT0001437,SRA_M0004679,SRB_M0003764,
GM0005756,GT0001437,SRA_M0004680,SRB_M0003765,
GM0005757,GT0001438,SRA_M0004681,SRB_M0003766,
GM0005758,GT0001438,SRA_M0004682,SRB_M0003767,
GM0005759,GT0001439,SRA_M0004683,,
GM0005760,GT0001439,SRA_M0004684,SRB_M0003768,
GM0005761,GT0001440,SRA_M0004685,SRB_M0003769,SRC_M0002254
GM0005762,GT0001440,SRA_M0004686,SRB_M0003770,
GM0005763,GT0001440,SRA_M0004687,SRB_M0003771,SRC_M0002255
GM0005764,GT0001441,SRA_M0004688,SRB_M0003772,
GM0005765,GT0001441,SRA_M0004689,SRB_M0003773,
GM0005766,GT0001441,SRA_M0004690,SRB_M0003774,
GM0005767,GT0001441,SRA_M0004691,,
GM0005768,GT0001441,SRA_M0004692,SRB_M0003775,
GM0005769,GT0001442,,SRB_M0003776,
GM0005770,GT0001442,SRA_M0004693,SRB_M0003777,
GM0005771,GT0001442,SRA_M0004694,SRB_M0003778,
GM0005772,GT0001442,SRA_M0004695,SRB_M0003779,
GM0005773,GT0001442,SRA_M0004696,,
GM0005774,GT0001442,SRA_M0004697,SRB_M0003780,
GM0005775,GT0001443,SRA_M0004698,,
GM0005776,GT0001443,SRA_M0004699,SRB_M0003781,
GM0005777,GT0001443,SRA_M0004700,,
GM0005778,GT0001443,SRA_M0004701,,
GM0005779,GT0001443,SRA_M0004702,,
GM0005780,GT0001443,SRA_M0004703,,
GM0005781,GT0001444,SRA_M0004704,SRB_M0003782,SRC_M0002256
GM0005782,GT0001444,SRA_M0004705,SRB_M0003783,SRC_M0002257
GM0005783,GT0001444,,SRB_M0003784,SRC_M0002258
GM0005784,GT0001445,SRA_M0004706,SRB_M0003785,
GM0005785,GT0001445,SRA_M0004707,SRB_M0003786,
GM0005786,GT0001445,SRA_M0004708,,
GM0005787,GT0001445,SRA_M0004709,SRB_M0003787,
GM0005788,GT0001445,SRA_M0004710,SRB_M0003788,
GM0005789,GT0001446,SRA_M0004711,SRB_M0003789,
GM0005790,GT0001446,SRA_M0004712,SRB_M0003790,
GM0005791,GT0001446,SRA_M0004713,SRB_M0003791,
GM0005792,GT0001446,SRA_M0004714,SRB_M0003792,
GM0005793,GT0001446,SRA_M0004715,SRB_M0003793,
GM0005794,GT0001447,SRA_M0004717,SRB_M0003794,
GM0005795,GT0001447,SRA_M0004718,SRB_M0003795,
GM0005796,GT0001447,SRA_M0004719,SRB_M0003796,
GM0005797,GT0001447,SRA_M0004720,SRB_M0003797,
GM0005798,GT0001448,,SRB_M0003798,SRC_M0002259
GM0005799,GT0001448,SRA_M0004721,SRB_M0003799,SRC_M0002260
GM0005800,GT0001448,SRA_M0004722,SRB_M0003800,
GM0005801,GT0001449,,,
GM0005802,GT0001449,,,
GM0005803,GT0001449,,,
GM0005804,GT0001449,,,
GM0005805,GT0001450,SRA_M0004723,SRB_M0003801,
GM0005806,GT0001450,SRA_M0004724,,
GM0005807,GT0001450,SRA_M0004725,SRB_M0003802,
GM0005808,GT0001450,SRA_M0004726,SRB_M0003803,
GM0005809,GT0001450,SRA_M0004727,SRB_M0003804,
GM0005810,GT0001451,SRA_M0004728,,
GM0005811,GT0001451,SRA_M0004729,,
GM0005812,GT0001451,SRA_M0004730,,
GM0005813,GT0001451,SRA_M0004731,,
GM0005814,GT0001451,SRA_M0004732,,
GM0005815,GT0001452,SRA_M0004733,,
GM0005816,GT0001452,SRA_M0004734,,
GM0005817,GT0001452,SRA_M0004735,,
GM0005818,GT0001452,,,
GM0005819,GT0001453,SRA_M0004736,,
GM0005820,GT0001453,SRA_M0004737,,SRC_M0002261
GM0005821,GT0001453,SRA_M0004738,,SRC_M0002262
GM0005822,GT0001454,SRA_M0004739,SRB_M0003805,
GM0005823,GT0001454,,SRB_M0003806,
GM0005824,GT0001455,SRA_M0004740,SRB_M0003807,
GM0005825,GT0001455,SRA_M0004741,,
GM0005826,GT0001455,SRA_M0004742,SRB_M0003808,
GM0005827,GT0001455,SRA_M0004743,,
GM0005828,GT0001456,SRA_M0004744,SRB_M0003809,SRC_M0002263
GM0005829,GT0001456,SRA_M0004745,SRB_M0003810,
GM0005830,GT0001457,SRA_M0004746,SRB_M0003811,
GM0005831,GT0001457,SRA_M0004747,SRB_M0003812,
GM0005832,GT0001457,,SRB_M0003813,
GM0005833,GT0001457,SRA_M0004748,,
GM0005834,GT0001457,SRA_M0004749,SRB_M0003814,
GM0005835,GT0001457,SRA_M0004750,SRB_M0003815,
GM0005836,GT0001458,,,
GM0005837,GT0001458,,SRB_M0003817,
GM0005838,GT0001458,,SRB_M0003818,
GM0005839,GT0001458,,SRB_M0003819,
GM0005840,GT0001458,,SRB_M0003820,
GM0005841,GT0001459,SRA_M0004751,SRB_M0003821,
GM0005842,GT0001459,SRA_M0004752,SRB_M0003822,SRC_M0002264
GM0005843,GT0001460,SRA_M0004753,SRB_M0003823,
GM0005844,GT0001460,SRA_M0004754,SRB_M0003824,
GM0005845,GT0001460,SRA_M0004755,,
GM0005846,GT0001460,SRA_M0004756,SRB_M0003825,
GM0005847,GT0001460,SRA_M0004757,SRB_M0003826,
GM0005848,GT0001460,SRA_M0004758,SRB_M0003827,
GM0005849,GT0001461,SRA_M0004759,SRB_M0003828,
GM0005850,GT0001461,SRA_M0004760,SRB_M0003829,SRC_M0002265
GM0005851,GT0001461,SRA_M0004761,SRB_M0003830,SRC_M0002266
GM0005852,GT0001461,,SRB_M0003831,SRC_M0002267
GM0005853,GT0001461,SRA_M0004762,,
GM0005854,GT0001462,SRA_M0004763,,SRC_M0002268
GM0005855,GT0001462,,,SRC_M0002269
GM0005856,GT0001462,SRA_M0004764,,SRC_M0002270
GM0005857,GT0001462,SRA_M0004765,,SRC_M0002271
GM0005858,GT0001463,SRA_M0004766,SRB_M0003832,
GM0005859,GT0001463,SRA_M0004767,SRB_M0003833,
GM0005860,GT0001463,SRA_M0004768,SRB_M0003834,
GM0005861,GT0001463,SRA_M0004769,SRB_M0003835,
GM0005862,GT0001463,SRA_M0004770,,
GM0005863,GT0001464,SRA_M0004771,SRB_M0003836,
GM0005864,GT0001464,,SRB_M0003837,
GM0005865,GT0001464,SRA_M0004772,SRB_M0003838,
GM0005866,GT0001464,SRA_M0004773,,
GM0005867,GT0001464,SRA_M0004774,SRB_M0003839,
GM0005868,GT0001464,SRA_M0004775,SRB_M0003840,
GM0005869,GT0001465,SRA_M0004776,,
GM0005870,GT0001465,SRA_M0004777,,
GM0005871,GT0001465,SRA_M0004778,,
GM0005872,GT0001465,SRA_M0004779,,
GM0005873,GT0001465,SRA_M0004780,,
GM0005874,GT0001466,SRA_M0004781,,
GM0005875,GT0001466,SRA_M0004782,SRB_M0003841,
GM0005876,GT0001466,SRA_M0004783,SRB_M0003842,
GM0005877,GT0001467,SRA_M0004784,SRB_M0003843,
GM0005878,GT0001467,SRA_M0004785,SRB_M0003844,
GM0005879,GT0001467,SRA_M0004786,SRB_M0003845,
GM0005880,GT0001467,SRA_M0004787,SRB_M0003846,
GM0005881,GT0001468,SRA_M0004788,SRB_M0003847,
GM0005882,GT0001468,SRA_M0004789,SRB_M0003848,
GM0005883,GT0001468,SRA_M0004790,SRB_M0003849,
GM0005884,GT0001468,SRA_M0004791,SRB_M0003850,
GM0005885,GT0001469,SRA_M0004792,SRB_M0003851,SRC_M0002272
GM0005886,GT0001469,SRA_M0004793,SRB_M0003852,SRC_M0002273
GM0005887,GT0001470,SRA_M0004794,SRB_M0003853,
GM0005888,GT0001470,SRA_M0004795,SRB_M0003854,
GM0005889,GT0001470,SRA_M0004796,,
GM0005890,GT0001470,SRA_M0004797,SRB_M0003855,
GM0005891,GT0001471,SRA_M0004798,SRB_M0003856,SRC_M0002274
GM0005892,GT0001471,SRA_M0004799,SRB_M0003857,SRC_M0002275
GM0005893,GT0001471,SRA_M0004800,SRB_M0003858,SRC_M0002276
GM0005894,GT0001471,SRA_M0004801,SRB_M0003859,
GM0005895,GT0001471,SRA_M0004802,SRB_M0003860,SRC_M0002277
GM0005896,GT0001472,SRA_M0004803,SRB_M0003861,SRC_M0002278
GM0005897,GT0001472,SRA_M0004804,,SRC_M0002279
GM0005898,GT0001472,SRA_M0004805,,SRC_M0002280
GM0005899,GT0001473,SRA_M0004806,,SRC_M0002281
GM0005900,GT0001473,SRA_M0004807,SRB_M0003863,SRC_M0002282
GM0005901,GT0001473,SRA_M0004808,SRB_M0003864,SRC_M0002283
GM0005902,GT0001473,SRA_M0004809,,
GM0005903,GT0001474,SRA_M0004810,,SRC_M0002284
GM0005904,GT0001474,,,SRC_M0002285
GM0005905,GT0001474,SRA_M0004811,,SRC_M0002286
GM0005906,GT0001475,SRA_M0004812,SRB_M0003865,
GM0005907,GT0001475,SRA_M0004813,SRB_M0003866,
GM0005908,GT0001475,SRA_M0004814,SRB_M0003867,
GM0005909,GT0001475,SRA_M0004815,SRB_M0003868,
GM0005910,GT0001475,SRA_M0004816,SRB_M0003869,
GM0005911,GT0001476,SRA_M0004817,SRB_M0003870,SRC_M0002287
GM0005912,GT0001476,,SRB_M0003871,SRC_M0002288
GM0005913,GT0001476,SRA_M0004818,SRB_M0003872,SRC_M0002289
GM0005914,GT0001476,SRA_M0004819,,SRC_M0002290
GM0005915,GT0001476,,SRB_M0003873,SRC_M0002291
GM0005916,GT0001477,SRA_M0004820,,
GM0005917,GT0001477,SRA_M0004821,SRB_M0003874,SRC_M0002292
GM0005918,GT0001477,SRA_M0004822,,SRC_M0002293
GM0005919,GT0001477,,SRB_M0003875,SRC_M0002294
GM0005920,GT0001477,SRA_M0004823,SRB_M0003876,SRC_M0002295
GM0005921,GT0001478,SRA_M0004824,,SRC_M0002296
GM0005922,GT0001478,SRA_M0004825,,SRC_M0002297
GM0005923,GT0001478,,,
GM0005924,GT0001478,SRA_M0004826,,SRC_M0002298
GM0005925,GT0001478,SRA_M0004827,,
GM0005926,GT0001479,SRA_M0004828,SRB_M0003877,SRC_M0002299
GM0005927,GT0001479,SRA_M0004829,SRB_M0003878,SRC_M0002300
GM0005928,GT0001479,SRA_M0004830,,
GM0005929,GT0001479,SRA_M0004831,SRB_M0003879,SRC_M0002301
GM0005930,GT0001479,SRA_M0004832,SRB_M0003880,SRC_M0002302
GM0005931,GT0001479,SRA_M0004833,SRB_M0003881,SRC_M0002303
GM0005932,GT0001480,SRA_M0004834,,
GM0005933,GT0001480,SRA_M0004835,,
GM0005934,GT0001481,SRA_M0004836,SRB_M0003882,
GM0005935,GT0001481,SRA_M0004837,SRB_M0003883,
GM0005936,GT0001481,SRA_M0004838,SRB_M0003884,
GM0005937,GT0001481,SRA_M0004839,,
GM0005938,GT0001481,,SRB_M0003885,
GM0005939,GT0001482,SRA_M0004840,,SRC_M0002304
GM0005940,GT0001482,SRA_M0004841,,SRC_M0002305
GM0005941,GT0001482,SRA_M0004842,,SRC_M0002306
GM0005942,GT0001482,SRA_M0004843,,SRC_M0002307
GM0005943,GT0001482,SRA_M0004844,,SRC_M0002308
GM0005944,GT0001482,SRA_M0004845,,SRC_M0002309
GM0005945,GT0001483,SRA_M0004846,SRB_M0003886,
GM0005946,GT0001483,SRA_M0004847,SRB_M0003887,
GM0005947,GT0001483,SRA_M0004848,SRB_M0003888,
GM0005948,GT0001483,SRA_M0004849,,
GM0005949,GT0001483,SRA_M0004850,,
GM0005950,GT0001483,SRA_M0004851,,
GM0005951,GT0001484,SRA_M0004852,SRB_M0003889,
GM0005952,GT0001484,SRA_M0004853,SRB_M0003890,SRC_M0002310
GM0005953,GT0001484,SRA_M0004854,SRB_M0003891,SRC_M0002311
GM0005954,GT0001484,SRA_M0004855,SRB_M0003892,
GM0005955,GT0001484,SRA_M0004856,SRB_M0003893,
GM0005956,GT0001485,SRA_M0004857,,
GM0005957,GT0001485,SRA_M0004858,,
GM0005958,GT0001485,SRA_M0004859,,
GM0005959,GT0001486,SRA_M0004860,SRB_M0003894,
GM0005960,GT0001486,SRA_M0004861,SRB_M0003895,
GM0005961,GT0001486,SRA_M0004862,SRB_M0003896,
GM0005962,GT0001486,SRA_M0004863,SRB_M0003897,
GM0005963,GT0001486,SRA_M0004864,,
GM0005964,GT0001486,SRA_M0004865,SRB_M0003898,
GM0005965,GT0001487,SRA_M0004866,SRB_M0003899,
GM0005966,GT0001487,SRA_M0004867,SRB_M0003900,
GM0005967,GT0001487,SRA_M0004868,SRB_M0003901,
GM0005968,GT0001487,,SRB_M0003902,
GM0005969,GT0001487,SRA_M0004869,SRB_M0003903,
GM0005970,GT0001488,,SRB_M0003904,SRC_M0002312
GM0005971,GT0001488,SRA_M0004870,SRB_M0003905,SRC_M0002313
GM0005972,GT0001488,SRA_M0004871,SRB_M0003906,SRC_M0002314
GM0005973,GT0001488,SRA_M0004872,SRB_M0003907,SRC_M0002315
GM0005974,GT0001488,,SRB_M0003908,SRC_M0002316
GM0005975,GT0001488,,SRB_M0003909,SRC_M0002317
GM0005976,GT0001489,SRA_M0004873,SRB_M0003910,
GM0005977,GT0001489,SRA_M0004874,SRB_M0003911,
GM0005978,GT0001490,SRA_M0004875,SRB_M0003912,
GM0005979,GT0001490,SRA_M0004876,SRB_M0003913,
GM0005980,GT0001490,SRA_M0004877,SRB_M0003914,
GM0005981,GT0001490,SRA_M0004878,SRB_M0003915,
GM0005982,GT0001490,,SRB_M0003916,
GM0005983,GT0001490,SRA_M0004879,SRB_M0003917,
GM0005984,GT0001491,,,SRC_M0002318
GM0005985,GT0001491,,,SRC_M0002319
GM0005986,GT0001491,SRA_M0004880,,
GM0005987,GT0001492,SRA_M0004881,,SRC_M0002320
GM0005988,GT0001492,SRA_M0004882,,
GM0005989,GT0001492,SRA_M0004883,,SRC_M0002321
GM0005990,GT0001492,SRA_M0004884,,
GM0005991,GT0001492,SRA_M0004885,,SRC_M0002322
GM0005992,GT0001493,SRA_M0004886,SRB_M0003918,SRC_M0002323
GM0005993,GT0001493,SRA_M0004887,SRB_M0003919,SRC_M0002324
GM0005994,GT0001493,SRA_M0004888,SRB_M0003920,SRC_M0002325
GM0005995,GT0001494,SRA_M0004889,SRB_M0003921,SRC_M0002326
GM0005996,GT0001494,SRA_M0004890,SRB_M0003922,
GM0005997,GT0001494,SRA_M0004891,SRB_M0003923,
GM0005998,GT0001494,SRA_M0004892,SRB_M0003924,SRC_M0002327
GM0005999,GT0001494,SRA_M0004893,SRB_M0003925,
GM0006000,GT0001495,SRA_M0004894,SRB_M0003926,SRC_M0002328
GM0006001,GT0001495,SRA_M0004895,SRB_M0003927,
GM0006002,GT0001496,,,
GM0006003,GT0001496,SRA_M0004896,,
GM0006004,GT0001496,SRA_M0004897,,
GM0006005,GT0001496,SRA_M0004898,,
GM0006006,GT0001497,SRA_M0004899,SRB_M0003928,
GM0006007,GT0001497,SRA_M0004900,SRB_M0003929,
GM0006008,GT0001497,SRA_M0004901,SRB_M0003930,
GM0006009,GT0001497,SRA_M0004902,SRB_M0003931,SRC_M0002329
GM0006010,GT0001497,,,SRC_M0002330
GM0006011,GT0001497,SRA_M0004903,SRB_M0003932,SRC_M0002331
GM0006012,GT0001498,SRA_M0004904,SRB_M0003933,
GM0006013,GT0001498,SRA_M0004905,SRB_M0003934,
GM0006014,GT0001498,SRA_M0004906,,
GM0006015,GT0001499,SRA_M0004907,SRB_M0003935,
GM0006016,GT0001499,SRA_M0004908,SRB_M0003936,
GM0006017,GT0001499,SRA_M0004909,SRB_M0003937,SRC_M0002332
GM0006018,GT0001499,SRA_M0004910,,SRC_M0002333
GM0006019,GT0001500,SRA_M0004911,SRB_M0003938,SRC_M0002334
GM0006020,GT0001500,SRA_M0004912,SRB_M0003939,
GM0006021,GT0001500,SRA_M0004913,SRB_M0003940,
GM0006022,GT0001501,SRA_M0004914,SRB_M0003941,SRC_M0002335
GM0006023,GT0001501,SRA_M0004915,SRB_M0003942,SRC_M0002336
GM0006024,GT0001502,SRA_M0004916,SRB_M0003943,
GM0006025,GT0001502,SRA_M0004917,SRB_M0003944,
GM0006026,GT0001502,,,
GM0006027,GT0001502,,SRB_M0003945,
GM0006028,GT0001502,SRA_M0004918,SRB_M0003946,
GM0006029,GT0001503,SRA_M0004919,SRB_M0003947,SRC_M0002337
GM0006030,GT0001503,SRA_M0004920,SRB_M0003948,SRC_M0002338
GM0006031,GT0001504,SRA_M0004921,SRB_M0003949,
GM0006032,GT0001504,,SRB_M0003950,
GM0006033,GT0001504,SRA_M0004922,SRB_M0003951,
GM0006034,GT0001505,SRA_M0004923,SRB_M0003952,SRC_M0002339
GM0006035,GT0001505,SRA_M0004924,SRB_M0003953,SRC_M0002340
GM0006036,GT0001505,SRA_M0004925,SRB_M0003954,SRC_M0002341
GM0006037,GT0001505,SRA_M0004926,SRB_M0003955,SRC_M0002342
GM0006038,GT0001505,SRA_M0004927,SRB_M0003956,SRC_M0002343
GM0006039,GT0001506,SRA_M0004928,,SRC_M0002344
GM0006040,GT0001506,SRA_M0004929,,SRC_M0002345
GM0006041,GT0001507,SRA_M0004930,SRB_M0003957,SRC_M0002346
GM0006042,GT0001507,SRA_M0004931,SRB_M0003958,SRC_M0002347
GM0006043,GT0001507,SRA_M0004932,SRB_M0003959,SRC_M0002348
GM0006044,GT0001507,SRA_M0004933,SRB_M0003960,SRC_M0002349
GM0006045,GT0001507,SRA_M0004934,SRB_M0003961,SRC_M0002350
GM0006046,GT0001507,SRA_M0004935,SRB_M0003962,SRC_M0002351
GM0006047,GT0001508,SRA_M0004936,SRB_M0003963,
GM0006048,GT0001508,,SRB_M0003964,
GM0006049,GT0001509,SRA_M0004937,SRB_M0003965,
GM0006050,GT0001509,SRA_M0004938,,
GM0006051,GT0001510,SRA_M0004939,SRB_M0003966,SRC_M0002352
GM0006052,GT0001510,SRA_M0004940,SRB_M0003967,
GM0006053,GT0001510,,SRB_M0003968,
GM0006054,GT0001511,SRA_M0004941,SRB_M0003969,SRC_M0002353
GM0006055,GT0001511,SRA_M0004942,SRB_M0003970,SRC_M0002354
GM0006056,GT0001511,SRA_M0004943,SRB_M0003971,SRC_M0002355
GM0006057,GT0001511,SRA_M0004944,SRB_M0003972,SRC_M0002356
GM0006058,GT0001511,SRA_M0004945,,SRC_M0002357
GM0006059,GT0001512,SRA_M0004946,SRB_M0003973,SRC_M0002358
GM0006060,GT0001512,SRA_M0004947,SRB_M0003974,SRC_M0002359
GM0006061,GT0001512,SRA_M0004948,SRB_M0003975,
GM0006062,GT0001513,SRA_M0004949,SRB_M0003976,
GM0006063,GT0001513,SRA_M0004950,SRB_M0003977,
GM0006064,GT0001514,SRA_M0004951,,SRC_M0002360
GM0006065,GT0001514,SRA_M0004952,,SRC_M0002361
GM0006066,GT0001514,SRA_M0004953,,SRC_M0002362
GM0006067,GT0001514,SRA_M0004954,,SRC_M0002363
GM0006068,GT0001514,SRA_M0004955,,SRC_M0002364
GM0006069,GT0001515,,SRB_M0003978,
GM0006070,GT0001515,SRA_M0004956,SRB_M0003979,
GM0006071,GT0001516,SRA_M0004957,SRB_M0003980,
GM0006072,GT0001516,SRA_M0004958,SRB_M0003981,
GM0006073,GT0001516,SRA_M0004959,SRB_M0003982,
GM0006074,GT0001516,SRA_M0004960,,
GM0006075,GT0001516,,SRB_M0003983,
GM0006076,GT0001516,,SRB_M0003984,
GM0006077,GT0001517,SRA_M0004961,,
GM0006078,GT0001517,SRA_M0004962,,
GM0006079,GT0001517,SRA_M0004963,,
GM0006080,GT0001517,,,
GM0006081,GT0001517,SRA_M0004964,,
GM0006082,GT0001518,SRA_M0004965,SRB_M0003985,
GM0006083,GT0001518,SRA_M0004966,,
GM0006084,GT0001519,SRA_M0004967,,
GM0006085,GT0001519,SRA_M0004968,,
GM0006086,GT0001519,,,
GM0006087,GT0001519,SRA_M0004969,,
GM0006088,GT0001520,,SRB_M0003986,SRC_M0002365
GM0006089,GT0001520,,SRB_M0003987,SRC_M0002366
GM0006090,GT0001520,,,SRC_M0002367
GM0006091,GT0001520,,SRB_M0003988,SRC_M0002368
GM0006092,GT0001520,,,SRC_M0002369
GM0006093,GT0001521,,SRB_M0003989,SRC_M0002370
GM0006094,GT0001521,,,SRC_M0002371
GM0006095,GT0001522,SRA_M0004970,SRB_M0003990,SRC_M0002372
GM0006096,GT0001522,SRA_M0004971,SRB_M0003991,SRC_M0002373
GM0006097,GT0001522,SRA_M0004972,,SRC_M0002374
GM0006098,GT0001522,SRA_M0004973,,SRC_M0002375
GM0006099,GT0001522,SRA_M0004974,SRB_M0003992,SRC_M0002376
GM0006100,GT0001523,,,SRC_M0002377
GM0006101,GT0001523,,SRB_M0003993,SRC_M0002378
GM0006102,GT0001523,,SRB_M0003994,SRC_M0002379
GM0006103,GT0001524,SRA_M0004975,SRB_M0003995,
GM0006104,GT0001524,SRA_M0004976,,
GM0006105,GT0001524,SRA_M0004977,SRB_M0003996,
GM0006106,GT0001524,SRA_M0004978,SRB_M0003997,
GM0006107,GT0001525,,SRB_M0003998,
GM0006108,GT0001525,SRA_M0004979,SRB_M0003999,
GM0006109,GT0001526,SRA_M0004980,SRB_M0004000,
GM0006110,GT0001526,SRA_M0004981,SRB_M0004001,
GM0006111,GT0001526,SRA_M0004982,SRB_M0004002,
GM0006112,GT0001526,SRA_M0004983,SRB_M0004003,
GM0006113,GT0001527,SRA_M0004984,SRB_M0004004,
GM0006114,GT0001527,SRA_M0004985,SRB_M0004005,SRC_M0002380
GM0006115,GT0001527,SRA_M0004986,SRB_M0004006,
GM0006116,GT0001527,SRA_M0004987,,
GM0006117,GT0001527,SRA_M0004988,SRB_M0004007,SRC_M0002381
GM0006118,GT0001528,SRA_M0004989,SRB_M0004008,
GM0006119,GT0001528,SRA_M0004990,SRB_M0004009,
GM0006120,GT0001528,SRA_M0004991,SRB_M0004010,
GM0006121,GT0001528,SRA_M0004992,,
GM0006122,GT0001529,SRA_M0004993,SRB_M0004011,
GM0006123,GT0001529,SRA_M0004994,,
GM0006124,GT0001529,SRA_M0004995,SRB_M0004012,
GM0006125,GT0001529,SRA_M0004996,SRB_M0004013,
GM0006126,GT0001529,SRA_M0004997,SRB_M0004014,
GM0006127,GT0001530,,SRB_M0004015,
GM0006128,GT0001530,SRA_M0004998,SRB_M0004016,
GM0006129,GT0001530,SRA_M0004999,SRB_M0004017,
GM0006130,GT0001530,SRA_M0005000,SRB_M0004018,
GM0006131,GT0001530,SRA_M0005001,,
GM0006132,GT0001531,SRA_M0005002,SRB_M0004019,SRC_M0002382
GM0006133,GT0001531,SRA_M0005003,SRB_M0004020,SRC_M0002383
GM0006134,GT0001531,SRA_M0005004,SRB_M0004021,SRC_M0002384
GM0006135,GT0001531,SRA_M0005005,SRB_M0004022,SRC_M0002385
GM0006136,GT0001531,SRA_M0005006,SRB_M0004023,SRC_M0002386
GM0006137,GT0001532,SRA_M0005007,SRB_M0004024,
GM0006138,GT0001532,SRA_M0005008,,
GM0006139,GT0001532,SRA_M0005009,,
GM0006140,GT0001532,SRA_M0005010,SRB_M0004025,
GM0006141,GT0001533,SRA_M0005011,SRB_M0004026,SRC_M0002387
GM0006142,GT0001533,SRA_M0005012,SRB_M0004027,
GM0006143,GT0001533,SRA_M0005013,,
GM0006144,GT0001533,SRA_M0005014,SRB_M0004028,SRC_M0002388
GM0006145,GT0001533,SRA_M0005015,SRB_M0004029,SRC_M0002389
GM0006146,GT0001533,SRA_M0005016,,
GM0006147,GT0001534,SRA_M0005017,SRB_M0004030,SRC_M0002390
GM0006148,GT0001534,SRA_M0005018,,
GM0006149,GT0001534,SRA_M0005019,SRB_M0004031,SRC_M0002391
GM0006150,GT0001534,,SRB_M0004032,SRC_M0002392
GM0006151,GT0001534,,SRB_M0004033,SRC_M0002393
GM0006152,GT0001535,SRA_M0005020,,
GM0006153,GT0001535,SRA_M0005021,SRB_M0004034,
GM0006154,GT0001535,SRA_M0005022,SRB_M0004035,
GM0006155,GT0001535,SRA_M0005023,SRB_M0004036,SRC_M0002394
GM0006156,GT0001535,SRA_M0005024,SRB_M0004037,
GM0006157,GT0001535,SRA_M0005025,,
GM0006158,GT0001536,SRA_M0005026,SRB_M0004038,
GM0006159,GT0001536,SRA_M0005027,SRB_M0004039,
GM0006160,GT0001536,SRA_M0005028,SRB_M0004040,
GM0006161,GT0001536,SRA_M0005029,,
GM0006162,GT0001536,SRA_M0005030,SRB_M0004041,
GM0006163,GT0001536,SRA_M0005031,SRB_M0004042,
GM0006164,GT0001537,,SRB_M0004043,SRC_M0002395
GM0006165,GT0001537,,SRB_M0004044,SRC_M0002396
GM0006166,GT0001538,SRA_M0005032,SRB_M0004046,
GM0006167,GT0001538,SRA_M0005033,SRB_M0004047,
GM0006168,GT0001538,SRA_M0005034,SRB_M0004048,
GM0006169,GT0001538,SRA_M0005035,SRB_M0004049,
GM0006170,GT0001538,SRA_M0005036,,
GM0006171,GT0001538,SRA_M0005037,SRB_M0004050,
GM0006172,GT0001539,SRA_M0005038,,
GM0006173,GT0001539,SRA_M0005039,,
GM0006174,GT0001539,SRA_M0005040,,
GM0006175,GT0001540,SRA_M0005041,,
GM0006176,GT0001540,SRA_M0005042,,
GM0006177,GT0001541,SRA_M0005043,SRB_M0004051,
GM0006178,GT0001541,SRA_M0005044,SRB_M0004052,
GM0006179,GT0001541,SRA_M0005045,SRB_M0004053,
GM0006180,GT0001542,,SRB_M0004054,
GM0006181,GT0001542,SRA_M0005046,SRB_M0004055,
GM0006182,GT0001542,SRA_M0005047,SRB_M0004056,
GM0006183,GT0001542,SRA_M0005048,SRB_M0004057,
GM0006184,GT0001542,,,
GM0006185,GT0001543,SRA_M0005049,SRB_M0004058,
GM0006186,GT0001543,SRA_M0005050,SRB_M0004059,
GM0006187,GT0001543,,SRB_M0004060,
GM0006188,GT0001543,SRA_M0005051,SRB_M0004061,
GM0006189,GT0001543,SRA_M0005052,,
GM0006190,GT0001543,SRA_M0005053,SRB_M0004062,
GM0006191,GT0001544,,,SRC_M0002397
GM0006192,GT0001544,SRA_M0005054,,SRC_M0002398
GM0006193,GT0001545,SRA_M0005055,SRB_M0004063,
GM0006194,GT0001545,SRA_M0005056,SRB_M0004064,SRC_M0002399
GM0006195,GT0001545,SRA_M0005057,,
GM0006196,GT0001546,SRA_M0005058,SRB_M0004065,SRC_M0002400
GM0006197,GT0001546,SRA_M0005059,SRB_M0004066,
GM0006198,GT0001546,SRA_M0005060,SRB_M0004067,
GM0006199,GT0001546,SRA_M0005061,SRB_M0004068,SRC_M0002401
GM0006200,GT0001546,SRA_M0005062,SRB_M0004069,SRC_M0002402
GM0006201,GT0001546,,,SRC_M0002403
GM0006202,GT0001547,SRA_M0005063,,
GM0006203,GT0001547,,,
GM0006204,GT0001547,SRA_M0005064,,
GM0006205,GT0001548,SRA_M0005065,,
GM0006206,GT0001548,SRA_M0005066,,
GM0006207,GT0001548,SRA_M0005067,,
GM0006208,GT0001548,SRA_M0005068,,
GM0006209,GT0001548,SRA_M0005069,,
GM0006210,GT0001548,SRA_M0005070,,
GM0006211,GT0001549,SRA_M0005071,,SRC_M0002404
GM0006212,GT0001549,SRA_M0005072,,
GM0006213,GT0001549,SRA_M0005073,,SRC_M0002405
GM0006214,GT0001549,SRA_M0005074,,SRC_M0002406
GM0006215,GT0001550,SRA_M0005075,SRB_M0004070,
GM0006216,GT0001550,SRA_M0005076,SRB_M0004071,
GM0006217,GT0001550,SRA_M0005077,,
GM0006218,GT0001550,SRA_M0005078,SRB_M0004072,
GM0006219,GT0001550,SRA_M0005079,SRB_M0004073,
GM0006220,GT0001550,SRA_M0005080,SRB_M0004074,
GM0006221,GT0001551,SRA_M0005081,,SRC_M0002407
GM0006222,GT0001551,SRA_M0005082,,SRC_M0002408
GM0006223,GT0001551,SRA_M0005083,,SRC_M0002409
GM0006224,GT0001551,SRA_M0005084,,SRC_M0002410
GM0006225,GT0001551,SRA_M0005085,,SRC_M0002411
GM0006226,GT0001551,SRA_M0005086,,SRC_M0002412
GM0006227,GT0001552,SRA_M0005087,,SRC_M0002413
GM0006228,GT0001552,SRA_M0005088,,SRC_M0002414
GM0006229,GT0001552,SRA_M0005089,,SRC_M0002415
GM0006230,GT0001552,SRA_M0005090,,SRC_M0002416
GM0006231,GT0001552,SRA_M0005091,,
GM0006232,GT0001552,SRA_M0005092,,SRC_M0002417
GM0006233,GT0001553,SRA_M0005093,SRB_M0004075,
GM0006234,GT0001553,,SRB_M0004076,SRC_M0002418
GM0006235,GT0001554,SRA_M0005094,SRB_M0004077,SRC_M0002419
GM0006236,GT0001554,SRA_M0005095,SRB_M0004078,SRC_M0002420
GM0006237,GT0001554,,SRB_M0004079,SRC_M0002421
GM0006238,GT0001555,SRA_M0005096,SRB_M0004080,
GM0006239,GT0001555,SRA_M0005097,SRB_M0004081,
GM0006240,GT0001555,SRA_M0005098,SRB_M0004082,
GM0006241,GT0001556,SRA_M0005099,,
GM0006242,GT0001556,SRA_M0005100,SRB_M0004083,
GM0006243,GT0001556,SRA_M0005101,SRB_M0004084,
GM0006244,GT0001556,SRA_M0005102,,
GM0006245,GT0001557,SRA_M0005103,,
GM0006246,GT0001557,SRA_M0005104,,
GM0006247,GT0001557,SRA_M0005105,,
GM0006248,GT0001558,SRA_M0005106,SRB_M0004085,
GM0006249,GT0001558,SRA_M0005107,SRB_M0004086,
GM0006250,GT0001558,SRA_M0005108,SRB_M0004087,
GM0006251,GT0001559,SRA_M0005109,SRB_M0004088,SRC_M0002422
GM0006252,GT0001559,SRA_M0005110,SRB_M0004089,SRC_M0002423
GM0006253,GT0001560,SRA_M0005111,SRB_M0004090,
GM0006254,GT0001560,SRA_M0005112,SRB_M0004091,
GM0006255,GT0001560,SRA_M0005113,SRB_M0004092,
GM0006256,GT0001560,SRA_M0005114,,
GM0006257,GT0001560,SRA_M0005115,SRB_M0004093,SRC_M0002424
GM0006258,GT0001561,,SRB_M0004095,
GM0006259,GT0001561,,SRB_M0004096,
GM0006260,GT0001561,,SRB_M0004097,
GM0006261,GT0001561,,SRB_M0004098,
GM0006262,GT0001562,SRA_M0005116,SRB_M0004099,SRC_M0002425
GM0006263,GT0001562,SRA_M0005117,SRB_M0004100,SRC_M0002426
GM0006264,GT0001562,SRA_M0005118,,SRC_M0002427
GM0006265,GT0001562,SRA_M0005119,,SRC_M0002428
GM0006266,GT0001563,SRA_M0005120,SRB_M0004101,
GM0006267,GT0001563,SRA_M0005121,SRB_M0004102,
GM0006268,GT0001563,SRA_M0005122,SRB_M0004103,
GM0006269,GT0001564,SRA_M0005123,SRB_M0004104,SRC_M0002429
GM0006270,GT0001564,SRA_M0005124,SRB_M0004105,SRC_M0002430
GM0006271,GT0001564,SRA_M0005125,SRB_M0004106,
GM0006272,GT0001565,SRA_M0005126,SRB_M0004107,SRC_M0002431
GM0006273,GT0001565,SRA_M0005127,,
GM0006274,GT0001566,SRA_M0005128,,
GM0006275,GT0001566,SRA_M0005129,SRB_M0004108,
GM0006276,GT0001567,SRA_M0005130,SRB_M0004109,SRC_M0002432
GM0006277,GT0001567,SRA_M0005131,SRB_M0004110,
GM0006278,GT0001567,,SRB_M0004111,
GM0006279,GT0001567,SRA_M0005132,SRB_M0004112,SRC_M0002433
GM0006280,GT0001568,SRA_M0005133,,
GM0006281,GT0001568,SRA_M0005134,,SRC_M0002434
GM0006282,GT0001569,SRA_M0005135,,
GM0006283,GT0001569,SRA_M0005136,,
GM0006284,GT0001569,SRA_M0005137,,
GM0006285,GT0001569,SRA_M0005138,,
GM0006286,GT0001569,SRA_M0005139,,
GM0006287,GT0001570,SRA_M0005140,SRB_M0004113,
GM0006288,GT0001570,SRA_M0005141,SRB_M0004114,
GM0006289,GT0001570,SRA_M0005142,SRB_M0004115,
GM0006290,GT0001570,SRA_M0005143,SRB_M0004116,
GM0006291,GT0001570,SRA_M0005144,SRB_M0004117,
GM0006292,GT0001571,SRA_M0005145,,
GM0006293,GT0001571,,,
GM0006294,GT0001571,SRA_M0005146,SRB_M0004118,
GM0006295,GT0001571,SRA_M0005147,,
GM0006296,GT0001572,SRA_M0005148,SRB_M0004119,
GM0006297,GT0001572,SRA_M0005149,,
GM0006298,GT0001572,SRA_M0005150,,
GM0006299,GT0001572,SRA_M0005151,,
GM0006300,GT0001572,,SRB_M0004120,
GM0006301,GT0001573,SRA_M0005152,,SRC_M0002435
GM0006302,GT0001573,SRA_M0005153,SRB_M0004121,SRC_M0002436
GM0006303,GT0001573,SRA_M0005154,SRB_M0004122,SRC_M0002437
GM0006304,GT0001573,SRA_M0005155,SRB_M0004123,SRC_M0002438
GM0006305,GT0001573,SRA_M0005156,SRB_M0004124,SRC_M0002439
GM0006306,GT0001574,SRA_M0005157,,
GM0006307,GT0001574,SRA_M0005158,,
GM0006308,GT0001574,SRA_M0005159,,
GM0006309,GT0001574,SRA_M0005160,SRB_M0004125,
GM0006310,GT0001575,,SRB_M0004126,
GM0006311,GT0001575,,SRB_M0004127,
GM0006312,GT0001575,,SRB_M0004128,
GM0006313,GT0001575,,SRB_M0004129,
GM0006314,GT0001575,,SRB_M0004130,
GM0006315,GT0001575,,SRB_M0004131,
GM0006316,GT0001576,SRA_M0005161,SRB_M0004132,
GM0006317,GT0001576,SRA_M0005162,,SRC_M0002440
GM0006318,GT0001576,SRA_M0005163,SRB_M0004133,SRC_M0002441
GM0006319,GT0001577,,,SRC_M0002442
GM0006320,GT0001577,SRA_M0005164,,
GM0006321,GT0001577,SRA_M0005165,,SRC_M0002443
GM0006322,GT0001577,SRA_M0005166,,SRC_M0002444
GM0006323,GT0001578,SRA_M0005167,SRB_M0004134,SRC_M0002445
GM0006324,GT0001578,SRA_M0005168,SRB_M0004135,
GM0006325,GT0001579,SRA_M0005169,SRB_M0004136,
GM0006326,GT0001579,SRA_M0005170,SRB_M0004137,SRC_M0002446
GM0006327,GT0001579,SRA_M0005171,SRB_M0004138,SRC_M0002447
GM0006328,GT0001579,SRA_M0005172,,SRC_M0002448
GM0006329,GT0001579,SRA_M0005173,SRB_M0004139,SRC_M0002449
GM0006330,GT0001579,SRA_M0005174,SRB_M0004140,SRC_M0002450
GM0006331,GT0001580,SRA_M0005175,SRB_M0004142,
GM0006332,GT0001580,SRA_M0005176,SRB_M0004143,
GM0006333,GT0001580,SRA_M0005177,SRB_M0004144,
GM0006334,GT0001580,SRA_M0005178,SRB_M0004145,
GM0006335,GT0001580,SRA_M0005179,SRB_M0004146,
GM0006336,GT0001581,SRA_M0005180,SRB_M0004147,SRC_M0002451
GM0006337,GT0001581,SRA_M0005181,SRB_M0004148,SRC_M0002452
GM0006338,GT0001581,SRA_M0005182,SRB_M0004149,SRC_M0002453
GM0006339,GT0001581,SRA_M0005183,SRB_M0004150,SRC_M0002454
GM0006340,GT0001581,SRA_M0005184,SRB_M0004151,SRC_M0002455
GM0006341,GT0001581,SRA_M0005185,,SRC_M0002456
GM0006342,GT0001582,SRA_M0005186,,
GM0006343,GT0001582,,,
GM0006344,GT0001582,SRA_M0005187,,
GM0006345,GT0001582,SRA_M0005188,,
GM0006346,GT0001582,SRA_M0005189,,
GM0006347,GT0001582,SRA_M0005190,,
GM0006348,GT0001583,SRA_M0005191,SRB_M0004152,
GM0006349,GT0001583,SRA_M0005192,SRB_M0004153,
GM0006350,GT0001583,SRA_M0005193,SRB_M0004154,
GM0006351,GT0001584,SRA_M0005194,SRB_M0004155,
GM0006352,GT0001584,SRA_M0005195,SRB_M0004156,
GM0006353,GT0001584,SRA_M0005196,SRB_M0004157,
GM0006354,GT0001584,SRA_M0005197,SRB_M0004158,
GM0006355,GT0001584,SRA_M0005198,SRB_M0004159,
GM0006356,GT0001585,,SRB_M0004160,
GM0006357,GT0001585,SRA_M0005199,SRB_M0004161,
GM0006358,GT0001585,SRA_M0005200,SRB_M0004162,
GM0006359,GT0001585,SRA_M0005201,SRB_M0004163,
GM0006360,GT0001585,SRA_M0005202,SRB_M0004164,
GM0006361,GT0001585,SRA_M0005203,,
GM0006362,GT0001586,SRA_M0005204,SRB_M0004165,
GM0006363,GT0001586,SRA_M0005205,SRB_M0004166,
GM0006364,GT0001586,SRA_M0005206,,
GM0006365,GT0001586,,SRB_M0004167,
GM0006366,GT0001586,SRA_M0005207,SRB_M0004168,
GM0006367,GT0001587,SRA_M0005208,,SRC_M0002458
GM0006368,GT0001587,SRA_M0005209,SRB_M0004169,SRC_M0002459
GM0006369,GT0001588,,SRB_M0004170,SRC_M0002460
GM0006370,GT0001588,,SRB_M0004171,SRC_M0002461
GM0006371,GT0001588,,SRB_M0004172,SRC_M0002462
GM0006372,GT0001588,,,SRC_M0002463
GM0006373,GT0001588,,SRB_M0004173,SRC_M0002464
GM0006374,GT0001588,,SRB_M0004174,SRC_M0002465
GM0006375,GT0001589,,,
GM0006376,GT0001589,,SRB_M0004175,
GM0006377,GT0001589,,SRB_M0004176,
GM0006378,GT0001590,SRA_M0005210,,SRC_M0002466
GM0006379,GT0001590,SRA_M0005211,,
GM0006380,GT0001590,SRA_M0005212,,
GM0006381,GT0001590,SRA_M0005213,SRB_M0004177,SRC_M0002467
GM0006382,GT0001590,,SRB_M0004178,SRC_M0002468
GM0006383,GT0001590,,,SRC_M0002469
GM0006384,GT0001591,SRA_M0005214,SRB_M0004179,
GM0006385,GT0001591,SRA_M0005215,SRB_M0004180,
GM0006386,GT0001591,SRA_M0005216,SRB_M0004181,
GM0006387,GT0001591,SRA_M0005217,SRB_M0004182,
GM0006388,GT0001591,SRA_M0005218,SRB_M0004183,
GM0006389,GT0001591,SRA_M0005219,SRB_M0004184,
GM0006390,GT0001592,SRA_M0005220,SRB_M0004185,
GM0006391,GT0001592,SRA_M0005221,,
GM0006392,GT0001592,SRA_M0005222,SRB_M0004186,
GM0006393,GT0001592,SRA_M0005223,SRB_M0004187,
GM0006394,GT0001593,SRA_M0005224,SRB_M0004188,
GM0006395,GT0001593,SRA_M0005225,SRB_M0004189,
GM0006396,GT0001593,SRA_M0005226,SRB_M0004190,
GM0006397,GT0001593,SRA_M0005227,SRB_M0004191,
GM0006398,GT0001594,SRA_M0005228,SRB_M0004193,SRC_M0002470
GM0006399,GT0001594,,SRB_M0004194,SRC_M0002471
GM0006400,GT0001594,SRA_M0005229,SRB_M0004195,SRC_M0002472
GM0006401,GT0001594,SRA_M0005230,SRB_M0004196,SRC_M0002473
GM0006402,GT0001594,,,SRC_M0002474
GM0006403,GT0001595,,SRB_M0004197,
GM0006404,GT0001595,,,
GM0006405,GT0001596,SRA_M0005231,,
GM0006406,GT0001596,SRA_M0005232,,SRC_M0002475
GM0006407,GT0001596,SRA_M0005233,,SRC_M0002476
GM0006408,GT0001596,SRA_M0005234,,SRC_M0002477
GM0006409,GT0001596,SRA_M0005235,,SRC_M0002478
GM0006410,GT0001596,SRA_M0005236,,SRC_M0002479
GM0006411,GT0001597,,,SRC_M0002480
GM0006412,GT0001597,,,
GM0006413,GT0001597,,,SRC_M0002481
GM0006414,GT0001597,,,SRC_M0002482
GM0006415,GT0001597,,,SRC_M0002483
GM0006416,GT0001598,SRA_M0005237,SRB_M0004198,SRC_M0002484
GM0006417,GT0001598,,SRB_M0004199,SRC_M0002485
GM0006418,GT0001599,SRA_M0005238,SRB_M0004200,SRC_M0002486
GM0006419,GT0001599,,SRB_M0004201,SRC_M0002487
GM0006420,GT0001599,SRA_M0005239,SRB_M0004202,SRC_M0002488
GM0006421,GT0001599,SRA_M0005240,SRB_M0004203,
GM0006422,GT0001599,SRA_M0005241,SRB_M0004204,SRC_M0002489
GM0006423,GT0001600,SRA_M0005242,,
GM0006424,GT0001600,SRA_M0005243,SRB_M0004205,
GM0006425,GT0001600,SRA_M0005244,SRB_M0004206,
GM0006426,GT0001600,SRA_M0005245,SRB_M0004207,
GM0006427,GT0001601,,,
GM0006428,GT0001601,SRA_M0005246,,SRC_M0002490
GM0006429,GT0001601,SRA_M0005247,,
GM0006430,GT0001601,,,SRC_M0002491
GM0006431,GT0001602,SRA_M0005248,SRB_M0004208,SRC_M0002492
GM0006432,GT0001602,,SRB_M0004209,SRC_M0002493
GM0006433,GT0001602,SRA_M0005249,,SRC_M0002494
GM0006434,GT0001603,SRA_M0005250,SRB_M0004210,SRC_M0002495
GM0006435,GT0001603,SRA_M0005251,SRB_M0004211,SRC_M0002496
GM0006436,GT0001603,SRA_M0005252,SRB_M0004212,SRC_M0002497
GM0006437,GT0001603,SRA_M0005253,SRB_M0004213,SRC_M0002498
GM0006438,GT0001604,SRA_M0005254,,SRC_M0002499
GM0006439,GT0001604,,,
GM0006440,GT0001604,SRA_M0005255,,SRC_M0002500
GM0006441,GT0001605,SRA_M0005256,SRB_M0004214,
GM0006442,GT0001605,SRA_M0005257,SRB_M0004215,
GM0006443,GT0001605,SRA_M0005258,SRB_M0004216,
GM0006444,GT0001605,,SRB_M0004217,
GM0006445,GT0001605,SRA_M0005259,SRB_M0004218,
GM0006446,GT0001605,SRA_M0005260,SRB_M0004219,
GM0006447,GT0001606,SRA_M0005261,SRB_M0004220,SRC_M0002501
GM0006448,GT0001606,SRA_M0005262,SRB_M0004221,SRC_M0002502
GM0006449,GT0001606,SRA_M0005263,SRB_M0004222,SRC_M0002503
GM0006450,GT0001607,SRA_M0005264,,SRC_M0002504
GM0006451,GT0001607,SRA_M0005265,,
GM0006452,GT0001607,SRA_M0005266,,
GM0006453,GT0001607,SRA_M0005267,,SRC_M0002505
GM0006454,GT0001608,SRA_M0005268,,
GM0006455,GT0001608,SRA_M0005269,,
GM0006456,GT0001608,SRA_M0005270,,
GM0006457,GT0001608,SRA_M0005271,,
GM0006458,GT0001608,SRA_M0005272,,
GM0006459,GT0001609,SRA_M0005273,,
GM0006460,GT0001609,SRA_M0005274,,SRC_M0002506
GM0006461,GT0001609,SRA_M0005275,,
GM0006462,GT0001609,SRA_M0005276,,SRC_M0002507
GM0006463,GT0001609,SRA_M0005277,,SRC_M0002508
GM0006464,GT0001609,SRA_M0005278,,SRC_M0002509
GM0006465,GT0001610,SRA_M0005279,,
GM0006466,GT0001610,SRA_M0005280,SRB_M0004223,
GM0006467,GT0001610,SRA_M0005281,SRB_M0004224,SRC_M0002510
GM0006468,GT0001610,SRA_M0005282,SRB_M0004225,SRC_M0002511
GM0006469,GT0001610,SRA_M0005283,SRB_M0004226,SRC_M0002512
GM0006470,GT0001611,SRA_M0005284,SRB_M0004227,
GM0006471,GT0001611,SRA_M0005285,SRB_M0004228,SRC_M0002513
GM0006472,GT0001611,,,SRC_M0002514
GM0006473,GT0001611,SRA_M0005286,SRB_M0004229,
GM0006474,GT0001611,SRA_M0005287,SRB_M0004230,SRC_M0002515
GM0006475,GT0001611,SRA_M0005288,SRB_M0004231,
GM0006476,GT0001612,SRA_M0005289,SRB_M0004232,
GM0006477,GT0001612,SRA_M0005290,SRB_M0004233,
GM0006478,GT0001612,SRA_M0005291,SRB_M0004234,SRC_M0002517
GM0006479,GT0001612,SRA_M0005292,SRB_M0004235,SRC_M0002518
GM0006480,GT0001612,SRA_M0005293,SRB_M0004236,SRC_M0002519
GM0006481,GT0001613,SRA_M0005294,SRB_M0004237,SRC_M0002520
GM0006482,GT0001613,SRA_M0005295,SRB_M0004238,
GM0006483,GT0001613,SRA_M0005296,SRB_M0004239,SRC_M0002521
GM0006484,GT0001613,SRA_M0005297,SRB_M0004240,
GM0006485,GT0001613,SRA_M0005298,SRB_M0004241,
GM0006486,GT0001614,SRA_M0005299,,
GM0006487,GT0001614,SRA_M0005300,,
GM0006488,GT0001615,SRA_M0005301,SRB_M0004242,
GM0006489,GT0001615,SRA_M0005302,SRB_M0004243,SRC_M0002522
GM0006490,GT0001615,SRA_M0005303,SRB_M0004244,
GM0006491,GT0001615,SRA_M0005304,SRB_M0004245,
GM0006492,GT0001615,SRA_M0005305,SRB_M0004246,
GM0006493,GT0001616,SRA_M0005306,SRB_M0004247,
GM0006494,GT0001616,SRA_M0005307,SRB_M0004248,
GM0006495,GT0001616,SRA_M0005308,SRB_M0004249,
GM0006496,GT0001617,SRA_M0005309,,SRC_M0002523
GM0006497,GT0001617,SRA_M0005310,,SRC_M0002524
GM0006498,GT0001618,SRA_M0005311,SRB_M0004250,
GM0006499,GT0001618,SRA_M0005312,SRB_M0004251,SRC_M0002525
GM0006500,GT0001618,SRA_M0005313,SRB_M0004252,SRC_M0002526
GM0006501,GT0001618,SRA_M0005314,SRB_M0004253,SRC_M0002527
GM0006502,GT0001619,SRA_M0005315,,
GM0006503,GT0001619,SRA_M0005316,,
GM0006504,GT0001619,SRA_M0005317,,
GM0006505,GT0001620,SRA_M0005318,SRB_M0004254,
GM0006506,GT0001620,SRA_M0005319,SRB_M0004255,SRC_M0002528
GM0006507,GT0001620,SRA_M0005320,SRB_M0004256,
GM0006508,GT0001620,SRA_M0005321,,SRC_M0002529
GM0006509,GT0001620,SRA_M0005322,SRB_M0004257,
GM0006510,GT0001620,,SRB_M0004258,SRC_M0002530
GM0006511,GT0001621,SRA_M0005323,SRB_M0004259,
GM0006512,GT0001621,SRA_M0005324,SRB_M0004260,SRC_M0002531
GM0006513,GT0001622,,,SRC_M0002532
GM0006514,GT0001622,SRA_M0005325,SRB_M0004261,SRC_M0002533
GM0006515,GT0001622,,SRB_M0004262,
GM0006516,GT0001622,SRA_M0005326,SRB_M0004263,
GM0006517,GT0001622,SRA_M0005327,SRB_M0004264,SRC_M0002534
GM0006518,GT0001622,SRA_M0005328,,SRC_M0002535
GM0006519,GT0001623,,,SRC_M0002536
GM0006520,GT0001623,SRA_M0005329,,SRC_M0002537
GM0006521,GT0001624,SRA_M0005330,SRB_M0004265,
GM0006522,GT0001624,SRA_M0005331,SRB_M0004266,
GM0006523,GT0001624,SRA_M0005332,,SRC_M0002538
GM0006524,GT0001624,SRA_M0005333,SRB_M0004267,SRC_M0002539
GM0006525,GT0001624,SRA_M0005334,,SRC_M0002540
GM0006526,GT0001624,SRA_M0005335,SRB_M0004268,
GM0006527,GT0001625,SRA_M0005336,,
GM0006528,GT0001625,,SRB_M0004269,
GM0006529,GT0001625,SRA_M0005337,,
GM0006530,GT0001625,SRA_M0005338,SRB_M0004270,
GM0006531,GT0001626,SRA_M0005339,SRB_M0004271,
GM0006532,GT0001626,SRA_M0005340,,
GM0006533,GT0001626,SRA_M0005341,SRB_M0004272,
GM0006534,GT0001626,SRA_M0005342,SRB_M0004273,
GM0006535,GT0001626,,,
GM0006536,GT0001627,SRA_M0005343,SRB_M0004274,
GM0006537,GT0001627,SRA_M0005344,SRB_M0004275,SRC_M0002541
GM0006538,GT0001628,SRA_M0005345,,SRC_M0002542
GM0006539,GT0001628,SRA_M0005346,,
GM0006540,GT0001629,SRA_M0005347,,
GM0006541,GT0001629,SRA_M0005348,,SRC_M0002543
GM0006542,GT0001629,SRA_M0005349,,SRC_M0002544
GM0006543,GT0001629,SRA_M0005350,,SRC_M0002545
GM0006544,GT0001629,SRA_M0005351,,SRC_M0002546
GM0006545,GT0001629,SRA_M0005352,,SRC_M0002547
GM0006546,GT0001630,,SRB_M0004276,SRC_M0002548
GM0006547,GT0001630,,,SRC_M0002549
GM0006548,GT0001630,,SRB_M0004277,SRC_M0002550
GM0006549,GT0001631,SRA_M0005353,SRB_M0004278,SRC_M0002551
GM0006550,GT0001631,SRA_M0005354,SRB_M0004279,
GM0006551,GT0001631,SRA_M0005355,SRB_M0004280,
GM0006552,GT0001632,,SRB_M0004281,
GM0006553,GT0001632,SRA_M0005356,SRB_M0004282,
GM0006554,GT0001632,SRA_M0005357,,
GM0006555,GT0001632,SRA_M0005358,SRB_M0004283,
GM0006556,GT0001632,SRA_M0005359,,
GM0006557,GT0001633,,SRB_M0004284,SRC_M0002552
GM0006558,GT0001633,SRA_M0005360,,SRC_M0002553
GM0006559,GT0001633,SRA_M0005361,SRB_M0004285,SRC_M0002554
GM0006560,GT0001633,,,SRC_M0002555
GM0006561,GT0001634,SRA_M0005362,,SRC_M0002556
GM0006562,GT0001634,SRA_M0005363,,SRC_M0002557
GM0006563,GT0001634,SRA_M0005364,,SRC_M0002558
GM0006564,GT0001634,SRA_M0005365,,SRC_M0002559
GM0006565,GT0001634,SRA_M0005366,,SRC_M0002560
GM0006566,GT0001635,,SRB_M0004286,
GM0006567,GT0001635,,,SRC_M0002561
GM0006568,GT0001635,,,
GM0006569,GT0001636,SRA_M0005367,SRB_M0004288,
GM0006570,GT0001636,SRA_M0005368,SRB_M0004289,
GM0006571,GT0001636,SRA_M0005369,SRB_M0004290,
GM0006572,GT0001636,SRA_M0005370,SRB_M0004291,
GM0006573,GT0001637,SRA_M0005371,,
GM0006574,GT0001637,SRA_M0005372,,
GM0006575,GT0001637,SRA_M0005373,,
GM0006576,GT0001637,SRA_M0005374,,
GM0006577,GT0001637,,,
GM0006578,GT0001637,SRA_M0005375,,
GM0006579,GT0001638,SRA_M0005376,,
GM0006580,GT0001638,SRA_M0005377,,
GM0006581,GT0001638,SRA_M0005378,,
GM0006582,GT0001638,SRA_M0005379,,
GM0006583,GT0001638,SRA_M0005380,,
GM0006584,GT0001638,SRA_M0005381,,
GM0006585,GT0001639,SRA_M0005382,SRB_M0004292,
GM0006586,GT0001639,SRA_M0005383,SRB_M0004293,
GM0006587,GT0001639,,,
GM0006588,GT0001639,,SRB_M0004294,
GM0006589,GT0001639,SRA_M0005384,SRB_M0004295,
GM0006590,GT0001639,SRA_M0005385,SRB_M0004296,
GM0006591,GT0001640,SRA_M0005386,SRB_M0004297,
GM0006592,GT0001640,SRA_M0005387,SRB_M0004298,
GM0006593,GT0001641,SRA_M0005388,,SRC_M0002562
GM0006594,GT0001641,SRA_M0005389,SRB_M0004299,SRC_M0002563
GM0006595,GT0001641,SRA_M0005390,SRB_M0004300,
GM0006596,GT0001642,SRA_M0005391,,
GM0006597,GT0001642,SRA_M0005392,SRB_M0004301,SRC_M0002564
GM0006598,GT0001643,SRA_M0005393,SRB_M0004302,
GM0006599,GT0001643,SRA_M0005394,SRB_M0004303,
GM0006600,GT0001643,SRA_M0005395,SRB_M0004304,
GM0006601,GT0001643,SRA_M0005396,SRB_M0004305,
GM0006602,GT0001644,,SRB_M0004306,
GM0006603,GT0001644,,SRB_M0004307,SRC_M0002565
GM0006604,GT0001644,,SRB_M0004308,SRC_M0002566
GM0006605,GT0001644,,SRB_M0004309,SRC_M0002567
GM0006606,GT0001645,SRA_M0005397,SRB_M0004310,
GM0006607,GT0001645,SRA_M0005398,SRB_M0004311,
GM0006608,GT0001645,SRA_M0005399,SRB_M0004312,
GM0006609,GT0001645,SRA_M0005400,SRB_M0004313,
GM0006610,GT0001646,SRA_M0005401,SRB_M0004314,SRC_M0002568
GM0006611,GT0001646,SRA_M0005402,SRB_M0004315,SRC_M0002569
GM0006612,GT0001646,SRA_M0005403,SRB_M0004316,SRC_M0002570
GM0006613,GT0001646,SRA_M0005404,SRB_M0004317,SRC_M0002571
GM0006614,GT0001646,SRA_M0005405,SRB_M0004318,SRC_M0002572
GM0006615,GT0001646,SRA_M0005406,SRB_M0004319,SRC_M0002573
GM0006616,GT0001647,SRA_M0005407,SRB_M0004320,SRC_M0002574
GM0006617,GT0001647,SRA_M0005408,SRB_M0004321,SRC_M0002575
GM0006618,GT0001648,SRA_M0005409,SRB_M0004322,
GM0006619,GT0001648,SRA_M0005410,SRB_M0004323,SRC_M0002576
GM0006620,GT0001648,SRA_M0005411,SRB_M0004324,SRC_M0002577
GM0006621,GT0001649,SRA_M0005412,SRB_M0004325,
GM0006622,GT0001649,SRA_M0005413,SRB_M0004326,
GM0006623,GT0001649,SRA_M0005414,SRB_M0004327,
GM0006624,GT0001650,,SRB_M0004328,
GM0006625,GT0001650,,SRB_M0004329,
GM0006626,GT0001650,,SRB_M0004330,
GM0006627,GT0001651,SRA_M0005415,,
GM0006628,GT0001651,SRA_M0005416,,
GM0006629,GT0001651,SRA_M0005417,,
GM0006630,GT0001652,SRA_M0005418,,
GM0006631,GT0001652,SRA_M0005419,SRB_M0004331,
GM0006632,GT0001652,SRA_M0005420,,
GM0006633,GT0001652,SRA_M0005421,,
GM0006634,GT0001653,SRA_M0005422,SRB_M0004332,SRC_M0002578
GM0006635,GT0001653,SRA_M0005423,SRB_M0004333,SRC_M0002579
GM0006636,GT0001653,SRA_M0005424,SRB_M0004334,SRC_M0002580
GM0006637,GT0001653,SRA_M0005425,SRB_M0004335,
GM0006638,GT0001653,SRA_M0005426,SRB_M0004336,SRC_M0002581
GM0006639,GT0001654,SRA_M0005427,,SRC_M0002582
GM0006640,GT0001654,SRA_M0005428,,
GM0006641,GT0001654,SRA_M0005429,,
GM0006642,GT0001655,SRA_M0005430,,
GM0006643,GT0001655,SRA_M0005431,,
GM0006644,GT0001656,SRA_M0005432,SRB_M0004337,
GM0006645,GT0001656,SRA_M0005433,SRB_M0004338,
GM0006646,GT0001656,SRA_M0005434,SRB_M0004339,
GM0006647,GT0001656,SRA_M0005435,,
GM0006648,GT0001657,SRA_M0005436,,SRC_M0002583
GM0006649,GT0001657,SRA_M0005437,,
GM0006650,GT0001657,SRA_M0005438,,
GM0006651,GT0001658,SRA_M0005439,SRB_M0004340,
GM0006652,GT0001658,SRA_M0005440,SRB_M0004341,SRC_M0002584
GM0006653,GT0001658,SRA_M0005441,,SRC_M0002585
GM0006654,GT0001658,SRA_M0005442,SRB_M0004342,SRC_M0002586
GM0006655,GT0001658,SRA_M0005443,SRB_M0004343,SRC_M0002587
GM0006656,GT0001659,SRA_M0005444,,SRC_M0002588
GM0006657,GT0001659,,,SRC_M0002589
GM0006658,GT0001659,,,SRC_M0002590
GM0006659,GT0001659,SRA_M0005445,,
GM0006660,GT0001659,SRA_M0005446,,SRC_M0002591
GM0006661,GT0001659,SRA_M0005447,,SRC_M0002592
GM0006662,GT0001660,,SRB_M0004344,
GM0006663,GT0001660,,,
GM0006664,GT0001660,,SRB_M0004345,
GM0006665,GT0001661,SRA_M0005448,,
GM0006666,GT0001661,SRA_M0005449,,SRC_M0002593
GM0006667,GT0001661,SRA_M0005450,,SRC_M0002594
GM0006668,GT0001662,SRA_M0005451,,SRC_M0002595
GM0006669,GT0001662,SRA_M0005452,SRB_M0004346,
GM0006670,GT0001662,SRA_M0005453,,SRC_M0002596
GM0006671,GT0001662,SRA_M0005454,SRB_M0004347,
GM0006672,GT0001663,SRA_M0005455,SRB_M0004348,SRC_M0002597
GM0006673,GT0001663,SRA_M0005456,SRB_M0004349,
GM0006674,GT0001663,SRA_M0005457,SRB_M0004350,SRC_M0002598
GM0006675,GT0001664,SRA_M0005458,SRB_M0004351,SRC_M0002600
GM0006676,GT0001664,SRA_M0005459,,SRC_M0002601
GM0006677,GT0001665,SRA_M0005460,SRB_M0004352,
GM0006678,GT0001665,SRA_M0005461,,
GM0006679,GT0001665,SRA_M0005462,SRB_M0004353,
GM0006680,GT0001665,SRA_M0005463,,
GM0006681,GT0001665,SRA_M0005464,SRB_M0004354,
GM0006682,GT0001665,SRA_M0005465,SRB_M0004355,
GM0006683,GT0001666,SRA_M0005466,SRB_M0004356,
GM0006684,GT0001666,SRA_M0005467,SRB_M0004357,
GM0006685,GT0001666,SRA_M0005468,SRB_M0004358,
GM0006686,GT0001667,SRA_M0005469,SRB_M0004359,SRC_M0002602
GM0006687,GT0001667,SRA_M0005470,,SRC_M0002603
GM0006688,GT0001667,SRA_M0005471,,SRC_M0002604
GM0006689,GT0001667,SRA_M0005472,,SRC_M0002605
GM0006690,GT0001667,SRA_M0005473,SRB_M0004360,
GM0006691,GT0001667,,SRB_M0004361,SRC_M0002606
GM0006692,GT0001668,SRA_M0005474,,
GM0006693,GT0001668,SRA_M0005475,SRB_M0004362,
GM0006694,GT0001668,SRA_M0005476,SRB_M0004363,
GM0006695,GT0001668,SRA_M0005477,,
GM0006696,GT0001668,SRA_M0005478,SRB_M0004364,
GM0006697,GT0001669,SRA_M0005479,,SRC_M0002607
GM0006698,GT0001669,SRA_M0005480,SRB_M0004365,
GM0006699,GT0001669,SRA_M0005481,SRB_M0004366,SRC_M0002608
GM0006700,GT0001670,SRA_M0005482,SRB_M0004367,SRC_M0002609
GM0006701,GT0001670,SRA_M0005483,,SRC_M0002610
GM0006702,GT0001670,SRA_M0005484,SRB_M0004368,SRC_M0002611
GM0006703,GT0001670,SRA_M0005485,SRB_M0004369,
GM0006704,GT0001670,SRA_M0005486,SRB_M0004370,
GM0006705,GT0001671,SRA_M0005487,,SRC_M0002612
GM0006706,GT0001671,SRA_M0005488,,SRC_M0002613
GM0006707,GT0001671,,,SRC_M0002614
GM0006708,GT0001671,SRA_M0005489,,SRC_M0002615
GM0006709,GT0001672,SRA_M0005490,SRB_M0004371,
GM0006710,GT0001672,SRA_M0005491,SRB_M0004372,
GM0006711,GT0001672,SRA_M0005492,SRB_M0004373,
GM0006712,GT0001672,SRA_M0005493,,
GM0006713,GT0001673,SRA_M0005494,,SRC_M0002616
GM0006714,GT0001673,SRA_M0005495,,
GM0006715,GT0001673,,,SRC_M0002617
GM0006716,GT0001673,SRA_M0005496,,SRC_M0002618
GM0006717,GT0001673,SRA_M0005497,,SRC_M0002619
GM0006718,GT0001673,SRA_M0005498,,SRC_M0002620
GM0006719,GT0001674,SRA_M0005499,SRB_M0004374,
GM0006720,GT0001674,SRA_M0005500,SRB_M0004375,
GM0006721,GT0001674,SRA_M0005501,SRB_M0004376,
GM0006722,GT0001674,SRA_M0005502,SRB_M0004377,
GM0006723,GT0001674,,,
GM0006724,GT0001675,,SRB_M0004378,
GM0006725,GT0001675,,SRB_M0004379,
GM0006726,GT0001675,,SRB_M0004380,
GM0006727,GT0001675,,SRB_M0004381,
GM0006728,GT0001675,,,
GM0006729,GT0001676,,SRB_M0004382,
GM0006730,GT0001676,SRA_M0005503,,
GM0006731,GT0001676,,,
GM0006732,GT0001676,SRA_M0005504,SRB_M0004383,
GM0006733,GT0001676,SRA_M0005505,SRB_M0004384,
GM0006734,GT0001676,SRA_M0005506,SRB_M0004385,
GM0006735,GT0001677,SRA_M0005507,SRB_M0004386,
GM0006736,GT0001677,SRA_M0005508,SRB_M0004387,SRC_M0002621
GM0006737,GT0001677,SRA_M0005509,SRB_M0004388,SRC_M0002622
GM0006738,GT0001677,SRA_M0005510,,SRC_M0002623
GM0006739,GT0001678,SRA_M0005511,SRB_M0004389,SRC_M0002624
GM0006740,GT0001678,,,SRC_M0002625
GM0006741,GT0001678,SRA_M0005512,SRB_M0004390,SRC_M0002626
GM0006742,GT0001679,SRA_M0005513,,SRC_M0002627
GM0006743,GT0001679,SRA_M0005514,,SRC_M0002628
GM0006744,GT0001679,SRA_M0005515,SRB_M0004391,SRC_M0002629
GM0006745,GT0001679,SRA_M0005516,,SRC_M0002630
GM0006746,GT0001680,SRA_M0005517,,
GM0006747,GT0001680,SRA_M0005518,,
GM0006748,GT0001680,SRA_M0005519,,
GM0006749,GT0001680,SRA_M0005520,,
GM0006750,GT0001680,SRA_M0005521,,
GM0006751,GT0001681,,,
GM0006752,GT0001681,SRA_M0005522,,SRC_M0002631
GM0006753,GT0001681,SRA_M0005523,,SRC_M0002632
GM0006754,GT0001682,SRA_M0005524,SRB_M0004392,
GM0006755,GT0001682,SRA_M0005525,SRB_M0004393,
GM0006756,GT0001682,SRA_M0005526,SRB_M0004394,
GM0006757,GT0001683,SRA_M0005527,SRB_M0004395,
GM0006758,GT0001683,,SRB_M0004396,
GM0006759,GT0001683,SRA_M0005528,,
GM0006760,GT0001683,SRA_M0005529,SRB_M0004397,
GM0006761,GT0001683,SRA_M0005530,SRB_M0004398,
GM0006762,GT0001684,SRA_M0005531,,
GM0006763,GT0001684,SRA_M0005532,SRB_M0004399,
GM0006764,GT0001684,SRA_M0005533,,
GM0006765,GT0001684,SRA_M0005534,SRB_M0004400,
GM0006766,GT0001685,SRA_M0005535,SRB_M0004401,
GM0006767,GT0001685,SRA_M0005536,,
GM0006768,GT0001685,SRA_M0005537,SRB_M0004402,
GM0006769,GT0001685,SRA_M0005538,,
GM0006770,GT0001686,SRA_M0005539,,SRC_M0002633
GM0006771,GT0001686,,,SRC_M0002634
GM0006772,GT0001686,SRA_M0005540,,
GM0006773,GT0001687,SRA_M0005541,,
GM0006774,GT0001687,SRA_M0005542,,
GM0006775,GT0001687,,,SRC_M0002635
GM0006776,GT0001687,SRA_M0005543,,SRC_M0002636
GM0006777,GT0001687,SRA_M0005544,,SRC_M0002637
GM0006778,GT0001687,SRA_M0005545,,SRC_M0002638
GM0006779,GT0001688,,SRB_M0004403,
GM0006780,GT0001688,,SRB_M0004404,
GM0006781,GT0001688,,SRB_M0004405,
GM0006782,GT0001688,,SRB_M0004406,SRC_M0002639
GM0006783,GT0001688,,SRB_M0004407,SRC_M0002640
GM0006784,GT0001688,,SRB_M0004408,SRC_M0002641
GM0006785,GT0001689,SRA_M0005546,SRB_M0004409,
GM0006786,GT0001689,SRA_M0005547,SRB_M0004410,
GM0006787,GT0001689,SRA_M0005548,SRB_M0004411,
GM0006788,GT0001689,SRA_M0005549,SRB_M0004412,
GM0006789,GT0001689,,SRB_M0004413,
GM0006790,GT0001690,SRA_M0005550,SRB_M0004414,SRC_M0002642
GM0006791,GT0001690,SRA_M0005551,SRB_M0004415,SRC_M0002643
GM0006792,GT0001690,SRA_M0005552,SRB_M0004416,SRC_M0002644
GM0006793,GT0001690,SRA_M0005553,SRB_M0004417,SRC_M0002645
GM0006794,GT0001690,SRA_M0005554,SRB_M0004418,SRC_M0002646
GM0006795,GT0001690,,SRB_M0004419,
GM0006796,GT0001691,SRA_M0005555,,SRC_M0002647
GM0006797,GT0001691,SRA_M0005556,,SRC_M0002648
GM0006798,GT0001692,,SRB_M0004420,
GM0006799,GT0001692,,SRB_M0004421,
GM0006800,GT0001692,,,
GM0006801,GT0001692,,SRB_M0004422,
GM0006802,GT0001693,SRA_M0005557,,SRC_M0002649
GM0006803,GT0001693,SRA_M0005558,,
GM0006804,GT0001693,SRA_M0005559,,SRC_M0002650
GM0006805,GT0001694,SRA_M0005560,SRB_M0004424,SRC_M0002651
GM0006806,GT0001694,SRA_M0005561,SRB_M0004425,SRC_M0002652
GM0006807,GT0001694,SRA_M0005562,SRB_M0004426,
GM0006808,GT0001694,SRA_M0005563,SRB_M0004427,SRC_M0002653
GM0006809,GT0001694,SRA_M0005564,SRB_M0004428,SRC_M0002654
GM0006810,GT0001695,SRA_M0005566,SRB_M0004429,
GM0006811,GT0001695,SRA_M0005567,,
GM0006812,GT0001695,SRA_M0005568,SRB_M0004430,
GM0006813,GT0001695,SRA_M0005569,,
GM0006814,GT0001695,SRA_M0005570,SRB_M0004431,
GM0006815,GT0001695,SRA_M0005571,SRB_M0004432,
GM0006816,GT0001696,,SRB_M0004433,
GM0006817,GT0001696,,SRB_M0004434,
GM0006818,GT0001696,SRA_M0005572,SRB_M0004435,
GM0006819,GT0001696,SRA_M0005573,,
GM0006820,GT0001696,,SRB_M0004436,
GM0006821,GT0001697,SRA_M0005574,SRB_M0004438,
GM0006822,GT0001697,SRA_M0005575,SRB_M0004439,
GM0006823,GT0001697,SRA_M0005576,,
GM0006824,GT0001697,SRA_M0005577,SRB_M0004440,
GM0006825,GT0001697,SRA_M0005578,SRB_M0004441,
GM0006826,GT0001698,SRA_M0005579,SRB_M0004442,
GM0006827,GT0001698,,SRB_M0004443,SRC_M0002655
GM0006828,GT0001698,SRA_M0005580,SRB_M0004444,
GM0006829,GT0001699,SRA_M0005581,SRB_M0004445,SRC_M0002656
GM0006830,GT0001699,SRA_M0005582,SRB_M0004446,
GM0006831,GT0001699,,SRB_M0004447,SRC_M0002657
GM0006832,GT0001699,SRA_M0005583,SRB_M0004448,SRC_M0002658
GM0006833,GT0001700,SRA_M0005584,,
GM0006834,GT0001700,SRA_M0005585,,
GM0006835,GT0001700,SRA_M0005586,SRB_M0004450,
GM0006836,GT0001700,SRA_M0005587,,
GM0006837,GT0001700,SRA_M0005588,,
GM0006838,GT0001701,SRA_M0005589,SRB_M0004451,SRC_M0002659
GM0006839,GT0001701,SRA_M0005590,SRB_M0004452,
GM0006840,GT0001701,SRA_M0005591,SRB_M0004453,SRC_M0002660
GM0006841,GT0001701,SRA_M0005592,SRB_M0004454,SRC_M0002661
GM0006842,GT0001702,SRA_M0005593,SRB_M0004455,SRC_M0002662
GM0006843,GT0001702,SRA_M0005594,SRB_M0004456,SRC_M0002663
GM0006844,GT0001702,SRA_M0005595,SRB_M0004457,SRC_M0002664
GM0006845,GT0001702,SRA_M0005596,SRB_M0004458,SRC_M0002665
GM0006846,GT0001702,SRA_M0005597,SRB_M0004459,
GM0006847,GT0001703,,,
GM0006848,GT0001703,,SRB_M0004460,
GM0006849,GT0001704,SRA_M0005598,SRB_M0004461,
GM0006850,GT0001704,SRA_M0005599,SRB_M0004462,
GM0006851,GT0001704,,SRB_M0004463,
GM0006852,GT0001704,,,
GM0006853,GT0001704,SRA_M0005600,SRB_M0004464,
GM0006854,GT0001705,SRA_M0005601,SRB_M0004465,
GM0006855,GT0001705,SRA_M0005602,SRB_M0004466,SRC_M0002666
GM0006856,GT0001705,SRA_M0005603,SRB_M0004467,SRC_M0002667
GM0006857,GT0001706,SRA_M0005604,,SRC_M0002668
GM0006858,GT0001706,SRA_M0005605,SRB_M0004468,
GM0006859,GT0001706,SRA_M0005606,,SRC_M0002669
GM0006860,GT0001706,SRA_M0005607,SRB_M0004469,SRC_M0002670
GM0006861,GT0001707,SRA_M0005608,SRB_M0004470,SRC_M0002671
GM0006862,GT0001707,SRA_M0005609,,SRC_M0002672
GM0006863,GT0001707,SRA_M0005610,,SRC_M0002673
GM0006864,GT0001707,SRA_M0005611,SRB_M0004471,SRC_M0002674
GM0006865,GT0001708,SRA_M0005612,,
GM0006866,GT0001708,SRA_M0005613,,
GM0006867,GT0001708,SRA_M0005614,,
GM0006868,GT0001708,SRA_M0005615,,
GM0006869,GT0001708,SRA_M0005616,,
GM0006870,GT0001708,SRA_M0005617,,
GM0006871,GT0001709,SRA_M0005618,SRB_M0004472,
GM0006872,GT0001709,SRA_M0005619,SRB_M0004473,
GM0006873,GT0001709,SRA_M0005620,SRB_M0004474,
GM0006874,GT0001709,SRA_M0005621,SRB_M0004475,
GM0006875,GT0001710,,SRB_M0004476,
GM0006876,GT0001710,SRA_M0005622,SRB_M0004477,
GM0006877,GT0001710,SRA_M0005623,SRB_M0004478,
GM0006878,GT0001710,SRA_M0005624,SRB_M0004479,
GM0006879,GT0001711,SRA_M0005625,SRB_M0004480,
GM0006880,GT0001711,SRA_M0005626,SRB_M0004481,
GM0006881,GT0001711,,SRB_M0004482,
GM0006882,GT0001711,SRA_M0005627,SRB_M0004483,
GM0006883,GT0001712,SRA_M0005628,SRB_M0004484,SRC_M0002675
GM0006884,GT0001712,SRA_M0005629,SRB_M0004485,SRC_M0002676
GM0006885,GT0001712,SRA_M0005630,SRB_M0004486,SRC_M0002677
GM0006886,GT0001712,SRA_M0005631,SRB_M0004487,SRC_M0002678
GM0006887,GT0001712,SRA_M0005632,SRB_M0004488,SRC_M0002679
GM0006888,GT0001712,,SRB_M0004489,SRC_M0002680
GM0006889,GT0001713,SRA_M0005633,SRB_M0004490,
GM0006890,GT0001713,SRA_M0005634,SRB_M0004491,
GM0006891,GT0001713,SRA_M0005635,SRB_M0004492,
GM0006892,GT0001713,SRA_M0005636,SRB_M0004493,
GM0006893,GT0001713,SRA_M0005637,SRB_M0004494,
GM0006894,GT0001713,SRA_M0005638,SRB_M0004495,
GM0006895,GT0001714,SRA_M0005639,SRB_M0004496,SRC_M0002681
GM0006896,GT0001714,SRA_M0005640,SRB_M0004497,SRC_M0002682
GM0006897,GT0001715,SRA_M0005641,SRB_M0004499,
GM0006898,GT0001715,SRA_M0005642,SRB_M0004500,
GM0006899,GT0001715,SRA_M0005643,SRB_M0004501,
GM0006900,GT0001715,SRA_M0005644,,
GM0006901,GT0001715,SRA_M0005645,SRB_M0004502,
GM0006902,GT0001716,SRA_M0005646,SRB_M0004503,
GM0006903,GT0001716,,,
GM0006904,GT0001717,SRA_M0005647,,SRC_M0002683
GM0006905,GT0001717,,,SRC_M0002684
GM0006906,GT0001718,SRA_M0005648,SRB_M0004504,SRC_M0002685
GM0006907,GT0001718,SRA_M0005649,SRB_M0004505,SRC_M0002686
GM0006908,GT0001718,SRA_M0005650,SRB_M0004506,SRC_M0002687
GM0006909,GT0001719,SRA_M0005651,SRB_M0004507,SRC_M0002688
GM0006910,GT0001719,SRA_M0005652,SRB_M0004508,
GM0006911,GT0001719,SRA_M0005653,SRB_M0004509,SRC_M0002689
GM0006912,GT0001719,SRA_M0005654,,SRC_M0002690
GM0006913,GT0001719,SRA_M0005655,SRB_M0004510,
GM0006914,GT0001719,SRA_M0005656,,
GM0006915,GT0001720,SRA_M0005657,,
GM0006916,GT0001720,SRA_M0005658,SRB_M0004511,
GM0006917,GT0001721,SRA_M0005659,SRB_M0004512,
GM0006918,GT0001721,SRA_M0005660,,
GM0006919,GT0001722,SRA_M0005661,SRB_M0004513,SRC_M0002691
GM0006920,GT0001722,SRA_M0005662,SRB_M0004514,
GM0006921,GT0001722,SRA_M0005663,SRB_M0004515,
GM0006922,GT0001722,SRA_M0005664,SRB_M0004516,SRC_M0002692
GM0006923,GT0001722,SRA_M0005665,SRB_M0004517,SRC_M0002693
GM0006924,GT0001723,SRA_M0005666,,
GM0006925,GT0001723,SRA_M0005667,,
GM0006926,GT0001723,SRA_M0005668,,
GM0006927,GT0001723,SRA_M0005669,,
GM0006928,GT0001723,SRA_M0005670,,
GM0006929,GT0001724,,SRB_M0004518,SRC_M0002694
GM0006930,GT0001724,,SRB_M0004519,
GM0006931,GT0001724,,SRB_M0004520,
GM0006932,GT0001724,,SRB_M0004521,SRC_M0002695
GM0006933,GT0001724,,SRB_M0004522,SRC_M0002696
GM0006934,GT0001724,,SRB_M0004523,SRC_M0002697
GM0006935,GT0001725,,SRB_M0004524,SRC_M0002698
GM0006936,GT0001725,,SRB_M0004525,
GM0006937,GT0001725,,SRB_M0004526,SRC_M0002699
GM0006938,GT0001725,,,
GM0006939,GT0001725,,SRB_M0004527,SRC_M0002700
GM0006940,GT0001725,,SRB_M0004528,SRC_M0002701
GM0006941,GT0001726,SRA_M0005671,,
GM0006942,GT0001726,SRA_M0005672,,
GM0006943,GT0001726,SRA_M0005673,,
GM0006944,GT0001726,SRA_M0005674,,
GM0006945,GT0001727,SRA_M0005675,SRB_M0004529,
GM0006946,GT0001727,SRA_M0005676,SRB_M0004530,SRC_M0002702
GM0006947,GT0001727,SRA_M0005677,SRB_M0004531,SRC_M0002703
GM0006948,GT0001727,SRA_M0005678,SRB_M0004532,SRC_M0002704
GM0006949,GT0001727,SRA_M0005679,SRB_M0004533,SRC_M0002705
GM0006950,GT0001727,SRA_M0005680,SRB_M0004534,SRC_M0002706
GM0006951,GT0001728,,SRB_M0004535,
GM0006952,GT0001728,,SRB_M0004536,
GM0006953,GT0001728,,SRB_M0004537,
GM0006954,GT0001728,,SRB_M0004538,
GM0006955,GT0001728,,SRB_M0004539,
GM0006956,GT0001729,SRA_M0005681,SRB_M0004540,SRC_M0002707
GM0006957,GT0001729,SRA_M0005682,SRB_M0004541,
GM0006958,GT0001729,SRA_M0005683,SRB_M0004542,
GM0006959,GT0001729,SRA_M0005684,SRB_M0004543,SRC_M0002708
GM0006960,GT0001729,SRA_M0005685,,
GM0006961,GT0001730,SRA_M0005686,,SRC_M0002709
GM0006962,GT0001730,SRA_M0005687,,SRC_M0002710
GM0006963,GT0001730,SRA_M0005688,,
GM0006964,GT0001730,SRA_M0005689,,
GM0006965,GT0001730,SRA_M0005690,,SRC_M0002711
GM0006966,GT0001730,SRA_M0005691,,SRC_M0002712
GM0006967,GT0001731,SRA_M0005692,SRB_M0004544,SRC_M0002713
GM0006968,GT0001731,SRA_M0005693,SRB_M0004545,SRC_M0002714
GM0006969,GT0001732,SRA_M0005694,,
GM0006970,GT0001732,SRA_M0005695,,
GM0006971,GT0001732,,,
GM0006972,GT0001732,SRA_M0005696,,
GM0006973,GT0001732,SRA_M0005697,,
GM0006974,GT0001733,SRA_M0005698,SRB_M0004547,SRC_M0002715
GM0006975,GT0001733,SRA_M0005699,SRB_M0004548,SRC_M0002716
GM0006976,GT0001733,SRA_M0005700,SRB_M0004549,SRC_M0002717
GM0006977,GT0001733,SRA_M0005701,SRB_M0004550,SRC_M0002718
GM0006978,GT0001733,SRA_M0005702,SRB_M0004551,SRC_M0002719
GM0006979,GT0001733,SRA_M0005703,SRB_M0004552,SRC_M0002720
GM0006980,GT0001734,SRA_M0005704,SRB_M0004553,
GM0006981,GT0001734,SRA_M0005705,SRB_M0004554,
GM0006982,GT0001734,SRA_M0005706,SRB_M0004555,
GM0006983,GT0001735,SRA_M0005707,SRB_M0004557,SRC_M0002721
GM0006984,GT0001735,SRA_M0005708,SRB_M0004558,SRC_M0002722
GM0006985,GT0001736,SRA_M0005709,SRB_M0004559,
GM0006986,GT0001736,,SRB_M0004560,
GM0006987,GT0001736,SRA_M0005710,SRB_M0004561,
GM0006988,GT0001736,SRA_M0005711,,
GM0006989,GT0001736,SRA_M0005712,SRB_M0004562,
GM0006990,GT0001736,,SRB_M0004563,
GM0006991,GT0001737,SRA_M0005713,SRB_M0004564,SRC_M0002723
GM0006992,GT0001737,SRA_M0005714,SRB_M0004565,SRC_M0002724
GM0006993,GT0001737,SRA_M0005715,SRB_M0004566,SRC_M0002725
GM0006994,GT0001737,SRA_M0005716,SRB_M0004567,SRC_M0002726
GM0006995,GT0001737,SRA_M0005717,SRB_M0004568,SRC_M0002727
GM0006996,GT0001737,SRA_M0005718,SRB_M0004569,SRC_M0002728
GM0006997,GT0001738,SRA_M0005719,SRB_M0004570,
GM0006998,GT0001738,SRA_M0005720,SRB_M0004571,
GM0006999,GT0001738,SRA_M0005721,SRB_M0004572,
GM0007000,GT0001738,SRA_M0005722,SRB_M0004573,
GM0007001,GT0001739,,SRB_M0004574,
GM0007002,GT0001739,,SRB_M0004575,
GM0007003,GT0001740,,SRB_M0004576,
GM0007004,GT0001740,,SRB_M0004577,
GM0007005,GT0001740,,SRB_M0004578,
GM0007006,GT0001740,,SRB_M0004579,
GM0007007,GT0001740,,SRB_M0004580,
GM0007008,GT0001741,SRA_M0005723,,SRC_M0002729
GM0007009,GT0001741,SRA_M0005724,,
GM0007010,GT0001741,SRA_M0005725,,SRC_M0002730
GM0007011,GT0001741,SRA_M0005726,,SRC_M0002731
GM0007012,GT0001742,,SRB_M0004581,
GM0007013,GT0001742,,SRB_M0004582,
GM0007014,GT0001742,,SRB_M0004583,
GM0007015,GT0001742,,,
GM0007016,GT0001742,,SRB_M0004584,
GM0007017,GT0001742,,SRB_M0004585,
GM0007018,GT0001743,,,
GM0007019,GT0001743,,,
GM0007020,GT0001744,SRA_M0005727,SRB_M0004586,
GM0007021,GT0001744,SRA_M0005728,SRB_M0004587,SRC_M0002732
GM0007022,GT0001744,SRA_M0005729,,SRC_M0002733
GM0007023,GT0001744,SRA_M0005730,SRB_M0004588,SRC_M0002734
GM0007024,GT0001744,SRA_M0005731,,SRC_M0002735
GM0007025,GT0001745,SRA_M0005732,,SRC_M0002736
GM0007026,GT0001745,SRA_M0005733,SRB_M0004589,SRC_M0002737
GM0007027,GT0001745,SRA_M0005734,SRB_M0004590,SRC_M0002738
GM0007028,GT0001746,SRA_M0005735,,SRC_M0002739
GM0007029,GT0001746,SRA_M0005736,,SRC_M0002740
GM0007030,GT0001746,SRA_M0005737,,SRC_M0002741
GM0007031,GT0001747,SRA_M0005738,SRB_M0004591,SRC_M0002742
GM0007032,GT0001747,SRA_M0005739,,SRC_M0002743
GM0007033,GT0001747,SRA_M0005740,SRB_M0004592,SRC_M0002744
GM0007034,GT0001747,SRA_M0005741,SRB_M0004593,SRC_M0002745
GM0007035,GT0001748,SRA_M0005742,SRB_M0004594,
GM0007036,GT0001748,SRA_M0005743,SRB_M0004595,
GM0007037,GT0001748,SRA_M0005744,SRB_M0004596,
GM0007038,GT0001748,SRA_M0005745,SRB_M0004597,
GM0007039,GT0001748,SRA_M0005746,,
GM0007040,GT0001749,,SRB_M0004598,
GM0007041,GT0001749,,,
GM0007042,GT0001750,,,
GM0007043,GT0001750,,SRB_M0004599,SRC_M0002746
GM0007044,GT0001750,,SRB_M0004600,SRC_M0002747
GM0007045,GT0001750,,SRB_M0004601,
GM0007046,GT0001751,SRA_M0005747,,
GM0007047,GT0001751,SRA_M0005748,,
GM0007048,GT0001752,SRA_M0005749,SRB_M0004602,
GM0007049,GT0001752,SRA_M0005750,SRB_M0004603,
GM0007050,GT0001752,SRA_M0005751,SRB_M0004604,
GM0007051,GT0001752,,SRB_M0004605,SRC_M0002748
GM0007052,GT0001752,,SRB_M0004606,SRC_M0002749
GM0007053,GT0001752,SRA_M0005752,SRB_M0004607,SRC_M0002750
GM0007054,GT0001753,SRA_M0005753,SRB_M0004608,SRC_M0002751
GM0007055,GT0001753,SRA_M0005754,,SRC_M0002752
GM0007056,GT0001753,SRA_M0005755,SRB_M0004609,
GM0007057,GT0001754,SRA_M0005756,SRB_M0004610,SRC_M0002753
GM0007058,GT0001754,,SRB_M0004611,SRC_M0002754
GM0007059,GT0001754,SRA_M0005757,SRB_M0004612,
GM0007060,GT0001754,SRA_M0005758,SRB_M0004613,SRC_M0002755
GM0007061,GT0001754,,SRB_M0004614,SRC_M0002756
GM0007062,GT0001754,,,SRC_M0002757
GM0007063,GT0001755,SRA_M0005759,SRB_M0004615,SRC_M0002758
GM0007064,GT0001755,SRA_M0005760,SRB_M0004616,SRC_M0002759
GM0007065,GT0001756,,,
GM0007066,GT0001756,SRA_M0005761,,
GM0007067,GT0001756,SRA_M0005762,,
GM0007068,GT0001757,SRA_M0005763,SRB_M0004618,
GM0007069,GT0001757,SRA_M0005764,,
GM0007070,GT0001757,SRA_M0005765,SRB_M0004619,
GM0007071,GT0001757,SRA_M0005766,SRB_M0004620,
GM0007072,GT0001757,SRA_M0005767,SRB_M0004621,
GM0007073,GT0001757,SRA_M0005768,SRB_M0004622,
GM0007074,GT0001758,SRA_M0005769,,
GM0007075,GT0001758,SRA_M0005770,,SRC_M0002760
GM0007076,GT0001758,SRA_M0005771,,SRC_M0002761
GM0007077,GT0001759,SRA_M0005772,SRB_M0004623,
GM0007078,GT0001759,,,
GM0007079,GT0001759,SRA_M0005773,SRB_M0004624,
GM0007080,GT0001759,SRA_M0005774,SRB_M0004625,
GM0007081,GT0001759,SRA_M0005775,,
GM0007082,GT0001759,SRA_M0005776,SRB_M0004626,
GM0007083,GT0001760,SRA_M0005777,,
GM0007084,GT0001760,SRA_M0005778,,SRC_M0002762
GM0007085,GT0001760,SRA_M0005779,,SRC_M0002763
GM0007086,GT0001761,,SRB_M0004627,
GM0007087,GT0001761,SRA_M0005780,SRB_M0004628,
GM0007088,GT0001761,SRA_M0005781,,
GM0007089,GT0001761,SRA_M0005782,SRB_M0004629,
GM0007090,GT0001761,SRA_M0005783,,
GM0007091,GT0001762,SRA_M0005784,SRB_M0004630,
GM0007092,GT0001762,SRA_M0005785,,
GM0007093,GT0001762,SRA_M0005786,SRB_M0004631,
GM0007094,GT0001762,SRA_M0005787,SRB_M0004632,
GM0007095,GT0001763,SRA_M0005788,SRB_M0004633,
GM0007096,GT0001763,SRA_M0005789,SRB_M0004634,SRC_M0002764
GM0007097,GT0001763,SRA_M0005790,SRB_M0004635,SRC_M0002765
GM0007098,GT0001763,SRA_M0005791,SRB_M0004636,SRC_M0002766
GM0007099,GT0001764,SRA_M0005792,SRB_M0004637,
GM0007100,GT0001764,SRA_M0005793,SRB_M0004638,
GM0007101,GT0001764,SRA_M0005794,SRB_M0004639,
GM0007102,GT0001764,,SRB_M0004640,
GM0007103,GT0001764,SRA_M0005795,SRB_M0004641,
GM0007104,GT0001764,SRA_M0005796,SRB_M0004642,
GM0007105,GT0001765,SRA_M0005797,SRB_M0004643,
GM0007106,GT0001765,SRA_M0005798,SRB_M0004644,
GM0007107,GT0001765,SRA_M0005799,SRB_M0004645,
GM0007108,GT0001765,SRA_M0005800,SRB_M0004646,
GM0007109,GT0001765,SRA_M0005801,SRB_M0004647,
GM0007110,GT0001766,SRA_M0005802,,
GM0007111,GT0001766,SRA_M0005803,SRB_M0004648,
GM0007112,GT0001767,,,SRC_M0002767
GM0007113,GT0001767,SRA_M0005804,,SRC_M0002768
GM0007114,GT0001767,SRA_M0005805,,SRC_M0002769
GM0007115,GT0001767,SRA_M0005806,,SRC_M0002770
GM0007116,GT0001767,SRA_M0005807,,SRC_M0002771
GM0007117,GT0001767,SRA_M0005808,,SRC_M0002772
GM0007118,GT0001768,SRA_M0005809,,SRC_M0002774
GM0007119,GT0001768,SRA_M0005810,,SRC_M0002775
GM0007120,GT0001768,SRA_M0005811,,SRC_M0002776
GM0007121,GT0001769,SRA_M0005812,SRB_M0004649,
GM0007122,GT0001769,SRA_M0005813,SRB_M0004650,
GM0007123,GT0001770,SRA_M0005814,,SRC_M0002777
GM0007124,GT0001770,SRA_M0005815,SRB_M0004651,SRC_M0002778
GM0007125,GT0001770,SRA_M0005816,SRB_M0004652,SRC_M0002779
GM0007126,GT0001771,,SRB_M0004653,SRC_M0002780
GM0007127,GT0001771,SRA_M0005817,SRB_M0004654,SRC_M0002781
GM0007128,GT0001771,SRA_M0005818,SRB_M0004655,SRC_M0002782
GM0007129,GT0001771,SRA_M0005819,,SRC_M0002783
GM0007130,GT0001771,SRA_M0005820,SRB_M0004656,SRC_M0002784
GM0007131,GT0001772,SRA_M0005821,SRB_M0004658,
GM0007132,GT0001772,SRA_M0005822,SRB_M0004659,
GM0007133,GT0001772,SRA_M0005823,SRB_M0004660,
GM0007134,GT0001772,SRA_M0005824,SRB_M0004661,
GM0007135,GT0001773,SRA_M0005825,,
GM0007136,GT0001773,SRA_M0005826,,
GM0007137,GT0001774,SRA_M0005827,SRB_M0004662,
GM0007138,GT0001774,SRA_M0005828,SRB_M0004663,SRC_M0002786
GM0007139,GT0001774,,SRB_M0004664,SRC_M0002787
GM0007140,GT0001774,,SRB_M0004665,SRC_M0002788
GM0007141,GT0001775,SRA_M0005829,SRB_M0004666,SRC_M0002789
GM0007142,GT0001775,SRA_M0005830,SRB_M0004667,SRC_M0002790
GM0007143,GT0001775,SRA_M0005831,SRB_M0004668,SRC_M0002791
GM0007144,GT0001775,SRA_M0005832,SRB_M0004669,SRC_M0002792
GM0007145,GT0001776,SRA_M0005833,,
GM0007146,GT0001776,SRA_M0005834,SRB_M0004670,
GM0007147,GT0001776,SRA_M0005835,,
GM0007148,GT0001776,SRA_M0005836,SRB_M0004671,
GM0007149,GT0001777,SRA_M0005837,SRB_M0004672,
GM0007150,GT0001777,SRA_M0005838,SRB_M0004673,
GM0007151,GT0001777,SRA_M0005839,SRB_M0004674,
GM0007152,GT0001777,SRA_M0005840,SRB_M0004675,
GM0007153,GT0001777,SRA_M0005841,SRB_M0004676,
GM0007154,GT0001778,SRA_M0005842,SRB_M0004677,
GM0007155,GT0001778,SRA_M0005843,,
GM0007156,GT0001778,SRA_M0005844,SRB_M0004678,
GM0007157,GT0001779,SRA_M0005845,SRB_M0004679,
GM0007158,GT0001779,SRA_M0005846,,
GM0007159,GT0001779,SRA_M0005847,SRB_M0004680,
GM0007160,GT0001779,SRA_M0005848,,
GM0007161,GT0001779,SRA_M0005849,SRB_M0004681,
GM0007162,GT0001780,SRA_M0005850,SRB_M0004682,
GM0007163,GT0001780,,,
GM0007164,GT0001780,SRA_M0005851,,
GM0007165,GT0001781,SRA_M0005852,,
GM0007166,GT0001781,SRA_M0005853,,
GM0007167,GT0001782,,SRB_M0004683,SRC_M0002793
GM0007168,GT0001782,,SRB_M0004684,SRC_M0002794
GM0007169,GT0001782,,SRB_M0004685,SRC_M0002795
GM0007170,GT0001782,,SRB_M0004686,SRC_M0002796
GM0007171,GT0001782,,SRB_M0004687,SRC_M0002797
GM0007172,GT0001782,,SRB_M0004688,SRC_M0002798
GM0007173,GT0001783,SRA_M0005854,,
GM0007174,GT0001783,SRA_M0005855,,
GM0007175,GT0001783,,,
GM0007176,GT0001783,SRA_M0005856,,
GM0007177,GT0001783,SRA_M0005857,,
GM0007178,GT0001784,SRA_M0005858,,
GM0007179,GT0001784,SRA_M0005859,,
GM0007180,GT0001784,SRA_M0005860,,
GM0007181,GT0001784,SRA_M0005861,,
GM0007182,GT0001785,SRA_M0005862,SRB_M0004689,
GM0007183,GT0001785,,SRB_M0004690,
GM0007184,GT0001785,SRA_M0005863,SRB_M0004691,
GM0007185,GT0001786,,SRB_M0004692,SRC_M0002799
GM0007186,GT0001786,SRA_M0005864,SRB_M0004693,SRC_M0002800
GM0007187,GT0001786,SRA_M0005865,SRB_M0004694,SRC_M0002801
GM0007188,GT0001786,SRA_M0005866,SRB_M0004695,
GM0007189,GT0001786,SRA_M0005867,SRB_M0004696,
GM0007190,GT0001786,SRA_M0005868,SRB_M0004697,
GM0007191,GT0001787,SRA_M0005869,SRB_M0004698,
GM0007192,GT0001787,,SRB_M0004699,
GM0007193,GT0001787,SRA_M0005870,SRB_M0004700,
GM0007194,GT0001787,SRA_M0005871,SRB_M0004701,
GM0007195,GT0001787,SRA_M0005872,SRB_M0004702,
GM0007196,GT0001788,SRA_M0005873,SRB_M0004703,
GM0007197,GT0001788,SRA_M0005874,SRB_M0004704,
GM0007198,GT0001788,SRA_M0005875,SRB_M0004705,
GM0007199,GT0001789,SRA_M0005876,,SRC_M0002802
GM0007200,GT0001789,SRA_M0005877,,SRC_M0002803
GM0007201,GT0001789,SRA_M0005878,,
GM0007202,GT0001789,SRA_M0005879,,SRC_M0002804
GM0007203,GT0001790,SRA_M0005880,SRB_M0004706,SRC_M0002805
GM0007204,GT0001790,SRA_M0005881,SRB_M0004707,SRC_M0002806
GM0007205,GT0001790,SRA_M0005882,SRB_M0004708,SRC_M0002807
GM0007206,GT0001790,SRA_M0005883,SRB_M0004709,SRC_M0002808
GM0007207,GT0001790,SRA_M0005884,SRB_M0004710,SRC_M0002809
GM0007208,GT0001791,SRA_M0005885,SRB_M0004711,
GM0007209,GT0001791,SRA_M0005886,SRB_M0004712,
GM0007210,GT0001791,SRA_M0005887,SRB_M0004713,
GM0007211,GT0001792,,SRB_M0004715,SRC_M0002810
GM0007212,GT0001792,,SRB_M0004716,SRC_M0002811
GM0007213,GT0001792,,SRB_M0004717,SRC_M0002812
GM0007214,GT0001792,,SRB_M0004718,SRC_M0002813
GM0007215,GT0001792,,SRB_M0004719,SRC_M0002814
GM0007216,GT0001793,SRA_M0005888,SRB_M0004720,
GM0007217,GT0001793,SRA_M0005889,SRB_M0004721,
GM0007218,GT0001793,SRA_M0005890,SRB_M0004722,
GM0007219,GT0001794,SRA_M0005891,SRB_M0004723,SRC_M0002815
GM0007220,GT0001794,SRA_M0005892,SRB_M0004724,SRC_M0002816
GM0007221,GT0001794,SRA_M0005893,,SRC_M0002817
GM0007222,GT0001794,SRA_M0005894,,SRC_M0002818
GM0007223,GT0001794,SRA_M0005895,SRB_M0004725,
GM0007224,GT0001794,,SRB_M0004726,SRC_M0002819
GM0007225,GT0001795,SRA_M0005896,SRB_M0004728,
GM0007226,GT0001795,SRA_M0005897,SRB_M0004729,
GM0007227,GT0001795,SRA_M0005898,SRB_M0004730,
GM0007228,GT0001795,SRA_M0005899,,
GM0007229,GT0001795,SRA_M0005900,SRB_M0004731,
GM0007230,GT0001796,SRA_M0005901,SRB_M0004732,
GM0007231,GT0001796,SRA_M0005902,SRB_M0004733,
GM0007232,GT0001797,SRA_M0005903,SRB_M0004734,
GM0007233,GT0001797,SRA_M0005904,,
GM0007234,GT0001797,,SRB_M0004735,
GM0007235,GT0001797,SRA_M0005905,SRB_M0004736,
GM0007236,GT0001797,SRA_M0005906,SRB_M0004737,
GM0007237,GT0001797,,SRB_M0004738,
GM0007238,GT0001798,SRA_M0005907,SRB_M0004739,
GM0007239,GT0001798,SRA_M0005908,SRB_M0004740,SRC_M0002820
GM0007240,GT0001798,,SRB_M0004741,SRC_M0002821
GM0007241,GT0001798,SRA_M0005909,SRB_M0004742,SRC_M0002822
GM0007242,GT0001798,,SRB_M0004743,
GM0007243,GT0001798,SRA_M0005910,SRB_M0004744,
GM0007244,GT0001799,SRA_M0005911,SRB_M0004745,
GM0007245,GT0001799,SRA_M0005912,SRB_M0004746,
GM0007246,GT0001800,SRA_M0005913,SRB_M0004747,
GM0007247,GT0001800,,,
GM0007248,GT0001800,SRA_M0005914,,
GM0007249,GT0001800,SRA_M0005915,SRB_M0004748,
GM0007250,GT0001800,SRA_M0005916,,
GM0007251,GT0001801,,,
GM0007252,GT0001801,,SRB_M0004749,
GM0007253,GT0001801,,,
GM0007254,GT0001801,,SRB_M0004750,
GM0007255,GT0001801,,,
GM0007256,GT0001802,SRA_M0005917,SRB_M0004751,
GM0007257,GT0001802,SRA_M0005918,SRB_M0004752,
GM0007258,GT0001802,SRA_M0005919,,
GM0007259,GT0001802,SRA_M0005920,SRB_M0004753,
GM0007260,GT0001802,,SRB_M0004754,
GM0007261,GT0001803,SRA_M0005921,,
GM0007262,GT0001803,SRA_M0005922,,SRC_M0002823
GM0007263,GT0001803,SRA_M0005923,,SRC_M0002824
GM0007264,GT0001803,SRA_M0005924,,SRC_M0002825
GM0007265,GT0001804,,SRB_M0004755,SRC_M0002826
GM0007266,GT0001804,SRA_M0005925,SRB_M0004756,SRC_M0002827
GM0007267,GT0001804,,SRB_M0004757,SRC_M0002828
GM0007268,GT0001805,SRA_M0005926,,
GM0007269,GT0001805,SRA_M0005927,SRB_M0004758,
GM0007270,GT0001805,SRA_M0005928,SRB_M0004759,
GM0007271,GT0001805,SRA_M0005929,SRB_M0004760,
GM0007272,GT0001805,SRA_M0005930,,
GM0007273,GT0001805,SRA_M0005931,SRB_M0004761,
GM0007274,GT0001806,SRA_M0005932,,
GM0007275,GT0001806,SRA_M0005933,,
GM0007276,GT0001806,SRA_M0005934,,
GM0007277,GT0001806,SRA_M0005935,,
GM0007278,GT0001806,SRA_M0005936,,
GM0007279,GT0001807,,,
GM0007280,GT0001807,,SRB_M0004762,
GM0007281,GT0001808,SRA_M0005937,SRB_M0004763,
GM0007282,GT0001808,SRA_M0005938,SRB_M0004764,
GM0007283,GT0001808,SRA_M0005939,SRB_M0004765,
GM0007284,GT0001809,SRA_M0005940,SRB_M0004766,
GM0007285,GT0001809,SRA_M0005941,SRB_M0004767,
GM0007286,GT0001809,SRA_M0005942,SRB_M0004768,
GM0007287,GT0001809,SRA_M0005943,SRB_M0004769,
GM0007288,GT0001809,SRA_M0005944,SRB_M0004770,
GM0007289,GT0001810,SRA_M0005945,SRB_M0004772,SRC_M0002829
GM0007290,GT0001810,SRA_M0005946,SRB_M0004773,SRC_M0002830
GM0007291,GT0001810,SRA_M0005947,SRB_M0004774,SRC_M0002831
GM0007292,GT0001810,SRA_M0005948,SRB_M0004775,SRC_M0002832
GM0007293,GT0001811,,SRB_M0004776,
GM0007294,GT0001811,,SRB_M0004777,
GM0007295,GT0001811,,SRB_M0004778,
GM0007296,GT0001811,,SRB_M0004779,
GM0007297,GT0001811,,SRB_M0004780,
GM0007298,GT0001812,,,
GM0007299,GT0001812,SRA_M0005949,,
GM0007300,GT0001812,SRA_M0005950,,
GM0007301,GT0001812,,,
GM0007302,GT0001812,SRA_M0005951,,
GM0007303,GT0001813,SRA_M0005952,,
GM0007304,GT0001813,SRA_M0005953,,SRC_M0002833
GM0007305,GT0001813,SRA_M0005954,,SRC_M0002834
GM0007306,GT0001813,SRA_M0005955,,SRC_M0002835
GM0007307,GT0001813,SRA_M0005956,,SRC_M0002836
GM0007308,GT0001814,SRA_M0005957,SRB_M0004781,
GM0007309,GT0001814,SRA_M0005958,,
GM0007310,GT0001814,SRA_M0005959,SRB_M0004782,
GM0007311,GT0001815,SRA_M0005960,,
GM0007312,GT0001815,SRA_M0005961,SRB_M0004783,
GM0007313,GT0001815,SRA_M0005962,SRB_M0004784,
GM0007314,GT0001815,SRA_M0005963,SRB_M0004785,
GM0007315,GT0001816,SRA_M0005964,SRB_M0004787,
GM0007316,GT0001816,SRA_M0005965,SRB_M0004788,SRC_M0002837
GM0007317,GT0001816,SRA_M0005966,SRB_M0004789,SRC_M0002838
GM0007318,GT0001816,SRA_M0005967,SRB_M0004790,SRC_M0002839
GM0007319,GT0001816,SRA_M0005968,SRB_M0004791,SRC_M0002840
GM0007320,GT0001816,SRA_M0005969,SRB_M0004792,SRC_M0002841
GM0007321,GT0001817,SRA_M0005970,SRB_M0004793,
GM0007322,GT0001817,SRA_M0005971,,
GM0007323,GT0001818,SRA_M0005972,SRB_M0004794,SRC_M0002842
GM0007324,GT0001818,SRA_M0005973,,SRC_M0002843
GM0007325,GT0001818,SRA_M0005974,SRB_M0004795,SRC_M0002844
GM0007326,GT0001819,SRA_M0005975,SRB_M0004796,
GM0007327,GT0001819,SRA_M0005976,SRB_M0004797,
GM0007328,GT0001819,SRA_M0005977,,
GM0007329,GT0001819,SRA_M0005978,,
GM0007330,GT0001820,,SRB_M0004798,
GM0007331,GT0001820,SRA_M0005979,SRB_M0004799,
GM0007332,GT0001821,SRA_M0005980,SRB_M0004800,SRC_M0002845
GM0007333,GT0001821,SRA_M0005981,,SRC_M0002846
GM0007334,GT0001821,SRA_M0005982,SRB_M0004801,SRC_M0002847
GM0007335,GT0001822,SRA_M0005983,SRB_M0004802,SRC_M0002849
GM0007336,GT0001822,SRA_M0005984,SRB_M0004803,SRC_M0002850
GM0007337,GT0001822,,SRB_M0004804,SRC_M0002851
GM0007338,GT0001822,SRA_M0005985,SRB_M0004805,SRC_M0002852
GM0007339,GT0001822,SRA_M0005986,SRB_M0004806,SRC_M0002853
GM0007340,GT0001822,SRA_M0005987,,SRC_M0002854
GM0007341,GT0001823,SRA_M0005988,SRB_M0004807,SRC_M0002855
GM0007342,GT0001823,,SRB_M0004808,SRC_M0002856
GM0007343,GT0001823,SRA_M0005989,SRB_M0004809,
GM0007344,GT0001823,SRA_M0005990,SRB_M0004810,SRC_M0002857
GM0007345,GT0001824,SRA_M0005991,SRB_M0004811,SRC_M0002858
GM0007346,GT0001824,SRA_M0005992,,SRC_M0002859
GM0007347,GT0001824,SRA_M0005993,SRB_M0004812,SRC_M0002860
GM0007348,GT0001824,SRA_M0005994,SRB_M0004813,SRC_M0002861
GM0007349,GT0001824,SRA_M0005995,SRB_M0004814,
GM0007350,GT0001825,,,
GM0007351,GT0001825,,,
GM0007352,GT0001825,,,
GM0007353,GT0001825,,SRB_M0004815,
GM0007354,GT0001825,,SRB_M0004816,
GM0007355,GT0001825,,SRB_M0004817,
GM0007356,GT0001826,SRA_M0005996,SRB_M0004818,
GM0007357,GT0001826,SRA_M0005997,SRB_M0004819,
GM0007358,GT0001826,SRA_M0005998,SRB_M0004820,
GM0007359,GT0001827,SRA_M0005999,SRB_M0004821,SRC_M0002862
GM0007360,GT0001827,SRA_M0006000,SRB_M0004822,
GM0007361,GT0001827,SRA_M0006001,SRB_M0004823,
GM0007362,GT0001828,SRA_M0006002,,
GM0007363,GT0001828,SRA_M0006003,,
GM0007364,GT0001829,,,
GM0007365,GT0001829,SRA_M0006004,,
GM0007366,GT0001829,SRA_M0006005,,
GM0007367,GT0001829,SRA_M0006006,,
GM0007368,GT0001829,SRA_M0006007,,
GM0007369,GT0001830,SRA_M0006008,SRB_M0004824,
GM0007370,GT0001830,SRA_M0006009,SRB_M0004825,
GM0007371,GT0001830,SRA_M0006010,SRB_M0004826,
GM0007372,GT0001830,SRA_M0006011,,
GM0007373,GT0001830,SRA_M0006012,,
GM0007374,GT0001830,,SRB_M0004827,
GM0007375,GT0001831,SRA_M0006013,SRB_M0004828,SRC_M0002863
GM0007376,GT0001831,SRA_M0006014,,SRC_M0002864
GM0007377,GT0001831,SRA_M0006015,SRB_M0004829,SRC_M0002865
GM0007378,GT0001832,,SRB_M0004830,SRC_M0002866
GM0007379,GT0001832,,SRB_M0004831,SRC_M0002867
GM0007380,GT0001832,,SRB_M0004832,SRC_M0002868
GM0007381,GT0001832,,SRB_M0004833,SRC_M0002869
GM0007382,GT0001832,,,
GM0007383,GT0001833,SRA_M0006016,,
GM0007384,GT0001833,SRA_M0006017,,
GM0007385,GT0001833,SRA_M0006018,,
GM0007386,GT0001833,SRA_M0006019,,
GM0007387,GT0001833,SRA_M0006020,,
GM0007388,GT0001834,SRA_M0006021,SRB_M0004834,SRC_M0002870
GM0007389,GT0001834,SRA_M0006022,SRB_M0004835,
GM0007390,GT0001835,,,
GM0007391,GT0001835,,SRB_M0004836,
GM0007392,GT0001835,,SRB_M0004837,
GM0007393,GT0001835,,SRB_M0004838,
GM0007394,GT0001835,,SRB_M0004839,
GM0007395,GT0001835,,SRB_M0004840,
GM0007396,GT0001836,SRA_M0006023,SRB_M0004841,SRC_M0002871
GM0007397,GT0001836,SRA_M0006024,SRB_M0004842,
GM0007398,GT0001836,SRA_M0006025,,
GM0007399,GT0001837,,SRB_M0004843,
GM0007400,GT0001837,,SRB_M0004844,
GM0007401,GT0001837,,SRB_M0004845,
GM0007402,GT0001837,,SRB_M0004846,
GM0007403,GT0001837,,SRB_M0004847,
GM0007404,GT0001838,SRA_M0006026,SRB_M0004848,
GM0007405,GT0001838,SRA_M0006027,,
GM0007406,GT0001838,SRA_M0006028,SRB_M0004849,
GM0007407,GT0001839,SRA_M0006029,,
GM0007408,GT0001839,SRA_M0006030,,SRC_M0002872
GM0007409,GT0001839,,,SRC_M0002873
GM0007410,GT0001839,SRA_M0006031,,SRC_M0002874
GM0007411,GT0001839,SRA_M0006032,,SRC_M0002875
GM0007412,GT0001839,SRA_M0006033,,SRC_M0002876
GM0007413,GT0001840,SRA_M0006034,,
GM0007414,GT0001840,SRA_M0006035,,SRC_M0002877
GM0007415,GT0001841,SRA_M0006036,SRB_M0004850,
GM0007416,GT0001841,SRA_M0006037,SRB_M0004851,SRC_M0002878
GM0007417,GT0001841,SRA_M0006038,SRB_M0004852,SRC_M0002879
GM0007418,GT0001841,SRA_M0006039,SRB_M0004853,
GM0007419,GT0001841,,SRB_M0004854,
GM0007420,GT0001842,SRA_M0006040,,
GM0007421,GT0001842,SRA_M0006041,,
GM0007422,GT0001842,SRA_M0006042,,
GM0007423,GT0001842,SRA_M0006043,,
GM0007424,GT0001842,SRA_M0006044,,
GM0007425,GT0001843,,SRB_M0004855,
GM0007426,GT0001843,,,
GM0007427,GT0001843,SRA_M0006045,,
GM0007428,GT0001843,,SRB_M0004856,
GM0007429,GT0001843,SRA_M0006046,,
GM0007430,GT0001844,SRA_M0006047,SRB_M0004857,
GM0007431,GT0001844,SRA_M0006048,SRB_M0004858,
GM0007432,GT0001845,SRA_M0006049,,
GM0007433,GT0001845,,,SRC_M0002880
GM0007434,GT0001845,,,SRC_M0002881
GM0007435,GT0001845,SRA_M0006050,,SRC_M0002882
GM0007436,GT0001845,SRA_M0006051,,SRC_M0002883
GM0007437,GT0001846,SRA_M0006053,SRB_M0004859,
GM0007438,GT0001846,SRA_M0006054,SRB_M0004860,SRC_M0002884
GM0007439,GT0001846,SRA_M0006055,,SRC_M0002885
GM0007440,GT0001846,SRA_M0006056,SRB_M0004861,SRC_M0002886
GM0007441,GT0001847,SRA_M0006057,SRB_M0004862,
GM0007442,GT0001847,SRA_M0006058,SRB_M0004863,
GM0007443,GT0001848,,SRB_M0004864,
GM0007444,GT0001848,SRA_M0006059,SRB_M0004865,
GM0007445,GT0001848,SRA_M0006060,SRB_M0004866,
GM0007446,GT0001848,SRA_M0006061,SRB_M0004867,
GM0007447,GT0001849,,SRB_M0004868,
GM0007448,GT0001849,,SRB_M0004869,
GM0007449,GT0001849,,SRB_M0004870,
GM0007450,GT0001849,,SRB_M0004871,
GM0007451,GT0001849,,,
GM0007452,GT0001849,,SRB_M0004872,
GM0007453,GT0001850,SRA_M0006062,SRB_M0004873,SRC_M0002888
GM0007454,GT0001850,SRA_M0006063,,SRC_M0002889
GM0007455,GT0001850,SRA_M0006064,,SRC_M0002890
GM0007456,GT0001850,SRA_M0006065,SRB_M0004874,SRC_M0002891
GM0007457,GT0001850,SRA_M0006066,SRB_M0004875,SRC_M0002892
GM0007458,GT0001850,SRA_M0006067,,SRC_M0002893
GM0007459,GT0001851,SRA_M0006068,,
GM0007460,GT0001851,SRA_M0006069,,
GM0007461,GT0001851,SRA_M0006070,SRB_M0004876,
GM0007462,GT0001851,,SRB_M0004877,
GM0007463,GT0001851,SRA_M0006071,SRB_M0004878,
GM0007464,GT0001852,SRA_M0006072,,SRC_M0002894
GM0007465,GT0001852,SRA_M0006073,,SRC_M0002895
GM0007466,GT0001852,SRA_M0006074,,SRC_M0002896
GM0007467,GT0001853,SRA_M0006075,,SRC_M0002897
GM0007468,GT0001853,SRA_M0006076,,SRC_M0002898
GM0007469,GT0001853,SRA_M0006077,,SRC_M0002899
GM0007470,GT0001853,SRA_M0006078,,SRC_M0002900
GM0007471,GT0001853,,,SRC_M0002901
GM0007472,GT0001853,SRA_M0006079,,
GM0007473,GT0001854,SRA_M0006080,SRB_M0004879,
GM0007474,GT0001854,SRA_M0006081,SRB_M0004880,
GM0007475,GT0001854,SRA_M0006082,SRB_M0004881,
GM0007476,GT0001855,,SRB_M0004882,SRC_M0002902
GM0007477,GT0001855,,SRB_M0004883,SRC_M0002903
GM0007478,GT0001855,,,SRC_M0002904
GM0007479,GT0001856,SRA_M0006083,SRB_M0004884,
GM0007480,GT0001856,SRA_M0006084,SRB_M0004885,
GM0007481,GT0001856,,SRB_M0004886,
GM0007482,GT0001856,SRA_M0006085,SRB_M0004887,
GM0007483,GT0001857,,SRB_M0004888,SRC_M0002905
GM0007484,GT0001857,SRA_M0006086,SRB_M0004889,SRC_M0002906
GM0007485,GT0001857,SRA_M0006087,SRB_M0004890,SRC_M0002907
GM0007486,GT0001858,,,
GM0007487,GT0001858,SRA_M0006088,,SRC_M0002908
GM0007488,GT0001858,SRA_M0006089,,SRC_M0002909
GM0007489,GT0001858,SRA_M0006090,,
GM0007490,GT0001859,SRA_M0006091,SRB_M0004891,
GM0007491,GT0001859,SRA_M0006092,SRB_M0004892,
GM0007492,GT0001860,SRA_M0006093,,
GM0007493,GT0001860,SRA_M0006094,,
GM0007494,GT0001861,,SRB_M0004893,SRC_M0002910
GM0007495,GT0001861,,SRB_M0004894,SRC_M0002911
GM0007496,GT0001862,SRA_M0006095,SRB_M0004895,
GM0007497,GT0001862,SRA_M0006096,,
GM0007498,GT0001862,SRA_M0006097,SRB_M0004896,
GM0007499,GT0001862,SRA_M0006098,,
GM0007500,GT0001862,SRA_M0006099,,
GM0007501,GT0001863,SRA_M0006100,SRB_M0004897,SRC_M0002912
GM0007502,GT0001863,SRA_M0006101,SRB_M0004898,SRC_M0002913
GM0007503,GT0001863,SRA_M0006102,,SRC_M0002914
GM0007504,GT0001863,SRA_M0006103,SRB_M0004899,SRC_M0002915
GM0007505,GT0001863,SRA_M0006104,SRB_M0004900,SRC_M0002916
GM0007506,GT0001863,SRA_M0006105,SRB_M0004901,SRC_M0002917
GM0007507,GT0001864,SRA_M0006106,,
GM0007508,GT0001864,SRA_M0006107,SRB_M0004902,
GM0007509,GT0001864,,SRB_M0004903,
GM0007510,GT0001864,SRA_M0006108,SRB_M0004904,
GM0007511,GT0001864,SRA_M0006109,SRB_M0004905,
GM0007512,GT0001865,SRA_M0006110,SRB_M0004906,
GM0007513,GT0001865,SRA_M0006111,SRB_M0004907,
GM0007514,GT0001865,SRA_M0006112,SRB_M0004908,
GM0007515,GT0001865,SRA_M0006113,,
GM0007516,GT0001865,SRA_M0006114,,
GM0007517,GT0001866,SRA_M0006115,SRB_M0004909,
GM0007518,GT0001866,SRA_M0006116,SRB_M0004910,SRC_M0002918
GM0007519,GT0001866,SRA_M0006117,SRB_M0004911,SRC_M0002919
GM0007520,GT0001867,,,
GM0007521,GT0001867,,SRB_M0004912,
GM0007522,GT0001867,,,
GM0007523,GT0001867,,,
GM0007524,GT0001867,,SRB_M0004913,
GM0007525,GT0001868,SRA_M0006118,,
GM0007526,GT0001868,SRA_M0006119,SRB_M0004914,
GM0007527,GT0001868,,SRB_M0004915,
GM0007528,GT0001869,SRA_M0006120,,
GM0007529,GT0001869,SRA_M0006121,,
GM0007530,GT0001869,SRA_M0006122,,
GM0007531,GT0001869,SRA_M0006123,,
GM0007532,GT0001869,SRA_M0006124,SRB_M0004916,
GM0007533,GT0001870,,SRB_M0004917,
GM0007534,GT0001870,SRA_M0006125,SRB_M0004918,
GM0007535,GT0001871,SRA_M0006126,SRB_M0004919,
GM0007536,GT0001871,,,
GM0007537,GT0001872,SRA_M0006127,SRB_M0004920,
GM0007538,GT0001872,SRA_M0006128,SRB_M0004921,
GM0007539,GT0001872,,SRB_M0004922,
GM0007540,GT0001872,,SRB_M0004923,
GM0007541,GT0001872,SRA_M0006129,,
GM0007542,GT0001872,SRA_M0006130,SRB_M0004924,
GM0007543,GT0001873,SRA_M0006131,SRB_M0004925,
GM0007544,GT0001873,,SRB_M0004926,
GM0007545,GT0001873,,SRB_M0004927,
GM0007546,GT0001873,SRA_M0006132,SRB_M0004928,
GM0007547,GT0001873,SRA_M0006133,SRB_M0004929,
GM0007548,GT0001873,SRA_M0006134,SRB_M0004930,
GM0007549,GT0001874,SRA_M0006135,,SRC_M0002920
GM0007550,GT0001874,SRA_M0006136,SRB_M0004931,SRC_M0002921
GM0007551,GT0001874,,SRB_M0004932,
GM0007552,GT0001874,SRA_M0006137,SRB_M0004933,SRC_M0002922
GM0007553,GT0001874,SRA_M0006138,SRB_M0004934,SRC_M0002923
GM0007554,GT0001875,SRA_M0006139,,SRC_M0002924
GM0007555,GT0001875,SRA_M0006140,SRB_M0004935,
GM0007556,GT0001876,,,SRC_M0002925
GM0007557,GT0001876,SRA_M0006141,,SRC_M0002926
GM0007558,GT0001876,SRA_M0006142,,SRC_M0002927
GM0007559,GT0001876,SRA_M0006143,,SRC_M0002928
GM0007560,GT0001876,SRA_M0006144,,SRC_M0002929
GM0007561,GT0001877,SRA_M0006145,,
GM0007562,GT0001877,SRA_M0006146,,
GM0007563,GT0001878,SRA_M0006147,SRB_M0004936,
GM0007564,GT0001878,SRA_M0006148,SRB_M0004937,
GM0007565,GT0001878,SRA_M0006149,SRB_M0004938,
GM0007566,GT0001878,SRA_M0006150,SRB_M0004939,
GM0007567,GT0001879,SRA_M0006151,,SRC_M0002930
GM0007568,GT0001879,SRA_M0006152,,
GM0007569,GT0001879,SRA_M0006153,,SRC_M0002931
GM0007570,GT0001879,SRA_M0006154,,SRC_M0002932
GM0007571,GT0001879,SRA_M0006155,,SRC_M0002933
GM0007572,GT0001879,SRA_M0006156,,SRC_M0002934
GM0007573,GT0001880,SRA_M0006157,SRB_M0004940,SRC_M0002935
GM0007574,GT0001880,SRA_M0006158,SRB_M0004941,SRC_M0002936
GM0007575,GT0001880,SRA_M0006159,SRB_M0004942,SRC_M0002937
GM0007576,GT0001880,SRA_M0006160,SRB_M0004943,SRC_M0002938
GM0007577,GT0001880,,SRB_M0004944,SRC_M0002939
GM0007578,GT0001881,SRA_M0006161,SRB_M0004945,SRC_M0002940
GM0007579,GT0001881,SRA_M0006162,SRB_M0004946,SRC_M0002941
GM0007580,GT0001881,,SRB_M0004947,
GM0007581,GT0001881,,SRB_M0004948,SRC_M0002942
GM0007582,GT0001882,SRA_M0006163,,
GM0007583,GT0001882,SRA_M0006164,SRB_M0004949,
GM0007584,GT0001882,SRA_M0006165,SRB_M0004950,
GM0007585,GT0001882,SRA_M0006166,,
GM0007586,GT0001882,SRA_M0006167,SRB_M0004951,
GM0007587,GT0001882,SRA_M0006168,SRB_M0004952,
GM0007588,GT0001883,SRA_M0006169,,
GM0007589,GT0001883,,,
GM0007590,GT0001884,SRA_M0006170,SRB_M0004953,SRC_M0002943
GM0007591,GT0001884,SRA_M0006171,,SRC_M0002944
GM0007592,GT0001885,SRA_M0006172,SRB_M0004954,
GM0007593,GT0001885,SRA_M0006173,SRB_M0004955,
GM0007594,GT0001885,SRA_M0006174,SRB_M0004956,
GM0007595,GT0001885,SRA_M0006175,SRB_M0004957,
GM0007596,GT0001885,SRA_M0006176,SRB_M0004958,
GM0007597,GT0001886,SRA_M0006177,,
GM0007598,GT0001886,SRA_M0006178,SRB_M0004959,
GM0007599,GT0001886,SRA_M0006179,SRB_M0004960,
GM0007600,GT0001887,SRA_M0006180,,
GM0007601,GT0001887,SRA_M0006181,,
GM0007602,GT0001887,,,
GM0007603,GT0001887,SRA_M0006182,,
GM0007604,GT0001888,SRA_M0006183,,SRC_M0002945
GM0007605,GT0001888,,SRB_M0004961,SRC_M0002946
GM0007606,GT0001889,SRA_M0006184,SRB_M0004962,
GM0007607,GT0001889,SRA_M0006185,SRB_M0004963,
GM0007608,GT0001889,SRA_M0006186,SRB_M0004964,
GM0007609,GT0001889,SRA_M0006187,SRB_M0004965,
GM0007610,GT0001889,SRA_M0006188,SRB_M0004966,
GM0007611,GT0001890,SRA_M0006189,SRB_M0004967,
GM0007612,GT0001890,SRA_M0006190,SRB_M0004968,
GM0007613,GT0001890,SRA_M0006191,,
GM0007614,GT0001890,SRA_M0006192,SRB_M0004969,
GM0007615,GT0001891,SRA_M0006194,SRB_M0004970,
GM0007616,GT0001891,SRA_M0006195,SRB_M0004971,
GM0007617,GT0001892,SRA_M0006196,SRB_M0004972,
GM0007618,GT0001892,SRA_M0006197,SRB_M0004973,
GM0007619,GT0001893,SRA_M0006198,SRB_M0004975,
GM0007620,GT0001893,SRA_M0006199,SRB_M0004976,
GM0007621,GT0001893,SRA_M0006200,SRB_M0004977,
GM0007622,GT0001893,SRA_M0006201,SRB_M0004978,
GM0007623,GT0001894,SRA_M0006202,,SRC_M0002947
GM0007624,GT0001894,SRA_M0006203,,SRC_M0002948
GM0007625,GT0001895,SRA_M0006204,,
GM0007626,GT0001895,,,
GM0007627,GT0001895,SRA_M0006205,,
GM0007628,GT0001896,SRA_M0006206,SRB_M0004979,SRC_M0002949
GM0007629,GT0001896,SRA_M0006207,SRB_M0004980,SRC_M0002950
GM0007630,GT0001896,SRA_M0006208,SRB_M0004981,SRC_M0002951
GM0007631,GT0001897,SRA_M0006209,SRB_M0004982,SRC_M0002952
GM0007632,GT0001897,SRA_M0006210,SRB_M0004983,SRC_M0002953
GM0007633,GT0001897,SRA_M0006211,,SRC_M0002954
GM0007634,GT0001897,SRA_M0006212,SRB_M0004984,
GM0007635,GT0001897,SRA_M0006213,SRB_M0004985,SRC_M0002955
GM0007636,GT0001897,SRA_M0006214,SRB_M0004986,SRC_M0002956
GM0007637,GT0001898,SRA_M0006215,,
GM0007638,GT0001898,SRA_M0006216,SRB_M0004987,
GM0007639,GT0001899,SRA_M0006217,SRB_M0004988,
GM0007640,GT0001899,SRA_M0006218,SRB_M0004989,SRC_M0002957
GM0007641,GT0001900,SRA_M0006219,SRB_M0004990,SRC_M0002958
GM0007642,GT0001900,SRA_M0006220,SRB_M0004991,
GM0007643,GT0001901,,SRB_M0004992,
GM0007644,GT0001901,SRA_M0006221,SRB_M0004993,SRC_M0002959
GM0007645,GT0001901,,,SRC_M0002960
GM0007646,GT0001901,SRA_M0006222,SRB_M0004994,
GM0007647,GT0001901,SRA_M0006223,SRB_M0004995,
GM0007648,GT0001902,SRA_M0006224,,SRC_M0002961
GM0007649,GT0001902,,,
GM0007650,GT0001902,SRA_M0006225,,SRC_M0002962
GM0007651,GT0001902,SRA_M0006226,,SRC_M0002963
GM0007652,GT0001902,SRA_M0006227,,SRC_M0002964
GM0007653,GT0001902,SRA_M0006228,,SRC_M0002965
GM0007654,GT0001903,SRA_M0006229,SRB_M0004996,SRC_M0002966
GM0007655,GT0001903,SRA_M0006230,SRB_M0004997,SRC_M0002967
GM0007656,GT0001903,SRA_M0006231,SRB_M0004998,SRC_M0002968
GM0007657,GT0001903,SRA_M0006232,SRB_M0004999,SRC_M0002969
GM0007658,GT0001903,SRA_M0006233,SRB_M0005000,SRC_M0002970
GM0007659,GT0001903,SRA_M0006234,SRB_M0005001,SRC_M0002971
GM0007660,GT0001904,SRA_M0006235,SRB_M0005002,
GM0007661,GT0001904,SRA_M0006236,SRB_M0005003,
GM0007662,GT0001904,,SRB_M0005004,
GM0007663,GT0001904,SRA_M0006237,SRB_M0005005,
GM0007664,GT0001905,SRA_M0006238,SRB_M0005006,
GM0007665,GT0001905,,SRB_M0005007,
GM0007666,GT0001905,SRA_M0006239,SRB_M0005008,
GM0007667,GT0001905,SRA_M0006240,SRB_M0005009,
GM0007668,GT0001905,SRA_M0006241,,
GM0007669,GT0001905,SRA_M0006242,SRB_M0005010,
GM0007670,GT0001906,SRA_M0006243,,SRC_M0002972
GM0007671,GT0001906,SRA_M0006244,,SRC_M0002973
GM0007672,GT0001906,SRA_M0006245,,SRC_M0002974
GM0007673,GT0001906,SRA_M0006246,,SRC_M0002975
GM0007674,GT0001906,SRA_M0006247,,SRC_M0002976
GM0007675,GT0001906,SRA_M0006248,,SRC_M0002977
GM0007676,GT0001907,,SRB_M0005011,
GM0007677,GT0001907,SRA_M0006249,SRB_M0005012,SRC_M0002978
GM0007678,GT0001907,SRA_M0006250,SRB_M0005013,SRC_M0002979
GM0007679,GT0001907,SRA_M0006251,SRB_M0005014,SRC_M0002980
GM0007680,GT0001907,SRA_M0006252,SRB_M0005015,
GM0007681,GT0001908,SRA_M0006253,SRB_M0005016,SRC_M0002981
GM0007682,GT0001908,SRA_M0006254,,SRC_M0002982
GM0007683,GT0001908,SRA_M0006255,SRB_M0005017,SRC_M0002983
GM0007684,GT0001908,SRA_M0006256,,SRC_M0002984
GM0007685,GT0001908,SRA_M0006257,SRB_M0005018,SRC_M0002985
GM0007686,GT0001908,SRA_M0006258,SRB_M0005019,SRC_M0002986
GM0007687,GT0001909,SRA_M0006259,SRB_M0005020,
GM0007688,GT0001909,,,
GM0007689,GT0001910,,SRB_M0005021,SRC_M0002987
GM0007690,GT0001910,SRA_M0006260,SRB_M0005022,SRC_M0002988
GM0007691,GT0001910,SRA_M0006261,SRB_M0005023,SRC_M0002989
GM0007692,GT0001911,SRA_M0006262,SRB_M0005024,
GM0007693,GT0001911,SRA_M0006263,SRB_M0005025,
GM0007694,GT0001911,SRA_M0006264,SRB_M0005026,
GM0007695,GT0001911,,SRB_M0005027,
GM0007696,GT0001911,SRA_M0006265,SRB_M0005028,
GM0007697,GT0001911,SRA_M0006266,SRB_M0005029,
GM0007698,GT0001912,SRA_M0006267,SRB_M0005030,SRC_M0002990
GM0007699,GT0001912,SRA_M0006268,SRB_M0005031,SRC_M0002991
GM0007700,GT0001912,SRA_M0006269,SRB_M0005032,SRC_M0002992
GM0007701,GT0001912,SRA_M0006270,SRB_M0005033,SRC_M0002993
GM0007702,GT0001913,,SRB_M0005034,
GM0007703,GT0001913,,,
GM0007704,GT0001913,,SRB_M0005035,
GM0007705,GT0001913,,,
GM0007706,GT0001913,,SRB_M0005036,
GM0007707,GT0001913,,SRB_M0005037,
GM0007708,GT0001914,SRA_M0006271,,SRC_M0002994
GM0007709,GT0001914,SRA_M0006272,,
GM0007710,GT0001914,SRA_M0006273,,SRC_M0002995
GM0007711,GT0001914,SRA_M0006274,,
GM0007712,GT0001914,,,
GM0007713,GT0001914,SRA_M0006275,,
GM0007714,GT0001915,,,
GM0007715,GT0001915,SRA_M0006276,,SRC_M0002996
GM0007716,GT0001915,,,SRC_M0002997
GM0007717,GT0001915,,,
GM0007718,GT0001915,SRA_M0006277,,SRC_M0002998
GM0007719,GT0001916,SRA_M0006278,SRB_M0005038,
GM0007720,GT0001916,SRA_M0006279,,
GM0007721,GT0001916,SRA_M0006280,,
GM0007722,GT0001916,SRA_M0006281,SRB_M0005039,
GM0007723,GT0001916,SRA_M0006282,SRB_M0005040,
GM0007724,GT0001917,SRA_M0006283,SRB_M0005041,
GM0007725,GT0001917,SRA_M0006284,SRB_M0005042,
GM0007726,GT0001917,SRA_M0006285,SRB_M0005043,
GM0007727,GT0001917,SRA_M0006286,SRB_M0005044,
GM0007728,GT0001917,SRA_M0006287,SRB_M0005045,
GM0007729,GT0001917,SRA_M0006288,SRB_M0005046,
GM0007730,GT0001918,SRA_M0006289,SRB_M0005047,
GM0007731,GT0001918,SRA_M0006290,SRB_M0005048,
GM0007732,GT0001918,SRA_M0006291,SRB_M0005049,
GM0007733,GT0001918,SRA_M0006292,SRB_M0005050,
GM0007734,GT0001918,,SRB_M0005051,
GM0007735,GT0001919,SRA_M0006293,SRB_M0005052,SRC_M0002999
GM0007736,GT0001919,SRA_M0006294,SRB_M0005053,SRC_M0003000
GM0007737,GT0001919,,SRB_M0005054,SRC_M0003001
GM0007738,GT0001919,SRA_M0006295,SRB_M0005055,SRC_M0003002
GM0007739,GT0001919,SRA_M0006296,SRB_M0005056,SRC_M0003003
GM0007740,GT0001919,SRA_M0006297,,SRC_M0003004
GM0007741,GT0001920,SRA_M0006298,,
GM0007742,GT0001920,SRA_M0006299,,
GM0007743,GT0001921,SRA_M0006300,,
GM0007744,GT0001921,SRA_M0006301,SRB_M0005057,
GM0007745,GT0001921,SRA_M0006302,SRB_M0005058,
GM0007746,GT0001921,SRA_M0006303,SRB_M0005059,
GM0007747,GT0001921,SRA_M0006304,SRB_M0005060,
GM0007748,GT0001922,SRA_M0006305,SRB_M0005061,SRC_M0003005
GM0007749,GT0001922,SRA_M0006306,SRB_M0005062,SRC_M0003006
GM0007750,GT0001922,SRA_M0006307,,SRC_M0003007
GM0007751,GT0001923,,SRB_M0005063,SRC_M0003008
GM0007752,GT0001923,,SRB_M0005064,SRC_M0003009
GM0007753,GT0001923,SRA_M0006309,SRB_M0005065,SRC_M0003010
GM0007754,GT0001923,,SRB_M0005066,SRC_M0003011
GM0007755,GT0001923,,SRB_M0005067,SRC_M0003012
GM0007756,GT0001923,SRA_M0006310,SRB_M0005068,SRC_M0003013
GM0007757,GT0001924,SRA_M0006311,SRB_M0005069,
GM0007758,GT0001924,SRA_M0006312,SRB_M0005070,
GM0007759,GT0001925,SRA_M0006313,SRB_M0005071,SRC_M0003014
GM0007760,GT0001925,,SRB_M0005072,SRC_M0003015
GM0007761,GT0001925,SRA_M0006314,SRB_M0005073,SRC_M0003016
GM0007762,GT0001925,SRA_M0006315,SRB_M0005074,SRC_M0003017
GM0007763,GT0001926,SRA_M0006316,,
GM0007764,GT0001926,SRA_M0006317,,
GM0007765,GT0001926,SRA_M0006318,,
GM0007766,GT0001927,SRA_M0006319,SRB_M0005075,
GM0007767,GT0001927,,,
GM0007768,GT0001927,SRA_M0006320,SRB_M0005076,
GM0007769,GT0001928,SRA_M0006321,SRB_M0005077,SRC_M0003018
GM0007770,GT0001928,,SRB_M0005078,
GM0007771,GT0001929,SRA_M0006322,,
GM0007772,GT0001929,SRA_M0006323,,
GM0007773,GT0001930,,SRB_M0005080,SRC_M0003019
GM0007774,GT0001930,,SRB_M0005081,SRC_M0003020
GM0007775,GT0001930,,SRB_M0005082,
GM0007776,GT0001930,,SRB_M0005083,SRC_M0003021
GM0007777,GT0001930,,SRB_M0005084,SRC_M0003022
GM0007778,GT0001930,,SRB_M0005085,SRC_M0003023
GM0007779,GT0001931,SRA_M0006325,,
GM0007780,GT0001931,SRA_M0006326,SRB_M0005086,
GM0007781,GT0001932,SRA_M0006327,,
GM0007782,GT0001932,SRA_M0006328,,
GM0007783,GT0001932,SRA_M0006329,,
GM0007784,GT0001932,SRA_M0006330,,
GM0007785,GT0001932,SRA_M0006331,,
GM0007786,GT0001933,SRA_M0006332,SRB_M0005087,SRC_M0003024
GM0007787,GT0001933,SRA_M0006333,SRB_M0005088,SRC_M0003025
GM0007788,GT0001933,SRA_M0006334,SRB_M0005089,SRC_M0003026
GM0007789,GT0001934,SRA_M0006335,SRB_M0005090,SRC_M0003027
GM0007790,GT0001934,SRA_M0006336,,
GM0007791,GT0001934,SRA_M0006337,,SRC_M0003028
GM0007792,GT0001934,SRA_M0006338,,SRC_M0003029
GM0007793,GT0001934,SRA_M0006339,SRB_M0005091,SRC_M0003030
GM0007794,GT0001934,,SRB_M0005092,
GM0007795,GT0001935,,SRB_M0005093,SRC_M0003031
GM0007796,GT0001935,SRA_M0006340,SRB_M0005094,SRC_M0003032
GM0007797,GT0001935,SRA_M0006341,SRB_M0005095,
GM0007798,GT0001935,SRA_M0006342,SRB_M0005096,
GM0007799,GT0001935,SRA_M0006343,SRB_M0005097,
GM0007800,GT0001936,SRA_M0006344,SRB_M0005098,
GM0007801,GT0001936,SRA_M0006345,SRB_M0005099,
GM0007802,GT0001936,,SRB_M0005100,
GM0007803,GT0001936,SRA_M0006346,SRB_M0005101,
GM0007804,GT0001937,SRA_M0006347,SRB_M0005102,SRC_M0003033
GM0007805,GT0001937,SRA_M0006348,,
GM0007806,GT0001937,SRA_M0006349,SRB_M0005103,
GM0007807,GT0001937,SRA_M0006350,SRB_M0005104,
GM0007808,GT0001938,SRA_M0006351,SRB_M0005105,
GM0007809,GT0001938,SRA_M0006352,SRB_M0005106,SRC_M0003034
GM0007810,GT0001938,SRA_M0006353,SRB_M0005107,
GM0007811,GT0001938,SRA_M0006354,,SRC_M0003035
GM0007812,GT0001938,SRA_M0006355,SRB_M0005108,SRC_M0003036
GM0007813,GT0001938,SRA_M0006356,,SRC_M0003037
GM0007814,GT0001939,SRA_M0006357,SRB_M0005109,SRC_M0003038
GM0007815,GT0001939,SRA_M0006358,SRB_M0005110,SRC_M0003039
GM0007816,GT0001939,SRA_M0006359,SRB_M0005111,SRC_M0003040
GM0007817,GT0001939,SRA_M0006360,SRB_M0005112,SRC_M0003041
GM0007818,GT0001939,SRA_M0006361,SRB_M0005113,
GM0007819,GT0001940,SRA_M0006362,,
GM0007820,GT0001940,SRA_M0006363,,
GM0007821,GT0001941,,SRB_M0005114,
GM0007822,GT0001941,SRA_M0006364,SRB_M0005115,
GM0007823,GT0001941,SRA_M0006365,SRB_M0005116,
GM0007824,GT0001941,SRA_M0006366,SRB_M0005117,
GM0007825,GT0001942,SRA_M0006367,SRB_M0005118,SRC_M0003042
GM0007826,GT0001942,SRA_M0006368,,SRC_M0003043
GM0007827,GT0001942,SRA_M0006369,SRB_M0005119,SRC_M0003044
GM0007828,GT0001942,SRA_M0006370,SRB_M0005120,SRC_M0003045
GM0007829,GT0001942,SRA_M0006371,SRB_M0005121,SRC_M0003046
GM0007830,GT0001943,,,SRC_M0003047
GM0007831,GT0001943,,,SRC_M0003048
GM0007832,GT0001943,,,SRC_M0003049
GM0007833,GT0001943,,,
GM0007834,GT0001944,SRA_M0006372,,
GM0007835,GT0001944,SRA_M0006373,,
GM0007836,GT0001945,SRA_M0006374,SRB_M0005122,
GM0007837,GT0001945,SRA_M0006375,,SRC_M0003050
GM0007838,GT0001945,SRA_M0006376,,SRC_M0003051
GM0007839,GT0001946,SRA_M0006377,SRB_M0005123,
GM0007840,GT0001946,SRA_M0006378,SRB_M0005124,
GM0007841,GT0001946,,,
GM0007842,GT0001946,SRA_M0006379,SRB_M0005125,
GM0007843,GT0001946,SRA_M0006380,SRB_M0005126,
GM0007844,GT0001947,SRA_M0006381,SRB_M0005127,
GM0007845,GT0001947,,SRB_M0005128,SRC_M0003052
GM0007846,GT0001948,SRA_M0006382,SRB_M0005129,
GM0007847,GT0001948,SRA_M0006383,SRB_M0005130,
GM0007848,GT0001948,SRA_M0006384,SRB_M0005131,
GM0007849,GT0001948,SRA_M0006385,,
GM0007850,GT0001948,SRA_M0006386,SRB_M0005132,
GM0007851,GT0001949,SRA_M0006387,SRB_M0005133,SRC_M0003053
GM0007852,GT0001949,SRA_M0006388,SRB_M0005134,SRC_M0003054
GM0007853,GT0001950,,SRB_M0005135,
GM0007854,GT0001950,SRA_M0006389,,
GM0007855,GT0001950,SRA_M0006390,SRB_M0005136,
GM0007856,GT0001951,SRA_M0006391,SRB_M0005137,SRC_M0003055
GM0007857,GT0001951,SRA_M0006392,,SRC_M0003056
GM0007858,GT0001951,SRA_M0006393,SRB_M0005138,
GM0007859,GT0001951,SRA_M0006394,SRB_M0005139,SRC_M0003057
GM0007860,GT0001951,SRA_M0006395,SRB_M0005140,SRC_M0003058
GM0007861,GT0001951,SRA_M0006396,,SRC_M0003059
GM0007862,GT0001952,SRA_M0006397,,
GM0007863,GT0001952,SRA_M0006398,,
GM0007864,GT0001952,SRA_M0006399,,
GM0007865,GT0001953,,,
GM0007866,GT0001953,,SRB_M0005141,
GM0007867,GT0001953,SRA_M0006400,SRB_M0005142,
GM0007868,GT0001954,SRA_M0006401,SRB_M0005143,SRC_M0003060
GM0007869,GT0001954,SRA_M0006402,SRB_M0005144,SRC_M0003061
GM0007870,GT0001955,SRA_M0006403,SRB_M0005145,
GM0007871,GT0001955,,SRB_M0005146,
GM0007872,GT0001955,SRA_M0006404,SRB_M0005147,
GM0007873,GT0001955,SRA_M0006405,SRB_M0005148,
GM0007874,GT0001955,SRA_M0006406,SRB_M0005149,
GM0007875,GT0001955,SRA_M0006407,,
GM0007876,GT0001956,SRA_M0006408,SRB_M0005150,SRC_M0003062
GM0007877,GT0001956,SRA_M0006409,SRB_M0005151,SRC_M0003063
GM0007878,GT0001956,SRA_M0006410,SRB_M0005152,SRC_M0003064
GM0007879,GT0001957,SRA_M0006411,,SRC_M0003065
GM0007880,GT0001957,SRA_M0006412,,SRC_M0003066
GM0007881,GT0001957,SRA_M0006413,,SRC_M0003067
GM0007882,GT0001957,SRA_M0006414,,SRC_M0003068
GM0007883,GT0001958,SRA_M0006415,SRB_M0005153,
GM0007884,GT0001958,SRA_M0006416,SRB_M0005154,
GM0007885,GT0001958,SRA_M0006417,SRB_M0005155,
GM0007886,GT0001958,SRA_M0006418,,
GM0007887,GT0001958,SRA_M0006419,SRB_M0005156,
GM0007888,GT0001958,SRA_M0006420,SRB_M0005157,
GM0007889,GT0001959,SRA_M0006421,SRB_M0005158,SRC_M0003069
GM0007890,GT0001959,SRA_M0006422,SRB_M0005159,
GM0007891,GT0001959,SRA_M0006423,SRB_M0005160,SRC_M0003070
GM0007892,GT0001959,SRA_M0006424,SRB_M0005161,
GM0007893,GT0001959,SRA_M0006425,SRB_M0005162,SRC_M0003071
GM0007894,GT0001959,SRA_M0006426,SRB_M0005163,SRC_M0003072
GM0007895,GT0001960,,SRB_M0005164,SRC_M0003073
GM0007896,GT0001960,,SRB_M0005165,SRC_M0003074
GM0007897,GT0001960,SRA_M0006427,SRB_M0005166,SRC_M0003075
GM0007898,GT0001960,SRA_M0006428,SRB_M0005167,SRC_M0003076
GM0007899,GT0001960,SRA_M0006429,SRB_M0005168,
GM0007900,GT0001960,SRA_M0006430,SRB_M0005169,SRC_M0003077
GM0007901,GT0001961,SRA_M0006431,SRB_M0005170,SRC_M0003078
GM0007902,GT0001961,SRA_M0006432,SRB_M0005171,SRC_M0003079
GM0007903,GT0001961,SRA_M0006433,SRB_M0005172,
GM0007904,GT0001961,SRA_M0006434,SRB_M0005173,
GM0007905,GT0001962,,,
GM0007906,GT0001962,,,
GM0007907,GT0001962,,SRB_M0005174,
GM0007908,GT0001962,,SRB_M0005175,
GM0007909,GT0001963,,SRB_M0005176,SRC_M0003080
GM0007910,GT0001963,,SRB_M0005177,SRC_M0003081
GM0007911,GT0001963,,SRB_M0005178,SRC_M0003082
GM0007912,GT0001963,,SRB_M0005179,SRC_M0003083
GM0007913,GT0001963,,SRB_M0005180,SRC_M0003084
GM0007914,GT0001964,,SRB_M0005181,
GM0007915,GT0001964,,SRB_M0005182,
GM0007916,GT0001965,SRA_M0006435,SRB_M0005183,SRC_M0003085
GM0007917,GT0001965,SRA_M0006436,SRB_M0005184,
GM0007918,GT0001965,SRA_M0006437,SRB_M0005185,SRC_M0003086
GM0007919,GT0001966,SRA_M0006439,,
GM0007920,GT0001966,,,SRC_M0003087
GM0007921,GT0001966,SRA_M0006440,,SRC_M0003088
GM0007922,GT0001966,SRA_M0006441,,SRC_M0003089
GM0007923,GT0001966,SRA_M0006442,,SRC_M0003090
GM0007924,GT0001966,SRA_M0006443,,SRC_M0003091
GM0007925,GT0001967,SRA_M0006444,SRB_M0005186,SRC_M0003092
GM0007926,GT0001967,SRA_M0006445,SRB_M0005187,
GM0007927,GT0001967,SRA_M0006446,SRB_M0005188,SRC_M0003093
GM0007928,GT0001967,SRA_M0006447,SRB_M0005189,SRC_M0003094
GM0007929,GT0001968,,SRB_M0005190,SRC_M0003095
GM0007930,GT0001968,SRA_M0006448,SRB_M0005191,SRC_M0003096
GM0007931,GT0001969,SRA_M0006449,,
GM0007932,GT0001969,SRA_M0006450,,
GM0007933,GT0001969,SRA_M0006451,,
GM0007934,GT0001970,SRA_M0006452,SRB_M0005192,
GM0007935,GT0001970,SRA_M0006453,SRB_M0005193,SRC_M0003097
GM0007936,GT0001970,SRA_M0006454,,SRC_M0003098
GM0007937,GT0001970,SRA_M0006455,SRB_M0005194,
GM0007938,GT0001971,,SRB_M0005195,
GM0007939,GT0001971,,SRB_M0005196,
GM0007940,GT0001971,SRA_M0006456,SRB_M0005197,SRC_M0003099
GM0007941,GT0001971,SRA_M0006457,,SRC_M0003100
GM0007942,GT0001971,SRA_M0006458,,SRC_M0003101
GM0007943,GT0001971,,SRB_M0005198,SRC_M0003102
GM0007944,GT0001972,,,SRC_M0003103
GM0007945,GT0001972,SRA_M0006459,,SRC_M0003104
GM0007946,GT0001972,SRA_M0006460,,SRC_M0003105
GM0007947,GT0001972,SRA_M0006461,,SRC_M0003106
GM0007948,GT0001972,SRA_M0006462,,SRC_M0003107
GM0007949,GT0001973,SRA_M0006463,SRB_M0005199,
GM0007950,GT0001973,SRA_M0006464,SRB_M0005200,
GM0007951,GT0001973,SRA_M0006465,SRB_M0005201,
GM0007952,GT0001973,SRA_M0006466,SRB_M0005202,
GM0007953,GT0001973,SRA_M0006467,SRB_M0005203,
GM0007954,GT0001973,,SRB_M0005204,
GM0007955,GT0001974,SRA_M0006468,,SRC_M0003108
GM0007956,GT0001974,SRA_M0006469,,SRC_M0003109
GM0007957,GT0001974,SRA_M0006470,,SRC_M0003110
GM0007958,GT0001975,,SRB_M0005205,
GM0007959,GT0001975,,SRB_M0005206,
GM0007960,GT0001975,,,
GM0007961,GT0001975,,SRB_M0005207,
GM0007962,GT0001975,,SRB_M0005208,
GM0007963,GT0001975,,,
GM0007964,GT0001976,SRA_M0006471,SRB_M0005209,SRC_M0003111
GM0007965,GT0001976,SRA_M0006472,SRB_M0005210,SRC_M0003112
GM0007966,GT0001976,SRA_M0006473,SRB_M0005211,
GM0007967,GT0001977,SRA_M0006474,SRB_M0005212,SRC_M0003113
GM0007968,GT0001977,SRA_M0006475,SRB_M0005213,SRC_M0003114
GM0007969,GT0001977,SRA_M0006476,SRB_M0005214,SRC_M0003115
GM0007970,GT0001977,SRA_M0006477,SRB_M0005215,SRC_M0003116
GM0007971,GT0001977,SRA_M0006478,SRB_M0005216,SRC_M0003117
GM0007972,GT0001978,SRA_M0006479,,
GM0007973,GT0001978,SRA_M0006480,,
GM0007974,GT0001978,,,
GM0007975,GT0001978,SRA_M0006481,,
GM0007976,GT0001979,,SRB_M0005217,SRC_M0003118
GM0007977,GT0001979,,SRB_M0005218,SRC_M0003119
GM0007978,GT0001979,,SRB_M0005219,SRC_M0003120
GM0007979,GT0001979,,SRB_M0005220,SRC_M0003121
GM0007980,GT0001979,,SRB_M0005221,SRC_M0003122
GM0007981,GT0001980,SRA_M0006482,,
GM0007982,GT0001980,SRA_M0006483,,
GM0007983,GT0001980,SRA_M0006484,,
GM0007984,GT0001980,SRA_M0006485,,
GM0007985,GT0001981,SRA_M0006486,SRB_M0005222,SRC_M0003123
GM0007986,GT0001981,SRA_M0006487,SRB_M0005223,SRC_M0003124
GM0007987,GT0001981,SRA_M0006488,SRB_M0005224,SRC_M0003125
GM0007988,GT0001981,SRA_M0006489,SRB_M0005225,
GM0007989,GT0001981,SRA_M0006490,SRB_M0005226,
GM0007990,GT0001981,,SRB_M0005227,SRC_M0003126
GM0007991,GT0001982,SRA_M0006491,SRB_M0005228,SRC_M0003127
GM0007992,GT0001982,SRA_M0006492,SRB_M0005229,SRC_M0003128
GM0007993,GT0001982,SRA_M0006493,SRB_M0005230,SRC_M0003129
GM0007994,GT0001982,SRA_M0006494,SRB_M0005231,SRC_M0003130
GM0007995,GT0001983,SRA_M0006495,,SRC_M0003132
GM0007996,GT0001983,SRA_M0006496,,SRC_M0003133
GM0007997,GT0001983,SRA_M0006497,,SRC_M0003134
GM0007998,GT0001983,SRA_M0006498,,SRC_M0003135
GM0007999,GT0001983,SRA_M0006499,,
GM0008000,GT0001983,SRA_M0006500,,
GM0008001,GT0001984,,,
GM0008002,GT0001984,,SRB_M0005232,
GM0008003,GT0001984,,SRB_M0005233,
GM0008004,GT0001984,,SRB_M0005234,
GM0008005,GT0001984,,SRB_M0005235,
GM0008006,GT0001985,,SRB_M0005236,
GM0008007,GT0001985,SRA_M0006501,SRB_M0005237,
GM0008008,GT0001985,SRA_M0006502,SRB_M0005238,
GM0008009,GT0001985,SRA_M0006503,SRB_M0005239,
GM0008010,GT0001986,SRA_M0006504,SRB_M0005240,
GM0008011,GT0001986,SRA_M0006505,,
GM0008012,GT0001986,SRA_M0006506,,
GM0008013,GT0001986,SRA_M0006507,,
GM0008014,GT0001987,SRA_M0006508,SRB_M0005241,
GM0008015,GT0001987,SRA_M0006509,,
GM0008016,GT0001987,SRA_M0006510,SRB_M0005242,
GM0008017,GT0001987,,,
GM0008018,GT0001987,SRA_M0006511,SRB_M0005243,
GM0008019,GT0001988,SRA_M0006512,,SRC_M0003136
GM0008020,GT0001988,SRA_M0006513,SRB_M0005244,
GM0008021,GT0001989,SRA_M0006514,,
GM0008022,GT0001989,SRA_M0006515,,
GM0008023,GT0001990,SRA_M0006516,SRB_M0005245,SRC_M0003137
GM0008024,GT0001990,SRA_M0006517,,
GM0008025,GT0001990,SRA_M0006518,SRB_M0005246,SRC_M0003138
GM0008026,GT0001990,SRA_M0006519,SRB_M0005247,SRC_M0003139
GM0008027,GT0001990,SRA_M0006520,SRB_M0005248,SRC_M0003140
GM0008028,GT0001990,SRA_M0006521,SRB_M0005249,SRC_M0003141
GM0008029,GT0001991,SRA_M0006522,SRB_M0005250,SRC_M0003142
GM0008030,GT0001991,SRA_M0006523,SRB_M0005251,SRC_M0003143
GM0008031,GT0001992,SRA_M0006524,,
GM0008032,GT0001992,SRA_M0006525,SRB_M0005252,
GM0008033,GT0001992,SRA_M0006526,SRB_M0005253,
GM0008034,GT0001993,SRA_M0006527,SRB_M0005254,
GM0008035,GT0001993,SRA_M0006528,SRB_M0005255,SRC_M0003144
GM0008036,GT0001993,SRA_M0006529,SRB_M0005256,
GM0008037,GT0001993,SRA_M0006530,SRB_M0005257,SRC_M0003145
GM0008038,GT0001994,SRA_M0006531,,
GM0008039,GT0001994,SRA_M0006532,,SRC_M0003146
GM0008040,GT0001994,SRA_M0006533,,SRC_M0003147
GM0008041,GT0001994,SRA_M0006534,,SRC_M0003148
GM0008042,GT0001995,SRA_M0006535,SRB_M0005258,SRC_M0003149
GM0008043,GT0001995,,SRB_M0005259,
GM0008044,GT0001995,SRA_M0006536,,SRC_M0003150
GM0008045,GT0001995,SRA_M0006537,SRB_M0005260,SRC_M0003151
GM0008046,GT0001995,SRA_M0006538,SRB_M0005261,
GM0008047,GT0001996,SRA_M0006539,,
GM0008048,GT0001996,SRA_M0006540,SRB_M0005262,SRC_M0003152
GM0008049,GT0001996,SRA_M0006541,SRB_M0005263,
GM0008050,GT0001997,SRA_M0006542,SRB_M0005264,SRC_M0003153
GM0008051,GT0001997,SRA_M0006543,SRB_M0005265,
GM0008052,GT0001997,SRA_M0006544,SRB_M0005266,SRC_M0003154
GM0008053,GT0001997,,SRB_M0005267,SRC_M0003155
GM0008054,GT0001997,,SRB_M0005268,SRC_M0003156
GM0008055,GT0001998,,,
GM0008056,GT0001998,,,
GM0008057,GT0001998,,SRB_M0005269,SRC_M0003157
GM0008058,GT0001998,,SRB_M0005270,
GM0008059,GT0001998,,SRB_M0005271,SRC_M0003158
GM0008060,GT0001999,SRA_M0006545,,SRC_M0003159
GM0008061,GT0001999,SRA_M0006546,,SRC_M0003160
GM0008062,GT0001999,SRA_M0006547,,SRC_M0003161
GM0008063,GT0001999,SRA_M0006548,,SRC_M0003162
GM0008064,GT0001999,SRA_M0006549,,SRC_M0003163
GM0008065,GT0001999,SRA_M0006550,,SRC_M0003164
GM0008066,GT0002000,SRA_M0006551,SRB_M0005272,SRC_M0003165
GM0008067,GT0002000,SRA_M0006552,SRB_M0005273,SRC_M0003166
GM0008068,GT0002000,SRA_M0006553,SRB_M0005274,SRC_M0003167
GM0008069,GT0002000,SRA_M0006554,SRB_M0005275,SRC_M0003168
GM0008070,GT0002001,SRA_M0006555,SRB_M0005276,SRC_M0003169
GM0008071,GT0002001,SRA_M0006556,SRB_M0005277,SRC_M0003170
GM0008072,GT0002001,SRA_M0006557,SRB_M0005278,
GM0008073,GT0002001,SRA_M0006558,SRB_M0005279,SRC_M0003171
GM0008074,GT0002002,SRA_M0006559,,SRC_M0003172
GM0008075,GT0002002,SRA_M0006560,SRB_M0005281,SRC_M0003173
GM0008076,GT0002003,SRA_M0006561,,SRC_M0003174
GM0008077,GT0002003,SRA_M0006562,,SRC_M0003175
GM0008078,GT0002003,SRA_M0006563,,SRC_M0003176
GM0008079,GT0002004,SRA_M0006564,,
GM0008080,GT0002004,SRA_M0006565,,
GM0008081,GT0002005,,SRB_M0005282,SRC_M0003177
GM0008082,GT0002005,,SRB_M0005283,SRC_M0003178
GM0008083,GT0002005,,SRB_M0005284,SRC_M0003179
GM0008084,GT0002006,,,SRC_M0003180
GM0008085,GT0002006,,SRB_M0005285,SRC_M0003181
GM0008086,GT0002006,SRA_M0006566,SRB_M0005286,SRC_M0003182
GM0008087,GT0002006,SRA_M0006567,SRB_M0005287,SRC_M0003183
GM0008088,GT0002006,SRA_M0006568,SRB_M0005288,SRC_M0003184
GM0008089,GT0002007,SRA_M0006569,SRB_M0005290,SRC_M0003185
GM0008090,GT0002007,SRA_M0006570,SRB_M0005291,SRC_M0003186
GM0008091,GT0002007,SRA_M0006571,SRB_M0005292,
GM0008092,GT0002007,SRA_M0006572,SRB_M0005293,SRC_M0003187
GM0008093,GT0002007,SRA_M0006573,,SRC_M0003188
GM0008094,GT0002007,SRA_M0006574,SRB_M0005294,SRC_M0003189
GM0008095,GT0002008,SRA_M0006575,,
GM0008096,GT0002008,SRA_M0006576,SRB_M0005296,
GM0008097,GT0002009,SRA_M0006577,SRB_M0005297,SRC_M0003190
GM0008098,GT0002009,SRA_M0006578,SRB_M0005298,SRC_M0003191
GM0008099,GT0002009,SRA_M0006579,SRB_M0005299,SRC_M0003192
GM0008100,GT0002009,SRA_M0006580,,SRC_M0003193
GM0008101,GT0002010,SRA_M0006581,SRB_M0005300,SRC_M0003194
GM0008102,GT0002010,SRA_M0006582,SRB_M0005301,
GM0008103,GT0002010,SRA_M0006583,,SRC_M0003195
GM0008104,GT0002010,SRA_M0006584,SRB_M0005302,SRC_M0003196
GM0008105,GT0002010,SRA_M0006585,,SRC_M0003197
GM0008106,GT0002011,SRA_M0006586,,
GM0008107,GT0002011,SRA_M0006587,SRB_M0005303,
GM0008108,GT0002012,,SRB_M0005304,SRC_M0003198
GM0008109,GT0002012,,SRB_M0005305,SRC_M0003199
GM0008110,GT0002012,,SRB_M0005306,SRC_M0003200
GM0008111,GT0002012,,SRB_M0005307,SRC_M0003201
GM0008112,GT0002012,,SRB_M0005308,
GM0008113,GT0002012,,SRB_M0005309,
GM0008114,GT0002013,,SRB_M0005310,SRC_M0003202
GM0008115,GT0002013,,SRB_M0005311,SRC_M0003203
GM0008116,GT0002013,,SRB_M0005312,SRC_M0003204
GM0008117,GT0002013,,SRB_M0005313,SRC_M0003205
GM0008118,GT0002013,,SRB_M0005314,SRC_M0003206
GM0008119,GT0002013,,SRB_M0005315,
GM0008120,GT0002014,SRA_M0006588,SRB_M0005316,
GM0008121,GT0002014,SRA_M0006589,SRB_M0005317,
GM0008122,GT0002014,SRA_M0006590,SRB_M0005318,
GM0008123,GT0002014,SRA_M0006591,SRB_M0005319,
GM0008124,GT0002014,SRA_M0006592,SRB_M0005320,
GM0008125,GT0002015,SRA_M0006593,SRB_M0005321,SRC_M0003207
GM0008126,GT0002015,SRA_M0006594,,SRC_M0003208
GM0008127,GT0002016,SRA_M0006595,,
GM0008128,GT0002016,SRA_M0006596,SRB_M0005322,
GM0008129,GT0002016,SRA_M0006597,SRB_M0005323,
GM0008130,GT0002016,SRA_M0006598,SRB_M0005324,
GM0008131,GT0002016,SRA_M0006599,SRB_M0005325,
GM0008132,GT0002016,,SRB_M0005326,
GM0008133,GT0002017,SRA_M0006600,SRB_M0005327,
GM0008134,GT0002017,SRA_M0006601,SRB_M0005328,
GM0008135,GT0002018,SRA_M0006602,,SRC_M0003209
GM0008136,GT0002018,SRA_M0006603,,
GM0008137,GT0002019,SRA_M0006604,SRB_M0005329,
GM0008138,GT0002019,SRA_M0006605,SRB_M0005330,
GM0008139,GT0002019,SRA_M0006606,SRB_M0005331,SRC_M0003210
GM0008140,GT0002020,SRA_M0006607,SRB_M0005332,
GM0008141,GT0002020,SRA_M0006608,SRB_M0005333,
GM0008142,GT0002020,SRA_M0006609,SRB_M0005334,
GM0008143,GT0002020,SRA_M0006610,SRB_M0005335,
GM0008144,GT0002020,SRA_M0006611,SRB_M0005336,
GM0008145,GT0002021,SRA_M0006612,SRB_M0005337,
GM0008146,GT0002021,SRA_M0006613,SRB_M0005338,
GM0008147,GT0002021,SRA_M0006614,SRB_M0005339,
GM0008148,GT0002022,,SRB_M0005340,
GM0008149,GT0002022,SRA_M0006615,SRB_M0005341,SRC_M0003211
GM0008150,GT0002022,SRA_M0006616,SRB_M0005342,
GM0008151,GT0002022,SRA_M0006617,SRB_M0005343,
GM0008152,GT0002023,SRA_M0006618,,SRC_M0003212
GM0008153,GT0002023,SRA_M0006619,,
GM0008154,GT0002023,SRA_M0006620,,SRC_M0003213
GM0008155,GT0002024,SRA_M0006622,SRB_M0005344,SRC_M0003214
GM0008156,GT0002024,SRA_M0006623,SRB_M0005345,SRC_M0003215
GM0008157,GT0002024,SRA_M0006624,,SRC_M0003216
GM0008158,GT0002024,SRA_M0006625,SRB_M0005346,
GM0008159,GT0002024,SRA_M0006626,SRB_M0005347,SRC_M0003217
GM0008160,GT0002024,SRA_M0006627,SRB_M0005348,
GM0008161,GT0002025,SRA_M0006628,,SRC_M0003218
GM0008162,GT0002025,SRA_M0006629,,SRC_M0003219
GM0008163,GT0002025,SRA_M0006630,,SRC_M0003220
GM0008164,GT0002025,SRA_M0006631,,
GM0008165,GT0002025,SRA_M0006632,,SRC_M0003221
GM0008166,GT0002025,SRA_M0006633,,
GM0008167,GT0002026,SRA_M0006634,SRB_M0005349,
GM0008168,GT0002026,SRA_M0006635,SRB_M0005350,
GM0008169,GT0002026,SRA_M0006636,SRB_M0005351,
GM0008170,GT0002026,SRA_M0006637,SRB_M0005352,
GM0008171,GT0002027,SRA_M0006638,SRB_M0005353,SRC_M0003222
GM0008172,GT0002027,SRA_M0006639,SRB_M0005354,SRC_M0003223
GM0008173,GT0002027,SRA_M0006640,SRB_M0005355,SRC_M0003224
GM0008174,GT0002027,SRA_M0006641,SRB_M0005356,SRC_M0003225
GM0008175,GT0002027,SRA_M0006642,SRB_M0005357,SRC_M0003226
GM0008176,GT0002027,SRA_M0006643,SRB_M0005358,SRC_M0003227
GM0008177,GT0002028,SRA_M0006644,SRB_M0005359,
GM0008178,GT0002028,SRA_M0006645,SRB_M0005360,
GM0008179,GT0002029,,SRB_M0005361,SRC_M0003228
GM0008180,GT0002029,SRA_M0006646,SRB_M0005362,SRC_M0003229
GM0008181,GT0002029,SRA_M0006647,SRB_M0005363,SRC_M0003230
GM0008182,GT0002030,SRA_M0006648,SRB_M0005364,SRC_M0003231
GM0008183,GT0002030,SRA_M0006649,SRB_M0005365,SRC_M0003232
GM0008184,GT0002030,SRA_M0006650,SRB_M0005366,
GM0008185,GT0002030,,,
GM0008186,GT0002030,SRA_M0006651,,
GM0008187,GT0002030,SRA_M0006652,,
GM0008188,GT0002031,SRA_M0006653,SRB_M0005367,
GM0008189,GT0002031,SRA_M0006654,,SRC_M0003234
GM0008190,GT0002031,SRA_M0006655,,SRC_M0003235
GM0008191,GT0002031,SRA_M0006656,,SRC_M0003236
GM0008192,GT0002032,SRA_M0006657,,SRC_M0003237
GM0008193,GT0002032,SRA_M0006658,,SRC_M0003238
GM0008194,GT0002032,SRA_M0006659,SRB_M0005368,
GM0008195,GT0002032,SRA_M0006660,SRB_M0005369,SRC_M0003239
GM0008196,GT0002033,SRA_M0006661,SRB_M0005370,
GM0008197,GT0002033,SRA_M0006662,SRB_M0005371,
GM0008198,GT0002034,,,
GM0008199,GT0002034,,SRB_M0005372,
GM0008200,GT0002034,SRA_M0006663,SRB_M0005373,
GM0008201,GT0002034,SRA_M0006664,SRB_M0005374,
GM0008202,GT0002034,SRA_M0006665,SRB_M0005375,
GM0008203,GT0002034,SRA_M0006666,SRB_M0005376,
GM0008204,GT0002035,SRA_M0006667,SRB_M0005377,
GM0008205,GT0002035,SRA_M0006668,SRB_M0005378,
GM0008206,GT0002036,SRA_M0006669,SRB_M0005379,SRC_M0003240
GM0008207,GT0002036,SRA_M0006670,,SRC_M0003241
GM0008208,GT0002036,SRA_M0006671,SRB_M0005380,SRC_M0003242
GM0008209,GT0002036,SRA_M0006672,,SRC_M0003243
GM0008210,GT0002036,SRA_M0006673,SRB_M0005381,
GM0008211,GT0002037,SRA_M0006674,SRB_M0005382,
GM0008212,GT0002037,SRA_M0006675,SRB_M0005383,SRC_M0003244
GM0008213,GT0002037,,SRB_M0005384,SRC_M0003245
GM0008214,GT0002037,SRA_M0006676,SRB_M0005385,SRC_M0003246
GM0008215,GT0002037,SRA_M0006677,,SRC_M0003247
GM0008216,GT0002037,SRA_M0006678,SRB_M0005386,SRC_M0003248
GM0008217,GT0002038,SRA_M0006679,SRB_M0005387,
GM0008218,GT0002038,SRA_M0006680,SRB_M0005388,
GM0008219,GT0002038,SRA_M0006681,SRB_M0005389,
GM0008220,GT0002038,SRA_M0006682,SRB_M0005390,
GM0008221,GT0002038,SRA_M0006683,SRB_M0005391,
GM0008222,GT0002039,SRA_M0006684,SRB_M0005392,SRC_M0003249
GM0008223,GT0002039,SRA_M0006685,,SRC_M0003250
GM0008224,GT0002039,SRA_M0006686,SRB_M0005393,SRC_M0003251
GM0008225,GT0002039,SRA_M0006687,,
GM0008226,GT0002039,SRA_M0006688,SRB_M0005394,
GM0008227,GT0002040,SRA_M0006690,SRB_M0005395,SRC_M0003252
GM0008228,GT0002040,SRA_M0006691,SRB_M0005396,SRC_M0003253
GM0008229,GT0002040,SRA_M0006692,SRB_M0005397,SRC_M0003254
GM0008230,GT0002041,SRA_M0006693,SRB_M0005398,
GM0008231,GT0002041,SRA_M0006694,SRB_M0005399,
GM0008232,GT0002041,SRA_M0006695,SRB_M0005400,
GM0008233,GT0002041,SRA_M0006696,SRB_M0005401,
GM0008234,GT0002041,SRA_M0006697,SRB_M0005402,
GM0008235,GT0002042,,SRB_M0005403,
GM0008236,GT0002042,,SRB_M0005404,
GM0008237,GT0002042,,,
GM0008238,GT0002043,SRA_M0006698,,
GM0008239,GT0002043,SRA_M0006699,,
GM0008240,GT0002044,,SRB_M0005405,
GM0008241,GT0002044,,SRB_M0005406,
GM0008242,GT0002045,SRA_M0006700,,
GM0008243,GT0002045,SRA_M0006701,SRB_M0005407,
GM0008244,GT0002045,SRA_M0006702,SRB_M0005408,
GM0008245,GT0002045,SRA_M0006703,SRB_M0005409,
GM0008246,GT0002046,SRA_M0006704,,
GM0008247,GT0002046,SRA_M0006705,,SRC_M0003255
GM0008248,GT0002046,SRA_M0006706,,
GM0008249,GT0002047,SRA_M0006707,,
GM0008250,GT0002047,SRA_M0006708,,
GM0008251,GT0002047,SRA_M0006709,,
GM0008252,GT0002047,SRA_M0006710,,
GM0008253,GT0002047,SRA_M0006711,,
GM0008254,GT0002048,SRA_M0006712,SRB_M0005410,SRC_M0003256
GM0008255,GT0002048,SRA_M0006713,SRB_M0005411,SRC_M0003257
GM0008256,GT0002048,SRA_M0006714,SRB_M0005412,SRC_M0003258
GM0008257,GT0002048,SRA_M0006715,SRB_M0005413,SRC_M0003259
GM0008258,GT0002049,SRA_M0006716,,
GM0008259,GT0002049,SRA_M0006717,,
GM0008260,GT0002049,SRA_M0006718,,
GM0008261,GT0002049,SRA_M0006719,,
GM0008262,GT0002050,SRA_M0006720,SRB_M0005414,
GM0008263,GT0002050,SRA_M0006721,SRB_M0005415,
GM0008264,GT0002050,SRA_M0006722,SRB_M0005416,
GM0008265,GT0002051,SRA_M0006723,SRB_M0005417,
GM0008266,GT0002051,SRA_M0006724,,
GM0008267,GT0002051,SRA_M0006725,SRB_M0005418,
GM0008268,GT0002051,,SRB_M0005419,
GM0008269,GT0002051,SRA_M0006726,SRB_M0005420,
GM0008270,GT0002052,SRA_M0006727,SRB_M0005421,SRC_M0003260
GM0008271,GT0002052,SRA_M0006728,SRB_M0005422,SRC_M0003261
GM0008272,GT0002052,SRA_M0006729,SRB_M0005423,SRC_M0003262
GM0008273,GT0002053,SRA_M0006730,,SRC_M0003263
GM0008274,GT0002053,SRA_M0006731,,
GM0008275,GT0002053,SRA_M0006732,,SRC_M0003264
GM0008276,GT0002053,SRA_M0006733,,SRC_M0003265
GM0008277,GT0002053,,,SRC_M0003266
GM0008278,GT0002054,SRA_M0006734,SRB_M0005424,SRC_M0003267
GM0008279,GT0002054,SRA_M0006735,SRB_M0005425,SRC_M0003268
GM0008280,GT0002054,SRA_M0006736,SRB_M0005426,SRC_M0003269
GM0008281,GT0002054,SRA_M0006737,SRB_M0005427,SRC_M0003270
GM0008282,GT0002054,SRA_M0006738,SRB_M0005428,SRC_M0003271
GM0008283,GT0002054,SRA_M0006739,,SRC_M0003272
GM0008284,GT0002055,SRA_M0006740,,
GM0008285,GT0002055,SRA_M0006741,,
GM0008286,GT0002055,,,
GM0008287,GT0002055,SRA_M0006742,,
GM0008288,GT0002056,SRA_M0006743,,SRC_M0003273
GM0008289,GT0002056,SRA_M0006744,,SRC_M0003274
GM0008290,GT0002056,SRA_M0006745,,SRC_M0003275
GM0008291,GT0002056,SRA_M0006746,,SRC_M0003276
GM0008292,GT0002057,SRA_M0006747,SRB_M0005429,SRC_M0003277
GM0008293,GT0002057,SRA_M0006748,SRB_M0005430,
GM0008294,GT0002057,SRA_M0006749,,
GM0008295,GT0002058,SRA_M0006750,SRB_M0005431,SRC_M0003278
GM0008296,GT0002058,SRA_M0006751,SRB_M0005432,SRC_M0003279
GM0008297,GT0002058,SRA_M0006752,SRB_M0005433,SRC_M0003280
GM0008298,GT0002058,SRA_M0006753,SRB_M0005434,
GM0008299,GT0002059,SRA_M0006754,,SRC_M0003281
GM0008300,GT0002059,,,SRC_M0003282
GM0008301,GT0002059,SRA_M0006755,,SRC_M0003283
GM0008302,GT0002059,SRA_M0006756,,
GM0008303,GT0002060,SRA_M0006757,SRB_M0005435,SRC_M0003284
GM0008304,GT0002060,SRA_M0006758,SRB_M0005436,
GM0008305,GT0002060,SRA_M0006759,SRB_M0005437,SRC_M0003285
GM0008306,GT0002060,SRA_M0006760,SRB_M0005438,
GM0008307,GT0002060,,SRB_M0005439,SRC_M0003286
GM0008308,GT0002061,SRA_M0006761,SRB_M0005440,
GM0008309,GT0002061,SRA_M0006762,SRB_M0005441,
GM0008310,GT0002061,SRA_M0006763,SRB_M0005442,
GM0008311,GT0002061,SRA_M0006764,,
GM0008312,GT0002061,SRA_M0006765,SRB_M0005443,
GM0008313,GT0002062,SRA_M0006766,SRB_M0005444,
GM0008314,GT0002062,SRA_M0006767,SRB_M0005445,
GM0008315,GT0002062,SRA_M0006768,,
GM0008316,GT0002062,SRA_M0006769,,
GM0008317,GT0002063,SRA_M0006770,SRB_M0005447,SRC_M0003287
GM0008318,GT0002063,SRA_M0006771,SRB_M0005448,
GM0008319,GT0002064,SRA_M0006772,SRB_M0005450,
GM0008320,GT0002064,SRA_M0006773,,SRC_M0003288
GM0008321,GT0002064,SRA_M0006774,SRB_M0005451,SRC_M0003289
GM0008322,GT0002064,SRA_M0006775,SRB_M0005452,SRC_M0003290
GM0008323,GT0002064,,SRB_M0005453,SRC_M0003291
GM0008324,GT0002065,SRA_M0006776,SRB_M0005454,SRC_M0003292
GM0008325,GT0002065,SRA_M0006777,SRB_M0005455,
GM0008326,GT0002065,SRA_M0006778,SRB_M0005456,SRC_M0003293
GM0008327,GT0002065,SRA_M0006779,SRB_M0005457,SRC_M0003294
GM0008328,GT0002066,,,
GM0008329,GT0002066,,SRB_M0005458,
GM0008330,GT0002066,,SRB_M0005459,
GM0008331,GT0002066,,,
GM0008332,GT0002066,,SRB_M0005460,
GM0008333,GT0002067,SRA_M0006780,SRB_M0005462,SRC_M0003295
GM0008334,GT0002067,,SRB_M0005463,
GM0008335,GT0002067,SRA_M0006781,SRB_M0005464,SRC_M0003296
GM0008336,GT0002067,SRA_M0006782,SRB_M0005465,SRC_M0003297
GM0008337,GT0002067,SRA_M0006783,SRB_M0005466,
GM0008338,GT0002067,SRA_M0006784,,SRC_M0003298
GM0008339,GT0002068,,,
GM0008340,GT0002068,SRA_M0006785,SRB_M0005467,
GM0008341,GT0002068,SRA_M0006786,SRB_M0005468,
GM0008342,GT0002069,,SRB_M0005469,SRC_M0003299
GM0008343,GT0002069,,,
GM0008344,GT0002069,,SRB_M0005470,
GM0008345,GT0002069,,SRB_M0005471,SRC_M0003300
GM0008346,GT0002069,,SRB_M0005472,SRC_M0003301
GM0008347,GT0002070,SRA_M0006787,SRB_M0005474,
GM0008348,GT0002070,SRA_M0006788,SRB_M0005475,
GM0008349,GT0002071,SRA_M0006789,,SRC_M0003302
GM0008350,GT0002071,SRA_M0006790,,
GM0008351,GT0002071,SRA_M0006791,,SRC_M0003303
GM0008352,GT0002071,SRA_M0006792,,SRC_M0003304
GM0008353,GT0002071,SRA_M0006793,,SRC_M0003305
GM0008354,GT0002071,SRA_M0006794,,SRC_M0003306
GM0008355,GT0002072,SRA_M0006795,SRB_M0005476,SRC_M0003307
GM0008356,GT0002072,SRA_M0006796,SRB_M0005477,
GM0008357,GT0002072,SRA_M0006797,SRB_M0005478,
GM0008358,GT0002073,SRA_M0006798,,
GM0008359,GT0002073,SRA_M0006799,,
GM0008360,GT0002073,SRA_M0006800,,
GM0008361,GT0002073,,,
GM0008362,GT0002073,SRA_M0006801,,
GM0008363,GT0002074,SRA_M0006803,SRB_M0005479,
GM0008364,GT0002074,SRA_M0006804,SRB_M0005480,SRC_M0003308
GM0008365,GT0002074,SRA_M0006805,SRB_M0005481,SRC_M0003309
GM0008366,GT0002075,SRA_M0006806,SRB_M0005482,SRC_M0003310
GM0008367,GT0002075,SRA_M0006807,SRB_M0005483,SRC_M0003311
GM0008368,GT0002075,SRA_M0006808,,
GM0008369,GT0002076,SRA_M0006809,,
GM0008370,GT0002076,SRA_M0006810,SRB_M0005484,
GM0008371,GT0002076,SRA_M0006811,SRB_M0005485,
GM0008372,GT0002076,SRA_M0006812,SRB_M0005486,
GM0008373,GT0002077,SRA_M0006813,,SRC_M0003313
GM0008374,GT0002077,SRA_M0006814,SRB_M0005487,SRC_M0003314
GM0008375,GT0002077,SRA_M0006815,SRB_M0005488,SRC_M0003315
GM0008376,GT0002077,SRA_M0006816,SRB_M0005489,SRC_M0003316
GM0008377,GT0002078,SRA_M0006817,SRB_M0005490,
GM0008378,GT0002078,,SRB_M0005491,SRC_M0003317
GM0008379,GT0002078,SRA_M0006818,SRB_M0005492,SRC_M0003318
GM0008380,GT0002078,SRA_M0006819,SRB_M0005493,SRC_M0003319
GM0008381,GT0002078,SRA_M0006820,,SRC_M0003320
GM0008382,GT0002078,,SRB_M0005494,
GM0008383,GT0002079,SRA_M0006821,SRB_M0005495,
GM0008384,GT0002079,SRA_M0006822,,SRC_M0003321
GM0008385,GT0002079,SRA_M0006823,SRB_M0005496,SRC_M0003322
GM0008386,GT0002080,SRA_M0006824,SRB_M0005497,
GM0008387,GT0002080,,SRB_M0005498,
GM0008388,GT0002081,SRA_M0006825,,
GM0008389,GT0002081,SRA_M0006826,,
GM0008390,GT0002081,SRA_M0006827,SRB_M0005499,
GM0008391,GT0002081,,SRB_M0005500,
GM0008392,GT0002082,SRA_M0006828,,SRC_M0003323
GM0008393,GT0002082,SRA_M0006829,,SRC_M0003324
GM0008394,GT0002082,SRA_M0006830,SRB_M0005501,SRC_M0003325
GM0008395,GT0002082,SRA_M0006831,SRB_M0005502,SRC_M0003326
GM0008396,GT0002082,SRA_M0006832,SRB_M0005503,SRC_M0003327
GM0008397,GT0002083,SRA_M0006833,,SRC_M0003328
GM0008398,GT0002083,SRA_M0006834,SRB_M0005504,
GM0008399,GT0002083,SRA_M0006835,SRB_M0005505,SRC_M0003329
GM0008400,GT0002083,,SRB_M0005506,SRC_M0003330
GM0008401,GT0002083,SRA_M0006836,SRB_M0005507,SRC_M0003331
GM0008402,GT0002083,SRA_M0006837,SRB_M0005508,SRC_M0003332
GM0008403,GT0002084,SRA_M0006838,SRB_M0005509,
GM0008404,GT0002084,SRA_M0006839,SRB_M0005510,
GM0008405,GT0002085,SRA_M0006840,SRB_M0005511,SRC_M0003333
GM0008406,GT0002085,SRA_M0006841,SRB_M0005512,SRC_M0003334
GM0008407,GT0002086,SRA_M0006842,SRB_M0005513,
GM0008408,GT0002086,SRA_M0006843,SRB_M0005514,
GM0008409,GT0002086,SRA_M0006844,SRB_M0005515,
GM0008410,GT0002086,SRA_M0006845,SRB_M0005516,
GM0008411,GT0002086,SRA_M0006846,,
GM0008412,GT0002087,,,SRC_M0003335
GM0008413,GT0002087,,,SRC_M0003336
GM0008414,GT0002087,,SRB_M0005517,
GM0008415,GT0002087,,SRB_M0005518,
GM0008416,GT0002087,,SRB_M0005519,
GM0008417,GT0002088,SRA_M0006847,SRB_M0005520,SRC_M0003337
GM0008418,GT0002088,SRA_M0006848,SRB_M0005521,SRC_M0003338
GM0008419,GT0002088,SRA_M0006849,SRB_M0005522,SRC_M0003339
GM0008420,GT0002088,SRA_M0006850,SRB_M0005523,SRC_M0003340
GM0008421,GT0002088,SRA_M0006851,SRB_M0005524,SRC_M0003341
GM0008422,GT0002089,SRA_M0006852,,
GM0008423,GT0002089,SRA_M0006853,SRB_M0005525,
GM0008424,GT0002089,SRA_M0006854,SRB_M0005526,
GM0008425,GT0002089,SRA_M0006855,SRB_M0005527,
GM0008426,GT0002090,SRA_M0006856,,
GM0008427,GT0002090,SRA_M0006857,SRB_M0005528,SRC_M0003342
GM0008428,GT0002090,SRA_M0006858,SRB_M0005529,
GM0008429,GT0002090,SRA_M0006859,,SRC_M0003343
GM0008430,GT0002090,SRA_M0006860,SRB_M0005530,
GM0008431,GT0002090,SRA_M0006861,SRB_M0005531,
GM0008432,GT0002091,SRA_M0006862,,
GM0008433,GT0002091,SRA_M0006863,SRB_M0005532,
GM0008434,GT0002091,,SRB_M0005533,
GM0008435,GT0002092,,SRB_M0005535,SRC_M0003344
GM0008436,GT0002092,,SRB_M0005536,
GM0008437,GT0002092,,SRB_M0005537,
GM0008438,GT0002092,,SRB_M0005538,
GM0008439,GT0002093,SRA_M0006864,SRB_M0005539,
GM0008440,GT0002093,SRA_M0006865,SRB_M0005540,
GM0008441,GT0002093,SRA_M0006866,SRB_M0005541,
GM0008442,GT0002094,SRA_M0006867,,SRC_M0003345
GM0008443,GT0002094,SRA_M0006868,,SRC_M0003346
GM0008444,GT0002094,,,SRC_M0003347
GM0008445,GT0002094,SRA_M0006869,,SRC_M0003348
GM0008446,GT0002094,SRA_M0006870,,SRC_M0003349
GM0008447,GT0002094,SRA_M0006871,,SRC_M0003350
GM0008448,GT0002095,SRA_M0006872,SRB_M0005542,SRC_M0003351
GM0008449,GT0002095,SRA_M0006873,SRB_M0005543,
GM0008450,GT0002096,SRA_M0006874,SRB_M0005544,
GM0008451,GT0002096,SRA_M0006875,SRB_M0005545,
GM0008452,GT0002096,SRA_M0006876,SRB_M0005546,
GM0008453,GT0002096,SRA_M0006877,,
GM0008454,GT0002096,SRA_M0006878,SRB_M0005547,
GM0008455,GT0002097,,SRB_M0005548,
GM0008456,GT0002097,SRA_M0006879,SRB_M0005549,
GM0008457,GT0002097,SRA_M0006880,,
GM0008458,GT0002097,SRA_M0006881,SRB_M0005550,
GM0008459,GT0002097,SRA_M0006882,SRB_M0005551,
GM0008460,GT0002098,SRA_M0006883,SRB_M0005552,
GM0008461,GT0002098,SRA_M0006884,SRB_M0005553,
GM0008462,GT0002099,,,SRC_M0003352
GM0008463,GT0002099,SRA_M0006885,,SRC_M0003353
GM0008464,GT0002100,,SRB_M0005554,SRC_M0003354
GM0008465,GT0002100,SRA_M0006887,SRB_M0005555,SRC_M0003355
GM0008466,GT0002100,SRA_M0006888,SRB_M0005556,
GM0008467,GT0002100,SRA_M0006889,SRB_M0005557,SRC_M0003356
GM0008468,GT0002100,SRA_M0006890,SRB_M0005558,SRC_M0003357
GM0008469,GT0002100,SRA_M0006891,,SRC_M0003358
GM0008470,GT0002101,SRA_M0006893,SRB_M0005559,
GM0008471,GT0002101,SRA_M0006894,SRB_M0005560,
GM0008472,GT0002101,SRA_M0006895,SRB_M0005561,
GM0008473,GT0002101,SRA_M0006896,SRB_M0005562,
GM0008474,GT0002101,SRA_M0006897,SRB_M0005563,
GM0008475,GT0002102,,SRB_M0005564,
GM0008476,GT0002102,SRA_M0006898,SRB_M0005565,
GM0008477,GT0002102,,SRB_M0005566,
GM0008478,GT0002103,SRA_M0006899,,
GM0008479,GT0002103,SRA_M0006900,,
GM0008480,GT0002103,SRA_M0006901,,
GM0008481,GT0002103,SRA_M0006902,,
GM0008482,GT0002104,SRA_M0006903,,
GM0008483,GT0002104,SRA_M0006904,,
GM0008484,GT0002104,SRA_M0006905,,
GM0008485,GT0002105,SRA_M0006906,SRB_M0005567,SRC_M0003359
GM0008486,GT0002105,SRA_M0006907,,SRC_M0003360
GM0008487,GT0002105,SRA_M0006908,,SRC_M0003361
GM0008488,GT0002105,SRA_M0006909,,SRC_M0003362
GM0008489,GT0002105,SRA_M0006910,SRB_M0005568,SRC_M0003363
GM0008490,GT0002106,SRA_M0006911,SRB_M0005570,
GM0008491,GT0002106,SRA_M0006912,SRB_M0005571,SRC_M0003364
GM0008492,GT0002106,SRA_M0006913,SRB_M0005572,SRC_M0003365
GM0008493,GT0002106,SRA_M0006914,SRB_M0005573,SRC_M0003366
GM0008494,GT0002106,SRA_M0006915,SRB_M0005574,SRC_M0003367
GM0008495,GT0002106,SRA_M0006916,SRB_M0005575,SRC_M0003368
GM0008496,GT0002107,SRA_M0006917,SRB_M0005576,SRC_M0003369
GM0008497,GT0002107,SRA_M0006918,SRB_M0005577,SRC_M0003370
GM0008498,GT0002107,SRA_M0006919,SRB_M0005578,SRC_M0003371
GM0008499,GT0002108,,SRB_M0005579,SRC_M0003372
GM0008500,GT0002108,,SRB_M0005580,SRC_M0003373
GM0008501,GT0002108,,SRB_M0005581,SRC_M0003374
GM0008502,GT0002108,,SRB_M0005582,
GM0008503,GT0002108,,SRB_M0005583,SRC_M0003375
GM0008504,GT0002108,,SRB_M0005584,SRC_M0003376
GM0008505,GT0002109,SRA_M0006920,SRB_M0005585,SRC_M0003377
GM0008506,GT0002109,SRA_M0006921,SRB_M0005586,SRC_M0003378
GM0008507,GT0002109,,,
GM0008508,GT0002110,SRA_M0006922,SRB_M0005588,SRC_M0003379
GM0008509,GT0002110,SRA_M0006923,SRB_M0005589,
GM0008510,GT0002110,SRA_M0006924,SRB_M0005590,
GM0008511,GT0002110,SRA_M0006925,SRB_M0005591,
GM0008512,GT0002110,SRA_M0006926,SRB_M0005592,SRC_M0003380
GM0008513,GT0002110,SRA_M0006927,SRB_M0005593,SRC_M0003381
GM0008514,GT0002111,SRA_M0006929,SRB_M0005594,SRC_M0003382
GM0008515,GT0002111,,SRB_M0005595,SRC_M0003383
GM0008516,GT0002111,SRA_M0006930,,SRC_M0003384
GM0008517,GT0002111,SRA_M0006931,SRB_M0005596,SRC_M0003385
GM0008518,GT0002111,SRA_M0006932,SRB_M0005597,SRC_M0003386
GM0008519,GT0002111,,SRB_M0005598,SRC_M0003387
GM0008520,GT0002112,,SRB_M0005599,SRC_M0003388
GM0008521,GT0002112,SRA_M0006933,SRB_M0005600,SRC_M0003389
GM0008522,GT0002112,SRA_M0006934,SRB_M0005601,SRC_M0003390
GM0008523,GT0002112,SRA_M0006935,SRB_M0005602,
GM0008524,GT0002112,SRA_M0006936,SRB_M0005603,SRC_M0003391
GM0008525,GT0002112,SRA_M0006937,SRB_M0005604,SRC_M0003392
GM0008526,GT0002113,SRA_M0006938,SRB_M0005605,
GM0008527,GT0002113,SRA_M0006939,SRB_M0005606,SRC_M0003393
GM0008528,GT0002113,SRA_M0006940,SRB_M0005607,
GM0008529,GT0002113,,SRB_M0005608,SRC_M0003394
GM0008530,GT0002113,SRA_M0006941,SRB_M0005609,SRC_M0003395
GM0008531,GT0002113,SRA_M0006942,SRB_M0005610,SRC_M0003396
GM0008532,GT0002114,SRA_M0006943,SRB_M0005611,
GM0008533,GT0002114,SRA_M0006944,SRB_M0005612,
GM0008534,GT0002114,SRA_M0006945,,
GM0008535,GT0002115,,,
GM0008536,GT0002115,SRA_M0006946,,
GM0008537,GT0002115,,,
GM0008538,GT0002115,SRA_M0006947,,
GM0008539,GT0002115,SRA_M0006948,,
GM0008540,GT0002115,SRA_M0006949,,
GM0008541,GT0002116,SRA_M0006950,SRB_M0005613,
GM0008542,GT0002116,SRA_M0006951,SRB_M0005614,SRC_M0003397
GM0008543,GT0002116,SRA_M0006952,SRB_M0005615,SRC_M0003398
GM0008544,GT0002117,,,
GM0008545,GT0002117,SRA_M0006953,,
GM0008546,GT0002117,SRA_M0006954,,
GM0008547,GT0002117,SRA_M0006955,,
GM0008548,GT0002117,SRA_M0006956,,
GM0008549,GT0002118,SRA_M0006957,SRB_M0005616,SRC_M0003399
GM0008550,GT0002118,SRA_M0006958,,SRC_M0003400
GM0008551,GT0002118,SRA_M0006959,SRB_M0005617,SRC_M0003401
GM0008552,GT0002118,SRA_M0006960,SRB_M0005618,SRC_M0003402
GM0008553,GT0002118,SRA_M0006961,SRB_M0005619,
GM0008554,GT0002118,SRA_M0006962,SRB_M0005620,SRC_M0003403
GM0008555,GT0002119,SRA_M0006963,SRB_M0005621,SRC_M0003404
GM0008556,GT0002119,SRA_M0006964,SRB_M0005622,
GM0008557,GT0002119,SRA_M0006965,SRB_M0005623,SRC_M0003405
GM0008558,GT0002120,SRA_M0006966,,
GM0008559,GT0002120,SRA_M0006967,SRB_M0005624,
GM0008560,GT0002120,SRA_M0006968,,
GM0008561,GT0002121,SRA_M0006969,SRB_M0005625,
GM0008562,GT0002121,SRA_M0006970,SRB_M0005626,
GM0008563,GT0002121,SRA_M0006971,SRB_M0005627,
GM0008564,GT0002122,,,SRC_M0003406
GM0008565,GT0002122,,,SRC_M0003407
GM0008566,GT0002123,SRA_M0006973,SRB_M0005629,
GM0008567,GT0002123,SRA_M0006974,SRB_M0005630,
GM0008568,GT0002124,SRA_M0006975,SRB_M0005631,
GM0008569,GT0002124,SRA_M0006976,,
GM0008570,GT0002124,SRA_M0006977,,
GM0008571,GT0002125,SRA_M0006978,SRB_M0005632,SRC_M0003408
GM0008572,GT0002125,SRA_M0006979,,
GM0008573,GT0002126,SRA_M0006980,,
GM0008574,GT0002126,SRA_M0006981,SRB_M0005633,
GM0008575,GT0002126,SRA_M0006982,SRB_M0005634,
GM0008576,GT0002126,SRA_M0006983,SRB_M0005635,
GM0008577,GT0002127,,SRB_M0005636,SRC_M0003409
GM0008578,GT0002127,,SRB_M0005637,
GM0008579,GT0002127,,SRB_M0005638,
GM0008580,GT0002127,,SRB_M0005639,SRC_M0003410
GM0008581,GT0002128,,SRB_M0005640,SRC_M0003411
GM0008582,GT0002128,SRA_M0006984,SRB_M0005641,SRC_M0003412
GM0008583,GT0002128,SRA_M0006985,SRB_M0005642,SRC_M0003413
GM0008584,GT0002128,,SRB_M0005643,SRC_M0003414
GM0008585,GT0002129,SRA_M0006986,SRB_M0005644,SRC_M0003415
GM0008586,GT0002129,SRA_M0006987,SRB_M0005645,
GM0008587,GT0002129,SRA_M0006988,SRB_M0005646,
GM0008588,GT0002129,SRA_M0006989,SRB_M0005647,
GM0008589,GT0002130,SRA_M0006990,,SRC_M0003417
GM0008590,GT0002130,SRA_M0006991,,SRC_M0003418
GM0008591,GT0002130,SRA_M0006992,,SRC_M0003419
GM0008592,GT0002131,SRA_M0006993,,SRC_M0003420
GM0008593,GT0002131,SRA_M0006994,SRB_M0005648,SRC_M0003421
GM0008594,GT0002132,SRA_M0006996,SRB_M0005649,SRC_M0003422
GM0008595,GT0002132,SRA_M0006997,SRB_M0005650,
GM0008596,GT0002132,SRA_M0006998,SRB_M0005651,
GM0008597,GT0002132,SRA_M0006999,SRB_M0005652,SRC_M0003423
GM0008598,GT0002132,SRA_M0007000,SRB_M0005653,
GM0008599,GT0002133,SRA_M0007001,SRB_M0005654,
GM0008600,GT0002133,SRA_M0007002,,
GM0008601,GT0002133,SRA_M0007003,SRB_M0005655,
GM0008602,GT0002133,SRA_M0007004,SRB_M0005656,
GM0008603,GT0002133,SRA_M0007005,SRB_M0005657,
GM0008604,GT0002134,SRA_M0007006,,
GM0008605,GT0002134,SRA_M0007007,SRB_M0005658,SRC_M0003424
GM0008606,GT0002134,,SRB_M0005659,
GM0008607,GT0002134,SRA_M0007008,,SRC_M0003425
GM0008608,GT0002135,SRA_M0007009,SRB_M0005660,
GM0008609,GT0002135,SRA_M0007010,SRB_M0005661,
GM0008610,GT0002135,SRA_M0007011,SRB_M0005662,
GM0008611,GT0002135,SRA_M0007012,SRB_M0005663,
GM0008612,GT0002136,,,
GM0008613,GT0002136,,SRB_M0005664,
GM0008614,GT0002136,,,
GM0008615,GT0002136,,,
GM0008616,GT0002137,SRA_M0007013,,
GM0008617,GT0002137,SRA_M0007014,,
GM0008618,GT0002138,SRA_M0007015,SRB_M0005665,
GM0008619,GT0002138,SRA_M0007016,SRB_M0005666,
GM0008620,GT0002138,SRA_M0007017,SRB_M0005667,
GM0008621,GT0002138,SRA_M0007018,SRB_M0005668,
GM0008622,GT0002138,SRA_M0007019,SRB_M0005669,
GM0008623,GT0002139,SRA_M0007020,,SRC_M0003426
GM0008624,GT0002139,SRA_M0007021,,SRC_M0003427
GM0008625,GT0002140,SRA_M0007022,,
GM0008626,GT0002140,SRA_M0007023,SRB_M0005670,SRC_M0003428
GM0008627,GT0002140,SRA_M0007024,SRB_M0005671,SRC_M0003429
GM0008628,GT0002140,SRA_M0007025,SRB_M0005672,SRC_M0003430
GM0008629,GT0002140,SRA_M0007026,SRB_M0005673,SRC_M0003431
GM0008630,GT0002140,SRA_M0007027,,
GM0008631,GT0002141,,,
GM0008632,GT0002141,,SRB_M0005674,
GM0008633,GT0002141,,,
GM0008634,GT0002141,,SRB_M0005675,
GM0008635,GT0002141,,,
GM0008636,GT0002141,,,
GM0008637,GT0002142,SRA_M0007028,,
GM0008638,GT0002142,SRA_M0007029,,
GM0008639,GT0002143,SRA_M0007030,SRB_M0005676,SRC_M0003432
GM0008640,GT0002143,SRA_M0007031,SRB_M0005677,SRC_M0003433
GM0008641,GT0002144,SRA_M0007032,SRB_M0005678,
GM0008642,GT0002144,SRA_M0007033,SRB_M0005679,
GM0008643,GT0002144,,SRB_M0005680,
GM0008644,GT0002144,SRA_M0007034,SRB_M0005681,
GM0008645,GT0002144,SRA_M0007035,SRB_M0005682,
GM0008646,GT0002144,SRA_M0007036,SRB_M0005683,
GM0008647,GT0002145,SRA_M0007037,SRB_M0005684,
GM0008648,GT0002145,SRA_M0007038,SRB_M0005685,
GM0008649,GT0002145,SRA_M0007039,,
GM0008650,GT0002145,SRA_M0007040,SRB_M0005686,
GM0008651,GT0002145,SRA_M0007041,SRB_M0005687,
GM0008652,GT0002145,SRA_M0007042,SRB_M0005688,
GM0008653,GT0002146,SRA_M0007044,SRB_M0005689,
GM0008654,GT0002146,SRA_M0007045,,SRC_M0003434
GM0008655,GT0002146,SRA_M0007046,SRB_M0005690,
GM0008656,GT0002147,SRA_M0007047,SRB_M0005691,
GM0008657,GT0002147,SRA_M0007048,SRB_M0005692,
GM0008658,GT0002147,SRA_M0007049,,
GM0008659,GT0002148,SRA_M0007050,,
GM0008660,GT0002148,SRA_M0007051,,
GM0008661,GT0002148,,,
GM0008662,GT0002149,SRA_M0007052,,
GM0008663,GT0002149,SRA_M0007053,,
GM0008664,GT0002149,SRA_M0007054,SRB_M0005694,
GM0008665,GT0002150,,,SRC_M0003435
GM0008666,GT0002150,,SRB_M0005696,SRC_M0003436
GM0008667,GT0002151,SRA_M0007055,,
GM0008668,GT0002151,SRA_M0007056,,
GM0008669,GT0002152,SRA_M0007057,SRB_M0005698,SRC_M0003437
GM0008670,GT0002152,SRA_M0007058,,
GM0008671,GT0002152,SRA_M0007059,SRB_M0005699,SRC_M0003438
GM0008672,GT0002152,,,
GM0008673,GT0002152,,SRB_M0005700,SRC_M0003439
GM0008674,GT0002153,,,
GM0008675,GT0002153,,SRB_M0005701,
GM0008676,GT0002153,SRA_M0007060,SRB_M0005702,
GM0008677,GT0002154,SRA_M0007061,,
GM0008678,GT0002154,SRA_M0007062,,
GM0008679,GT0002154,SRA_M0007063,,
GM0008680,GT0002154,SRA_M0007064,,
GM0008681,GT0002154,SRA_M0007065,,
GM0008682,GT0002155,SRA_M0007066,SRB_M0005703,SRC_M0003440
GM0008683,GT0002155,SRA_M0007067,SRB_M0005704,SRC_M0003441
GM0008684,GT0002155,SRA_M0007068,SRB_M0005705,SRC_M0003442
GM0008685,GT0002156,,,SRC_M0003443
GM0008686,GT0002156,SRA_M0007069,SRB_M0005706,SRC_M0003444
GM0008687,GT0002157,,,
GM0008688,GT0002157,,,
GM0008689,GT0002157,,,
GM0008690,GT0002158,SRA_M0007070,SRB_M0005707,
GM0008691,GT0002158,SRA_M0007071,SRB_M0005708,
GM0008692,GT0002158,SRA_M0007072,,
GM0008693,GT0002159,,,SRC_M0003445
GM0008694,GT0002159,,,
GM0008695,GT0002159,,,SRC_M0003446
GM0008696,GT0002159,,,SRC_M0003447
GM0008697,GT0002159,,,
GM0008698,GT0002160,SRA_M0007073,,
GM0008699,GT0002160,SRA_M0007074,SRB_M0005709,SRC_M0003448
GM0008700,GT0002160,SRA_M0007075,SRB_M0005710,SRC_M0003449
GM0008701,GT0002160,SRA_M0007076,SRB_M0005711,SRC_M0003450
GM0008702,GT0002161,,SRB_M0005712,
GM0008703,GT0002161,,SRB_M0005713,
GM0008704,GT0002161,,,
GM0008705,GT0002161,,SRB_M0005714,
GM0008706,GT0002161,,SRB_M0005715,
GM0008707,GT0002161,,,
GM0008708,GT0002162,SRA_M0007077,,
GM0008709,GT0002162,SRA_M0007078,,
GM0008710,GT0002162,SRA_M0007079,,
GM0008711,GT0002162,SRA_M0007080,,
GM0008712,GT0002163,SRA_M0007081,,SRC_M0003451
GM0008713,GT0002163,SRA_M0007082,,SRC_M0003452
GM0008714,GT0002163,SRA_M0007083,,SRC_M0003453
GM0008715,GT0002163,SRA_M0007084,,SRC_M0003454
GM0008716,GT0002163,SRA_M0007085,,SRC_M0003455
GM0008717,GT0002163,SRA_M0007086,,SRC_M0003456
GM0008718,GT0002164,SRA_M0007087,,
GM0008719,GT0002164,SRA_M0007088,,
GM0008720,GT0002164,SRA_M0007089,,
GM0008721,GT0002164,SRA_M0007090,,
GM0008722,GT0002164,SRA_M0007091,,
GM0008723,GT0002165,SRA_M0007092,,
GM0008724,GT0002165,SRA_M0007093,,
GM0008725,GT0002165,SRA_M0007094,,
GM0008726,GT0002166,SRA_M0007095,SRB_M0005716,SRC_M0003457
GM0008727,GT0002166,,SRB_M0005717,SRC_M0003458
GM0008728,GT0002167,SRA_M0007096,,
GM0008729,GT0002167,SRA_M0007097,,
GM0008730,GT0002167,SRA_M0007098,,
GM0008731,GT0002167,SRA_M0007099,,
GM0008732,GT0002167,SRA_M0007100,,
GM0008733,GT0002167,SRA_M0007101,,
GM0008734,GT0002168,SRA_M0007102,SRB_M0005718,
GM0008735,GT0002168,SRA_M0007103,SRB_M0005719,
GM0008736,GT0002168,SRA_M0007104,,
GM0008737,GT0002169,,SRB_M0005720,SRC_M0003459
GM0008738,GT0002169,,SRB_M0005721,SRC_M0003460
GM0008739,GT0002169,SRA_M0007106,SRB_M0005722,SRC_M0003461
GM0008740,GT0002169,SRA_M0007107,SRB_M0005723,SRC_M0003462
GM0008741,GT0002169,SRA_M0007108,SRB_M0005724,SRC_M0003463
GM0008742,GT0002169,SRA_M0007109,,SRC_M0003464
GM0008743,GT0002170,,,SRC_M0003465
GM0008744,GT0002170,SRA_M0007110,,
GM0008745,GT0002171,SRA_M0007111,,
GM0008746,GT0002171,SRA_M0007112,,SRC_M0003466
GM0008747,GT0002172,SRA_M0007113,SRB_M0005725,
GM0008748,GT0002172,SRA_M0007114,SRB_M0005726,
GM0008749,GT0002172,SRA_M0007115,SRB_M0005727,
GM0008750,GT0002172,SRA_M0007116,SRB_M0005728,
GM0008751,GT0002173,,SRB_M0005729,SRC_M0003467
GM0008752,GT0002173,SRA_M0007117,SRB_M0005730,
GM0008753,GT0002173,SRA_M0007118,SRB_M0005731,SRC_M0003468
GM0008754,GT0002173,SRA_M0007119,SRB_M0005732,SRC_M0003469
GM0008755,GT0002173,SRA_M0007120,SRB_M0005733,SRC_M0003470
GM0008756,GT0002173,SRA_M0007121,SRB_M0005734,SRC_M0003471
GM0008757,GT0002174,SRA_M0007122,,SRC_M0003473
GM0008758,GT0002174,,,
GM0008759,GT0002174,,,SRC_M0003474
GM0008760,GT0002175,SRA_M0007123,SRB_M0005735,
GM0008761,GT0002175,SRA_M0007124,SRB_M0005736,
GM0008762,GT0002175,SRA_M0007125,SRB_M0005737,
GM0008763,GT0002175,SRA_M0007126,SRB_M0005738,
GM0008764,GT0002176,,,SRC_M0003475
GM0008765,GT0002176,,,SRC_M0003476
GM0008766,GT0002176,,,SRC_M0003477
GM0008767,GT0002176,,,SRC_M0003478
GM0008768,GT0002176,,,SRC_M0003479
GM0008769,GT0002177,SRA_M0007127,,SRC_M0003480
GM0008770,GT0002177,SRA_M0007128,,SRC_M0003481
GM0008771,GT0002177,,,SRC_M0003482
GM0008772,GT0002177,SRA_M0007129,,SRC_M0003483
GM0008773,GT0002177,,,SRC_M0003484
GM0008774,GT0002178,SRA_M0007130,SRB_M0005739,SRC_M0003485
GM0008775,GT0002178,SRA_M0007131,SRB_M0005740,SRC_M0003486
GM0008776,GT0002179,SRA_M0007132,,
GM0008777,GT0002179,SRA_M0007133,,
GM0008778,GT0002179,SRA_M0007134,,
GM0008779,GT0002179,SRA_M0007135,,
GM0008780,GT0002179,SRA_M0007136,,
GM0008781,GT0002179,SRA_M0007137,,
GM0008782,GT0002180,SRA_M0007138,SRB_M0005741,SRC_M0003487
GM0008783,GT0002180,SRA_M0007139,SRB_M0005742,SRC_M0003488
GM0008784,GT0002180,,SRB_M0005743,SRC_M0003489
GM0008785,GT0002180,SRA_M0007140,SRB_M0005744,
GM0008786,GT0002180,SRA_M0007141,,SRC_M0003490
GM0008787,GT0002180,SRA_M0007142,SRB_M0005745,SRC_M0003491
GM0008788,GT0002181,SRA_M0007143,SRB_M0005746,
GM0008789,GT0002181,SRA_M0007144,SRB_M0005747,
GM0008790,GT0002181,,SRB_M0005748,
GM0008791,GT0002181,SRA_M0007145,,
GM0008792,GT0002181,SRA_M0007146,SRB_M0005749,
GM0008793,GT0002181,SRA_M0007147,SRB_M0005750,
GM0008794,GT0002182,SRA_M0007148,,SRC_M0003492
GM0008795,GT0002182,SRA_M0007149,,
GM0008796,GT0002182,SRA_M0007150,,SRC_M0003493
GM0008797,GT0002182,SRA_M0007151,,SRC_M0003494
GM0008798,GT0002183,SRA_M0007152,SRB_M0005751,
GM0008799,GT0002183,SRA_M0007153,,SRC_M0003495
GM0008800,GT0002183,SRA_M0007154,,SRC_M0003496
GM0008801,GT0002183,,SRB_M0005752,SRC_M0003497
GM0008802,GT0002183,SRA_M0007155,SRB_M0005753,SRC_M0003498
GM0008803,GT0002184,,SRB_M0005754,
GM0008804,GT0002184,,SRB_M0005755,SRC_M0003499
GM0008805,GT0002185,,SRB_M0005756,
GM0008806,GT0002185,,,
GM0008807,GT0002185,,,
GM0008808,GT0002185,SRA_M0007156,SRB_M0005757,
GM0008809,GT0002185,SRA_M0007157,SRB_M0005758,
GM0008810,GT0002185,SRA_M0007158,SRB_M0005759,
GM0008811,GT0002186,SRA_M0007159,,
GM0008812,GT0002186,SRA_M0007160,SRB_M0005760,
GM0008813,GT0002186,SRA_M0007161,SRB_M0005761,
GM0008814,GT0002186,SRA_M0007162,,
GM0008815,GT0002186,SRA_M0007163,SRB_M0005762,
GM0008816,GT0002186,SRA_M0007164,SRB_M0005763,
GM0008817,GT0002187,SRA_M0007165,SRB_M0005764,
GM0008818,GT0002187,SRA_M0007166,SRB_M0005765,
GM0008819,GT0002187,,SRB_M0005766,
GM0008820,GT0002187,SRA_M0007167,SRB_M0005767,
GM0008821,GT0002187,SRA_M0007168,SRB_M0005768,
GM0008822,GT0002187,SRA_M0007169,SRB_M0005769,
GM0008823,GT0002188,SRA_M0007170,SRB_M0005770,
GM0008824,GT0002188,SRA_M0007171,SRB_M0005771,
GM0008825,GT0002188,SRA_M0007172,SRB_M0005772,
GM0008826,GT0002188,SRA_M0007173,SRB_M0005773,
GM0008827,GT0002189,SRA_M0007174,SRB_M0005775,SRC_M0003500
GM0008828,GT0002189,SRA_M0007175,SRB_M0005776,SRC_M0003501
GM0008829,GT0002189,SRA_M0007176,SRB_M0005777,SRC_M0003502
GM0008830,GT0002189,SRA_M0007177,,SRC_M0003503
GM0008831,GT0002189,SRA_M0007178,SRB_M0005778,SRC_M0003504
GM0008832,GT0002189,SRA_M0007179,SRB_M0005779,SRC_M0003505
GM0008833,GT0002190,,SRB_M0005780,
GM0008834,GT0002190,SRA_M0007180,SRB_M0005781,
GM0008835,GT0002190,SRA_M0007181,SRB_M0005782,
GM0008836,GT0002190,SRA_M0007182,SRB_M0005783,
GM0008837,GT0002190,SRA_M0007183,SRB_M0005784,
GM0008838,GT0002191,SRA_M0007184,,
GM0008839,GT0002191,SRA_M0007185,,
GM0008840,GT0002192,,SRB_M0005785,
GM0008841,GT0002192,,SRB_M0005786,
GM0008842,GT0002192,,SRB_M0005787,
GM0008843,GT0002192,,SRB_M0005788,
GM0008844,GT0002193,,SRB_M0005789,
GM0008845,GT0002193,SRA_M0007187,,SRC_M0003506
GM0008846,GT0002193,SRA_M0007188,SRB_M0005790,SRC_M0003507
GM0008847,GT0002194,SRA_M0007189,SRB_M0005791,SRC_M0003508
GM0008848,GT0002194,SRA_M0007190,SRB_M0005792,SRC_M0003509
GM0008849,GT0002194,SRA_M0007191,SRB_M0005793,SRC_M0003510
GM0008850,GT0002195,SRA_M0007192,SRB_M0005794,
GM0008851,GT0002195,SRA_M0007193,SRB_M0005795,
GM0008852,GT0002195,SRA_M0007194,SRB_M0005796,
GM0008853,GT0002195,SRA_M0007195,SRB_M0005797,
GM0008854,GT0002195,SRA_M0007196,SRB_M0005798,
GM0008855,GT0002196,SRA_M0007197,,
GM0008856,GT0002196,,SRB_M0005799,
GM0008857,GT0002196,,SRB_M0005800,
GM0008858,GT0002196,SRA_M0007198,SRB_M0005801,
GM0008859,GT0002196,SRA_M0007199,SRB_M0005802,
GM0008860,GT0002197,SRA_M0007200,SRB_M0005803,SRC_M0003511
GM0008861,GT0002197,SRA_M0007201,SRB_M0005804,SRC_M0003512
GM0008862,GT0002197,SRA_M0007202,SRB_M0005805,SRC_M0003513
GM0008863,GT0002197,,SRB_M0005806,SRC_M0003514
GM0008864,GT0002197,SRA_M0007203,SRB_M0005807,
GM0008865,GT0002198,SRA_M0007204,SRB_M0005808,
GM0008866,GT0002198,,SRB_M0005809,SRC_M0003515
GM0008867,GT0002198,SRA_M0007205,SRB_M0005810,
GM0008868,GT0002198,SRA_M0007206,SRB_M0005811,
GM0008869,GT0002199,SRA_M0007207,SRB_M0005812,SRC_M0003516
GM0008870,GT0002199,SRA_M0007208,SRB_M0005813,SRC_M0003517
GM0008871,GT0002199,SRA_M0007209,SRB_M0005814,SRC_M0003518
GM0008872,GT0002200,SRA_M0007210,SRB_M0005815,SRC_M0003519
GM0008873,GT0002200,SRA_M0007211,SRB_M0005816,SRC_M0003520
GM0008874,GT0002200,SRA_M0007212,SRB_M0005817,SRC_M0003521
GM0008875,GT0002200,,SRB_M0005818,SRC_M0003522
GM0008876,GT0002200,SRA_M0007213,SRB_M0005819,
GM0008877,GT0002201,,SRB_M0005820,
GM0008878,GT0002201,,SRB_M0005821,
GM0008879,GT0002201,,SRB_M0005822,
GM0008880,GT0002202,SRA_M0007214,,
GM0008881,GT0002202,SRA_M0007215,,
GM0008882,GT0002202,SRA_M0007216,,
GM0008883,GT0002202,SRA_M0007217,,
GM0008884,GT0002202,SRA_M0007218,,
GM0008885,GT0002203,SRA_M0007219,SRB_M0005823,SRC_M0003523
GM0008886,GT0002203,SRA_M0007220,,
GM0008887,GT0002203,SRA_M0007221,SRB_M0005824,
GM0008888,GT0002203,SRA_M0007222,SRB_M0005825,SRC_M0003524
GM0008889,GT0002204,,SRB_M0005826,
GM0008890,GT0002204,,SRB_M0005827,
GM0008891,GT0002204,,SRB_M0005828,
GM0008892,GT0002204,,SRB_M0005829,
GM0008893,GT0002205,,,SRC_M0003525
GM0008894,GT0002205,SRA_M0007223,,SRC_M0003526
GM0008895,GT0002206,SRA_M0007224,SRB_M0005830,
GM0008896,GT0002206,SRA_M0007225,,
GM0008897,GT0002206,SRA_M0007226,,
GM0008898,GT0002207,SRA_M0007227,SRB_M0005831,SRC_M0003528
GM0008899,GT0002207,SRA_M0007228,SRB_M0005832,SRC_M0003529
GM0008900,GT0002208,SRA_M0007229,SRB_M0005833,
GM0008901,GT0002208,,,
GM0008902,GT0002208,SRA_M0007230,SRB_M0005834,
GM0008903,GT0002208,SRA_M0007231,SRB_M0005835,
GM0008904,GT0002208,SRA_M0007232,,
GM0008905,GT0002209,SRA_M0007233,,SRC_M0003530
GM0008906,GT0002209,SRA_M0007234,,SRC_M0003531
GM0008907,GT0002209,SRA_M0007235,,SRC_M0003532
GM0008908,GT0002209,,,SRC_M0003533
GM0008909,GT0002210,SRA_M0007236,,
GM0008910,GT0002210,SRA_M0007237,,
GM0008911,GT0002210,SRA_M0007238,,SRC_M0003534
GM0008912,GT0002210,SRA_M0007239,,SRC_M0003535
GM0008913,GT0002210,SRA_M0007240,,SRC_M0003536
GM0008914,GT0002210,,,
GM0008915,GT0002211,,SRB_M0005836,SRC_M0003537
GM0008916,GT0002211,,SRB_M0005837,SRC_M0003538
GM0008917,GT0002211,,SRB_M0005838,SRC_M0003539
GM0008918,GT0002211,,,
GM0008919,GT0002211,,,SRC_M0003540
GM0008920,GT0002211,,SRB_M0005839,SRC_M0003541
GM0008921,GT0002212,SRA_M0007241,,SRC_M0003542
GM0008922,GT0002212,,,SRC_M0003543
GM0008923,GT0002212,SRA_M0007242,,SRC_M0003544
GM0008924,GT0002212,SRA_M0007243,,SRC_M0003545
GM0008925,GT0002213,,,
GM0008926,GT0002213,SRA_M0007244,,
GM0008927,GT0002213,SRA_M0007245,,
GM0008928,GT0002213,SRA_M0007246,,
GM0008929,GT0002213,SRA_M0007247,,
GM0008930,GT0002213,SRA_M0007248,,
GM0008931,GT0002214,SRA_M0007249,,
GM0008932,GT0002214,SRA_M0007250,,
GM0008933,GT0002214,,,
GM0008934,GT0002215,SRA_M0007251,,
GM0008935,GT0002215,SRA_M0007252,,
GM0008936,GT0002215,SRA_M0007253,,
GM0008937,GT0002215,SRA_M0007254,,
GM0008938,GT0002215,SRA_M0007255,,
GM0008939,GT0002215,SRA_M0007256,,
GM0008940,GT0002216,SRA_M0007257,SRB_M0005840,
GM0008941,GT0002216,SRA_M0007258,SRB_M0005841,
GM0008942,GT0002216,SRA_M0007259,SRB_M0005842,
GM0008943,GT0002216,SRA_M0007260,SRB_M0005843,
GM0008944,GT0002216,SRA_M0007261,SRB_M0005844,
GM0008945,GT0002216,SRA_M0007262,SRB_M0005845,
GM0008946,GT0002217,SRA_M0007263,SRB_M0005846,
GM0008947,GT0002217,SRA_M0007264,,
GM0008948,GT0002217,SRA_M0007265,SRB_M0005847,
GM0008949,GT0002217,SRA_M0007266,,
GM0008950,GT0002217,SRA_M0007267,,
GM0008951,GT0002217,,SRB_M0005848,
GM0008952,GT0002218,SRA_M0007268,,
GM0008953,GT0002218,SRA_M0007269,,
GM0008954,GT0002218,SRA_M0007270,,SRC_M0003546
GM0008955,GT0002219,,SRB_M0005849,SRC_M0003548
GM0008956,GT0002219,SRA_M0007271,,SRC_M0003549
GM0008957,GT0002219,SRA_M0007272,SRB_M0005850,SRC_M0003550
GM0008958,GT0002219,SRA_M0007273,SRB_M0005851,
GM0008959,GT0002219,SRA_M0007274,SRB_M0005852,SRC_M0003551
GM0008960,GT0002219,SRA_M0007275,SRB_M0005853,
GM0008961,GT0002220,,,SRC_M0003552
GM0008962,GT0002220,,SRB_M0005854,SRC_M0003553
GM0008963,GT0002221,SRA_M0007276,,
GM0008964,GT0002221,,,
GM0008965,GT0002221,SRA_M0007277,,
GM0008966,GT0002221,SRA_M0007278,,
GM0008967,GT0002221,SRA_M0007279,,
GM0008968,GT0002222,SRA_M0007280,SRB_M0005855,SRC_M0003554
GM0008969,GT0002222,SRA_M0007281,SRB_M0005856,SRC_M0003555
GM0008970,GT0002222,SRA_M0007282,SRB_M0005857,
GM0008971,GT0002222,SRA_M0007283,SRB_M0005858,SRC_M0003556
GM0008972,GT0002222,SRA_M0007284,SRB_M0005859,SRC_M0003557
GM0008973,GT0002222,SRA_M0007285,SRB_M0005860,
GM0008974,GT0002223,SRA_M0007286,,
GM0008975,GT0002223,SRA_M0007287,,SRC_M0003558
GM0008976,GT0002224,SRA_M0007288,SRB_M0005861,
GM0008977,GT0002224,SRA_M0007289,SRB_M0005862,
GM0008978,GT0002224,SRA_M0007290,SRB_M0005863,
GM0008979,GT0002224,SRA_M0007291,SRB_M0005864,
GM0008980,GT0002224,SRA_M0007292,SRB_M0005865,
GM0008981,GT0002225,SRA_M0007293,SRB_M0005866,SRC_M0003559
GM0008982,GT0002225,,SRB_M0005867,
GM0008983,GT0002225,SRA_M0007294,SRB_M0005868,
GM0008984,GT0002225,SRA_M0007295,,
GM0008985,GT0002225,SRA_M0007296,,
GM0008986,GT0002226,SRA_M0007297,SRB_M0005869,SRC_M0003560
GM0008987,GT0002226,SRA_M0007298,,SRC_M0003561
GM0008988,GT0002226,SRA_M0007299,,SRC_M0003562
GM0008989,GT0002226,SRA_M0007300,,SRC_M0003563
GM0008990,GT0002226,SRA_M0007301,SRB_M0005870,SRC_M0003564
GM0008991,GT0002227,,SRB_M0005871,SRC_M0003565
GM0008992,GT0002227,,SRB_M0005872,SRC_M0003566
GM0008993,GT0002228,SRA_M0007302,SRB_M0005873,SRC_M0003567
GM0008994,GT0002228,SRA_M0007303,SRB_M0005874,SRC_M0003568
GM0008995,GT0002228,SRA_M0007304,SRB_M0005875,SRC_M0003569
GM0008996,GT0002228,SRA_M0007305,SRB_M0005876,SRC_M0003570
GM0008997,GT0002228,SRA_M0007306,SRB_M0005877,
GM0008998,GT0002229,SRA_M0007307,SRB_M0005879,SRC_M0003571
GM0008999,GT0002229,,SRB_M0005880,SRC_M0003572
GM0009000,GT0002229,,SRB_M0005881,SRC_M0003573
GM0009001,GT0002229,SRA_M0007308,SRB_M0005882,SRC_M0003574
GM0009002,GT0002230,SRA_M0007309,SRB_M0005883,SRC_M0003575
GM0009003,GT0002230,SRA_M0007310,SRB_M0005884,
GM0009004,GT0002231,SRA_M0007311,,SRC_M0003576
GM0009005,GT0002231,SRA_M0007312,,SRC_M0003577
GM0009006,GT0002231,SRA_M0007313,,SRC_M0003578
GM0009007,GT0002231,SRA_M0007314,,SRC_M0003579
GM0009008,GT0002231,SRA_M0007315,,SRC_M0003580
GM0009009,GT0002231,,,SRC_M0003581
GM0009010,GT0002232,SRA_M0007316,,
GM0009011,GT0002232,SRA_M0007317,SRB_M0005885,
GM0009012,GT0002232,SRA_M0007318,SRB_M0005886,
GM0009013,GT0002232,SRA_M0007319,SRB_M0005887,
GM0009014,GT0002232,SRA_M0007320,SRB_M0005888,
GM0009015,GT0002232,SRA_M0007321,,
GM0009016,GT0002233,SRA_M0007322,,
GM0009017,GT0002233,SRA_M0007323,,
GM0009018,GT0002234,SRA_M0007324,SRB_M0005889,
GM0009019,GT0002234,SRA_M0007325,SRB_M0005890,
GM0009020,GT0002235,SRA_M0007327,SRB_M0005891,
GM0009021,GT0002235,SRA_M0007328,,
GM0009022,GT0002236,SRA_M0007329,,SRC_M0003582
GM0009023,GT0002236,SRA_M0007330,SRB_M0005892,
GM0009024,GT0002236,SRA_M0007331,SRB_M0005893,
GM0009025,GT0002236,SRA_M0007332,SRB_M0005894,SRC_M0003583
GM0009026,GT0002237,SRA_M0007333,SRB_M0005895,SRC_M0003585
GM0009027,GT0002237,SRA_M0007334,SRB_M0005896,SRC_M0003586
GM0009028,GT0002237,SRA_M0007335,SRB_M0005897,SRC_M0003587
GM0009029,GT0002237,SRA_M0007336,SRB_M0005898,SRC_M0003588
GM0009030,GT0002238,SRA_M0007337,,SRC_M0003589
GM0009031,GT0002238,SRA_M0007338,SRB_M0005899,
GM0009032,GT0002239,SRA_M0007339,SRB_M0005900,
GM0009033,GT0002239,,SRB_M0005901,
GM0009034,GT0002239,SRA_M0007340,SRB_M0005902,
GM0009035,GT0002239,,SRB_M0005903,
GM0009036,GT0002239,SRA_M0007341,,
GM0009037,GT0002240,SRA_M0007342,SRB_M0005904,
GM0009038,GT0002240,SRA_M0007343,SRB_M0005905,
GM0009039,GT0002240,SRA_M0007344,SRB_M0005906,SRC_M0003590
GM0009040,GT0002240,SRA_M0007345,,SRC_M0003591
GM0009041,GT0002240,SRA_M0007346,SRB_M0005907,SRC_M0003592
GM0009042,GT0002240,SRA_M0007347,SRB_M0005908,SRC_M0003593
GM0009043,GT0002241,SRA_M0007348,SRB_M0005909,
GM0009044,GT0002241,SRA_M0007349,SRB_M0005910,
GM0009045,GT0002241,SRA_M0007350,SRB_M0005911,
GM0009046,GT0002241,,,
GM0009047,GT0002241,,,
GM0009048,GT0002241,SRA_M0007351,SRB_M0005912,
GM0009049,GT0002242,,,
GM0009050,GT0002242,,,
GM0009051,GT0002242,,,
GM0009052,GT0002242,,,
GM0009053,GT0002242,,,
GM0009054,GT0002242,,,
GM0009055,GT0002243,SRA_M0007352,SRB_M0005913,
GM0009056,GT0002243,SRA_M0007353,SRB_M0005914,SRC_M0003594
GM0009057,GT0002243,SRA_M0007354,SRB_M0005915,SRC_M0003595
GM0009058,GT0002243,SRA_M0007355,SRB_M0005916,SRC_M0003596
GM0009059,GT0002243,SRA_M0007356,SRB_M0005917,SRC_M0003597
GM0009060,GT0002244,,,
GM0009061,GT0002244,,,
GM0009062,GT0002245,,SRB_M0005918,
GM0009063,GT0002245,,SRB_M0005919,
GM0009064,GT0002245,SRA_M0007357,SRB_M0005920,
GM0009065,GT0002245,SRA_M0007358,,
GM0009066,GT0002245,SRA_M0007359,,
GM0009067,GT0002245,SRA_M0007360,SRB_M0005921,
GM0009068,GT0002246,,,
GM0009069,GT0002246,SRA_M0007361,,SRC_M0003598
GM0009070,GT0002247,SRA_M0007362,SRB_M0005922,SRC_M0003599
GM0009071,GT0002247,SRA_M0007363,SRB_M0005923,SRC_M0003600
GM0009072,GT0002247,SRA_M0007364,,SRC_M0003601
GM0009073,GT0002247,SRA_M0007365,SRB_M0005924,SRC_M0003602
GM0009074,GT0002248,SRA_M0007366,SRB_M0005925,
GM0009075,GT0002248,SRA_M0007367,,
GM0009076,GT0002248,SRA_M0007368,SRB_M0005926,
GM0009077,GT0002248,SRA_M0007369,SRB_M0005927,
GM0009078,GT0002248,,SRB_M0005928,
GM0009079,GT0002249,,,
GM0009080,GT0002249,SRA_M0007370,,
GM0009081,GT0002249,SRA_M0007371,,
GM0009082,GT0002250,SRA_M0007372,SRB_M0005929,
GM0009083,GT0002250,SRA_M0007373,SRB_M0005930,
GM0009084,GT0002251,,SRB_M0005931,
GM0009085,GT0002251,,SRB_M0005932,
GM0009086,GT0002251,,SRB_M0005933,
GM0009087,GT0002252,SRA_M0007374,SRB_M0005934,SRC_M0003603
GM0009088,GT0002252,SRA_M0007375,SRB_M0005935,
GM0009089,GT0002252,SRA_M0007376,SRB_M0005936,SRC_M0003604
GM0009090,GT0002252,SRA_M0007377,SRB_M0005937,SRC_M0003605
GM0009091,GT0002252,SRA_M0007378,SRB_M0005938,
GM0009092,GT0002253,SRA_M0007379,,
GM0009093,GT0002253,SRA_M0007380,SRB_M0005939,SRC_M0003606
GM0009094,GT0002253,SRA_M0007381,SRB_M0005940,SRC_M0003607
GM0009095,GT0002253,SRA_M0007382,SRB_M0005941,SRC_M0003608
GM0009096,GT0002253,SRA_M0007383,SRB_M0005942,
GM0009097,GT0002253,SRA_M0007384,SRB_M0005943,
GM0009098,GT0002254,SRA_M0007385,,
GM0009099,GT0002254,SRA_M0007386,,
GM0009100,GT0002254,SRA_M0007387,,
GM0009101,GT0002254,SRA_M0007388,,
GM0009102,GT0002254,,,SRC_M0003609
GM0009103,GT0002254,SRA_M0007389,,SRC_M0003610
GM0009104,GT0002255,,SRB_M0005944,SRC_M0003611
GM0009105,GT0002255,,SRB_M0005945,SRC_M0003612
GM0009106,GT0002255,,SRB_M0005946,SRC_M0003613
GM0009107,GT0002255,,SRB_M0005947,
GM0009108,GT0002255,,SRB_M0005948,
GM0009109,GT0002255,,SRB_M0005949,SRC_M0003614
GM0009110,GT0002256,SRA_M0007390,SRB_M0005950,SRC_M0003615
GM0009111,GT0002256,,,SRC_M0003616
GM0009112,GT0002257,SRA_M0007391,SRB_M0005951,SRC_M0003617
GM0009113,GT0002257,SRA_M0007392,SRB_M0005952,
GM0009114,GT0002257,SRA_M0007393,SRB_M0005953,SRC_M0003618
GM0009115,GT0002258,SRA_M0007394,,SRC_M0003619
GM0009116,GT0002258,SRA_M0007395,,SRC_M0003620
GM0009117,GT0002258,SRA_M0007396,SRB_M0005954,SRC_M0003621
GM0009118,GT0002258,SRA_M0007397,,SRC_M0003622
GM0009119,GT0002259,,SRB_M0005955,
GM0009120,GT0002259,,SRB_M0005956,
GM0009121,GT0002259,,,SRC_M0003623
GM0009122,GT0002260,SRA_M0007398,,SRC_M0003624
GM0009123,GT0002260,SRA_M0007399,,
GM0009124,GT0002260,SRA_M0007400,,SRC_M0003625
GM0009125,GT0002260,SRA_M0007401,,SRC_M0003626
GM0009126,GT0002261,SRA_M0007402,,
GM0009127,GT0002261,SRA_M0007403,,SRC_M0003627
GM0009128,GT0002261,,,SRC_M0003628
GM0009129,GT0002261,SRA_M0007404,,SRC_M0003629
GM0009130,GT0002261,SRA_M0007405,,SRC_M0003630
GM0009131,GT0002261,SRA_M0007406,,SRC_M0003631
GM0009132,GT0002262,SRA_M0007407,,
GM0009133,GT0002262,SRA_M0007408,SRB_M0005957,
GM0009134,GT0002262,SRA_M0007409,SRB_M0005958,
GM0009135,GT0002262,SRA_M0007410,,SRC_M0003632
GM0009136,GT0002262,SRA_M0007411,SRB_M0005959,SRC_M0003633
GM0009137,GT0002262,SRA_M0007412,SRB_M0005960,
GM0009138,GT0002263,SRA_M0007413,SRB_M0005961,SRC_M0003634
GM0009139,GT0002263,SRA_M0007414,,SRC_M0003635
GM0009140,GT0002263,SRA_M0007415,SRB_M0005962,SRC_M0003636
GM0009141,GT0002264,SRA_M0007416,,
GM0009142,GT0002264,,,
GM0009143,GT0002264,SRA_M0007417,SRB_M0005963,
GM0009144,GT0002264,SRA_M0007418,SRB_M0005964,
GM0009145,GT0002264,SRA_M0007419,SRB_M0005965,
GM0009146,GT0002264,SRA_M0007420,,
GM0009147,GT0002265,SRA_M0007421,,
GM0009148,GT0002265,SRA_M0007422,,
GM0009149,GT0002266,,SRB_M0005966,
GM0009150,GT0002266,SRA_M0007423,SRB_M0005967,
GM0009151,GT0002266,SRA_M0007424,,
GM0009152,GT0002266,SRA_M0007425,SRB_M0005968,
GM0009153,GT0002266,SRA_M0007426,SRB_M0005969,
GM0009154,GT0002266,SRA_M0007427,SRB_M0005970,
GM0009155,GT0002267,SRA_M0007428,SRB_M0005971,
GM0009156,GT0002267,SRA_M0007429,,
GM0009157,GT0002267,SRA_M0007430,,
GM0009158,GT0002267,SRA_M0007431,SRB_M0005972,
GM0009159,GT0002267,SRA_M0007432,SRB_M0005973,
GM0009160,GT0002267,SRA_M0007433,,
GM0009161,GT0002268,,SRB_M0005974,SRC_M0003637
GM0009162,GT0002268,SRA_M0007434,SRB_M0005975,SRC_M0003638
GM0009163,GT0002268,SRA_M0007435,SRB_M0005976,SRC_M0003639
GM0009164,GT0002268,SRA_M0007436,SRB_M0005977,
GM0009165,GT0002269,SRA_M0007437,SRB_M0005978,
GM0009166,GT0002269,SRA_M0007438,,
GM0009167,GT0002269,SRA_M0007439,SRB_M0005979,
GM0009168,GT0002270,,SRB_M0005980,
GM0009169,GT0002270,SRA_M0007440,SRB_M0005981,
GM0009170,GT0002270,,SRB_M0005982,
GM0009171,GT0002271,SRA_M0007441,SRB_M0005983,
GM0009172,GT0002271,SRA_M0007442,SRB_M0005984,
GM0009173,GT0002271,SRA_M0007443,SRB_M0005985,
GM0009174,GT0002271,SRA_M0007444,SRB_M0005986,
GM0009175,GT0002271,SRA_M0007445,SRB_M0005987,
GM0009176,GT0002271,SRA_M0007446,SRB_M0005988,
GM0009177,GT0002272,SRA_M0007447,SRB_M0005990,
GM0009178,GT0002272,SRA_M0007448,SRB_M0005991,
GM0009179,GT0002272,SRA_M0007449,SRB_M0005992,
GM0009180,GT0002272,,SRB_M0005993,
GM0009181,GT0002272,SRA_M0007450,SRB_M0005994,
GM0009182,GT0002272,SRA_M0007451,SRB_M0005995,
GM0009183,GT0002273,SRA_M0007452,,SRC_M0003640
GM0009184,GT0002273,SRA_M0007453,SRB_M0005996,SRC_M0003641
GM0009185,GT0002273,SRA_M0007454,SRB_M0005997,SRC_M0003642
GM0009186,GT0002273,SRA_M0007455,SRB_M0005998,
GM0009187,GT0002273,SRA_M0007456,SRB_M0005999,SRC_M0003643
GM0009188,GT0002273,SRA_M0007457,SRB_M0006000,SRC_M0003644
GM0009189,GT0002274,SRA_M0007458,SRB_M0006002,SRC_M0003645
GM0009190,GT0002274,SRA_M0007459,,SRC_M0003646
GM0009191,GT0002274,SRA_M0007460,SRB_M0006003,
GM0009192,GT0002274,SRA_M0007461,SRB_M0006004,
GM0009193,GT0002274,SRA_M0007462,,SRC_M0003647
GM0009194,GT0002275,SRA_M0007463,SRB_M0006005,SRC_M0003648
GM0009195,GT0002275,SRA_M0007464,SRB_M0006006,SRC_M0003649
GM0009196,GT0002275,SRA_M0007465,,
GM0009197,GT0002275,,SRB_M0006007,
GM0009198,GT0002276,SRA_M0007466,,
GM0009199,GT0002276,,,
GM0009200,GT0002277,SRA_M0007467,,
GM0009201,GT0002277,SRA_M0007468,,
GM0009202,GT0002277,SRA_M0007469,,
GM0009203,GT0002278,SRA_M0007470,SRB_M0006008,SRC_M0003650
GM0009204,GT0002278,,SRB_M0006009,
GM0009205,GT0002278,SRA_M0007471,SRB_M0006010,SRC_M0003651
GM0009206,GT0002278,SRA_M0007472,SRB_M0006011,
GM0009207,GT0002279,SRA_M0007473,SRB_M0006012,
GM0009208,GT0002279,,SRB_M0006013,SRC_M0003652
GM0009209,GT0002279,SRA_M0007474,SRB_M0006014,
GM0009210,GT0002279,SRA_M0007475,SRB_M0006015,SRC_M0003653
GM0009211,GT0002279,,SRB_M0006016,SRC_M0003654
GM0009212,GT0002279,SRA_M0007476,SRB_M0006017,
GM0009213,GT0002280,SRA_M0007477,,
GM0009214,GT0002280,SRA_M0007478,,
GM0009215,GT0002280,SRA_M0007479,,SRC_M0003655
GM0009216,GT0002280,SRA_M0007480,,SRC_M0003656
GM0009217,GT0002281,SRA_M0007481,SRB_M0006018,
GM0009218,GT0002281,,SRB_M0006019,
GM0009219,GT0002281,SRA_M0007482,SRB_M0006020,
GM0009220,GT0002282,,SRB_M0006021,SRC_M0003657
GM0009221,GT0002282,,SRB_M0006022,
GM0009222,GT0002282,,SRB_M0006023,SRC_M0003658
GM0009223,GT0002282,,SRB_M0006024,SRC_M0003659
GM0009224,GT0002282,,SRB_M0006025,SRC_M0003660
GM0009225,GT0002282,,SRB_M0006026,SRC_M0003661
GM0009226,GT0002283,SRA_M0007483,SRB_M0006027,
GM0009227,GT0002283,SRA_M0007484,SRB_M0006028,
GM0009228,GT0002283,SRA_M0007485,SRB_M0006029,
GM0009229,GT0002283,SRA_M0007486,SRB_M0006030,
GM0009230,GT0002283,SRA_M0007487,SRB_M0006031,
GM0009231,GT0002284,SRA_M0007488,SRB_M0006032,SRC_M0003662
GM0009232,GT0002284,SRA_M0007489,SRB_M0006033,SRC_M0003663
GM0009233,GT0002284,SRA_M0007490,SRB_M0006034,SRC_M0003664
GM0009234,GT0002284,SRA_M0007491,SRB_M0006035,SRC_M0003665
GM0009235,GT0002284,SRA_M0007492,SRB_M0006036,SRC_M0003666
GM0009236,GT0002284,SRA_M0007493,SRB_M0006037,SRC_M0003667
GM0009237,GT0002285,SRA_M0007494,SRB_M0006038,SRC_M0003668
GM0009238,GT0002285,SRA_M0007495,SRB_M0006039,SRC_M0003669
GM0009239,GT0002285,SRA_M0007496,SRB_M0006040,
GM0009240,GT0002286,SRA_M0007497,,
GM0009241,GT0002286,SRA_M0007498,,
GM0009242,GT0002286,SRA_M0007499,,
GM0009243,GT0002286,,,
GM0009244,GT0002287,SRA_M0007500,SRB_M0006041,
GM0009245,GT0002287,SRA_M0007501,SRB_M0006042,
GM0009246,GT0002287,SRA_M0007502,SRB_M0006043,
GM0009247,GT0002287,SRA_M0007503,SRB_M0006044,
GM0009248,GT0002287,,,
GM0009249,GT0002287,SRA_M0007504,SRB_M0006045,
GM0009250,GT0002288,SRA_M0007506,,
GM0009251,GT0002288,SRA_M0007507,SRB_M0006046,SRC_M0003670
GM0009252,GT0002288,SRA_M0007508,SRB_M0006047,SRC_M0003671
GM0009253,GT0002288,SRA_M0007509,SRB_M0006048,SRC_M0003672
GM0009254,GT0002289,SRA_M0007510,,
GM0009255,GT0002289,SRA_M0007511,,
GM0009256,GT0002289,SRA_M0007512,,
GM0009257,GT0002290,SRA_M0007513,SRB_M0006049,
GM0009258,GT0002290,SRA_M0007514,SRB_M0006050,
GM0009259,GT0002290,SRA_M0007515,SRB_M0006051,
GM0009260,GT0002290,SRA_M0007516,SRB_M0006052,
GM0009261,GT0002290,SRA_M0007517,SRB_M0006053,
GM0009262,GT0002291,SRA_M0007518,SRB_M0006054,SRC_M0003673
GM0009263,GT0002291,SRA_M0007519,SRB_M0006055,SRC_M0003674
GM0009264,GT0002292,SRA_M0007520,SRB_M0006056,
GM0009265,GT0002292,SRA_M0007521,SRB_M0006057,
GM0009266,GT0002292,,SRB_M0006058,
GM0009267,GT0002292,,SRB_M0006059,
GM0009268,GT0002292,SRA_M0007522,SRB_M0006060,
GM0009269,GT0002292,SRA_M0007523,SRB_M0006061,
GM0009270,GT0002293,SRA_M0007524,,SRC_M0003675
GM0009271,GT0002293,SRA_M0007525,,
GM0009272,GT0002293,SRA_M0007526,,SRC_M0003676
GM0009273,GT0002294,SRA_M0007527,SRB_M0006062,SRC_M0003677
GM0009274,GT0002294,SRA_M0007528,,SRC_M0003678
GM0009275,GT0002295,SRA_M0007529,,SRC_M0003679
GM0009276,GT0002295,SRA_M0007530,SRB_M0006063,
GM0009277,GT0002295,SRA_M0007531,SRB_M0006064,SRC_M0003680
GM0009278,GT0002295,SRA_M0007532,SRB_M0006065,SRC_M0003681
GM0009279,GT0002295,SRA_M0007533,SRB_M0006066,SRC_M0003682
GM0009280,GT0002296,SRA_M0007534,SRB_M0006067,
GM0009281,GT0002296,SRA_M0007535,SRB_M0006068,
GM0009282,GT0002296,SRA_M0007536,SRB_M0006069,
GM0009283,GT0002297,SRA_M0007537,SRB_M0006070,
GM0009284,GT0002297,SRA_M0007538,SRB_M0006071,
GM0009285,GT0002297,SRA_M0007539,,
GM0009286,GT0002297,SRA_M0007540,SRB_M0006072,
GM0009287,GT0002297,SRA_M0007541,SRB_M0006073,
GM0009288,GT0002298,SRA_M0007542,SRB_M0006074,SRC_M0003683
GM0009289,GT0002298,SRA_M0007543,SRB_M0006075,
GM0009290,GT0002298,SRA_M0007544,SRB_M0006076,
GM0009291,GT0002298,SRA_M0007545,SRB_M0006077,
GM0009292,GT0002299,SRA_M0007546,SRB_M0006078,SRC_M0003684
GM0009293,GT0002299,SRA_M0007547,SRB_M0006079,SRC_M0003685
GM0009294,GT0002299,SRA_M0007548,SRB_M0006080,
GM0009295,GT0002299,SRA_M0007549,SRB_M0006081,
GM0009296,GT0002299,SRA_M0007550,,SRC_M0003686
GM0009297,GT0002299,SRA_M0007551,SRB_M0006082,SRC_M0003687
GM0009298,GT0002300,SRA_M0007552,SRB_M0006083,SRC_M0003688
GM0009299,GT0002300,SRA_M0007553,SRB_M0006084,SRC_M0003689
GM0009300,GT0002300,,SRB_M0006085,SRC_M0003690
GM0009301,GT0002301,SRA_M0007554,SRB_M0006086,SRC_M0003691
GM0009302,GT0002301,SRA_M0007555,SRB_M0006087,SRC_M0003692
GM0009303,GT0002301,SRA_M0007556,,SRC_M0003693
GM0009304,GT0002301,SRA_M0007557,SRB_M0006088,SRC_M0003694
GM0009305,GT0002301,SRA_M0007558,SRB_M0006089,SRC_M0003695
GM0009306,GT0002302,SRA_M0007559,,SRC_M0003696
GM0009307,GT0002302,SRA_M0007560,,SRC_M0003697
GM0009308,GT0002302,SRA_M0007561,,SRC_M0003698
GM0009309,GT0002302,SRA_M0007562,,SRC_M0003699
GM0009310,GT0002303,SRA_M0007563,SRB_M0006090,
GM0009311,GT0002303,SRA_M0007564,,
GM0009312,GT0002303,SRA_M0007565,SRB_M0006091,
GM0009313,GT0002303,SRA_M0007566,,
GM0009314,GT0002303,SRA_M0007567,SRB_M0006092,
GM0009315,GT0002303,SRA_M0007568,,
GM0009316,GT0002304,SRA_M0007569,,SRC_M0003700
GM0009317,GT0002304,SRA_M0007570,SRB_M0006093,SRC_M0003701
GM0009318,GT0002304,SRA_M0007571,SRB_M0006094,SRC_M0003702
GM0009319,GT0002304,SRA_M0007572,SRB_M0006095,
GM0009320,GT0002304,SRA_M0007573,SRB_M0006096,
GM0009321,GT0002304,SRA_M0007574,SRB_M0006097,
GM0009322,GT0002305,SRA_M0007575,SRB_M0006098,
GM0009323,GT0002305,SRA_M0007576,,
GM0009324,GT0002305,SRA_M0007577,SRB_M0006099,
GM0009325,GT0002305,SRA_M0007578,SRB_M0006100,
GM0009326,GT0002305,SRA_M0007579,SRB_M0006101,
GM0009327,GT0002306,,SRB_M0006102,
GM0009328,GT0002306,SRA_M0007581,,
GM0009329,GT0002306,SRA_M0007582,SRB_M0006103,
GM0009330,GT0002306,SRA_M0007583,SRB_M0006104,
GM0009331,GT0002306,SRA_M0007584,,
GM0009332,GT0002307,SRA_M0007585,SRB_M0006105,
GM0009333,GT0002307,SRA_M0007586,,
GM0009334,GT0002307,SRA_M0007587,SRB_M0006106,
GM0009335,GT0002307,SRA_M0007588,SRB_M0006107,
GM0009336,GT0002307,SRA_M0007589,SRB_M0006108,
GM0009337,GT0002308,SRA_M0007590,SRB_M0006109,
GM0009338,GT0002308,SRA_M0007591,SRB_M0006110,SRC_M0003703
GM0009339,GT0002308,SRA_M0007592,SRB_M0006111,SRC_M0003704
GM0009340,GT0002308,SRA_M0007593,SRB_M0006112,SRC_M0003705
GM0009341,GT0002308,SRA_M0007594,SRB_M0006113,SRC_M0003706
GM0009342,GT0002308,SRA_M0007595,SRB_M0006114,SRC_M0003707
GM0009343,GT0002309,SRA_M0007596,SRB_M0006115,SRC_M0003708
GM0009344,GT0002309,SRA_M0007597,SRB_M0006116,SRC_M0003709
GM0009345,GT0002309,SRA_M0007598,SRB_M0006117,
GM0009346,GT0002309,SRA_M0007599,SRB_M0006118,SRC_M0003710
GM0009347,GT0002309,SRA_M0007600,SRB_M0006119,SRC_M0003711
GM0009348,GT0002310,,SRB_M0006120,SRC_M0003712
GM0009349,GT0002310,SRA_M0007601,SRB_M0006121,
GM0009350,GT0002310,SRA_M0007602,SRB_M0006122,SRC_M0003713
GM0009351,GT0002310,SRA_M0007603,SRB_M0006123,
GM0009352,GT0002310,SRA_M0007604,SRB_M0006124,SRC_M0003714
GM0009353,GT0002311,SRA_M0007605,SRB_M0006125,SRC_M0003715
GM0009354,GT0002311,SRA_M0007606,SRB_M0006126,SRC_M0003716
GM0009355,GT0002312,SRA_M0007607,SRB_M0006127,
GM0009356,GT0002312,SRA_M0007608,SRB_M0006128,
GM0009357,GT0002312,SRA_M0007609,SRB_M0006129,
GM0009358,GT0002312,SRA_M0007610,SRB_M0006130,
GM0009359,GT0002312,SRA_M0007611,SRB_M0006131,
GM0009360,GT0002312,SRA_M0007612,SRB_M0006132,
GM0009361,GT0002313,SRA_M0007613,,
GM0009362,GT0002313,SRA_M0007614,SRB_M0006133,
GM0009363,GT0002313,SRA_M0007615,SRB_M0006134,
GM0009364,GT0002314,SRA_M0007616,SRB_M0006135,
GM0009365,GT0002314,SRA_M0007617,SRB_M0006136,
GM0009366,GT0002314,SRA_M0007618,SRB_M0006137,
GM0009367,GT0002314,SRA_M0007619,SRB_M0006138,
GM0009368,GT0002314,SRA_M0007620,SRB_M0006139,
GM0009369,GT0002315,SRA_M0007622,,SRC_M0003717
GM0009370,GT0002315,SRA_M0007623,SRB_M0006140,SRC_M0003718
GM0009371,GT0002315,SRA_M0007624,SRB_M0006141,SRC_M0003719
GM0009372,GT0002315,SRA_M0007625,SRB_M0006142,SRC_M0003720
GM0009373,GT0002315,SRA_M0007626,SRB_M0006143,SRC_M0003721
GM0009374,GT0002315,SRA_M0007627,SRB_M0006144,SRC_M0003722
GM0009375,GT0002316,SRA_M0007629,,
GM0009376,GT0002316,SRA_M0007630,,
GM0009377,GT0002316,SRA_M0007631,,
GM0009378,GT0002316,SRA_M0007632,,
GM0009379,GT0002317,SRA_M0007633,SRB_M0006145,
GM0009380,GT0002317,SRA_M0007634,SRB_M0006146,
GM0009381,GT0002317,SRA_M0007635,,
GM0009382,GT0002317,SRA_M0007636,SRB_M0006147,
GM0009383,GT0002318,,,
GM0009384,GT0002318,SRA_M0007637,,
GM0009385,GT0002319,,,
GM0009386,GT0002319,SRA_M0007638,,
GM0009387,GT0002319,SRA_M0007639,,
GM0009388,GT0002320,SRA_M0007640,SRB_M0006148,
GM0009389,GT0002320,SRA_M0007641,SRB_M0006149,
GM0009390,GT0002320,SRA_M0007642,SRB_M0006150,
GM0009391,GT0002320,SRA_M0007643,SRB_M0006151,
GM0009392,GT0002321,SRA_M0007644,SRB_M0006153,SRC_M0003723
GM0009393,GT0002321,SRA_M0007645,SRB_M0006154,
GM0009394,GT0002322,,SRB_M0006155,SRC_M0003724
GM0009395,GT0002322,,,
GM0009396,GT0002323,SRA_M0007646,,
GM0009397,GT0002323,SRA_M0007647,,
GM0009398,GT0002323,SRA_M0007648,,
GM0009399,GT0002323,,,SRC_M0003725
GM0009400,GT0002323,SRA_M0007649,,
GM0009401,GT0002323,SRA_M0007650,,SRC_M0003726
GM0009402,GT0002324,SRA_M0007651,,
GM0009403,GT0002324,,,
GM0009404,GT0002324,SRA_M0007652,,
GM0009405,GT0002324,SRA_M0007653,,
GM0009406,GT0002324,SRA_M0007654,,
GM0009407,GT0002324,SRA_M0007655,,
GM0009408,GT0002325,SRA_M0007656,,SRC_M0003727
GM0009409,GT0002325,SRA_M0007657,,SRC_M0003728
GM0009410,GT0002325,SRA_M0007658,,SRC_M0003729
GM0009411,GT0002325,SRA_M0007659,,SRC_M0003730
GM0009412,GT0002325,SRA_M0007660,,
GM0009413,GT0002326,SRA_M0007662,SRB_M0006156,
GM0009414,GT0002326,SRA_M0007663,SRB_M0006157,
GM0009415,GT0002326,SRA_M0007664,SRB_M0006158,
GM0009416,GT0002327,,SRB_M0006159,
GM0009417,GT0002327,,SRB_M0006160,
GM0009418,GT0002327,,SRB_M0006161,
GM0009419,GT0002327,,SRB_M0006162,
GM0009420,GT0002328,SRA_M0007665,,
GM0009421,GT0002328,SRA_M0007666,,
GM0009422,GT0002328,SRA_M0007667,,
GM0009423,GT0002328,SRA_M0007668,,
GM0009424,GT0002328,SRA_M0007669,,
GM0009425,GT0002328,SRA_M0007670,,
GM0009426,GT0002329,SRA_M0007671,SRB_M0006163,SRC_M0003731
GM0009427,GT0002329,SRA_M0007672,SRB_M0006164,SRC_M0003732
GM0009428,GT0002329,SRA_M0007673,SRB_M0006165,SRC_M0003733
GM0009429,GT0002329,SRA_M0007674,SRB_M0006166,SRC_M0003734
GM0009430,GT0002329,,,
GM0009431,GT0002330,SRA_M0007675,,
GM0009432,GT0002330,SRA_M0007676,SRB_M0006167,
GM0009433,GT0002330,SRA_M0007677,,
GM0009434,GT0002330,SRA_M0007678,,
GM0009435,GT0002330,SRA_M0007679,SRB_M0006168,
GM0009436,GT0002330,SRA_M0007680,SRB_M0006169,
GM0009437,GT0002331,SRA_M0007681,SRB_M0006170,SRC_M0003735
GM0009438,GT0002331,SRA_M0007682,SRB_M0006171,SRC_M0003736
GM0009439,GT0002331,SRA_M0007683,,SRC_M0003737
GM0009440,GT0002331,SRA_M0007684,SRB_M0006172,SRC_M0003738
GM0009441,GT0002331,SRA_M0007685,SRB_M0006173,
GM0009442,GT0002332,SRA_M0007686,,SRC_M0003739
GM0009443,GT0002332,SRA_M0007687,SRB_M0006174,SRC_M0003740
GM0009444,GT0002332,SRA_M0007688,SRB_M0006175,SRC_M0003741
GM0009445,GT0002332,SRA_M0007689,SRB_M0006176,SRC_M0003742
GM0009446,GT0002333,SRA_M0007690,,
GM0009447,GT0002333,,,
GM0009448,GT0002333,,,
GM0009449,GT0002334,SRA_M0007691,SRB_M0006177,
GM0009450,GT0002334,SRA_M0007692,SRB_M0006178,
GM0009451,GT0002334,SRA_M0007693,SRB_M0006179,
GM0009452,GT0002334,SRA_M0007694,SRB_M0006180,
GM0009453,GT0002335,SRA_M0007695,SRB_M0006181,
GM0009454,GT0002335,SRA_M0007696,,
GM0009455,GT0002335,SRA_M0007697,,
GM0009456,GT0002336,SRA_M0007698,SRB_M0006182,
GM0009457,GT0002336,SRA_M0007699,SRB_M0006183,
GM0009458,GT0002336,SRA_M0007700,SRB_M0006184,
GM0009459,GT0002336,SRA_M0007701,SRB_M0006185,
GM0009460,GT0002336,SRA_M0007702,SRB_M0006186,
GM0009461,GT0002337,SRA_M0007703,SRB_M0006187,SRC_M0003743
GM0009462,GT0002337,SRA_M0007704,SRB_M0006188,SRC_M0003744
GM0009463,GT0002337,SRA_M0007705,,
GM0009464,GT0002337,,,
GM0009465,GT0002337,SRA_M0007706,SRB_M0006189,SRC_M0003745
GM0009466,GT0002337,SRA_M0007707,,SRC_M0003746
GM0009467,GT0002338,SRA_M0007708,SRB_M0006191,SRC_M0003747
GM0009468,GT0002338,SRA_M0007709,SRB_M0006192,
GM0009469,GT0002338,SRA_M0007710,SRB_M0006193,SRC_M0003748
GM0009470,GT0002338,SRA_M0007711,SRB_M0006194,
GM0009471,GT0002338,SRA_M0007712,SRB_M0006195,SRC_M0003749
GM0009472,GT0002339,SRA_M0007713,,
GM0009473,GT0002339,SRA_M0007714,,
GM0009474,GT0002339,SRA_M0007715,,
GM0009475,GT0002339,SRA_M0007716,,
GM0009476,GT0002339,SRA_M0007717,,
GM0009477,GT0002340,,SRB_M0006196,
GM0009478,GT0002340,,SRB_M0006197,
GM0009479,GT0002340,SRA_M0007718,SRB_M0006198,
GM0009480,GT0002340,SRA_M0007719,SRB_M0006199,
GM0009481,GT0002341,,SRB_M0006200,
GM0009482,GT0002341,,SRB_M0006201,
GM0009483,GT0002341,,SRB_M0006202,
GM0009484,GT0002341,,SRB_M0006203,
GM0009485,GT0002341,,SRB_M0006204,
GM0009486,GT0002341,,SRB_M0006205,
GM0009487,GT0002342,,SRB_M0006206,SRC_M0003750
GM0009488,GT0002342,SRA_M0007720,SRB_M0006207,SRC_M0003751
GM0009489,GT0002342,SRA_M0007721,SRB_M0006208,
GM0009490,GT0002342,SRA_M0007722,,SRC_M0003752
GM0009491,GT0002342,SRA_M0007723,SRB_M0006209,
GM0009492,GT0002343,SRA_M0007724,,
GM0009493,GT0002343,SRA_M0007725,,
GM0009494,GT0002343,SRA_M0007726,,
GM0009495,GT0002343,SRA_M0007727,,
GM0009496,GT0002343,SRA_M0007728,,
GM0009497,GT0002344,SRA_M0007729,SRB_M0006210,
GM0009498,GT0002344,SRA_M0007730,SRB_M0006211,
GM0009499,GT0002344,SRA_M0007731,,SRC_M0003753
GM0009500,GT0002344,SRA_M0007732,,SRC_M0003754
GM0009501,GT0002344,SRA_M0007733,SRB_M0006212,
GM0009502,GT0002345,SRA_M0007734,SRB_M0006213,SRC_M0003755
GM0009503,GT0002345,SRA_M0007735,SRB_M0006214,SRC_M0003756
GM0009504,GT0002345,SRA_M0007736,SRB_M0006215,SRC_M0003757
GM0009505,GT0002345,SRA_M0007737,SRB_M0006216,SRC_M0003758
GM0009506,GT0002345,SRA_M0007738,SRB_M0006217,SRC_M0003759
GM0009507,GT0002345,,SRB_M0006218,SRC_M0003760
GM0009508,GT0002346,,SRB_M0006219,SRC_M0003762
GM0009509,GT0002346,SRA_M0007739,,
GM0009510,GT0002346,SRA_M0007740,SRB_M0006220,SRC_M0003763
GM0009511,GT0002347,SRA_M0007741,,SRC_M0003764
GM0009512,GT0002347,SRA_M0007742,,SRC_M0003765
GM0009513,GT0002347,SRA_M0007743,,SRC_M0003766
GM0009514,GT0002347,,,SRC_M0003767
GM0009515,GT0002348,SRA_M0007744,SRB_M0006221,
GM0009516,GT0002348,SRA_M0007745,,
GM0009517,GT0002348,SRA_M0007746,SRB_M0006222,
GM0009518,GT0002349,SRA_M0007747,SRB_M0006223,SRC_M0003768
GM0009519,GT0002349,SRA_M0007748,SRB_M0006224,
GM0009520,GT0002349,SRA_M0007749,SRB_M0006225,
GM0009521,GT0002349,SRA_M0007750,SRB_M0006226,SRC_M0003769
GM0009522,GT0002349,SRA_M0007751,SRB_M0006227,
GM0009523,GT0002349,SRA_M0007752,SRB_M0006228,
GM0009524,GT0002350,SRA_M0007753,SRB_M0006229,SRC_M0003771
GM0009525,GT0002350,SRA_M0007754,,SRC_M0003772
GM0009526,GT0002350,SRA_M0007755,SRB_M0006230,
GM0009527,GT0002350,SRA_M0007756,SRB_M0006231,SRC_M0003773
GM0009528,GT0002350,,SRB_M0006232,SRC_M0003774
GM0009529,GT0002351,SRA_M0007757,SRB_M0006233,
GM0009530,GT0002351,,SRB_M0006234,
GM0009531,GT0002351,SRA_M0007758,SRB_M0006235,
GM0009532,GT0002351,SRA_M0007759,SRB_M0006236,
GM0009533,GT0002352,SRA_M0007760,,
GM0009534,GT0002352,SRA_M0007761,SRB_M0006237,
GM0009535,GT0002352,SRA_M0007762,SRB_M0006238,
GM0009536,GT0002352,,SRB_M0006239,
GM0009537,GT0002352,SRA_M0007763,SRB_M0006240,
GM0009538,GT0002353,SRA_M0007764,SRB_M0006241,SRC_M0003775
GM0009539,GT0002353,SRA_M0007765,,SRC_M0003776
GM0009540,GT0002353,SRA_M0007766,SRB_M0006242,
GM0009541,GT0002353,SRA_M0007767,SRB_M0006243,SRC_M0003777
GM0009542,GT0002353,SRA_M0007768,SRB_M0006244,SRC_M0003778
GM0009543,GT0002354,,SRB_M0006245,SRC_M0003779
GM0009544,GT0002354,SRA_M0007769,SRB_M0006246,SRC_M0003780
GM0009545,GT0002354,SRA_M0007770,SRB_M0006247,SRC_M0003781
GM0009546,GT0002355,SRA_M0007771,SRB_M0006248,SRC_M0003782
GM0009547,GT0002355,SRA_M0007772,SRB_M0006249,SRC_M0003783
GM0009548,GT0002355,SRA_M0007773,SRB_M0006250,
GM0009549,GT0002355,SRA_M0007774,SRB_M0006251,SRC_M0003784
GM0009550,GT0002355,SRA_M0007775,SRB_M0006252,
GM0009551,GT0002356,,SRB_M0006253,
GM0009552,GT0002356,,SRB_M0006254,
GM0009553,GT0002356,,SRB_M0006255,
GM0009554,GT0002356,,SRB_M0006256,
GM0009555,GT0002356,,SRB_M0006257,
GM0009556,GT0002357,SRA_M0007776,SRB_M0006258,
GM0009557,GT0002357,SRA_M0007777,SRB_M0006259,
GM0009558,GT0002357,SRA_M0007778,SRB_M0006260,
GM0009559,GT0002357,SRA_M0007779,SRB_M0006261,
GM0009560,GT0002358,SRA_M0007780,,SRC_M0003785
GM0009561,GT0002358,SRA_M0007781,,
GM0009562,GT0002359,SRA_M0007782,,
GM0009563,GT0002359,SRA_M0007783,,
GM0009564,GT0002359,SRA_M0007784,,
GM0009565,GT0002359,SRA_M0007785,,
GM0009566,GT0002359,SRA_M0007786,,
GM0009567,GT0002359,SRA_M0007787,,
GM0009568,GT0002360,SRA_M0007788,SRB_M0006262,
GM0009569,GT0002360,,SRB_M0006263,
GM0009570,GT0002360,SRA_M0007789,SRB_M0006264,
GM0009571,GT0002360,SRA_M0007790,SRB_M0006265,
GM0009572,GT0002360,SRA_M0007791,SRB_M0006266,
GM0009573,GT0002360,SRA_M0007792,,
GM0009574,GT0002361,SRA_M0007793,SRB_M0006267,
GM0009575,GT0002361,SRA_M0007794,SRB_M0006268,
GM0009576,GT0002361,SRA_M0007795,SRB_M0006269,
GM0009577,GT0002361,SRA_M0007796,SRB_M0006270,
GM0009578,GT0002361,SRA_M0007797,SRB_M0006271,
GM0009579,GT0002361,SRA_M0007798,SRB_M0006272,
GM0009580,GT0002362,SRA_M0007799,,
GM0009581,GT0002362,SRA_M0007800,SRB_M0006273,
GM0009582,GT0002362,,SRB_M0006274,
GM0009583,GT0002362,SRA_M0007801,SRB_M0006275,
GM0009584,GT0002363,SRA_M0007802,SRB_M0006276,
GM0009585,GT0002363,,SRB_M0006277,SRC_M0003786
GM0009586,GT0002363,SRA_M0007803,SRB_M0006278,SRC_M0003787
GM0009587,GT0002363,SRA_M0007804,SRB_M0006279,
GM0009588,GT0002363,SRA_M0007805,SRB_M0006280,SRC_M0003788
GM0009589,GT0002363,SRA_M0007806,SRB_M0006281,SRC_M0003789
GM0009590,GT0002364,SRA_M0007807,,
GM0009591,GT0002364,SRA_M0007808,,
GM0009592,GT0002364,SRA_M0007809,,
GM0009593,GT0002364,,,
GM0009594,GT0002365,SRA_M0007810,SRB_M0006282,SRC_M0003790
GM0009595,GT0002365,SRA_M0007811,SRB_M0006283,SRC_M0003791
GM0009596,GT0002365,SRA_M0007812,SRB_M0006284,
GM0009597,GT0002365,SRA_M0007813,SRB_M0006285,SRC_M0003792
GM0009598,GT0002366,SRA_M0007814,,
GM0009599,GT0002366,SRA_M0007815,,SRC_M0003793
GM0009600,GT0002367,SRA_M0007816,SRB_M0006287,
GM0009601,GT0002367,SRA_M0007817,SRB_M0006288,SRC_M0003794
GM0009602,GT0002367,SRA_M0007818,SRB_M0006289,SRC_M0003795
GM0009603,GT0002367,SRA_M0007819,SRB_M0006290,SRC_M0003796
GM0009604,GT0002367,SRA_M0007820,SRB_M0006291,SRC_M0003797
GM0009605,GT0002368,SRA_M0007821,SRB_M0006292,
GM0009606,GT0002368,SRA_M0007822,SRB_M0006293,
GM0009607,GT0002368,SRA_M0007823,SRB_M0006294,
GM0009608,GT0002368,SRA_M0007824,SRB_M0006295,
GM0009609,GT0002368,SRA_M0007825,,
GM0009610,GT0002368,SRA_M0007826,SRB_M0006296,
GM0009611,GT0002369,,SRB_M0006297,
GM0009612,GT0002369,,SRB_M0006298,
GM0009613,GT0002369,,SRB_M0006299,
GM0009614,GT0002369,,SRB_M0006300,
GM0009615,GT0002370,,SRB_M0006301,SRC_M0003798
GM0009616,GT0002370,SRA_M0007827,SRB_M0006302,
GM0009617,GT0002370,SRA_M0007828,SRB_M0006303,SRC_M0003799
GM0009618,GT0002371,SRA_M0007829,,SRC_M0003800
GM0009619,GT0002371,SRA_M0007830,,SRC_M0003801
GM0009620,GT0002371,SRA_M0007831,,SRC_M0003802
GM0009621,GT0002371,SRA_M0007832,,
GM0009622,GT0002371,SRA_M0007833,,
GM0009623,GT0002372,SRA_M0007834,SRB_M0006304,
GM0009624,GT0002372,SRA_M0007835,SRB_M0006305,
GM0009625,GT0002372,SRA_M0007836,SRB_M0006306,
GM0009626,GT0002372,SRA_M0007837,,
GM0009627,GT0002372,SRA_M0007838,SRB_M0006307,
GM0009628,GT0002372,SRA_M0007839,SRB_M0006308,
GM0009629,GT0002373,,,SRC_M0003803
GM0009630,GT0002373,SRA_M0007840,SRB_M0006309,
GM0009631,GT0002373,SRA_M0007841,SRB_M0006310,
GM0009632,GT0002373,,SRB_M0006311,SRC_M0003804
GM0009633,GT0002373,SRA_M0007842,,
GM0009634,GT0002374,,SRB_M0006312,SRC_M0003805
GM0009635,GT0002374,SRA_M0007843,SRB_M0006313,SRC_M0003806
GM0009636,GT0002374,,,SRC_M0003807
GM0009637,GT0002374,SRA_M0007844,SRB_M0006314,SRC_M0003808
GM0009638,GT0002375,,,SRC_M0003809
GM0009639,GT0002375,,,SRC_M0003810
GM0009640,GT0002375,,,
GM0009641,GT0002375,,,
GM0009642,GT0002375,,,SRC_M0003811
GM0009643,GT0002375,,,SRC_M0003812
GM0009644,GT0002376,,SRB_M0006315,
GM0009645,GT0002376,,,
GM0009646,GT0002376,,SRB_M0006316,
GM0009647,GT0002376,,SRB_M0006317,SRC_M0003814
GM0009648,GT0002376,,SRB_M0006318,SRC_M0003815
GM0009649,GT0002377,SRA_M0007845,SRB_M0006319,
GM0009650,GT0002377,SRA_M0007846,SRB_M0006320,
GM0009651,GT0002377,SRA_M0007847,SRB_M0006321,
GM0009652,GT0002377,SRA_M0007848,SRB_M0006322,
GM0009653,GT0002377,SRA_M0007849,SRB_M0006323,
GM0009654,GT0002377,SRA_M0007850,SRB_M0006324,
GM0009655,GT0002378,SRA_M0007851,,SRC_M0003816
GM0009656,GT0002378,SRA_M0007852,SRB_M0006325,SRC_M0003817
GM0009657,GT0002379,SRA_M0007853,SRB_M0006326,SRC_M0003818
GM0009658,GT0002379,SRA_M0007854,SRB_M0006327,SRC_M0003819
GM0009659,GT0002379,SRA_M0007855,SRB_M0006328,
GM0009660,GT0002379,SRA_M0007856,SRB_M0006329,
GM0009661,GT0002379,,SRB_M0006330,SRC_M0003820
GM0009662,GT0002380,SRA_M0007857,SRB_M0006331,SRC_M0003821
GM0009663,GT0002380,SRA_M0007858,SRB_M0006332,SRC_M0003822
GM0009664,GT0002381,SRA_M0007859,,SRC_M0003823
GM0009665,GT0002381,,,SRC_M0003824
GM0009666,GT0002381,SRA_M0007860,,SRC_M0003825
GM0009667,GT0002381,SRA_M0007861,,
GM0009668,GT0002382,SRA_M0007862,SRB_M0006333,SRC_M0003826
GM0009669,GT0002382,SRA_M0007863,SRB_M0006334,
GM0009670,GT0002382,SRA_M0007864,SRB_M0006335,SRC_M0003827
GM0009671,GT0002382,SRA_M0007865,SRB_M0006336,SRC_M0003828
GM0009672,GT0002382,SRA_M0007866,SRB_M0006337,SRC_M0003829
GM0009673,GT0002383,SRA_M0007867,SRB_M0006338,
GM0009674,GT0002383,SRA_M0007868,SRB_M0006339,
GM0009675,GT0002383,,SRB_M0006340,
GM0009676,GT0002383,SRA_M0007869,,
GM0009677,GT0002384,SRA_M0007870,SRB_M0006341,
GM0009678,GT0002384,SRA_M0007871,SRB_M0006342,SRC_M0003830
GM0009679,GT0002385,SRA_M0007872,SRB_M0006343,
GM0009680,GT0002385,SRA_M0007873,SRB_M0006344,
GM0009681,GT0002385,SRA_M0007874,SRB_M0006345,
GM0009682,GT0002385,SRA_M0007875,SRB_M0006346,
GM0009683,GT0002385,SRA_M0007876,SRB_M0006347,
GM0009684,GT0002385,SRA_M0007877,SRB_M0006348,
GM0009685,GT0002386,,,
GM0009686,GT0002386,,,
GM0009687,GT0002386,,,
GM0009688,GT0002387,SRA_M0007878,SRB_M0006349,
GM0009689,GT0002387,SRA_M0007879,SRB_M0006350,
GM0009690,GT0002388,,SRB_M0006351,SRC_M0003831
GM0009691,GT0002388,,SRB_M0006352,SRC_M0003832
GM0009692,GT0002388,,SRB_M0006353,SRC_M0003833
GM0009693,GT0002388,,SRB_M0006354,SRC_M0003834
GM0009694,GT0002389,SRA_M0007880,SRB_M0006355,SRC_M0003835
GM0009695,GT0002389,SRA_M0007881,SRB_M0006356,SRC_M0003836
GM0009696,GT0002389,SRA_M0007882,,SRC_M0003837
GM0009697,GT0002389,,SRB_M0006357,SRC_M0003838
GM0009698,GT0002389,SRA_M0007883,,SRC_M0003839
GM0009699,GT0002390,SRA_M0007884,SRB_M0006358,
GM0009700,GT0002390,SRA_M0007885,SRB_M0006359,SRC_M0003840
GM0009701,GT0002390,,SRB_M0006360,SRC_M0003841
GM0009702,GT0002390,SRA_M0007886,SRB_M0006361,SRC_M0003842
GM0009703,GT0002390,SRA_M0007887,SRB_M0006362,SRC_M0003843
GM0009704,GT0002390,SRA_M0007888,SRB_M0006363,SRC_M0003844
GM0009705,GT0002391,SRA_M0007889,,SRC_M0003845
GM0009706,GT0002391,SRA_M0007890,,SRC_M0003846
GM0009707,GT0002391,,,
GM0009708,GT0002391,SRA_M0007891,,SRC_M0003847
GM0009709,GT0002392,SRA_M0007892,SRB_M0006364,SRC_M0003848
GM0009710,GT0002392,SRA_M0007893,SRB_M0006365,
GM0009711,GT0002392,SRA_M0007894,SRB_M0006366,SRC_M0003849
GM0009712,GT0002393,SRA_M0007895,,SRC_M0003850
GM0009713,GT0002393,SRA_M0007896,,SRC_M0003851
GM0009714,GT0002394,SRA_M0007897,SRB_M0006368,
GM0009715,GT0002394,SRA_M0007898,,
GM0009716,GT0002395,SRA_M0007899,SRB_M0006369,
GM0009717,GT0002395,SRA_M0007900,SRB_M0006370,
GM0009718,GT0002395,SRA_M0007901,SRB_M0006371,
GM0009719,GT0002395,SRA_M0007902,SRB_M0006372,
GM0009720,GT0002395,SRA_M0007903,SRB_M0006373,
GM0009721,GT0002395,SRA_M0007904,SRB_M0006374,
GM0009722,GT0002396,SRA_M0007905,SRB_M0006375,
GM0009723,GT0002396,SRA_M0007906,SRB_M0006376,
GM0009724,GT0002396,SRA_M0007907,SRB_M0006377,
GM0009725,GT0002396,SRA_M0007908,SRB_M0006378,
GM0009726,GT0002397,SRA_M0007909,,SRC_M0003852
GM0009727,GT0002397,SRA_M0007910,,SRC_M0003853
GM0009728,GT0002397,SRA_M0007911,,SRC_M0003854
GM0009729,GT0002397,SRA_M0007912,,
GM0009730,GT0002398,SRA_M0007913,SRB_M0006379,
GM0009731,GT0002398,,SRB_M0006380,
GM0009732,GT0002398,SRA_M0007914,SRB_M0006381,
GM0009733,GT0002398,SRA_M0007915,SRB_M0006382,
GM0009734,GT0002399,,SRB_M0006383,
GM0009735,GT0002399,SRA_M0007916,SRB_M0006384,
GM0009736,GT0002399,SRA_M0007917,SRB_M0006385,
GM0009737,GT0002399,SRA_M0007918,SRB_M0006386,
GM0009738,GT0002399,SRA_M0007919,SRB_M0006387,
GM0009739,GT0002399,SRA_M0007920,,
GM0009740,GT0002400,,SRB_M0006388,
GM0009741,GT0002400,,,
GM0009742,GT0002400,,SRB_M0006389,
GM0009743,GT0002400,,SRB_M0006390,
GM0009744,GT0002400,,,
GM0009745,GT0002400,,SRB_M0006391,
GM0009746,GT0002401,SRA_M0007921,SRB_M0006392,SRC_M0003855
GM0009747,GT0002401,SRA_M0007922,SRB_M0006393,SRC_M0003856
GM0009748,GT0002402,SRA_M0007923,SRB_M0006394,
GM0009749,GT0002402,SRA_M0007924,SRB_M0006395,
GM0009750,GT0002402,SRA_M0007925,SRB_M0006396,
GM0009751,GT0002402,,SRB_M0006397,
GM0009752,GT0002402,SRA_M0007926,SRB_M0006398,
GM0009753,GT0002403,SRA_M0007928,SRB_M0006399,SRC_M0003857
GM0009754,GT0002403,,SRB_M0006400,SRC_M0003858
GM0009755,GT0002404,SRA_M0007929,,
GM0009756,GT0002404,SRA_M0007930,,
GM0009757,GT0002405,SRA_M0007932,SRB_M0006402,SRC_M0003859
GM0009758,GT0002405,SRA_M0007933,SRB_M0006403,SRC_M0003860
GM0009759,GT0002405,SRA_M0007934,SRB_M0006404,SRC_M0003861
GM0009760,GT0002405,SRA_M0007935,,SRC_M0003862
GM0009761,GT0002406,SRA_M0007936,SRB_M0006405,SRC_M0003863
GM0009762,GT0002406,,SRB_M0006406,SRC_M0003864
GM0009763,GT0002407,,SRB_M0006407,
GM0009764,GT0002407,,SRB_M0006408,SRC_M0003865
GM0009765,GT0002407,,SRB_M0006409,
GM0009766,GT0002408,,,
GM0009767,GT0002408,,,
GM0009768,GT0002408,,SRB_M0006410,
GM0009769,GT0002409,SRA_M0007937,,
GM0009770,GT0002409,SRA_M0007938,SRB_M0006411,
GM0009771,GT0002410,SRA_M0007939,,
GM0009772,GT0002410,SRA_M0007940,,
GM0009773,GT0002410,SRA_M0007941,,
GM0009774,GT0002411,SRA_M0007942,SRB_M0006412,
GM0009775,GT0002411,,SRB_M0006413,
GM0009776,GT0002412,SRA_M0007943,SRB_M0006414,
GM0009777,GT0002412,SRA_M0007944,SRB_M0006415,
GM0009778,GT0002412,SRA_M0007945,SRB_M0006416,
GM0009779,GT0002412,SRA_M0007946,SRB_M0006417,
GM0009780,GT0002413,SRA_M0007947,,
GM0009781,GT0002413,SRA_M0007948,,
GM0009782,GT0002414,SRA_M0007949,,
GM0009783,GT0002414,SRA_M0007950,,
GM0009784,GT0002414,,,
GM0009785,GT0002414,SRA_M0007951,,
GM0009786,GT0002415,SRA_M0007952,SRB_M0006418,
GM0009787,GT0002415,SRA_M0007953,SRB_M0006419,
GM0009788,GT0002415,SRA_M0007954,,
GM0009789,GT0002416,,SRB_M0006420,
GM0009790,GT0002416,SRA_M0007955,SRB_M0006421,
GM0009791,GT0002416,SRA_M0007956,,
GM0009792,GT0002416,,SRB_M0006422,
GM0009793,GT0002416,,SRB_M0006423,
GM0009794,GT0002416,SRA_M0007957,SRB_M0006424,
GM0009795,GT0002417,SRA_M0007958,SRB_M0006425,
GM0009796,GT0002417,SRA_M0007959,SRB_M0006426,
GM0009797,GT0002417,SRA_M0007960,SRB_M0006427,
GM0009798,GT0002418,,,
GM0009799,GT0002418,,SRB_M0006428,
GM0009800,GT0002418,,SRB_M0006429,
GM0009801,GT0002418,,SRB_M0006430,
GM0009802,GT0002418,,,
GM0009803,GT0002418,,SRB_M0006431,
GM0009804,GT0002419,SRA_M0007961,,SRC_M0003866
GM0009805,GT0002419,SRA_M0007962,,SRC_M0003867
GM0009806,GT0002419,SRA_M0007963,,SRC_M0003868
GM0009807,GT0002419,SRA_M0007964,,SRC_M0003869
GM0009808,GT0002420,SRA_M0007965,,
GM0009809,GT0002420,SRA_M0007966,,
GM0009810,GT0002420,SRA_M0007967,,
GM0009811,GT0002420,SRA_M0007968,,
GM0009812,GT0002420,SRA_M0007969,,
GM0009813,GT0002421,SRA_M0007970,SRB_M0006432,SRC_M0003870
GM0009814,GT0002421,SRA_M0007971,SRB_M0006433,
GM0009815,GT0002421,SRA_M0007972,SRB_M0006434,SRC_M0003871
GM0009816,GT0002421,SRA_M0007973,SRB_M0006435,
GM0009817,GT0002421,SRA_M0007974,SRB_M0006436,SRC_M0003872
GM0009818,GT0002422,,SRB_M0006437,
GM0009819,GT0002422,,SRB_M0006438,
GM0009820,GT0002422,,,
GM0009821,GT0002422,,,
GM0009822,GT0002422,,SRB_M0006439,
GM0009823,GT0002422,,SRB_M0006440,
GM0009824,GT0002423,SRA_M0007975,SRB_M0006441,
GM0009825,GT0002423,SRA_M0007976,SRB_M0006442,SRC_M0003873
GM0009826,GT0002423,SRA_M0007977,SRB_M0006443,SRC_M0003874
GM0009827,GT0002423,SRA_M0007978,SRB_M0006444,SRC_M0003875
GM0009828,GT0002423,SRA_M0007979,SRB_M0006445,SRC_M0003876
GM0009829,GT0002423,SRA_M0007980,SRB_M0006446,SRC_M0003877
GM0009830,GT0002424,SRA_M0007981,,
GM0009831,GT0002424,,SRB_M0006447,
GM0009832,GT0002425,SRA_M0007982,,
GM0009833,GT0002425,SRA_M0007983,SRB_M0006448,
GM0009834,GT0002425,SRA_M0007984,,
GM0009835,GT0002425,SRA_M0007985,,
GM0009836,GT0002425,SRA_M0007986,SRB_M0006449,
GM0009837,GT0002425,SRA_M0007987,SRB_M0006450,
GM0009838,GT0002426,SRA_M0007988,SRB_M0006451,
GM0009839,GT0002426,SRA_M0007989,SRB_M0006452,
GM0009840,GT0002426,SRA_M0007990,,
GM0009841,GT0002426,SRA_M0007991,,
GM0009842,GT0002426,SRA_M0007992,SRB_M0006453,
GM0009843,GT0002426,SRA_M0007993,SRB_M0006454,
GM0009844,GT0002427,,,
GM0009845,GT0002427,SRA_M0007994,,
GM0009846,GT0002427,SRA_M0007995,,
GM0009847,GT0002427,SRA_M0007996,,
GM0009848,GT0002427,SRA_M0007997,,
GM0009849,GT0002427,SRA_M0007998,,
GM0009850,GT0002428,SRA_M0007999,SRB_M0006455,
GM0009851,GT0002428,SRA_M0008000,SRB_M0006456,
GM0009852,GT0002428,,SRB_M0006457,
GM0009853,GT0002428,SRA_M0008001,SRB_M0006458,
GM0009854,GT0002429,SRA_M0008003,SRB_M0006459,
GM0009855,GT0002429,SRA_M0008004,SRB_M0006460,
GM0009856,GT0002429,SRA_M0008005,SRB_M0006461,
GM0009857,GT0002429,SRA_M0008006,SRB_M0006462,
GM0009858,GT0002429,SRA_M0008007,SRB_M0006463,
GM0009859,GT0002429,SRA_M0008008,SRB_M0006464,
GM0009860,GT0002430,SRA_M0008009,,SRC_M0003878
GM0009861,GT0002430,SRA_M0008010,,SRC_M0003879
GM0009862,GT0002431,,,SRC_M0003880
GM0009863,GT0002431,,,SRC_M0003881
GM0009864,GT0002431,,SRB_M0006465,
GM0009865,GT0002431,,,SRC_M0003882
GM0009866,GT0002431,,SRB_M0006466,SRC_M0003883
GM0009867,GT0002432,SRA_M0008011,SRB_M0006467,SRC_M0003884
GM0009868,GT0002432,SRA_M0008012,SRB_M0006468,
GM0009869,GT0002432,SRA_M0008013,SRB_M0006469,
GM0009870,GT0002433,SRA_M0008014,,SRC_M0003885
GM0009871,GT0002433,SRA_M0008015,SRB_M0006470,SRC_M0003886
GM0009872,GT0002433,SRA_M0008016,SRB_M0006471,
GM0009873,GT0002433,SRA_M0008017,SRB_M0006472,SRC_M0003887
GM0009874,GT0002433,SRA_M0008018,SRB_M0006473,SRC_M0003888
GM0009875,GT0002433,SRA_M0008019,SRB_M0006474,
GM0009876,GT0002434,SRA_M0008020,SRB_M0006475,
GM0009877,GT0002434,SRA_M0008021,SRB_M0006476,
GM0009878,GT0002434,SRA_M0008022,SRB_M0006477,
GM0009879,GT0002434,SRA_M0008023,,
GM0009880,GT0002434,SRA_M0008024,SRB_M0006478,
GM0009881,GT0002435,,,
GM0009882,GT0002435,SRA_M0008025,SRB_M0006479,
GM0009883,GT0002435,SRA_M0008026,SRB_M0006480,
GM0009884,GT0002435,SRA_M0008027,SRB_M0006481,
GM0009885,GT0002435,SRA_M0008028,,
GM0009886,GT0002436,SRA_M0008029,,
GM0009887,GT0002436,SRA_M0008030,SRB_M0006482,
GM0009888,GT0002436,SRA_M0008031,SRB_M0006483,
GM0009889,GT0002436,SRA_M0008032,SRB_M0006484,
GM0009890,GT0002436,SRA_M0008033,SRB_M0006485,
GM0009891,GT0002436,SRA_M0008034,SRB_M0006486,
GM0009892,GT0002437,SRA_M0008035,SRB_M0006487,SRC_M0003889
GM0009893,GT0002437,,SRB_M0006488,SRC_M0003890
GM0009894,GT0002437,SRA_M0008036,,SRC_M0003891
GM0009895,GT0002438,SRA_M0008037,SRB_M0006490,SRC_M0003892
GM0009896,GT0002438,SRA_M0008038,SRB_M0006491,SRC_M0003893
GM0009897,GT0002438,,SRB_M0006492,
GM0009898,GT0002438,SRA_M0008039,SRB_M0006493,
GM0009899,GT0002438,,,SRC_M0003894
GM0009900,GT0002439,SRA_M0008040,SRB_M0006494,
GM0009901,GT0002439,,,
GM0009902,GT0002440,,SRB_M0006495,SRC_M0003895
GM0009903,GT0002440,,SRB_M0006496,
GM0009904,GT0002441,SRA_M0008041,SRB_M0006497,
GM0009905,GT0002441,,SRB_M0006498,
GM0009906,GT0002441,SRA_M0008042,SRB_M0006499,
GM0009907,GT0002441,SRA_M0008043,SRB_M0006500,
GM0009908,GT0002441,SRA_M0008044,,
GM0009909,GT0002441,,,
GM0009910,GT0002442,SRA_M0008046,SRB_M0006501,
GM0009911,GT0002442,SRA_M0008047,SRB_M0006502,
GM0009912,GT0002442,SRA_M0008048,SRB_M0006503,
GM0009913,GT0002442,SRA_M0008049,SRB_M0006504,
GM0009914,GT0002442,SRA_M0008050,,
GM0009915,GT0002443,SRA_M0008051,,
GM0009916,GT0002443,SRA_M0008052,SRB_M0006505,
GM0009917,GT0002443,,SRB_M0006506,
GM0009918,GT0002443,SRA_M0008053,SRB_M0006507,
GM0009919,GT0002444,SRA_M0008054,,
GM0009920,GT0002444,SRA_M0008055,,
GM0009921,GT0002444,SRA_M0008056,,
GM0009922,GT0002445,SRA_M0008057,SRB_M0006508,
GM0009923,GT0002445,SRA_M0008058,SRB_M0006509,SRC_M0003896
GM0009924,GT0002445,SRA_M0008059,,
GM0009925,GT0002445,SRA_M0008060,SRB_M0006510,
GM0009926,GT0002446,SRA_M0008061,,SRC_M0003897
GM0009927,GT0002446,SRA_M0008062,,SRC_M0003898
GM0009928,GT0002447,,SRB_M0006511,SRC_M0003899
GM0009929,GT0002447,SRA_M0008063,SRB_M0006512,SRC_M0003900
GM0009930,GT0002447,SRA_M0008064,SRB_M0006513,
GM0009931,GT0002448,,SRB_M0006515,
GM0009932,GT0002448,SRA_M0008065,,
GM0009933,GT0002448,SRA_M0008066,SRB_M0006516,
GM0009934,GT0002448,SRA_M0008067,SRB_M0006517,
GM0009935,GT0002448,SRA_M0008068,SRB_M0006518,
GM0009936,GT0002448,SRA_M0008069,,
GM0009937,GT0002449,SRA_M0008070,SRB_M0006519,SRC_M0003901
GM0009938,GT0002449,SRA_M0008071,SRB_M0006520,
GM0009939,GT0002450,SRA_M0008072,SRB_M0006521,SRC_M0003902
GM0009940,GT0002450,SRA_M0008073,SRB_M0006522,SRC_M0003903
GM0009941,GT0002450,SRA_M0008074,,
GM0009942,GT0002451,SRA_M0008075,,SRC_M0003904
GM0009943,GT0002451,SRA_M0008076,SRB_M0006523,SRC_M0003905
GM0009944,GT0002452,SRA_M0008078,,SRC_M0003906
GM0009945,GT0002452,SRA_M0008079,,SRC_M0003907
GM0009946,GT0002452,,,SRC_M0003908
GM0009947,GT0002452,SRA_M0008080,,SRC_M0003909
GM0009948,GT0002452,SRA_M0008081,,
GM0009949,GT0002453,SRA_M0008082,SRB_M0006524,
GM0009950,GT0002453,SRA_M0008083,SRB_M0006525,
GM0009951,GT0002453,SRA_M0008084,SRB_M0006526,
GM0009952,GT0002453,,SRB_M0006527,
GM0009953,GT0002454,SRA_M0008085,SRB_M0006528,SRC_M0003911
GM0009954,GT0002454,SRA_M0008086,SRB_M0006529,SRC_M0003912
GM0009955,GT0002454,SRA_M0008087,,SRC_M0003913
GM0009956,GT0002455,SRA_M0008088,SRB_M0006530,
GM0009957,GT0002455,SRA_M0008089,SRB_M0006531,
GM0009958,GT0002455,SRA_M0008090,SRB_M0006532,
GM0009959,GT0002455,SRA_M0008091,SRB_M0006533,
GM0009960,GT0002455,SRA_M0008092,SRB_M0006534,
GM0009961,GT0002456,SRA_M0008093,SRB_M0006535,SRC_M0003914
GM0009962,GT0002456,SRA_M0008094,SRB_M0006536,
GM0009963,GT0002457,SRA_M0008095,,
GM0009964,GT0002457,SRA_M0008096,,
GM0009965,GT0002457,SRA_M0008097,,
GM0009966,GT0002457,SRA_M0008098,,
GM0009967,GT0002457,SRA_M0008099,,
GM0009968,GT0002458,SRA_M0008100,,
GM0009969,GT0002458,SRA_M0008101,SRB_M0006537,
GM0009970,GT0002459,SRA_M0008102,SRB_M0006538,SRC_M0003915
GM0009971,GT0002459,SRA_M0008103,SRB_M0006539,SRC_M0003916
GM0009972,GT0002459,,SRB_M0006540,SRC_M0003917
GM0009973,GT0002459,SRA_M0008104,,
GM0009974,GT0002460,SRA_M0008105,SRB_M0006541,SRC_M0003918
GM0009975,GT0002460,SRA_M0008106,SRB_M0006542,SRC_M0003919
GM0009976,GT0002460,SRA_M0008107,SRB_M0006543,SRC_M0003920
GM0009977,GT0002461,SRA_M0008108,SRB_M0006544,SRC_M0003921
GM0009978,GT0002461,SRA_M0008109,SRB_M0006545,
GM0009979,GT0002462,SRA_M0008110,,
GM0009980,GT0002462,SRA_M0008111,,
GM0009981,GT0002462,SRA_M0008112,,
GM0009982,GT0002462,SRA_M0008113,,
GM0009983,GT0002462,SRA_M0008114,,
GM0009984,GT0002463,SRA_M0008115,SRB_M0006546,
GM0009985,GT0002463,SRA_M0008116,SRB_M0006547,
GM0009986,GT0002464,SRA_M0008117,,SRC_M0003922
GM0009987,GT0002464,SRA_M0008118,,SRC_M0003923
GM0009988,GT0002464,SRA_M0008119,,SRC_M0003924
GM0009989,GT0002464,SRA_M0008120,,SRC_M0003925
GM0009990,GT0002464,SRA_M0008121,,SRC_M0003926
GM0009991,GT0002465,,SRB_M0006548,SRC_M0003927
GM0009992,GT0002465,SRA_M0008122,SRB_M0006549,SRC_M0003928
GM0009993,GT0002465,SRA_M0008123,,SRC_M0003929
GM0009994,GT0002465,SRA_M0008124,SRB_M0006550,SRC_M0003930
GM0009995,GT0002465,SRA_M0008125,SRB_M0006551,
GM0009996,GT0002465,SRA_M0008126,SRB_M0006552,SRC_M0003931
GM0009997,GT0002466,SRA_M0008127,,
GM0009998,GT0002466,SRA_M0008128,,
GM0009999,GT0002466,SRA_M0008129,,
GM0010000,GT0002466,SRA_M0008130,,
GM0010001,GT0002467,SRA_M0008131,SRB_M0006553,
GM0010002,GT0002467,SRA_M0008132,SRB_M0006554,
GM0010003,GT0002467,SRA_M0008133,SRB_M0006555,
GM0010004,GT0002467,SRA_M0008134,SRB_M0006556,
GM0010005,GT0002468,,SRB_M0006557,SRC_M0003932
GM0010006,GT0002468,SRA_M0008135,SRB_M0006558,
GM0010007,GT0002468,SRA_M0008136,,SRC_M0003933
GM0010008,GT0002468,SRA_M0008137,SRB_M0006559,
GM0010009,GT0002468,SRA_M0008138,SRB_M0006560,
GM0010010,GT0002469,SRA_M0008139,,SRC_M0003934
GM0010011,GT0002469,SRA_M0008140,SRB_M0006561,SRC_M0003935
GM0010012,GT0002469,SRA_M0008141,,
GM0010013,GT0002469,SRA_M0008142,SRB_M0006562,
GM0010014,GT0002469,SRA_M0008143,SRB_M0006563,SRC_M0003936
GM0010015,GT0002469,SRA_M0008144,SRB_M0006564,SRC_M0003937
GM0010016,GT0002470,SRA_M0008145,SRB_M0006565,
GM0010017,GT0002470,,SRB_M0006566,
GM0010018,GT0002470,SRA_M0008146,SRB_M0006567,
GM0010019,GT0002470,SRA_M0008147,SRB_M0006568,
GM0010020,GT0002470,SRA_M0008148,,
GM0010021,GT0002471,SRA_M0008149,,
GM0010022,GT0002471,SRA_M0008150,,
GM0010023,GT0002471,SRA_M0008151,,
GM0010024,GT0002471,SRA_M0008152,,
GM0010025,GT0002471,SRA_M0008153,,
GM0010026,GT0002471,,,
GM0010027,GT0002472,SRA_M0008154,SRB_M0006569,
GM0010028,GT0002472,SRA_M0008155,,
GM0010029,GT0002472,SRA_M0008156,SRB_M0006570,
GM0010030,GT0002473,SRA_M0008157,,
GM0010031,GT0002473,SRA_M0008158,,
GM0010032,GT0002473,SRA_M0008159,,
GM0010033,GT0002473,SRA_M0008160,,
GM0010034,GT0002473,SRA_M0008161,,
GM0010035,GT0002474,SRA_M0008162,SRB_M0006571,SRC_M0003938
GM0010036,GT0002474,SRA_M0008163,SRB_M0006572,SRC_M0003939
GM0010037,GT0002474,,,SRC_M0003940
GM0010038,GT0002474,SRA_M0008164,SRB_M0006573,
GM0010039,GT0002475,SRA_M0008165,,
GM0010040,GT0002475,SRA_M0008166,SRB_M0006574,SRC_M0003941
GM0010041,GT0002475,SRA_M0008167,SRB_M0006575,SRC_M0003942
GM0010042,GT0002475,SRA_M0008168,SRB_M0006576,SRC_M0003943
GM0010043,GT0002476,,SRB_M0006577,
GM0010044,GT0002476,,,
GM0010045,GT0002477,SRA_M0008169,,SRC_M0003944
GM0010046,GT0002477,,,
GM0010047,GT0002477,,,SRC_M0003945
GM0010048,GT0002477,,,SRC_M0003946
GM0010049,GT0002477,SRA_M0008170,,
GM0010050,GT0002478,SRA_M0008171,SRB_M0006578,SRC_M0003947
GM0010051,GT0002478,SRA_M0008172,SRB_M0006579,SRC_M0003948
GM0010052,GT0002478,,SRB_M0006580,SRC_M0003949
GM0010053,GT0002478,,SRB_M0006581,SRC_M0003950
GM0010054,GT0002478,SRA_M0008173,SRB_M0006582,
GM0010055,GT0002479,SRA_M0008174,SRB_M0006583,SRC_M0003951
GM0010056,GT0002479,SRA_M0008175,,
GM0010057,GT0002479,,SRB_M0006584,SRC_M0003952
GM0010058,GT0002480,SRA_M0008176,,
GM0010059,GT0002480,SRA_M0008177,,
GM0010060,GT0002480,,,
GM0010061,GT0002480,SRA_M0008178,,
GM0010062,GT0002480,SRA_M0008179,,
GM0010063,GT0002480,SRA_M0008180,,
GM0010064,GT0002481,SRA_M0008181,,
GM0010065,GT0002481,SRA_M0008182,SRB_M0006585,
GM0010066,GT0002482,SRA_M0008183,SRB_M0006586,
GM0010067,GT0002482,SRA_M0008184,SRB_M0006587,
GM0010068,GT0002483,SRA_M0008185,SRB_M0006588,
GM0010069,GT0002483,SRA_M0008186,SRB_M0006589,
GM0010070,GT0002483,SRA_M0008187,SRB_M0006590,
GM0010071,GT0002483,SRA_M0008188,SRB_M0006591,
GM0010072,GT0002483,SRA_M0008189,,
GM0010073,GT0002484,SRA_M0008190,,
GM0010074,GT0002484,SRA_M0008191,,
GM0010075,GT0002484,SRA_M0008192,,
GM0010076,GT0002484,SRA_M0008193,,
GM0010077,GT0002485,SRA_M0008194,,
GM0010078,GT0002485,,SRB_M0006592,
GM0010079,GT0002485,,SRB_M0006593,
GM0010080,GT0002485,SRA_M0008195,SRB_M0006594,
GM0010081,GT0002485,SRA_M0008196,SRB_M0006595,
GM0010082,GT0002485,SRA_M0008197,SRB_M0006596,
GM0010083,GT0002486,SRA_M0008198,SRB_M0006597,
GM0010084,GT0002486,SRA_M0008199,SRB_M0006598,
GM0010085,GT0002486,SRA_M0008200,SRB_M0006599,
GM0010086,GT0002486,SRA_M0008201,SRB_M0006600,
GM0010087,GT0002486,SRA_M0008202,SRB_M0006601,
GM0010088,GT0002486,SRA_M0008203,SRB_M0006602,
GM0010089,GT0002487,SRA_M0008204,,SRC_M0003953
GM0010090,GT0002487,SRA_M0008205,,SRC_M0003954
GM0010091,GT0002488,,SRB_M0006603,
GM0010092,GT0002488,,SRB_M0006604,
GM0010093,GT0002488,,SRB_M0006605,
GM0010094,GT0002489,SRA_M0008206,SRB_M0006606,
GM0010095,GT0002489,SRA_M0008207,,SRC_M0003955
GM0010096,GT0002490,SRA_M0008208,SRB_M0006607,SRC_M0003956
GM0010097,GT0002490,SRA_M0008209,SRB_M0006608,SRC_M0003957
GM0010098,GT0002490,SRA_M0008210,SRB_M0006609,SRC_M0003958
GM0010099,GT0002490,SRA_M0008211,SRB_M0006610,SRC_M0003959
GM0010100,GT0002490,SRA_M0008212,SRB_M0006611,
GM0010101,GT0002491,,,
GM0010102,GT0002491,SRA_M0008213,SRB_M0006612,
GM0010103,GT0002491,SRA_M0008214,SRB_M0006613,
GM0010104,GT0002491,,SRB_M0006614,
GM0010105,GT0002491,SRA_M0008215,SRB_M0006615,
GM0010106,GT0002492,SRA_M0008216,,SRC_M0003960
GM0010107,GT0002492,SRA_M0008217,,SRC_M0003961
GM0010108,GT0002493,SRA_M0008218,SRB_M0006616,
GM0010109,GT0002493,SRA_M0008219,SRB_M0006617,
GM0010110,GT0002494,,SRB_M0006618,SRC_M0003962
GM0010111,GT0002494,,SRB_M0006619,SRC_M0003963
GM0010112,GT0002494,,SRB_M0006620,SRC_M0003964
GM0010113,GT0002494,,SRB_M0006621,SRC_M0003965
GM0010114,GT0002494,,SRB_M0006622,
GM0010115,GT0002495,SRA_M0008220,SRB_M0006623,
GM0010116,GT0002495,SRA_M0008221,SRB_M0006624,SRC_M0003966
GM0010117,GT0002495,SRA_M0008222,SRB_M0006625,SRC_M0003967
GM0010118,GT0002495,SRA_M0008223,SRB_M0006626,SRC_M0003968
GM0010119,GT0002496,SRA_M0008224,SRB_M0006627,SRC_M0003969
GM0010120,GT0002496,SRA_M0008225,,SRC_M0003970
GM0010121,GT0002496,SRA_M0008226,SRB_M0006628,
GM0010122,GT0002496,SRA_M0008227,,
GM0010123,GT0002496,SRA_M0008228,SRB_M0006629,
GM0010124,GT0002496,SRA_M0008229,,SRC_M0003971
GM0010125,GT0002497,,SRB_M0006630,SRC_M0003972
GM0010126,GT0002497,SRA_M0008231,SRB_M0006631,SRC_M0003973
GM0010127,GT0002497,SRA_M0008232,SRB_M0006632,SRC_M0003974
GM0010128,GT0002497,SRA_M0008233,SRB_M0006633,
GM0010129,GT0002498,SRA_M0008234,,SRC_M0003975
GM0010130,GT0002498,,SRB_M0006634,SRC_M0003976
GM0010131,GT0002498,SRA_M0008235,,SRC_M0003977
GM0010132,GT0002498,SRA_M0008236,SRB_M0006635,SRC_M0003978
GM0010133,GT0002498,SRA_M0008237,,SRC_M0003979
GM0010134,GT0002499,SRA_M0008238,SRB_M0006636,
GM0010135,GT0002499,SRA_M0008239,SRB_M0006637,
GM0010136,GT0002499,SRA_M0008240,,
GM0010137,GT0002499,,,
GM0010138,GT0002500,SRA_M0008241,,
GM0010139,GT0002500,SRA_M0008242,,
GM0010140,GT0002500,SRA_M0008243,,
GM0010141,GT0002500,SRA_M0008244,,
GM0010142,GT0002501,,,
GM0010143,GT0002501,SRA_M0008245,,
GM0010144,GT0002501,SRA_M0008246,,
GM0010145,GT0002501,SRA_M0008247,,
GM0010146,GT0002501,SRA_M0008248,,
GM0010147,GT0002502,SRA_M0008249,SRB_M0006638,
GM0010148,GT0002502,SRA_M0008250,SRB_M0006639,SRC_M0003980
GM0010149,GT0002502,SRA_M0008251,SRB_M0006640,SRC_M0003981
GM0010150,GT0002502,SRA_M0008252,SRB_M0006641,
GM0010151,GT0002503,SRA_M0008253,,SRC_M0003982
GM0010152,GT0002503,SRA_M0008254,SRB_M0006643,SRC_M0003983
GM0010153,GT0002503,,SRB_M0006644,SRC_M0003984
GM0010154,GT0002504,SRA_M0008255,SRB_M0006646,SRC_M0003985
GM0010155,GT0002504,SRA_M0008256,SRB_M0006647,
GM0010156,GT0002504,SRA_M0008257,SRB_M0006648,
GM0010157,GT0002504,SRA_M0008258,SRB_M0006649,SRC_M0003986
GM0010158,GT0002504,SRA_M0008259,SRB_M0006650,SRC_M0003987
GM0010159,GT0002504,SRA_M0008260,SRB_M0006651,SRC_M0003988
GM0010160,GT0002505,SRA_M0008262,SRB_M0006652,
GM0010161,GT0002505,SRA_M0008263,SRB_M0006653,
GM0010162,GT0002505,SRA_M0008264,SRB_M0006654,SRC_M0003989
GM0010163,GT0002505,SRA_M0008265,SRB_M0006655,SRC_M0003990
GM0010164,GT0002506,SRA_M0008266,,
GM0010165,GT0002506,SRA_M0008267,,SRC_M0003991
GM0010166,GT0002506,SRA_M0008268,,SRC_M0003992
GM0010167,GT0002506,SRA_M0008269,,SRC_M0003993
GM0010168,GT0002506,SRA_M0008270,,SRC_M0003994
GM0010169,GT0002506,SRA_M0008271,,SRC_M0003995
GM0010170,GT0002507,SRA_M0008272,,
GM0010171,GT0002507,SRA_M0008273,SRB_M0006656,
GM0010172,GT0002507,SRA_M0008274,,
GM0010173,GT0002507,SRA_M0008275,SRB_M0006657,
GM0010174,GT0002507,SRA_M0008276,SRB_M0006658,
GM0010175,GT0002507,SRA_M0008277,,
GM0010176,GT0002508,SRA_M0008278,SRB_M0006659,SRC_M0003996
GM0010177,GT0002508,SRA_M0008279,SRB_M0006660,SRC_M0003997
GM0010178,GT0002508,SRA_M0008280,,
GM0010179,GT0002508,SRA_M0008281,SRB_M0006661,SRC_M0003998
GM0010180,GT0002508,SRA_M0008282,SRB_M0006662,SRC_M0003999
GM0010181,GT0002509,SRA_M0008283,SRB_M0006663,
GM0010182,GT0002509,SRA_M0008284,SRB_M0006664,
GM0010183,GT0002509,SRA_M0008285,SRB_M0006665,
GM0010184,GT0002510,SRA_M0008286,SRB_M0006666,
GM0010185,GT0002510,SRA_M0008287,SRB_M0006667,SRC_M0004000
GM0010186,GT0002510,SRA_M0008288,SRB_M0006668,SRC_M0004001
GM0010187,GT0002510,SRA_M0008289,SRB_M0006669,SRC_M0004002
GM0010188,GT0002511,SRA_M0008290,SRB_M0006670,SRC_M0004003
GM0010189,GT0002511,SRA_M0008291,SRB_M0006671,SRC_M0004004
GM0010190,GT0002511,SRA_M0008292,SRB_M0006672,SRC_M0004005
GM0010191,GT0002511,SRA_M0008293,SRB_M0006673,SRC_M0004006
GM0010192,GT0002512,SRA_M0008294,SRB_M0006674,
GM0010193,GT0002512,SRA_M0008295,SRB_M0006675,
GM0010194,GT0002513,SRA_M0008296,SRB_M0006676,
GM0010195,GT0002513,SRA_M0008297,SRB_M0006677,
GM0010196,GT0002513,SRA_M0008298,SRB_M0006678,
GM0010197,GT0002513,SRA_M0008299,SRB_M0006679,SRC_M0004007
GM0010198,GT0002513,SRA_M0008300,,
GM0010199,GT0002513,,,SRC_M0004008
GM0010200,GT0002514,SRA_M0008301,SRB_M0006680,SRC_M0004009
GM0010201,GT0002514,SRA_M0008302,SRB_M0006681,SRC_M0004010
GM0010202,GT0002514,SRA_M0008303,SRB_M0006682,SRC_M0004011
GM0010203,GT0002515,,SRB_M0006683,
GM0010204,GT0002515,,SRB_M0006684,
GM0010205,GT0002515,,,
GM0010206,GT0002515,,SRB_M0006685,
GM0010207,GT0002515,,SRB_M0006686,
GM0010208,GT0002516,SRA_M0008304,,
GM0010209,GT0002516,SRA_M0008305,,
GM0010210,GT0002516,SRA_M0008306,,SRC_M0004012
GM0010211,GT0002516,SRA_M0008307,,SRC_M0004013
GM0010212,GT0002517,SRA_M0008308,SRB_M0006687,
GM0010213,GT0002517,SRA_M0008309,SRB_M0006688,
GM0010214,GT0002517,SRA_M0008310,SRB_M0006689,
GM0010215,GT0002517,SRA_M0008311,SRB_M0006690,
GM0010216,GT0002517,SRA_M0008312,SRB_M0006691,
GM0010217,GT0002517,SRA_M0008313,SRB_M0006692,
GM0010218,GT0002518,SRA_M0008314,,SRC_M0004014
GM0010219,GT0002518,SRA_M0008315,,SRC_M0004015
GM0010220,GT0002518,SRA_M0008316,SRB_M0006693,
GM0010221,GT0002518,SRA_M0008317,SRB_M0006694,
GM0010222,GT0002519,SRA_M0008318,SRB_M0006695,SRC_M0004016
GM0010223,GT0002519,SRA_M0008319,SRB_M0006696,
GM0010224,GT0002520,SRA_M0008320,SRB_M0006697,
GM0010225,GT0002520,SRA_M0008321,SRB_M0006698,
GM0010226,GT0002520,SRA_M0008322,SRB_M0006699,
GM0010227,GT0002520,SRA_M0008323,SRB_M0006700,
GM0010228,GT0002520,SRA_M0008324,SRB_M0006701,
GM0010229,GT0002520,SRA_M0008325,SRB_M0006702,
GM0010230,GT0002521,SRA_M0008326,,
GM0010231,GT0002521,SRA_M0008327,SRB_M0006704,
GM0010232,GT0002521,SRA_M0008328,SRB_M0006705,
GM0010233,GT0002521,SRA_M0008329,SRB_M0006706,
GM0010234,GT0002521,SRA_M0008330,SRB_M0006707,
GM0010235,GT0002521,SRA_M0008331,,
GM0010236,GT0002522,SRA_M0008332,SRB_M0006708,
GM0010237,GT0002522,SRA_M0008333,SRB_M0006709,
GM0010238,GT0002522,SRA_M0008334,SRB_M0006710,
GM0010239,GT0002522,SRA_M0008335,SRB_M0006711,
GM0010240,GT0002522,SRA_M0008336,SRB_M0006712,
GM0010241,GT0002523,SRA_M0008337,,SRC_M0004017
GM0010242,GT0002523,SRA_M0008338,,
GM0010243,GT0002523,SRA_M0008339,,
GM0010244,GT0002523,SRA_M0008340,,SRC_M0004018
GM0010245,GT0002523,SRA_M0008341,,SRC_M0004019
GM0010246,GT0002524,SRA_M0008342,SRB_M0006713,SRC_M0004020
GM0010247,GT0002524,SRA_M0008343,SRB_M0006714,SRC_M0004021
GM0010248,GT0002524,SRA_M0008344,,SRC_M0004022
GM0010249,GT0002524,SRA_M0008345,SRB_M0006715,SRC_M0004023
GM0010250,GT0002524,SRA_M0008346,SRB_M0006716,
GM0010251,GT0002525,,SRB_M0006717,SRC_M0004024
GM0010252,GT0002525,,SRB_M0006718,SRC_M0004025
GM0010253,GT0002525,,SRB_M0006719,SRC_M0004026
GM0010254,GT0002526,SRA_M0008347,SRB_M0006720,
GM0010255,GT0002526,,,
GM0010256,GT0002526,SRA_M0008348,,
GM0010257,GT0002526,SRA_M0008349,SRB_M0006721,
GM0010258,GT0002527,,SRB_M0006722,
GM0010259,GT0002527,SRA_M0008350,SRB_M0006723,
GM0010260,GT0002527,,SRB_M0006724,
GM0010261,GT0002527,SRA_M0008351,,
GM0010262,GT0002527,SRA_M0008352,SRB_M0006725,
GM0010263,GT0002528,SRA_M0008353,SRB_M0006726,SRC_M0004027
GM0010264,GT0002528,SRA_M0008354,SRB_M0006727,SRC_M0004028
GM0010265,GT0002528,SRA_M0008355,,SRC_M0004029
GM0010266,GT0002528,SRA_M0008356,SRB_M0006728,SRC_M0004030
GM0010267,GT0002528,SRA_M0008357,,
GM0010268,GT0002529,SRA_M0008358,,
GM0010269,GT0002529,SRA_M0008359,,
GM0010270,GT0002530,SRA_M0008360,,SRC_M0004031
GM0010271,GT0002530,,SRB_M0006729,SRC_M0004032
GM0010272,GT0002530,SRA_M0008361,SRB_M0006730,SRC_M0004033
GM0010273,GT0002530,SRA_M0008362,,SRC_M0004034
GM0010274,GT0002530,SRA_M0008363,,SRC_M0004035
GM0010275,GT0002530,SRA_M0008364,SRB_M0006731,SRC_M0004036
GM0010276,GT0002531,SRA_M0008365,SRB_M0006732,
GM0010277,GT0002531,SRA_M0008366,SRB_M0006733,
GM0010278,GT0002531,SRA_M0008367,SRB_M0006734,SRC_M0004037
GM0010279,GT0002531,SRA_M0008368,SRB_M0006735,SRC_M0004038
GM0010280,GT0002532,SRA_M0008369,SRB_M0006736,
GM0010281,GT0002532,SRA_M0008370,SRB_M0006737,
GM0010282,GT0002532,SRA_M0008371,SRB_M0006738,
GM0010283,GT0002532,SRA_M0008372,,
GM0010284,GT0002532,SRA_M0008373,SRB_M0006739,
GM0010285,GT0002533,SRA_M0008374,SRB_M0006740,SRC_M0004039
GM0010286,GT0002533,,SRB_M0006741,
GM0010287,GT0002534,SRA_M0008375,SRB_M0006742,SRC_M0004040
GM0010288,GT0002534,SRA_M0008376,SRB_M0006743,SRC_M0004041
GM0010289,GT0002534,SRA_M0008377,SRB_M0006744,SRC_M0004042
GM0010290,GT0002535,SRA_M0008378,,
GM0010291,GT0002535,SRA_M0008379,SRB_M0006745,
GM0010292,GT0002535,,SRB_M0006746,
GM0010293,GT0002535,SRA_M0008380,SRB_M0006747,
GM0010294,GT0002535,SRA_M0008381,SRB_M0006748,
GM0010295,GT0002536,SRA_M0008382,,SRC_M0004043
GM0010296,GT0002536,SRA_M0008383,,SRC_M0004044
GM0010297,GT0002537,SRA_M0008384,SRB_M0006749,
GM0010298,GT0002537,SRA_M0008385,SRB_M0006750,
GM0010299,GT0002537,SRA_M0008386,,
GM0010300,GT0002537,,SRB_M0006751,
GM0010301,GT0002537,SRA_M0008387,,
GM0010302,GT0002538,SRA_M0008388,SRB_M0006752,SRC_M0004046
GM0010303,GT0002538,SRA_M0008389,SRB_M0006753,SRC_M0004047
GM0010304,GT0002538,SRA_M0008390,SRB_M0006754,SRC_M0004048
GM0010305,GT0002538,SRA_M0008391,SRB_M0006755,SRC_M0004049
GM0010306,GT0002538,SRA_M0008392,SRB_M0006756,
GM0010307,GT0002538,SRA_M0008393,SRB_M0006757,
GM0010308,GT0002539,SRA_M0008394,,SRC_M0004050
GM0010309,GT0002539,SRA_M0008395,,SRC_M0004051
GM0010310,GT0002539,SRA_M0008396,SRB_M0006758,SRC_M0004052
GM0010311,GT0002539,SRA_M0008397,SRB_M0006759,
GM0010312,GT0002539,SRA_M0008398,SRB_M0006760,SRC_M0004053
GM0010313,GT0002540,SRA_M0008399,SRB_M0006761,SRC_M0004054
GM0010314,GT0002540,SRA_M0008400,SRB_M0006762,SRC_M0004055
GM0010315,GT0002540,SRA_M0008401,SRB_M0006763,SRC_M0004056
GM0010316,GT0002541,SRA_M0008402,SRB_M0006764,
GM0010317,GT0002541,SRA_M0008403,SRB_M0006765,
GM0010318,GT0002541,SRA_M0008404,SRB_M0006766,
GM0010319,GT0002541,SRA_M0008405,SRB_M0006767,
GM0010320,GT0002542,,SRB_M0006768,
GM0010321,GT0002542,,SRB_M0006769,
GM0010322,GT0002542,,SRB_M0006770,
GM0010323,GT0002542,,,
GM0010324,GT0002542,,SRB_M0006771,
GM0010325,GT0002542,,SRB_M0006772,
GM0010326,GT0002543,SRA_M0008406,SRB_M0006773,
GM0010327,GT0002543,SRA_M0008407,SRB_M0006774,
GM0010328,GT0002543,SRA_M0008408,,
GM0010329,GT0002543,SRA_M0008409,SRB_M0006775,
GM0010330,GT0002543,,,
GM0010331,GT0002544,SRA_M0008410,SRB_M0006776,
GM0010332,GT0002544,SRA_M0008411,,
GM0010333,GT0002544,SRA_M0008412,SRB_M0006777,
GM0010334,GT0002544,SRA_M0008413,,
GM0010335,GT0002545,SRA_M0008414,SRB_M0006778,SRC_M0004057
GM0010336,GT0002545,SRA_M0008415,SRB_M0006779,SRC_M0004058
GM0010337,GT0002545,SRA_M0008416,SRB_M0006780,SRC_M0004059
GM0010338,GT0002546,SRA_M0008417,SRB_M0006781,
GM0010339,GT0002546,SRA_M0008418,SRB_M0006782,
GM0010340,GT0002546,SRA_M0008419,SRB_M0006783,
GM0010341,GT0002546,SRA_M0008420,SRB_M0006784,
GM0010342,GT0002546,SRA_M0008421,SRB_M0006785,
GM0010343,GT0002546,SRA_M0008422,SRB_M0006786,
GM0010344,GT0002547,SRA_M0008423,,
GM0010345,GT0002547,,SRB_M0006788,
GM0010346,GT0002547,SRA_M0008424,SRB_M0006789,
GM0010347,GT0002548,SRA_M0008425,SRB_M0006790,
GM0010348,GT0002548,SRA_M0008426,SRB_M0006791,
GM0010349,GT0002548,SRA_M0008427,SRB_M0006792,
GM0010350,GT0002548,SRA_M0008428,SRB_M0006793,
GM0010351,GT0002548,SRA_M0008429,SRB_M0006794,
GM0010352,GT0002548,SRA_M0008430,SRB_M0006795,
GM0010353,GT0002549,SRA_M0008431,,SRC_M0004060
GM0010354,GT0002549,SRA_M0008432,,SRC_M0004061
GM0010355,GT0002549,SRA_M0008433,,SRC_M0004062
GM0010356,GT0002549,SRA_M0008434,,SRC_M0004063
GM0010357,GT0002550,SRA_M0008435,SRB_M0006796,SRC_M0004064
GM0010358,GT0002550,SRA_M0008436,SRB_M0006797,
GM0010359,GT0002550,SRA_M0008437,SRB_M0006798,
GM0010360,GT0002550,SRA_M0008438,SRB_M0006799,SRC_M0004065
GM0010361,GT0002550,SRA_M0008439,SRB_M0006800,SRC_M0004066
GM0010362,GT0002550,SRA_M0008440,SRB_M0006801,SRC_M0004067
GM0010363,GT0002551,,,
GM0010364,GT0002551,,SRB_M0006802,
GM0010365,GT0002551,,SRB_M0006803,
GM0010366,GT0002551,,,
GM0010367,GT0002551,,,
GM0010368,GT0002552,,SRB_M0006804,
GM0010369,GT0002552,,SRB_M0006805,
GM0010370,GT0002552,,SRB_M0006806,
GM0010371,GT0002553,SRA_M0008441,SRB_M0006807,SRC_M0004068
GM0010372,GT0002553,SRA_M0008442,SRB_M0006808,
GM0010373,GT0002553,,SRB_M0006809,SRC_M0004069
GM0010374,GT0002553,SRA_M0008443,SRB_M0006810,SRC_M0004070
GM0010375,GT0002553,,SRB_M0006811,SRC_M0004071
GM0010376,GT0002554,SRA_M0008444,SRB_M0006812,
GM0010377,GT0002554,SRA_M0008445,,SRC_M0004072
GM0010378,GT0002554,SRA_M0008446,,SRC_M0004073
GM0010379,GT0002554,SRA_M0008447,,
GM0010380,GT0002554,SRA_M0008448,SRB_M0006813,SRC_M0004074
GM0010381,GT0002555,SRA_M0008449,SRB_M0006814,SRC_M0004075
GM0010382,GT0002555,SRA_M0008450,SRB_M0006815,SRC_M0004076
GM0010383,GT0002555,SRA_M0008451,SRB_M0006816,SRC_M0004077
GM0010384,GT0002555,,SRB_M0006817,SRC_M0004078
GM0010385,GT0002555,SRA_M0008452,,SRC_M0004079
GM0010386,GT0002556,SRA_M0008453,SRB_M0006819,
GM0010387,GT0002556,,SRB_M0006820,
GM0010388,GT0002556,SRA_M0008454,,
GM0010389,GT0002556,SRA_M0008455,SRB_M0006821,
GM0010390,GT0002557,SRA_M0008456,SRB_M0006822,
GM0010391,GT0002557,SRA_M0008457,SRB_M0006823,
GM0010392,GT0002557,SRA_M0008458,SRB_M0006824,SRC_M0004080
GM0010393,GT0002558,SRA_M0008459,,SRC_M0004081
GM0010394,GT0002558,SRA_M0008460,SRB_M0006825,SRC_M0004082
GM0010395,GT0002559,SRA_M0008461,,SRC_M0004083
GM0010396,GT0002559,SRA_M0008462,SRB_M0006826,
GM0010397,GT0002559,SRA_M0008463,,
GM0010398,GT0002560,SRA_M0008464,SRB_M0006827,SRC_M0004084
GM0010399,GT0002560,SRA_M0008465,SRB_M0006828,SRC_M0004085
GM0010400,GT0002561,SRA_M0008466,,
GM0010401,GT0002561,SRA_M0008467,,
GM0010402,GT0002561,SRA_M0008468,,
GM0010403,GT0002561,SRA_M0008469,,
GM0010404,GT0002562,SRA_M0008470,SRB_M0006829,SRC_M0004086
GM0010405,GT0002562,SRA_M0008471,SRB_M0006830,
GM0010406,GT0002562,SRA_M0008472,,
GM0010407,GT0002562,SRA_M0008473,SRB_M0006831,
GM0010408,GT0002563,SRA_M0008474,,SRC_M0004087
GM0010409,GT0002563,SRA_M0008475,SRB_M0006832,SRC_M0004088
GM0010410,GT0002563,SRA_M0008476,SRB_M0006833,SRC_M0004089
GM0010411,GT0002564,SRA_M0008477,SRB_M0006834,SRC_M0004091
GM0010412,GT0002564,SRA_M0008478,SRB_M0006835,
GM0010413,GT0002564,SRA_M0008479,SRB_M0006836,
GM0010414,GT0002564,SRA_M0008480,SRB_M0006837,SRC_M0004092
GM0010415,GT0002564,SRA_M0008481,SRB_M0006838,
GM0010416,GT0002564,SRA_M0008482,SRB_M0006839,SRC_M0004093
GM0010417,GT0002565,,,
GM0010418,GT0002565,,,
GM0010419,GT0002566,SRA_M0008483,SRB_M0006840,
GM0010420,GT0002566,SRA_M0008484,,
GM0010421,GT0002566,SRA_M0008485,,
GM0010422,GT0002567,SRA_M0008487,,SRC_M0004094
GM0010423,GT0002567,SRA_M0008488,,SRC_M0004095
GM0010424,GT0002567,SRA_M0008489,,SRC_M0004096
GM0010425,GT0002567,SRA_M0008490,,SRC_M0004097
GM0010426,GT0002568,SRA_M0008491,SRB_M0006841,
GM0010427,GT0002568,SRA_M0008492,SRB_M0006842,SRC_M0004098
GM0010428,GT0002569,,SRB_M0006843,
GM0010429,GT0002569,,SRB_M0006844,
GM0010430,GT0002569,,SRB_M0006845,
GM0010431,GT0002569,,,SRC_M0004099
GM0010432,GT0002569,,,SRC_M0004100
GM0010433,GT0002569,,,
GM0010434,GT0002570,SRA_M0008493,,
GM0010435,GT0002570,SRA_M0008494,,
GM0010436,GT0002570,SRA_M0008495,,
GM0010437,GT0002570,SRA_M0008496,,
GM0010438,GT0002570,SRA_M0008497,SRB_M0006847,
GM0010439,GT0002570,SRA_M0008498,SRB_M0006848,
GM0010440,GT0002571,SRA_M0008499,SRB_M0006849,SRC_M0004101
GM0010441,GT0002571,SRA_M0008500,SRB_M0006850,SRC_M0004102
GM0010442,GT0002571,SRA_M0008501,SRB_M0006851,SRC_M0004103
GM0010443,GT0002572,SRA_M0008503,SRB_M0006852,
GM0010444,GT0002572,SRA_M0008504,,
GM0010445,GT0002572,SRA_M0008505,,
GM0010446,GT0002572,SRA_M0008506,SRB_M0006853,
GM0010447,GT0002573,,SRB_M0006854,SRC_M0004104
GM0010448,GT0002573,SRA_M0008507,,
GM0010449,GT0002574,SRA_M0008508,SRB_M0006855,
GM0010450,GT0002574,SRA_M0008509,SRB_M0006856,
GM0010451,GT0002575,SRA_M0008510,SRB_M0006857,
GM0010452,GT0002575,SRA_M0008511,SRB_M0006858,
GM0010453,GT0002575,SRA_M0008512,SRB_M0006859,SRC_M0004105
GM0010454,GT0002576,,SRB_M0006860,SRC_M0004106
GM0010455,GT0002576,,SRB_M0006861,
GM0010456,GT0002576,,SRB_M0006862,
GM0010457,GT0002576,,SRB_M0006863,SRC_M0004107
GM0010458,GT0002576,,SRB_M0006864,
GM0010459,GT0002577,SRA_M0008513,SRB_M0006866,
GM0010460,GT0002577,SRA_M0008514,SRB_M0006867,
GM0010461,GT0002577,,,
GM0010462,GT0002578,,SRB_M0006868,
GM0010463,GT0002578,SRA_M0008515,,SRC_M0004109
GM0010464,GT0002578,SRA_M0008516,SRB_M0006869,SRC_M0004110
GM0010465,GT0002578,SRA_M0008517,SRB_M0006870,SRC_M0004111
GM0010466,GT0002579,SRA_M0008518,SRB_M0006872,
GM0010467,GT0002579,,SRB_M0006873,
GM0010468,GT0002579,SRA_M0008519,SRB_M0006874,
GM0010469,GT0002579,SRA_M0008520,SRB_M0006875,
GM0010470,GT0002579,SRA_M0008521,,
GM0010471,GT0002580,SRA_M0008522,SRB_M0006876,
GM0010472,GT0002580,SRA_M0008523,,SRC_M0004112
GM0010473,GT0002580,SRA_M0008524,SRB_M0006877,SRC_M0004113
GM0010474,GT0002580,SRA_M0008525,SRB_M0006878,SRC_M0004114
GM0010475,GT0002580,SRA_M0008526,,SRC_M0004115
GM0010476,GT0002581,SRA_M0008527,SRB_M0006880,SRC_M0004116
GM0010477,GT0002581,SRA_M0008528,SRB_M0006881,SRC_M0004117
GM0010478,GT0002581,SRA_M0008529,SRB_M0006882,SRC_M0004118
GM0010479,GT0002581,SRA_M0008530,SRB_M0006883,SRC_M0004119
GM0010480,GT0002582,SRA_M0008531,,SRC_M0004120
GM0010481,GT0002582,SRA_M0008532,,SRC_M0004121
GM0010482,GT0002582,SRA_M0008533,,SRC_M0004122
GM0010483,GT0002582,SRA_M0008534,,SRC_M0004123
GM0010484,GT0002582,SRA_M0008535,,SRC_M0004124
GM0010485,GT0002583,SRA_M0008536,SRB_M0006884,
GM0010486,GT0002583,SRA_M0008537,SRB_M0006885,
GM0010487,GT0002583,SRA_M0008538,SRB_M0006886,
GM0010488,GT0002583,SRA_M0008539,SRB_M0006887,
GM0010489,GT0002584,SRA_M0008540,SRB_M0006888,SRC_M0004125
GM0010490,GT0002584,SRA_M0008541,SRB_M0006889,SRC_M0004126
GM0010491,GT0002584,SRA_M0008542,SRB_M0006890,SRC_M0004127
GM0010492,GT0002584,SRA_M0008543,SRB_M0006891,
GM0010493,GT0002584,SRA_M0008544,SRB_M0006892,SRC_M0004128
GM0010494,GT0002584,SRA_M0008545,SRB_M0006893,SRC_M0004129
GM0010495,GT0002585,SRA_M0008546,SRB_M0006894,
GM0010496,GT0002585,SRA_M0008547,SRB_M0006895,
GM0010497,GT0002585,SRA_M0008548,SRB_M0006896,
GM0010498,GT0002585,SRA_M0008549,SRB_M0006897,
GM0010499,GT0002585,SRA_M0008550,SRB_M0006898,
GM0010500,GT0002585,SRA_M0008551,SRB_M0006899,
GM0010501,GT0002586,SRA_M0008552,,
GM0010502,GT0002586,SRA_M0008553,,
GM0010503,GT0002586,,,
GM0010504,GT0002586,SRA_M0008554,,
GM0010505,GT0002587,,SRB_M0006900,
GM0010506,GT0002587,,SRB_M0006901,
GM0010507,GT0002587,,SRB_M0006902,
GM0010508,GT0002588,SRA_M0008555,SRB_M0006904,
GM0010509,GT0002588,SRA_M0008556,SRB_M0006905,
GM0010510,GT0002588,SRA_M0008557,SRB_M0006906,
GM0010511,GT0002588,SRA_M0008558,SRB_M0006907,
GM0010512,GT0002588,SRA_M0008559,SRB_M0006908,
GM0010513,GT0002588,SRA_M0008560,SRB_M0006909,
GM0010514,GT0002589,SRA_M0008561,SRB_M0006910,SRC_M0004130
GM0010515,GT0002589,SRA_M0008562,SRB_M0006911,SRC_M0004131
GM0010516,GT0002589,SRA_M0008563,,SRC_M0004132
GM0010517,GT0002590,SRA_M0008564,SRB_M0006912,SRC_M0004133
GM0010518,GT0002590,SRA_M0008565,SRB_M0006913,SRC_M0004134
GM0010519,GT0002590,SRA_M0008566,SRB_M0006914,SRC_M0004135
GM0010520,GT0002590,SRA_M0008567,SRB_M0006915,SRC_M0004136
GM0010521,GT0002590,SRA_M0008568,SRB_M0006916,SRC_M0004137
GM0010522,GT0002591,SRA_M0008569,,
GM0010523,GT0002591,,SRB_M0006917,
GM0010524,GT0002592,,SRB_M0006918,
GM0010525,GT0002592,SRA_M0008570,SRB_M0006919,
GM0010526,GT0002592,,SRB_M0006920,
GM0010527,GT0002592,SRA_M0008571,SRB_M0006921,
GM0010528,GT0002592,SRA_M0008572,SRB_M0006922,
GM0010529,GT0002592,SRA_M0008573,,
GM0010530,GT0002593,,SRB_M0006923,SRC_M0004139
GM0010531,GT0002593,SRA_M0008574,SRB_M0006924,SRC_M0004140
GM0010532,GT0002594,SRA_M0008575,,
GM0010533,GT0002594,SRA_M0008576,,
GM0010534,GT0002594,SRA_M0008577,,
GM0010535,GT0002594,SRA_M0008578,,
GM0010536,GT0002594,SRA_M0008579,,
GM0010537,GT0002594,SRA_M0008580,,
GM0010538,GT0002595,SRA_M0008581,SRB_M0006925,
GM0010539,GT0002595,SRA_M0008582,,
GM0010540,GT0002596,SRA_M0008583,SRB_M0006926,
GM0010541,GT0002596,SRA_M0008584,SRB_M0006927,SRC_M0004141
GM0010542,GT0002597,,SRB_M0006928,
GM0010543,GT0002597,SRA_M0008585,SRB_M0006929,
GM0010544,GT0002598,,,
GM0010545,GT0002598,,,
GM0010546,GT0002598,,,
GM0010547,GT0002598,,,
GM0010548,GT0002599,SRA_M0008586,,
GM0010549,GT0002599,SRA_M0008587,,
GM0010550,GT0002599,SRA_M0008588,,
GM0010551,GT0002599,SRA_M0008589,,
GM0010552,GT0002600,SRA_M0008590,SRB_M0006931,SRC_M0004143
GM0010553,GT0002600,SRA_M0008591,SRB_M0006932,SRC_M0004144
GM0010554,GT0002601,SRA_M0008593,SRB_M0006933,SRC_M0004145
GM0010555,GT0002601,,SRB_M0006934,SRC_M0004146
GM0010556,GT0002601,,SRB_M0006935,
GM0010557,GT0002601,SRA_M0008594,SRB_M0006936,
GM0010558,GT0002601,SRA_M0008595,SRB_M0006937,SRC_M0004147
GM0010559,GT0002601,SRA_M0008596,SRB_M0006938,SRC_M0004148
GM0010560,GT0002602,SRA_M0008597,SRB_M0006939,SRC_M0004149
GM0010561,GT0002602,SRA_M0008598,SRB_M0006940,SRC_M0004150
GM0010562,GT0002603,,SRB_M0006941,SRC_M0004151
GM0010563,GT0002603,SRA_M0008599,SRB_M0006942,SRC_M0004152
GM0010564,GT0002603,SRA_M0008600,SRB_M0006943,
GM0010565,GT0002603,,,
GM0010566,GT0002603,SRA_M0008601,,SRC_M0004153
GM0010567,GT0002603,,SRB_M0006944,
GM0010568,GT0002604,SRA_M0008602,SRB_M0006945,
GM0010569,GT0002604,SRA_M0008603,SRB_M0006946,
GM0010570,GT0002604,SRA_M0008604,SRB_M0006947,SRC_M0004154
GM0010571,GT0002604,SRA_M0008605,SRB_M0006948,SRC_M0004155
GM0010572,GT0002604,,SRB_M0006949,SRC_M0004156
GM0010573,GT0002605,SRA_M0008606,SRB_M0006950,
GM0010574,GT0002605,SRA_M0008607,SRB_M0006951,
GM0010575,GT0002605,SRA_M0008608,,
GM0010576,GT0002605,,SRB_M0006952,
GM0010577,GT0002605,SRA_M0008609,SRB_M0006953,
GM0010578,GT0002606,SRA_M0008610,,SRC_M0004157
GM0010579,GT0002606,SRA_M0008611,SRB_M0006954,SRC_M0004158
GM0010580,GT0002606,,,
GM0010581,GT0002607,SRA_M0008612,SRB_M0006955,SRC_M0004159
GM0010582,GT0002607,SRA_M0008613,SRB_M0006956,SRC_M0004160
GM0010583,GT0002607,SRA_M0008614,SRB_M0006957,SRC_M0004161
GM0010584,GT0002607,SRA_M0008615,SRB_M0006958,SRC_M0004162
GM0010585,GT0002607,SRA_M0008616,SRB_M0006959,SRC_M0004163
GM0010586,GT0002607,SRA_M0008617,SRB_M0006960,SRC_M0004164
GM0010587,GT0002608,,SRB_M0006961,
GM0010588,GT0002608,,SRB_M0006962,
GM0010589,GT0002608,,,
GM0010590,GT0002608,,,
GM0010591,GT0002608,,,
GM0010592,GT0002608,,SRB_M0006963,
GM0010593,GT0002609,SRA_M0008618,SRB_M0006965,
GM0010594,GT0002609,SRA_M0008619,,
GM0010595,GT0002609,SRA_M0008620,SRB_M0006966,
GM0010596,GT0002609,SRA_M0008621,SRB_M0006967,
GM0010597,GT0002609,SRA_M0008622,SRB_M0006968,
GM0010598,GT0002610,SRA_M0008623,,SRC_M0004165
GM0010599,GT0002610,SRA_M0008624,,SRC_M0004166
GM0010600,GT0002610,SRA_M0008625,,
GM0010601,GT0002610,SRA_M0008626,,SRC_M0004167
GM0010602,GT0002610,SRA_M0008627,,
GM0010603,GT0002611,SRA_M0008628,SRB_M0006969,
GM0010604,GT0002611,SRA_M0008629,SRB_M0006970,
GM0010605,GT0002611,SRA_M0008630,,
GM0010606,GT0002611,SRA_M0008631,SRB_M0006971,
GM0010607,GT0002612,SRA_M0008632,SRB_M0006972,
GM0010608,GT0002612,SRA_M0008633,,
GM0010609,GT0002612,SRA_M0008634,SRB_M0006973,
GM0010610,GT0002612,SRA_M0008635,SRB_M0006974,
GM0010611,GT0002613,SRA_M0008636,SRB_M0006975,
GM0010612,GT0002613,SRA_M0008637,SRB_M0006976,SRC_M0004168
GM0010613,GT0002613,SRA_M0008638,SRB_M0006977,SRC_M0004169
GM0010614,GT0002613,SRA_M0008639,,SRC_M0004170
GM0010615,GT0002613,SRA_M0008640,SRB_M0006978,SRC_M0004171
GM0010616,GT0002614,SRA_M0008641,SRB_M0006979,SRC_M0004172
GM0010617,GT0002614,SRA_M0008642,SRB_M0006980,SRC_M0004173
GM0010618,GT0002614,SRA_M0008643,SRB_M0006981,SRC_M0004174
GM0010619,GT0002614,SRA_M0008644,SRB_M0006982,SRC_M0004175
GM0010620,GT0002614,SRA_M0008645,,SRC_M0004176
GM0010621,GT0002615,SRA_M0008646,SRB_M0006983,
GM0010622,GT0002615,SRA_M0008647,SRB_M0006984,
GM0010623,GT0002615,SRA_M0008648,,
GM0010624,GT0002615,SRA_M0008649,SRB_M0006985,
GM0010625,GT0002615,SRA_M0008650,SRB_M0006986,
GM0010626,GT0002616,SRA_M0008652,SRB_M0006987,SRC_M0004177
GM0010627,GT0002616,SRA_M0008653,SRB_M0006988,SRC_M0004178
GM0010628,GT0002616,SRA_M0008654,SRB_M0006989,SRC_M0004179
GM0010629,GT0002616,SRA_M0008655,SRB_M0006990,SRC_M0004180
GM0010630,GT0002617,,SRB_M0006991,SRC_M0004181
GM0010631,GT0002617,SRA_M0008656,SRB_M0006992,SRC_M0004182
GM0010632,GT0002618,SRA_M0008657,SRB_M0006993,SRC_M0004183
GM0010633,GT0002618,SRA_M0008658,SRB_M0006994,SRC_M0004184
GM0010634,GT0002618,,SRB_M0006995,SRC_M0004185
GM0010635,GT0002618,SRA_M0008659,SRB_M0006996,
GM0010636,GT0002619,SRA_M0008660,SRB_M0006997,
GM0010637,GT0002619,SRA_M0008661,SRB_M0006998,
GM0010638,GT0002619,SRA_M0008662,SRB_M0006999,
GM0010639,GT0002619,SRA_M0008663,SRB_M0007000,
GM0010640,GT0002620,SRA_M0008664,SRB_M0007001,
GM0010641,GT0002620,SRA_M0008665,SRB_M0007002,
GM0010642,GT0002620,SRA_M0008666,SRB_M0007003,
GM0010643,GT0002620,SRA_M0008667,SRB_M0007004,
GM0010644,GT0002620,SRA_M0008668,SRB_M0007005,
GM0010645,GT0002620,SRA_M0008669,SRB_M0007006,
GM0010646,GT0002621,SRA_M0008670,SRB_M0007007,SRC_M0004186
GM0010647,GT0002621,SRA_M0008671,SRB_M0007008,SRC_M0004187
GM0010648,GT0002622,SRA_M0008672,SRB_M0007009,SRC_M0004188
GM0010649,GT0002622,SRA_M0008673,SRB_M0007010,SRC_M0004189
GM0010650,GT0002622,SRA_M0008674,,SRC_M0004190
GM0010651,GT0002622,SRA_M0008675,,SRC_M0004191
GM0010652,GT0002622,SRA_M0008676,SRB_M0007011,SRC_M0004192
GM0010653,GT0002622,SRA_M0008677,SRB_M0007012,SRC_M0004193
GM0010654,GT0002623,,SRB_M0007013,SRC_M0004194
GM0010655,GT0002623,,SRB_M0007014,SRC_M0004195
GM0010656,GT0002623,,SRB_M0007015,SRC_M0004196
GM0010657,GT0002623,,SRB_M0007016,SRC_M0004197
GM0010658,GT0002623,,SRB_M0007017,SRC_M0004198
GM0010659,GT0002624,SRA_M0008678,,
GM0010660,GT0002624,SRA_M0008679,,
GM0010661,GT0002624,SRA_M0008680,,
GM0010662,GT0002624,SRA_M0008681,,
GM0010663,GT0002624,SRA_M0008682,,
GM0010664,GT0002624,SRA_M0008683,,
GM0010665,GT0002625,SRA_M0008685,,
GM0010666,GT0002625,,SRB_M0007018,SRC_M0004199
GM0010667,GT0002625,SRA_M0008686,,SRC_M0004200
GM0010668,GT0002625,SRA_M0008687,SRB_M0007019,SRC_M0004201
GM0010669,GT0002625,SRA_M0008688,,
GM0010670,GT0002626,SRA_M0008689,,
GM0010671,GT0002626,SRA_M0008690,SRB_M0007020,
GM0010672,GT0002626,SRA_M0008691,SRB_M0007021,
GM0010673,GT0002627,SRA_M0008692,SRB_M0007022,SRC_M0004202
GM0010674,GT0002627,SRA_M0008693,SRB_M0007023,
GM0010675,GT0002628,SRA_M0008694,SRB_M0007024,
GM0010676,GT0002628,SRA_M0008695,SRB_M0007025,SRC_M0004203
GM0010677,GT0002628,SRA_M0008696,SRB_M0007026,
GM0010678,GT0002628,SRA_M0008697,SRB_M0007027,SRC_M0004204
GM0010679,GT0002628,SRA_M0008698,,SRC_M0004205
GM0010680,GT0002628,SRA_M0008699,SRB_M0007028,SRC_M0004206
GM0010681,GT0002629,SRA_M0008701,SRB_M0007029,SRC_M0004207
GM0010682,GT0002629,SRA_M0008702,,SRC_M0004208
GM0010683,GT0002630,,,
GM0010684,GT0002630,SRA_M0008703,,
GM0010685,GT0002630,SRA_M0008704,,
GM0010686,GT0002630,SRA_M0008705,,
GM0010687,GT0002631,SRA_M0008706,,
GM0010688,GT0002631,SRA_M0008707,,
GM0010689,GT0002631,,,
GM0010690,GT0002631,SRA_M0008708,,
GM0010691,GT0002631,SRA_M0008709,,
GM0010692,GT0002632,SRA_M0008710,SRB_M0007030,
GM0010693,GT0002632,,SRB_M0007031,
GM0010694,GT0002632,SRA_M0008711,SRB_M0007032,
GM0010695,GT0002633,SRA_M0008712,SRB_M0007033,
GM0010696,GT0002633,SRA_M0008713,SRB_M0007034,
GM0010697,GT0002633,SRA_M0008714,SRB_M0007035,
GM0010698,GT0002633,SRA_M0008715,SRB_M0007036,
GM0010699,GT0002633,SRA_M0008716,SRB_M0007037,
GM0010700,GT0002633,SRA_M0008717,,
GM0010701,GT0002634,SRA_M0008718,,
GM0010702,GT0002634,SRA_M0008719,,
GM0010703,GT0002634,SRA_M0008720,,
GM0010704,GT0002634,SRA_M0008721,,
GM0010705,GT0002634,SRA_M0008722,,
GM0010706,GT0002635,,,SRC_M0004209
GM0010707,GT0002635,,,
GM0010708,GT0002635,,SRB_M0007039,SRC_M0004210
GM0010709,GT0002635,,SRB_M0007040,SRC_M0004211
GM0010710,GT0002636,SRA_M0008723,SRB_M0007041,
GM0010711,GT0002636,SRA_M0008724,SRB_M0007042,
GM0010712,GT0002636,SRA_M0008725,SRB_M0007043,
GM0010713,GT0002637,SRA_M0008726,SRB_M0007044,SRC_M0004212
GM0010714,GT0002637,SRA_M0008727,SRB_M0007045,
GM0010715,GT0002637,SRA_M0008728,SRB_M0007046,SRC_M0004213
GM0010716,GT0002637,SRA_M0008729,SRB_M0007047,
GM0010717,GT0002637,SRA_M0008730,SRB_M0007048,SRC_M0004214
GM0010718,GT0002638,SRA_M0008731,SRB_M0007049,
GM0010719,GT0002638,,SRB_M0007050,
GM0010720,GT0002638,SRA_M0008732,SRB_M0007051,
GM0010721,GT0002638,SRA_M0008733,SRB_M0007052,
GM0010722,GT0002638,,SRB_M0007053,
GM0010723,GT0002638,,SRB_M0007054,
GM0010724,GT0002639,SRA_M0008734,SRB_M0007055,SRC_M0004215
GM0010725,GT0002639,SRA_M0008735,SRB_M0007056,SRC_M0004216
GM0010726,GT0002639,SRA_M0008736,SRB_M0007057,
GM0010727,GT0002640,SRA_M0008737,SRB_M0007058,
GM0010728,GT0002640,,,
GM0010729,GT0002641,SRA_M0008738,SRB_M0007059,SRC_M0004217
GM0010730,GT0002641,SRA_M0008739,SRB_M0007060,SRC_M0004218
GM0010731,GT0002641,SRA_M0008740,SRB_M0007061,SRC_M0004219
GM0010732,GT0002642,SRA_M0008741,SRB_M0007062,
GM0010733,GT0002642,SRA_M0008742,SRB_M0007063,
GM0010734,GT0002642,SRA_M0008743,SRB_M0007064,
GM0010735,GT0002643,SRA_M0008744,,SRC_M0004221
GM0010736,GT0002643,SRA_M0008745,,SRC_M0004222
GM0010737,GT0002643,SRA_M0008746,,SRC_M0004223
GM0010738,GT0002643,SRA_M0008747,,
GM0010739,GT0002643,SRA_M0008748,,SRC_M0004224
GM0010740,GT0002644,SRA_M0008749,,SRC_M0004225
GM0010741,GT0002644,SRA_M0008750,,SRC_M0004226
GM0010742,GT0002644,SRA_M0008751,,SRC_M0004227
GM0010743,GT0002644,SRA_M0008752,,
GM0010744,GT0002644,SRA_M0008753,,SRC_M0004228
GM0010745,GT0002644,,,SRC_M0004229
GM0010746,GT0002645,SRA_M0008754,SRB_M0007065,SRC_M0004230
GM0010747,GT0002645,SRA_M0008755,,SRC_M0004231
GM0010748,GT0002645,SRA_M0008756,,SRC_M0004232
GM0010749,GT0002646,SRA_M0008757,SRB_M0007067,
GM0010750,GT0002646,SRA_M0008758,SRB_M0007068,
GM0010751,GT0002647,SRA_M0008759,SRB_M0007069,
GM0010752,GT0002647,,SRB_M0007070,
GM0010753,GT0002647,SRA_M0008760,SRB_M0007071,
GM0010754,GT0002647,SRA_M0008761,SRB_M0007072,
GM0010755,GT0002648,SRA_M0008762,SRB_M0007073,
GM0010756,GT0002648,SRA_M0008763,SRB_M0007074,
GM0010757,GT0002648,SRA_M0008764,SRB_M0007075,
GM0010758,GT0002649,SRA_M0008765,,
GM0010759,GT0002649,SRA_M0008766,SRB_M0007076,
GM0010760,GT0002650,SRA_M0008767,SRB_M0007077,SRC_M0004233
GM0010761,GT0002650,SRA_M0008768,,SRC_M0004234
GM0010762,GT0002650,SRA_M0008769,SRB_M0007078,SRC_M0004235
GM0010763,GT0002650,SRA_M0008770,SRB_M0007079,
GM0010764,GT0002650,SRA_M0008771,,
GM0010765,GT0002651,,SRB_M0007080,SRC_M0004236
GM0010766,GT0002651,SRA_M0008772,SRB_M0007081,SRC_M0004237
GM0010767,GT0002651,SRA_M0008773,SRB_M0007082,SRC_M0004238
GM0010768,GT0002651,SRA_M0008774,SRB_M0007083,SRC_M0004239
GM0010769,GT0002651,SRA_M0008775,SRB_M0007084,SRC_M0004240
GM0010770,GT0002652,SRA_M0008776,SRB_M0007085,
GM0010771,GT0002652,SRA_M0008777,SRB_M0007086,
GM0010772,GT0002652,SRA_M0008778,SRB_M0007087,
GM0010773,GT0002652,SRA_M0008779,SRB_M0007088,
GM0010774,GT0002652,SRA_M0008780,SRB_M0007089,
GM0010775,GT0002653,SRA_M0008781,SRB_M0007090,
GM0010776,GT0002653,SRA_M0008782,,
GM0010777,GT0002653,SRA_M0008783,SRB_M0007091,
GM0010778,GT0002654,SRA_M0008784,,
GM0010779,GT0002654,SRA_M0008785,SRB_M0007092,
GM0010780,GT0002654,SRA_M0008786,SRB_M0007093,SRC_M0004241
GM0010781,GT0002654,SRA_M0008787,SRB_M0007094,
GM0010782,GT0002654,,SRB_M0007095,SRC_M0004242
GM0010783,GT0002654,SRA_M0008788,SRB_M0007096,SRC_M0004243
GM0010784,GT0002655,,,SRC_M0004244
GM0010785,GT0002655,,SRB_M0007097,SRC_M0004245
GM0010786,GT0002655,,,SRC_M0004246
GM0010787,GT0002656,,SRB_M0007098,SRC_M0004247
GM0010788,GT0002656,,,
GM0010789,GT0002656,,SRB_M0007099,SRC_M0004248
GM0010790,GT0002656,,SRB_M0007100,SRC_M0004249
GM0010791,GT0002656,,,SRC_M0004250
GM0010792,GT0002657,SRA_M0008789,SRB_M0007102,SRC_M0004251
GM0010793,GT0002657,SRA_M0008790,,SRC_M0004252
GM0010794,GT0002657,SRA_M0008791,SRB_M0007103,SRC_M0004253
GM0010795,GT0002657,SRA_M0008792,,SRC_M0004254
GM0010796,GT0002658,SRA_M0008793,SRB_M0007104,SRC_M0004255
GM0010797,GT0002658,SRA_M0008794,,SRC_M0004256
GM0010798,GT0002658,SRA_M0008795,SRB_M0007105,SRC_M0004257
GM0010799,GT0002658,SRA_M0008796,,
GM0010800,GT0002658,SRA_M0008797,SRB_M0007106,SRC_M0004258
GM0010801,GT0002659,,SRB_M0007107,
GM0010802,GT0002659,SRA_M0008798,SRB_M0007108,
GM0010803,GT0002659,SRA_M0008799,SRB_M0007109,
GM0010804,GT0002660,SRA_M0008800,SRB_M0007110,
GM0010805,GT0002660,SRA_M0008801,SRB_M0007111,
GM0010806,GT0002660,SRA_M0008802,SRB_M0007112,
GM0010807,GT0002660,SRA_M0008803,SRB_M0007113,
GM0010808,GT0002661,SRA_M0008805,,
GM0010809,GT0002661,SRA_M0008806,SRB_M0007114,
GM0010810,GT0002661,SRA_M0008807,SRB_M0007115,
GM0010811,GT0002661,SRA_M0008808,,
GM0010812,GT0002662,SRA_M0008810,,
GM0010813,GT0002662,SRA_M0008811,,
GM0010814,GT0002662,SRA_M0008812,,
GM0010815,GT0002662,SRA_M0008813,,
GM0010816,GT0002662,,,
GM0010817,GT0002663,,SRB_M0007116,SRC_M0004259
GM0010818,GT0002663,,SRB_M0007117,SRC_M0004260
GM0010819,GT0002664,SRA_M0008814,SRB_M0007118,
GM0010820,GT0002664,,,
GM0010821,GT0002664,SRA_M0008815,,
GM0010822,GT0002664,,SRB_M0007119,
GM0010823,GT0002664,,SRB_M0007120,
GM0010824,GT0002664,SRA_M0008816,SRB_M0007121,
GM0010825,GT0002665,SRA_M0008817,SRB_M0007122,
GM0010826,GT0002665,SRA_M0008818,,
GM0010827,GT0002665,SRA_M0008819,SRB_M0007123,
GM0010828,GT0002666,SRA_M0008820,,SRC_M0004261
GM0010829,GT0002666,SRA_M0008821,,
GM0010830,GT0002667,SRA_M0008822,SRB_M0007124,SRC_M0004262
GM0010831,GT0002667,SRA_M0008823,SRB_M0007125,
GM0010832,GT0002668,,SRB_M0007127,SRC_M0004263
GM0010833,GT0002668,SRA_M0008824,SRB_M0007128,SRC_M0004264
GM0010834,GT0002668,SRA_M0008825,SRB_M0007129,SRC_M0004265
GM0010835,GT0002668,,SRB_M0007130,SRC_M0004266
GM0010836,GT0002668,SRA_M0008826,SRB_M0007131,SRC_M0004267
GM0010837,GT0002669,SRA_M0008827,,SRC_M0004268
GM0010838,GT0002669,SRA_M0008828,,
GM0010839,GT0002669,SRA_M0008829,,SRC_M0004269
GM0010840,GT0002670,SRA_M0008830,SRB_M0007132,SRC_M0004270
GM0010841,GT0002670,SRA_M0008831,SRB_M0007133,
GM0010842,GT0002671,SRA_M0008832,SRB_M0007134,SRC_M0004271
GM0010843,GT0002671,SRA_M0008833,SRB_M0007135,SRC_M0004272
GM0010844,GT0002671,SRA_M0008834,SRB_M0007136,SRC_M0004273
GM0010845,GT0002671,SRA_M0008835,SRB_M0007137,SRC_M0004274
GM0010846,GT0002671,SRA_M0008836,SRB_M0007138,SRC_M0004275
GM0010847,GT0002671,,SRB_M0007139,
GM0010848,GT0002672,SRA_M0008837,SRB_M0007140,SRC_M0004276
GM0010849,GT0002672,SRA_M0008838,SRB_M0007141,SRC_M0004277
GM0010850,GT0002672,SRA_M0008839,SRB_M0007142,
GM0010851,GT0002673,SRA_M0008840,,
GM0010852,GT0002673,SRA_M0008841,SRB_M0007143,
GM0010853,GT0002673,SRA_M0008842,,
GM0010854,GT0002673,SRA_M0008843,SRB_M0007144,
GM0010855,GT0002674,SRA_M0008844,SRB_M0007145,
GM0010856,GT0002674,SRA_M0008845,SRB_M0007146,
GM0010857,GT0002675,SRA_M0008846,,
GM0010858,GT0002675,SRA_M0008847,,
GM0010859,GT0002675,SRA_M0008848,,
GM0010860,GT0002675,SRA_M0008849,,
GM0010861,GT0002675,,,
GM0010862,GT0002676,SRA_M0008850,SRB_M0007147,
GM0010863,GT0002676,SRA_M0008851,SRB_M0007148,
GM0010864,GT0002677,,SRB_M0007149,
GM0010865,GT0002677,SRA_M0008852,SRB_M0007150,SRC_M0004278
GM0010866,GT0002677,SRA_M0008853,,
GM0010867,GT0002677,SRA_M0008854,SRB_M0007151,SRC_M0004279
GM0010868,GT0002677,SRA_M0008855,SRB_M0007152,SRC_M0004280
GM0010869,GT0002677,SRA_M0008856,,SRC_M0004281
GM0010870,GT0002678,SRA_M0008857,,SRC_M0004282
GM0010871,GT0002678,SRA_M0008858,,SRC_M0004283
GM0010872,GT0002678,SRA_M0008859,,SRC_M0004284
GM0010873,GT0002678,SRA_M0008860,,
GM0010874,GT0002678,SRA_M0008861,,
GM0010875,GT0002678,SRA_M0008862,,SRC_M0004285
GM0010876,GT0002679,SRA_M0008863,SRB_M0007153,SRC_M0004287
GM0010877,GT0002679,SRA_M0008864,SRB_M0007154,SRC_M0004288
GM0010878,GT0002679,SRA_M0008865,,SRC_M0004289
GM0010879,GT0002679,SRA_M0008866,,SRC_M0004290
GM0010880,GT0002680,,SRB_M0007155,
GM0010881,GT0002680,,SRB_M0007156,
GM0010882,GT0002680,,SRB_M0007157,
GM0010883,GT0002680,,SRB_M0007158,
GM0010884,GT0002680,,SRB_M0007159,
GM0010885,GT0002681,SRA_M0008867,,
GM0010886,GT0002681,SRA_M0008868,,
GM0010887,GT0002681,SRA_M0008869,,
GM0010888,GT0002681,SRA_M0008870,,
GM0010889,GT0002681,SRA_M0008871,,
GM0010890,GT0002682,SRA_M0008872,,
GM0010891,GT0002682,,SRB_M0007160,
GM0010892,GT0002683,,SRB_M0007161,SRC_M0004291
GM0010893,GT0002683,SRA_M0008873,,SRC_M0004292
GM0010894,GT0002683,SRA_M0008874,SRB_M0007162,SRC_M0004293
GM0010895,GT0002683,SRA_M0008875,SRB_M0007163,SRC_M0004294
GM0010896,GT0002683,SRA_M0008876,SRB_M0007164,SRC_M0004295
GM0010897,GT0002684,SRA_M0008877,,
GM0010898,GT0002684,SRA_M0008878,SRB_M0007165,
GM0010899,GT0002684,,SRB_M0007166,
GM0010900,GT0002684,SRA_M0008879,,
GM0010901,GT0002684,SRA_M0008880,SRB_M0007167,
GM0010902,GT0002684,SRA_M0008881,SRB_M0007168,
GM0010903,GT0002685,SRA_M0008882,,
GM0010904,GT0002685,SRA_M0008883,SRB_M0007169,
GM0010905,GT0002685,SRA_M0008884,,
GM0010906,GT0002685,SRA_M0008885,,
GM0010907,GT0002685,SRA_M0008886,SRB_M0007170,
GM0010908,GT0002686,SRA_M0008887,,
GM0010909,GT0002686,SRA_M0008888,,
GM0010910,GT0002686,SRA_M0008889,,
GM0010911,GT0002687,SRA_M0008890,SRB_M0007172,SRC_M0004297
GM0010912,GT0002687,SRA_M0008891,SRB_M0007173,SRC_M0004298
GM0010913,GT0002687,SRA_M0008892,SRB_M0007174,
GM0010914,GT0002687,SRA_M0008893,SRB_M0007175,SRC_M0004299
GM0010915,GT0002688,,SRB_M0007176,
GM0010916,GT0002688,,SRB_M0007177,
GM0010917,GT0002688,,SRB_M0007178,
GM0010918,GT0002689,SRA_M0008894,SRB_M0007180,
GM0010919,GT0002689,SRA_M0008895,SRB_M0007181,SRC_M0004300
GM0010920,GT0002690,SRA_M0008896,SRB_M0007182,SRC_M0004301
GM0010921,GT0002690,SRA_M0008897,SRB_M0007183,SRC_M0004302
GM0010922,GT0002691,SRA_M0008898,,SRC_M0004303
GM0010923,GT0002691,SRA_M0008899,,SRC_M0004304
GM0010924,GT0002691,SRA_M0008900,,SRC_M0004305
GM0010925,GT0002692,SRA_M0008901,,SRC_M0004306
GM0010926,GT0002692,SRA_M0008902,,SRC_M0004307
GM0010927,GT0002692,SRA_M0008903,,SRC_M0004308
GM0010928,GT0002693,,SRB_M0007184,
GM0010929,GT0002693,SRA_M0008904,,
GM0010930,GT0002693,SRA_M0008905,,
GM0010931,GT0002693,SRA_M0008906,,
GM0010932,GT0002693,SRA_M0008907,SRB_M0007185,
GM0010933,GT0002693,SRA_M0008908,SRB_M0007186,
GM0010934,GT0002694,SRA_M0008909,SRB_M0007187,SRC_M0004309
GM0010935,GT0002694,,SRB_M0007188,
GM0010936,GT0002694,SRA_M0008910,SRB_M0007189,SRC_M0004310
GM0010937,GT0002694,SRA_M0008911,SRB_M0007190,
GM0010938,GT0002695,SRA_M0008912,SRB_M0007191,SRC_M0004311
GM0010939,GT0002695,SRA_M0008913,SRB_M0007192,SRC_M0004312
GM0010940,GT0002695,SRA_M0008914,SRB_M0007193,SRC_M0004313
GM0010941,GT0002695,SRA_M0008915,SRB_M0007194,SRC_M0004314
GM0010942,GT0002695,SRA_M0008916,SRB_M0007195,SRC_M0004315
GM0010943,GT0002696,SRA_M0008917,SRB_M0007196,
GM0010944,GT0002696,SRA_M0008918,SRB_M0007197,
GM0010945,GT0002696,SRA_M0008919,SRB_M0007198,
GM0010946,GT0002696,SRA_M0008920,SRB_M0007199,
GM0010947,GT0002696,,SRB_M0007200,
GM0010948,GT0002697,,SRB_M0007201,
GM0010949,GT0002697,SRA_M0008921,SRB_M0007202,
GM0010950,GT0002697,SRA_M0008922,SRB_M0007203,
GM0010951,GT0002698,SRA_M0008923,SRB_M0007204,
GM0010952,GT0002698,,SRB_M0007205,
GM0010953,GT0002699,SRA_M0008924,,SRC_M0004316
GM0010954,GT0002699,SRA_M0008925,SRB_M0007206,SRC_M0004317
GM0010955,GT0002699,SRA_M0008926,SRB_M0007207,SRC_M0004318
GM0010956,GT0002700,SRA_M0008927,,
GM0010957,GT0002700,SRA_M0008928,,
GM0010958,GT0002700,SRA_M0008929,,
GM0010959,GT0002700,SRA_M0008930,,
GM0010960,GT0002700,SRA_M0008931,,
GM0010961,GT0002701,SRA_M0008932,SRB_M0007208,
GM0010962,GT0002701,SRA_M0008933,,
GM0010963,GT0002701,SRA_M0008934,SRB_M0007209,
GM0010964,GT0002701,SRA_M0008935,SRB_M0007210,
GM0010965,GT0002701,SRA_M0008936,SRB_M0007211,
GM0010966,GT0002702,SRA_M0008937,,
GM0010967,GT0002702,,,
GM0010968,GT0002702,,,
GM0010969,GT0002702,SRA_M0008938,,
GM0010970,GT0002703,,SRB_M0007213,
GM0010971,GT0002703,,SRB_M0007214,
GM0010972,GT0002703,,SRB_M0007215,
GM0010973,GT0002703,,SRB_M0007216,
GM0010974,GT0002703,,SRB_M0007217,
GM0010975,GT0002703,,SRB_M0007218,
GM0010976,GT0002704,SRA_M0008939,SRB_M0007219,
GM0010977,GT0002704,SRA_M0008940,SRB_M0007220,
GM0010978,GT0002704,SRA_M0008941,SRB_M0007221,
GM0010979,GT0002704,SRA_M0008942,SRB_M0007222,
GM0010980,GT0002705,SRA_M0008943,,
GM0010981,GT0002705,SRA_M0008944,SRB_M0007223,
GM0010982,GT0002705,SRA_M0008945,SRB_M0007224,
GM0010983,GT0002705,SRA_M0008946,SRB_M0007225,
GM0010984,GT0002705,SRA_M0008947,SRB_M0007226,
GM0010985,GT0002705,SRA_M0008948,,
GM0010986,GT0002706,SRA_M0008949,SRB_M0007227,
GM0010987,GT0002706,SRA_M0008950,SRB_M0007228,SRC_M0004319
GM0010988,GT0002706,SRA_M0008951,SRB_M0007229,SRC_M0004320
GM0010989,GT0002706,SRA_M0008952,SRB_M0007230,
GM0010990,GT0002707,SRA_M0008953,,
GM0010991,GT0002707,SRA_M0008954,SRB_M0007231,
GM0010992,GT0002707,SRA_M0008955,SRB_M0007232,
GM0010993,GT0002707,SRA_M0008956,SRB_M0007233,
GM0010994,GT0002708,SRA_M0008957,,SRC_M0004321
GM0010995,GT0002708,SRA_M0008958,,SRC_M0004322
GM0010996,GT0002708,SRA_M0008959,,SRC_M0004323
GM0010997,GT0002709,SRA_M0008960,SRB_M0007234,SRC_M0004324
GM0010998,GT0002709,SRA_M0008961,SRB_M0007235,
GM0010999,GT0002709,SRA_M0008962,SRB_M0007236,
GM0011000,GT0002710,SRA_M0008963,,
GM0011001,GT0002710,SRA_M0008964,SRB_M0007237,
GM0011002,GT0002710,SRA_M0008965,SRB_M0007238,
GM0011003,GT0002711,SRA_M0008966,SRB_M0007239,SRC_M0004325
GM0011004,GT0002711,SRA_M0008967,SRB_M0007240,SRC_M0004326
GM0011005,GT0002711,SRA_M0008968,,SRC_M0004327
GM0011006,GT0002711,SRA_M0008969,SRB_M0007241,SRC_M0004328
GM0011007,GT0002711,SRA_M0008970,SRB_M0007242,SRC_M0004329
GM0011008,GT0002711,SRA_M0008971,SRB_M0007243,SRC_M0004330
GM0011009,GT0002712,SRA_M0008972,SRB_M0007244,
GM0011010,GT0002712,,SRB_M0007245,SRC_M0004331
GM0011011,GT0002712,SRA_M0008973,SRB_M0007246,SRC_M0004332
GM0011012,GT0002712,SRA_M0008974,,SRC_M0004333
GM0011013,GT0002712,SRA_M0008975,SRB_M0007247,SRC_M0004334
GM0011014,GT0002712,SRA_M0008976,SRB_M0007248,SRC_M0004335
GM0011015,GT0002713,SRA_M0008977,SRB_M0007249,SRC_M0004336
GM0011016,GT0002713,SRA_M0008978,SRB_M0007250,SRC_M0004337
GM0011017,GT0002713,SRA_M0008979,SRB_M0007251,
GM0011018,GT0002713,SRA_M0008980,SRB_M0007252,SRC_M0004338
GM0011019,GT0002714,SRA_M0008981,SRB_M0007253,
GM0011020,GT0002714,SRA_M0008982,SRB_M0007254,
GM0011021,GT0002715,SRA_M0008984,SRB_M0007255,
GM0011022,GT0002715,SRA_M0008985,SRB_M0007256,SRC_M0004339
GM0011023,GT0002715,SRA_M0008986,SRB_M0007257,
GM0011024,GT0002715,SRA_M0008987,,
GM0011025,GT0002715,SRA_M0008988,,SRC_M0004340
GM0011026,GT0002715,SRA_M0008989,SRB_M0007258,SRC_M0004341
GM0011027,GT0002716,SRA_M0008990,SRB_M0007259,
GM0011028,GT0002716,SRA_M0008991,SRB_M0007260,
GM0011029,GT0002716,SRA_M0008992,,
GM0011030,GT0002717,SRA_M0008993,,
GM0011031,GT0002717,SRA_M0008994,,
GM0011032,GT0002717,SRA_M0008995,,
GM0011033,GT0002718,SRA_M0008996,,SRC_M0004342
GM0011034,GT0002718,SRA_M0008997,,SRC_M0004343
GM0011035,GT0002718,SRA_M0008998,,SRC_M0004344
GM0011036,GT0002718,SRA_M0008999,,SRC_M0004345
GM0011037,GT0002719,SRA_M0009000,SRB_M0007261,
GM0011038,GT0002719,SRA_M0009001,SRB_M0007262,
GM0011039,GT0002719,SRA_M0009002,SRB_M0007263,
GM0011040,GT0002720,SRA_M0009003,SRB_M0007265,
GM0011041,GT0002720,SRA_M0009004,SRB_M0007266,
GM0011042,GT0002720,SRA_M0009005,SRB_M0007267,SRC_M0004346
GM0011043,GT0002720,SRA_M0009006,SRB_M0007268,SRC_M0004347
GM0011044,GT0002720,SRA_M0009007,SRB_M0007269,
GM0011045,GT0002721,SRA_M0009008,SRB_M0007270,
GM0011046,GT0002721,SRA_M0009009,SRB_M0007271,
GM0011047,GT0002722,SRA_M0009010,SRB_M0007273,
GM0011048,GT0002722,SRA_M0009011,SRB_M0007274,
GM0011049,GT0002722,SRA_M0009012,SRB_M0007275,
GM0011050,GT0002722,SRA_M0009013,,
GM0011051,GT0002722,SRA_M0009014,SRB_M0007276,
GM0011052,GT0002722,SRA_M0009015,SRB_M0007277,
GM0011053,GT0002723,SRA_M0009016,,
GM0011054,GT0002723,SRA_M0009017,SRB_M0007279,
GM0011055,GT0002723,SRA_M0009018,SRB_M0007280,
GM0011056,GT0002724,SRA_M0009019,SRB_M0007281,
GM0011057,GT0002724,SRA_M0009020,SRB_M0007282,
GM0011058,GT0002724,SRA_M0009021,,SRC_M0004348
GM0011059,GT0002724,SRA_M0009022,,SRC_M0004349
GM0011060,GT0002725,SRA_M0009023,SRB_M0007283,
GM0011061,GT0002725,SRA_M0009024,,
GM0011062,GT0002726,SRA_M0009026,,
GM0011063,GT0002726,SRA_M0009027,,
GM0011064,GT0002726,SRA_M0009028,,
GM0011065,GT0002726,SRA_M0009029,,
GM0011066,GT0002727,,SRB_M0007284,
GM0011067,GT0002727,SRA_M0009030,SRB_M0007285,SRC_M0004350
GM0011068,GT0002727,SRA_M0009031,SRB_M0007286,SRC_M0004351
GM0011069,GT0002728,,SRB_M0007287,
GM0011070,GT0002728,,SRB_M0007288,
GM0011071,GT0002728,,SRB_M0007289,
GM0011072,GT0002729,SRA_M0009032,SRB_M0007290,
GM0011073,GT0002729,SRA_M0009033,SRB_M0007291,
GM0011074,GT0002729,SRA_M0009034,,SRC_M0004352
GM0011075,GT0002730,SRA_M0009035,SRB_M0007292,SRC_M0004353
GM0011076,GT0002730,SRA_M0009036,SRB_M0007293,SRC_M0004354
GM0011077,GT0002730,SRA_M0009037,SRB_M0007294,SRC_M0004355
GM0011078,GT0002731,SRA_M0009038,,SRC_M0004356
GM0011079,GT0002731,SRA_M0009039,,SRC_M0004357
GM0011080,GT0002731,SRA_M0009040,,SRC_M0004358
GM0011081,GT0002731,SRA_M0009041,,SRC_M0004359
GM0011082,GT0002731,SRA_M0009042,,SRC_M0004360
GM0011083,GT0002731,SRA_M0009043,,SRC_M0004361
GM0011084,GT0002732,SRA_M0009044,SRB_M0007295,SRC_M0004362
GM0011085,GT0002732,SRA_M0009045,SRB_M0007296,SRC_M0004363
GM0011086,GT0002733,SRA_M0009046,SRB_M0007297,
GM0011087,GT0002733,SRA_M0009047,SRB_M0007298,
GM0011088,GT0002733,SRA_M0009048,SRB_M0007299,
GM0011089,GT0002733,SRA_M0009049,SRB_M0007300,
GM0011090,GT0002733,SRA_M0009050,SRB_M0007301,
GM0011091,GT0002733,SRA_M0009051,SRB_M0007302,
GM0011092,GT0002734,SRA_M0009052,SRB_M0007303,SRC_M0004364
GM0011093,GT0002734,SRA_M0009053,SRB_M0007304,SRC_M0004365
GM0011094,GT0002735,SRA_M0009054,SRB_M0007305,
GM0011095,GT0002735,SRA_M0009055,SRB_M0007306,
GM0011096,GT0002735,SRA_M0009056,SRB_M0007307,
GM0011097,GT0002735,SRA_M0009057,SRB_M0007308,
GM0011098,GT0002735,SRA_M0009058,SRB_M0007309,
GM0011099,GT0002735,SRA_M0009059,,
GM0011100,GT0002736,SRA_M0009060,,
GM0011101,GT0002736,SRA_M0009061,,
GM0011102,GT0002736,SRA_M0009062,,
GM0011103,GT0002736,SRA_M0009063,,
GM0011104,GT0002736,SRA_M0009064,,
GM0011105,GT0002736,SRA_M0009065,,
GM0011106,GT0002737,SRA_M0009066,SRB_M0007310,
GM0011107,GT0002737,SRA_M0009067,SRB_M0007311,
GM0011108,GT0002737,SRA_M0009068,SRB_M0007312,
GM0011109,GT0002737,SRA_M0009069,SRB_M0007313,
GM0011110,GT0002737,SRA_M0009070,SRB_M0007314,
GM0011111,GT0002737,SRA_M0009071,SRB_M0007315,
GM0011112,GT0002738,SRA_M0009072,,
GM0011113,GT0002738,SRA_M0009073,,
GM0011114,GT0002738,SRA_M0009074,SRB_M0007316,
GM0011115,GT0002738,SRA_M0009075,SRB_M0007317,
GM0011116,GT0002738,SRA_M0009076,,
GM0011117,GT0002739,SRA_M0009077,SRB_M0007318,
GM0011118,GT0002739,SRA_M0009078,SRB_M0007319,
GM0011119,GT0002739,SRA_M0009079,,
GM0011120,GT0002739,SRA_M0009080,SRB_M0007320,
GM0011121,GT0002739,,,
GM0011122,GT0002739,SRA_M0009081,SRB_M0007321,
GM0011123,GT0002740,SRA_M0009082,SRB_M0007323,SRC_M0004366
GM0011124,GT0002740,SRA_M0009083,SRB_M0007324,SRC_M0004367
GM0011125,GT0002740,SRA_M0009084,SRB_M0007325,SRC_M0004368
GM0011126,GT0002740,SRA_M0009085,SRB_M0007326,
GM0011127,GT0002741,SRA_M0009086,,
GM0011128,GT0002741,SRA_M0009087,,
GM0011129,GT0002741,SRA_M0009088,,
GM0011130,GT0002741,SRA_M0009089,,
GM0011131,GT0002741,SRA_M0009090,,
GM0011132,GT0002741,,,
GM0011133,GT0002742,SRA_M0009091,SRB_M0007327,
GM0011134,GT0002742,SRA_M0009092,SRB_M0007328,
GM0011135,GT0002743,SRA_M0009093,SRB_M0007329,
GM0011136,GT0002743,SRA_M0009094,SRB_M0007330,SRC_M0004369
GM0011137,GT0002744,SRA_M0009095,SRB_M0007331,SRC_M0004370
GM0011138,GT0002744,SRA_M0009096,SRB_M0007332,
GM0011139,GT0002744,SRA_M0009097,SRB_M0007333,SRC_M0004371
GM0011140,GT0002744,SRA_M0009098,SRB_M0007334,SRC_M0004372
GM0011141,GT0002744,SRA_M0009099,SRB_M0007335,
GM0011142,GT0002745,SRA_M0009100,SRB_M0007336,SRC_M0004373
GM0011143,GT0002745,SRA_M0009101,SRB_M0007337,SRC_M0004374
GM0011144,GT0002745,SRA_M0009102,SRB_M0007338,
GM0011145,GT0002745,SRA_M0009103,SRB_M0007339,SRC_M0004375
GM0011146,GT0002745,SRA_M0009104,SRB_M0007340,
GM0011147,GT0002746,SRA_M0009105,SRB_M0007342,SRC_M0004376
GM0011148,GT0002746,SRA_M0009106,SRB_M0007343,SRC_M0004377
GM0011149,GT0002747,SRA_M0009107,SRB_M0007344,
GM0011150,GT0002747,SRA_M0009108,SRB_M0007345,
GM0011151,GT0002747,SRA_M0009109,SRB_M0007346,
GM0011152,GT0002747,SRA_M0009110,SRB_M0007347,
GM0011153,GT0002747,SRA_M0009111,SRB_M0007348,
GM0011154,GT0002747,SRA_M0009112,SRB_M0007349,
GM0011155,GT0002748,SRA_M0009113,,
GM0011156,GT0002748,SRA_M0009114,,
GM0011157,GT0002748,SRA_M0009115,,
GM0011158,GT0002748,SRA_M0009116,,
GM0011159,GT0002748,SRA_M0009117,,
GM0011160,GT0002748,SRA_M0009118,,
GM0011161,GT0002749,SRA_M0009119,,
GM0011162,GT0002749,SRA_M0009120,,
GM0011163,GT0002749,SRA_M0009121,,
GM0011164,GT0002749,SRA_M0009122,,
GM0011165,GT0002749,SRA_M0009123,,
GM0011166,GT0002750,SRA_M0009124,,
GM0011167,GT0002750,SRA_M0009125,SRB_M0007350,
GM0011168,GT0002751,SRA_M0009126,SRB_M0007351,SRC_M0004378
GM0011169,GT0002751,SRA_M0009127,SRB_M0007352,SRC_M0004379
GM0011170,GT0002751,SRA_M0009128,SRB_M0007353,
GM0011171,GT0002751,SRA_M0009129,SRB_M0007354,SRC_M0004380
GM0011172,GT0002752,SRA_M0009131,SRB_M0007355,
GM0011173,GT0002752,SRA_M0009132,SRB_M0007356,
GM0011174,GT0002752,,SRB_M0007357,
GM0011175,GT0002752,SRA_M0009133,SRB_M0007358,
GM0011176,GT0002753,SRA_M0009134,SRB_M0007359,
GM0011177,GT0002753,SRA_M0009135,SRB_M0007360,
GM0011178,GT0002753,SRA_M0009136,,
GM0011179,GT0002753,SRA_M0009137,SRB_M0007361,
GM0011180,GT0002753,SRA_M0009138,,
GM0011181,GT0002754,SRA_M0009139,SRB_M0007362,SRC_M0004381
GM0011182,GT0002754,SRA_M0009140,,
GM0011183,GT0002754,SRA_M0009141,,
GM0011184,GT0002754,SRA_M0009142,SRB_M0007363,SRC_M0004382
GM0011185,GT0002755,SRA_M0009143,,
GM0011186,GT0002755,,,SRC_M0004383
GM0011187,GT0002755,,,SRC_M0004384
GM0011188,GT0002756,SRA_M0009144,SRB_M0007364,SRC_M0004385
GM0011189,GT0002756,SRA_M0009145,SRB_M0007365,SRC_M0004386
GM0011190,GT0002756,SRA_M0009146,SRB_M0007366,SRC_M0004387
GM0011191,GT0002756,SRA_M0009147,SRB_M0007367,SRC_M0004388
GM0011192,GT0002756,SRA_M0009148,SRB_M0007368,SRC_M0004389
GM0011193,GT0002757,,,SRC_M0004390
GM0011194,GT0002757,,,SRC_M0004391
GM0011195,GT0002758,SRA_M0009149,SRB_M0007369,
GM0011196,GT0002758,SRA_M0009150,SRB_M0007370,
GM0011197,GT0002758,SRA_M0009151,SRB_M0007371,
GM0011198,GT0002758,SRA_M0009152,SRB_M0007372,
GM0011199,GT0002758,,SRB_M0007373,
GM0011200,GT0002759,,SRB_M0007374,
GM0011201,GT0002759,SRA_M0009153,,
GM0011202,GT0002759,SRA_M0009154,SRB_M0007375,
GM0011203,GT0002759,SRA_M0009155,,
GM0011204,GT0002759,SRA_M0009156,,
GM0011205,GT0002760,SRA_M0009157,SRB_M0007376,SRC_M0004392
GM0011206,GT0002760,SRA_M0009158,SRB_M0007377,
GM0011207,GT0002760,SRA_M0009159,SRB_M0007378,SRC_M0004393
GM0011208,GT0002760,SRA_M0009160,SRB_M0007379,SRC_M0004394
GM0011209,GT0002760,,SRB_M0007380,
GM0011210,GT0002761,,SRB_M0007381,SRC_M0004395
GM0011211,GT0002761,,SRB_M0007382,
GM0011212,GT0002761,,,
GM0011213,GT0002761,,SRB_M0007383,SRC_M0004396
GM0011214,GT0002761,,SRB_M0007384,SRC_M0004397
GM0011215,GT0002762,SRA_M0009161,,
GM0011216,GT0002762,SRA_M0009162,,
GM0011217,GT0002762,SRA_M0009163,,
GM0011218,GT0002763,SRA_M0009164,,SRC_M0004398
GM0011219,GT0002763,,,SRC_M0004399
GM0011220,GT0002763,SRA_M0009165,,SRC_M0004400
GM0011221,GT0002763,SRA_M0009166,,SRC_M0004401
GM0011222,GT0002764,SRA_M0009167,,SRC_M0004402
GM0011223,GT0002764,SRA_M0009168,,
GM0011224,GT0002764,SRA_M0009169,,SRC_M0004403
GM0011225,GT0002764,SRA_M0009170,,SRC_M0004404
GM0011226,GT0002764,SRA_M0009171,,SRC_M0004405
GM0011227,GT0002764,SRA_M0009172,,
GM0011228,GT0002765,SRA_M0009173,,
GM0011229,GT0002765,SRA_M0009174,,
GM0011230,GT0002765,SRA_M0009175,,
GM0011231,GT0002765,SRA_M0009176,,
GM0011232,GT0002765,SRA_M0009177,,
GM0011233,GT0002765,SRA_M0009178,,
GM0011234,GT0002766,SRA_M0009179,SRB_M0007385,SRC_M0004406
GM0011235,GT0002766,SRA_M0009180,SRB_M0007386,SRC_M0004407
GM0011236,GT0002766,SRA_M0009181,,SRC_M0004408
GM0011237,GT0002766,SRA_M0009182,SRB_M0007387,SRC_M0004409
GM0011238,GT0002766,SRA_M0009183,SRB_M0007388,
GM0011239,GT0002766,SRA_M0009184,SRB_M0007389,
GM0011240,GT0002767,SRA_M0009185,SRB_M0007390,
GM0011241,GT0002767,,SRB_M0007391,
GM0011242,GT0002767,SRA_M0009186,SRB_M0007392,
GM0011243,GT0002768,SRA_M0009187,SRB_M0007393,
GM0011244,GT0002768,SRA_M0009188,,
GM0011245,GT0002768,SRA_M0009189,SRB_M0007394,
GM0011246,GT0002768,SRA_M0009190,SRB_M0007395,
GM0011247,GT0002769,SRA_M0009191,,SRC_M0004411
GM0011248,GT0002769,SRA_M0009192,,SRC_M0004412
GM0011249,GT0002770,SRA_M0009193,SRB_M0007396,
GM0011250,GT0002770,SRA_M0009194,SRB_M0007397,
GM0011251,GT0002770,SRA_M0009195,,
GM0011252,GT0002771,,SRB_M0007398,
GM0011253,GT0002771,,SRB_M0007399,
GM0011254,GT0002772,SRA_M0009196,SRB_M0007400,
GM0011255,GT0002772,SRA_M0009197,,SRC_M0004413
GM0011256,GT0002772,SRA_M0009198,SRB_M0007401,SRC_M0004414
GM0011257,GT0002772,SRA_M0009199,SRB_M0007402,SRC_M0004415
GM0011258,GT0002772,SRA_M0009200,,SRC_M0004416
GM0011259,GT0002773,SRA_M0009201,SRB_M0007403,SRC_M0004417
GM0011260,GT0002773,SRA_M0009202,SRB_M0007404,SRC_M0004418
GM0011261,GT0002773,SRA_M0009203,,SRC_M0004419
GM0011262,GT0002773,SRA_M0009204,SRB_M0007405,SRC_M0004420
GM0011263,GT0002773,SRA_M0009205,SRB_M0007406,
GM0011264,GT0002773,SRA_M0009206,SRB_M0007407,SRC_M0004421
GM0011265,GT0002774,SRA_M0009207,SRB_M0007408,SRC_M0004422
GM0011266,GT0002774,SRA_M0009208,SRB_M0007409,SRC_M0004423
GM0011267,GT0002775,SRA_M0009209,SRB_M0007410,
GM0011268,GT0002775,SRA_M0009210,SRB_M0007411,
GM0011269,GT0002776,SRA_M0009211,SRB_M0007412,SRC_M0004424
GM0011270,GT0002776,SRA_M0009212,SRB_M0007413,SRC_M0004425
GM0011271,GT0002776,SRA_M0009213,SRB_M0007414,
GM0011272,GT0002776,SRA_M0009214,SRB_M0007415,SRC_M0004426
GM0011273,GT0002776,SRA_M0009215,,SRC_M0004427
GM0011274,GT0002777,SRA_M0009216,,
GM0011275,GT0002777,SRA_M0009217,,
GM0011276,GT0002777,SRA_M0009218,,
GM0011277,GT0002777,SRA_M0009219,,
GM0011278,GT0002778,SRA_M0009220,SRB_M0007416,SRC_M0004428
GM0011279,GT0002778,SRA_M0009221,,SRC_M0004429
GM0011280,GT0002779,SRA_M0009222,SRB_M0007417,
GM0011281,GT0002779,SRA_M0009223,,
GM0011282,GT0002779,SRA_M0009224,,
GM0011283,GT0002780,SRA_M0009225,,SRC_M0004430
GM0011284,GT0002780,SRA_M0009226,,SRC_M0004431
GM0011285,GT0002781,,SRB_M0007418,
GM0011286,GT0002781,SRA_M0009227,SRB_M0007419,
GM0011287,GT0002781,SRA_M0009228,SRB_M0007420,
GM0011288,GT0002781,SRA_M0009229,SRB_M0007421,
GM0011289,GT0002781,,,
GM0011290,GT0002782,SRA_M0009230,SRB_M0007422,SRC_M0004432
GM0011291,GT0002782,SRA_M0009231,SRB_M0007423,
GM0011292,GT0002783,,,
GM0011293,GT0002783,,,
GM0011294,GT0002783,,,
GM0011295,GT0002783,,,
GM0011296,GT0002783,,,
GM0011297,GT0002783,,,
GM0011298,GT0002784,SRA_M0009232,,
GM0011299,GT0002784,SRA_M0009233,,
GM0011300,GT0002784,,,
GM0011301,GT0002784,SRA_M0009234,,
GM0011302,GT0002784,SRA_M0009235,,
GM0011303,GT0002784,SRA_M0009236,,
GM0011304,GT0002785,SRA_M0009237,SRB_M0007424,SRC_M0004433
GM0011305,GT0002785,SRA_M0009238,SRB_M0007425,SRC_M0004434
GM0011306,GT0002785,,SRB_M0007426,SRC_M0004435
GM0011307,GT0002785,SRA_M0009239,SRB_M0007427,SRC_M0004436
GM0011308,GT0002785,SRA_M0009240,SRB_M0007428,
GM0011309,GT0002785,SRA_M0009241,SRB_M0007429,SRC_M0004437
GM0011310,GT0002786,SRA_M0009242,SRB_M0007430,
GM0011311,GT0002786,SRA_M0009243,SRB_M0007431,
GM0011312,GT0002787,SRA_M0009244,SRB_M0007432,SRC_M0004438
GM0011313,GT0002787,SRA_M0009245,SRB_M0007433,SRC_M0004439
GM0011314,GT0002787,,SRB_M0007434,SRC_M0004440
GM0011315,GT0002787,SRA_M0009246,SRB_M0007435,SRC_M0004441
GM0011316,GT0002788,SRA_M0009247,SRB_M0007436,
GM0011317,GT0002788,SRA_M0009248,SRB_M0007437,
GM0011318,GT0002788,SRA_M0009249,SRB_M0007438,
GM0011319,GT0002788,SRA_M0009250,,
GM0011320,GT0002788,SRA_M0009251,SRB_M0007439,
GM0011321,GT0002788,SRA_M0009252,SRB_M0007440,
GM0011322,GT0002789,SRA_M0009254,SRB_M0007441,
GM0011323,GT0002789,SRA_M0009255,SRB_M0007442,
GM0011324,GT0002789,SRA_M0009256,SRB_M0007443,
GM0011325,GT0002789,SRA_M0009257,SRB_M0007444,
GM0011326,GT0002789,SRA_M0009258,SRB_M0007445,
GM0011327,GT0002789,SRA_M0009259,,
GM0011328,GT0002790,SRA_M0009261,,SRC_M0004442
GM0011329,GT0002790,SRA_M0009262,,SRC_M0004443
GM0011330,GT0002790,SRA_M0009263,SRB_M0007446,
GM0011331,GT0002790,SRA_M0009264,SRB_M0007447,
GM0011332,GT0002791,SRA_M0009265,SRB_M0007448,SRC_M0004444
GM0011333,GT0002791,,SRB_M0007449,SRC_M0004445
GM0011334,GT0002791,SRA_M0009266,SRB_M0007450,SRC_M0004446
GM0011335,GT0002791,SRA_M0009267,,SRC_M0004447
GM0011336,GT0002791,SRA_M0009268,SRB_M0007451,
GM0011337,GT0002792,SRA_M0009269,,
GM0011338,GT0002792,SRA_M0009270,SRB_M0007452,
GM0011339,GT0002792,,SRB_M0007453,
GM0011340,GT0002792,SRA_M0009271,SRB_M0007454,
GM0011341,GT0002792,SRA_M0009272,SRB_M0007455,
GM0011342,GT0002792,SRA_M0009273,SRB_M0007456,
GM0011343,GT0002793,,,
GM0011344,GT0002793,SRA_M0009274,,
GM0011345,GT0002793,SRA_M0009275,,
GM0011346,GT0002793,,,
GM0011347,GT0002793,SRA_M0009276,,
GM0011348,GT0002793,SRA_M0009277,,
GM0011349,GT0002794,SRA_M0009278,SRB_M0007458,
GM0011350,GT0002794,SRA_M0009279,SRB_M0007459,
GM0011351,GT0002794,SRA_M0009280,SRB_M0007460,
GM0011352,GT0002794,SRA_M0009281,,
GM0011353,GT0002794,SRA_M0009282,SRB_M0007461,
GM0011354,GT0002794,SRA_M0009283,SRB_M0007462,
GM0011355,GT0002795,SRA_M0009284,SRB_M0007463,SRC_M0004448
GM0011356,GT0002795,SRA_M0009285,SRB_M0007464,SRC_M0004449
GM0011357,GT0002796,SRA_M0009286,SRB_M0007465,SRC_M0004450
GM0011358,GT0002796,SRA_M0009287,,SRC_M0004451
GM0011359,GT0002797,SRA_M0009288,,
GM0011360,GT0002797,SRA_M0009289,SRB_M0007466,
GM0011361,GT0002797,SRA_M0009290,SRB_M0007467,
GM0011362,GT0002797,SRA_M0009291,SRB_M0007468,
GM0011363,GT0002797,SRA_M0009292,,
GM0011364,GT0002797,SRA_M0009293,SRB_M0007469,
GM0011365,GT0002798,SRA_M0009294,SRB_M0007470,SRC_M0004452
GM0011366,GT0002798,SRA_M0009295,SRB_M0007471,
GM0011367,GT0002798,SRA_M0009296,SRB_M0007472,SRC_M0004453
GM0011368,GT0002798,SRA_M0009297,SRB_M0007473,SRC_M0004454
GM0011369,GT0002798,SRA_M0009298,SRB_M0007474,
GM0011370,GT0002799,SRA_M0009299,SRB_M0007475,SRC_M0004455
GM0011371,GT0002799,SRA_M0009300,SRB_M0007476,SRC_M0004456
GM0011372,GT0002799,SRA_M0009301,,SRC_M0004457
GM0011373,GT0002799,SRA_M0009302,,
GM0011374,GT0002799,SRA_M0009303,,SRC_M0004458
GM0011375,GT0002799,SRA_M0009304,,
GM0011376,GT0002800,SRA_M0009305,,SRC_M0004459
GM0011377,GT0002800,SRA_M0009306,,SRC_M0004460
GM0011378,GT0002800,SRA_M0009307,,SRC_M0004461
GM0011379,GT0002801,SRA_M0009308,SRB_M0007477,
GM0011380,GT0002801,SRA_M0009309,SRB_M0007478,SRC_M0004462
GM0011381,GT0002801,SRA_M0009310,SRB_M0007479,SRC_M0004463
GM0011382,GT0002801,SRA_M0009311,SRB_M0007480,SRC_M0004464
GM0011383,GT0002801,SRA_M0009312,SRB_M0007481,SRC_M0004465
GM0011384,GT0002802,SRA_M0009313,SRB_M0007482,
GM0011385,GT0002802,SRA_M0009314,SRB_M0007483,
GM0011386,GT0002802,SRA_M0009315,,
GM0011387,GT0002802,SRA_M0009316,,
GM0011388,GT0002802,SRA_M0009317,SRB_M0007484,
GM0011389,GT0002803,SRA_M0009318,,
GM0011390,GT0002803,SRA_M0009319,,SRC_M0004466
GM0011391,GT0002803,SRA_M0009320,,SRC_M0004467
GM0011392,GT0002804,SRA_M0009321,SRB_M0007485,
GM0011393,GT0002804,SRA_M0009322,,
GM0011394,GT0002804,SRA_M0009323,,
GM0011395,GT0002804,SRA_M0009324,SRB_M0007486,
GM0011396,GT0002804,SRA_M0009325,SRB_M0007487,
GM0011397,GT0002805,,,SRC_M0004468
GM0011398,GT0002805,,,SRC_M0004469
GM0011399,GT0002805,,,SRC_M0004470
GM0011400,GT0002805,,,
GM0011401,GT0002805,,,SRC_M0004471
GM0011402,GT0002805,,,SRC_M0004472
GM0011403,GT0002806,SRA_M0009326,SRB_M0007488,SRC_M0004473
GM0011404,GT0002806,SRA_M0009327,,
GM0011405,GT0002806,SRA_M0009328,SRB_M0007489,SRC_M0004474
GM0011406,GT0002806,SRA_M0009329,,SRC_M0004475
GM0011407,GT0002806,SRA_M0009330,SRB_M0007490,SRC_M0004476
GM0011408,GT0002806,SRA_M0009331,,SRC_M0004477
GM0011409,GT0002807,SRA_M0009332,SRB_M0007491,SRC_M0004478
GM0011410,GT0002807,SRA_M0009333,SRB_M0007492,SRC_M0004479
GM0011411,GT0002808,SRA_M0009334,SRB_M0007493,
GM0011412,GT0002808,SRA_M0009335,SRB_M0007494,
GM0011413,GT0002808,,SRB_M0007495,
GM0011414,GT0002808,SRA_M0009336,,
GM0011415,GT0002808,SRA_M0009337,SRB_M0007496,
GM0011416,GT0002809,,SRB_M0007497,
GM0011417,GT0002809,SRA_M0009338,SRB_M0007498,
GM0011418,GT0002810,SRA_M0009339,SRB_M0007500,
GM0011419,GT0002810,SRA_M0009340,SRB_M0007501,
GM0011420,GT0002811,,SRB_M0007502,
GM0011421,GT0002811,SRA_M0009341,SRB_M0007503,SRC_M0004480
GM0011422,GT0002812,SRA_M0009342,,
GM0011423,GT0002812,,SRB_M0007504,SRC_M0004481
GM0011424,GT0002813,SRA_M0009343,SRB_M0007505,
GM0011425,GT0002813,SRA_M0009344,SRB_M0007506,
GM0011426,GT0002813,SRA_M0009345,SRB_M0007507,
GM0011427,GT0002813,,SRB_M0007508,
GM0011428,GT0002814,SRA_M0009346,SRB_M0007509,SRC_M0004482
GM0011429,GT0002814,SRA_M0009347,SRB_M0007510,SRC_M0004483
GM0011430,GT0002814,SRA_M0009348,,SRC_M0004484
GM0011431,GT0002814,SRA_M0009349,SRB_M0007511,SRC_M0004485
GM0011432,GT0002814,SRA_M0009350,SRB_M0007512,SRC_M0004486
GM0011433,GT0002814,SRA_M0009351,SRB_M0007513,
GM0011434,GT0002815,SRA_M0009352,SRB_M0007514,
GM0011435,GT0002815,,SRB_M0007515,
GM0011436,GT0002815,,SRB_M0007516,
GM0011437,GT0002815,SRA_M0009353,SRB_M0007517,
GM0011438,GT0002815,SRA_M0009354,SRB_M0007518,
GM0011439,GT0002815,SRA_M0009355,SRB_M0007519,
GM0011440,GT0002816,SRA_M0009356,,
GM0011441,GT0002816,,,
GM0011442,GT0002817,SRA_M0009357,,SRC_M0004487
GM0011443,GT0002817,SRA_M0009358,SRB_M0007520,SRC_M0004488
GM0011444,GT0002817,,SRB_M0007521,
GM0011445,GT0002817,SRA_M0009359,,SRC_M0004489
GM0011446,GT0002817,SRA_M0009360,SRB_M0007522,SRC_M0004490
GM0011447,GT0002818,SRA_M0009361,,
GM0011448,GT0002818,SRA_M0009362,SRB_M0007523,
GM0011449,GT0002819,SRA_M0009363,,
GM0011450,GT0002819,SRA_M0009364,,
GM0011451,GT0002819,SRA_M0009365,,
GM0011452,GT0002819,SRA_M0009366,,
GM0011453,GT0002819,SRA_M0009367,,
GM0011454,GT0002820,,,
GM0011455,GT0002820,SRA_M0009368,SRB_M0007524,
GM0011456,GT0002820,SRA_M0009369,SRB_M0007525,
GM0011457,GT0002820,,SRB_M0007526,
GM0011458,GT0002820,SRA_M0009370,SRB_M0007527,
GM0011459,GT0002820,SRA_M0009371,,
GM0011460,GT0002821,SRA_M0009372,SRB_M0007528,
GM0011461,GT0002821,SRA_M0009373,,
GM0011462,GT0002821,SRA_M0009374,SRB_M0007529,
GM0011463,GT0002821,SRA_M0009375,SRB_M0007530,
GM0011464,GT0002821,SRA_M0009376,SRB_M0007531,
GM0011465,GT0002822,,SRB_M0007532,
GM0011466,GT0002822,SRA_M0009377,,
GM0011467,GT0002823,SRA_M0009378,SRB_M0007533,
GM0011468,GT0002823,SRA_M0009379,SRB_M0007534,
GM0011469,GT0002823,SRA_M0009380,SRB_M0007535,
GM0011470,GT0002823,SRA_M0009381,SRB_M0007536,
GM0011471,GT0002824,SRA_M0009382,SRB_M0007537,
GM0011472,GT0002824,SRA_M0009383,SRB_M0007538,
GM0011473,GT0002824,SRA_M0009384,,
GM0011474,GT0002824,SRA_M0009385,SRB_M0007539,
GM0011475,GT0002824,,,
GM0011476,GT0002824,SRA_M0009386,SRB_M0007540,
GM0011477,GT0002825,,,
GM0011478,GT0002825,,SRB_M0007541,
GM0011479,GT0002825,SRA_M0009387,SRB_M0007542,
GM0011480,GT0002825,SRA_M0009388,SRB_M0007543,
GM0011481,GT0002825,,SRB_M0007544,
GM0011482,GT0002826,SRA_M0009389,,
GM0011483,GT0002826,SRA_M0009390,SRB_M0007545,
GM0011484,GT0002826,SRA_M0009391,SRB_M0007546,
GM0011485,GT0002826,,,
GM0011486,GT0002827,SRA_M0009392,,SRC_M0004491
GM0011487,GT0002827,SRA_M0009393,,SRC_M0004492
GM0011488,GT0002827,SRA_M0009394,,
GM0011489,GT0002827,SRA_M0009395,,
GM0011490,GT0002827,SRA_M0009396,,SRC_M0004493
GM0011491,GT0002828,SRA_M0009398,,SRC_M0004494
GM0011492,GT0002828,SRA_M0009399,SRB_M0007547,SRC_M0004495
GM0011493,GT0002828,SRA_M0009400,SRB_M0007548,SRC_M0004496
GM0011494,GT0002828,SRA_M0009401,SRB_M0007549,SRC_M0004497
GM0011495,GT0002828,SRA_M0009402,SRB_M0007550,SRC_M0004498
GM0011496,GT0002828,SRA_M0009403,SRB_M0007551,SRC_M0004499
GM0011497,GT0002829,SRA_M0009404,,
GM0011498,GT0002829,SRA_M0009405,,
GM0011499,GT0002829,SRA_M0009406,SRB_M0007552,
GM0011500,GT0002829,SRA_M0009407,,
GM0011501,GT0002829,SRA_M0009408,,
GM0011502,GT0002829,SRA_M0009409,SRB_M0007553,
GM0011503,GT0002830,SRA_M0009410,SRB_M0007554,
GM0011504,GT0002830,,,
GM0011505,GT0002830,SRA_M0009411,SRB_M0007555,
GM0011506,GT0002830,SRA_M0009412,SRB_M0007556,
GM0011507,GT0002830,SRA_M0009413,SRB_M0007557,
GM0011508,GT0002830,SRA_M0009414,,
GM0011509,GT0002831,SRA_M0009415,,
GM0011510,GT0002831,SRA_M0009416,,SRC_M0004500
GM0011511,GT0002831,SRA_M0009417,,SRC_M0004501
GM0011512,GT0002831,,,SRC_M0004502
GM0011513,GT0002831,,,SRC_M0004503
GM0011514,GT0002832,SRA_M0009418,,
GM0011515,GT0002832,SRA_M0009419,,
GM0011516,GT0002832,SRA_M0009420,,
GM0011517,GT0002832,SRA_M0009421,,
GM0011518,GT0002832,SRA_M0009422,,
GM0011519,GT0002832,SRA_M0009423,,
GM0011520,GT0002833,SRA_M0009424,SRB_M0007558,
GM0011521,GT0002833,SRA_M0009425,SRB_M0007559,
GM0011522,GT0002833,SRA_M0009426,SRB_M0007560,
GM0011523,GT0002833,SRA_M0009427,SRB_M0007561,
GM0011524,GT0002834,SRA_M0009428,SRB_M0007562,
GM0011525,GT0002834,SRA_M0009429,SRB_M0007563,
GM0011526,GT0002834,SRA_M0009430,SRB_M0007564,SRC_M0004504
GM0011527,GT0002834,SRA_M0009431,,SRC_M0004505
GM0011528,GT0002834,SRA_M0009432,SRB_M0007565,
GM0011529,GT0002834,SRA_M0009433,,SRC_M0004506
GM0011530,GT0002835,,,
GM0011531,GT0002835,,SRB_M0007566,
GM0011532,GT0002836,SRA_M0009434,SRB_M0007567,
GM0011533,GT0002836,SRA_M0009435,SRB_M0007568,
GM0011534,GT0002836,SRA_M0009436,SRB_M0007569,
GM0011535,GT0002837,SRA_M0009437,,SRC_M0004507
GM0011536,GT0002837,SRA_M0009438,SRB_M0007570,SRC_M0004508
GM0011537,GT0002837,SRA_M0009439,,SRC_M0004509
GM0011538,GT0002837,SRA_M0009440,,
GM0011539,GT0002837,SRA_M0009441,,SRC_M0004510
GM0011540,GT0002838,SRA_M0009442,SRB_M0007571,
GM0011541,GT0002838,SRA_M0009443,SRB_M0007572,
GM0011542,GT0002838,SRA_M0009444,SRB_M0007573,
GM0011543,GT0002838,,,
GM0011544,GT0002838,,SRB_M0007574,
GM0011545,GT0002839,SRA_M0009446,SRB_M0007575,SRC_M0004511
GM0011546,GT0002839,SRA_M0009447,SRB_M0007576,SRC_M0004512
GM0011547,GT0002839,SRA_M0009448,,SRC_M0004513
GM0011548,GT0002839,SRA_M0009449,SRB_M0007577,SRC_M0004514
GM0011549,GT0002839,SRA_M0009450,SRB_M0007578,SRC_M0004515
GM0011550,GT0002839,SRA_M0009451,SRB_M0007579,SRC_M0004516
GM0011551,GT0002840,,SRB_M0007580,
GM0011552,GT0002840,,,
GM0011553,GT0002840,,,
GM0011554,GT0002840,,,
GM0011555,GT0002840,,SRB_M0007581,
GM0011556,GT0002840,,SRB_M0007582,
GM0011557,GT0002841,,,
GM0011558,GT0002841,,,
GM0011559,GT0002841,,,
GM0011560,GT0002842,SRA_M0009452,,SRC_M0004517
GM0011561,GT0002842,SRA_M0009453,SRB_M0007583,SRC_M0004518
GM0011562,GT0002842,SRA_M0009454,SRB_M0007584,
GM0011563,GT0002842,SRA_M0009455,SRB_M0007585,SRC_M0004519
GM0011564,GT0002843,SRA_M0009456,SRB_M0007586,SRC_M0004520
GM0011565,GT0002843,SRA_M0009457,SRB_M0007587,SRC_M0004521
GM0011566,GT0002844,SRA_M0009458,,
GM0011567,GT0002844,SRA_M0009459,SRB_M0007588,
GM0011568,GT0002844,SRA_M0009460,,
GM0011569,GT0002845,SRA_M0009461,SRB_M0007589,
GM0011570,GT0002845,SRA_M0009462,,
GM0011571,GT0002845,SRA_M0009463,SRB_M0007590,
GM0011572,GT0002845,SRA_M0009464,SRB_M0007591,
GM0011573,GT0002845,,,
GM0011574,GT0002846,SRA_M0009465,SRB_M0007592,
GM0011575,GT0002846,SRA_M0009466,SRB_M0007593,
GM0011576,GT0002846,SRA_M0009467,SRB_M0007594,
GM0011577,GT0002846,SRA_M0009468,SRB_M0007595,
GM0011578,GT0002846,SRA_M0009469,SRB_M0007596,
GM0011579,GT0002846,SRA_M0009470,,
GM0011580,GT0002847,SRA_M0009471,SRB_M0007597,
GM0011581,GT0002847,SRA_M0009472,SRB_M0007598,
GM0011582,GT0002847,SRA_M0009473,SRB_M0007599,
GM0011583,GT0002847,SRA_M0009474,SRB_M0007600,
GM0011584,GT0002848,SRA_M0009475,SRB_M0007601,SRC_M0004522
GM0011585,GT0002848,SRA_M0009476,SRB_M0007602,SRC_M0004523
GM0011586,GT0002848,SRA_M0009477,SRB_M0007603,SRC_M0004524
GM0011587,GT0002848,SRA_M0009478,SRB_M0007604,SRC_M0004525
GM0011588,GT0002849,SRA_M0009479,SRB_M0007605,
GM0011589,GT0002849,SRA_M0009480,,
GM0011590,GT0002849,SRA_M0009481,SRB_M0007606,
GM0011591,GT0002849,SRA_M0009482,SRB_M0007607,
GM0011592,GT0002850,SRA_M0009483,SRB_M0007608,
GM0011593,GT0002850,SRA_M0009484,,SRC_M0004526
GM0011594,GT0002850,,,SRC_M0004527
GM0011595,GT0002850,SRA_M0009485,SRB_M0007609,SRC_M0004528
GM0011596,GT0002851,SRA_M0009486,SRB_M0007610,SRC_M0004529
GM0011597,GT0002851,SRA_M0009487,SRB_M0007611,SRC_M0004530
GM0011598,GT0002852,SRA_M0009488,SRB_M0007612,SRC_M0004531
GM0011599,GT0002852,SRA_M0009489,SRB_M0007613,SRC_M0004532
GM0011600,GT0002852,SRA_M0009490,SRB_M0007614,SRC_M0004533
GM0011601,GT0002852,,,SRC_M0004534
GM0011602,GT0002852,SRA_M0009491,SRB_M0007615,SRC_M0004535
GM0011603,GT0002852,,SRB_M0007616,SRC_M0004536
GM0011604,GT0002853,,SRB_M0007617,
GM0011605,GT0002853,SRA_M0009492,SRB_M0007618,
GM0011606,GT0002853,SRA_M0009493,SRB_M0007619,
GM0011607,GT0002853,SRA_M0009494,SRB_M0007620,
GM0011608,GT0002854,SRA_M0009495,,
GM0011609,GT0002854,SRA_M0009496,,
GM0011610,GT0002854,SRA_M0009497,,
GM0011611,GT0002854,SRA_M0009498,,SRC_M0004537
GM0011612,GT0002855,SRA_M0009499,,
GM0011613,GT0002855,SRA_M0009500,SRB_M0007621,SRC_M0004538
GM0011614,GT0002855,SRA_M0009501,SRB_M0007622,SRC_M0004539
GM0011615,GT0002855,SRA_M0009502,SRB_M0007623,
GM0011616,GT0002855,SRA_M0009503,SRB_M0007624,SRC_M0004540
GM0011617,GT0002855,SRA_M0009504,SRB_M0007625,SRC_M0004541
GM0011618,GT0002856,,,
GM0011619,GT0002856,SRA_M0009506,,
GM0011620,GT0002856,SRA_M0009507,,
GM0011621,GT0002856,SRA_M0009508,,
GM0011622,GT0002856,SRA_M0009509,,
GM0011623,GT0002856,SRA_M0009510,,
GM0011624,GT0002857,SRA_M0009511,SRB_M0007626,
GM0011625,GT0002857,SRA_M0009512,SRB_M0007627,
GM0011626,GT0002857,SRA_M0009513,,
GM0011627,GT0002857,SRA_M0009514,SRB_M0007628,
GM0011628,GT0002857,SRA_M0009515,SRB_M0007629,
GM0011629,GT0002858,SRA_M0009516,SRB_M0007630,
GM0011630,GT0002858,SRA_M0009517,SRB_M0007631,
GM0011631,GT0002858,SRA_M0009518,SRB_M0007632,
GM0011632,GT0002859,SRA_M0009519,SRB_M0007633,SRC_M0004542
GM0011633,GT0002859,SRA_M0009520,SRB_M0007634,SRC_M0004543
GM0011634,GT0002859,SRA_M0009521,SRB_M0007635,
GM0011635,GT0002859,SRA_M0009522,SRB_M0007636,SRC_M0004544
GM0011636,GT0002859,SRA_M0009523,SRB_M0007637,SRC_M0004545
GM0011637,GT0002860,SRA_M0009524,,
GM0011638,GT0002860,SRA_M0009525,SRB_M0007638,
GM0011639,GT0002860,SRA_M0009526,,
GM0011640,GT0002860,SRA_M0009527,SRB_M0007639,
GM0011641,GT0002860,SRA_M0009528,SRB_M0007640,
GM0011642,GT0002861,SRA_M0009529,SRB_M0007641,
GM0011643,GT0002861,SRA_M0009530,,
GM0011644,GT0002861,SRA_M0009531,SRB_M0007642,
GM0011645,GT0002861,SRA_M0009532,SRB_M0007643,
GM0011646,GT0002861,SRA_M0009533,SRB_M0007644,
GM0011647,GT0002862,SRA_M0009534,,
GM0011648,GT0002862,SRA_M0009535,,
GM0011649,GT0002863,,SRB_M0007645,
GM0011650,GT0002863,,SRB_M0007646,SRC_M0004546
GM0011651,GT0002863,,SRB_M0007647,SRC_M0004547
GM0011652,GT0002863,,SRB_M0007648,
GM0011653,GT0002863,,SRB_M0007649,
GM0011654,GT0002863,,,SRC_M0004548
GM0011655,GT0002864,SRA_M0009536,SRB_M0007650,SRC_M0004549
GM0011656,GT0002864,SRA_M0009537,,SRC_M0004550
GM0011657,GT0002864,SRA_M0009538,,
GM0011658,GT0002864,SRA_M0009539,SRB_M0007651,SRC_M0004551
GM0011659,GT0002864,SRA_M0009540,SRB_M0007652,SRC_M0004552
GM0011660,GT0002865,SRA_M0009542,,
GM0011661,GT0002865,SRA_M0009543,,
GM0011662,GT0002865,SRA_M0009544,SRB_M0007653,
GM0011663,GT0002865,SRA_M0009545,,
GM0011664,GT0002865,SRA_M0009546,SRB_M0007654,
GM0011665,GT0002866,SRA_M0009547,,SRC_M0004553
GM0011666,GT0002866,SRA_M0009548,,SRC_M0004554
GM0011667,GT0002866,SRA_M0009549,,SRC_M0004555
GM0011668,GT0002867,,,
GM0011669,GT0002867,SRA_M0009550,SRB_M0007655,
GM0011670,GT0002867,SRA_M0009551,SRB_M0007656,
GM0011671,GT0002867,SRA_M0009552,SRB_M0007657,
GM0011672,GT0002868,SRA_M0009553,,SRC_M0004556
GM0011673,GT0002868,SRA_M0009554,SRB_M0007658,SRC_M0004557
GM0011674,GT0002868,SRA_M0009555,SRB_M0007659,
GM0011675,GT0002868,SRA_M0009556,SRB_M0007660,SRC_M0004558
GM0011676,GT0002868,,SRB_M0007661,
GM0011677,GT0002868,SRA_M0009557,SRB_M0007662,SRC_M0004559
GM0011678,GT0002869,SRA_M0009558,SRB_M0007663,
GM0011679,GT0002869,SRA_M0009559,SRB_M0007664,SRC_M0004561
GM0011680,GT0002869,SRA_M0009560,SRB_M0007665,SRC_M0004562
GM0011681,GT0002870,SRA_M0009561,SRB_M0007666,
GM0011682,GT0002870,SRA_M0009562,SRB_M0007667,
GM0011683,GT0002870,SRA_M0009563,SRB_M0007668,
GM0011684,GT0002871,SRA_M0009564,SRB_M0007669,
GM0011685,GT0002871,SRA_M0009565,,SRC_M0004563
GM0011686,GT0002871,SRA_M0009566,SRB_M0007670,SRC_M0004564
GM0011687,GT0002871,SRA_M0009567,,SRC_M0004565
GM0011688,GT0002871,SRA_M0009568,SRB_M0007671,SRC_M0004566
GM0011689,GT0002872,SRA_M0009569,SRB_M0007672,SRC_M0004567
GM0011690,GT0002872,SRA_M0009570,SRB_M0007673,SRC_M0004568
GM0011691,GT0002872,SRA_M0009571,,
GM0011692,GT0002872,SRA_M0009572,SRB_M0007674,SRC_M0004569
GM0011693,GT0002872,SRA_M0009573,SRB_M0007675,SRC_M0004570
GM0011694,GT0002873,,SRB_M0007676,
GM0011695,GT0002873,SRA_M0009574,,
GM0011696,GT0002874,SRA_M0009575,SRB_M0007677,
GM0011697,GT0002874,SRA_M0009576,SRB_M0007678,
GM0011698,GT0002874,SRA_M0009577,,
GM0011699,GT0002874,SRA_M0009578,SRB_M0007679,
GM0011700,GT0002874,,SRB_M0007680,
GM0011701,GT0002874,,SRB_M0007681,
GM0011702,GT0002875,SRA_M0009579,,SRC_M0004571
GM0011703,GT0002875,SRA_M0009580,,SRC_M0004572
GM0011704,GT0002875,SRA_M0009581,,SRC_M0004573
GM0011705,GT0002876,SRA_M0009582,,
GM0011706,GT0002876,SRA_M0009583,SRB_M0007682,
GM0011707,GT0002876,SRA_M0009584,SRB_M0007683,
GM0011708,GT0002877,,SRB_M0007684,SRC_M0004574
GM0011709,GT0002877,,,SRC_M0004575
GM0011710,GT0002877,SRA_M0009585,SRB_M0007685,SRC_M0004576
GM0011711,GT0002878,,SRB_M0007686,
GM0011712,GT0002878,,,
GM0011713,GT0002878,,SRB_M0007687,
GM0011714,GT0002878,,,
GM0011715,GT0002878,,,
GM0011716,GT0002879,SRA_M0009586,SRB_M0007688,
GM0011717,GT0002879,SRA_M0009587,SRB_M0007689,
GM0011718,GT0002879,SRA_M0009588,SRB_M0007690,
GM0011719,GT0002880,SRA_M0009589,SRB_M0007691,SRC_M0004577
GM0011720,GT0002880,SRA_M0009590,,SRC_M0004578
GM0011721,GT0002880,SRA_M0009591,SRB_M0007692,SRC_M0004579
GM0011722,GT0002880,SRA_M0009592,SRB_M0007693,SRC_M0004580
GM0011723,GT0002880,SRA_M0009593,SRB_M0007694,SRC_M0004581
GM0011724,GT0002880,SRA_M0009594,SRB_M0007695,SRC_M0004582
GM0011725,GT0002881,SRA_M0009595,SRB_M0007696,SRC_M0004583
GM0011726,GT0002881,SRA_M0009596,SRB_M0007697,
GM0011727,GT0002881,SRA_M0009597,SRB_M0007698,SRC_M0004584
GM0011728,GT0002881,SRA_M0009598,SRB_M0007699,SRC_M0004585
GM0011729,GT0002881,SRA_M0009599,SRB_M0007700,SRC_M0004586
GM0011730,GT0002882,SRA_M0009600,SRB_M0007701,SRC_M0004587
GM0011731,GT0002882,SRA_M0009601,SRB_M0007702,SRC_M0004588
GM0011732,GT0002882,SRA_M0009602,,SRC_M0004589
GM0011733,GT0002883,SRA_M0009603,,SRC_M0004590
GM0011734,GT0002883,SRA_M0009604,,
GM0011735,GT0002883,SRA_M0009605,,SRC_M0004591
GM0011736,GT0002884,SRA_M0009606,,
GM0011737,GT0002884,SRA_M0009607,,
GM0011738,GT0002884,SRA_M0009608,SRB_M0007703,
GM0011739,GT0002884,SRA_M0009609,SRB_M0007704,
GM0011740,GT0002884,SRA_M0009610,,
GM0011741,GT0002884,SRA_M0009611,,
GM0011742,GT0002885,SRA_M0009612,SRB_M0007705,
GM0011743,GT0002885,SRA_M0009613,SRB_M0007706,
GM0011744,GT0002885,,SRB_M0007707,
GM0011745,GT0002886,SRA_M0009614,SRB_M0007708,SRC_M0004592
GM0011746,GT0002886,SRA_M0009615,SRB_M0007709,SRC_M0004593
GM0011747,GT0002886,SRA_M0009616,SRB_M0007710,
GM0011748,GT0002886,SRA_M0009617,SRB_M0007711,SRC_M0004594
GM0011749,GT0002886,SRA_M0009618,SRB_M0007712,SRC_M0004595
GM0011750,GT0002887,,SRB_M0007713,
GM0011751,GT0002887,,SRB_M0007714,
GM0011752,GT0002887,,SRB_M0007715,
GM0011753,GT0002887,,SRB_M0007716,SRC_M0004596
GM0011754,GT0002888,SRA_M0009619,,
GM0011755,GT0002888,SRA_M0009620,,
GM0011756,GT0002889,SRA_M0009621,SRB_M0007717,
GM0011757,GT0002889,SRA_M0009622,SRB_M0007718,SRC_M0004597
GM0011758,GT0002889,SRA_M0009623,SRB_M0007719,SRC_M0004598
GM0011759,GT0002890,SRA_M0009624,SRB_M0007720,SRC_M0004599
GM0011760,GT0002890,,SRB_M0007721,SRC_M0004600
GM0011761,GT0002890,SRA_M0009625,SRB_M0007722,SRC_M0004601
GM0011762,GT0002890,,SRB_M0007723,SRC_M0004602
GM0011763,GT0002890,SRA_M0009626,SRB_M0007724,SRC_M0004603
GM0011764,GT0002890,,SRB_M0007725,SRC_M0004604
GM0011765,GT0002891,SRA_M0009627,SRB_M0007726,
GM0011766,GT0002891,SRA_M0009628,SRB_M0007727,
GM0011767,GT0002891,SRA_M0009629,SRB_M0007728,
GM0011768,GT0002891,SRA_M0009630,,
GM0011769,GT0002891,SRA_M0009631,SRB_M0007729,
GM0011770,GT0002892,SRA_M0009632,SRB_M0007730,
GM0011771,GT0002892,SRA_M0009633,SRB_M0007731,
GM0011772,GT0002892,,SRB_M0007732,
GM0011773,GT0002892,SRA_M0009634,SRB_M0007733,
GM0011774,GT0002892,SRA_M0009635,,
GM0011775,GT0002893,SRA_M0009636,,SRC_M0004605
GM0011776,GT0002893,SRA_M0009637,,SRC_M0004606
GM0011777,GT0002894,SRA_M0009638,,
GM0011778,GT0002894,SRA_M0009639,,SRC_M0004607
GM0011779,GT0002894,SRA_M0009640,,SRC_M0004608
GM0011780,GT0002894,SRA_M0009641,,SRC_M0004609
GM0011781,GT0002894,SRA_M0009642,,SRC_M0004610
GM0011782,GT0002895,SRA_M0009643,SRB_M0007734,SRC_M0004611
GM0011783,GT0002895,SRA_M0009644,,
GM0011784,GT0002895,SRA_M0009645,SRB_M0007735,SRC_M0004612
GM0011785,GT0002895,SRA_M0009646,SRB_M0007736,
GM0011786,GT0002895,SRA_M0009647,SRB_M0007737,SRC_M0004613
GM0011787,GT0002896,,SRB_M0007738,SRC_M0004614
GM0011788,GT0002896,,,
GM0011789,GT0002896,SRA_M0009648,,SRC_M0004615
GM0011790,GT0002896,SRA_M0009649,SRB_M0007739,SRC_M0004616
GM0011791,GT0002896,SRA_M0009650,,SRC_M0004617
GM0011792,GT0002897,SRA_M0009651,SRB_M0007740,
GM0011793,GT0002897,SRA_M0009652,SRB_M0007741,SRC_M0004618
GM0011794,GT0002897,SRA_M0009653,,
GM0011795,GT0002897,SRA_M0009654,SRB_M0007742,SRC_M0004619
GM0011796,GT0002897,,SRB_M0007743,SRC_M0004620
GM0011797,GT0002897,,,SRC_M0004621
GM0011798,GT0002898,SRA_M0009655,SRB_M0007744,SRC_M0004622
GM0011799,GT0002898,SRA_M0009656,SRB_M0007745,SRC_M0004623
GM0011800,GT0002898,SRA_M0009657,SRB_M0007746,SRC_M0004624
GM0011801,GT0002898,SRA_M0009658,SRB_M0007747,SRC_M0004625
GM0011802,GT0002899,SRA_M0009659,SRB_M0007748,
GM0011803,GT0002899,SRA_M0009660,SRB_M0007749,SRC_M0004626
GM0011804,GT0002899,SRA_M0009661,SRB_M0007750,SRC_M0004627
GM0011805,GT0002899,SRA_M0009662,SRB_M0007751,SRC_M0004628
GM0011806,GT0002900,,SRB_M0007752,
GM0011807,GT0002900,SRA_M0009663,,
GM0011808,GT0002901,SRA_M0009664,SRB_M0007753,
GM0011809,GT0002901,SRA_M0009665,,
GM0011810,GT0002901,,SRB_M0007754,
GM0011811,GT0002902,SRA_M0009666,SRB_M0007755,SRC_M0004629
GM0011812,GT0002902,SRA_M0009667,SRB_M0007756,SRC_M0004630
GM0011813,GT0002902,SRA_M0009668,SRB_M0007757,SRC_M0004631
GM0011814,GT0002902,SRA_M0009669,SRB_M0007758,SRC_M0004632
GM0011815,GT0002902,SRA_M0009670,SRB_M0007759,SRC_M0004633
GM0011816,GT0002903,SRA_M0009671,SRB_M0007760,SRC_M0004634
GM0011817,GT0002903,,SRB_M0007761,SRC_M0004635
GM0011818,GT0002903,SRA_M0009672,SRB_M0007762,
GM0011819,GT0002903,SRA_M0009673,SRB_M0007763,SRC_M0004636
GM0011820,GT0002904,SRA_M0009674,,SRC_M0004637
GM0011821,GT0002904,SRA_M0009675,,
GM0011822,GT0002904,SRA_M0009676,,
GM0011823,GT0002904,SRA_M0009677,,SRC_M0004638
GM0011824,GT0002904,SRA_M0009678,,SRC_M0004639
GM0011825,GT0002904,SRA_M0009679,,SRC_M0004640
GM0011826,GT0002905,,,SRC_M0004641
GM0011827,GT0002905,,,SRC_M0004642
GM0011828,GT0002905,,,SRC_M0004643
GM0011829,GT0002905,,,
GM0011830,GT0002905,,,
GM0011831,GT0002905,,,SRC_M0004644
GM0011832,GT0002906,SRA_M0009680,,
GM0011833,GT0002906,SRA_M0009681,,
GM0011834,GT0002906,SRA_M0009682,,
GM0011835,GT0002906,SRA_M0009683,,
GM0011836,GT0002906,SRA_M0009684,,
GM0011837,GT0002907,,SRB_M0007764,SRC_M0004645
GM0011838,GT0002907,,SRB_M0007765,
GM0011839,GT0002907,,SRB_M0007766,
GM0011840,GT0002907,,SRB_M0007767,SRC_M0004646
GM0011841,GT0002908,SRA_M0009685,SRB_M0007768,SRC_M0004647
GM0011842,GT0002908,SRA_M0009686,SRB_M0007769,SRC_M0004648
GM0011843,GT0002909,SRA_M0009687,,
GM0011844,GT0002909,SRA_M0009688,,
GM0011845,GT0002909,SRA_M0009689,,
GM0011846,GT0002909,,,
GM0011847,GT0002909,SRA_M0009690,,
GM0011848,GT0002910,,SRB_M0007770,
GM0011849,GT0002910,SRA_M0009691,SRB_M0007771,
GM0011850,GT0002910,SRA_M0009692,SRB_M0007772,
GM0011851,GT0002910,,SRB_M0007773,
GM0011852,GT0002910,SRA_M0009693,SRB_M0007774,
GM0011853,GT0002911,,SRB_M0007775,SRC_M0004649
GM0011854,GT0002911,SRA_M0009694,,SRC_M0004650
GM0011855,GT0002912,SRA_M0009695,SRB_M0007776,
GM0011856,GT0002912,SRA_M0009696,,
GM0011857,GT0002912,SRA_M0009697,,
GM0011858,GT0002912,SRA_M0009698,,
GM0011859,GT0002913,SRA_M0009699,,SRC_M0004651
GM0011860,GT0002913,,,
GM0011861,GT0002913,SRA_M0009700,,SRC_M0004652
GM0011862,GT0002913,SRA_M0009701,,SRC_M0004653
GM0011863,GT0002913,SRA_M0009702,,
GM0011864,GT0002913,SRA_M0009703,,SRC_M0004654
GM0011865,GT0002914,SRA_M0009704,SRB_M0007777,SRC_M0004655
GM0011866,GT0002914,SRA_M0009705,,SRC_M0004656
GM0011867,GT0002914,SRA_M0009706,SRB_M0007778,
GM0011868,GT0002914,SRA_M0009707,SRB_M0007779,SRC_M0004657
GM0011869,GT0002914,SRA_M0009708,SRB_M0007780,SRC_M0004658
GM0011870,GT0002914,SRA_M0009709,,SRC_M0004659
GM0011871,GT0002915,SRA_M0009710,SRB_M0007781,
GM0011872,GT0002915,SRA_M0009711,SRB_M0007782,
GM0011873,GT0002915,SRA_M0009712,,
GM0011874,GT0002915,SRA_M0009713,SRB_M0007783,
GM0011875,GT0002915,SRA_M0009714,SRB_M0007784,
GM0011876,GT0002915,SRA_M0009715,,
GM0011877,GT0002916,SRA_M0009716,SRB_M0007785,
GM0011878,GT0002916,SRA_M0009717,SRB_M0007786,
GM0011879,GT0002916,SRA_M0009718,SRB_M0007787,
GM0011880,GT0002917,SRA_M0009719,SRB_M0007788,SRC_M0004660
GM0011881,GT0002917,SRA_M0009720,SRB_M0007789,
GM0011882,GT0002917,SRA_M0009721,,
GM0011883,GT0002917,SRA_M0009722,,
GM0011884,GT0002918,,SRB_M0007790,
GM0011885,GT0002918,SRA_M0009723,SRB_M0007791,
GM0011886,GT0002918,SRA_M0009724,SRB_M0007792,
GM0011887,GT0002918,SRA_M0009725,SRB_M0007793,
GM0011888,GT0002918,SRA_M0009726,SRB_M0007794,
GM0011889,GT0002918,SRA_M0009727,SRB_M0007795,
GM0011890,GT0002919,SRA_M0009728,,SRC_M0004661
GM0011891,GT0002919,SRA_M0009729,,
GM0011892,GT0002919,SRA_M0009730,,SRC_M0004662
GM0011893,GT0002919,SRA_M0009731,,SRC_M0004663
GM0011894,GT0002920,SRA_M0009732,SRB_M0007796,
GM0011895,GT0002920,SRA_M0009733,SRB_M0007797,SRC_M0004664
GM0011896,GT0002920,SRA_M0009734,SRB_M0007798,
GM0011897,GT0002920,SRA_M0009735,,SRC_M0004665
GM0011898,GT0002920,SRA_M0009736,,
GM0011899,GT0002920,SRA_M0009737,SRB_M0007799,
GM0011900,GT0002921,SRA_M0009738,SRB_M0007800,
GM0011901,GT0002921,SRA_M0009739,SRB_M0007801,
GM0011902,GT0002922,SRA_M0009740,SRB_M0007802,
GM0011903,GT0002922,SRA_M0009741,,
GM0011904,GT0002922,SRA_M0009742,SRB_M0007803,
GM0011905,GT0002922,SRA_M0009743,SRB_M0007804,
GM0011906,GT0002923,,SRB_M0007805,
GM0011907,GT0002923,,,
GM0011908,GT0002923,,SRB_M0007806,
GM0011909,GT0002923,,SRB_M0007807,
GM0011910,GT0002923,,SRB_M0007808,
GM0011911,GT0002923,,SRB_M0007809,
GM0011912,GT0002924,SRA_M0009745,,SRC_M0004666
GM0011913,GT0002924,SRA_M0009746,,SRC_M0004667
GM0011914,GT0002924,,,
GM0011915,GT0002924,SRA_M0009747,,SRC_M0004668
GM0011916,GT0002924,SRA_M0009748,,SRC_M0004669
GM0011917,GT0002924,SRA_M0009749,,SRC_M0004670
GM0011918,GT0002925,SRA_M0009750,SRB_M0007810,SRC_M0004671
GM0011919,GT0002925,SRA_M0009751,SRB_M0007811,SRC_M0004672
GM0011920,GT0002926,SRA_M0009753,,SRC_M0004673
GM0011921,GT0002926,SRA_M0009754,,
GM0011922,GT0002926,SRA_M0009755,,SRC_M0004674
GM0011923,GT0002926,SRA_M0009756,,SRC_M0004675
GM0011924,GT0002926,SRA_M0009757,,SRC_M0004676
GM0011925,GT0002927,SRA_M0009758,,
GM0011926,GT0002927,SRA_M0009759,,
GM0011927,GT0002927,SRA_M0009760,,SRC_M0004677
GM0011928,GT0002927,SRA_M0009761,,SRC_M0004678
GM0011929,GT0002928,SRA_M0009762,,
GM0011930,GT0002928,SRA_M0009763,,
GM0011931,GT0002928,SRA_M0009764,SRB_M0007812,SRC_M0004679
GM0011932,GT0002929,,SRB_M0007813,
GM0011933,GT0002929,,SRB_M0007814,
GM0011934,GT0002929,SRA_M0009765,SRB_M0007815,
GM0011935,GT0002930,SRA_M0009766,,
GM0011936,GT0002930,SRA_M0009767,,
GM0011937,GT0002930,SRA_M0009768,,
GM0011938,GT0002930,SRA_M0009769,,
GM0011939,GT0002930,SRA_M0009770,,
GM0011940,GT0002931,SRA_M0009771,SRB_M0007816,SRC_M0004680
GM0011941,GT0002931,SRA_M0009772,SRB_M0007817,
GM0011942,GT0002931,SRA_M0009773,SRB_M0007818,SRC_M0004681
GM0011943,GT0002932,SRA_M0009774,,
GM0011944,GT0002932,SRA_M0009775,,
GM0011945,GT0002932,SRA_M0009776,,
GM0011946,GT0002933,SRA_M0009777,SRB_M0007819,
GM0011947,GT0002933,SRA_M0009778,SRB_M0007820,
GM0011948,GT0002933,SRA_M0009779,SRB_M0007821,
GM0011949,GT0002933,SRA_M0009780,SRB_M0007822,
GM0011950,GT0002933,SRA_M0009781,SRB_M0007823,
GM0011951,GT0002933,SRA_M0009782,SRB_M0007824,
GM0011952,GT0002934,SRA_M0009783,,SRC_M0004683
GM0011953,GT0002934,SRA_M0009784,SRB_M0007825,SRC_M0004684
GM0011954,GT0002934,SRA_M0009785,SRB_M0007826,SRC_M0004685
GM0011955,GT0002934,SRA_M0009786,SRB_M0007827,SRC_M0004686
GM0011956,GT0002934,SRA_M0009787,SRB_M0007828,SRC_M0004687
GM0011957,GT0002935,SRA_M0009788,SRB_M0007830,SRC_M0004688
GM0011958,GT0002935,SRA_M0009789,,
GM0011959,GT0002936,SRA_M0009790,SRB_M0007831,
GM0011960,GT0002936,SRA_M0009791,SRB_M0007832,
GM0011961,GT0002936,SRA_M0009792,,
GM0011962,GT0002936,SRA_M0009793,SRB_M0007833,
GM0011963,GT0002936,SRA_M0009794,SRB_M0007834,
GM0011964,GT0002936,SRA_M0009795,SRB_M0007835,
GM0011965,GT0002937,SRA_M0009796,SRB_M0007836,
GM0011966,GT0002937,SRA_M0009797,SRB_M0007837,
GM0011967,GT0002937,SRA_M0009798,SRB_M0007838,
GM0011968,GT0002937,SRA_M0009799,SRB_M0007839,
GM0011969,GT0002937,,SRB_M0007840,
GM0011970,GT0002938,SRA_M0009800,SRB_M0007841,
GM0011971,GT0002938,SRA_M0009801,SRB_M0007842,
GM0011972,GT0002938,SRA_M0009802,,
GM0011973,GT0002938,SRA_M0009803,SRB_M0007843,SRC_M0004689
GM0011974,GT0002939,SRA_M0009804,SRB_M0007844,
GM0011975,GT0002939,SRA_M0009805,SRB_M0007845,
GM0011976,GT0002939,,SRB_M0007846,
GM0011977,GT0002939,SRA_M0009806,,
GM0011978,GT0002939,SRA_M0009807,SRB_M0007847,
GM0011979,GT0002939,SRA_M0009808,,
GM0011980,GT0002940,SRA_M0009809,SRB_M0007848,
GM0011981,GT0002940,SRA_M0009810,SRB_M0007849,
GM0011982,GT0002940,SRA_M0009811,SRB_M0007850,
GM0011983,GT0002940,SRA_M0009812,SRB_M0007851,
GM0011984,GT0002940,SRA_M0009813,SRB_M0007852,
GM0011985,GT0002940,SRA_M0009814,SRB_M0007853,
GM0011986,GT0002941,SRA_M0009815,SRB_M0007854,SRC_M0004690
GM0011987,GT0002941,SRA_M0009816,SRB_M0007855,
GM0011988,GT0002941,SRA_M0009817,SRB_M0007856,SRC_M0004691
GM0011989,GT0002941,,SRB_M0007857,SRC_M0004692
GM0011990,GT0002942,,SRB_M0007858,
GM0011991,GT0002942,,SRB_M0007859,
GM0011992,GT0002942,,SRB_M0007860,
GM0011993,GT0002942,,SRB_M0007861,
GM0011994,GT0002942,,SRB_M0007862,
GM0011995,GT0002943,SRA_M0009818,SRB_M0007863,
GM0011996,GT0002943,SRA_M0009819,,
GM0011997,GT0002943,SRA_M0009820,SRB_M0007864,
GM0011998,GT0002944,SRA_M0009821,SRB_M0007866,
GM0011999,GT0002944,SRA_M0009822,,SRC_M0004693
GM0012000,GT0002944,SRA_M0009823,SRB_M0007867,SRC_M0004694
GM0012001,GT0002944,SRA_M0009824,SRB_M0007868,
GM0012002,GT0002945,SRA_M0009825,SRB_M0007870,SRC_M0004695
GM0012003,GT0002945,SRA_M0009826,SRB_M0007871,SRC_M0004696
GM0012004,GT0002945,SRA_M0009827,SRB_M0007872,SRC_M0004697
GM0012005,GT0002945,SRA_M0009828,SRB_M0007873,SRC_M0004698
GM0012006,GT0002946,SRA_M0009829,,
GM0012007,GT0002946,SRA_M0009830,SRB_M0007875,
GM0012008,GT0002946,SRA_M0009831,SRB_M0007876,
GM0012009,GT0002947,SRA_M0009832,SRB_M0007877,SRC_M0004699
GM0012010,GT0002947,SRA_M0009833,,
GM0012011,GT0002947,SRA_M0009834,,SRC_M0004700
GM0012012,GT0002948,,,
GM0012013,GT0002948,SRA_M0009835,,
GM0012014,GT0002948,SRA_M0009836,,SRC_M0004701
GM0012015,GT0002948,SRA_M0009837,,
GM0012016,GT0002949,SRA_M0009838,,
GM0012017,GT0002949,SRA_M0009839,SRB_M0007878,
GM0012018,GT0002949,SRA_M0009840,SRB_M0007879,
GM0012019,GT0002949,SRA_M0009841,SRB_M0007880,
GM0012020,GT0002949,SRA_M0009842,,
GM0012021,GT0002949,SRA_M0009843,SRB_M0007881,
GM0012022,GT0002950,SRA_M0009844,SRB_M0007882,SRC_M0004702
GM0012023,GT0002950,SRA_M0009845,SRB_M0007883,SRC_M0004703
GM0012024,GT0002950,SRA_M0009846,SRB_M0007884,SRC_M0004704
GM0012025,GT0002950,SRA_M0009847,,SRC_M0004705
GM0012026,GT0002950,,SRB_M0007885,
GM0012027,GT0002951,SRA_M0009848,SRB_M0007886,SRC_M0004706
GM0012028,GT0002951,,SRB_M0007887,SRC_M0004707
GM0012029,GT0002951,SRA_M0009849,SRB_M0007888,SRC_M0004708
GM0012030,GT0002951,SRA_M0009850,SRB_M0007889,SRC_M0004709
GM0012031,GT0002952,SRA_M0009851,SRB_M0007890,
GM0012032,GT0002952,SRA_M0009852,SRB_M0007891,
GM0012033,GT0002952,SRA_M0009853,,
GM0012034,GT0002952,SRA_M0009854,SRB_M0007892,
GM0012035,GT0002952,SRA_M0009855,SRB_M0007893,
GM0012036,GT0002953,SRA_M0009856,,SRC_M0004710
GM0012037,GT0002953,SRA_M0009857,SRB_M0007894,
GM0012038,GT0002953,SRA_M0009858,,SRC_M0004711
GM0012039,GT0002953,SRA_M0009859,SRB_M0007895,SRC_M0004712
GM0012040,GT0002953,SRA_M0009860,SRB_M0007896,SRC_M0004713
GM0012041,GT0002953,SRA_M0009861,SRB_M0007897,SRC_M0004714
GM0012042,GT0002954,SRA_M0009862,,
GM0012043,GT0002954,SRA_M0009863,,
GM0012044,GT0002954,,,SRC_M0004715
GM0012045,GT0002954,,,SRC_M0004716
GM0012046,GT0002954,SRA_M0009864,,SRC_M0004717
GM0012047,GT0002955,SRA_M0009865,SRB_M0007898,SRC_M0004718
GM0012048,GT0002955,SRA_M0009866,SRB_M0007899,SRC_M0004719
GM0012049,GT0002955,SRA_M0009867,SRB_M0007900,
GM0012050,GT0002955,SRA_M0009868,,
GM0012051,GT0002955,SRA_M0009869,SRB_M0007901,
GM0012052,GT0002956,SRA_M0009870,,SRC_M0004720
GM0012053,GT0002956,SRA_M0009871,,SRC_M0004721
GM0012054,GT0002956,SRA_M0009872,,SRC_M0004722
GM0012055,GT0002956,SRA_M0009873,,SRC_M0004723
GM0012056,GT0002957,,SRB_M0007902,
GM0012057,GT0002957,,SRB_M0007903,
GM0012058,GT0002957,,SRB_M0007904,
GM0012059,GT0002957,,SRB_M0007905,
GM0012060,GT0002958,SRA_M0009874,SRB_M0007907,SRC_M0004724
GM0012061,GT0002958,SRA_M0009875,SRB_M0007908,SRC_M0004725
GM0012062,GT0002958,SRA_M0009876,SRB_M0007909,SRC_M0004726
GM0012063,GT0002958,SRA_M0009877,SRB_M0007910,
GM0012064,GT0002958,SRA_M0009878,SRB_M0007911,SRC_M0004727
GM0012065,GT0002959,SRA_M0009879,SRB_M0007912,
GM0012066,GT0002959,SRA_M0009880,SRB_M0007913,
GM0012067,GT0002960,,,SRC_M0004728
GM0012068,GT0002960,,,SRC_M0004729
GM0012069,GT0002960,,,SRC_M0004730
GM0012070,GT0002960,,,SRC_M0004731
GM0012071,GT0002960,,,SRC_M0004732
GM0012072,GT0002960,,,SRC_M0004733
GM0012073,GT0002961,SRA_M0009881,,SRC_M0004734
GM0012074,GT0002961,SRA_M0009882,,SRC_M0004735
GM0012075,GT0002961,SRA_M0009883,,SRC_M0004736
GM0012076,GT0002961,SRA_M0009884,,
GM0012077,GT0002961,,,SRC_M0004737
GM0012078,GT0002962,,,
GM0012079,GT0002962,SRA_M0009885,,
GM0012080,GT0002962,SRA_M0009886,,
GM0012081,GT0002962,SRA_M0009887,,
GM0012082,GT0002962,SRA_M0009888,,
GM0012083,GT0002963,SRA_M0009889,SRB_M0007914,
GM0012084,GT0002963,SRA_M0009890,SRB_M0007915,
GM0012085,GT0002963,SRA_M0009891,SRB_M0007916,
GM0012086,GT0002963,SRA_M0009892,SRB_M0007917,
GM0012087,GT0002963,SRA_M0009893,SRB_M0007918,
GM0012088,GT0002963,SRA_M0009894,SRB_M0007919,
GM0012089,GT0002964,SRA_M0009895,SRB_M0007920,
GM0012090,GT0002964,SRA_M0009896,,
GM0012091,GT0002964,SRA_M0009897,SRB_M0007921,
GM0012092,GT0002964,SRA_M0009898,SRB_M0007922,
GM0012093,GT0002964,SRA_M0009899,SRB_M0007923,
GM0012094,GT0002965,,SRB_M0007924,
GM0012095,GT0002965,SRA_M0009900,SRB_M0007925,SRC_M0004738
GM0012096,GT0002965,SRA_M0009901,SRB_M0007926,SRC_M0004739
GM0012097,GT0002965,SRA_M0009902,SRB_M0007927,SRC_M0004740
GM0012098,GT0002965,SRA_M0009903,SRB_M0007928,
GM0012099,GT0002965,SRA_M0009904,SRB_M0007929,SRC_M0004741
GM0012100,GT0002966,SRA_M0009905,SRB_M0007930,
GM0012101,GT0002966,SRA_M0009906,SRB_M0007931,
GM0012102,GT0002966,SRA_M0009907,SRB_M0007932,
GM0012103,GT0002966,SRA_M0009908,SRB_M0007933,
GM0012104,GT0002966,SRA_M0009909,SRB_M0007934,
GM0012105,GT0002966,SRA_M0009910,SRB_M0007935,
GM0012106,GT0002967,SRA_M0009911,SRB_M0007936,
GM0012107,GT0002967,SRA_M0009912,SRB_M0007937,
GM0012108,GT0002968,SRA_M0009913,SRB_M0007938,
GM0012109,GT0002968,SRA_M0009914,SRB_M0007939,
GM0012110,GT0002968,SRA_M0009915,SRB_M0007940,
GM0012111,GT0002968,SRA_M0009916,SRB_M0007941,
GM0012112,GT0002969,SRA_M0009917,SRB_M0007942,SRC_M0004742
GM0012113,GT0002969,SRA_M0009918,SRB_M0007943,SRC_M0004743
GM0012114,GT0002969,SRA_M0009919,SRB_M0007944,SRC_M0004744
GM0012115,GT0002970,SRA_M0009920,SRB_M0007945,SRC_M0004745
GM0012116,GT0002970,SRA_M0009921,SRB_M0007946,SRC_M0004746
GM0012117,GT0002970,SRA_M0009922,,SRC_M0004747
GM0012118,GT0002970,SRA_M0009923,,SRC_M0004748
GM0012119,GT0002971,SRA_M0009924,,SRC_M0004749
GM0012120,GT0002971,SRA_M0009925,SRB_M0007947,SRC_M0004750
GM0012121,GT0002971,SRA_M0009926,,SRC_M0004751
GM0012122,GT0002971,SRA_M0009927,,SRC_M0004752
GM0012123,GT0002971,SRA_M0009928,SRB_M0007948,SRC_M0004753
GM0012124,GT0002972,,SRB_M0007949,
GM0012125,GT0002972,,SRB_M0007950,
GM0012126,GT0002972,,SRB_M0007951,
GM0012127,GT0002972,,SRB_M0007952,
GM0012128,GT0002972,,SRB_M0007953,
GM0012129,GT0002973,SRA_M0009929,SRB_M0007954,
GM0012130,GT0002973,SRA_M0009930,SRB_M0007955,
GM0012131,GT0002973,SRA_M0009931,SRB_M0007956,
GM0012132,GT0002973,SRA_M0009932,SRB_M0007957,
GM0012133,GT0002974,SRA_M0009933,SRB_M0007958,SRC_M0004754
GM0012134,GT0002974,SRA_M0009934,SRB_M0007959,SRC_M0004755
GM0012135,GT0002975,SRA_M0009935,,
GM0012136,GT0002975,SRA_M0009936,,
GM0012137,GT0002975,,,
GM0012138,GT0002975,SRA_M0009937,,
GM0012139,GT0002976,SRA_M0009938,SRB_M0007960,SRC_M0004756
GM0012140,GT0002976,SRA_M0009939,SRB_M0007961,SRC_M0004757
GM0012141,GT0002977,,SRB_M0007962,
GM0012142,GT0002977,,SRB_M0007963,SRC_M0004758
GM0012143,GT0002978,SRA_M0009940,SRB_M0007964,
GM0012144,GT0002978,SRA_M0009941,,SRC_M0004759
GM0012145,GT0002978,SRA_M0009942,,SRC_M0004760
GM0012146,GT0002978,SRA_M0009943,SRB_M0007965,SRC_M0004761
GM0012147,GT0002978,SRA_M0009944,,SRC_M0004762
GM0012148,GT0002978,,SRB_M0007966,SRC_M0004763
GM0012149,GT0002979,SRA_M0009945,SRB_M0007967,SRC_M0004764
GM0012150,GT0002979,SRA_M0009946,SRB_M0007968,SRC_M0004765
GM0012151,GT0002979,SRA_M0009947,SRB_M0007969,
GM0012152,GT0002980,,SRB_M0007970,
GM0012153,GT0002980,SRA_M0009948,,
GM0012154,GT0002981,SRA_M0009949,,SRC_M0004766
GM0012155,GT0002981,SRA_M0009950,,
GM0012156,GT0002982,SRA_M0009951,SRB_M0007971,
GM0012157,GT0002982,,SRB_M0007972,
GM0012158,GT0002982,,SRB_M0007973,
GM0012159,GT0002982,SRA_M0009952,SRB_M0007974,
GM0012160,GT0002982,SRA_M0009953,SRB_M0007975,
GM0012161,GT0002983,,,SRC_M0004767
GM0012162,GT0002983,,,
GM0012163,GT0002983,,,SRC_M0004768
GM0012164,GT0002983,,,SRC_M0004769
GM0012165,GT0002984,,,
GM0012166,GT0002984,SRA_M0009954,,
GM0012167,GT0002984,SRA_M0009955,,
GM0012168,GT0002984,SRA_M0009956,,
GM0012169,GT0002984,SRA_M0009957,,
GM0012170,GT0002985,SRA_M0009958,SRB_M0007976,
GM0012171,GT0002985,SRA_M0009959,SRB_M0007977,SRC_M0004770
GM0012172,GT0002986,SRA_M0009960,SRB_M0007978,SRC_M0004771
GM0012173,GT0002986,,,SRC_M0004772
GM0012174,GT0002987,SRA_M0009961,SRB_M0007980,
GM0012175,GT0002987,SRA_M0009962,SRB_M0007981,
GM0012176,GT0002987,SRA_M0009963,SRB_M0007982,
GM0012177,GT0002987,SRA_M0009964,SRB_M0007983,
GM0012178,GT0002988,SRA_M0009965,SRB_M0007984,SRC_M0004773
GM0012179,GT0002988,SRA_M0009966,SRB_M0007985,
GM0012180,GT0002988,SRA_M0009967,SRB_M0007986,
GM0012181,GT0002988,SRA_M0009968,,SRC_M0004774
GM0012182,GT0002988,SRA_M0009969,SRB_M0007987,SRC_M0004775
GM0012183,GT0002989,SRA_M0009970,SRB_M0007988,
GM0012184,GT0002989,,SRB_M0007989,
GM0012185,GT0002990,SRA_M0009971,SRB_M0007990,
GM0012186,GT0002990,SRA_M0009972,SRB_M0007991,
GM0012187,GT0002991,SRA_M0009973,SRB_M0007992,
GM0012188,GT0002991,SRA_M0009974,SRB_M0007993,
GM0012189,GT0002992,SRA_M0009975,,
GM0012190,GT0002992,SRA_M0009976,,
GM0012191,GT0002993,SRA_M0009977,SRB_M0007994,
GM0012192,GT0002993,SRA_M0009978,,
GM0012193,GT0002994,SRA_M0009979,SRB_M0007995,
GM0012194,GT0002994,SRA_M0009980,SRB_M0007996,
GM0012195,GT0002994,SRA_M0009981,SRB_M0007997,
GM0012196,GT0002994,SRA_M0009982,SRB_M0007998,
GM0012197,GT0002994,SRA_M0009983,SRB_M0007999,
GM0012198,GT0002995,SRA_M0009984,,
GM0012199,GT0002995,SRA_M0009985,SRB_M0008000,
GM0012200,GT0002995,,SRB_M0008001,
GM0012201,GT0002995,SRA_M0009986,SRB_M0008002,
GM0012202,GT0002995,SRA_M0009987,,
GM0012203,GT0002995,SRA_M0009988,SRB_M0008003,
GM0012204,GT0002996,SRA_M0009989,SRB_M0008004,SRC_M0004776
GM0012205,GT0002996,SRA_M0009990,SRB_M0008005,
GM0012206,GT0002997,SRA_M0009991,SRB_M0008006,
GM0012207,GT0002997,SRA_M0009992,SRB_M0008007,
GM0012208,GT0002997,SRA_M0009993,SRB_M0008008,
GM0012209,GT0002997,SRA_M0009994,SRB_M0008009,
GM0012210,GT0002997,SRA_M0009995,SRB_M0008010,
GM0012211,GT0002998,SRA_M0009996,,SRC_M0004777
GM0012212,GT0002998,SRA_M0009997,,SRC_M0004778
GM0012213,GT0002998,,,SRC_M0004779
GM0012214,GT0002999,SRA_M0009998,SRB_M0008012,SRC_M0004780
GM0012215,GT0002999,SRA_M0009999,SRB_M0008013,SRC_M0004781
GM0012216,GT0003000,SRA_M0010000,SRB_M0008014,SRC_M0004782
GM0012217,GT0003000,SRA_M0010001,SRB_M0008015,SRC_M0004783
GM0012218,GT0003000,SRA_M0010002,SRB_M0008016,
GM0012219,GT0003000,,SRB_M0008017,
GM0012220,GT0003000,,,SRC_M0004784
GM0012221,GT0003001,SRA_M0010004,,SRC_M0004785
GM0012222,GT0003001,SRA_M0010005,,SRC_M0004786
GM0012223,GT0003001,SRA_M0010006,,SRC_M0004787
GM0012224,GT0003001,SRA_M0010007,,SRC_M0004788
GM0012225,GT0003001,SRA_M0010008,,SRC_M0004789
GM0012226,GT0003001,SRA_M0010009,,SRC_M0004790
GM0012227,GT0003002,SRA_M0010010,SRB_M0008018,
GM0012228,GT0003002,SRA_M0010011,SRB_M0008019,
GM0012229,GT0003002,SRA_M0010012,SRB_M0008020,
GM0012230,GT0003002,SRA_M0010013,SRB_M0008021,
GM0012231,GT0003002,SRA_M0010014,SRB_M0008022,
GM0012232,GT0003002,SRA_M0010015,SRB_M0008023,
GM0012233,GT0003003,SRA_M0010017,SRB_M0008024,
GM0012234,GT0003003,SRA_M0010018,SRB_M0008025,
GM0012235,GT0003004,SRA_M0010019,SRB_M0008026,
GM0012236,GT0003004,SRA_M0010020,SRB_M0008027,
GM0012237,GT0003004,SRA_M0010021,SRB_M0008028,
GM0012238,GT0003004,SRA_M0010022,SRB_M0008029,
GM0012239,GT0003004,SRA_M0010023,SRB_M0008030,
GM0012240,GT0003005,,,SRC_M0004791
GM0012241,GT0003005,,SRB_M0008031,
GM0012242,GT0003005,,SRB_M0008032,SRC_M0004792
GM0012243,GT0003006,,SRB_M0008033,
GM0012244,GT0003006,,SRB_M0008034,SRC_M0004793
GM0012245,GT0003006,,SRB_M0008035,SRC_M0004794
GM0012246,GT0003006,,SRB_M0008036,
GM0012247,GT0003007,SRA_M0010024,SRB_M0008037,SRC_M0004795
GM0012248,GT0003007,SRA_M0010025,SRB_M0008038,
GM0012249,GT0003007,,SRB_M0008039,
GM0012250,GT0003008,SRA_M0010026,,SRC_M0004796
GM0012251,GT0003008,SRA_M0010027,,SRC_M0004797
GM0012252,GT0003008,SRA_M0010028,,SRC_M0004798
GM0012253,GT0003008,SRA_M0010029,,SRC_M0004799
GM0012254,GT0003008,SRA_M0010030,,SRC_M0004800
GM0012255,GT0003008,SRA_M0010031,,SRC_M0004801
GM0012256,GT0003009,SRA_M0010032,SRB_M0008040,
GM0012257,GT0003009,SRA_M0010033,SRB_M0008041,
GM0012258,GT0003010,SRA_M0010034,SRB_M0008042,
GM0012259,GT0003010,SRA_M0010035,SRB_M0008043,SRC_M0004802
GM0012260,GT0003010,,SRB_M0008044,SRC_M0004803
GM0012261,GT0003010,SRA_M0010036,SRB_M0008045,SRC_M0004804
GM0012262,GT0003010,SRA_M0010037,SRB_M0008046,SRC_M0004805
GM0012263,GT0003011,SRA_M0010038,SRB_M0008047,
GM0012264,GT0003011,SRA_M0010039,SRB_M0008048,
GM0012265,GT0003011,SRA_M0010040,SRB_M0008049,
GM0012266,GT0003011,SRA_M0010041,SRB_M0008050,
GM0012267,GT0003011,SRA_M0010042,SRB_M0008051,
GM0012268,GT0003012,SRA_M0010043,SRB_M0008052,SRC_M0004806
GM0012269,GT0003012,SRA_M0010044,SRB_M0008053,SRC_M0004807
GM0012270,GT0003012,SRA_M0010045,SRB_M0008054,SRC_M0004808
GM0012271,GT0003012,,SRB_M0008055,SRC_M0004809
GM0012272,GT0003013,SRA_M0010046,SRB_M0008056,
GM0012273,GT0003013,SRA_M0010047,SRB_M0008057,
GM0012274,GT0003013,SRA_M0010048,,
GM0012275,GT0003013,SRA_M0010049,SRB_M0008058,
GM0012276,GT0003014,,SRB_M0008059,
GM0012277,GT0003014,,SRB_M0008060,
GM0012278,GT0003014,,SRB_M0008061,
GM0012279,GT0003014,,SRB_M0008062,
GM0012280,GT0003015,SRA_M0010050,,SRC_M0004811
GM0012281,GT0003015,SRA_M0010051,,SRC_M0004812
GM0012282,GT0003015,SRA_M0010052,,SRC_M0004813
GM0012283,GT0003016,,,SRC_M0004814
GM0012284,GT0003016,,,SRC_M0004815
GM0012285,GT0003016,,,
GM0012286,GT0003016,,,
GM0012287,GT0003017,SRA_M0010053,,SRC_M0004816
GM0012288,GT0003017,SRA_M0010054,SRB_M0008063,SRC_M0004817
GM0012289,GT0003017,SRA_M0010055,SRB_M0008064,SRC_M0004818
GM0012290,GT0003017,,SRB_M0008065,SRC_M0004819
GM0012291,GT0003017,SRA_M0010056,SRB_M0008066,
GM0012292,GT0003018,SRA_M0010057,,
GM0012293,GT0003018,SRA_M0010058,,
GM0012294,GT0003019,,,
GM0012295,GT0003019,,,
GM0012296,GT0003019,,,SRC_M0004820
GM0012297,GT0003019,,,SRC_M0004821
GM0012298,GT0003019,,,SRC_M0004822
GM0012299,GT0003019,,,SRC_M0004823
GM0012300,GT0003020,,,SRC_M0004824
GM0012301,GT0003020,SRA_M0010059,,
GM0012302,GT0003020,SRA_M0010060,,SRC_M0004825
GM0012303,GT0003020,SRA_M0010061,,SRC_M0004826
GM0012304,GT0003020,,,SRC_M0004827
GM0012305,GT0003021,SRA_M0010062,SRB_M0008067,
GM0012306,GT0003021,SRA_M0010063,SRB_M0008068,
GM0012307,GT0003021,,SRB_M0008069,
GM0012308,GT0003021,SRA_M0010064,SRB_M0008070,
GM0012309,GT0003021,SRA_M0010065,SRB_M0008071,
GM0012310,GT0003022,SRA_M0010066,,
GM0012311,GT0003022,SRA_M0010067,,
GM0012312,GT0003022,SRA_M0010068,,
GM0012313,GT0003022,SRA_M0010069,,
GM0012314,GT0003022,SRA_M0010070,,
GM0012315,GT0003023,,SRB_M0008072,
GM0012316,GT0003023,,SRB_M0008073,SRC_M0004828
GM0012317,GT0003023,,SRB_M0008074,SRC_M0004829
GM0012318,GT0003023,,SRB_M0008075,SRC_M0004830
GM0012319,GT0003023,,SRB_M0008076,SRC_M0004831
GM0012320,GT0003023,,SRB_M0008077,SRC_M0004832
GM0012321,GT0003024,SRA_M0010071,,
GM0012322,GT0003024,SRA_M0010072,,
GM0012323,GT0003024,SRA_M0010073,,
GM0012324,GT0003024,SRA_M0010074,,
GM0012325,GT0003025,SRA_M0010075,SRB_M0008078,SRC_M0004833
GM0012326,GT0003025,SRA_M0010076,SRB_M0008079,
GM0012327,GT0003025,SRA_M0010077,SRB_M0008080,SRC_M0004834
GM0012328,GT0003025,SRA_M0010078,SRB_M0008081,SRC_M0004835
GM0012329,GT0003025,SRA_M0010079,SRB_M0008082,SRC_M0004836
GM0012330,GT0003025,SRA_M0010080,SRB_M0008083,SRC_M0004837
GM0012331,GT0003026,,,SRC_M0004838
GM0012332,GT0003026,SRA_M0010081,SRB_M0008084,SRC_M0004839
GM0012333,GT0003026,SRA_M0010082,SRB_M0008085,
GM0012334,GT0003026,SRA_M0010083,SRB_M0008086,SRC_M0004840
GM0012335,GT0003026,SRA_M0010084,SRB_M0008087,SRC_M0004841
GM0012336,GT0003026,SRA_M0010085,,SRC_M0004842
GM0012337,GT0003027,SRA_M0010086,SRB_M0008088,
GM0012338,GT0003027,SRA_M0010087,SRB_M0008089,
GM0012339,GT0003028,SRA_M0010088,SRB_M0008090,
GM0012340,GT0003028,SRA_M0010089,SRB_M0008091,
GM0012341,GT0003028,SRA_M0010090,SRB_M0008092,
GM0012342,GT0003028,SRA_M0010091,SRB_M0008093,
GM0012343,GT0003029,SRA_M0010092,SRB_M0008095,
GM0012344,GT0003029,SRA_M0010093,SRB_M0008096,
GM0012345,GT0003029,SRA_M0010094,SRB_M0008097,
GM0012346,GT0003029,SRA_M0010095,SRB_M0008098,
GM0012347,GT0003029,SRA_M0010096,SRB_M0008099,
GM0012348,GT0003029,SRA_M0010097,,
GM0012349,GT0003030,SRA_M0010098,SRB_M0008100,SRC_M0004843
GM0012350,GT0003030,SRA_M0010099,SRB_M0008101,SRC_M0004844
GM0012351,GT0003031,SRA_M0010100,SRB_M0008102,
GM0012352,GT0003031,SRA_M0010101,SRB_M0008103,
GM0012353,GT0003031,SRA_M0010102,,
GM0012354,GT0003031,SRA_M0010103,,
GM0012355,GT0003032,SRA_M0010104,SRB_M0008104,SRC_M0004845
GM0012356,GT0003032,SRA_M0010105,SRB_M0008105,SRC_M0004846
GM0012357,GT0003032,SRA_M0010106,SRB_M0008106,SRC_M0004847
GM0012358,GT0003033,SRA_M0010107,,
GM0012359,GT0003033,SRA_M0010108,,
GM0012360,GT0003033,SRA_M0010109,,
GM0012361,GT0003034,SRA_M0010110,,SRC_M0004848
GM0012362,GT0003034,SRA_M0010111,SRB_M0008108,SRC_M0004849
GM0012363,GT0003034,SRA_M0010112,SRB_M0008109,SRC_M0004850
GM0012364,GT0003034,SRA_M0010113,SRB_M0008110,SRC_M0004851
GM0012365,GT0003035,SRA_M0010114,SRB_M0008111,
GM0012366,GT0003035,,SRB_M0008112,
GM0012367,GT0003036,SRA_M0010115,,
GM0012368,GT0003036,SRA_M0010116,SRB_M0008113,
GM0012369,GT0003037,SRA_M0010117,SRB_M0008114,
GM0012370,GT0003037,SRA_M0010118,SRB_M0008115,
GM0012371,GT0003038,SRA_M0010119,SRB_M0008116,SRC_M0004852
GM0012372,GT0003038,SRA_M0010120,SRB_M0008117,SRC_M0004853
GM0012373,GT0003038,SRA_M0010121,SRB_M0008118,SRC_M0004854
GM0012374,GT0003039,SRA_M0010122,SRB_M0008119,SRC_M0004855
GM0012375,GT0003039,SRA_M0010123,SRB_M0008120,SRC_M0004856
GM0012376,GT0003039,SRA_M0010124,SRB_M0008121,SRC_M0004857
GM0012377,GT0003040,SRA_M0010125,,
GM0012378,GT0003040,SRA_M0010126,,
GM0012379,GT0003040,,,
GM0012380,GT0003040,SRA_M0010127,,
GM0012381,GT0003041,SRA_M0010128,SRB_M0008122,
GM0012382,GT0003041,SRA_M0010129,,
GM0012383,GT0003041,SRA_M0010130,SRB_M0008123,
GM0012384,GT0003041,,,
GM0012385,GT0003042,SRA_M0010131,SRB_M0008124,
GM0012386,GT0003042,SRA_M0010132,SRB_M0008125,
GM0012387,GT0003042,SRA_M0010133,SRB_M0008126,
GM0012388,GT0003042,SRA_M0010134,SRB_M0008127,
GM0012389,GT0003042,SRA_M0010135,SRB_M0008128,SRC_M0004858
GM0012390,GT0003042,SRA_M0010136,,SRC_M0004859
GM0012391,GT0003043,,SRB_M0008129,SRC_M0004860
GM0012392,GT0003043,SRA_M0010137,SRB_M0008130,
GM0012393,GT0003044,SRA_M0010138,SRB_M0008131,
GM0012394,GT0003044,SRA_M0010139,SRB_M0008132,
GM0012395,GT0003045,SRA_M0010140,,
GM0012396,GT0003045,SRA_M0010141,,
GM0012397,GT0003045,SRA_M0010142,,
GM0012398,GT0003045,SRA_M0010143,,
GM0012399,GT0003045,SRA_M0010144,,
GM0012400,GT0003046,SRA_M0010145,SRB_M0008133,
GM0012401,GT0003046,SRA_M0010146,,
GM0012402,GT0003046,SRA_M0010147,SRB_M0008134,
GM0012403,GT0003046,SRA_M0010148,SRB_M0008135,
GM0012404,GT0003046,SRA_M0010149,SRB_M0008136,
GM0012405,GT0003047,SRA_M0010150,,SRC_M0004861
GM0012406,GT0003047,SRA_M0010151,SRB_M0008137,SRC_M0004862
GM0012407,GT0003047,,SRB_M0008138,SRC_M0004863
GM0012408,GT0003047,SRA_M0010152,SRB_M0008139,SRC_M0004864
GM0012409,GT0003047,SRA_M0010153,SRB_M0008140,
GM0012410,GT0003047,SRA_M0010154,SRB_M0008141,SRC_M0004865
GM0012411,GT0003048,SRA_M0010155,,SRC_M0004866
GM0012412,GT0003048,SRA_M0010156,,SRC_M0004867
GM0012413,GT0003048,SRA_M0010157,,SRC_M0004868
GM0012414,GT0003049,SRA_M0010158,SRB_M0008142,
GM0012415,GT0003049,SRA_M0010159,,
GM0012416,GT0003049,SRA_M0010160,SRB_M0008143,
GM0012417,GT0003049,SRA_M0010161,SRB_M0008144,
GM0012418,GT0003049,SRA_M0010162,SRB_M0008145,
GM0012419,GT0003050,SRA_M0010164,,SRC_M0004869
GM0012420,GT0003050,SRA_M0010165,SRB_M0008146,SRC_M0004870
GM0012421,GT0003050,SRA_M0010166,,SRC_M0004871
GM0012422,GT0003050,SRA_M0010167,SRB_M0008147,SRC_M0004872
GM0012423,GT0003050,SRA_M0010168,SRB_M0008148,SRC_M0004873
GM0012424,GT0003050,SRA_M0010169,SRB_M0008149,
GM0012425,GT0003051,SRA_M0010170,SRB_M0008150,
GM0012426,GT0003051,SRA_M0010171,SRB_M0008151,
GM0012427,GT0003051,SRA_M0010172,SRB_M0008152,
GM0012428,GT0003051,SRA_M0010173,SRB_M0008153,
GM0012429,GT0003051,SRA_M0010174,SRB_M0008154,
GM0012430,GT0003052,SRA_M0010175,,SRC_M0004874
GM0012431,GT0003052,SRA_M0010176,,SRC_M0004875
GM0012432,GT0003052,SRA_M0010177,,SRC_M0004876
GM0012433,GT0003052,SRA_M0010178,,SRC_M0004877
GM0012434,GT0003052,SRA_M0010179,,SRC_M0004878
GM0012435,GT0003053,SRA_M0010180,SRB_M0008156,
GM0012436,GT0003053,SRA_M0010181,SRB_M0008157,
GM0012437,GT0003053,SRA_M0010182,,
GM0012438,GT0003054,SRA_M0010183,SRB_M0008158,SRC_M0004879
GM0012439,GT0003054,SRA_M0010184,SRB_M0008159,SRC_M0004880
GM0012440,GT0003054,SRA_M0010185,SRB_M0008160,SRC_M0004881
GM0012441,GT0003054,SRA_M0010186,SRB_M0008161,
GM0012442,GT0003054,,SRB_M0008162,SRC_M0004882
GM0012443,GT0003055,SRA_M0010187,SRB_M0008163,SRC_M0004883
GM0012444,GT0003055,SRA_M0010188,SRB_M0008164,SRC_M0004884
GM0012445,GT0003055,,,SRC_M0004885
GM0012446,GT0003055,,SRB_M0008165,
GM0012447,GT0003056,SRA_M0010189,,SRC_M0004886
GM0012448,GT0003056,SRA_M0010190,,
GM0012449,GT0003057,SRA_M0010191,SRB_M0008166,SRC_M0004887
GM0012450,GT0003057,,SRB_M0008167,SRC_M0004888
GM0012451,GT0003057,SRA_M0010192,SRB_M0008168,
GM0012452,GT0003058,SRA_M0010193,SRB_M0008169,
GM0012453,GT0003058,SRA_M0010194,SRB_M0008170,
GM0012454,GT0003058,SRA_M0010195,SRB_M0008171,
GM0012455,GT0003058,SRA_M0010196,SRB_M0008172,
GM0012456,GT0003058,SRA_M0010197,SRB_M0008173,
GM0012457,GT0003058,SRA_M0010198,,
GM0012458,GT0003059,SRA_M0010199,SRB_M0008174,SRC_M0004889
GM0012459,GT0003059,SRA_M0010200,SRB_M0008175,SRC_M0004890
GM0012460,GT0003059,SRA_M0010201,SRB_M0008176,
GM0012461,GT0003059,SRA_M0010202,,SRC_M0004891
GM0012462,GT0003059,SRA_M0010203,SRB_M0008177,SRC_M0004892
GM0012463,GT0003059,SRA_M0010204,SRB_M0008178,SRC_M0004893
GM0012464,GT0003060,SRA_M0010205,SRB_M0008179,
GM0012465,GT0003060,SRA_M0010206,SRB_M0008180,
GM0012466,GT0003060,SRA_M0010207,SRB_M0008181,SRC_M0004894
GM0012467,GT0003061,SRA_M0010208,,SRC_M0004895
GM0012468,GT0003061,SRA_M0010209,SRB_M0008182,
GM0012469,GT0003062,SRA_M0010210,SRB_M0008183,SRC_M0004896
GM0012470,GT0003062,SRA_M0010211,SRB_M0008184,SRC_M0004897
GM0012471,GT0003062,SRA_M0010212,,SRC_M0004898
GM0012472,GT0003062,SRA_M0010213,SRB_M0008185,
GM0012473,GT0003063,SRA_M0010214,SRB_M0008186,
GM0012474,GT0003063,SRA_M0010215,,
GM0012475,GT0003063,SRA_M0010216,,
GM0012476,GT0003063,SRA_M0010217,,
GM0012477,GT0003063,SRA_M0010218,,
GM0012478,GT0003064,SRA_M0010219,SRB_M0008187,SRC_M0004899
GM0012479,GT0003064,SRA_M0010220,SRB_M0008188,SRC_M0004900
GM0012480,GT0003065,SRA_M0010221,SRB_M0008189,
GM0012481,GT0003065,SRA_M0010222,,
GM0012482,GT0003065,SRA_M0010223,SRB_M0008190,
GM0012483,GT0003065,SRA_M0010224,SRB_M0008191,
GM0012484,GT0003066,SRA_M0010226,SRB_M0008192,
GM0012485,GT0003066,SRA_M0010227,SRB_M0008193,SRC_M0004901
GM0012486,GT0003066,SRA_M0010228,SRB_M0008194,SRC_M0004902
GM0012487,GT0003067,,SRB_M0008195,SRC_M0004903
GM0012488,GT0003067,,SRB_M0008196,SRC_M0004904
GM0012489,GT0003068,SRA_M0010229,SRB_M0008197,
GM0012490,GT0003068,SRA_M0010230,SRB_M0008198,
GM0012491,GT0003069,SRA_M0010231,SRB_M0008199,SRC_M0004905
GM0012492,GT0003069,SRA_M0010232,SRB_M0008200,
GM0012493,GT0003070,SRA_M0010233,SRB_M0008201,SRC_M0004906
GM0012494,GT0003070,SRA_M0010234,SRB_M0008202,
GM0012495,GT0003070,SRA_M0010235,SRB_M0008203,
GM0012496,GT0003070,SRA_M0010236,,SRC_M0004907
GM0012497,GT0003071,SRA_M0010237,SRB_M0008204,SRC_M0004908
GM0012498,GT0003071,,SRB_M0008205,SRC_M0004909
GM0012499,GT0003072,,,
GM0012500,GT0003072,SRA_M0010238,,
GM0012501,GT0003072,SRA_M0010239,,
GM0012502,GT0003072,SRA_M0010240,,
GM0012503,GT0003073,,,SRC_M0004910
GM0012504,GT0003073,SRA_M0010241,,SRC_M0004911
GM0012505,GT0003073,SRA_M0010242,,SRC_M0004912
GM0012506,GT0003073,SRA_M0010243,,SRC_M0004913
GM0012507,GT0003074,SRA_M0010244,SRB_M0008206,SRC_M0004914
GM0012508,GT0003074,SRA_M0010245,,SRC_M0004915
GM0012509,GT0003074,SRA_M0010246,SRB_M0008207,SRC_M0004916
GM0012510,GT0003074,SRA_M0010247,SRB_M0008208,SRC_M0004917
GM0012511,GT0003074,SRA_M0010248,SRB_M0008209,SRC_M0004918
GM0012512,GT0003075,SRA_M0010249,SRB_M0008210,
GM0012513,GT0003075,SRA_M0010250,SRB_M0008211,
GM0012514,GT0003075,SRA_M0010251,SRB_M0008212,
GM0012515,GT0003075,SRA_M0010252,SRB_M0008213,
GM0012516,GT0003075,SRA_M0010253,SRB_M0008214,
GM0012517,GT0003076,SRA_M0010254,,SRC_M0004919
GM0012518,GT0003076,SRA_M0010255,,SRC_M0004920
GM0012519,GT0003076,SRA_M0010256,,
GM0012520,GT0003076,SRA_M0010257,,SRC_M0004921
GM0012521,GT0003076,SRA_M0010258,,SRC_M0004922
GM0012522,GT0003077,SRA_M0010259,,
GM0012523,GT0003077,SRA_M0010260,SRB_M0008215,
GM0012524,GT0003077,SRA_M0010261,SRB_M0008216,
GM0012525,GT0003077,SRA_M0010262,SRB_M0008217,
GM0012526,GT0003077,SRA_M0010263,SRB_M0008218,
GM0012527,GT0003078,SRA_M0010264,,
GM0012528,GT0003078,SRA_M0010265,,
GM0012529,GT0003078,SRA_M0010266,,
GM0012530,GT0003078,SRA_M0010267,,
GM0012531,GT0003078,SRA_M0010268,,
GM0012532,GT0003078,SRA_M0010269,,
GM0012533,GT0003079,,,
GM0012534,GT0003079,,SRB_M0008219,
GM0012535,GT0003079,,SRB_M0008220,
GM0012536,GT0003079,,SRB_M0008221,
GM0012537,GT0003080,SRA_M0010270,SRB_M0008222,
GM0012538,GT0003080,SRA_M0010271,SRB_M0008223,
GM0012539,GT0003080,SRA_M0010272,SRB_M0008224,
GM0012540,GT0003080,SRA_M0010273,SRB_M0008225,
GM0012541,GT0003080,SRA_M0010274,SRB_M0008226,
GM0012542,GT0003081,SRA_M0010275,SRB_M0008227,SRC_M0004923
GM0012543,GT0003081,SRA_M0010276,SRB_M0008228,SRC_M0004924
GM0012544,GT0003081,SRA_M0010277,SRB_M0008229,SRC_M0004925
GM0012545,GT0003081,SRA_M0010278,,SRC_M0004926
GM0012546,GT0003081,SRA_M0010279,SRB_M0008230,SRC_M0004927
GM0012547,GT0003082,SRA_M0010280,SRB_M0008231,
GM0012548,GT0003082,SRA_M0010281,SRB_M0008232,
GM0012549,GT0003082,SRA_M0010282,SRB_M0008233,
GM0012550,GT0003082,SRA_M0010283,SRB_M0008234,
GM0012551,GT0003082,SRA_M0010284,SRB_M0008235,
GM0012552,GT0003083,SRA_M0010285,SRB_M0008236,SRC_M0004928
GM0012553,GT0003083,SRA_M0010286,SRB_M0008237,SRC_M0004929
GM0012554,GT0003083,,SRB_M0008238,SRC_M0004930
GM0012555,GT0003083,SRA_M0010287,SRB_M0008239,SRC_M0004931
GM0012556,GT0003083,SRA_M0010288,SRB_M0008240,SRC_M0004932
GM0012557,GT0003084,SRA_M0010289,SRB_M0008241,
GM0012558,GT0003084,,SRB_M0008242,
GM0012559,GT0003084,SRA_M0010290,SRB_M0008243,
GM0012560,GT0003085,SRA_M0010291,,
GM0012561,GT0003085,,,SRC_M0004933
GM0012562,GT0003085,,,SRC_M0004934
GM0012563,GT0003085,SRA_M0010292,,SRC_M0004935
GM0012564,GT0003085,SRA_M0010293,,SRC_M0004936
GM0012565,GT0003085,SRA_M0010294,,
GM0012566,GT0003086,SRA_M0010295,SRB_M0008244,SRC_M0004937
GM0012567,GT0003086,SRA_M0010296,SRB_M0008245,SRC_M0004938
GM0012568,GT0003086,SRA_M0010297,SRB_M0008246,SRC_M0004939
GM0012569,GT0003086,SRA_M0010298,SRB_M0008247,SRC_M0004940
GM0012570,GT0003086,SRA_M0010299,SRB_M0008248,SRC_M0004941
GM0012571,GT0003086,SRA_M0010300,SRB_M0008249,
GM0012572,GT0003087,SRA_M0010301,SRB_M0008250,SRC_M0004942
GM0012573,GT0003087,SRA_M0010302,SRB_M0008251,
GM0012574,GT0003087,SRA_M0010303,,
GM0012575,GT0003087,SRA_M0010304,SRB_M0008252,SRC_M0004943
GM0012576,GT0003087,SRA_M0010305,SRB_M0008253,SRC_M0004944
GM0012577,GT0003088,SRA_M0010306,SRB_M0008254,
GM0012578,GT0003088,SRA_M0010307,SRB_M0008255,
GM0012579,GT0003088,,SRB_M0008256,
GM0012580,GT0003088,SRA_M0010308,SRB_M0008257,
GM0012581,GT0003088,SRA_M0010309,SRB_M0008258,
GM0012582,GT0003088,SRA_M0010310,SRB_M0008259,
GM0012583,GT0003089,SRA_M0010311,SRB_M0008260,
GM0012584,GT0003089,SRA_M0010312,SRB_M0008261,
GM0012585,GT0003090,SRA_M0010313,,
GM0012586,GT0003090,SRA_M0010314,,
GM0012587,GT0003090,SRA_M0010315,,
GM0012588,GT0003090,SRA_M0010316,,
GM0012589,GT0003090,SRA_M0010317,,
GM0012590,GT0003091,SRA_M0010318,SRB_M0008262,
GM0012591,GT0003091,SRA_M0010319,,
GM0012592,GT0003091,,SRB_M0008263,
GM0012593,GT0003092,SRA_M0010320,SRB_M0008264,SRC_M0004945
GM0012594,GT0003092,SRA_M0010321,SRB_M0008265,SRC_M0004946
GM0012595,GT0003093,SRA_M0010322,SRB_M0008266,
GM0012596,GT0003093,SRA_M0010323,SRB_M0008267,
GM0012597,GT0003093,SRA_M0010324,SRB_M0008268,
GM0012598,GT0003093,SRA_M0010325,,
GM0012599,GT0003094,SRA_M0010326,,
GM0012600,GT0003094,SRA_M0010327,SRB_M0008269,
GM0012601,GT0003094,SRA_M0010328,SRB_M0008270,
GM0012602,GT0003095,SRA_M0010329,SRB_M0008271,
GM0012603,GT0003095,SRA_M0010330,SRB_M0008272,SRC_M0004947
GM0012604,GT0003095,SRA_M0010331,,
GM0012605,GT0003095,SRA_M0010332,SRB_M0008273,
GM0012606,GT0003095,SRA_M0010333,SRB_M0008274,SRC_M0004948
GM0012607,GT0003096,,,
GM0012608,GT0003096,SRA_M0010334,,SRC_M0004949
GM0012609,GT0003096,SRA_M0010335,,
GM0012610,GT0003096,SRA_M0010336,,SRC_M0004950
GM0012611,GT0003097,SRA_M0010337,,SRC_M0004951
GM0012612,GT0003097,SRA_M0010338,,
GM0012613,GT0003097,,,SRC_M0004952
GM0012614,GT0003097,SRA_M0010339,,
GM0012615,GT0003098,SRA_M0010340,SRB_M0008275,
GM0012616,GT0003098,SRA_M0010341,SRB_M0008276,SRC_M0004953
GM0012617,GT0003098,SRA_M0010342,SRB_M0008277,SRC_M0004954
GM0012618,GT0003098,SRA_M0010343,SRB_M0008278,
GM0012619,GT0003098,SRA_M0010344,SRB_M0008279,SRC_M0004955
GM0012620,GT0003099,SRA_M0010346,,SRC_M0004956
GM0012621,GT0003099,SRA_M0010347,,SRC_M0004957
GM0012622,GT0003100,SRA_M0010348,SRB_M0008280,
GM0012623,GT0003100,SRA_M0010349,SRB_M0008281,
GM0012624,GT0003100,SRA_M0010350,SRB_M0008282,
GM0012625,GT0003100,,SRB_M0008283,
GM0012626,GT0003100,SRA_M0010351,,
GM0012627,GT0003101,,,
GM0012628,GT0003101,,,
GM0012629,GT0003101,,,
GM0012630,GT0003101,,,
GM0012631,GT0003102,SRA_M0010352,,SRC_M0004958
GM0012632,GT0003102,SRA_M0010353,,SRC_M0004959
GM0012633,GT0003102,SRA_M0010354,,SRC_M0004960
GM0012634,GT0003102,SRA_M0010355,SRB_M0008284,SRC_M0004961
GM0012635,GT0003103,SRA_M0010356,SRB_M0008285,
GM0012636,GT0003103,SRA_M0010357,SRB_M0008286,
GM0012637,GT0003103,SRA_M0010358,,
GM0012638,GT0003104,SRA_M0010359,SRB_M0008287,
GM0012639,GT0003104,SRA_M0010360,SRB_M0008288,
GM0012640,GT0003104,SRA_M0010361,SRB_M0008289,
GM0012641,GT0003104,,SRB_M0008290,
GM0012642,GT0003104,SRA_M0010362,SRB_M0008291,
GM0012643,GT0003104,SRA_M0010363,SRB_M0008292,
GM0012644,GT0003105,SRA_M0010364,SRB_M0008293,
GM0012645,GT0003105,SRA_M0010365,,
GM0012646,GT0003105,SRA_M0010366,,
GM0012647,GT0003105,SRA_M0010367,SRB_M0008294,
GM0012648,GT0003105,SRA_M0010368,SRB_M0008295,
GM0012649,GT0003105,SRA_M0010369,SRB_M0008296,
GM0012650,GT0003106,SRA_M0010370,SRB_M0008298,
GM0012651,GT0003106,SRA_M0010371,SRB_M0008299,
GM0012652,GT0003107,SRA_M0010372,SRB_M0008300,
GM0012653,GT0003107,SRA_M0010373,SRB_M0008301,
GM0012654,GT0003107,SRA_M0010374,SRB_M0008302,
GM0012655,GT0003107,SRA_M0010375,SRB_M0008303,
GM0012656,GT0003107,SRA_M0010376,SRB_M0008304,
GM0012657,GT0003108,,SRB_M0008305,
GM0012658,GT0003108,,SRB_M0008306,
GM0012659,GT0003108,,SRB_M0008307,
GM0012660,GT0003108,,SRB_M0008308,
GM0012661,GT0003108,,SRB_M0008309,
GM0012662,GT0003108,,SRB_M0008310,
GM0012663,GT0003109,SRA_M0010377,SRB_M0008311,SRC_M0004962
GM0012664,GT0003109,SRA_M0010378,SRB_M0008312,SRC_M0004963
GM0012665,GT0003109,SRA_M0010379,SRB_M0008313,SRC_M0004964
GM0012666,GT0003109,SRA_M0010380,,
GM0012667,GT0003109,SRA_M0010381,SRB_M0008314,SRC_M0004965
GM0012668,GT0003109,SRA_M0010382,SRB_M0008315,
GM0012669,GT0003110,,,SRC_M0004966
GM0012670,GT0003110,,SRB_M0008316,
GM0012671,GT0003110,SRA_M0010383,SRB_M0008317,
GM0012672,GT0003110,,SRB_M0008318,SRC_M0004967
GM0012673,GT0003110,,SRB_M0008319,
GM0012674,GT0003111,SRA_M0010384,SRB_M0008320,
GM0012675,GT0003111,SRA_M0010385,SRB_M0008321,SRC_M0004968
GM0012676,GT0003111,SRA_M0010386,SRB_M0008322,
GM0012677,GT0003111,SRA_M0010387,SRB_M0008323,SRC_M0004969
GM0012678,GT0003111,SRA_M0010388,SRB_M0008324,SRC_M0004970
GM0012679,GT0003112,SRA_M0010389,,
GM0012680,GT0003112,SRA_M0010390,SRB_M0008326,
GM0012681,GT0003112,SRA_M0010391,,
GM0012682,GT0003112,SRA_M0010392,SRB_M0008327,
GM0012683,GT0003112,SRA_M0010393,SRB_M0008328,
GM0012684,GT0003113,SRA_M0010394,SRB_M0008329,
GM0012685,GT0003113,SRA_M0010395,SRB_M0008330,
GM0012686,GT0003113,SRA_M0010396,,
GM0012687,GT0003114,SRA_M0010397,,
GM0012688,GT0003114,SRA_M0010398,,
GM0012689,GT0003115,SRA_M0010399,SRB_M0008331,
GM0012690,GT0003115,SRA_M0010400,SRB_M0008332,
GM0012691,GT0003116,SRA_M0010401,SRB_M0008333,
GM0012692,GT0003116,SRA_M0010402,SRB_M0008334,
GM0012693,GT0003117,SRA_M0010403,,
GM0012694,GT0003117,SRA_M0010404,,
GM0012695,GT0003118,,SRB_M0008335,SRC_M0004971
GM0012696,GT0003118,,,SRC_M0004972
GM0012697,GT0003118,,SRB_M0008336,SRC_M0004973
GM0012698,GT0003118,,SRB_M0008337,SRC_M0004974
GM0012699,GT0003118,,SRB_M0008338,
GM0012700,GT0003119,SRA_M0010405,SRB_M0008339,
GM0012701,GT0003119,SRA_M0010406,SRB_M0008340,
GM0012702,GT0003119,SRA_M0010407,SRB_M0008341,
GM0012703,GT0003119,,SRB_M0008342,
GM0012704,GT0003120,SRA_M0010408,SRB_M0008343,SRC_M0004975
GM0012705,GT0003120,SRA_M0010409,SRB_M0008344,SRC_M0004976
GM0012706,GT0003120,SRA_M0010410,SRB_M0008345,SRC_M0004977
GM0012707,GT0003120,SRA_M0010411,SRB_M0008346,SRC_M0004978
GM0012708,GT0003120,SRA_M0010412,SRB_M0008347,SRC_M0004979
GM0012709,GT0003121,,,
GM0012710,GT0003121,,,SRC_M0004980
GM0012711,GT0003121,,,
GM0012712,GT0003121,,,
GM0012713,GT0003121,,,SRC_M0004981
GM0012714,GT0003121,,,SRC_M0004982
GM0012715,GT0003122,SRA_M0010413,,SRC_M0004983
GM0012716,GT0003122,SRA_M0010414,,SRC_M0004984
GM0012717,GT0003122,SRA_M0010415,,
GM0012718,GT0003123,SRA_M0010416,SRB_M0008348,
GM0012719,GT0003123,SRA_M0010417,SRB_M0008349,
GM0012720,GT0003123,SRA_M0010418,SRB_M0008350,
GM0012721,GT0003123,,,
GM0012722,GT0003123,SRA_M0010419,SRB_M0008351,
GM0012723,GT0003123,,SRB_M0008352,
GM0012724,GT0003124,,,
GM0012725,GT0003124,,,SRC_M0004985
GM0012726,GT0003124,,,SRC_M0004986
GM0012727,GT0003124,,,SRC_M0004987
GM0012728,GT0003124,,,SRC_M0004988
GM0012729,GT0003125,SRA_M0010420,SRB_M0008353,SRC_M0004989
GM0012730,GT0003125,SRA_M0010421,SRB_M0008354,SRC_M0004990
GM0012731,GT0003125,SRA_M0010422,SRB_M0008355,SRC_M0004991
GM0012732,GT0003125,,SRB_M0008356,
GM0012733,GT0003126,SRA_M0010423,SRB_M0008357,SRC_M0004992
GM0012734,GT0003126,SRA_M0010424,SRB_M0008358,SRC_M0004993
GM0012735,GT0003126,SRA_M0010425,SRB_M0008359,SRC_M0004994
GM0012736,GT0003126,SRA_M0010426,SRB_M0008360,
GM0012737,GT0003127,,SRB_M0008361,
GM0012738,GT0003127,,,
GM0012739,GT0003127,,SRB_M0008362,
GM0012740,GT0003127,,SRB_M0008363,
GM0012741,GT0003127,,SRB_M0008364,
GM0012742,GT0003127,,SRB_M0008365,
GM0012743,GT0003128,SRA_M0010427,SRB_M0008366,SRC_M0004995
GM0012744,GT0003128,,,SRC_M0004996
GM0012745,GT0003128,SRA_M0010428,,SRC_M0004997
GM0012746,GT0003128,SRA_M0010429,SRB_M0008367,SRC_M0004998
GM0012747,GT0003128,SRA_M0010430,SRB_M0008368,SRC_M0004999
GM0012748,GT0003128,SRA_M0010431,SRB_M0008369,SRC_M0005000
GM0012749,GT0003129,SRA_M0010432,SRB_M0008370,
GM0012750,GT0003129,SRA_M0010433,,
GM0012751,GT0003130,SRA_M0010434,,SRC_M0005001
GM0012752,GT0003130,SRA_M0010435,,SRC_M0005002
GM0012753,GT0003130,SRA_M0010436,,
GM0012754,GT0003130,SRA_M0010437,,SRC_M0005003
GM0012755,GT0003130,SRA_M0010438,,SRC_M0005004
GM0012756,GT0003131,SRA_M0010439,SRB_M0008371,
GM0012757,GT0003131,SRA_M0010440,SRB_M0008372,
GM0012758,GT0003131,SRA_M0010441,SRB_M0008373,
GM0012759,GT0003131,SRA_M0010442,SRB_M0008374,
GM0012760,GT0003131,SRA_M0010443,SRB_M0008375,
GM0012761,GT0003131,SRA_M0010444,SRB_M0008376,
GM0012762,GT0003132,SRA_M0010445,SRB_M0008377,SRC_M0005005
GM0012763,GT0003132,SRA_M0010446,SRB_M0008378,
GM0012764,GT0003132,SRA_M0010447,,
GM0012765,GT0003132,SRA_M0010448,SRB_M0008379,SRC_M0005006
GM0012766,GT0003132,SRA_M0010449,SRB_M0008380,SRC_M0005007
GM0012767,GT0003132,SRA_M0010450,SRB_M0008381,SRC_M0005008
GM0012768,GT0003133,SRA_M0010451,SRB_M0008382,
GM0012769,GT0003133,SRA_M0010452,SRB_M0008383,
GM0012770,GT0003133,SRA_M0010453,,
GM0012771,GT0003133,SRA_M0010454,SRB_M0008384,
GM0012772,GT0003133,SRA_M0010455,,
GM0012773,GT0003134,SRA_M0010456,SRB_M0008385,
GM0012774,GT0003134,,SRB_M0008386,
GM0012775,GT0003135,SRA_M0010457,,SRC_M0005009
GM0012776,GT0003135,SRA_M0010458,,SRC_M0005010
GM0012777,GT0003135,SRA_M0010459,,SRC_M0005011
GM0012778,GT0003135,SRA_M0010460,,
GM0012779,GT0003135,SRA_M0010461,,SRC_M0005012
GM0012780,GT0003135,SRA_M0010462,,
GM0012781,GT0003136,SRA_M0010463,,
GM0012782,GT0003136,SRA_M0010464,SRB_M0008387,
GM0012783,GT0003136,SRA_M0010465,SRB_M0008388,
GM0012784,GT0003136,,SRB_M0008389,
GM0012785,GT0003136,SRA_M0010466,SRB_M0008390,
GM0012786,GT0003137,SRA_M0010467,SRB_M0008391,
GM0012787,GT0003137,SRA_M0010468,SRB_M0008392,
GM0012788,GT0003137,SRA_M0010469,SRB_M0008393,
GM0012789,GT0003137,SRA_M0010470,SRB_M0008394,
GM0012790,GT0003137,,SRB_M0008395,
GM0012791,GT0003137,SRA_M0010471,SRB_M0008396,
GM0012792,GT0003138,SRA_M0010472,,
GM0012793,GT0003138,SRA_M0010473,,
GM0012794,GT0003138,SRA_M0010474,,
GM0012795,GT0003138,SRA_M0010475,SRB_M0008397,
GM0012796,GT0003138,SRA_M0010476,SRB_M0008398,
GM0012797,GT0003139,SRA_M0010477,,SRC_M0005013
GM0012798,GT0003139,SRA_M0010478,,
GM0012799,GT0003140,,,SRC_M0005014
GM0012800,GT0003140,,,SRC_M0005015
GM0012801,GT0003140,,,SRC_M0005016
GM0012802,GT0003141,,SRB_M0008399,SRC_M0005017
GM0012803,GT0003141,,,
GM0012804,GT0003141,,SRB_M0008400,SRC_M0005018
GM0012805,GT0003142,,SRB_M0008401,SRC_M0005019
GM0012806,GT0003142,,SRB_M0008402,SRC_M0005020
GM0012807,GT0003142,,SRB_M0008403,SRC_M0005021
GM0012808,GT0003143,SRA_M0010479,SRB_M0008404,SRC_M0005022
GM0012809,GT0003143,SRA_M0010480,SRB_M0008405,SRC_M0005023
GM0012810,GT0003143,SRA_M0010481,SRB_M0008406,SRC_M0005024
GM0012811,GT0003143,SRA_M0010482,,
GM0012812,GT0003144,SRA_M0010483,,
GM0012813,GT0003144,SRA_M0010484,,
GM0012814,GT0003144,SRA_M0010485,,
GM0012815,GT0003144,SRA_M0010486,SRB_M0008407,
GM0012816,GT0003144,SRA_M0010487,,
GM0012817,GT0003144,SRA_M0010488,SRB_M0008408,
GM0012818,GT0003145,,SRB_M0008409,
GM0012819,GT0003145,SRA_M0010489,SRB_M0008410,
GM0012820,GT0003145,SRA_M0010490,SRB_M0008411,
GM0012821,GT0003145,,SRB_M0008412,
GM0012822,GT0003145,SRA_M0010491,SRB_M0008413,
GM0012823,GT0003145,SRA_M0010492,SRB_M0008414,
GM0012824,GT0003146,SRA_M0010494,,
GM0012825,GT0003146,SRA_M0010495,,
GM0012826,GT0003146,SRA_M0010496,,
GM0012827,GT0003146,SRA_M0010497,,
GM0012828,GT0003146,SRA_M0010498,,
GM0012829,GT0003147,SRA_M0010499,SRB_M0008415,
GM0012830,GT0003147,SRA_M0010500,SRB_M0008416,SRC_M0005025
GM0012831,GT0003147,SRA_M0010501,SRB_M0008417,
GM0012832,GT0003147,SRA_M0010502,SRB_M0008418,SRC_M0005026
GM0012833,GT0003148,SRA_M0010503,SRB_M0008419,SRC_M0005027
GM0012834,GT0003148,SRA_M0010504,SRB_M0008420,
GM0012835,GT0003149,,SRB_M0008421,
GM0012836,GT0003149,SRA_M0010505,SRB_M0008422,
GM0012837,GT0003150,SRA_M0010506,,SRC_M0005028
GM0012838,GT0003150,SRA_M0010507,,SRC_M0005029
GM0012839,GT0003150,SRA_M0010508,,
GM0012840,GT0003151,SRA_M0010509,SRB_M0008423,
GM0012841,GT0003151,SRA_M0010510,SRB_M0008424,
GM0012842,GT0003151,SRA_M0010511,SRB_M0008425,
GM0012843,GT0003152,SRA_M0010512,SRB_M0008426,SRC_M0005030
GM0012844,GT0003152,SRA_M0010513,SRB_M0008427,SRC_M0005031
GM0012845,GT0003152,SRA_M0010514,SRB_M0008428,SRC_M0005032
GM0012846,GT0003152,SRA_M0010515,SRB_M0008429,SRC_M0005033
GM0012847,GT0003152,SRA_M0010516,SRB_M0008430,SRC_M0005034
GM0012848,GT0003152,SRA_M0010517,SRB_M0008431,
GM0012849,GT0003153,SRA_M0010518,SRB_M0008432,
GM0012850,GT0003153,SRA_M0010519,SRB_M0008433,
GM0012851,GT0003154,SRA_M0010520,SRB_M0008434,
GM0012852,GT0003154,SRA_M0010521,,
GM0012853,GT0003154,,SRB_M0008435,
GM0012854,GT0003154,SRA_M0010522,SRB_M0008436,
GM0012855,GT0003154,,SRB_M0008437,
GM0012856,GT0003154,,,
GM0012857,GT0003155,SRA_M0010523,SRB_M0008438,
GM0012858,GT0003155,SRA_M0010524,SRB_M0008439,
GM0012859,GT0003155,SRA_M0010525,SRB_M0008440,
GM0012860,GT0003155,SRA_M0010526,,
GM0012861,GT0003155,SRA_M0010527,SRB_M0008441,
GM0012862,GT0003156,,,
GM0012863,GT0003156,SRA_M0010528,,SRC_M0005035
GM0012864,GT0003156,SRA_M0010529,,SRC_M0005036
GM0012865,GT0003157,SRA_M0010530,,SRC_M0005037
GM0012866,GT0003157,SRA_M0010531,,SRC_M0005038
GM0012867,GT0003157,,,SRC_M0005039
GM0012868,GT0003158,SRA_M0010532,SRB_M0008442,
GM0012869,GT0003158,,SRB_M0008443,
GM0012870,GT0003158,SRA_M0010533,SRB_M0008444,
GM0012871,GT0003158,SRA_M0010534,SRB_M0008445,
GM0012872,GT0003158,SRA_M0010535,SRB_M0008446,
GM0012873,GT0003159,SRA_M0010536,SRB_M0008447,SRC_M0005040
GM0012874,GT0003159,SRA_M0010537,SRB_M0008448,SRC_M0005041
GM0012875,GT0003159,SRA_M0010538,SRB_M0008449,SRC_M0005042
GM0012876,GT0003159,SRA_M0010539,SRB_M0008450,SRC_M0005043
GM0012877,GT0003159,SRA_M0010540,,SRC_M0005044
GM0012878,GT0003159,SRA_M0010541,SRB_M0008451,SRC_M0005045
GM0012879,GT0003160,SRA_M0010542,SRB_M0008452,
GM0012880,GT0003160,SRA_M0010543,,
GM0012881,GT0003160,SRA_M0010544,,
GM0012882,GT0003161,,SRB_M0008453,
GM0012883,GT0003161,SRA_M0010545,SRB_M0008454,
GM0012884,GT0003161,SRA_M0010546,,
GM0012885,GT0003161,SRA_M0010547,SRB_M0008455,
GM0012886,GT0003162,SRA_M0010548,SRB_M0008456,
GM0012887,GT0003162,SRA_M0010549,SRB_M0008457,
GM0012888,GT0003162,SRA_M0010550,,
GM0012889,GT0003163,SRA_M0010551,,
GM0012890,GT0003163,SRA_M0010552,,
GM0012891,GT0003163,SRA_M0010553,SRB_M0008458,
GM0012892,GT0003163,SRA_M0010554,SRB_M0008459,
GM0012893,GT0003163,SRA_M0010555,,
GM0012894,GT0003163,SRA_M0010556,SRB_M0008460,
GM0012895,GT0003164,SRA_M0010557,,
GM0012896,GT0003164,SRA_M0010558,,
GM0012897,GT0003164,SRA_M0010559,,
GM0012898,GT0003164,SRA_M0010560,,
GM0012899,GT0003164,SRA_M0010561,,
GM0012900,GT0003164,SRA_M0010562,,
GM0012901,GT0003165,SRA_M0010563,SRB_M0008461,SRC_M0005046
GM0012902,GT0003165,SRA_M0010564,SRB_M0008462,SRC_M0005047
GM0012903,GT0003166,,SRB_M0008463,SRC_M0005048
GM0012904,GT0003166,,SRB_M0008464,SRC_M0005049
GM0012905,GT0003166,,SRB_M0008465,SRC_M0005050
GM0012906,GT0003167,SRA_M0010565,,SRC_M0005051
GM0012907,GT0003167,SRA_M0010566,SRB_M0008466,
GM0012908,GT0003167,SRA_M0010567,SRB_M0008467,SRC_M0005052
GM0012909,GT0003168,,SRB_M0008468,
GM0012910,GT0003168,,,
GM0012911,GT0003168,SRA_M0010568,SRB_M0008469,
GM0012912,GT0003168,,SRB_M0008470,
GM0012913,GT0003168,SRA_M0010569,SRB_M0008471,
GM0012914,GT0003168,SRA_M0010570,SRB_M0008472,
GM0012915,GT0003169,SRA_M0010571,,SRC_M0005053
GM0012916,GT0003169,SRA_M0010572,,SRC_M0005054
GM0012917,GT0003169,SRA_M0010573,,SRC_M0005055
GM0012918,GT0003169,SRA_M0010574,,SRC_M0005056
GM0012919,GT0003170,SRA_M0010576,,SRC_M0005057
GM0012920,GT0003170,SRA_M0010577,SRB_M0008473,SRC_M0005058
GM0012921,GT0003170,SRA_M0010578,SRB_M0008474,
GM0012922,GT0003170,,SRB_M0008475,
GM0012923,GT0003170,SRA_M0010579,,
GM0012924,GT0003170,,SRB_M0008476,SRC_M0005059
GM0012925,GT0003171,SRA_M0010580,,SRC_M0005060
GM0012926,GT0003171,SRA_M0010581,SRB_M0008477,SRC_M0005061
GM0012927,GT0003171,SRA_M0010582,SRB_M0008478,SRC_M0005062
GM0012928,GT0003172,,SRB_M0008479,
GM0012929,GT0003172,,,
GM0012930,GT0003172,,SRB_M0008480,
GM0012931,GT0003173,SRA_M0010583,SRB_M0008481,
GM0012932,GT0003173,SRA_M0010584,SRB_M0008482,
GM0012933,GT0003173,SRA_M0010585,SRB_M0008483,
GM0012934,GT0003173,SRA_M0010586,SRB_M0008484,
GM0012935,GT0003173,SRA_M0010587,,
GM0012936,GT0003173,SRA_M0010588,SRB_M0008485,
GM0012937,GT0003174,SRA_M0010589,SRB_M0008486,
GM0012938,GT0003174,SRA_M0010590,SRB_M0008487,
GM0012939,GT0003174,SRA_M0010591,SRB_M0008488,
GM0012940,GT0003174,SRA_M0010592,SRB_M0008489,
GM0012941,GT0003174,,SRB_M0008490,
GM0012942,GT0003174,,SRB_M0008491,
GM0012943,GT0003175,SRA_M0010593,,SRC_M0005063
GM0012944,GT0003175,SRA_M0010594,,SRC_M0005064
GM0012945,GT0003175,SRA_M0010595,,SRC_M0005065
GM0012946,GT0003176,SRA_M0010596,SRB_M0008492,
GM0012947,GT0003176,SRA_M0010597,SRB_M0008493,
GM0012948,GT0003177,SRA_M0010598,,
GM0012949,GT0003177,SRA_M0010599,,
GM0012950,GT0003177,SRA_M0010600,,
GM0012951,GT0003177,SRA_M0010601,,
GM0012952,GT0003177,SRA_M0010602,,
GM0012953,GT0003178,SRA_M0010603,,SRC_M0005066
GM0012954,GT0003178,SRA_M0010604,,SRC_M0005067
GM0012955,GT0003178,SRA_M0010605,,SRC_M0005068
GM0012956,GT0003178,SRA_M0010606,,SRC_M0005069
GM0012957,GT0003178,SRA_M0010607,,SRC_M0005070
GM0012958,GT0003179,SRA_M0010608,,
GM0012959,GT0003179,SRA_M0010609,,
GM0012960,GT0003179,SRA_M0010610,,
GM0012961,GT0003180,SRA_M0010611,SRB_M0008494,
GM0012962,GT0003180,,SRB_M0008495,
GM0012963,GT0003180,SRA_M0010612,SRB_M0008496,
GM0012964,GT0003180,SRA_M0010613,SRB_M0008497,
GM0012965,GT0003180,SRA_M0010614,,
GM0012966,GT0003181,,SRB_M0008498,
GM0012967,GT0003181,,SRB_M0008499,SRC_M0005071
GM0012968,GT0003181,SRA_M0010615,SRB_M0008500,SRC_M0005072
GM0012969,GT0003181,,,
GM0012970,GT0003181,SRA_M0010616,SRB_M0008501,SRC_M0005073
GM0012971,GT0003181,SRA_M0010617,SRB_M0008502,SRC_M0005074
GM0012972,GT0003182,SRA_M0010618,SRB_M0008503,
GM0012973,GT0003182,SRA_M0010619,SRB_M0008504,SRC_M0005075
GM0012974,GT0003182,SRA_M0010620,SRB_M0008505,SRC_M0005076
GM0012975,GT0003182,SRA_M0010621,SRB_M0008506,SRC_M0005077
GM0012976,GT0003182,SRA_M0010622,SRB_M0008507,SRC_M0005078
GM0012977,GT0003182,SRA_M0010623,SRB_M0008508,SRC_M0005079
GM0012978,GT0003183,,SRB_M0008509,
GM0012979,GT0003183,SRA_M0010624,SRB_M0008510,
GM0012980,GT0003183,SRA_M0010625,SRB_M0008511,
GM0012981,GT0003183,SRA_M0010626,SRB_M0008512,
GM0012982,GT0003183,SRA_M0010627,SRB_M0008513,
GM0012983,GT0003184,,SRB_M0008514,
GM0012984,GT0003184,,,SRC_M0005080
GM0012985,GT0003185,,SRB_M0008515,SRC_M0005081
GM0012986,GT0003185,SRA_M0010628,SRB_M0008516,SRC_M0005082
GM0012987,GT0003185,SRA_M0010629,SRB_M0008517,SRC_M0005083
GM0012988,GT0003185,SRA_M0010630,SRB_M0008518,
GM0012989,GT0003185,SRA_M0010631,SRB_M0008519,SRC_M0005084
GM0012990,GT0003185,SRA_M0010632,SRB_M0008520,SRC_M0005085
GM0012991,GT0003186,SRA_M0010633,SRB_M0008521,
GM0012992,GT0003186,SRA_M0010634,,
GM0012993,GT0003186,SRA_M0010635,SRB_M0008522,
GM0012994,GT0003186,SRA_M0010636,SRB_M0008523,
GM0012995,GT0003187,,SRB_M0008524,
GM0012996,GT0003187,,SRB_M0008525,
GM0012997,GT0003187,,SRB_M0008526,
GM0012998,GT0003188,SRA_M0010637,SRB_M0008527,SRC_M0005086
GM0012999,GT0003188,SRA_M0010638,SRB_M0008528,SRC_M0005087
GM0013000,GT0003188,SRA_M0010639,SRB_M0008529,SRC_M0005088
GM0013001,GT0003189,SRA_M0010640,SRB_M0008530,
GM0013002,GT0003189,SRA_M0010641,SRB_M0008531,
GM0013003,GT0003190,SRA_M0010642,SRB_M0008532,
GM0013004,GT0003190,SRA_M0010643,,
GM0013005,GT0003190,,SRB_M0008533,
GM0013006,GT0003190,SRA_M0010644,SRB_M0008534,
GM0013007,GT0003190,SRA_M0010645,SRB_M0008535,
GM0013008,GT0003190,,SRB_M0008536,
GM0013009,GT0003191,SRA_M0010646,SRB_M0008537,
GM0013010,GT0003191,SRA_M0010647,SRB_M0008538,
GM0013011,GT0003191,SRA_M0010648,SRB_M0008539,
GM0013012,GT0003191,SRA_M0010649,SRB_M0008540,
GM0013013,GT0003192,SRA_M0010650,,
GM0013014,GT0003192,SRA_M0010651,SRB_M0008541,
GM0013015,GT0003193,SRA_M0010652,SRB_M0008542,
GM0013016,GT0003193,SRA_M0010653,,
GM0013017,GT0003193,SRA_M0010654,SRB_M0008543,
GM0013018,GT0003194,SRA_M0010655,SRB_M0008544,
GM0013019,GT0003194,SRA_M0010656,,
GM0013020,GT0003194,SRA_M0010657,,
GM0013021,GT0003194,SRA_M0010658,SRB_M0008545,
GM0013022,GT0003194,SRA_M0010659,SRB_M0008546,
GM0013023,GT0003195,SRA_M0010660,SRB_M0008547,
GM0013024,GT0003195,SRA_M0010661,SRB_M0008548,
GM0013025,GT0003195,SRA_M0010662,SRB_M0008549,
GM0013026,GT0003195,SRA_M0010663,SRB_M0008550,
GM0013027,GT0003195,SRA_M0010664,SRB_M0008551,
GM0013028,GT0003196,,SRB_M0008553,SRC_M0005089
GM0013029,GT0003196,SRA_M0010665,SRB_M0008554,SRC_M0005090
GM0013030,GT0003196,SRA_M0010666,SRB_M0008555,
GM0013031,GT0003196,SRA_M0010667,SRB_M0008556,SRC_M0005091
GM0013032,GT0003196,SRA_M0010668,SRB_M0008557,
GM0013033,GT0003196,SRA_M0010669,SRB_M0008558,SRC_M0005092
GM0013034,GT0003197,SRA_M0010670,SRB_M0008559,
GM0013035,GT0003197,SRA_M0010671,SRB_M0008560,
GM0013036,GT0003197,SRA_M0010672,,
GM0013037,GT0003197,SRA_M0010673,SRB_M0008561,
GM0013038,GT0003197,SRA_M0010674,SRB_M0008562,
GM0013039,GT0003197,SRA_M0010675,SRB_M0008563,
GM0013040,GT0003198,SRA_M0010676,SRB_M0008564,SRC_M0005093
GM0013041,GT0003198,SRA_M0010677,SRB_M0008565,SRC_M0005094
GM0013042,GT0003198,SRA_M0010678,SRB_M0008566,
GM0013043,GT0003198,SRA_M0010679,SRB_M0008567,SRC_M0005095
GM0013044,GT0003199,SRA_M0010680,SRB_M0008568,SRC_M0005096
GM0013045,GT0003199,SRA_M0010681,SRB_M0008569,
GM0013046,GT0003199,SRA_M0010682,SRB_M0008570,
GM0013047,GT0003200,SRA_M0010683,SRB_M0008571,
GM0013048,GT0003200,SRA_M0010684,SRB_M0008572,
GM0013049,GT0003200,SRA_M0010685,SRB_M0008573,
GM0013050,GT0003200,SRA_M0010686,SRB_M0008574,
GM0013051,GT0003200,SRA_M0010687,SRB_M0008575,
GM0013052,GT0003201,SRA_M0010688,,
GM0013053,GT0003201,SRA_M0010689,,
GM0013054,GT0003201,SRA_M0010690,,
GM0013055,GT0003201,SRA_M0010691,,
GM0013056,GT0003202,SRA_M0010692,,SRC_M0005097
GM0013057,GT0003202,SRA_M0010693,SRB_M0008576,SRC_M0005098
GM0013058,GT0003203,,,SRC_M0005099
GM0013059,GT0003203,SRA_M0010694,,SRC_M0005100
GM0013060,GT0003203,SRA_M0010695,,SRC_M0005101
GM0013061,GT0003203,SRA_M0010696,,
GM0013062,GT0003204,SRA_M0010697,,
GM0013063,GT0003204,SRA_M0010698,,
GM0013064,GT0003204,SRA_M0010699,,
GM0013065,GT0003204,SRA_M0010700,,
GM0013066,GT0003205,SRA_M0010701,SRB_M0008577,
GM0013067,GT0003205,SRA_M0010702,SRB_M0008578,
GM0013068,GT0003205,SRA_M0010703,SRB_M0008579,
GM0013069,GT0003206,SRA_M0010704,,
GM0013070,GT0003206,SRA_M0010705,,
GM0013071,GT0003206,,SRB_M0008580,
GM0013072,GT0003206,SRA_M0010706,,
GM0013073,GT0003206,SRA_M0010707,SRB_M0008581,
GM0013074,GT0003206,SRA_M0010708,,
GM0013075,GT0003207,SRA_M0010709,SRB_M0008582,SRC_M0005102
GM0013076,GT0003207,,,SRC_M0005103
GM0013077,GT0003207,SRA_M0010710,SRB_M0008583,SRC_M0005104
GM0013078,GT0003207,SRA_M0010711,,SRC_M0005105
GM0013079,GT0003207,SRA_M0010712,SRB_M0008584,SRC_M0005106
GM0013080,GT0003208,,,
GM0013081,GT0003208,SRA_M0010713,SRB_M0008585,SRC_M0005107
GM0013082,GT0003208,SRA_M0010714,SRB_M0008586,
GM0013083,GT0003208,SRA_M0010715,SRB_M0008587,SRC_M0005108
GM0013084,GT0003209,SRA_M0010716,,
GM0013085,GT0003209,SRA_M0010717,,
GM0013086,GT0003209,SRA_M0010718,,
GM0013087,GT0003209,SRA_M0010719,,
GM0013088,GT0003210,SRA_M0010720,SRB_M0008588,
GM0013089,GT0003210,SRA_M0010721,SRB_M0008589,
GM0013090,GT0003210,SRA_M0010722,SRB_M0008590,
GM0013091,GT0003210,SRA_M0010723,SRB_M0008591,
GM0013092,GT0003211,SRA_M0010724,,
GM0013093,GT0003211,SRA_M0010725,,
GM0013094,GT0003211,SRA_M0010726,,
GM0013095,GT0003211,SRA_M0010727,,
GM0013096,GT0003211,SRA_M0010728,,
GM0013097,GT0003211,SRA_M0010729,,
GM0013098,GT0003212,SRA_M0010731,SRB_M0008592,SRC_M0005109
GM0013099,GT0003212,SRA_M0010732,,
GM0013100,GT0003212,SRA_M0010733,,
GM0013101,GT0003213,SRA_M0010734,,
GM0013102,GT0003213,SRA_M0010735,,
GM0013103,GT0003213,SRA_M0010736,,
GM0013104,GT0003214,SRA_M0010737,,
GM0013105,GT0003214,SRA_M0010738,,
GM0013106,GT0003214,,SRB_M0008593,
GM0013107,GT0003214,SRA_M0010739,SRB_M0008594,
GM0013108,GT0003214,SRA_M0010740,SRB_M0008595,
GM0013109,GT0003214,SRA_M0010741,SRB_M0008596,
GM0013110,GT0003215,SRA_M0010742,SRB_M0008597,
GM0013111,GT0003215,SRA_M0010743,SRB_M0008598,
GM0013112,GT0003215,SRA_M0010744,SRB_M0008599,
GM0013113,GT0003215,SRA_M0010745,SRB_M0008600,
GM0013114,GT0003215,SRA_M0010746,SRB_M0008601,
GM0013115,GT0003215,SRA_M0010747,,
GM0013116,GT0003216,SRA_M0010748,SRB_M0008602,
GM0013117,GT0003216,,SRB_M0008603,
GM0013118,GT0003216,SRA_M0010749,SRB_M0008604,
GM0013119,GT0003216,SRA_M0010750,SRB_M0008605,
GM0013120,GT0003216,,SRB_M0008606,
GM0013121,GT0003216,SRA_M0010751,SRB_M0008607,
GM0013122,GT0003217,SRA_M0010752,,SRC_M0005110
GM0013123,GT0003217,SRA_M0010753,,
GM0013124,GT0003217,SRA_M0010754,,
GM0013125,GT0003217,SRA_M0010755,,
GM0013126,GT0003218,,SRB_M0008608,SRC_M0005111
GM0013127,GT0003218,SRA_M0010756,SRB_M0008609,
GM0013128,GT0003218,SRA_M0010757,SRB_M0008610,SRC_M0005112
GM0013129,GT0003218,SRA_M0010758,SRB_M0008611,SRC_M0005113
GM0013130,GT0003218,SRA_M0010759,,SRC_M0005114
GM0013131,GT0003218,,,SRC_M0005115
GM0013132,GT0003219,SRA_M0010760,SRB_M0008612,
GM0013133,GT0003219,SRA_M0010761,SRB_M0008613,
GM0013134,GT0003219,SRA_M0010762,SRB_M0008614,
GM0013135,GT0003219,SRA_M0010763,SRB_M0008615,
GM0013136,GT0003219,SRA_M0010764,SRB_M0008616,
GM0013137,GT0003219,SRA_M0010765,SRB_M0008617,
GM0013138,GT0003220,SRA_M0010766,,SRC_M0005116
GM0013139,GT0003220,SRA_M0010767,,SRC_M0005117
GM0013140,GT0003220,SRA_M0010768,,
GM0013141,GT0003221,SRA_M0010769,,
GM0013142,GT0003221,SRA_M0010770,,
GM0013143,GT0003221,SRA_M0010771,,
GM0013144,GT0003221,SRA_M0010772,,
GM0013145,GT0003221,SRA_M0010773,,
GM0013146,GT0003221,SRA_M0010774,,
GM0013147,GT0003222,SRA_M0010775,SRB_M0008618,SRC_M0005118
GM0013148,GT0003222,SRA_M0010776,SRB_M0008619,
GM0013149,GT0003222,SRA_M0010777,SRB_M0008620,SRC_M0005119
GM0013150,GT0003222,SRA_M0010778,SRB_M0008621,
GM0013151,GT0003222,SRA_M0010779,SRB_M0008622,SRC_M0005120
GM0013152,GT0003222,SRA_M0010780,SRB_M0008623,SRC_M0005121
GM0013153,GT0003223,SRA_M0010781,SRB_M0008624,SRC_M0005122
GM0013154,GT0003223,SRA_M0010782,,SRC_M0005123
GM0013155,GT0003223,SRA_M0010783,SRB_M0008625,SRC_M0005124
GM0013156,GT0003223,SRA_M0010784,SRB_M0008626,SRC_M0005125
GM0013157,GT0003223,SRA_M0010785,SRB_M0008627,SRC_M0005126
GM0013158,GT0003224,SRA_M0010786,SRB_M0008628,
GM0013159,GT0003224,SRA_M0010787,SRB_M0008629,
GM0013160,GT0003224,SRA_M0010788,SRB_M0008630,
GM0013161,GT0003225,SRA_M0010789,,SRC_M0005127
GM0013162,GT0003225,SRA_M0010790,,SRC_M0005128
GM0013163,GT0003225,SRA_M0010791,,SRC_M0005129
GM0013164,GT0003225,SRA_M0010792,,SRC_M0005130
GM0013165,GT0003225,SRA_M0010793,,SRC_M0005131
GM0013166,GT0003226,SRA_M0010794,,
GM0013167,GT0003226,SRA_M0010795,SRB_M0008631,
GM0013168,GT0003226,SRA_M0010796,,
GM0013169,GT0003227,,SRB_M0008632,
GM0013170,GT0003227,,,
GM0013171,GT0003228,,SRB_M0008633,SRC_M0005132
GM0013172,GT0003228,,SRB_M0008634,SRC_M0005133
GM0013173,GT0003228,,,
GM0013174,GT0003228,,SRB_M0008635,
GM0013175,GT0003228,,,SRC_M0005134
GM0013176,GT0003229,SRA_M0010797,SRB_M0008636,
GM0013177,GT0003229,SRA_M0010798,SRB_M0008637,SRC_M0005135
GM0013178,GT0003229,,,SRC_M0005136
GM0013179,GT0003229,SRA_M0010799,SRB_M0008638,SRC_M0005137
GM0013180,GT0003229,SRA_M0010800,SRB_M0008639,
GM0013181,GT0003230,SRA_M0010801,SRB_M0008640,
GM0013182,GT0003230,SRA_M0010802,SRB_M0008641,
GM0013183,GT0003230,SRA_M0010803,SRB_M0008642,
GM0013184,GT0003231,SRA_M0010804,SRB_M0008643,
GM0013185,GT0003231,SRA_M0010805,SRB_M0008644,SRC_M0005138
GM0013186,GT0003231,SRA_M0010806,SRB_M0008645,SRC_M0005139
GM0013187,GT0003231,SRA_M0010807,SRB_M0008646,
GM0013188,GT0003231,SRA_M0010808,SRB_M0008647,SRC_M0005140
GM0013189,GT0003232,SRA_M0010809,,
GM0013190,GT0003232,SRA_M0010810,SRB_M0008648,
GM0013191,GT0003232,,SRB_M0008649,
GM0013192,GT0003233,SRA_M0010811,,SRC_M0005141
GM0013193,GT0003233,SRA_M0010812,,SRC_M0005142
GM0013194,GT0003233,,,SRC_M0005143
GM0013195,GT0003234,SRA_M0010813,SRB_M0008650,SRC_M0005145
GM0013196,GT0003234,SRA_M0010814,SRB_M0008651,SRC_M0005146
GM0013197,GT0003234,SRA_M0010815,SRB_M0008652,SRC_M0005147
GM0013198,GT0003235,SRA_M0010817,,
GM0013199,GT0003235,SRA_M0010818,SRB_M0008653,
GM0013200,GT0003235,SRA_M0010819,SRB_M0008654,
GM0013201,GT0003235,SRA_M0010820,,
GM0013202,GT0003236,,SRB_M0008655,SRC_M0005148
GM0013203,GT0003236,SRA_M0010821,SRB_M0008656,
GM0013204,GT0003236,SRA_M0010822,SRB_M0008657,SRC_M0005149
GM0013205,GT0003237,SRA_M0010823,,SRC_M0005150
GM0013206,GT0003237,SRA_M0010824,SRB_M0008658,SRC_M0005151
GM0013207,GT0003238,SRA_M0010825,,SRC_M0005152
GM0013208,GT0003238,SRA_M0010826,SRB_M0008659,SRC_M0005153
GM0013209,GT0003238,SRA_M0010827,,SRC_M0005154
GM0013210,GT0003238,SRA_M0010828,SRB_M0008660,SRC_M0005155
GM0013211,GT0003238,SRA_M0010829,SRB_M0008661,SRC_M0005156
GM0013212,GT0003239,SRA_M0010830,SRB_M0008662,SRC_M0005157
GM0013213,GT0003239,SRA_M0010831,SRB_M0008663,
GM0013214,GT0003239,SRA_M0010832,SRB_M0008664,SRC_M0005158
GM0013215,GT0003239,SRA_M0010833,SRB_M0008665,SRC_M0005159
GM0013216,GT0003240,SRA_M0010834,SRB_M0008666,SRC_M0005160
GM0013217,GT0003240,SRA_M0010835,SRB_M0008667,SRC_M0005161
GM0013218,GT0003240,SRA_M0010836,SRB_M0008668,SRC_M0005162
GM0013219,GT0003240,SRA_M0010837,SRB_M0008669,SRC_M0005163
GM0013220,GT0003240,SRA_M0010838,,SRC_M0005164
GM0013221,GT0003240,SRA_M0010839,SRB_M0008670,SRC_M0005165
GM0013222,GT0003241,SRA_M0010840,SRB_M0008671,
GM0013223,GT0003241,SRA_M0010841,,
GM0013224,GT0003241,SRA_M0010842,SRB_M0008672,
GM0013225,GT0003242,SRA_M0010843,SRB_M0008673,
GM0013226,GT0003242,,,
GM0013227,GT0003243,SRA_M0010844,SRB_M0008674,SRC_M0005166
GM0013228,GT0003243,SRA_M0010845,SRB_M0008675,SRC_M0005167
GM0013229,GT0003243,SRA_M0010846,,SRC_M0005168
GM0013230,GT0003243,SRA_M0010847,,SRC_M0005169
GM0013231,GT0003244,,,SRC_M0005170
GM0013232,GT0003244,,,SRC_M0005171
GM0013233,GT0003244,,,
GM0013234,GT0003244,,,SRC_M0005172
GM0013235,GT0003244,,,
GM0013236,GT0003244,,,SRC_M0005173
GM0013237,GT0003245,SRA_M0010849,,
GM0013238,GT0003245,,SRB_M0008676,SRC_M0005174
GM0013239,GT0003246,SRA_M0010850,SRB_M0008677,
GM0013240,GT0003246,SRA_M0010851,SRB_M0008678,
GM0013241,GT0003246,SRA_M0010852,SRB_M0008679,
GM0013242,GT0003246,,SRB_M0008680,
GM0013243,GT0003246,SRA_M0010853,,
GM0013244,GT0003246,SRA_M0010854,SRB_M0008681,
GM0013245,GT0003247,SRA_M0010855,,
GM0013246,GT0003247,SRA_M0010856,SRB_M0008682,SRC_M0005175
GM0013247,GT0003247,SRA_M0010857,SRB_M0008683,SRC_M0005176
GM0013248,GT0003247,SRA_M0010858,,SRC_M0005177
GM0013249,GT0003247,SRA_M0010859,,SRC_M0005178
GM0013250,GT0003248,SRA_M0010860,SRB_M0008684,
GM0013251,GT0003248,SRA_M0010861,SRB_M0008685,
GM0013252,GT0003248,SRA_M0010862,SRB_M0008686,
GM0013253,GT0003248,SRA_M0010863,SRB_M0008687,
GM0013254,GT0003248,SRA_M0010864,SRB_M0008688,
GM0013255,GT0003248,SRA_M0010865,,
GM0013256,GT0003249,SRA_M0010866,SRB_M0008689,SRC_M0005179
GM0013257,GT0003249,,SRB_M0008690,SRC_M0005180
GM0013258,GT0003249,SRA_M0010867,,
GM0013259,GT0003250,,SRB_M0008691,
GM0013260,GT0003250,,,
GM0013261,GT0003250,,SRB_M0008692,
GM0013262,GT0003250,,SRB_M0008693,
GM0013263,GT0003250,,SRB_M0008694,
GM0013264,GT0003251,SRA_M0010868,SRB_M0008695,
GM0013265,GT0003251,SRA_M0010869,,
GM0013266,GT0003251,SRA_M0010870,SRB_M0008696,
GM0013267,GT0003251,SRA_M0010871,SRB_M0008697,
GM0013268,GT0003251,SRA_M0010872,,
GM0013269,GT0003251,SRA_M0010873,SRB_M0008698,
GM0013270,GT0003252,SRA_M0010874,,
GM0013271,GT0003252,SRA_M0010875,,
GM0013272,GT0003252,SRA_M0010876,SRB_M0008699,
GM0013273,GT0003253,SRA_M0010877,,SRC_M0005181
GM0013274,GT0003253,SRA_M0010878,SRB_M0008700,
GM0013275,GT0003253,SRA_M0010879,SRB_M0008701,
GM0013276,GT0003253,SRA_M0010880,SRB_M0008702,SRC_M0005182
GM0013277,GT0003253,SRA_M0010881,SRB_M0008703,SRC_M0005183
GM0013278,GT0003253,SRA_M0010882,SRB_M0008704,SRC_M0005184
GM0013279,GT0003254,SRA_M0010883,SRB_M0008705,
GM0013280,GT0003254,,SRB_M0008706,
GM0013281,GT0003255,SRA_M0010884,SRB_M0008707,
GM0013282,GT0003255,SRA_M0010885,SRB_M0008708,
GM0013283,GT0003255,SRA_M0010886,SRB_M0008709,
GM0013284,GT0003255,SRA_M0010887,SRB_M0008710,
GM0013285,GT0003255,SRA_M0010888,SRB_M0008711,
GM0013286,GT0003255,SRA_M0010889,SRB_M0008712,
GM0013287,GT0003256,SRA_M0010890,,
GM0013288,GT0003256,SRA_M0010891,SRB_M0008713,
GM0013289,GT0003256,SRA_M0010892,SRB_M0008714,
GM0013290,GT0003256,SRA_M0010893,SRB_M0008715,
GM0013291,GT0003257,,,SRC_M0005185
GM0013292,GT0003257,,SRB_M0008716,
GM0013293,GT0003257,SRA_M0010894,SRB_M0008717,SRC_M0005186
GM0013294,GT0003258,SRA_M0010895,SRB_M0008718,
GM0013295,GT0003258,SRA_M0010896,SRB_M0008719,
GM0013296,GT0003258,SRA_M0010897,SRB_M0008720,
GM0013297,GT0003258,SRA_M0010898,,
GM0013298,GT0003258,SRA_M0010899,SRB_M0008721,
GM0013299,GT0003259,SRA_M0010900,SRB_M0008722,SRC_M0005187
GM0013300,GT0003259,,SRB_M0008723,SRC_M0005188
GM0013301,GT0003260,SRA_M0010901,SRB_M0008724,
GM0013302,GT0003260,SRA_M0010902,SRB_M0008725,
GM0013303,GT0003260,SRA_M0010903,SRB_M0008726,
GM0013304,GT0003260,SRA_M0010904,SRB_M0008727,
GM0013305,GT0003261,SRA_M0010905,SRB_M0008728,SRC_M0005189
GM0013306,GT0003261,SRA_M0010906,SRB_M0008729,SRC_M0005190
GM0013307,GT0003261,SRA_M0010907,SRB_M0008730,SRC_M0005191
GM0013308,GT0003262,SRA_M0010908,SRB_M0008731,SRC_M0005192
GM0013309,GT0003262,SRA_M0010909,SRB_M0008732,SRC_M0005193
GM0013310,GT0003263,SRA_M0010910,SRB_M0008733,
GM0013311,GT0003263,SRA_M0010911,SRB_M0008734,
GM0013312,GT0003263,,SRB_M0008735,
GM0013313,GT0003263,SRA_M0010912,SRB_M0008736,
GM0013314,GT0003263,,SRB_M0008737,
GM0013315,GT0003264,SRA_M0010913,SRB_M0008738,SRC_M0005194
GM0013316,GT0003264,SRA_M0010914,SRB_M0008739,SRC_M0005195
GM0013317,GT0003264,SRA_M0010915,SRB_M0008740,SRC_M0005196
GM0013318,GT0003265,SRA_M0010916,,
GM0013319,GT0003265,SRA_M0010917,SRB_M0008741,
GM0013320,GT0003265,SRA_M0010918,SRB_M0008742,
GM0013321,GT0003266,SRA_M0010919,SRB_M0008743,
GM0013322,GT0003266,SRA_M0010920,SRB_M0008744,SRC_M0005197
GM0013323,GT0003266,SRA_M0010921,SRB_M0008745,SRC_M0005198
GM0013324,GT0003267,SRA_M0010922,,SRC_M0005199
GM0013325,GT0003267,,SRB_M0008747,SRC_M0005200
GM0013326,GT0003267,SRA_M0010923,SRB_M0008748,SRC_M0005201
GM0013327,GT0003268,SRA_M0010924,,SRC_M0005202
GM0013328,GT0003268,SRA_M0010925,SRB_M0008749,SRC_M0005203
GM0013329,GT0003268,SRA_M0010926,SRB_M0008750,SRC_M0005204
GM0013330,GT0003268,SRA_M0010927,SRB_M0008751,SRC_M0005205
GM0013331,GT0003268,SRA_M0010928,SRB_M0008752,
GM0013332,GT0003268,SRA_M0010929,SRB_M0008753,
GM0013333,GT0003269,SRA_M0010930,,
GM0013334,GT0003269,SRA_M0010931,,
GM0013335,GT0003269,SRA_M0010932,,
GM0013336,GT0003269,SRA_M0010933,,
GM0013337,GT0003269,SRA_M0010934,,
GM0013338,GT0003269,SRA_M0010935,,
GM0013339,GT0003270,SRA_M0010936,,SRC_M0005206
GM0013340,GT0003270,SRA_M0010937,,
GM0013341,GT0003270,SRA_M0010938,,SRC_M0005207
GM0013342,GT0003270,SRA_M0010939,,SRC_M0005208
GM0013343,GT0003270,SRA_M0010940,,
GM0013344,GT0003270,SRA_M0010941,,SRC_M0005209
GM0013345,GT0003271,SRA_M0010942,SRB_M0008754,
GM0013346,GT0003271,SRA_M0010943,SRB_M0008755,
GM0013347,GT0003271,SRA_M0010944,SRB_M0008756,SRC_M0005210
GM0013348,GT0003271,SRA_M0010945,SRB_M0008757,SRC_M0005211
GM0013349,GT0003271,SRA_M0010946,,SRC_M0005212
GM0013350,GT0003271,SRA_M0010947,SRB_M0008758,SRC_M0005213
GM0013351,GT0003272,,SRB_M0008759,SRC_M0005214
GM0013352,GT0003272,,SRB_M0008760,SRC_M0005215
GM0013353,GT0003272,,,SRC_M0005216
GM0013354,GT0003272,,SRB_M0008761,SRC_M0005217
GM0013355,GT0003273,SRA_M0010948,,
GM0013356,GT0003273,SRA_M0010949,,
GM0013357,GT0003273,SRA_M0010950,,
GM0013358,GT0003273,SRA_M0010951,,
GM0013359,GT0003274,SRA_M0010952,SRB_M0008762,
GM0013360,GT0003274,SRA_M0010953,SRB_M0008763,
GM0013361,GT0003274,SRA_M0010954,SRB_M0008764,
GM0013362,GT0003274,SRA_M0010955,,
GM0013363,GT0003274,SRA_M0010956,,
GM0013364,GT0003274,SRA_M0010957,,
GM0013365,GT0003275,,SRB_M0008765,
GM0013366,GT0003275,,SRB_M0008766,
GM0013367,GT0003275,,SRB_M0008767,
GM0013368,GT0003275,,SRB_M0008768,
GM0013369,GT0003276,SRA_M0010958,,
GM0013370,GT0003276,SRA_M0010959,,
GM0013371,GT0003276,SRA_M0010960,,
GM0013372,GT0003276,SRA_M0010961,,
GM0013373,GT0003276,SRA_M0010962,,
GM0013374,GT0003277,,SRB_M0008769,
GM0013375,GT0003277,,,
GM0013376,GT0003277,,SRB_M0008770,
GM0013377,GT0003277,,SRB_M0008771,
GM0013378,GT0003277,,SRB_M0008772,
GM0013379,GT0003278,SRA_M0010963,SRB_M0008773,SRC_M0005218
GM0013380,GT0003278,SRA_M0010964,,SRC_M0005219
GM0013381,GT0003278,SRA_M0010965,,
GM0013382,GT0003278,SRA_M0010966,SRB_M0008774,SRC_M0005220
GM0013383,GT0003278,SRA_M0010967,SRB_M0008775,SRC_M0005221
GM0013384,GT0003279,SRA_M0010968,,
GM0013385,GT0003279,SRA_M0010969,SRB_M0008776,SRC_M0005222
GM0013386,GT0003279,SRA_M0010970,SRB_M0008777,
GM0013387,GT0003279,SRA_M0010971,,SRC_M0005223
GM0013388,GT0003279,SRA_M0010972,,SRC_M0005224
GM0013389,GT0003279,SRA_M0010973,SRB_M0008778,SRC_M0005225
GM0013390,GT0003280,SRA_M0010974,SRB_M0008779,
GM0013391,GT0003280,SRA_M0010975,SRB_M0008780,
GM0013392,GT0003280,SRA_M0010976,SRB_M0008781,
GM0013393,GT0003280,SRA_M0010977,SRB_M0008782,
GM0013394,GT0003281,,SRB_M0008783,SRC_M0005226
GM0013395,GT0003281,,SRB_M0008784,SRC_M0005227
GM0013396,GT0003281,,,SRC_M0005228
GM0013397,GT0003281,,SRB_M0008785,
GM0013398,GT0003282,SRA_M0010978,SRB_M0008786,SRC_M0005229
GM0013399,GT0003282,SRA_M0010979,SRB_M0008787,SRC_M0005230
GM0013400,GT0003282,SRA_M0010980,SRB_M0008788,SRC_M0005231
GM0013401,GT0003282,SRA_M0010981,,SRC_M0005232
GM0013402,GT0003283,SRA_M0010982,SRB_M0008789,
GM0013403,GT0003283,SRA_M0010983,SRB_M0008790,
GM0013404,GT0003284,SRA_M0010984,SRB_M0008791,SRC_M0005233
GM0013405,GT0003284,SRA_M0010985,SRB_M0008792,SRC_M0005234
GM0013406,GT0003284,SRA_M0010986,SRB_M0008793,
GM0013407,GT0003284,SRA_M0010987,SRB_M0008794,
GM0013408,GT0003285,SRA_M0010988,SRB_M0008795,
GM0013409,GT0003285,SRA_M0010989,SRB_M0008796,SRC_M0005235
GM0013410,GT0003285,SRA_M0010990,SRB_M0008797,SRC_M0005236
GM0013411,GT0003285,SRA_M0010991,SRB_M0008798,
GM0013412,GT0003285,SRA_M0010992,SRB_M0008799,SRC_M0005237
GM0013413,GT0003285,SRA_M0010993,SRB_M0008800,SRC_M0005238
GM0013414,GT0003286,SRA_M0010994,SRB_M0008801,
GM0013415,GT0003286,SRA_M0010995,,
GM0013416,GT0003287,SRA_M0010996,,SRC_M0005239
GM0013417,GT0003287,SRA_M0010997,SRB_M0008802,SRC_M0005240
GM0013418,GT0003287,SRA_M0010998,SRB_M0008803,SRC_M0005241
GM0013419,GT0003287,SRA_M0010999,SRB_M0008804,SRC_M0005242
GM0013420,GT0003287,SRA_M0011000,SRB_M0008805,SRC_M0005243
GM0013421,GT0003288,,SRB_M0008806,
GM0013422,GT0003288,SRA_M0011001,SRB_M0008807,
GM0013423,GT0003288,SRA_M0011002,,
GM0013424,GT0003288,SRA_M0011003,,
GM0013425,GT0003288,SRA_M0011004,SRB_M0008808,
GM0013426,GT0003288,SRA_M0011005,SRB_M0008809,
GM0013427,GT0003289,SRA_M0011006,,
GM0013428,GT0003289,SRA_M0011007,,
GM0013429,GT0003289,SRA_M0011008,,
GM0013430,GT0003289,SRA_M0011009,,
GM0013431,GT0003289,SRA_M0011010,,
GM0013432,GT0003289,SRA_M0011011,,
GM0013433,GT0003290,,SRB_M0008810,
GM0013434,GT0003290,SRA_M0011012,,
GM0013435,GT0003291,SRA_M0011013,SRB_M0008811,SRC_M0005244
GM0013436,GT0003291,,SRB_M0008812,SRC_M0005245
GM0013437,GT0003291,SRA_M0011014,SRB_M0008813,SRC_M0005246
GM0013438,GT0003291,SRA_M0011015,SRB_M0008814,
GM0013439,GT0003292,SRA_M0011016,SRB_M0008815,SRC_M0005247
GM0013440,GT0003292,SRA_M0011017,SRB_M0008816,SRC_M0005248
GM0013441,GT0003292,SRA_M0011018,SRB_M0008817,SRC_M0005249
GM0013442,GT0003292,SRA_M0011019,SRB_M0008818,SRC_M0005250
GM0013443,GT0003292,SRA_M0011020,SRB_M0008819,
GM0013444,GT0003293,SRA_M0011021,,SRC_M0005251
GM0013445,GT0003293,SRA_M0011022,,SRC_M0005252
GM0013446,GT0003293,SRA_M0011023,,SRC_M0005253
GM0013447,GT0003293,SRA_M0011024,,
GM0013448,GT0003294,SRA_M0011025,SRB_M0008820,
GM0013449,GT0003294,SRA_M0011026,SRB_M0008821,
GM0013450,GT0003295,SRA_M0011028,SRB_M0008822,
GM0013451,GT0003295,SRA_M0011029,SRB_M0008823,
GM0013452,GT0003295,SRA_M0011030,SRB_M0008824,
GM0013453,GT0003296,SRA_M0011031,SRB_M0008825,
GM0013454,GT0003296,SRA_M0011032,SRB_M0008826,
GM0013455,GT0003296,SRA_M0011033,SRB_M0008827,
GM0013456,GT0003296,SRA_M0011034,SRB_M0008828,
GM0013457,GT0003297,SRA_M0011035,SRB_M0008829,
GM0013458,GT0003297,SRA_M0011036,SRB_M0008830,
GM0013459,GT0003297,SRA_M0011037,SRB_M0008831,
GM0013460,GT0003298,SRA_M0011038,SRB_M0008832,
GM0013461,GT0003298,,,SRC_M0005254
GM0013462,GT0003299,SRA_M0011039,SRB_M0008833,
GM0013463,GT0003299,SRA_M0011040,SRB_M0008834,
GM0013464,GT0003299,SRA_M0011041,SRB_M0008835,
GM0013465,GT0003300,SRA_M0011042,,SRC_M0005255
GM0013466,GT0003300,SRA_M0011043,,SRC_M0005256
GM0013467,GT0003301,SRA_M0011044,SRB_M0008836,
GM0013468,GT0003301,,SRB_M0008837,
GM0013469,GT0003301,SRA_M0011045,SRB_M0008838,
GM0013470,GT0003301,SRA_M0011046,SRB_M0008839,
GM0013471,GT0003302,SRA_M0011047,SRB_M0008840,
GM0013472,GT0003302,SRA_M0011048,SRB_M0008841,
GM0013473,GT0003302,SRA_M0011049,SRB_M0008842,
GM0013474,GT0003303,SRA_M0011050,SRB_M0008843,SRC_M0005257
GM0013475,GT0003303,SRA_M0011051,SRB_M0008844,SRC_M0005258
GM0013476,GT0003304,,,SRC_M0005260
GM0013477,GT0003304,SRA_M0011052,SRB_M0008845,SRC_M0005261
GM0013478,GT0003304,SRA_M0011053,SRB_M0008846,SRC_M0005262
GM0013479,GT0003304,SRA_M0011054,,SRC_M0005263
GM0013480,GT0003305,SRA_M0011055,,
GM0013481,GT0003305,SRA_M0011056,SRB_M0008847,
GM0013482,GT0003305,SRA_M0011057,,
GM0013483,GT0003306,SRA_M0011058,SRB_M0008848,SRC_M0005264
GM0013484,GT0003306,,SRB_M0008849,SRC_M0005265
GM0013485,GT0003307,SRA_M0011059,SRB_M0008850,SRC_M0005266
GM0013486,GT0003307,SRA_M0011060,SRB_M0008851,SRC_M0005267
GM0013487,GT0003307,SRA_M0011061,SRB_M0008852,
GM0013488,GT0003308,SRA_M0011062,SRB_M0008853,
GM0013489,GT0003308,SRA_M0011063,SRB_M0008854,
GM0013490,GT0003308,SRA_M0011064,SRB_M0008855,
GM0013491,GT0003308,SRA_M0011065,,
GM0013492,GT0003309,SRA_M0011066,SRB_M0008856,SRC_M0005268
GM0013493,GT0003309,SRA_M0011067,SRB_M0008857,
GM0013494,GT0003309,SRA_M0011068,,SRC_M0005269
GM0013495,GT0003309,SRA_M0011069,SRB_M0008858,SRC_M0005270
GM0013496,GT0003309,,SRB_M0008859,SRC_M0005271
GM0013497,GT0003309,SRA_M0011070,,SRC_M0005272
GM0013498,GT0003310,,,
GM0013499,GT0003310,SRA_M0011071,,
GM0013500,GT0003310,SRA_M0011072,,SRC_M0005273
GM0013501,GT0003311,SRA_M0011073,SRB_M0008860,
GM0013502,GT0003311,SRA_M0011074,SRB_M0008861,SRC_M0005274
GM0013503,GT0003311,SRA_M0011075,SRB_M0008862,SRC_M0005275
GM0013504,GT0003311,SRA_M0011076,SRB_M0008863,SRC_M0005276
GM0013505,GT0003311,SRA_M0011077,SRB_M0008864,SRC_M0005277
GM0013506,GT0003311,SRA_M0011078,SRB_M0008865,SRC_M0005278
GM0013507,GT0003312,SRA_M0011079,SRB_M0008866,
GM0013508,GT0003312,SRA_M0011080,,
GM0013509,GT0003313,SRA_M0011081,,
GM0013510,GT0003313,SRA_M0011082,SRB_M0008867,
GM0013511,GT0003313,SRA_M0011083,SRB_M0008868,SRC_M0005279
GM0013512,GT0003314,SRA_M0011084,SRB_M0008870,
GM0013513,GT0003314,SRA_M0011085,,
GM0013514,GT0003314,SRA_M0011086,,
GM0013515,GT0003315,,,SRC_M0005280
GM0013516,GT0003315,SRA_M0011087,SRB_M0008871,SRC_M0005281
GM0013517,GT0003315,SRA_M0011088,SRB_M0008872,SRC_M0005282
GM0013518,GT0003315,SRA_M0011089,SRB_M0008873,
GM0013519,GT0003316,SRA_M0011090,,SRC_M0005283
GM0013520,GT0003316,SRA_M0011091,,
GM0013521,GT0003317,SRA_M0011092,,
GM0013522,GT0003317,SRA_M0011093,,SRC_M0005284
GM0013523,GT0003317,SRA_M0011094,,SRC_M0005285
GM0013524,GT0003317,SRA_M0011095,,SRC_M0005286
GM0013525,GT0003317,SRA_M0011096,,SRC_M0005287
GM0013526,GT0003317,,,
GM0013527,GT0003318,SRA_M0011097,,SRC_M0005288
GM0013528,GT0003318,SRA_M0011098,SRB_M0008874,SRC_M0005289
GM0013529,GT0003318,SRA_M0011099,SRB_M0008875,SRC_M0005290
GM0013530,GT0003319,SRA_M0011100,,
GM0013531,GT0003319,SRA_M0011101,SRB_M0008876,
GM0013532,GT0003319,SRA_M0011102,SRB_M0008877,
GM0013533,GT0003319,SRA_M0011103,,
GM0013534,GT0003320,SRA_M0011104,SRB_M0008878,
GM0013535,GT0003320,SRA_M0011105,SRB_M0008879,
GM0013536,GT0003320,SRA_M0011106,,
GM0013537,GT0003321,,SRB_M0008880,SRC_M0005291
GM0013538,GT0003321,,SRB_M0008881,SRC_M0005292
GM0013539,GT0003321,,SRB_M0008882,SRC_M0005293
GM0013540,GT0003321,,,SRC_M0005294
GM0013541,GT0003322,SRA_M0011107,SRB_M0008883,
GM0013542,GT0003322,SRA_M0011108,SRB_M0008884,
GM0013543,GT0003322,SRA_M0011109,SRB_M0008885,
GM0013544,GT0003322,SRA_M0011110,,
GM0013545,GT0003322,SRA_M0011111,,
GM0013546,GT0003323,SRA_M0011112,SRB_M0008886,
GM0013547,GT0003323,,SRB_M0008887,
GM0013548,GT0003323,SRA_M0011113,SRB_M0008888,
GM0013549,GT0003323,SRA_M0011114,SRB_M0008889,
GM0013550,GT0003324,SRA_M0011115,,SRC_M0005295
GM0013551,GT0003324,SRA_M0011116,,SRC_M0005296
GM0013552,GT0003324,SRA_M0011117,,SRC_M0005297
GM0013553,GT0003324,SRA_M0011118,,SRC_M0005298
GM0013554,GT0003324,,,
GM0013555,GT0003324,SRA_M0011119,,SRC_M0005299
GM0013556,GT0003325,SRA_M0011120,SRB_M0008890,
GM0013557,GT0003325,SRA_M0011121,SRB_M0008891,
GM0013558,GT0003325,SRA_M0011122,SRB_M0008892,
GM0013559,GT0003326,SRA_M0011123,SRB_M0008893,
GM0013560,GT0003326,SRA_M0011124,SRB_M0008894,
GM0013561,GT0003326,SRA_M0011125,SRB_M0008895,
GM0013562,GT0003327,SRA_M0011126,,
GM0013563,GT0003327,SRA_M0011127,SRB_M0008896,
GM0013564,GT0003327,SRA_M0011128,SRB_M0008897,
GM0013565,GT0003327,SRA_M0011129,SRB_M0008898,
GM0013566,GT0003328,SRA_M0011130,SRB_M0008899,SRC_M0005300
GM0013567,GT0003328,SRA_M0011131,SRB_M0008900,
GM0013568,GT0003328,SRA_M0011132,,SRC_M0005301
GM0013569,GT0003328,SRA_M0011133,SRB_M0008901,SRC_M0005302
GM0013570,GT0003328,SRA_M0011134,SRB_M0008902,SRC_M0005303
GM0013571,GT0003329,SRA_M0011135,SRB_M0008903,
GM0013572,GT0003329,SRA_M0011136,,
GM0013573,GT0003330,SRA_M0011137,SRB_M0008904,SRC_M0005304
GM0013574,GT0003330,SRA_M0011138,SRB_M0008905,SRC_M0005305
GM0013575,GT0003331,SRA_M0011139,,
GM0013576,GT0003331,SRA_M0011140,,SRC_M0005306
GM0013577,GT0003332,SRA_M0011141,SRB_M0008906,
GM0013578,GT0003332,SRA_M0011142,SRB_M0008907,
GM0013579,GT0003333,SRA_M0011143,SRB_M0008908,SRC_M0005307
GM0013580,GT0003333,SRA_M0011144,SRB_M0008909,SRC_M0005308
GM0013581,GT0003333,SRA_M0011145,SRB_M0008910,SRC_M0005309
GM0013582,GT0003333,SRA_M0011146,,
GM0013583,GT0003333,SRA_M0011147,SRB_M0008911,
GM0013584,GT0003334,SRA_M0011148,SRB_M0008912,SRC_M0005310
GM0013585,GT0003334,SRA_M0011149,SRB_M0008913,
GM0013586,GT0003334,,,
GM0013587,GT0003334,SRA_M0011150,SRB_M0008914,SRC_M0005311
GM0013588,GT0003334,SRA_M0011151,SRB_M0008915,SRC_M0005312
GM0013589,GT0003334,SRA_M0011152,SRB_M0008916,
GM0013590,GT0003335,SRA_M0011153,,
GM0013591,GT0003335,SRA_M0011154,,
GM0013592,GT0003336,SRA_M0011155,,
GM0013593,GT0003336,SRA_M0011156,SRB_M0008917,
GM0013594,GT0003336,SRA_M0011157,,
GM0013595,GT0003336,SRA_M0011158,SRB_M0008918,
GM0013596,GT0003336,SRA_M0011159,SRB_M0008919,
GM0013597,GT0003337,,,
GM0013598,GT0003337,,SRB_M0008920,
GM0013599,GT0003337,,SRB_M0008921,
GM0013600,GT0003338,SRA_M0011160,SRB_M0008922,SRC_M0005313
GM0013601,GT0003338,SRA_M0011161,SRB_M0008923,
GM0013602,GT0003339,SRA_M0011162,SRB_M0008924,
GM0013603,GT0003339,SRA_M0011163,SRB_M0008925,
GM0013604,GT0003339,SRA_M0011164,SRB_M0008926,
GM0013605,GT0003339,SRA_M0011165,SRB_M0008927,
GM0013606,GT0003339,SRA_M0011166,SRB_M0008928,
GM0013607,GT0003339,SRA_M0011167,SRB_M0008929,
GM0013608,GT0003340,SRA_M0011168,,
GM0013609,GT0003340,SRA_M0011169,SRB_M0008930,
GM0013610,GT0003340,SRA_M0011170,,
GM0013611,GT0003341,SRA_M0011171,SRB_M0008931,SRC_M0005314
GM0013612,GT0003341,,,SRC_M0005315
GM0013613,GT0003342,SRA_M0011172,SRB_M0008932,
GM0013614,GT0003342,SRA_M0011173,SRB_M0008933,SRC_M0005316
GM0013615,GT0003342,SRA_M0011174,SRB_M0008934,
GM0013616,GT0003342,SRA_M0011175,SRB_M0008935,
GM0013617,GT0003342,,SRB_M0008936,SRC_M0005317
GM0013618,GT0003342,SRA_M0011176,SRB_M0008937,
GM0013619,GT0003343,,SRB_M0008938,SRC_M0005319
GM0013620,GT0003343,,SRB_M0008939,SRC_M0005320
GM0013621,GT0003343,,SRB_M0008940,SRC_M0005321
GM0013622,GT0003343,,,SRC_M0005322
GM0013623,GT0003343,,,SRC_M0005323
GM0013624,GT0003343,,SRB_M0008941,SRC_M0005324
GM0013625,GT0003344,SRA_M0011177,,
GM0013626,GT0003344,SRA_M0011178,,
GM0013627,GT0003344,SRA_M0011179,,
GM0013628,GT0003344,SRA_M0011180,,
GM0013629,GT0003344,,,
GM0013630,GT0003344,SRA_M0011181,,
GM0013631,GT0003345,SRA_M0011182,SRB_M0008942,SRC_M0005325
GM0013632,GT0003345,SRA_M0011183,SRB_M0008943,SRC_M0005326
GM0013633,GT0003345,SRA_M0011184,SRB_M0008944,SRC_M0005327
GM0013634,GT0003345,SRA_M0011185,,SRC_M0005328
GM0013635,GT0003345,SRA_M0011186,SRB_M0008945,SRC_M0005329
GM0013636,GT0003346,SRA_M0011187,,
GM0013637,GT0003346,,,
GM0013638,GT0003346,SRA_M0011188,,
GM0013639,GT0003346,SRA_M0011189,,
GM0013640,GT0003346,,,
GM0013641,GT0003347,SRA_M0011190,,
GM0013642,GT0003347,SRA_M0011191,,
GM0013643,GT0003347,SRA_M0011192,,
GM0013644,GT0003348,SRA_M0011193,SRB_M0008946,
GM0013645,GT0003348,SRA_M0011194,SRB_M0008947,SRC_M0005330
GM0013646,GT0003348,SRA_M0011195,SRB_M0008948,SRC_M0005331
GM0013647,GT0003348,SRA_M0011196,SRB_M0008949,SRC_M0005332
GM0013648,GT0003348,SRA_M0011197,SRB_M0008950,SRC_M0005333
GM0013649,GT0003348,SRA_M0011198,SRB_M0008951,SRC_M0005334
GM0013650,GT0003349,SRA_M0011199,SRB_M0008952,
GM0013651,GT0003349,SRA_M0011200,SRB_M0008953,
GM0013652,GT0003349,SRA_M0011201,SRB_M0008954,
GM0013653,GT0003349,SRA_M0011202,SRB_M0008955,
GM0013654,GT0003350,SRA_M0011203,,
GM0013655,GT0003350,SRA_M0011204,,
GM0013656,GT0003350,SRA_M0011205,,
GM0013657,GT0003350,SRA_M0011206,,
GM0013658,GT0003351,SRA_M0011207,,
GM0013659,GT0003351,SRA_M0011208,,SRC_M0005335
GM0013660,GT0003351,SRA_M0011209,,
GM0013661,GT0003352,SRA_M0011210,SRB_M0008956,SRC_M0005336
GM0013662,GT0003352,SRA_M0011211,SRB_M0008957,SRC_M0005337
GM0013663,GT0003352,SRA_M0011212,SRB_M0008958,SRC_M0005338
GM0013664,GT0003352,SRA_M0011213,SRB_M0008959,
GM0013665,GT0003352,SRA_M0011214,SRB_M0008960,SRC_M0005339
GM0013666,GT0003352,SRA_M0011215,SRB_M0008961,SRC_M0005340
GM0013667,GT0003353,SRA_M0011216,SRB_M0008963,
GM0013668,GT0003353,SRA_M0011217,SRB_M0008964,
GM0013669,GT0003353,,SRB_M0008965,
GM0013670,GT0003353,SRA_M0011218,SRB_M0008966,
GM0013671,GT0003353,SRA_M0011219,SRB_M0008967,
GM0013672,GT0003354,SRA_M0011220,SRB_M0008968,
GM0013673,GT0003354,SRA_M0011221,,
GM0013674,GT0003354,SRA_M0011222,SRB_M0008969,
GM0013675,GT0003355,SRA_M0011223,SRB_M0008970,SRC_M0005341
GM0013676,GT0003355,SRA_M0011224,SRB_M0008971,SRC_M0005342
GM0013677,GT0003355,SRA_M0011225,SRB_M0008972,SRC_M0005343
GM0013678,GT0003355,SRA_M0011226,SRB_M0008973,SRC_M0005344
GM0013679,GT0003355,SRA_M0011227,SRB_M0008974,SRC_M0005345
GM0013680,GT0003356,SRA_M0011228,SRB_M0008975,
GM0013681,GT0003356,SRA_M0011229,SRB_M0008976,
GM0013682,GT0003356,SRA_M0011230,SRB_M0008977,
GM0013683,GT0003357,SRA_M0011231,SRB_M0008978,
GM0013684,GT0003357,SRA_M0011232,SRB_M0008979,
GM0013685,GT0003357,,SRB_M0008980,
GM0013686,GT0003358,SRA_M0011233,,
GM0013687,GT0003358,,SRB_M0008981,SRC_M0005346
GM0013688,GT0003358,SRA_M0011234,,SRC_M0005347
GM0013689,GT0003358,SRA_M0011235,SRB_M0008982,SRC_M0005348
GM0013690,GT0003358,SRA_M0011236,,SRC_M0005349
GM0013691,GT0003359,SRA_M0011237,,
GM0013692,GT0003359,,,
GM0013693,GT0003359,,,
GM0013694,GT0003359,SRA_M0011238,,
GM0013695,GT0003359,SRA_M0011239,,
GM0013696,GT0003359,SRA_M0011240,,
GM0013697,GT0003360,SRA_M0011242,SRB_M0008983,SRC_M0005350
GM0013698,GT0003360,SRA_M0011243,SRB_M0008984,
GM0013699,GT0003360,SRA_M0011244,SRB_M0008985,SRC_M0005351
GM0013700,GT0003360,SRA_M0011245,SRB_M0008986,
GM0013701,GT0003361,SRA_M0011246,,
GM0013702,GT0003361,SRA_M0011247,SRB_M0008987,
GM0013703,GT0003361,SRA_M0011248,,
GM0013704,GT0003361,SRA_M0011249,SRB_M0008988,
GM0013705,GT0003361,SRA_M0011250,SRB_M0008989,
GM0013706,GT0003361,SRA_M0011251,SRB_M0008990,
GM0013707,GT0003362,SRA_M0011252,SRB_M0008991,
GM0013708,GT0003362,SRA_M0011253,SRB_M0008992,
GM0013709,GT0003363,SRA_M0011254,SRB_M0008993,
GM0013710,GT0003363,SRA_M0011255,SRB_M0008994,
GM0013711,GT0003364,SRA_M0011256,,SRC_M0005352
GM0013712,GT0003364,SRA_M0011257,SRB_M0008995,SRC_M0005353
GM0013713,GT0003364,SRA_M0011258,SRB_M0008996,SRC_M0005354
GM0013714,GT0003365,SRA_M0011259,SRB_M0008997,
GM0013715,GT0003365,SRA_M0011260,SRB_M0008998,
GM0013716,GT0003366,,SRB_M0009000,SRC_M0005355
GM0013717,GT0003366,,SRB_M0009001,
GM0013718,GT0003366,,SRB_M0009002,SRC_M0005356
GM0013719,GT0003366,,SRB_M0009003,SRC_M0005357
GM0013720,GT0003366,,,SRC_M0005358
GM0013721,GT0003367,SRA_M0011261,SRB_M0009004,
GM0013722,GT0003367,SRA_M0011262,SRB_M0009005,
GM0013723,GT0003367,SRA_M0011263,SRB_M0009006,
GM0013724,GT0003368,SRA_M0011264,SRB_M0009007,
GM0013725,GT0003368,SRA_M0011265,SRB_M0009008,
GM0013726,GT0003368,SRA_M0011266,SRB_M0009009,
GM0013727,GT0003369,,,SRC_M0005359
GM0013728,GT0003369,,,SRC_M0005360
GM0013729,GT0003369,,,
GM0013730,GT0003370,SRA_M0011267,SRB_M0009010,
GM0013731,GT0003370,SRA_M0011268,SRB_M0009011,
GM0013732,GT0003370,SRA_M0011269,SRB_M0009012,
GM0013733,GT0003370,SRA_M0011270,SRB_M0009013,
GM0013734,GT0003371,SRA_M0011271,SRB_M0009014,SRC_M0005361
GM0013735,GT0003371,SRA_M0011272,,SRC_M0005362
GM0013736,GT0003371,SRA_M0011273,SRB_M0009015,SRC_M0005363
GM0013737,GT0003371,SRA_M0011274,SRB_M0009016,SRC_M0005364
GM0013738,GT0003372,SRA_M0011275,,
GM0013739,GT0003372,SRA_M0011276,,SRC_M0005365
GM0013740,GT0003372,SRA_M0011277,,
GM0013741,GT0003372,SRA_M0011278,,
GM0013742,GT0003373,,SRB_M0009017,
GM0013743,GT0003373,,SRB_M0009018,SRC_M0005366
GM0013744,GT0003373,,SRB_M0009019,SRC_M0005367
GM0013745,GT0003373,,,SRC_M0005368
GM0013746,GT0003374,SRA_M0011279,SRB_M0009020,
GM0013747,GT0003374,SRA_M0011280,SRB_M0009021,
GM0013748,GT0003374,SRA_M0011281,SRB_M0009022,
GM0013749,GT0003375,,,
GM0013750,GT0003375,,,
GM0013751,GT0003376,SRA_M0011282,SRB_M0009023,SRC_M0005369
GM0013752,GT0003376,SRA_M0011283,,
GM0013753,GT0003376,SRA_M0011284,SRB_M0009024,SRC_M0005370
GM0013754,GT0003376,SRA_M0011285,,SRC_M0005371
GM0013755,GT0003376,SRA_M0011286,,SRC_M0005372
GM0013756,GT0003377,SRA_M0011287,SRB_M0009025,SRC_M0005373
GM0013757,GT0003377,SRA_M0011288,SRB_M0009026,SRC_M0005374
GM0013758,GT0003378,SRA_M0011289,SRB_M0009027,
GM0013759,GT0003378,SRA_M0011290,SRB_M0009028,
GM0013760,GT0003378,SRA_M0011291,SRB_M0009029,
GM0013761,GT0003378,SRA_M0011292,,
GM0013762,GT0003378,SRA_M0011293,SRB_M0009030,
GM0013763,GT0003379,,SRB_M0009031,
GM0013764,GT0003379,,SRB_M0009032,
GM0013765,GT0003379,,,
GM0013766,GT0003379,,,
GM0013767,GT0003379,,SRB_M0009033,
GM0013768,GT0003380,SRA_M0011294,,SRC_M0005375
GM0013769,GT0003380,SRA_M0011295,,
GM0013770,GT0003380,SRA_M0011296,,
GM0013771,GT0003380,SRA_M0011297,,SRC_M0005376
GM0013772,GT0003380,SRA_M0011298,,
GM0013773,GT0003381,SRA_M0011299,SRB_M0009034,SRC_M0005377
GM0013774,GT0003381,SRA_M0011300,SRB_M0009035,SRC_M0005378
GM0013775,GT0003381,SRA_M0011301,,SRC_M0005379
GM0013776,GT0003381,SRA_M0011302,SRB_M0009036,
GM0013777,GT0003381,SRA_M0011303,SRB_M0009037,SRC_M0005380
GM0013778,GT0003381,SRA_M0011304,SRB_M0009038,SRC_M0005381
GM0013779,GT0003382,SRA_M0011305,,SRC_M0005382
GM0013780,GT0003382,SRA_M0011306,SRB_M0009039,
GM0013781,GT0003382,SRA_M0011307,SRB_M0009040,SRC_M0005383
GM0013782,GT0003382,SRA_M0011308,SRB_M0009041,SRC_M0005384
GM0013783,GT0003383,SRA_M0011309,,SRC_M0005385
GM0013784,GT0003383,SRA_M0011310,SRB_M0009042,
GM0013785,GT0003383,SRA_M0011311,SRB_M0009043,SRC_M0005386
GM0013786,GT0003383,SRA_M0011312,SRB_M0009044,
GM0013787,GT0003383,SRA_M0011313,,
GM0013788,GT0003383,SRA_M0011314,SRB_M0009045,SRC_M0005387
GM0013789,GT0003384,SRA_M0011315,,SRC_M0005388
GM0013790,GT0003384,SRA_M0011316,,SRC_M0005389
GM0013791,GT0003384,SRA_M0011317,,SRC_M0005390
GM0013792,GT0003384,SRA_M0011318,,
GM0013793,GT0003384,SRA_M0011319,,SRC_M0005391
GM0013794,GT0003384,SRA_M0011320,,SRC_M0005392
GM0013795,GT0003385,SRA_M0011321,SRB_M0009046,SRC_M0005393
GM0013796,GT0003385,SRA_M0011322,,
GM0013797,GT0003385,SRA_M0011323,SRB_M0009047,
GM0013798,GT0003386,,SRB_M0009048,
GM0013799,GT0003386,SRA_M0011324,SRB_M0009049,SRC_M0005395
GM0013800,GT0003386,SRA_M0011325,SRB_M0009050,SRC_M0005396
GM0013801,GT0003386,SRA_M0011326,SRB_M0009051,SRC_M0005397
GM0013802,GT0003386,SRA_M0011327,SRB_M0009052,
GM0013803,GT0003386,SRA_M0011328,,SRC_M0005398
GM0013804,GT0003387,SRA_M0011329,SRB_M0009053,
GM0013805,GT0003387,SRA_M0011330,SRB_M0009054,
GM0013806,GT0003388,,SRB_M0009055,
GM0013807,GT0003388,,SRB_M0009056,
GM0013808,GT0003388,SRA_M0011331,,
GM0013809,GT0003388,SRA_M0011332,SRB_M0009057,
GM0013810,GT0003388,,SRB_M0009058,
GM0013811,GT0003389,SRA_M0011333,SRB_M0009059,SRC_M0005399
GM0013812,GT0003389,SRA_M0011334,,
GM0013813,GT0003390,SRA_M0011335,SRB_M0009060,
GM0013814,GT0003390,SRA_M0011336,SRB_M0009061,
GM0013815,GT0003391,SRA_M0011337,,SRC_M0005400
GM0013816,GT0003391,,SRB_M0009062,SRC_M0005401
GM0013817,GT0003391,SRA_M0011338,,SRC_M0005402
GM0013818,GT0003391,SRA_M0011339,,SRC_M0005403
GM0013819,GT0003391,SRA_M0011340,SRB_M0009063,SRC_M0005404
GM0013820,GT0003392,SRA_M0011341,SRB_M0009064,
GM0013821,GT0003392,SRA_M0011342,SRB_M0009065,
GM0013822,GT0003392,SRA_M0011343,SRB_M0009066,
GM0013823,GT0003393,SRA_M0011344,SRB_M0009067,SRC_M0005405
GM0013824,GT0003393,SRA_M0011345,,SRC_M0005406
GM0013825,GT0003393,SRA_M0011346,SRB_M0009068,SRC_M0005407
GM0013826,GT0003393,SRA_M0011347,,SRC_M0005408
GM0013827,GT0003393,SRA_M0011348,SRB_M0009069,SRC_M0005409
GM0013828,GT0003394,SRA_M0011349,SRB_M0009070,
GM0013829,GT0003394,SRA_M0011350,SRB_M0009071,
GM0013830,GT0003394,SRA_M0011351,SRB_M0009072,
GM0013831,GT0003394,SRA_M0011352,SRB_M0009073,
GM0013832,GT0003394,SRA_M0011353,SRB_M0009074,
GM0013833,GT0003394,SRA_M0011354,,
GM0013834,GT0003395,SRA_M0011355,SRB_M0009075,SRC_M0005410
GM0013835,GT0003395,SRA_M0011356,SRB_M0009076,SRC_M0005411
GM0013836,GT0003395,SRA_M0011357,SRB_M0009077,SRC_M0005412
GM0013837,GT0003396,SRA_M0011358,SRB_M0009078,SRC_M0005413
GM0013838,GT0003396,SRA_M0011359,SRB_M0009079,SRC_M0005414
GM0013839,GT0003396,SRA_M0011360,SRB_M0009080,SRC_M0005415
GM0013840,GT0003396,SRA_M0011361,SRB_M0009081,SRC_M0005416
GM0013841,GT0003397,SRA_M0011362,,
GM0013842,GT0003397,SRA_M0011363,,
GM0013843,GT0003397,SRA_M0011364,,
GM0013844,GT0003397,SRA_M0011365,,
GM0013845,GT0003397,SRA_M0011366,,
GM0013846,GT0003398,SRA_M0011367,,
GM0013847,GT0003398,SRA_M0011368,SRB_M0009082,SRC_M0005417
GM0013848,GT0003398,SRA_M0011369,SRB_M0009083,SRC_M0005418
GM0013849,GT0003399,SRA_M0011370,,SRC_M0005419
GM0013850,GT0003399,SRA_M0011371,,SRC_M0005420
GM0013851,GT0003399,SRA_M0011372,,SRC_M0005421
GM0013852,GT0003400,,,SRC_M0005422
GM0013853,GT0003400,,,
GM0013854,GT0003400,,,SRC_M0005423
GM0013855,GT0003400,,,
GM0013856,GT0003400,,,SRC_M0005424
GM0013857,GT0003400,,,SRC_M0005425
GM0013858,GT0003401,SRA_M0011373,SRB_M0009084,
GM0013859,GT0003401,SRA_M0011374,SRB_M0009085,SRC_M0005426
GM0013860,GT0003401,SRA_M0011375,,
GM0013861,GT0003401,SRA_M0011376,,SRC_M0005427
GM0013862,GT0003401,SRA_M0011377,,SRC_M0005428
GM0013863,GT0003402,SRA_M0011378,SRB_M0009086,SRC_M0005429
GM0013864,GT0003402,SRA_M0011379,SRB_M0009087,
GM0013865,GT0003402,SRA_M0011380,SRB_M0009088,
GM0013866,GT0003402,SRA_M0011381,SRB_M0009089,SRC_M0005430
GM0013867,GT0003402,SRA_M0011382,SRB_M0009090,SRC_M0005431
GM0013868,GT0003402,SRA_M0011383,,
GM0013869,GT0003403,,SRB_M0009091,SRC_M0005432
GM0013870,GT0003403,,,SRC_M0005433
GM0013871,GT0003404,SRA_M0011384,SRB_M0009092,
GM0013872,GT0003404,SRA_M0011385,,SRC_M0005434
GM0013873,GT0003404,SRA_M0011386,SRB_M0009093,
GM0013874,GT0003404,SRA_M0011387,SRB_M0009094,SRC_M0005435
GM0013875,GT0003404,SRA_M0011388,,SRC_M0005436
GM0013876,GT0003404,,SRB_M0009095,SRC_M0005437
GM0013877,GT0003405,,,
GM0013878,GT0003405,SRA_M0011389,SRB_M0009096,
GM0013879,GT0003405,SRA_M0011390,SRB_M0009097,
GM0013880,GT0003405,SRA_M0011391,,
GM0013881,GT0003406,SRA_M0011392,SRB_M0009098,
GM0013882,GT0003406,SRA_M0011393,,
GM0013883,GT0003406,SRA_M0011394,SRB_M0009099,
GM0013884,GT0003406,SRA_M0011395,SRB_M0009100,SRC_M0005438
GM0013885,GT0003406,SRA_M0011396,SRB_M0009101,SRC_M0005439
GM0013886,GT0003406,SRA_M0011397,SRB_M0009102,SRC_M0005440
GM0013887,GT0003407,SRA_M0011398,,
GM0013888,GT0003407,SRA_M0011399,,
GM0013889,GT0003407,SRA_M0011400,,
GM0013890,GT0003407,SRA_M0011401,,
GM0013891,GT0003407,SRA_M0011402,,
GM0013892,GT0003408,SRA_M0011404,,
GM0013893,GT0003408,SRA_M0011405,,
GM0013894,GT0003408,,,
GM0013895,GT0003408,SRA_M0011406,,
GM0013896,GT0003409,SRA_M0011407,SRB_M0009103,SRC_M0005441
GM0013897,GT0003409,,SRB_M0009104,
GM0013898,GT0003410,,SRB_M0009105,
GM0013899,GT0003410,,SRB_M0009106,
GM0013900,GT0003410,,SRB_M0009107,
GM0013901,GT0003410,,SRB_M0009108,
GM0013902,GT0003411,SRA_M0011408,SRB_M0009109,
GM0013903,GT0003411,SRA_M0011409,SRB_M0009110,
GM0013904,GT0003412,SRA_M0011410,,
GM0013905,GT0003412,SRA_M0011411,,
GM0013906,GT0003412,SRA_M0011412,,
GM0013907,GT0003413,SRA_M0011413,SRB_M0009111,
GM0013908,GT0003413,SRA_M0011414,SRB_M0009112,
GM0013909,GT0003414,SRA_M0011415,SRB_M0009113,
GM0013910,GT0003414,SRA_M0011416,SRB_M0009114,
GM0013911,GT0003414,SRA_M0011417,SRB_M0009115,
GM0013912,GT0003414,SRA_M0011418,SRB_M0009116,
GM0013913,GT0003414,SRA_M0011419,SRB_M0009117,
GM0013914,GT0003414,SRA_M0011420,,
GM0013915,GT0003415,SRA_M0011421,SRB_M0009118,
GM0013916,GT0003415,SRA_M0011422,SRB_M0009119,
GM0013917,GT0003415,SRA_M0011423,SRB_M0009120,
GM0013918,GT0003416,SRA_M0011424,,
GM0013919,GT0003416,SRA_M0011425,,
GM0013920,GT0003416,SRA_M0011426,,
GM0013921,GT0003416,SRA_M0011427,,
GM0013922,GT0003416,SRA_M0011428,,
GM0013923,GT0003416,SRA_M0011429,,
GM0013924,GT0003417,SRA_M0011431,,
GM0013925,GT0003417,SRA_M0011432,,SRC_M0005442
GM0013926,GT0003418,SRA_M0011433,SRB_M0009121,SRC_M0005443
GM0013927,GT0003418,SRA_M0011434,SRB_M0009122,
GM0013928,GT0003419,SRA_M0011435,SRB_M0009124,SRC_M0005444
GM0013929,GT0003419,SRA_M0011436,SRB_M0009125,SRC_M0005445
GM0013930,GT0003419,SRA_M0011437,SRB_M0009126,SRC_M0005446
GM0013931,GT0003420,SRA_M0011438,,
GM0013932,GT0003420,,SRB_M0009127,
GM0013933,GT0003421,SRA_M0011439,SRB_M0009128,
GM0013934,GT0003421,SRA_M0011440,SRB_M0009129,
GM0013935,GT0003421,SRA_M0011441,SRB_M0009130,
GM0013936,GT0003422,,SRB_M0009131,
GM0013937,GT0003422,,SRB_M0009132,
GM0013938,GT0003422,SRA_M0011442,SRB_M0009133,
GM0013939,GT0003423,SRA_M0011443,SRB_M0009134,
GM0013940,GT0003423,SRA_M0011444,SRB_M0009135,
GM0013941,GT0003423,SRA_M0011445,SRB_M0009136,
GM0013942,GT0003424,SRA_M0011446,SRB_M0009138,
GM0013943,GT0003424,SRA_M0011447,,SRC_M0005447
GM0013944,GT0003424,SRA_M0011448,SRB_M0009139,SRC_M0005448
GM0013945,GT0003424,,SRB_M0009140,
GM0013946,GT0003425,SRA_M0011449,,
GM0013947,GT0003425,SRA_M0011450,,
GM0013948,GT0003426,SRA_M0011451,,
GM0013949,GT0003426,SRA_M0011452,,
GM0013950,GT0003427,SRA_M0011453,,SRC_M0005449
GM0013951,GT0003427,,SRB_M0009141,SRC_M0005450
GM0013952,GT0003427,SRA_M0011454,SRB_M0009142,
GM0013953,GT0003427,SRA_M0011455,SRB_M0009143,
GM0013954,GT0003427,SRA_M0011456,SRB_M0009144,
GM0013955,GT0003427,,SRB_M0009145,
GM0013956,GT0003428,SRA_M0011457,SRB_M0009146,
GM0013957,GT0003428,SRA_M0011458,SRB_M0009147,
GM0013958,GT0003428,SRA_M0011459,SRB_M0009148,
GM0013959,GT0003428,SRA_M0011460,SRB_M0009149,
GM0013960,GT0003429,,SRB_M0009150,
GM0013961,GT0003429,SRA_M0011461,SRB_M0009151,
GM0013962,GT0003429,SRA_M0011462,SRB_M0009152,
GM0013963,GT0003430,SRA_M0011463,SRB_M0009153,
GM0013964,GT0003430,SRA_M0011464,,
GM0013965,GT0003430,SRA_M0011465,SRB_M0009154,
GM0013966,GT0003430,SRA_M0011466,SRB_M0009155,
GM0013967,GT0003430,SRA_M0011467,SRB_M0009156,
GM0013968,GT0003431,SRA_M0011468,,SRC_M0005451
GM0013969,GT0003431,SRA_M0011469,,
GM0013970,GT0003431,SRA_M0011470,,SRC_M0005452
GM0013971,GT0003431,SRA_M0011471,,SRC_M0005453
GM0013972,GT0003432,SRA_M0011472,SRB_M0009157,SRC_M0005454
GM0013973,GT0003432,SRA_M0011473,SRB_M0009158,SRC_M0005455
GM0013974,GT0003432,SRA_M0011474,SRB_M0009159,SRC_M0005456
GM0013975,GT0003432,SRA_M0011475,SRB_M0009160,SRC_M0005457
GM0013976,GT0003432,,,SRC_M0005458
GM0013977,GT0003432,,,SRC_M0005459
GM0013978,GT0003433,SRA_M0011476,,
GM0013979,GT0003433,SRA_M0011477,,
GM0013980,GT0003433,SRA_M0011478,SRB_M0009161,SRC_M0005460
GM0013981,GT0003433,SRA_M0011479,SRB_M0009162,SRC_M0005461
GM0013982,GT0003433,SRA_M0011480,SRB_M0009163,SRC_M0005462
GM0013983,GT0003433,SRA_M0011481,SRB_M0009164,SRC_M0005463
GM0013984,GT0003434,SRA_M0011482,SRB_M0009165,
GM0013985,GT0003434,SRA_M0011483,SRB_M0009166,
GM0013986,GT0003434,SRA_M0011484,SRB_M0009167,
GM0013987,GT0003434,SRA_M0011485,SRB_M0009168,
GM0013988,GT0003434,,SRB_M0009169,
GM0013989,GT0003435,SRA_M0011486,SRB_M0009170,SRC_M0005464
GM0013990,GT0003435,SRA_M0011487,SRB_M0009171,SRC_M0005465
GM0013991,GT0003436,,SRB_M0009173,SRC_M0005466
GM0013992,GT0003436,,SRB_M0009174,SRC_M0005467
GM0013993,GT0003437,SRA_M0011488,SRB_M0009175,
GM0013994,GT0003437,SRA_M0011489,,
GM0013995,GT0003438,SRA_M0011490,,
GM0013996,GT0003438,SRA_M0011491,SRB_M0009176,
GM0013997,GT0003438,SRA_M0011492,SRB_M0009177,SRC_M0005468
GM0013998,GT0003438,SRA_M0011493,SRB_M0009178,SRC_M0005469
GM0013999,GT0003438,SRA_M0011494,SRB_M0009179,SRC_M0005470
GM0014000,GT0003438,SRA_M0011495,SRB_M0009180,SRC_M0005471
GM0014001,GT0003439,SRA_M0011496,,
GM0014002,GT0003439,SRA_M0011497,SRB_M0009182,
GM0014003,GT0003439,,SRB_M0009183,
GM0014004,GT0003439,SRA_M0011498,SRB_M0009184,
GM0014005,GT0003439,SRA_M0011499,SRB_M0009185,
GM0014006,GT0003439,,SRB_M0009186,
GM0014007,GT0003440,SRA_M0011500,,
GM0014008,GT0003440,SRA_M0011501,SRB_M0009187,
GM0014009,GT0003440,SRA_M0011502,SRB_M0009188,
GM0014010,GT0003440,SRA_M0011503,SRB_M0009189,
GM0014011,GT0003441,SRA_M0011504,,SRC_M0005472
GM0014012,GT0003441,SRA_M0011505,SRB_M0009190,SRC_M0005473
GM0014013,GT0003442,,SRB_M0009191,
GM0014014,GT0003442,,SRB_M0009192,SRC_M0005474
GM0014015,GT0003442,,,
GM0014016,GT0003443,SRA_M0011506,SRB_M0009193,SRC_M0005475
GM0014017,GT0003443,SRA_M0011507,SRB_M0009194,SRC_M0005476
GM0014018,GT0003443,SRA_M0011508,,SRC_M0005477
GM0014019,GT0003443,SRA_M0011509,SRB_M0009195,SRC_M0005478
GM0014020,GT0003443,,SRB_M0009196,SRC_M0005479
GM0014021,GT0003443,SRA_M0011510,SRB_M0009197,SRC_M0005480
GM0014022,GT0003444,,SRB_M0009198,
GM0014023,GT0003444,SRA_M0011511,,
GM0014024,GT0003444,SRA_M0011512,SRB_M0009199,
GM0014025,GT0003444,SRA_M0011513,SRB_M0009200,
GM0014026,GT0003445,SRA_M0011514,SRB_M0009201,
GM0014027,GT0003445,SRA_M0011515,SRB_M0009202,
GM0014028,GT0003446,SRA_M0011516,,SRC_M0005481
GM0014029,GT0003446,SRA_M0011517,,SRC_M0005482
GM0014030,GT0003447,,SRB_M0009203,SRC_M0005483
GM0014031,GT0003447,,SRB_M0009204,SRC_M0005484
GM0014032,GT0003447,,SRB_M0009205,SRC_M0005485
GM0014033,GT0003447,,SRB_M0009206,SRC_M0005486
GM0014034,GT0003447,,,
GM0014035,GT0003447,,,SRC_M0005487
GM0014036,GT0003448,SRA_M0011518,SRB_M0009207,SRC_M0005488
GM0014037,GT0003448,SRA_M0011519,SRB_M0009208,
GM0014038,GT0003448,,SRB_M0009209,
GM0014039,GT0003449,SRA_M0011520,,
GM0014040,GT0003449,,,
GM0014041,GT0003449,SRA_M0011521,,
GM0014042,GT0003449,SRA_M0011522,,
GM0014043,GT0003449,SRA_M0011523,,
GM0014044,GT0003449,SRA_M0011524,,
GM0014045,GT0003450,SRA_M0011525,SRB_M0009210,
GM0014046,GT0003450,SRA_M0011526,SRB_M0009211,
GM0014047,GT0003450,SRA_M0011527,SRB_M0009212,
GM0014048,GT0003450,SRA_M0011528,SRB_M0009213,
GM0014049,GT0003450,SRA_M0011529,,
GM0014050,GT0003451,SRA_M0011530,SRB_M0009214,
GM0014051,GT0003451,SRA_M0011531,SRB_M0009215,SRC_M0005489
GM0014052,GT0003451,SRA_M0011532,,
GM0014053,GT0003452,SRA_M0011533,SRB_M0009216,
GM0014054,GT0003452,SRA_M0011534,SRB_M0009217,
GM0014055,GT0003452,,SRB_M0009218,
GM0014056,GT0003452,SRA_M0011535,,
GM0014057,GT0003452,,,
GM0014058,GT0003452,SRA_M0011536,SRB_M0009219,
GM0014059,GT0003453,SRA_M0011537,SRB_M0009220,
GM0014060,GT0003453,,,
GM0014061,GT0003454,SRA_M0011538,SRB_M0009221,
GM0014062,GT0003454,SRA_M0011539,SRB_M0009222,
GM0014063,GT0003455,SRA_M0011540,SRB_M0009223,
GM0014064,GT0003455,SRA_M0011541,SRB_M0009224,
GM0014065,GT0003455,SRA_M0011542,SRB_M0009225,
GM0014066,GT0003455,SRA_M0011543,SRB_M0009226,
GM0014067,GT0003456,SRA_M0011544,SRB_M0009227,
GM0014068,GT0003456,SRA_M0011545,SRB_M0009228,SRC_M0005490
GM0014069,GT0003456,SRA_M0011546,SRB_M0009229,SRC_M0005491
GM0014070,GT0003457,,SRB_M0009230,
GM0014071,GT0003457,SRA_M0011548,SRB_M0009231,
GM0014072,GT0003457,SRA_M0011549,SRB_M0009232,
GM0014073,GT0003457,SRA_M0011550,SRB_M0009233,
GM0014074,GT0003457,SRA_M0011551,SRB_M0009234,
GM0014075,GT0003458,SRA_M0011552,SRB_M0009235,SRC_M0005492
GM0014076,GT0003458,SRA_M0011553,SRB_M0009236,SRC_M0005493
GM0014077,GT0003458,SRA_M0011554,,
GM0014078,GT0003458,SRA_M0011555,SRB_M0009237,SRC_M0005494
GM0014079,GT0003458,SRA_M0011556,SRB_M0009238,SRC_M0005495
GM0014080,GT0003458,SRA_M0011557,SRB_M0009239,SRC_M0005496
GM0014081,GT0003459,SRA_M0011558,SRB_M0009240,
GM0014082,GT0003459,,,
GM0014083,GT0003459,SRA_M0011559,SRB_M0009241,
GM0014084,GT0003459,SRA_M0011560,SRB_M0009242,
GM0014085,GT0003459,SRA_M0011561,SRB_M0009243,
GM0014086,GT0003459,SRA_M0011562,,
GM0014087,GT0003460,SRA_M0011563,,SRC_M0005497
GM0014088,GT0003460,SRA_M0011564,SRB_M0009244,SRC_M0005498
GM0014089,GT0003460,SRA_M0011565,,SRC_M0005499
GM0014090,GT0003461,SRA_M0011566,SRB_M0009245,
GM0014091,GT0003461,SRA_M0011567,SRB_M0009246,
GM0014092,GT0003461,SRA_M0011568,,SRC_M0005501
GM0014093,GT0003461,SRA_M0011569,,SRC_M0005502
GM0014094,GT0003461,SRA_M0011570,SRB_M0009247,SRC_M0005503
GM0014095,GT0003462,SRA_M0011571,SRB_M0009248,SRC_M0005504
GM0014096,GT0003462,SRA_M0011572,SRB_M0009249,
GM0014097,GT0003462,SRA_M0011573,SRB_M0009250,SRC_M0005505
GM0014098,GT0003463,,,
GM0014099,GT0003463,,SRB_M0009251,SRC_M0005506
GM0014100,GT0003463,,SRB_M0009252,SRC_M0005507
GM0014101,GT0003463,,SRB_M0009253,SRC_M0005508
GM0014102,GT0003463,,,SRC_M0005509
GM0014103,GT0003464,SRA_M0011574,,SRC_M0005510
GM0014104,GT0003464,,SRB_M0009254,
GM0014105,GT0003464,SRA_M0011575,SRB_M0009255,SRC_M0005511
GM0014106,GT0003465,,,
GM0014107,GT0003465,,,
GM0014108,GT0003466,,SRB_M0009256,
GM0014109,GT0003466,,,
GM0014110,GT0003466,,SRB_M0009257,
GM0014111,GT0003466,,SRB_M0009258,
GM0014112,GT0003466,,SRB_M0009259,
GM0014113,GT0003467,SRA_M0011576,,
GM0014114,GT0003467,SRA_M0011577,SRB_M0009260,SRC_M0005512
GM0014115,GT0003467,SRA_M0011578,SRB_M0009261,SRC_M0005513
GM0014116,GT0003467,SRA_M0011579,SRB_M0009262,
GM0014117,GT0003467,,SRB_M0009263,
GM0014118,GT0003467,SRA_M0011580,SRB_M0009264,SRC_M0005514
GM0014119,GT0003468,SRA_M0011581,,SRC_M0005515
GM0014120,GT0003468,SRA_M0011582,,SRC_M0005516
GM0014121,GT0003468,SRA_M0011583,,SRC_M0005517
GM0014122,GT0003468,SRA_M0011584,,SRC_M0005518
GM0014123,GT0003468,SRA_M0011585,,SRC_M0005519
GM0014124,GT0003469,SRA_M0011586,,
GM0014125,GT0003469,SRA_M0011587,,
GM0014126,GT0003469,SRA_M0011588,,
GM0014127,GT0003469,SRA_M0011589,,
GM0014128,GT0003469,SRA_M0011590,,
GM0014129,GT0003470,,SRB_M0009265,SRC_M0005520
GM0014130,GT0003470,,,SRC_M0005521
GM0014131,GT0003470,,SRB_M0009266,SRC_M0005522
GM0014132,GT0003470,,,SRC_M0005523
GM0014133,GT0003470,,SRB_M0009267,
GM0014134,GT0003471,SRA_M0011591,SRB_M0009268,
GM0014135,GT0003471,SRA_M0011592,SRB_M0009269,
GM0014136,GT0003471,SRA_M0011593,SRB_M0009270,
GM0014137,GT0003471,SRA_M0011594,SRB_M0009271,
GM0014138,GT0003471,SRA_M0011595,SRB_M0009272,
GM0014139,GT0003471,SRA_M0011596,,
GM0014140,GT0003472,,SRB_M0009273,
GM0014141,GT0003472,,SRB_M0009274,
GM0014142,GT0003472,,SRB_M0009275,
GM0014143,GT0003472,,SRB_M0009276,
GM0014144,GT0003472,,SRB_M0009277,
GM0014145,GT0003472,,,
GM0014146,GT0003473,,,
GM0014147,GT0003473,SRA_M0011597,,
GM0014148,GT0003473,SRA_M0011598,,
GM0014149,GT0003473,,,
GM0014150,GT0003473,SRA_M0011599,,
GM0014151,GT0003473,SRA_M0011600,,
GM0014152,GT0003474,,SRB_M0009279,
GM0014153,GT0003474,,SRB_M0009280,
GM0014154,GT0003474,,SRB_M0009281,
GM0014155,GT0003474,,SRB_M0009282,
GM0014156,GT0003475,SRA_M0011601,SRB_M0009283,
GM0014157,GT0003475,SRA_M0011602,SRB_M0009284,
GM0014158,GT0003475,,SRB_M0009285,
GM0014159,GT0003475,SRA_M0011603,SRB_M0009286,
GM0014160,GT0003476,SRA_M0011604,SRB_M0009287,SRC_M0005524
GM0014161,GT0003476,SRA_M0011605,SRB_M0009288,SRC_M0005525
GM0014162,GT0003476,SRA_M0011606,SRB_M0009289,SRC_M0005526
GM0014163,GT0003476,SRA_M0011607,SRB_M0009290,
GM0014164,GT0003476,SRA_M0011608,SRB_M0009291,SRC_M0005527
GM0014165,GT0003477,SRA_M0011609,SRB_M0009293,SRC_M0005528
GM0014166,GT0003477,SRA_M0011610,SRB_M0009294,
GM0014167,GT0003478,SRA_M0011611,SRB_M0009295,SRC_M0005529
GM0014168,GT0003478,SRA_M0011612,SRB_M0009296,SRC_M0005530
GM0014169,GT0003479,SRA_M0011613,SRB_M0009297,SRC_M0005531
GM0014170,GT0003479,SRA_M0011614,SRB_M0009298,SRC_M0005532
GM0014171,GT0003480,SRA_M0011615,,
GM0014172,GT0003480,SRA_M0011616,SRB_M0009299,SRC_M0005533
GM0014173,GT0003480,,SRB_M0009300,SRC_M0005534
GM0014174,GT0003480,SRA_M0011617,SRB_M0009301,SRC_M0005535
GM0014175,GT0003480,SRA_M0011618,SRB_M0009302,SRC_M0005536
GM0014176,GT0003480,SRA_M0011619,SRB_M0009303,SRC_M0005537
GM0014177,GT0003481,,,SRC_M0005538
GM0014178,GT0003481,,SRB_M0009304,SRC_M0005539
GM0014179,GT0003481,,SRB_M0009305,SRC_M0005540
GM0014180,GT0003481,,SRB_M0009306,SRC_M0005541
GM0014181,GT0003482,SRA_M0011620,,
GM0014182,GT0003482,SRA_M0011621,,
GM0014183,GT0003482,SRA_M0011622,,
GM0014184,GT0003482,SRA_M0011623,,
GM0014185,GT0003483,,SRB_M0009307,
GM0014186,GT0003483,,,
GM0014187,GT0003483,,SRB_M0009308,
GM0014188,GT0003483,,SRB_M0009309,
GM0014189,GT0003483,,SRB_M0009310,
GM0014190,GT0003483,,SRB_M0009311,
GM0014191,GT0003484,SRA_M0011624,SRB_M0009312,
GM0014192,GT0003484,SRA_M0011625,SRB_M0009313,
GM0014193,GT0003484,SRA_M0011626,SRB_M0009314,SRC_M0005542
GM0014194,GT0003484,SRA_M0011627,SRB_M0009315,
GM0014195,GT0003484,SRA_M0011628,,SRC_M0005543
GM0014196,GT0003484,SRA_M0011629,SRB_M0009316,SRC_M0005544
GM0014197,GT0003485,SRA_M0011630,SRB_M0009317,
GM0014198,GT0003485,SRA_M0011631,SRB_M0009318,SRC_M0005545
GM0014199,GT0003485,SRA_M0011632,,SRC_M0005546
GM0014200,GT0003486,SRA_M0011633,,
GM0014201,GT0003486,SRA_M0011634,,
GM0014202,GT0003486,SRA_M0011635,,
GM0014203,GT0003486,SRA_M0011636,,
GM0014204,GT0003487,,SRB_M0009319,
GM0014205,GT0003487,,SRB_M0009320,
GM0014206,GT0003487,,SRB_M0009321,
GM0014207,GT0003488,,SRB_M0009322,
GM0014208,GT0003488,SRA_M0011637,SRB_M0009323,
GM0014209,GT0003488,,SRB_M0009324,
GM0014210,GT0003488,SRA_M0011638,SRB_M0009325,
GM0014211,GT0003488,SRA_M0011639,SRB_M0009326,
GM0014212,GT0003489,SRA_M0011640,SRB_M0009327,
GM0014213,GT0003489,SRA_M0011641,SRB_M0009328,
GM0014214,GT0003489,,SRB_M0009329,
GM0014215,GT0003489,SRA_M0011642,SRB_M0009330,
GM0014216,GT0003490,SRA_M0011643,SRB_M0009331,
GM0014217,GT0003490,SRA_M0011644,SRB_M0009332,
GM0014218,GT0003491,SRA_M0011645,SRB_M0009333,
GM0014219,GT0003491,SRA_M0011646,SRB_M0009334,SRC_M0005547
GM0014220,GT0003491,SRA_M0011647,SRB_M0009335,SRC_M0005548
GM0014221,GT0003491,SRA_M0011648,SRB_M0009336,SRC_M0005549
GM0014222,GT0003491,SRA_M0011649,SRB_M0009337,SRC_M0005550
GM0014223,GT0003491,SRA_M0011650,SRB_M0009338,SRC_M0005551
GM0014224,GT0003492,SRA_M0011651,SRB_M0009339,
GM0014225,GT0003492,SRA_M0011652,SRB_M0009340,SRC_M0005552
GM0014226,GT0003492,SRA_M0011653,,SRC_M0005553
GM0014227,GT0003492,SRA_M0011654,SRB_M0009341,SRC_M0005554
GM0014228,GT0003492,SRA_M0011655,SRB_M0009342,SRC_M0005555
GM0014229,GT0003493,SRA_M0011656,,
GM0014230,GT0003493,SRA_M0011657,,
GM0014231,GT0003493,SRA_M0011658,,
GM0014232,GT0003493,SRA_M0011659,,
GM0014233,GT0003493,SRA_M0011660,,
GM0014234,GT0003494,,,
GM0014235,GT0003494,SRA_M0011661,,SRC_M0005557
GM0014236,GT0003495,SRA_M0011662,,
GM0014237,GT0003495,SRA_M0011663,,SRC_M0005558
GM0014238,GT0003495,SRA_M0011664,,
GM0014239,GT0003495,SRA_M0011665,,SRC_M0005559
GM0014240,GT0003495,SRA_M0011666,,SRC_M0005560
GM0014241,GT0003496,SRA_M0011667,SRB_M0009343,SRC_M0005561
GM0014242,GT0003496,SRA_M0011668,SRB_M0009344,SRC_M0005562
GM0014243,GT0003497,SRA_M0011669,SRB_M0009345,SRC_M0005563
GM0014244,GT0003497,,SRB_M0009346,SRC_M0005564
GM0014245,GT0003497,SRA_M0011670,SRB_M0009347,
GM0014246,GT0003498,SRA_M0011671,,
GM0014247,GT0003498,SRA_M0011672,SRB_M0009348,SRC_M0005565
GM0014248,GT0003498,SRA_M0011673,SRB_M0009349,SRC_M0005566
GM0014249,GT0003498,SRA_M0011674,SRB_M0009350,SRC_M0005567
GM0014250,GT0003498,SRA_M0011675,SRB_M0009351,SRC_M0005568
GM0014251,GT0003499,SRA_M0011676,SRB_M0009352,
GM0014252,GT0003499,SRA_M0011677,SRB_M0009353,
GM0014253,GT0003500,SRA_M0011678,SRB_M0009355,
GM0014254,GT0003500,SRA_M0011679,SRB_M0009356,
GM0014255,GT0003501,SRA_M0011680,SRB_M0009358,SRC_M0005569
GM0014256,GT0003501,SRA_M0011681,SRB_M0009359,SRC_M0005570
GM0014257,GT0003501,SRA_M0011682,SRB_M0009360,SRC_M0005571
GM0014258,GT0003501,SRA_M0011683,SRB_M0009361,SRC_M0005572
GM0014259,GT0003501,SRA_M0011684,SRB_M0009362,SRC_M0005573
GM0014260,GT0003501,SRA_M0011685,SRB_M0009363,SRC_M0005574
GM0014261,GT0003502,SRA_M0011686,SRB_M0009364,
GM0014262,GT0003502,SRA_M0011687,SRB_M0009365,
GM0014263,GT0003503,SRA_M0011688,SRB_M0009366,SRC_M0005575
GM0014264,GT0003503,SRA_M0011689,SRB_M0009367,SRC_M0005576
GM0014265,GT0003503,SRA_M0011690,SRB_M0009368,SRC_M0005577
GM0014266,GT0003503,SRA_M0011691,SRB_M0009369,SRC_M0005578
GM0014267,GT0003503,SRA_M0011692,SRB_M0009370,SRC_M0005579
GM0014268,GT0003503,SRA_M0011693,SRB_M0009371,SRC_M0005580
GM0014269,GT0003504,SRA_M0011694,SRB_M0009372,
GM0014270,GT0003504,SRA_M0011695,,
GM0014271,GT0003504,SRA_M0011696,,
GM0014272,GT0003504,SRA_M0011697,SRB_M0009373,
GM0014273,GT0003504,SRA_M0011698,SRB_M0009374,
GM0014274,GT0003505,,SRB_M0009375,
GM0014275,GT0003505,SRA_M0011699,SRB_M0009376,
GM0014276,GT0003505,SRA_M0011700,SRB_M0009377,
GM0014277,GT0003505,SRA_M0011701,SRB_M0009378,
GM0014278,GT0003506,SRA_M0011702,SRB_M0009379,
GM0014279,GT0003506,SRA_M0011703,SRB_M0009380,
GM0014280,GT0003506,SRA_M0011704,SRB_M0009381,
GM0014281,GT0003506,SRA_M0011705,SRB_M0009382,
GM0014282,GT0003507,SRA_M0011706,SRB_M0009383,SRC_M0005581
GM0014283,GT0003507,SRA_M0011707,SRB_M0009384,SRC_M0005582
GM0014284,GT0003507,SRA_M0011708,SRB_M0009385,SRC_M0005583
GM0014285,GT0003507,SRA_M0011709,SRB_M0009386,SRC_M0005584
GM0014286,GT0003508,SRA_M0011710,,SRC_M0005585
GM0014287,GT0003508,SRA_M0011711,SRB_M0009387,SRC_M0005586
GM0014288,GT0003508,,SRB_M0009388,SRC_M0005587
GM0014289,GT0003508,SRA_M0011712,SRB_M0009389,SRC_M0005588
GM0014290,GT0003508,SRA_M0011713,SRB_M0009390,SRC_M0005589
GM0014291,GT0003508,,SRB_M0009391,SRC_M0005590
GM0014292,GT0003509,SRA_M0011714,,
GM0014293,GT0003509,SRA_M0011715,,
GM0014294,GT0003509,SRA_M0011716,,
GM0014295,GT0003509,SRA_M0011717,,
GM0014296,GT0003509,SRA_M0011718,,
GM0014297,GT0003510,SRA_M0011719,SRB_M0009392,
GM0014298,GT0003510,SRA_M0011720,SRB_M0009393,
GM0014299,GT0003510,SRA_M0011721,SRB_M0009394,
GM0014300,GT0003510,,SRB_M0009395,
GM0014301,GT0003510,SRA_M0011722,SRB_M0009396,
GM0014302,GT0003510,SRA_M0011723,SRB_M0009397,
GM0014303,GT0003511,SRA_M0011724,SRB_M0009398,SRC_M0005591
GM0014304,GT0003511,SRA_M0011725,SRB_M0009399,SRC_M0005592
GM0014305,GT0003511,SRA_M0011726,SRB_M0009400,
GM0014306,GT0003511,SRA_M0011727,SRB_M0009401,SRC_M0005593
GM0014307,GT0003511,SRA_M0011728,,SRC_M0005594
GM0014308,GT0003511,SRA_M0011729,SRB_M0009402,
GM0014309,GT0003512,SRA_M0011730,,SRC_M0005595
GM0014310,GT0003512,SRA_M0011731,,SRC_M0005596
GM0014311,GT0003512,SRA_M0011732,,SRC_M0005597
GM0014312,GT0003513,SRA_M0011733,SRB_M0009403,
GM0014313,GT0003513,SRA_M0011734,SRB_M0009404,
GM0014314,GT0003513,SRA_M0011735,SRB_M0009405,SRC_M0005598
GM0014315,GT0003513,SRA_M0011736,SRB_M0009406,SRC_M0005599
GM0014316,GT0003513,SRA_M0011737,SRB_M0009407,
GM0014317,GT0003513,SRA_M0011738,SRB_M0009408,SRC_M0005600
GM0014318,GT0003514,SRA_M0011739,,
GM0014319,GT0003514,SRA_M0011740,,
GM0014320,GT0003514,SRA_M0011741,,
GM0014321,GT0003514,SRA_M0011742,,
GM0014322,GT0003514,SRA_M0011743,,
GM0014323,GT0003515,,SRB_M0009409,
GM0014324,GT0003515,SRA_M0011744,SRB_M0009410,
GM0014325,GT0003515,,SRB_M0009411,
GM0014326,GT0003515,SRA_M0011745,SRB_M0009412,
GM0014327,GT0003515,SRA_M0011746,SRB_M0009413,
GM0014328,GT0003516,SRA_M0011747,,
GM0014329,GT0003516,SRA_M0011748,,
GM0014330,GT0003516,SRA_M0011749,,
GM0014331,GT0003516,,,
GM0014332,GT0003516,,,
GM0014333,GT0003516,SRA_M0011750,,
GM0014334,GT0003517,SRA_M0011751,,
GM0014335,GT0003517,SRA_M0011752,,
GM0014336,GT0003517,,,
GM0014337,GT0003517,SRA_M0011753,,
GM0014338,GT0003517,SRA_M0011754,,
GM0014339,GT0003517,SRA_M0011755,,
GM0014340,GT0003518,SRA_M0011756,,
GM0014341,GT0003518,SRA_M0011757,SRB_M0009414,SRC_M0005601
GM0014342,GT0003518,SRA_M0011758,SRB_M0009415,SRC_M0005602
GM0014343,GT0003518,SRA_M0011759,SRB_M0009416,SRC_M0005603
GM0014344,GT0003518,SRA_M0011760,SRB_M0009417,
GM0014345,GT0003519,SRA_M0011761,,
GM0014346,GT0003519,SRA_M0011762,,
GM0014347,GT0003519,SRA_M0011763,,
GM0014348,GT0003519,SRA_M0011764,,
GM0014349,GT0003519,SRA_M0011765,,
GM0014350,GT0003519,SRA_M0011766,,
GM0014351,GT0003520,SRA_M0011767,SRB_M0009418,
GM0014352,GT0003520,SRA_M0011768,SRB_M0009419,
GM0014353,GT0003521,SRA_M0011769,,
GM0014354,GT0003521,SRA_M0011770,SRB_M0009420,SRC_M0005604
GM0014355,GT0003521,SRA_M0011771,SRB_M0009421,SRC_M0005605
GM0014356,GT0003521,SRA_M0011772,,SRC_M0005606
GM0014357,GT0003521,SRA_M0011773,SRB_M0009422,SRC_M0005607
GM0014358,GT0003521,SRA_M0011774,SRB_M0009423,SRC_M0005608
GM0014359,GT0003522,SRA_M0011775,SRB_M0009424,
GM0014360,GT0003522,SRA_M0011776,,
GM0014361,GT0003522,SRA_M0011777,SRB_M0009425,
GM0014362,GT0003522,SRA_M0011778,,
GM0014363,GT0003523,SRA_M0011779,,
GM0014364,GT0003523,SRA_M0011780,,
GM0014365,GT0003523,SRA_M0011781,,
GM0014366,GT0003524,SRA_M0011782,,SRC_M0005609
GM0014367,GT0003524,SRA_M0011783,,SRC_M0005610
GM0014368,GT0003525,SRA_M0011784,,
GM0014369,GT0003525,,,
GM0014370,GT0003525,SRA_M0011785,,
GM0014371,GT0003525,,,
GM0014372,GT0003525,SRA_M0011786,,
GM0014373,GT0003525,SRA_M0011787,,
GM0014374,GT0003526,,SRB_M0009426,SRC_M0005611
GM0014375,GT0003526,,SRB_M0009427,SRC_M0005612
GM0014376,GT0003526,,SRB_M0009428,
GM0014377,GT0003526,,SRB_M0009429,
GM0014378,GT0003527,SRA_M0011788,,
GM0014379,GT0003527,SRA_M0011789,SRB_M0009430,
GM0014380,GT0003528,SRA_M0011790,,SRC_M0005613
GM0014381,GT0003528,SRA_M0011791,,SRC_M0005614
GM0014382,GT0003528,SRA_M0011792,,SRC_M0005615
GM0014383,GT0003528,SRA_M0011793,,SRC_M0005616
GM0014384,GT0003529,,SRB_M0009431,
GM0014385,GT0003529,SRA_M0011794,SRB_M0009432,
GM0014386,GT0003529,SRA_M0011795,SRB_M0009433,
GM0014387,GT0003529,SRA_M0011796,SRB_M0009434,
GM0014388,GT0003530,SRA_M0011797,,SRC_M0005617
GM0014389,GT0003530,SRA_M0011798,,
GM0014390,GT0003530,SRA_M0011799,,SRC_M0005618
GM0014391,GT0003530,SRA_M0011800,,
GM0014392,GT0003531,SRA_M0011801,SRB_M0009435,SRC_M0005619
GM0014393,GT0003531,SRA_M0011802,SRB_M0009436,SRC_M0005620
GM0014394,GT0003531,SRA_M0011803,SRB_M0009437,
GM0014395,GT0003531,SRA_M0011804,SRB_M0009438,SRC_M0005621
GM0014396,GT0003531,SRA_M0011805,SRB_M0009439,SRC_M0005622
GM0014397,GT0003532,SRA_M0011806,,
GM0014398,GT0003532,,,
GM0014399,GT0003532,SRA_M0011807,,
GM0014400,GT0003532,SRA_M0011808,,
GM0014401,GT0003533,SRA_M0011809,,
GM0014402,GT0003533,SRA_M0011810,,
GM0014403,GT0003533,SRA_M0011811,,
GM0014404,GT0003533,SRA_M0011812,,
GM0014405,GT0003533,SRA_M0011813,,
GM0014406,GT0003534,SRA_M0011814,SRB_M0009440,
GM0014407,GT0003534,SRA_M0011815,,
GM0014408,GT0003534,SRA_M0011816,,
GM0014409,GT0003534,SRA_M0011817,SRB_M0009441,
GM0014410,GT0003535,SRA_M0011818,,
GM0014411,GT0003535,SRA_M0011819,SRB_M0009442,
GM0014412,GT0003535,SRA_M0011820,SRB_M0009443,
GM0014413,GT0003535,SRA_M0011821,SRB_M0009444,
GM0014414,GT0003536,SRA_M0011822,SRB_M0009445,
GM0014415,GT0003536,SRA_M0011823,SRB_M0009446,
GM0014416,GT0003536,SRA_M0011824,SRB_M0009447,
GM0014417,GT0003536,SRA_M0011825,SRB_M0009448,
GM0014418,GT0003537,SRA_M0011827,,
GM0014419,GT0003537,SRA_M0011828,,
GM0014420,GT0003537,SRA_M0011829,,
GM0014421,GT0003537,SRA_M0011830,,
GM0014422,GT0003537,SRA_M0011831,,
GM0014423,GT0003537,,,
GM0014424,GT0003538,SRA_M0011832,SRB_M0009449,SRC_M0005623
GM0014425,GT0003538,SRA_M0011833,,
GM0014426,GT0003539,SRA_M0011834,,
GM0014427,GT0003539,SRA_M0011835,,
GM0014428,GT0003539,,,
GM0014429,GT0003539,,,
GM0014430,GT0003540,SRA_M0011836,SRB_M0009450,
GM0014431,GT0003540,SRA_M0011837,SRB_M0009451,
GM0014432,GT0003540,SRA_M0011838,SRB_M0009452,
GM0014433,GT0003540,SRA_M0011839,SRB_M0009453,
GM0014434,GT0003540,SRA_M0011840,SRB_M0009454,
GM0014435,GT0003541,,,
GM0014436,GT0003541,,,
GM0014437,GT0003541,,,
GM0014438,GT0003541,,,
GM0014439,GT0003541,,,
GM0014440,GT0003541,,,
GM0014441,GT0003542,SRA_M0011841,SRB_M0009455,
GM0014442,GT0003542,,SRB_M0009456,
GM0014443,GT0003542,SRA_M0011842,,
GM0014444,GT0003542,SRA_M0011843,SRB_M0009457,
GM0014445,GT0003542,SRA_M0011844,,
GM0014446,GT0003543,SRA_M0011845,SRB_M0009458,
GM0014447,GT0003543,SRA_M0011846,,
GM0014448,GT0003543,SRA_M0011847,SRB_M0009459,
GM0014449,GT0003543,SRA_M0011848,SRB_M0009460,
GM0014450,GT0003543,SRA_M0011849,SRB_M0009461,
GM0014451,GT0003544,SRA_M0011850,,
GM0014452,GT0003544,SRA_M0011851,,
GM0014453,GT0003545,,SRB_M0009462,
GM0014454,GT0003545,,,
GM0014455,GT0003545,,SRB_M0009463,
GM0014456,GT0003545,,,
GM0014457,GT0003545,,SRB_M0009464,
GM0014458,GT0003546,SRA_M0011852,SRB_M0009465,SRC_M0005624
GM0014459,GT0003546,SRA_M0011853,SRB_M0009466,SRC_M0005625
GM0014460,GT0003546,SRA_M0011854,SRB_M0009467,SRC_M0005626
GM0014461,GT0003546,SRA_M0011855,SRB_M0009468,
GM0014462,GT0003547,SRA_M0011856,,
GM0014463,GT0003547,SRA_M0011857,,
GM0014464,GT0003548,SRA_M0011859,,SRC_M0005627
GM0014465,GT0003548,SRA_M0011860,SRB_M0009469,SRC_M0005628
GM0014466,GT0003549,SRA_M0011861,,SRC_M0005629
GM0014467,GT0003549,SRA_M0011862,SRB_M0009470,SRC_M0005630
GM0014468,GT0003550,SRA_M0011863,SRB_M0009471,SRC_M0005631
GM0014469,GT0003550,SRA_M0011864,,SRC_M0005632
GM0014470,GT0003550,SRA_M0011865,SRB_M0009472,SRC_M0005633
GM0014471,GT0003551,SRA_M0011866,,SRC_M0005634
GM0014472,GT0003551,SRA_M0011867,,SRC_M0005635
GM0014473,GT0003551,SRA_M0011868,,SRC_M0005636
GM0014474,GT0003552,SRA_M0011869,,
GM0014475,GT0003552,SRA_M0011870,,
GM0014476,GT0003553,SRA_M0011871,,
GM0014477,GT0003553,SRA_M0011872,,
GM0014478,GT0003554,SRA_M0011873,SRB_M0009473,SRC_M0005637
GM0014479,GT0003554,SRA_M0011874,SRB_M0009474,
GM0014480,GT0003554,SRA_M0011875,SRB_M0009475,SRC_M0005638
GM0014481,GT0003554,SRA_M0011876,SRB_M0009476,SRC_M0005639
GM0014482,GT0003555,SRA_M0011877,,
GM0014483,GT0003555,SRA_M0011878,,
GM0014484,GT0003555,SRA_M0011879,,
GM0014485,GT0003555,SRA_M0011880,,
GM0014486,GT0003555,SRA_M0011881,,
GM0014487,GT0003556,SRA_M0011882,SRB_M0009477,SRC_M0005640
GM0014488,GT0003556,SRA_M0011883,SRB_M0009478,SRC_M0005641
GM0014489,GT0003556,SRA_M0011884,SRB_M0009479,SRC_M0005642
GM0014490,GT0003557,,,SRC_M0005643
GM0014491,GT0003557,,,
GM0014492,GT0003557,,,SRC_M0005644
GM0014493,GT0003557,,,SRC_M0005645
GM0014494,GT0003557,,,SRC_M0005646
GM0014495,GT0003557,,,SRC_M0005647
GM0014496,GT0003558,SRA_M0011885,,
GM0014497,GT0003558,SRA_M0011886,,
GM0014498,GT0003558,SRA_M0011887,,
GM0014499,GT0003558,SRA_M0011888,,
GM0014500,GT0003558,SRA_M0011889,,
GM0014501,GT0003559,SRA_M0011890,SRB_M0009480,
GM0014502,GT0003559,SRA_M0011891,SRB_M0009481,
GM0014503,GT0003559,SRA_M0011892,SRB_M0009482,
GM0014504,GT0003559,SRA_M0011893,SRB_M0009483,
GM0014505,GT0003559,SRA_M0011894,SRB_M0009484,
GM0014506,GT0003559,SRA_M0011895,SRB_M0009485,
GM0014507,GT0003560,SRA_M0011896,,
GM0014508,GT0003560,SRA_M0011897,,
GM0014509,GT0003560,,,
GM0014510,GT0003560,SRA_M0011898,,
GM0014511,GT0003561,SRA_M0011899,SRB_M0009486,
GM0014512,GT0003561,SRA_M0011900,SRB_M0009487,SRC_M0005648
GM0014513,GT0003561,SRA_M0011901,SRB_M0009488,
GM0014514,GT0003561,SRA_M0011902,SRB_M0009489,
GM0014515,GT0003562,SRA_M0011903,SRB_M0009490,
GM0014516,GT0003562,SRA_M0011904,SRB_M0009491,
GM0014517,GT0003562,SRA_M0011905,,
GM0014518,GT0003563,SRA_M0011906,,
GM0014519,GT0003563,SRA_M0011907,,SRC_M0005649
GM0014520,GT0003564,SRA_M0011908,SRB_M0009492,SRC_M0005650
GM0014521,GT0003564,SRA_M0011909,SRB_M0009493,SRC_M0005651
GM0014522,GT0003564,SRA_M0011910,SRB_M0009494,SRC_M0005652
GM0014523,GT0003564,SRA_M0011911,SRB_M0009495,
GM0014524,GT0003564,SRA_M0011912,SRB_M0009496,SRC_M0005653
GM0014525,GT0003565,SRA_M0011913,,
GM0014526,GT0003565,SRA_M0011914,,
GM0014527,GT0003565,SRA_M0011915,,
GM0014528,GT0003565,SRA_M0011916,,
GM0014529,GT0003565,SRA_M0011917,,
GM0014530,GT0003565,SRA_M0011918,,
GM0014531,GT0003566,SRA_M0011919,SRB_M0009497,
GM0014532,GT0003566,SRA_M0011920,SRB_M0009498,SRC_M0005654
GM0014533,GT0003566,SRA_M0011921,SRB_M0009499,SRC_M0005655
GM0014534,GT0003567,,,SRC_M0005656
GM0014535,GT0003567,SRA_M0011922,,SRC_M0005657
GM0014536,GT0003567,,,SRC_M0005658
GM0014537,GT0003567,SRA_M0011923,,
GM0014538,GT0003568,SRA_M0011924,SRB_M0009500,
GM0014539,GT0003568,SRA_M0011925,SRB_M0009501,
GM0014540,GT0003568,SRA_M0011926,SRB_M0009502,
GM0014541,GT0003568,SRA_M0011927,SRB_M0009503,
GM0014542,GT0003568,SRA_M0011928,SRB_M0009504,
GM0014543,GT0003568,SRA_M0011929,,
GM0014544,GT0003569,SRA_M0011930,,
GM0014545,GT0003569,SRA_M0011931,,
GM0014546,GT0003569,SRA_M0011932,,
GM0014547,GT0003569,SRA_M0011933,,
GM0014548,GT0003569,SRA_M0011934,,
GM0014549,GT0003569,SRA_M0011935,,
GM0014550,GT0003570,SRA_M0011936,,
GM0014551,GT0003570,SRA_M0011937,,
GM0014552,GT0003570,SRA_M0011938,,
GM0014553,GT0003570,SRA_M0011939,,
GM0014554,GT0003571,SRA_M0011940,SRB_M0009505,
GM0014555,GT0003571,SRA_M0011941,SRB_M0009506,
GM0014556,GT0003571,SRA_M0011942,SRB_M0009507,
GM0014557,GT0003572,SRA_M0011943,,
GM0014558,GT0003572,SRA_M0011944,,
GM0014559,GT0003573,SRA_M0011945,,
GM0014560,GT0003573,SRA_M0011946,,
GM0014561,GT0003573,SRA_M0011947,,
GM0014562,GT0003574,SRA_M0011949,SRB_M0009508,
GM0014563,GT0003574,SRA_M0011950,SRB_M0009509,
GM0014564,GT0003574,SRA_M0011951,SRB_M0009510,
GM0014565,GT0003574,SRA_M0011952,SRB_M0009511,
GM0014566,GT0003574,,,
GM0014567,GT0003574,SRA_M0011953,SRB_M0009512,
GM0014568,GT0003575,SRA_M0011954,,
GM0014569,GT0003575,SRA_M0011955,,
GM0014570,GT0003575,SRA_M0011956,,
GM0014571,GT0003576,SRA_M0011957,SRB_M0009513,SRC_M0005659
GM0014572,GT0003576,SRA_M0011958,SRB_M0009514,SRC_M0005660
GM0014573,GT0003577,SRA_M0011959,SRB_M0009515,SRC_M0005661
GM0014574,GT0003577,SRA_M0011960,,SRC_M0005662
GM0014575,GT0003577,SRA_M0011961,,SRC_M0005663
GM0014576,GT0003577,,SRB_M0009516,SRC_M0005664
GM0014577,GT0003577,SRA_M0011962,SRB_M0009517,SRC_M0005665
GM0014578,GT0003577,SRA_M0011963,SRB_M0009518,SRC_M0005666
GM0014579,GT0003578,SRA_M0011964,SRB_M0009519,
GM0014580,GT0003578,SRA_M0011965,SRB_M0009520,
GM0014581,GT0003578,SRA_M0011966,SRB_M0009521,
GM0014582,GT0003579,SRA_M0011967,,SRC_M0005667
GM0014583,GT0003579,SRA_M0011968,SRB_M0009522,
GM0014584,GT0003580,SRA_M0011969,,
GM0014585,GT0003580,SRA_M0011970,,
GM0014586,GT0003580,,,
GM0014587,GT0003580,SRA_M0011971,,
GM0014588,GT0003580,SRA_M0011972,,
GM0014589,GT0003581,SRA_M0011973,,SRC_M0005668
GM0014590,GT0003581,SRA_M0011974,,SRC_M0005669
GM0014591,GT0003581,SRA_M0011975,,SRC_M0005670
GM0014592,GT0003581,SRA_M0011976,,SRC_M0005671
GM0014593,GT0003582,,SRB_M0009523,
GM0014594,GT0003582,SRA_M0011977,SRB_M0009524,
GM0014595,GT0003582,SRA_M0011978,SRB_M0009525,
GM0014596,GT0003582,,SRB_M0009526,
GM0014597,GT0003582,SRA_M0011979,SRB_M0009527,
GM0014598,GT0003583,SRA_M0011980,SRB_M0009528,
GM0014599,GT0003583,SRA_M0011981,SRB_M0009529,
GM0014600,GT0003583,SRA_M0011982,SRB_M0009530,
GM0014601,GT0003583,SRA_M0011983,SRB_M0009531,
GM0014602,GT0003583,SRA_M0011984,SRB_M0009532,
GM0014603,GT0003584,SRA_M0011985,SRB_M0009533,
GM0014604,GT0003584,SRA_M0011986,SRB_M0009534,
GM0014605,GT0003584,,SRB_M0009535,
GM0014606,GT0003585,SRA_M0011987,SRB_M0009536,SRC_M0005672
GM0014607,GT0003585,SRA_M0011988,,SRC_M0005673
GM0014608,GT0003586,SRA_M0011989,,SRC_M0005674
GM0014609,GT0003586,SRA_M0011990,,SRC_M0005675
GM0014610,GT0003587,SRA_M0011991,SRB_M0009537,SRC_M0005676
GM0014611,GT0003587,SRA_M0011992,SRB_M0009538,SRC_M0005677
GM0014612,GT0003587,,,SRC_M0005678
GM0014613,GT0003587,SRA_M0011993,SRB_M0009539,SRC_M0005679
GM0014614,GT0003588,SRA_M0011994,SRB_M0009540,
GM0014615,GT0003588,SRA_M0011995,,
GM0014616,GT0003588,SRA_M0011996,SRB_M0009541,
GM0014617,GT0003588,SRA_M0011997,SRB_M0009542,
GM0014618,GT0003589,SRA_M0011998,SRB_M0009543,SRC_M0005680
GM0014619,GT0003589,,,SRC_M0005681
GM0014620,GT0003589,SRA_M0011999,SRB_M0009544,SRC_M0005682
GM0014621,GT0003589,SRA_M0012000,SRB_M0009545,SRC_M0005683
GM0014622,GT0003589,SRA_M0012001,SRB_M0009546,SRC_M0005684
GM0014623,GT0003590,SRA_M0012002,SRB_M0009547,SRC_M0005685
GM0014624,GT0003590,SRA_M0012003,SRB_M0009548,SRC_M0005686
GM0014625,GT0003590,SRA_M0012004,,SRC_M0005687
GM0014626,GT0003590,SRA_M0012005,,SRC_M0005688
GM0014627,GT0003590,SRA_M0012006,,SRC_M0005689
GM0014628,GT0003591,SRA_M0012008,,
GM0014629,GT0003591,SRA_M0012009,,SRC_M0005690
GM0014630,GT0003591,SRA_M0012010,,
GM0014631,GT0003591,SRA_M0012011,SRB_M0009549,SRC_M0005691
GM0014632,GT0003591,,,SRC_M0005692
GM0014633,GT0003591,,SRB_M0009550,SRC_M0005693
GM0014634,GT0003592,SRA_M0012012,,SRC_M0005694
GM0014635,GT0003592,SRA_M0012013,SRB_M0009551,
GM0014636,GT0003592,SRA_M0012014,SRB_M0009552,SRC_M0005695
GM0014637,GT0003592,SRA_M0012015,SRB_M0009553,SRC_M0005696
GM0014638,GT0003592,SRA_M0012016,SRB_M0009554,SRC_M0005697
GM0014639,GT0003593,SRA_M0012017,SRB_M0009555,
GM0014640,GT0003593,SRA_M0012018,SRB_M0009556,
GM0014641,GT0003594,SRA_M0012019,SRB_M0009557,
GM0014642,GT0003594,SRA_M0012020,,
GM0014643,GT0003594,,SRB_M0009558,
GM0014644,GT0003595,SRA_M0012021,SRB_M0009559,
GM0014645,GT0003595,SRA_M0012022,SRB_M0009560,
GM0014646,GT0003595,SRA_M0012023,,
GM0014647,GT0003595,SRA_M0012024,SRB_M0009561,
GM0014648,GT0003595,SRA_M0012025,SRB_M0009562,
GM0014649,GT0003596,SRA_M0012026,SRB_M0009563,SRC_M0005698
GM0014650,GT0003596,SRA_M0012027,SRB_M0009564,SRC_M0005699
GM0014651,GT0003596,SRA_M0012028,SRB_M0009565,SRC_M0005700
GM0014652,GT0003596,SRA_M0012029,SRB_M0009566,SRC_M0005701
GM0014653,GT0003596,SRA_M0012030,SRB_M0009567,SRC_M0005702
GM0014654,GT0003596,SRA_M0012031,SRB_M0009568,
GM0014655,GT0003597,SRA_M0012032,,
GM0014656,GT0003597,SRA_M0012033,,
GM0014657,GT0003598,,SRB_M0009569,
GM0014658,GT0003598,SRA_M0012034,SRB_M0009570,
GM0014659,GT0003598,SRA_M0012035,SRB_M0009571,
GM0014660,GT0003598,SRA_M0012036,SRB_M0009572,
GM0014661,GT0003598,SRA_M0012037,SRB_M0009573,
GM0014662,GT0003599,SRA_M0012038,SRB_M0009574,SRC_M0005703
GM0014663,GT0003599,SRA_M0012039,,SRC_M0005704
GM0014664,GT0003600,SRA_M0012040,SRB_M0009575,
GM0014665,GT0003600,SRA_M0012041,,
GM0014666,GT0003601,,,
GM0014667,GT0003601,SRA_M0012043,,
GM0014668,GT0003602,SRA_M0012044,SRB_M0009576,SRC_M0005705
GM0014669,GT0003602,,SRB_M0009577,SRC_M0005706
GM0014670,GT0003602,SRA_M0012045,SRB_M0009578,SRC_M0005707
GM0014671,GT0003602,,SRB_M0009579,SRC_M0005708
GM0014672,GT0003602,SRA_M0012046,SRB_M0009580,
GM0014673,GT0003603,,,
GM0014674,GT0003603,,SRB_M0009581,
GM0014675,GT0003603,,,
GM0014676,GT0003603,,SRB_M0009582,
GM0014677,GT0003603,,,
GM0014678,GT0003603,,SRB_M0009583,
GM0014679,GT0003604,,,
GM0014680,GT0003604,SRA_M0012047,SRB_M0009584,
GM0014681,GT0003605,SRA_M0012048,,
GM0014682,GT0003605,SRA_M0012049,SRB_M0009586,
GM0014683,GT0003605,,SRB_M0009587,
GM0014684,GT0003606,SRA_M0012051,,SRC_M0005709
GM0014685,GT0003606,,,SRC_M0005710
GM0014686,GT0003607,,SRB_M0009588,
GM0014687,GT0003607,,SRB_M0009589,
GM0014688,GT0003607,,SRB_M0009590,
GM0014689,GT0003608,SRA_M0012052,,
GM0014690,GT0003608,SRA_M0012053,,
GM0014691,GT0003608,SRA_M0012054,,
GM0014692,GT0003608,SRA_M0012055,,
GM0014693,GT0003608,SRA_M0012056,,
GM0014694,GT0003608,SRA_M0012057,,
GM0014695,GT0003609,SRA_M0012058,SRB_M0009591,
GM0014696,GT0003609,SRA_M0012059,,
GM0014697,GT0003610,SRA_M0012061,,
GM0014698,GT0003610,SRA_M0012062,SRB_M0009592,
GM0014699,GT0003611,,,SRC_M0005711
GM0014700,GT0003611,,,SRC_M0005712
GM0014701,GT0003611,,,SRC_M0005713
GM0014702,GT0003612,SRA_M0012063,,
GM0014703,GT0003612,SRA_M0012064,SRB_M0009593,
GM0014704,GT0003612,SRA_M0012065,SRB_M0009594,SRC_M0005714
GM0014705,GT0003612,SRA_M0012066,SRB_M0009595,SRC_M0005715
GM0014706,GT0003613,,SRB_M0009596,
GM0014707,GT0003613,,SRB_M0009597,
GM0014708,GT0003613,,SRB_M0009598,
GM0014709,GT0003613,,SRB_M0009599,
GM0014710,GT0003613,,SRB_M0009600,
GM0014711,GT0003613,,,
GM0014712,GT0003614,,SRB_M0009601,
GM0014713,GT0003614,,SRB_M0009602,SRC_M0005716
GM0014714,GT0003614,,SRB_M0009603,SRC_M0005717
GM0014715,GT0003615,SRA_M0012067,SRB_M0009604,SRC_M0005718
GM0014716,GT0003615,SRA_M0012068,SRB_M0009605,SRC_M0005719
GM0014717,GT0003615,SRA_M0012069,SRB_M0009606,SRC_M0005720
GM0014718,GT0003616,SRA_M0012070,SRB_M0009607,
GM0014719,GT0003616,SRA_M0012071,SRB_M0009608,SRC_M0005721
GM0014720,GT0003617,,,SRC_M0005722
GM0014721,GT0003617,,,
GM0014722,GT0003617,,,SRC_M0005723
GM0014723,GT0003617,,,
GM0014724,GT0003617,,,SRC_M0005724
GM0014725,GT0003618,,SRB_M0009609,
GM0014726,GT0003618,,SRB_M0009610,
GM0014727,GT0003618,,SRB_M0009611,
GM0014728,GT0003618,,SRB_M0009612,
GM0014729,GT0003618,,SRB_M0009613,
GM0014730,GT0003618,,SRB_M0009614,
GM0014731,GT0003619,SRA_M0012072,,SRC_M0005725
GM0014732,GT0003619,,,SRC_M0005726
GM0014733,GT0003619,SRA_M0012073,,
GM0014734,GT0003619,SRA_M0012074,,SRC_M0005727
GM0014735,GT0003619,,,SRC_M0005728
GM0014736,GT0003620,,SRB_M0009615,
GM0014737,GT0003620,,SRB_M0009616,SRC_M0005729
GM0014738,GT0003620,,SRB_M0009617,SRC_M0005730
GM0014739,GT0003620,,,SRC_M0005731
GM0014740,GT0003620,,SRB_M0009618,SRC_M0005732
GM0014741,GT0003620,,SRB_M0009619,SRC_M0005733
GM0014742,GT0003621,SRA_M0012075,,
GM0014743,GT0003621,SRA_M0012076,SRB_M0009620,
GM0014744,GT0003622,SRA_M0012077,,
GM0014745,GT0003622,SRA_M0012078,SRB_M0009621,
GM0014746,GT0003622,SRA_M0012079,SRB_M0009622,
GM0014747,GT0003622,SRA_M0012080,SRB_M0009623,
GM0014748,GT0003622,SRA_M0012081,SRB_M0009624,
GM0014749,GT0003623,SRA_M0012082,,
GM0014750,GT0003623,,SRB_M0009625,
GM0014751,GT0003623,SRA_M0012083,,
GM0014752,GT0003623,SRA_M0012084,SRB_M0009626,
GM0014753,GT0003623,SRA_M0012085,SRB_M0009627,
GM0014754,GT0003623,SRA_M0012086,SRB_M0009628,
GM0014755,GT0003624,SRA_M0012087,SRB_M0009629,SRC_M0005734
GM0014756,GT0003624,SRA_M0012088,SRB_M0009630,
GM0014757,GT0003624,SRA_M0012089,SRB_M0009631,SRC_M0005735
GM0014758,GT0003624,SRA_M0012090,SRB_M0009632,SRC_M0005736
GM0014759,GT0003625,SRA_M0012091,SRB_M0009633,SRC_M0005737
GM0014760,GT0003625,SRA_M0012092,SRB_M0009634,
GM0014761,GT0003625,SRA_M0012093,SRB_M0009635,SRC_M0005738
GM0014762,GT0003625,SRA_M0012094,,SRC_M0005739
GM0014763,GT0003626,SRA_M0012095,SRB_M0009636,
GM0014764,GT0003626,SRA_M0012096,SRB_M0009637,
GM0014765,GT0003626,,SRB_M0009638,SRC_M0005740
GM0014766,GT0003626,SRA_M0012097,SRB_M0009639,SRC_M0005741
GM0014767,GT0003627,SRA_M0012098,SRB_M0009640,
GM0014768,GT0003627,SRA_M0012099,SRB_M0009641,
GM0014769,GT0003627,SRA_M0012100,SRB_M0009642,
GM0014770,GT0003628,SRA_M0012101,,
GM0014771,GT0003628,SRA_M0012102,,
GM0014772,GT0003628,SRA_M0012103,,
GM0014773,GT0003628,,,
GM0014774,GT0003628,SRA_M0012104,,
GM0014775,GT0003629,SRA_M0012105,SRB_M0009643,
GM0014776,GT0003629,SRA_M0012106,SRB_M0009644,
GM0014777,GT0003629,SRA_M0012107,SRB_M0009645,
GM0014778,GT0003629,SRA_M0012108,SRB_M0009646,
GM0014779,GT0003629,SRA_M0012109,SRB_M0009647,
GM0014780,GT0003630,SRA_M0012110,SRB_M0009648,SRC_M0005742
GM0014781,GT0003630,SRA_M0012111,SRB_M0009649,SRC_M0005743
GM0014782,GT0003630,SRA_M0012112,SRB_M0009650,SRC_M0005744
GM0014783,GT0003630,SRA_M0012113,SRB_M0009651,SRC_M0005745
GM0014784,GT0003631,SRA_M0012114,,
GM0014785,GT0003631,SRA_M0012115,,
GM0014786,GT0003631,,,
GM0014787,GT0003631,SRA_M0012116,,
GM0014788,GT0003632,,SRB_M0009652,SRC_M0005746
GM0014789,GT0003632,,SRB_M0009653,SRC_M0005747
GM0014790,GT0003632,SRA_M0012117,,SRC_M0005748
GM0014791,GT0003633,SRA_M0012118,,SRC_M0005749
GM0014792,GT0003633,SRA_M0012119,,SRC_M0005750
GM0014793,GT0003633,SRA_M0012120,SRB_M0009654,SRC_M0005751
GM0014794,GT0003633,,SRB_M0009655,SRC_M0005752
GM0014795,GT0003633,SRA_M0012121,SRB_M0009656,SRC_M0005753
GM0014796,GT0003634,SRA_M0012122,,
GM0014797,GT0003634,SRA_M0012123,,
GM0014798,GT0003635,SRA_M0012124,,
GM0014799,GT0003635,SRA_M0012125,SRB_M0009657,
GM0014800,GT0003636,SRA_M0012126,SRB_M0009658,SRC_M0005754
GM0014801,GT0003636,SRA_M0012127,,SRC_M0005755
GM0014802,GT0003637,SRA_M0012128,SRB_M0009659,
GM0014803,GT0003637,SRA_M0012129,SRB_M0009660,
GM0014804,GT0003638,SRA_M0012130,SRB_M0009661,
GM0014805,GT0003638,SRA_M0012131,SRB_M0009662,
GM0014806,GT0003638,SRA_M0012132,,
GM0014807,GT0003638,SRA_M0012133,SRB_M0009663,
GM0014808,GT0003639,,SRB_M0009665,
GM0014809,GT0003639,,,
GM0014810,GT0003639,,,
GM0014811,GT0003640,,,
GM0014812,GT0003640,SRA_M0012134,SRB_M0009666,
GM0014813,GT0003640,SRA_M0012135,SRB_M0009667,
GM0014814,GT0003640,SRA_M0012136,,
GM0014815,GT0003640,SRA_M0012137,SRB_M0009668,
GM0014816,GT0003641,SRA_M0012138,SRB_M0009669,
GM0014817,GT0003641,SRA_M0012139,SRB_M0009670,SRC_M0005756
GM0014818,GT0003641,SRA_M0012140,SRB_M0009671,
GM0014819,GT0003641,SRA_M0012141,SRB_M0009672,SRC_M0005757
GM0014820,GT0003642,SRA_M0012142,SRB_M0009673,
GM0014821,GT0003642,SRA_M0012143,SRB_M0009674,
GM0014822,GT0003642,SRA_M0012144,SRB_M0009675,
GM0014823,GT0003642,SRA_M0012145,SRB_M0009676,
GM0014824,GT0003642,SRA_M0012146,SRB_M0009677,
GM0014825,GT0003643,SRA_M0012147,,SRC_M0005758
GM0014826,GT0003643,SRA_M0012148,SRB_M0009678,SRC_M0005759
GM0014827,GT0003643,SRA_M0012149,SRB_M0009679,SRC_M0005760
GM0014828,GT0003643,SRA_M0012150,,SRC_M0005761
GM0014829,GT0003644,SRA_M0012152,,SRC_M0005762
GM0014830,GT0003644,SRA_M0012153,,
GM0014831,GT0003645,,SRB_M0009680,SRC_M0005763
GM0014832,GT0003645,,SRB_M0009681,SRC_M0005764
GM0014833,GT0003646,SRA_M0012154,SRB_M0009682,SRC_M0005765
GM0014834,GT0003646,SRA_M0012155,SRB_M0009683,SRC_M0005766
GM0014835,GT0003646,SRA_M0012156,SRB_M0009684,SRC_M0005767
GM0014836,GT0003646,SRA_M0012157,SRB_M0009685,SRC_M0005768
GM0014837,GT0003647,SRA_M0012158,,
GM0014838,GT0003647,SRA_M0012159,,
GM0014839,GT0003647,SRA_M0012160,,
GM0014840,GT0003647,SRA_M0012161,,
GM0014841,GT0003647,SRA_M0012162,,
GM0014842,GT0003648,SRA_M0012163,SRB_M0009686,SRC_M0005769
GM0014843,GT0003648,SRA_M0012164,,SRC_M0005770
GM0014844,GT0003648,SRA_M0012165,SRB_M0009687,SRC_M0005771
GM0014845,GT0003648,SRA_M0012166,SRB_M0009688,SRC_M0005772
GM0014846,GT0003648,SRA_M0012167,,SRC_M0005773
GM0014847,GT0003648,SRA_M0012168,,SRC_M0005774
GM0014848,GT0003649,,,
GM0014849,GT0003649,SRA_M0012169,,
GM0014850,GT0003649,SRA_M0012170,,
GM0014851,GT0003649,SRA_M0012171,,
GM0014852,GT0003649,,,
GM0014853,GT0003649,SRA_M0012172,,
GM0014854,GT0003650,SRA_M0012173,,
GM0014855,GT0003650,SRA_M0012174,,
GM0014856,GT0003650,SRA_M0012175,,
GM0014857,GT0003650,SRA_M0012176,,
GM0014858,GT0003651,SRA_M0012177,SRB_M0009689,
GM0014859,GT0003651,SRA_M0012178,,
GM0014860,GT0003652,SRA_M0012179,SRB_M0009690,
GM0014861,GT0003652,SRA_M0012180,SRB_M0009691,
GM0014862,GT0003652,SRA_M0012181,SRB_M0009692,SRC_M0005775
GM0014863,GT0003652,SRA_M0012182,SRB_M0009693,
GM0014864,GT0003653,,SRB_M0009694,
GM0014865,GT0003653,,SRB_M0009695,
GM0014866,GT0003653,SRA_M0012183,SRB_M0009696,
GM0014867,GT0003653,SRA_M0012184,SRB_M0009697,
GM0014868,GT0003653,SRA_M0012185,SRB_M0009698,
GM0014869,GT0003653,,,
GM0014870,GT0003654,SRA_M0012186,SRB_M0009699,
GM0014871,GT0003654,,SRB_M0009700,
GM0014872,GT0003654,SRA_M0012187,SRB_M0009701,
GM0014873,GT0003654,SRA_M0012188,SRB_M0009702,
GM0014874,GT0003654,SRA_M0012189,SRB_M0009703,
GM0014875,GT0003655,SRA_M0012190,SRB_M0009704,
GM0014876,GT0003655,SRA_M0012191,SRB_M0009705,
GM0014877,GT0003655,SRA_M0012192,,
GM0014878,GT0003655,,SRB_M0009706,
GM0014879,GT0003655,SRA_M0012193,SRB_M0009707,
GM0014880,GT0003656,,SRB_M0009708,SRC_M0005776
GM0014881,GT0003656,SRA_M0012194,SRB_M0009709,SRC_M0005777
GM0014882,GT0003656,SRA_M0012195,SRB_M0009710,SRC_M0005778
GM0014883,GT0003656,SRA_M0012196,SRB_M0009711,
GM0014884,GT0003656,SRA_M0012197,SRB_M0009712,
GM0014885,GT0003657,SRA_M0012198,,
GM0014886,GT0003657,SRA_M0012199,,SRC_M0005779
GM0014887,GT0003657,SRA_M0012200,,SRC_M0005780
GM0014888,GT0003657,SRA_M0012201,,SRC_M0005781
GM0014889,GT0003657,,,SRC_M0005782
GM0014890,GT0003657,SRA_M0012202,,SRC_M0005783
GM0014891,GT0003658,,SRB_M0009713,SRC_M0005784
GM0014892,GT0003658,,SRB_M0009714,SRC_M0005785
GM0014893,GT0003659,SRA_M0012203,,
GM0014894,GT0003659,SRA_M0012204,,SRC_M0005786
GM0014895,GT0003660,SRA_M0012205,SRB_M0009716,SRC_M0005787
GM0014896,GT0003660,SRA_M0012206,,
GM0014897,GT0003660,SRA_M0012207,SRB_M0009717,
GM0014898,GT0003660,SRA_M0012208,SRB_M0009718,
GM0014899,GT0003661,SRA_M0012209,SRB_M0009720,SRC_M0005788
GM0014900,GT0003661,SRA_M0012210,SRB_M0009721,SRC_M0005789
GM0014901,GT0003661,SRA_M0012211,,SRC_M0005790
GM0014902,GT0003661,SRA_M0012212,SRB_M0009722,SRC_M0005791
GM0014903,GT0003661,SRA_M0012213,SRB_M0009723,SRC_M0005792
GM0014904,GT0003661,SRA_M0012214,SRB_M0009724,SRC_M0005793
GM0014905,GT0003662,SRA_M0012215,SRB_M0009725,SRC_M0005794
GM0014906,GT0003662,SRA_M0012216,SRB_M0009726,SRC_M0005795
GM0014907,GT0003662,SRA_M0012217,SRB_M0009727,SRC_M0005796
GM0014908,GT0003662,,SRB_M0009728,
GM0014909,GT0003662,SRA_M0012218,,
GM0014910,GT0003662,SRA_M0012219,SRB_M0009729,SRC_M0005797
GM0014911,GT0003663,SRA_M0012220,,SRC_M0005798
GM0014912,GT0003663,,,SRC_M0005799
GM0014913,GT0003664,SRA_M0012221,SRB_M0009730,SRC_M0005800
GM0014914,GT0003664,,SRB_M0009731,SRC_M0005801
GM0014915,GT0003665,SRA_M0012222,SRB_M0009732,
GM0014916,GT0003665,SRA_M0012223,,
GM0014917,GT0003665,SRA_M0012224,,
GM0014918,GT0003665,SRA_M0012225,,
GM0014919,GT0003665,,SRB_M0009733,
GM0014920,GT0003665,SRA_M0012226,SRB_M0009734,
GM0014921,GT0003666,SRA_M0012227,,SRC_M0005802
GM0014922,GT0003666,SRA_M0012228,,
GM0014923,GT0003666,,,SRC_M0005803
GM0014924,GT0003666,SRA_M0012229,,SRC_M0005804
GM0014925,GT0003666,SRA_M0012230,,
GM0014926,GT0003666,SRA_M0012231,,SRC_M0005805
GM0014927,GT0003667,SRA_M0012232,SRB_M0009735,
GM0014928,GT0003667,SRA_M0012233,SRB_M0009736,
GM0014929,GT0003668,SRA_M0012234,,
GM0014930,GT0003668,SRA_M0012235,,
GM0014931,GT0003668,SRA_M0012236,,
GM0014932,GT0003668,SRA_M0012237,,
GM0014933,GT0003668,SRA_M0012238,,
GM0014934,GT0003668,SRA_M0012239,,
GM0014935,GT0003669,SRA_M0012241,SRB_M0009737,SRC_M0005806
GM0014936,GT0003669,SRA_M0012242,,SRC_M0005807
GM0014937,GT0003669,SRA_M0012243,SRB_M0009738,
GM0014938,GT0003670,SRA_M0012244,SRB_M0009739,
GM0014939,GT0003670,SRA_M0012245,SRB_M0009740,
GM0014940,GT0003670,SRA_M0012246,SRB_M0009741,
GM0014941,GT0003670,,,
GM0014942,GT0003670,SRA_M0012247,SRB_M0009742,
GM0014943,GT0003671,,SRB_M0009743,
GM0014944,GT0003671,,,SRC_M0005808
GM0014945,GT0003671,,SRB_M0009744,SRC_M0005809
GM0014946,GT0003671,,,SRC_M0005810
GM0014947,GT0003672,SRA_M0012248,,
GM0014948,GT0003672,SRA_M0012249,,
GM0014949,GT0003672,SRA_M0012250,,
GM0014950,GT0003673,SRA_M0012251,SRB_M0009745,SRC_M0005811
GM0014951,GT0003673,SRA_M0012252,SRB_M0009746,SRC_M0005812
GM0014952,GT0003674,SRA_M0012253,SRB_M0009747,
GM0014953,GT0003674,SRA_M0012254,,
GM0014954,GT0003674,SRA_M0012255,,
GM0014955,GT0003674,SRA_M0012256,SRB_M0009748,
GM0014956,GT0003674,SRA_M0012257,,
GM0014957,GT0003675,,SRB_M0009749,
GM0014958,GT0003675,,SRB_M0009750,
GM0014959,GT0003675,,SRB_M0009751,
GM0014960,GT0003675,,SRB_M0009752,
GM0014961,GT0003675,,SRB_M0009753,
GM0014962,GT0003676,SRA_M0012258,,
GM0014963,GT0003676,SRA_M0012259,,
GM0014964,GT0003676,SRA_M0012260,,
GM0014965,GT0003676,SRA_M0012261,,
GM0014966,GT0003677,,SRB_M0009754,SRC_M0005813
GM0014967,GT0003677,SRA_M0012262,,
GM0014968,GT0003678,SRA_M0012263,,
GM0014969,GT0003678,SRA_M0012264,,
GM0014970,GT0003678,SRA_M0012265,SRB_M0009755,SRC_M0005814
GM0014971,GT0003678,SRA_M0012266,SRB_M0009756,SRC_M0005815
GM0014972,GT0003678,SRA_M0012267,SRB_M0009757,SRC_M0005816
GM0014973,GT0003678,SRA_M0012268,SRB_M0009758,
GM0014974,GT0003679,SRA_M0012269,,
GM0014975,GT0003679,SRA_M0012270,,
GM0014976,GT0003679,SRA_M0012271,,
GM0014977,GT0003679,SRA_M0012272,,
GM0014978,GT0003680,SRA_M0012273,SRB_M0009759,SRC_M0005817
GM0014979,GT0003680,SRA_M0012274,SRB_M0009760,
GM0014980,GT0003681,SRA_M0012275,,
GM0014981,GT0003681,SRA_M0012276,,
GM0014982,GT0003682,SRA_M0012277,,SRC_M0005818
GM0014983,GT0003682,SRA_M0012278,,SRC_M0005819
GM0014984,GT0003682,SRA_M0012279,,SRC_M0005820
GM0014985,GT0003682,SRA_M0012280,,SRC_M0005821
GM0014986,GT0003683,SRA_M0012281,,
GM0014987,GT0003683,SRA_M0012282,SRB_M0009761,SRC_M0005822
GM0014988,GT0003683,SRA_M0012283,SRB_M0009762,
GM0014989,GT0003683,SRA_M0012284,SRB_M0009763,SRC_M0005823
GM0014990,GT0003683,SRA_M0012285,SRB_M0009764,SRC_M0005824
GM0014991,GT0003683,SRA_M0012286,SRB_M0009765,
GM0014992,GT0003684,,SRB_M0009766,SRC_M0005825
GM0014993,GT0003684,,,SRC_M0005826
GM0014994,GT0003684,,,SRC_M0005827
GM0014995,GT0003685,SRA_M0012287,,
GM0014996,GT0003685,SRA_M0012288,SRB_M0009767,
GM0014997,GT0003686,,SRB_M0009768,
GM0014998,GT0003686,,SRB_M0009769,SRC_M0005828
GM0014999,GT0003686,,SRB_M0009770,
GM0015000,GT0003686,,SRB_M0009771,SRC_M0005829
GM0015001,GT0003686,,,SRC_M0005830
GM0015002,GT0003686,,SRB_M0009772,SRC_M0005831
GM0015003,GT0003687,SRA_M0012289,,SRC_M0005832
GM0015004,GT0003687,SRA_M0012290,,SRC_M0005833
GM0015005,GT0003687,SRA_M0012291,,SRC_M0005834
GM0015006,GT0003687,SRA_M0012292,,
GM0015007,GT0003687,SRA_M0012293,,
GM0015008,GT0003687,,,SRC_M0005835
GM0015009,GT0003688,SRA_M0012294,,SRC_M0005836
GM0015010,GT0003688,SRA_M0012295,,
GM0015011,GT0003688,SRA_M0012296,,SRC_M0005837
GM0015012,GT0003688,SRA_M0012297,,SRC_M0005838
GM0015013,GT0003688,SRA_M0012298,,
GM0015014,GT0003689,SRA_M0012299,,SRC_M0005839
GM0015015,GT0003689,SRA_M0012300,,SRC_M0005840
GM0015016,GT0003689,SRA_M0012301,,SRC_M0005841
GM0015017,GT0003689,SRA_M0012302,,
GM0015018,GT0003689,SRA_M0012303,,
GM0015019,GT0003689,SRA_M0012304,,
GM0015020,GT0003690,,SRB_M0009773,SRC_M0005842
GM0015021,GT0003690,,SRB_M0009774,SRC_M0005843
GM0015022,GT0003690,,SRB_M0009775,SRC_M0005844
GM0015023,GT0003690,,SRB_M0009776,SRC_M0005845
GM0015024,GT0003691,SRA_M0012305,SRB_M0009778,SRC_M0005846
GM0015025,GT0003691,,SRB_M0009779,SRC_M0005847
GM0015026,GT0003692,,SRB_M0009781,
GM0015027,GT0003692,,SRB_M0009782,SRC_M0005848
GM0015028,GT0003692,,SRB_M0009783,SRC_M0005849
GM0015029,GT0003692,,SRB_M0009784,
GM0015030,GT0003693,SRA_M0012306,SRB_M0009785,
GM0015031,GT0003693,SRA_M0012307,SRB_M0009786,
GM0015032,GT0003693,SRA_M0012308,SRB_M0009787,
GM0015033,GT0003693,SRA_M0012309,SRB_M0009788,
GM0015034,GT0003694,SRA_M0012310,SRB_M0009789,
GM0015035,GT0003694,SRA_M0012311,SRB_M0009790,
GM0015036,GT0003694,,,
GM0015037,GT0003694,SRA_M0012312,SRB_M0009791,
GM0015038,GT0003695,,,
GM0015039,GT0003695,,,
GM0015040,GT0003695,,,
GM0015041,GT0003695,,,
GM0015042,GT0003696,SRA_M0012313,SRB_M0009792,SRC_M0005850
GM0015043,GT0003696,SRA_M0012314,SRB_M0009793,
GM0015044,GT0003696,SRA_M0012315,,
GM0015045,GT0003697,SRA_M0012316,,
GM0015046,GT0003697,SRA_M0012317,SRB_M0009794,
GM0015047,GT0003697,SRA_M0012318,SRB_M0009795,
GM0015048,GT0003697,SRA_M0012319,SRB_M0009796,
GM0015049,GT0003698,SRA_M0012320,SRB_M0009797,
GM0015050,GT0003698,SRA_M0012321,SRB_M0009798,
GM0015051,GT0003698,SRA_M0012322,SRB_M0009799,
GM0015052,GT0003698,,SRB_M0009800,
GM0015053,GT0003699,SRA_M0012323,SRB_M0009801,
GM0015054,GT0003699,SRA_M0012324,,
GM0015055,GT0003700,SRA_M0012325,,SRC_M0005851
GM0015056,GT0003700,SRA_M0012326,,
GM0015057,GT0003700,SRA_M0012327,,SRC_M0005852
GM0015058,GT0003700,SRA_M0012328,,
GM0015059,GT0003701,SRA_M0012329,SRB_M0009802,
GM0015060,GT0003701,SRA_M0012330,SRB_M0009803,
GM0015061,GT0003701,SRA_M0012331,SRB_M0009804,
GM0015062,GT0003701,SRA_M0012332,SRB_M0009805,
GM0015063,GT0003701,SRA_M0012333,SRB_M0009806,
GM0015064,GT0003702,SRA_M0012334,SRB_M0009807,
GM0015065,GT0003702,SRA_M0012335,SRB_M0009808,
GM0015066,GT0003702,SRA_M0012336,SRB_M0009809,
GM0015067,GT0003702,SRA_M0012337,SRB_M0009810,
GM0015068,GT0003702,SRA_M0012338,SRB_M0009811,
GM0015069,GT0003703,,SRB_M0009812,SRC_M0005853
GM0015070,GT0003703,SRA_M0012339,SRB_M0009813,SRC_M0005854
GM0015071,GT0003703,SRA_M0012340,SRB_M0009814,SRC_M0005855
GM0015072,GT0003703,SRA_M0012341,SRB_M0009815,SRC_M0005856
GM0015073,GT0003703,SRA_M0012342,,
GM0015074,GT0003703,SRA_M0012343,SRB_M0009816,SRC_M0005857
GM0015075,GT0003704,SRA_M0012344,,
GM0015076,GT0003704,SRA_M0012345,SRB_M0009817,
GM0015077,GT0003704,SRA_M0012346,SRB_M0009818,
GM0015078,GT0003704,SRA_M0012347,SRB_M0009819,
GM0015079,GT0003704,,SRB_M0009820,
GM0015080,GT0003704,SRA_M0012348,SRB_M0009821,
GM0015081,GT0003705,SRA_M0012349,,
GM0015082,GT0003705,SRA_M0012350,,
GM0015083,GT0003705,SRA_M0012351,,
GM0015084,GT0003705,SRA_M0012352,,
GM0015085,GT0003705,SRA_M0012353,,
GM0015086,GT0003705,SRA_M0012354,,
GM0015087,GT0003706,SRA_M0012355,,SRC_M0005858
GM0015088,GT0003706,SRA_M0012356,,
GM0015089,GT0003706,SRA_M0012357,,SRC_M0005859
GM0015090,GT0003706,SRA_M0012358,,
GM0015091,GT0003706,SRA_M0012359,,SRC_M0005860
GM0015092,GT0003706,SRA_M0012360,,
GM0015093,GT0003707,SRA_M0012361,,
GM0015094,GT0003707,SRA_M0012362,SRB_M0009822,
GM0015095,GT0003707,SRA_M0012363,SRB_M0009823,
GM0015096,GT0003707,SRA_M0012364,,
GM0015097,GT0003707,,SRB_M0009824,
GM0015098,GT0003708,SRA_M0012365,SRB_M0009825,
GM0015099,GT0003708,SRA_M0012366,SRB_M0009826,SRC_M0005861
GM0015100,GT0003708,SRA_M0012367,SRB_M0009827,SRC_M0005862
GM0015101,GT0003708,SRA_M0012368,,SRC_M0005863
GM0015102,GT0003709,SRA_M0012369,SRB_M0009828,
GM0015103,GT0003709,SRA_M0012370,SRB_M0009829,
GM0015104,GT0003709,SRA_M0012371,,
GM0015105,GT0003709,SRA_M0012372,,
GM0015106,GT0003710,SRA_M0012373,,SRC_M0005864
GM0015107,GT0003710,SRA_M0012374,SRB_M0009830,SRC_M0005865
GM0015108,GT0003710,SRA_M0012375,,SRC_M0005866
GM0015109,GT0003710,SRA_M0012376,SRB_M0009831,SRC_M0005867
GM0015110,GT0003711,,SRB_M0009832,
GM0015111,GT0003711,,SRB_M0009833,
GM0015112,GT0003711,,,
GM0015113,GT0003711,,SRB_M0009834,
GM0015114,GT0003711,,SRB_M0009835,
GM0015115,GT0003711,,SRB_M0009836,
GM0015116,GT0003712,SRA_M0012377,SRB_M0009837,
GM0015117,GT0003712,SRA_M0012378,,
GM0015118,GT0003713,SRA_M0012379,SRB_M0009838,
GM0015119,GT0003713,SRA_M0012380,SRB_M0009839,
GM0015120,GT0003714,SRA_M0012381,SRB_M0009840,SRC_M0005868
GM0015121,GT0003714,SRA_M0012382,,SRC_M0005869
GM0015122,GT0003714,SRA_M0012383,SRB_M0009841,SRC_M0005870
GM0015123,GT0003714,SRA_M0012384,SRB_M0009842,
GM0015124,GT0003714,SRA_M0012385,SRB_M0009843,SRC_M0005871
GM0015125,GT0003714,SRA_M0012386,SRB_M0009844,SRC_M0005872
GM0015126,GT0003715,,,
GM0015127,GT0003715,SRA_M0012388,,
GM0015128,GT0003715,SRA_M0012389,,
GM0015129,GT0003716,SRA_M0012390,,
GM0015130,GT0003716,SRA_M0012391,,
GM0015131,GT0003717,SRA_M0012392,SRB_M0009845,SRC_M0005873
GM0015132,GT0003717,SRA_M0012393,SRB_M0009846,SRC_M0005874
GM0015133,GT0003718,SRA_M0012394,SRB_M0009847,
GM0015134,GT0003718,SRA_M0012395,SRB_M0009848,
GM0015135,GT0003718,SRA_M0012396,SRB_M0009849,
GM0015136,GT0003718,SRA_M0012397,SRB_M0009850,
GM0015137,GT0003718,SRA_M0012398,SRB_M0009851,
GM0015138,GT0003719,,SRB_M0009852,SRC_M0005875
GM0015139,GT0003719,SRA_M0012399,SRB_M0009853,
GM0015140,GT0003719,SRA_M0012400,SRB_M0009854,SRC_M0005876
GM0015141,GT0003719,SRA_M0012401,SRB_M0009855,SRC_M0005877
GM0015142,GT0003719,SRA_M0012402,,
GM0015143,GT0003719,,SRB_M0009856,SRC_M0005878
GM0015144,GT0003720,SRA_M0012403,SRB_M0009857,
GM0015145,GT0003720,SRA_M0012404,,
GM0015146,GT0003720,SRA_M0012405,SRB_M0009858,
GM0015147,GT0003720,SRA_M0012406,,
GM0015148,GT0003720,SRA_M0012407,SRB_M0009859,
GM0015149,GT0003721,,,
GM0015150,GT0003721,SRA_M0012408,,
GM0015151,GT0003721,,,
GM0015152,GT0003721,SRA_M0012409,,
GM0015153,GT0003722,SRA_M0012410,,
GM0015154,GT0003722,,,
GM0015155,GT0003722,,,
GM0015156,GT0003722,SRA_M0012411,,
GM0015157,GT0003722,SRA_M0012412,SRB_M0009860,
GM0015158,GT0003722,SRA_M0012413,SRB_M0009861,
GM0015159,GT0003723,,SRB_M0009862,
GM0015160,GT0003723,SRA_M0012414,,
GM0015161,GT0003723,SRA_M0012415,SRB_M0009863,
GM0015162,GT0003723,SRA_M0012416,SRB_M0009864,
GM0015163,GT0003723,SRA_M0012417,SRB_M0009865,
GM0015164,GT0003723,SRA_M0012418,,
GM0015165,GT0003724,SRA_M0012419,SRB_M0009866,
GM0015166,GT0003724,SRA_M0012420,SRB_M0009867,
GM0015167,GT0003725,SRA_M0012421,SRB_M0009868,SRC_M0005879
GM0015168,GT0003725,SRA_M0012422,SRB_M0009869,SRC_M0005880
GM0015169,GT0003726,,SRB_M0009870,SRC_M0005881
GM0015170,GT0003726,SRA_M0012423,,
GM0015171,GT0003726,SRA_M0012424,,SRC_M0005882
GM0015172,GT0003726,SRA_M0012425,SRB_M0009871,SRC_M0005883
GM0015173,GT0003727,SRA_M0012426,,SRC_M0005884
GM0015174,GT0003727,SRA_M0012427,SRB_M0009872,
GM0015175,GT0003727,SRA_M0012428,SRB_M0009873,
GM0015176,GT0003727,SRA_M0012429,SRB_M0009874,SRC_M0005885
GM0015177,GT0003727,SRA_M0012430,,SRC_M0005886
GM0015178,GT0003728,SRA_M0012431,SRB_M0009875,SRC_M0005887
GM0015179,GT0003728,SRA_M0012432,,
GM0015180,GT0003728,SRA_M0012433,SRB_M0009876,SRC_M0005888
GM0015181,GT0003728,SRA_M0012434,SRB_M0009877,
GM0015182,GT0003729,SRA_M0012435,SRB_M0009878,
GM0015183,GT0003729,SRA_M0012436,SRB_M0009879,
GM0015184,GT0003729,SRA_M0012437,,
GM0015185,GT0003729,SRA_M0012438,SRB_M0009880,
GM0015186,GT0003729,SRA_M0012439,SRB_M0009881,
GM0015187,GT0003729,SRA_M0012440,SRB_M0009882,
GM0015188,GT0003730,SRA_M0012441,SRB_M0009883,
GM0015189,GT0003730,SRA_M0012442,,
GM0015190,GT0003731,,,
GM0015191,GT0003731,SRA_M0012443,SRB_M0009884,
GM0015192,GT0003732,SRA_M0012444,SRB_M0009885,
GM0015193,GT0003732,,SRB_M0009886,
GM0015194,GT0003733,SRA_M0012445,SRB_M0009887,
GM0015195,GT0003733,SRA_M0012446,SRB_M0009888,
GM0015196,GT0003733,SRA_M0012447,SRB_M0009889,
GM0015197,GT0003733,SRA_M0012448,SRB_M0009890,
GM0015198,GT0003734,SRA_M0012449,SRB_M0009891,
GM0015199,GT0003734,SRA_M0012450,SRB_M0009892,
GM0015200,GT0003734,SRA_M0012451,SRB_M0009893,
GM0015201,GT0003735,SRA_M0012452,,
GM0015202,GT0003735,SRA_M0012453,SRB_M0009894,
GM0015203,GT0003735,SRA_M0012454,SRB_M0009895,
GM0015204,GT0003735,SRA_M0012455,SRB_M0009896,
GM0015205,GT0003735,SRA_M0012456,SRB_M0009897,
GM0015206,GT0003736,SRA_M0012457,SRB_M0009898,
GM0015207,GT0003736,SRA_M0012458,SRB_M0009899,
GM0015208,GT0003736,SRA_M0012459,SRB_M0009900,
GM0015209,GT0003736,SRA_M0012460,SRB_M0009901,
GM0015210,GT0003737,SRA_M0012461,SRB_M0009903,
GM0015211,GT0003737,SRA_M0012462,SRB_M0009904,
GM0015212,GT0003737,SRA_M0012463,SRB_M0009905,
GM0015213,GT0003737,,SRB_M0009906,
GM0015214,GT0003737,SRA_M0012464,SRB_M0009907,
GM0015215,GT0003737,SRA_M0012465,SRB_M0009908,
GM0015216,GT0003738,SRA_M0012467,SRB_M0009909,SRC_M0005889
GM0015217,GT0003738,SRA_M0012468,SRB_M0009910,SRC_M0005890
GM0015218,GT0003738,SRA_M0012469,SRB_M0009911,SRC_M0005891
GM0015219,GT0003738,,SRB_M0009912,SRC_M0005892
GM0015220,GT0003738,SRA_M0012470,,SRC_M0005893
GM0015221,GT0003739,,,
GM0015222,GT0003739,,SRB_M0009913,
GM0015223,GT0003739,SRA_M0012471,SRB_M0009914,
GM0015224,GT0003740,SRA_M0012473,,
GM0015225,GT0003740,SRA_M0012474,SRB_M0009915,
GM0015226,GT0003740,SRA_M0012475,SRB_M0009916,
GM0015227,GT0003740,SRA_M0012476,SRB_M0009917,
GM0015228,GT0003741,SRA_M0012477,,SRC_M0005894
GM0015229,GT0003741,,,SRC_M0005895
GM0015230,GT0003741,SRA_M0012478,,SRC_M0005896
GM0015231,GT0003741,SRA_M0012479,,
GM0015232,GT0003742,SRA_M0012480,,SRC_M0005897
GM0015233,GT0003742,SRA_M0012481,,
GM0015234,GT0003743,SRA_M0012482,,SRC_M0005898
GM0015235,GT0003743,SRA_M0012483,,
GM0015236,GT0003743,SRA_M0012484,,SRC_M0005899
GM0015237,GT0003743,SRA_M0012485,,SRC_M0005900
GM0015238,GT0003743,SRA_M0012486,,SRC_M0005901
GM0015239,GT0003743,SRA_M0012487,,SRC_M0005902
GM0015240,GT0003744,SRA_M0012488,SRB_M0009918,SRC_M0005903
GM0015241,GT0003744,,SRB_M0009919,
GM0015242,GT0003744,SRA_M0012489,SRB_M0009920,SRC_M0005904
GM0015243,GT0003744,SRA_M0012490,SRB_M0009921,
GM0015244,GT0003745,SRA_M0012491,SRB_M0009922,SRC_M0005905
GM0015245,GT0003745,SRA_M0012492,SRB_M0009923,SRC_M0005906
GM0015246,GT0003745,SRA_M0012493,SRB_M0009924,SRC_M0005907
GM0015247,GT0003746,,SRB_M0009925,
GM0015248,GT0003746,,SRB_M0009926,SRC_M0005908
GM0015249,GT0003747,,,SRC_M0005909
GM0015250,GT0003747,,,
GM0015251,GT0003747,,,
GM0015252,GT0003747,,,
GM0015253,GT0003748,SRA_M0012494,SRB_M0009927,
GM0015254,GT0003748,SRA_M0012495,SRB_M0009928,
GM0015255,GT0003748,SRA_M0012496,,
GM0015256,GT0003748,SRA_M0012497,SRB_M0009929,
GM0015257,GT0003749,SRA_M0012498,,
GM0015258,GT0003749,SRA_M0012499,,
GM0015259,GT0003749,SRA_M0012500,,
GM0015260,GT0003749,,,
GM0015261,GT0003750,,SRB_M0009930,
GM0015262,GT0003750,SRA_M0012501,SRB_M0009931,
GM0015263,GT0003750,,SRB_M0009932,
GM0015264,GT0003750,SRA_M0012502,SRB_M0009933,
GM0015265,GT0003750,SRA_M0012503,SRB_M0009934,
GM0015266,GT0003751,,,SRC_M0005910
GM0015267,GT0003751,,SRB_M0009935,SRC_M0005911
GM0015268,GT0003751,,,SRC_M0005912
GM0015269,GT0003751,,SRB_M0009936,SRC_M0005913
GM0015270,GT0003752,SRA_M0012504,SRB_M0009937,SRC_M0005914
GM0015271,GT0003752,SRA_M0012505,SRB_M0009938,SRC_M0005915
GM0015272,GT0003753,SRA_M0012506,SRB_M0009939,SRC_M0005916
GM0015273,GT0003753,SRA_M0012507,,SRC_M0005917
GM0015274,GT0003754,SRA_M0012508,,SRC_M0005918
GM0015275,GT0003754,,,SRC_M0005919
GM0015276,GT0003754,SRA_M0012509,,SRC_M0005920
GM0015277,GT0003754,SRA_M0012510,,SRC_M0005921
GM0015278,GT0003754,SRA_M0012511,,SRC_M0005922
GM0015279,GT0003754,SRA_M0012512,,
GM0015280,GT0003755,,,
GM0015281,GT0003755,SRA_M0012513,,
GM0015282,GT0003755,SRA_M0012514,,
GM0015283,GT0003755,SRA_M0012515,,
GM0015284,GT0003755,,,
GM0015285,GT0003756,SRA_M0012516,,SRC_M0005923
GM0015286,GT0003756,SRA_M0012517,,SRC_M0005924
GM0015287,GT0003756,SRA_M0012518,,SRC_M0005925
GM0015288,GT0003756,SRA_M0012519,,SRC_M0005926
GM0015289,GT0003756,SRA_M0012520,,SRC_M0005927
GM0015290,GT0003756,SRA_M0012521,,SRC_M0005928
GM0015291,GT0003757,SRA_M0012522,SRB_M0009941,
GM0015292,GT0003757,,SRB_M0009942,SRC_M0005929
GM0015293,GT0003757,SRA_M0012523,SRB_M0009943,
GM0015294,GT0003757,SRA_M0012524,SRB_M0009944,SRC_M0005930
GM0015295,GT0003758,,SRB_M0009945,SRC_M0005931
GM0015296,GT0003758,SRA_M0012525,SRB_M0009946,SRC_M0005932
GM0015297,GT0003758,SRA_M0012526,SRB_M0009947,
GM0015298,GT0003758,SRA_M0012527,SRB_M0009948,SRC_M0005933
GM0015299,GT0003758,,SRB_M0009949,SRC_M0005934
GM0015300,GT0003759,SRA_M0012528,,SRC_M0005935
GM0015301,GT0003759,SRA_M0012529,SRB_M0009950,SRC_M0005936
GM0015302,GT0003759,SRA_M0012530,SRB_M0009951,SRC_M0005937
GM0015303,GT0003760,,,
GM0015304,GT0003760,SRA_M0012531,,
GM0015305,GT0003760,SRA_M0012532,,
GM0015306,GT0003760,SRA_M0012533,,
GM0015307,GT0003761,,SRB_M0009952,
GM0015308,GT0003761,SRA_M0012534,SRB_M0009953,
GM0015309,GT0003761,,SRB_M0009954,
GM0015310,GT0003761,SRA_M0012535,SRB_M0009955,
GM0015311,GT0003761,SRA_M0012536,SRB_M0009956,
GM0015312,GT0003761,SRA_M0012537,,
GM0015313,GT0003762,SRA_M0012538,SRB_M0009957,
GM0015314,GT0003762,SRA_M0012539,,
GM0015315,GT0003763,,,SRC_M0005938
GM0015316,GT0003763,SRA_M0012540,,
GM0015317,GT0003764,SRA_M0012541,SRB_M0009958,
GM0015318,GT0003764,SRA_M0012542,,
GM0015319,GT0003764,SRA_M0012543,,
GM0015320,GT0003764,SRA_M0012544,SRB_M0009959,
GM0015321,GT0003765,SRA_M0012545,SRB_M0009961,SRC_M0005939
GM0015322,GT0003765,SRA_M0012546,SRB_M0009962,SRC_M0005940
GM0015323,GT0003765,SRA_M0012547,SRB_M0009963,SRC_M0005941
GM0015324,GT0003766,SRA_M0012548,SRB_M0009964,
GM0015325,GT0003766,,SRB_M0009965,
GM0015326,GT0003767,,SRB_M0009966,
GM0015327,GT0003767,,SRB_M0009967,
GM0015328,GT0003767,,SRB_M0009968,
GM0015329,GT0003768,SRA_M0012549,SRB_M0009969,SRC_M0005942
GM0015330,GT0003768,SRA_M0012550,SRB_M0009970,SRC_M0005943
GM0015331,GT0003768,SRA_M0012551,SRB_M0009971,
GM0015332,GT0003768,SRA_M0012552,,SRC_M0005944
GM0015333,GT0003769,SRA_M0012553,SRB_M0009972,
GM0015334,GT0003769,SRA_M0012554,SRB_M0009973,
GM0015335,GT0003769,SRA_M0012555,SRB_M0009974,
GM0015336,GT0003770,SRA_M0012556,,
GM0015337,GT0003770,SRA_M0012557,,
GM0015338,GT0003770,SRA_M0012558,,
GM0015339,GT0003771,SRA_M0012559,,
GM0015340,GT0003771,SRA_M0012560,,
GM0015341,GT0003771,SRA_M0012561,,
GM0015342,GT0003772,SRA_M0012562,,
GM0015343,GT0003772,SRA_M0012563,SRB_M0009975,
GM0015344,GT0003772,SRA_M0012564,,
GM0015345,GT0003772,SRA_M0012565,,
GM0015346,GT0003773,SRA_M0012566,SRB_M0009976,
GM0015347,GT0003773,,SRB_M0009977,
GM0015348,GT0003773,SRA_M0012567,SRB_M0009978,
GM0015349,GT0003773,SRA_M0012568,SRB_M0009979,
GM0015350,GT0003773,SRA_M0012569,SRB_M0009980,
GM0015351,GT0003774,SRA_M0012570,SRB_M0009981,
GM0015352,GT0003774,SRA_M0012571,SRB_M0009982,
GM0015353,GT0003774,SRA_M0012572,SRB_M0009983,
GM0015354,GT0003775,SRA_M0012573,,SRC_M0005945
GM0015355,GT0003775,SRA_M0012574,,SRC_M0005946
GM0015356,GT0003775,SRA_M0012575,SRB_M0009984,SRC_M0005947
GM0015357,GT0003775,SRA_M0012576,SRB_M0009985,SRC_M0005948
GM0015358,GT0003776,SRA_M0012577,,
GM0015359,GT0003776,SRA_M0012578,,
GM0015360,GT0003776,,,
GM0015361,GT0003776,SRA_M0012579,,
GM0015362,GT0003777,SRA_M0012580,SRB_M0009986,SRC_M0005949
GM0015363,GT0003777,SRA_M0012581,SRB_M0009987,
GM0015364,GT0003778,SRA_M0012582,SRB_M0009988,
GM0015365,GT0003778,SRA_M0012583,SRB_M0009989,
GM0015366,GT0003778,SRA_M0012584,SRB_M0009990,
GM0015367,GT0003778,SRA_M0012585,SRB_M0009991,
GM0015368,GT0003778,SRA_M0012586,SRB_M0009992,
GM0015369,GT0003779,,SRB_M0009993,
GM0015370,GT0003779,SRA_M0012587,SRB_M0009994,
GM0015371,GT0003779,SRA_M0012588,SRB_M0009995,
GM0015372,GT0003780,SRA_M0012589,SRB_M0009996,
GM0015373,GT0003780,,,
GM0015374,GT0003780,SRA_M0012590,,
GM0015375,GT0003781,SRA_M0012591,SRB_M0009997,
GM0015376,GT0003781,SRA_M0012592,SRB_M0009998,
GM0015377,GT0003781,SRA_M0012593,SRB_M0009999,
GM0015378,GT0003782,,,SRC_M0005950
GM0015379,GT0003782,SRA_M0012595,SRB_M0010000,SRC_M0005951
GM0015380,GT0003782,SRA_M0012596,SRB_M0010001,
GM0015381,GT0003783,SRA_M0012597,,
GM0015382,GT0003783,SRA_M0012598,,SRC_M0005952
GM0015383,GT0003783,SRA_M0012599,SRB_M0010002,SRC_M0005953
GM0015384,GT0003784,SRA_M0012600,SRB_M0010003,
GM0015385,GT0003784,SRA_M0012601,SRB_M0010004,
GM0015386,GT0003784,SRA_M0012602,SRB_M0010005,
GM0015387,GT0003784,SRA_M0012603,,
GM0015388,GT0003784,SRA_M0012604,SRB_M0010006,
GM0015389,GT0003785,SRA_M0012605,SRB_M0010007,
GM0015390,GT0003785,SRA_M0012606,SRB_M0010008,
GM0015391,GT0003786,SRA_M0012607,,SRC_M0005954
GM0015392,GT0003786,SRA_M0012608,,SRC_M0005955
GM0015393,GT0003786,SRA_M0012609,,SRC_M0005956
GM0015394,GT0003786,SRA_M0012610,,SRC_M0005957
GM0015395,GT0003786,SRA_M0012611,,SRC_M0005958
GM0015396,GT0003787,SRA_M0012612,,
GM0015397,GT0003787,SRA_M0012613,,
GM0015398,GT0003787,SRA_M0012614,,
GM0015399,GT0003787,SRA_M0012615,,
GM0015400,GT0003787,SRA_M0012616,,
GM0015401,GT0003788,SRA_M0012618,SRB_M0010009,
GM0015402,GT0003788,SRA_M0012619,SRB_M0010010,
GM0015403,GT0003788,SRA_M0012620,SRB_M0010011,
GM0015404,GT0003789,,,
GM0015405,GT0003789,SRA_M0012621,SRB_M0010012,
GM0015406,GT0003789,SRA_M0012622,SRB_M0010013,
GM0015407,GT0003790,,,SRC_M0005959
GM0015408,GT0003790,,SRB_M0010014,SRC_M0005960
GM0015409,GT0003790,,SRB_M0010015,SRC_M0005961
GM0015410,GT0003791,SRA_M0012623,,
GM0015411,GT0003791,SRA_M0012624,,
GM0015412,GT0003791,SRA_M0012625,,
GM0015413,GT0003791,SRA_M0012626,,
GM0015414,GT0003792,,,
GM0015415,GT0003792,,,
GM0015416,GT0003792,,SRB_M0010016,
GM0015417,GT0003793,SRA_M0012627,,
GM0015418,GT0003793,SRA_M0012628,,SRC_M0005962
GM0015419,GT0003793,SRA_M0012629,,SRC_M0005963
GM0015420,GT0003793,SRA_M0012630,,SRC_M0005964
GM0015421,GT0003793,SRA_M0012631,,
GM0015422,GT0003794,SRA_M0012632,SRB_M0010017,SRC_M0005965
GM0015423,GT0003794,SRA_M0012633,SRB_M0010018,SRC_M0005966
GM0015424,GT0003794,SRA_M0012634,SRB_M0010019,SRC_M0005967
GM0015425,GT0003795,SRA_M0012635,SRB_M0010020,
GM0015426,GT0003795,SRA_M0012636,SRB_M0010021,SRC_M0005968
GM0015427,GT0003795,SRA_M0012637,SRB_M0010022,SRC_M0005969
GM0015428,GT0003796,SRA_M0012638,SRB_M0010023,SRC_M0005970
GM0015429,GT0003796,SRA_M0012639,SRB_M0010024,
GM0015430,GT0003796,SRA_M0012640,SRB_M0010025,
GM0015431,GT0003796,SRA_M0012641,SRB_M0010026,SRC_M0005971
GM0015432,GT0003796,SRA_M0012642,SRB_M0010027,
GM0015433,GT0003796,SRA_M0012643,SRB_M0010028,SRC_M0005972
GM0015434,GT0003797,SRA_M0012644,,
GM0015435,GT0003797,SRA_M0012645,SRB_M0010029,
GM0015436,GT0003797,SRA_M0012646,SRB_M0010030,SRC_M0005973
GM0015437,GT0003797,SRA_M0012647,SRB_M0010031,
GM0015438,GT0003797,SRA_M0012648,,SRC_M0005974
GM0015439,GT0003798,SRA_M0012649,SRB_M0010032,
GM0015440,GT0003798,,SRB_M0010033,
GM0015441,GT0003798,SRA_M0012650,SRB_M0010034,
GM0015442,GT0003798,SRA_M0012651,SRB_M0010035,SRC_M0005975
GM0015443,GT0003799,SRA_M0012652,,SRC_M0005976
GM0015444,GT0003799,SRA_M0012653,,SRC_M0005977
GM0015445,GT0003800,,SRB_M0010036,
GM0015446,GT0003800,,,SRC_M0005978
GM0015447,GT0003800,,SRB_M0010037,SRC_M0005979
GM0015448,GT0003800,,SRB_M0010038,SRC_M0005980
GM0015449,GT0003801,SRA_M0012655,,
GM0015450,GT0003801,SRA_M0012656,,
GM0015451,GT0003801,SRA_M0012657,,
GM0015452,GT0003802,SRA_M0012658,SRB_M0010039,
GM0015453,GT0003802,SRA_M0012659,SRB_M0010040,
GM0015454,GT0003802,,,SRC_M0005981
GM0015455,GT0003803,SRA_M0012660,,
GM0015456,GT0003803,SRA_M0012661,SRB_M0010041,
GM0015457,GT0003803,SRA_M0012662,SRB_M0010042,
GM0015458,GT0003803,SRA_M0012663,SRB_M0010043,
GM0015459,GT0003803,SRA_M0012664,SRB_M0010044,
GM0015460,GT0003803,SRA_M0012665,SRB_M0010045,
GM0015461,GT0003804,SRA_M0012667,,SRC_M0005982
GM0015462,GT0003804,SRA_M0012668,,SRC_M0005983
GM0015463,GT0003805,SRA_M0012669,SRB_M0010047,SRC_M0005984
GM0015464,GT0003805,SRA_M0012670,SRB_M0010048,SRC_M0005985
GM0015465,GT0003805,SRA_M0012671,SRB_M0010049,
GM0015466,GT0003805,SRA_M0012672,SRB_M0010050,
GM0015467,GT0003806,SRA_M0012673,SRB_M0010051,SRC_M0005986
GM0015468,GT0003806,SRA_M0012674,SRB_M0010052,SRC_M0005987
GM0015469,GT0003806,SRA_M0012675,,SRC_M0005988
GM0015470,GT0003806,SRA_M0012676,SRB_M0010053,SRC_M0005989
GM0015471,GT0003806,SRA_M0012677,SRB_M0010054,SRC_M0005990
GM0015472,GT0003807,SRA_M0012678,SRB_M0010055,SRC_M0005992
GM0015473,GT0003807,SRA_M0012679,SRB_M0010056,SRC_M0005993
GM0015474,GT0003807,SRA_M0012680,SRB_M0010057,SRC_M0005994
GM0015475,GT0003808,SRA_M0012681,SRB_M0010058,
GM0015476,GT0003808,SRA_M0012682,,
GM0015477,GT0003808,SRA_M0012683,,
GM0015478,GT0003808,SRA_M0012684,SRB_M0010059,
GM0015479,GT0003808,SRA_M0012685,SRB_M0010060,
GM0015480,GT0003808,SRA_M0012686,SRB_M0010061,
GM0015481,GT0003809,SRA_M0012687,SRB_M0010062,SRC_M0005995
GM0015482,GT0003809,SRA_M0012688,SRB_M0010063,
GM0015483,GT0003809,SRA_M0012689,SRB_M0010064,SRC_M0005996
GM0015484,GT0003809,SRA_M0012690,SRB_M0010065,
GM0015485,GT0003810,SRA_M0012691,,SRC_M0005997
GM0015486,GT0003810,SRA_M0012692,,
GM0015487,GT0003811,SRA_M0012693,,SRC_M0005998
GM0015488,GT0003811,SRA_M0012694,,SRC_M0005999
GM0015489,GT0003811,,,SRC_M0006000
GM0015490,GT0003812,,,SRC_M0006001
GM0015491,GT0003812,,,SRC_M0006002
GM0015492,GT0003812,,,SRC_M0006003
GM0015493,GT0003812,,,SRC_M0006004
GM0015494,GT0003812,,,
GM0015495,GT0003813,,,SRC_M0006005
GM0015496,GT0003813,SRA_M0012695,SRB_M0010066,SRC_M0006006
GM0015497,GT0003813,SRA_M0012696,SRB_M0010067,SRC_M0006007
GM0015498,GT0003813,SRA_M0012697,SRB_M0010068,SRC_M0006008
GM0015499,GT0003813,SRA_M0012698,,SRC_M0006009
GM0015500,GT0003814,SRA_M0012699,SRB_M0010069,
GM0015501,GT0003814,SRA_M0012700,SRB_M0010070,
GM0015502,GT0003814,,SRB_M0010071,
GM0015503,GT0003815,SRA_M0012702,,SRC_M0006010
GM0015504,GT0003815,SRA_M0012703,SRB_M0010072,SRC_M0006011
GM0015505,GT0003815,SRA_M0012704,SRB_M0010073,SRC_M0006012
GM0015506,GT0003816,SRA_M0012705,SRB_M0010074,SRC_M0006013
GM0015507,GT0003816,SRA_M0012706,SRB_M0010075,
GM0015508,GT0003816,SRA_M0012707,SRB_M0010076,SRC_M0006014
GM0015509,GT0003817,SRA_M0012708,SRB_M0010077,
GM0015510,GT0003817,SRA_M0012709,,
GM0015511,GT0003817,SRA_M0012710,SRB_M0010078,
GM0015512,GT0003817,,SRB_M0010079,
GM0015513,GT0003818,SRA_M0012711,,SRC_M0006015
GM0015514,GT0003818,SRA_M0012712,,SRC_M0006016
GM0015515,GT0003818,SRA_M0012713,,
GM0015516,GT0003818,SRA_M0012714,,SRC_M0006017
GM0015517,GT0003818,SRA_M0012715,,SRC_M0006018
GM0015518,GT0003819,SRA_M0012716,SRB_M0010080,
GM0015519,GT0003819,SRA_M0012717,SRB_M0010081,SRC_M0006019
GM0015520,GT0003819,SRA_M0012718,SRB_M0010082,
GM0015521,GT0003820,,SRB_M0010083,
GM0015522,GT0003820,SRA_M0012719,SRB_M0010084,
GM0015523,GT0003820,,SRB_M0010085,
GM0015524,GT0003820,SRA_M0012720,SRB_M0010086,
GM0015525,GT0003821,SRA_M0012721,SRB_M0010087,
GM0015526,GT0003821,SRA_M0012722,SRB_M0010088,SRC_M0006020
GM0015527,GT0003821,SRA_M0012723,,
GM0015528,GT0003821,SRA_M0012724,SRB_M0010089,
GM0015529,GT0003821,SRA_M0012725,SRB_M0010090,
GM0015530,GT0003821,SRA_M0012726,SRB_M0010091,SRC_M0006021
GM0015531,GT0003822,SRA_M0012727,,
GM0015532,GT0003822,SRA_M0012728,SRB_M0010093,
GM0015533,GT0003823,SRA_M0012729,,
GM0015534,GT0003823,SRA_M0012730,,
GM0015535,GT0003823,SRA_M0012731,,
GM0015536,GT0003823,SRA_M0012732,,
GM0015537,GT0003823,SRA_M0012733,,
GM0015538,GT0003824,SRA_M0012734,SRB_M0010094,
GM0015539,GT0003824,,SRB_M0010095,
GM0015540,GT0003824,SRA_M0012735,SRB_M0010096,
GM0015541,GT0003824,SRA_M0012736,SRB_M0010097,
GM0015542,GT0003824,SRA_M0012737,SRB_M0010098,
GM0015543,GT0003825,SRA_M0012738,SRB_M0010099,
GM0015544,GT0003825,SRA_M0012739,SRB_M0010100,
GM0015545,GT0003826,,SRB_M0010101,SRC_M0006022
GM0015546,GT0003826,SRA_M0012740,SRB_M0010102,SRC_M0006023
GM0015547,GT0003826,SRA_M0012741,SRB_M0010103,SRC_M0006024
GM0015548,GT0003826,SRA_M0012742,SRB_M0010104,SRC_M0006025
GM0015549,GT0003826,SRA_M0012743,SRB_M0010105,SRC_M0006026
GM0015550,GT0003827,SRA_M0012744,SRB_M0010106,
GM0015551,GT0003827,SRA_M0012745,,
GM0015552,GT0003827,SRA_M0012746,SRB_M0010107,
GM0015553,GT0003827,SRA_M0012747,SRB_M0010108,
GM0015554,GT0003827,SRA_M0012748,SRB_M0010109,
GM0015555,GT0003827,,SRB_M0010110,
GM0015556,GT0003828,SRA_M0012749,,SRC_M0006027
GM0015557,GT0003828,SRA_M0012750,SRB_M0010111,SRC_M0006028
GM0015558,GT0003828,SRA_M0012751,SRB_M0010112,
GM0015559,GT0003828,SRA_M0012752,SRB_M0010113,SRC_M0006029
GM0015560,GT0003828,SRA_M0012753,SRB_M0010114,SRC_M0006030
GM0015561,GT0003829,SRA_M0012754,SRB_M0010115,
GM0015562,GT0003829,SRA_M0012755,SRB_M0010116,
GM0015563,GT0003829,SRA_M0012756,,
GM0015564,GT0003829,,SRB_M0010117,
GM0015565,GT0003829,SRA_M0012757,SRB_M0010118,
GM0015566,GT0003829,SRA_M0012758,,
GM0015567,GT0003830,SRA_M0012759,,SRC_M0006031
GM0015568,GT0003830,SRA_M0012760,,
GM0015569,GT0003831,SRA_M0012761,,SRC_M0006032
GM0015570,GT0003831,SRA_M0012762,,SRC_M0006033
GM0015571,GT0003831,,,
GM0015572,GT0003831,SRA_M0012763,,SRC_M0006034
GM0015573,GT0003831,SRA_M0012764,,SRC_M0006035
GM0015574,GT0003831,,,SRC_M0006036
GM0015575,GT0003832,SRA_M0012765,SRB_M0010119,SRC_M0006037
GM0015576,GT0003832,SRA_M0012766,SRB_M0010120,SRC_M0006038
GM0015577,GT0003832,,SRB_M0010121,
GM0015578,GT0003833,SRA_M0012768,,
GM0015579,GT0003833,SRA_M0012769,,
GM0015580,GT0003833,SRA_M0012770,,
GM0015581,GT0003833,SRA_M0012771,,
GM0015582,GT0003834,SRA_M0012772,SRB_M0010122,
GM0015583,GT0003834,SRA_M0012773,SRB_M0010123,
GM0015584,GT0003834,SRA_M0012774,SRB_M0010124,
GM0015585,GT0003834,SRA_M0012775,SRB_M0010125,
GM0015586,GT0003834,SRA_M0012776,SRB_M0010126,
GM0015587,GT0003835,SRA_M0012777,SRB_M0010127,
GM0015588,GT0003835,SRA_M0012778,SRB_M0010128,SRC_M0006039
GM0015589,GT0003836,,SRB_M0010129,
GM0015590,GT0003836,SRA_M0012779,SRB_M0010130,
GM0015591,GT0003836,SRA_M0012780,SRB_M0010131,
GM0015592,GT0003837,SRA_M0012781,SRB_M0010132,
GM0015593,GT0003837,SRA_M0012782,,
GM0015594,GT0003837,SRA_M0012783,SRB_M0010133,
GM0015595,GT0003837,SRA_M0012784,SRB_M0010134,
GM0015596,GT0003837,SRA_M0012785,SRB_M0010135,
GM0015597,GT0003838,SRA_M0012786,SRB_M0010136,
GM0015598,GT0003838,SRA_M0012787,,
GM0015599,GT0003838,SRA_M0012788,,
GM0015600,GT0003838,SRA_M0012789,SRB_M0010137,
GM0015601,GT0003839,SRA_M0012790,,
GM0015602,GT0003839,,SRB_M0010138,
GM0015603,GT0003839,SRA_M0012791,SRB_M0010139,
GM0015604,GT0003839,,,
GM0015605,GT0003839,SRA_M0012792,SRB_M0010140,
GM0015606,GT0003840,SRA_M0012793,SRB_M0010141,
GM0015607,GT0003840,SRA_M0012794,SRB_M0010142,
GM0015608,GT0003840,SRA_M0012795,SRB_M0010143,
GM0015609,GT0003840,SRA_M0012796,SRB_M0010144,
GM0015610,GT0003841,SRA_M0012797,,
GM0015611,GT0003841,SRA_M0012798,SRB_M0010145,
GM0015612,GT0003841,SRA_M0012799,SRB_M0010146,
GM0015613,GT0003841,SRA_M0012800,SRB_M0010147,
GM0015614,GT0003841,SRA_M0012801,SRB_M0010148,
GM0015615,GT0003841,SRA_M0012802,SRB_M0010149,
GM0015616,GT0003842,SRA_M0012803,,
GM0015617,GT0003842,SRA_M0012804,,
GM0015618,GT0003842,SRA_M0012805,,
GM0015619,GT0003842,SRA_M0012806,,
GM0015620,GT0003843,SRA_M0012807,,
GM0015621,GT0003843,SRA_M0012808,,
GM0015622,GT0003843,SRA_M0012809,,
GM0015623,GT0003844,,SRB_M0010150,
GM0015624,GT0003844,SRA_M0012810,SRB_M0010151,
GM0015625,GT0003845,SRA_M0012811,SRB_M0010152,SRC_M0006040
GM0015626,GT0003845,SRA_M0012812,SRB_M0010153,
GM0015627,GT0003845,SRA_M0012813,SRB_M0010154,
GM0015628,GT0003846,,,SRC_M0006041
GM0015629,GT0003846,SRA_M0012814,,SRC_M0006042
GM0015630,GT0003846,,,
GM0015631,GT0003846,SRA_M0012815,,SRC_M0006043
GM0015632,GT0003847,,SRB_M0010155,SRC_M0006044
GM0015633,GT0003847,SRA_M0012816,SRB_M0010156,SRC_M0006045
GM0015634,GT0003847,SRA_M0012817,SRB_M0010157,SRC_M0006046
GM0015635,GT0003847,SRA_M0012818,SRB_M0010158,SRC_M0006047
GM0015636,GT0003847,SRA_M0012819,SRB_M0010159,
GM0015637,GT0003848,SRA_M0012820,,SRC_M0006048
GM0015638,GT0003848,SRA_M0012821,,SRC_M0006049
GM0015639,GT0003848,SRA_M0012822,,
GM0015640,GT0003848,SRA_M0012823,,SRC_M0006050
GM0015641,GT0003848,SRA_M0012824,,
GM0015642,GT0003848,SRA_M0012825,,SRC_M0006051
GM0015643,GT0003849,,SRB_M0010160,SRC_M0006052
GM0015644,GT0003849,,SRB_M0010161,SRC_M0006053
GM0015645,GT0003849,,,SRC_M0006054
GM0015646,GT0003849,,SRB_M0010162,SRC_M0006055
GM0015647,GT0003850,SRA_M0012826,SRB_M0010163,SRC_M0006056
GM0015648,GT0003850,SRA_M0012827,SRB_M0010164,
GM0015649,GT0003850,SRA_M0012828,SRB_M0010165,SRC_M0006057
GM0015650,GT0003851,SRA_M0012829,SRB_M0010166,
GM0015651,GT0003851,SRA_M0012830,,
GM0015652,GT0003851,SRA_M0012831,SRB_M0010167,
GM0015653,GT0003852,,SRB_M0010168,SRC_M0006058
GM0015654,GT0003852,SRA_M0012832,SRB_M0010169,SRC_M0006059
GM0015655,GT0003852,SRA_M0012833,SRB_M0010170,SRC_M0006060
GM0015656,GT0003852,SRA_M0012834,SRB_M0010171,SRC_M0006061
GM0015657,GT0003852,SRA_M0012835,SRB_M0010172,SRC_M0006062
GM0015658,GT0003852,SRA_M0012836,SRB_M0010173,SRC_M0006063
GM0015659,GT0003853,SRA_M0012837,SRB_M0010174,SRC_M0006064
GM0015660,GT0003853,SRA_M0012838,SRB_M0010175,SRC_M0006065
GM0015661,GT0003854,,,SRC_M0006066
GM0015662,GT0003854,,,SRC_M0006067
GM0015663,GT0003855,SRA_M0012839,SRB_M0010176,
GM0015664,GT0003855,,,
GM0015665,GT0003855,SRA_M0012840,SRB_M0010177,
GM0015666,GT0003856,SRA_M0012842,SRB_M0010178,SRC_M0006068
GM0015667,GT0003856,SRA_M0012843,SRB_M0010179,
GM0015668,GT0003857,SRA_M0012844,,
GM0015669,GT0003857,SRA_M0012845,SRB_M0010180,
GM0015670,GT0003857,SRA_M0012846,SRB_M0010181,
GM0015671,GT0003857,SRA_M0012847,SRB_M0010182,
GM0015672,GT0003858,SRA_M0012848,SRB_M0010183,SRC_M0006069
GM0015673,GT0003858,SRA_M0012849,SRB_M0010184,SRC_M0006070
GM0015674,GT0003858,,SRB_M0010185,SRC_M0006071
GM0015675,GT0003859,SRA_M0012851,,
GM0015676,GT0003859,SRA_M0012852,,
GM0015677,GT0003859,SRA_M0012853,,SRC_M0006072
GM0015678,GT0003859,,,
GM0015679,GT0003859,SRA_M0012854,,SRC_M0006073
GM0015680,GT0003860,SRA_M0012855,SRB_M0010186,
GM0015681,GT0003860,SRA_M0012856,SRB_M0010187,
GM0015682,GT0003860,SRA_M0012857,SRB_M0010188,SRC_M0006074
GM0015683,GT0003860,SRA_M0012858,,SRC_M0006075
GM0015684,GT0003860,SRA_M0012859,SRB_M0010189,
GM0015685,GT0003861,SRA_M0012860,SRB_M0010190,
GM0015686,GT0003861,SRA_M0012861,SRB_M0010191,SRC_M0006076
GM0015687,GT0003861,SRA_M0012862,SRB_M0010192,
GM0015688,GT0003862,SRA_M0012863,SRB_M0010193,
GM0015689,GT0003862,SRA_M0012864,SRB_M0010194,
GM0015690,GT0003862,SRA_M0012865,,
GM0015691,GT0003862,SRA_M0012866,SRB_M0010195,
GM0015692,GT0003862,SRA_M0012867,SRB_M0010196,
GM0015693,GT0003862,SRA_M0012868,SRB_M0010197,
GM0015694,GT0003863,SRA_M0012869,,SRC_M0006077
GM0015695,GT0003863,SRA_M0012870,,SRC_M0006078
GM0015696,GT0003863,SRA_M0012871,,SRC_M0006079
GM0015697,GT0003863,SRA_M0012872,,SRC_M0006080
GM0015698,GT0003863,SRA_M0012873,,SRC_M0006081
GM0015699,GT0003864,,SRB_M0010199,SRC_M0006082
GM0015700,GT0003864,,SRB_M0010200,SRC_M0006083
GM0015701,GT0003865,SRA_M0012874,SRB_M0010201,
GM0015702,GT0003865,SRA_M0012875,,
GM0015703,GT0003865,SRA_M0012876,SRB_M0010202,
GM0015704,GT0003865,SRA_M0012877,SRB_M0010203,
GM0015705,GT0003865,SRA_M0012878,SRB_M0010204,
GM0015706,GT0003866,SRA_M0012879,SRB_M0010206,
GM0015707,GT0003866,SRA_M0012880,SRB_M0010207,
GM0015708,GT0003867,SRA_M0012881,SRB_M0010208,SRC_M0006084
GM0015709,GT0003867,SRA_M0012882,SRB_M0010209,SRC_M0006085
GM0015710,GT0003867,SRA_M0012883,SRB_M0010210,SRC_M0006086
GM0015711,GT0003867,SRA_M0012884,SRB_M0010211,SRC_M0006087
GM0015712,GT0003867,SRA_M0012885,SRB_M0010212,SRC_M0006088
GM0015713,GT0003867,SRA_M0012886,SRB_M0010213,SRC_M0006089
GM0015714,GT0003868,SRA_M0012887,SRB_M0010214,SRC_M0006090
GM0015715,GT0003868,SRA_M0012888,SRB_M0010215,SRC_M0006091
GM0015716,GT0003868,SRA_M0012889,SRB_M0010216,SRC_M0006092
GM0015717,GT0003868,SRA_M0012890,SRB_M0010217,SRC_M0006093
GM0015718,GT0003868,,SRB_M0010218,SRC_M0006094
GM0015719,GT0003868,SRA_M0012891,SRB_M0010219,
GM0015720,GT0003869,,SRB_M0010220,
GM0015721,GT0003869,,SRB_M0010221,
GM0015722,GT0003869,,SRB_M0010222,
GM0015723,GT0003869,,SRB_M0010223,
GM0015724,GT0003869,,SRB_M0010224,
GM0015725,GT0003870,,SRB_M0010225,SRC_M0006095
GM0015726,GT0003870,,SRB_M0010226,SRC_M0006096
GM0015727,GT0003870,,SRB_M0010227,SRC_M0006097
GM0015728,GT0003870,,SRB_M0010228,SRC_M0006098
GM0015729,GT0003870,,,SRC_M0006099
GM0015730,GT0003871,SRA_M0012892,SRB_M0010229,SRC_M0006100
GM0015731,GT0003871,SRA_M0012893,SRB_M0010230,SRC_M0006101
GM0015732,GT0003871,SRA_M0012894,SRB_M0010231,SRC_M0006102
GM0015733,GT0003871,SRA_M0012895,SRB_M0010232,
GM0015734,GT0003872,SRA_M0012896,SRB_M0010233,SRC_M0006103
GM0015735,GT0003872,SRA_M0012897,SRB_M0010234,SRC_M0006104
GM0015736,GT0003872,SRA_M0012898,,
GM0015737,GT0003872,SRA_M0012899,SRB_M0010235,SRC_M0006105
GM0015738,GT0003872,SRA_M0012900,SRB_M0010236,
GM0015739,GT0003872,SRA_M0012901,SRB_M0010237,SRC_M0006106
GM0015740,GT0003873,SRA_M0012902,SRB_M0010238,
GM0015741,GT0003873,SRA_M0012903,,
GM0015742,GT0003873,SRA_M0012904,SRB_M0010239,
GM0015743,GT0003873,SRA_M0012905,SRB_M0010240,
GM0015744,GT0003874,SRA_M0012906,SRB_M0010241,
GM0015745,GT0003874,SRA_M0012907,SRB_M0010242,
GM0015746,GT0003874,SRA_M0012908,SRB_M0010243,
GM0015747,GT0003874,SRA_M0012909,SRB_M0010244,
GM0015748,GT0003874,SRA_M0012910,SRB_M0010245,
GM0015749,GT0003874,SRA_M0012911,SRB_M0010246,
GM0015750,GT0003875,SRA_M0012912,SRB_M0010247,
GM0015751,GT0003875,SRA_M0012913,SRB_M0010248,SRC_M0006107
GM0015752,GT0003875,SRA_M0012914,SRB_M0010249,SRC_M0006108
GM0015753,GT0003875,,SRB_M0010250,SRC_M0006109
GM0015754,GT0003875,SRA_M0012915,SRB_M0010251,
GM0015755,GT0003875,SRA_M0012916,SRB_M0010252,
GM0015756,GT0003876,SRA_M0012917,SRB_M0010253,
GM0015757,GT0003876,SRA_M0012918,SRB_M0010254,
GM0015758,GT0003877,SRA_M0012919,SRB_M0010255,
GM0015759,GT0003877,SRA_M0012920,,
GM0015760,GT0003877,SRA_M0012921,SRB_M0010256,
GM0015761,GT0003877,SRA_M0012922,,
GM0015762,GT0003878,SRA_M0012923,SRB_M0010257,
GM0015763,GT0003878,SRA_M0012924,SRB_M0010258,
GM0015764,GT0003878,SRA_M0012925,SRB_M0010259,
GM0015765,GT0003878,SRA_M0012926,SRB_M0010260,SRC_M0006110
GM0015766,GT0003879,SRA_M0012927,,
GM0015767,GT0003879,SRA_M0012928,,
GM0015768,GT0003879,SRA_M0012929,,
GM0015769,GT0003879,SRA_M0012930,,
GM0015770,GT0003879,,,
GM0015771,GT0003880,SRA_M0012931,,
GM0015772,GT0003880,SRA_M0012932,,
GM0015773,GT0003880,,,
GM0015774,GT0003881,SRA_M0012933,SRB_M0010261,
GM0015775,GT0003881,SRA_M0012934,SRB_M0010262,
GM0015776,GT0003881,SRA_M0012935,,
GM0015777,GT0003881,,,
GM0015778,GT0003881,SRA_M0012936,SRB_M0010263,
GM0015779,GT0003881,SRA_M0012937,SRB_M0010264,
GM0015780,GT0003882,SRA_M0012938,SRB_M0010265,
GM0015781,GT0003882,,,
GM0015782,GT0003882,SRA_M0012939,SRB_M0010266,
GM0015783,GT0003882,,SRB_M0010267,
GM0015784,GT0003883,SRA_M0012940,SRB_M0010269,
GM0015785,GT0003883,SRA_M0012941,SRB_M0010270,
GM0015786,GT0003883,SRA_M0012942,SRB_M0010271,SRC_M0006111
GM0015787,GT0003883,SRA_M0012943,SRB_M0010272,SRC_M0006112
GM0015788,GT0003883,SRA_M0012944,SRB_M0010273,SRC_M0006113
GM0015789,GT0003884,,SRB_M0010274,
GM0015790,GT0003884,,SRB_M0010275,
GM0015791,GT0003884,,SRB_M0010276,
GM0015792,GT0003884,,SRB_M0010277,
GM0015793,GT0003885,SRA_M0012945,SRB_M0010279,
GM0015794,GT0003885,SRA_M0012946,,
GM0015795,GT0003885,SRA_M0012947,,
GM0015796,GT0003885,SRA_M0012948,SRB_M0010280,
GM0015797,GT0003886,SRA_M0012949,SRB_M0010281,
GM0015798,GT0003886,,SRB_M0010282,
GM0015799,GT0003886,SRA_M0012950,SRB_M0010283,
GM0015800,GT0003887,,,
GM0015801,GT0003887,,SRB_M0010284,SRC_M0006114
GM0015802,GT0003887,,SRB_M0010285,SRC_M0006115
GM0015803,GT0003887,,SRB_M0010286,
GM0015804,GT0003887,,,SRC_M0006116
GM0015805,GT0003888,SRA_M0012951,,SRC_M0006117
GM0015806,GT0003888,SRA_M0012952,,SRC_M0006118
GM0015807,GT0003888,SRA_M0012953,,SRC_M0006119
GM0015808,GT0003888,SRA_M0012954,,SRC_M0006120
GM0015809,GT0003888,SRA_M0012955,,SRC_M0006121
GM0015810,GT0003889,SRA_M0012956,SRB_M0010287,SRC_M0006122
GM0015811,GT0003889,SRA_M0012957,SRB_M0010288,SRC_M0006123
GM0015812,GT0003889,,SRB_M0010289,SRC_M0006124
GM0015813,GT0003889,SRA_M0012958,,SRC_M0006125
GM0015814,GT0003889,SRA_M0012959,SRB_M0010290,SRC_M0006126
GM0015815,GT0003890,SRA_M0012960,,SRC_M0006127
GM0015816,GT0003890,,,SRC_M0006128
GM0015817,GT0003891,SRA_M0012961,,
GM0015818,GT0003891,,,SRC_M0006129
GM0015819,GT0003891,SRA_M0012962,,SRC_M0006130
GM0015820,GT0003891,SRA_M0012963,,SRC_M0006131
GM0015821,GT0003891,SRA_M0012964,,SRC_M0006132
GM0015822,GT0003891,SRA_M0012965,,SRC_M0006133
GM0015823,GT0003892,SRA_M0012967,,
GM0015824,GT0003892,SRA_M0012968,SRB_M0010291,
GM0015825,GT0003892,SRA_M0012969,SRB_M0010292,
GM0015826,GT0003892,SRA_M0012970,SRB_M0010293,
GM0015827,GT0003892,SRA_M0012971,,
GM0015828,GT0003892,SRA_M0012972,SRB_M0010294,
GM0015829,GT0003893,SRA_M0012973,SRB_M0010295,SRC_M0006134
GM0015830,GT0003893,SRA_M0012974,SRB_M0010296,SRC_M0006135
GM0015831,GT0003893,SRA_M0012975,SRB_M0010297,SRC_M0006136
GM0015832,GT0003893,SRA_M0012976,,SRC_M0006137
GM0015833,GT0003893,SRA_M0012977,SRB_M0010298,SRC_M0006138
GM0015834,GT0003893,SRA_M0012978,SRB_M0010299,SRC_M0006139
GM0015835,GT0003894,,,SRC_M0006140
GM0015836,GT0003894,,SRB_M0010300,SRC_M0006141
GM0015837,GT0003894,,SRB_M0010301,
GM0015838,GT0003894,,SRB_M0010302,
GM0015839,GT0003894,,SRB_M0010303,SRC_M0006142
GM0015840,GT0003894,,SRB_M0010304,SRC_M0006143
GM0015841,GT0003895,SRA_M0012979,SRB_M0010305,
GM0015842,GT0003895,SRA_M0012980,SRB_M0010306,
GM0015843,GT0003895,SRA_M0012981,SRB_M0010307,
GM0015844,GT0003895,SRA_M0012982,SRB_M0010308,
GM0015845,GT0003895,SRA_M0012983,SRB_M0010309,
GM0015846,GT0003896,SRA_M0012984,,
GM0015847,GT0003896,SRA_M0012985,,
GM0015848,GT0003897,SRA_M0012986,,
GM0015849,GT0003897,SRA_M0012987,,SRC_M0006144
GM0015850,GT0003897,SRA_M0012988,SRB_M0010310,SRC_M0006145
GM0015851,GT0003897,SRA_M0012989,,SRC_M0006146
GM0015852,GT0003898,SRA_M0012990,SRB_M0010311,
GM0015853,GT0003898,,SRB_M0010312,
GM0015854,GT0003898,SRA_M0012991,,
GM0015855,GT0003899,SRA_M0012992,,
GM0015856,GT0003899,SRA_M0012993,SRB_M0010313,
GM0015857,GT0003900,SRA_M0012994,SRB_M0010314,
GM0015858,GT0003900,,SRB_M0010315,
GM0015859,GT0003900,SRA_M0012995,SRB_M0010316,
GM0015860,GT0003900,SRA_M0012996,SRB_M0010317,
GM0015861,GT0003901,,,SRC_M0006147
GM0015862,GT0003901,,SRB_M0010318,SRC_M0006148
GM0015863,GT0003901,,SRB_M0010319,SRC_M0006149
GM0015864,GT0003901,,SRB_M0010320,
GM0015865,GT0003901,,SRB_M0010321,
GM0015866,GT0003901,,SRB_M0010322,SRC_M0006150
GM0015867,GT0003902,,SRB_M0010324,
GM0015868,GT0003902,SRA_M0012997,SRB_M0010325,
GM0015869,GT0003902,SRA_M0012998,SRB_M0010326,
GM0015870,GT0003903,,SRB_M0010327,SRC_M0006151
GM0015871,GT0003903,SRA_M0012999,SRB_M0010328,SRC_M0006152
GM0015872,GT0003903,SRA_M0013000,,SRC_M0006153
GM0015873,GT0003903,SRA_M0013001,SRB_M0010329,
GM0015874,GT0003903,SRA_M0013002,SRB_M0010330,SRC_M0006154
GM0015875,GT0003903,SRA_M0013003,SRB_M0010331,SRC_M0006155
GM0015876,GT0003904,SRA_M0013004,SRB_M0010332,
GM0015877,GT0003904,SRA_M0013005,,
GM0015878,GT0003904,SRA_M0013006,SRB_M0010333,
GM0015879,GT0003904,,SRB_M0010334,
GM0015880,GT0003905,SRA_M0013007,SRB_M0010335,SRC_M0006156
GM0015881,GT0003905,SRA_M0013008,SRB_M0010336,
GM0015882,GT0003905,SRA_M0013009,SRB_M0010337,SRC_M0006157
GM0015883,GT0003905,SRA_M0013010,SRB_M0010338,SRC_M0006158
GM0015884,GT0003905,SRA_M0013011,SRB_M0010339,SRC_M0006159
GM0015885,GT0003906,,SRB_M0010340,
GM0015886,GT0003906,SRA_M0013012,,
GM0015887,GT0003907,SRA_M0013013,SRB_M0010341,
GM0015888,GT0003907,SRA_M0013014,SRB_M0010342,
GM0015889,GT0003908,SRA_M0013015,SRB_M0010343,
GM0015890,GT0003908,SRA_M0013016,SRB_M0010344,
GM0015891,GT0003908,SRA_M0013017,SRB_M0010345,
GM0015892,GT0003908,SRA_M0013018,SRB_M0010346,
GM0015893,GT0003908,SRA_M0013019,SRB_M0010347,
GM0015894,GT0003908,SRA_M0013020,,
GM0015895,GT0003909,SRA_M0013021,,SRC_M0006160
GM0015896,GT0003909,SRA_M0013022,SRB_M0010348,SRC_M0006161
GM0015897,GT0003909,SRA_M0013023,SRB_M0010349,
GM0015898,GT0003910,SRA_M0013024,SRB_M0010350,
GM0015899,GT0003910,SRA_M0013025,,
GM0015900,GT0003911,SRA_M0013026,,
GM0015901,GT0003911,SRA_M0013027,,
GM0015902,GT0003911,,,
GM0015903,GT0003911,SRA_M0013028,,
GM0015904,GT0003911,SRA_M0013029,,
GM0015905,GT0003912,SRA_M0013030,,
GM0015906,GT0003912,SRA_M0013031,,
GM0015907,GT0003913,SRA_M0013032,SRB_M0010351,
GM0015908,GT0003913,SRA_M0013033,,
GM0015909,GT0003913,SRA_M0013034,SRB_M0010352,
GM0015910,GT0003913,SRA_M0013035,SRB_M0010353,
GM0015911,GT0003913,SRA_M0013036,SRB_M0010354,
GM0015912,GT0003914,SRA_M0013037,SRB_M0010355,
GM0015913,GT0003914,SRA_M0013038,,
GM0015914,GT0003914,SRA_M0013039,SRB_M0010356,
GM0015915,GT0003914,SRA_M0013040,,
GM0015916,GT0003914,,SRB_M0010357,
GM0015917,GT0003915,SRA_M0013041,SRB_M0010358,SRC_M0006162
GM0015918,GT0003915,SRA_M0013042,SRB_M0010359,SRC_M0006163
GM0015919,GT0003915,SRA_M0013043,,SRC_M0006164
GM0015920,GT0003916,SRA_M0013044,SRB_M0010360,
GM0015921,GT0003916,SRA_M0013045,,
GM0015922,GT0003917,,SRB_M0010361,SRC_M0006165
GM0015923,GT0003917,SRA_M0013046,SRB_M0010362,SRC_M0006166
GM0015924,GT0003917,,SRB_M0010363,SRC_M0006167
GM0015925,GT0003917,SRA_M0013047,SRB_M0010364,SRC_M0006168
GM0015926,GT0003917,,SRB_M0010365,
GM0015927,GT0003918,,,
GM0015928,GT0003918,SRA_M0013048,,
GM0015929,GT0003918,SRA_M0013049,,
GM0015930,GT0003918,SRA_M0013050,,
GM0015931,GT0003919,,SRB_M0010366,
GM0015932,GT0003919,,SRB_M0010367,
GM0015933,GT0003919,,SRB_M0010368,
GM0015934,GT0003919,,SRB_M0010369,
GM0015935,GT0003919,,SRB_M0010370,
GM0015936,GT0003920,SRA_M0013051,,SRC_M0006169
GM0015937,GT0003920,SRA_M0013052,SRB_M0010371,SRC_M0006170
GM0015938,GT0003920,SRA_M0013053,SRB_M0010372,SRC_M0006171
GM0015939,GT0003921,SRA_M0013054,SRB_M0010373,
GM0015940,GT0003921,SRA_M0013055,SRB_M0010374,
GM0015941,GT0003921,SRA_M0013056,SRB_M0010375,
GM0015942,GT0003921,SRA_M0013057,SRB_M0010376,
GM0015943,GT0003921,SRA_M0013058,,
GM0015944,GT0003921,SRA_M0013059,SRB_M0010377,
GM0015945,GT0003922,SRA_M0013060,SRB_M0010378,
GM0015946,GT0003922,SRA_M0013061,SRB_M0010379,
GM0015947,GT0003922,,,
GM0015948,GT0003922,SRA_M0013062,,
GM0015949,GT0003923,SRA_M0013063,SRB_M0010380,
GM0015950,GT0003923,,SRB_M0010381,
GM0015951,GT0003923,,SRB_M0010382,
GM0015952,GT0003924,SRA_M0013064,SRB_M0010383,SRC_M0006172
GM0015953,GT0003924,SRA_M0013065,SRB_M0010384,SRC_M0006173
GM0015954,GT0003924,SRA_M0013066,,SRC_M0006174
GM0015955,GT0003925,SRA_M0013067,SRB_M0010385,
GM0015956,GT0003925,SRA_M0013068,SRB_M0010386,
GM0015957,GT0003925,SRA_M0013069,SRB_M0010387,
GM0015958,GT0003925,SRA_M0013070,SRB_M0010388,
GM0015959,GT0003925,SRA_M0013071,SRB_M0010389,
GM0015960,GT0003925,SRA_M0013072,SRB_M0010390,
GM0015961,GT0003926,SRA_M0013073,SRB_M0010391,
GM0015962,GT0003926,SRA_M0013074,SRB_M0010392,
GM0015963,GT0003926,SRA_M0013075,,
GM0015964,GT0003926,SRA_M0013076,SRB_M0010393,
GM0015965,GT0003926,SRA_M0013077,SRB_M0010394,
GM0015966,GT0003926,SRA_M0013078,SRB_M0010395,
GM0015967,GT0003927,,SRB_M0010396,SRC_M0006175
GM0015968,GT0003927,,,
GM0015969,GT0003928,,SRB_M0010397,
GM0015970,GT0003928,,,SRC_M0006176
GM0015971,GT0003928,SRA_M0013079,SRB_M0010398,
GM0015972,GT0003928,SRA_M0013080,SRB_M0010399,SRC_M0006177
GM0015973,GT0003929,,,
GM0015974,GT0003929,,,
GM0015975,GT0003929,,,
GM0015976,GT0003929,,,
GM0015977,GT0003929,,,
GM0015978,GT0003930,SRA_M0013081,,
GM0015979,GT0003930,SRA_M0013082,,
GM0015980,GT0003931,,SRB_M0010400,
GM0015981,GT0003931,,SRB_M0010401,
GM0015982,GT0003931,,SRB_M0010402,
GM0015983,GT0003932,SRA_M0013083,,
GM0015984,GT0003932,SRA_M0013084,,
GM0015985,GT0003932,SRA_M0013085,,
GM0015986,GT0003933,SRA_M0013086,SRB_M0010403,SRC_M0006179
GM0015987,GT0003933,SRA_M0013087,SRB_M0010404,SRC_M0006180
GM0015988,GT0003934,,,
GM0015989,GT0003934,,SRB_M0010405,SRC_M0006181
GM0015990,GT0003934,,SRB_M0010406,
GM0015991,GT0003935,SRA_M0013088,SRB_M0010407,SRC_M0006182
GM0015992,GT0003935,SRA_M0013089,SRB_M0010408,SRC_M0006183
GM0015993,GT0003935,SRA_M0013090,SRB_M0010409,SRC_M0006184
GM0015994,GT0003935,SRA_M0013091,SRB_M0010410,SRC_M0006185
GM0015995,GT0003935,SRA_M0013092,,
GM0015996,GT0003935,SRA_M0013093,SRB_M0010411,SRC_M0006186
GM0015997,GT0003936,SRA_M0013094,SRB_M0010412,
GM0015998,GT0003936,SRA_M0013095,SRB_M0010413,
GM0015999,GT0003936,SRA_M0013096,,
GM0016000,GT0003937,,SRB_M0010414,
GM0016001,GT0003937,,,
GM0016002,GT0003937,,SRB_M0010415,
GM0016003,GT0003937,,SRB_M0010416,
GM0016004,GT0003937,,,
GM0016005,GT0003938,SRA_M0013098,SRB_M0010417,SRC_M0006187
GM0016006,GT0003938,SRA_M0013099,,SRC_M0006188
GM0016007,GT0003938,SRA_M0013100,SRB_M0010418,SRC_M0006189
GM0016008,GT0003938,SRA_M0013101,SRB_M0010419,SRC_M0006190
GM0016009,GT0003938,SRA_M0013102,SRB_M0010420,
GM0016010,GT0003939,SRA_M0013103,SRB_M0010421,
GM0016011,GT0003939,SRA_M0013104,,
GM0016012,GT0003939,SRA_M0013105,SRB_M0010422,
GM0016013,GT0003940,,SRB_M0010423,SRC_M0006191
GM0016014,GT0003940,SRA_M0013106,SRB_M0010424,SRC_M0006192
GM0016015,GT0003941,SRA_M0013108,SRB_M0010425,SRC_M0006193
GM0016016,GT0003941,SRA_M0013109,,SRC_M0006194
GM0016017,GT0003941,SRA_M0013110,SRB_M0010426,SRC_M0006195
GM0016018,GT0003941,SRA_M0013111,SRB_M0010427,SRC_M0006196
GM0016019,GT0003942,,SRB_M0010428,SRC_M0006197
GM0016020,GT0003942,,,SRC_M0006198
GM0016021,GT0003943,SRA_M0013112,SRB_M0010429,
GM0016022,GT0003943,SRA_M0013113,SRB_M0010430,
GM0016023,GT0003943,SRA_M0013114,SRB_M0010431,
GM0016024,GT0003943,,SRB_M0010432,
GM0016025,GT0003943,,SRB_M0010433,
GM0016026,GT0003943,SRA_M0013115,SRB_M0010434,
GM0016027,GT0003944,SRA_M0013116,,
GM0016028,GT0003944,SRA_M0013117,,
GM0016029,GT0003945,SRA_M0013118,SRB_M0010435,
GM0016030,GT0003945,SRA_M0013119,,
GM0016031,GT0003945,SRA_M0013120,SRB_M0010436,
GM0016032,GT0003945,SRA_M0013121,SRB_M0010437,
GM0016033,GT0003945,SRA_M0013122,SRB_M0010438,
GM0016034,GT0003945,SRA_M0013123,SRB_M0010439,
GM0016035,GT0003946,SRA_M0013124,SRB_M0010440,
GM0016036,GT0003946,SRA_M0013125,SRB_M0010441,
GM0016037,GT0003946,,SRB_M0010442,
GM0016038,GT0003947,SRA_M0013127,,SRC_M0006199
GM0016039,GT0003947,SRA_M0013128,,SRC_M0006200
GM0016040,GT0003947,SRA_M0013129,,SRC_M0006201
GM0016041,GT0003947,SRA_M0013130,,SRC_M0006202
GM0016042,GT0003947,,,
GM0016043,GT0003947,SRA_M0013131,,SRC_M0006203
GM0016044,GT0003948,SRA_M0013132,,
GM0016045,GT0003948,SRA_M0013133,SRB_M0010443,
GM0016046,GT0003949,SRA_M0013134,SRB_M0010444,SRC_M0006204
GM0016047,GT0003949,SRA_M0013135,SRB_M0010445,SRC_M0006205
GM0016048,GT0003950,SRA_M0013136,SRB_M0010446,
GM0016049,GT0003950,SRA_M0013137,SRB_M0010447,SRC_M0006206
GM0016050,GT0003951,SRA_M0013138,SRB_M0010448,SRC_M0006207
GM0016051,GT0003951,SRA_M0013139,SRB_M0010449,SRC_M0006208
GM0016052,GT0003951,SRA_M0013140,SRB_M0010450,SRC_M0006209
GM0016053,GT0003951,SRA_M0013141,SRB_M0010451,
GM0016054,GT0003951,SRA_M0013142,SRB_M0010452,
GM0016055,GT0003952,SRA_M0013143,SRB_M0010453,
GM0016056,GT0003952,,,
GM0016057,GT0003953,,SRB_M0010454,
GM0016058,GT0003953,,SRB_M0010455,
GM0016059,GT0003953,,SRB_M0010456,
GM0016060,GT0003953,,SRB_M0010457,
GM0016061,GT0003954,SRA_M0013144,SRB_M0010458,
GM0016062,GT0003954,SRA_M0013145,SRB_M0010459,
GM0016063,GT0003954,SRA_M0013146,SRB_M0010460,
GM0016064,GT0003954,SRA_M0013147,SRB_M0010461,
GM0016065,GT0003954,SRA_M0013148,SRB_M0010462,
GM0016066,GT0003955,SRA_M0013149,SRB_M0010464,
GM0016067,GT0003955,SRA_M0013150,SRB_M0010465,SRC_M0006210
GM0016068,GT0003955,SRA_M0013151,,SRC_M0006211
GM0016069,GT0003956,SRA_M0013152,,
GM0016070,GT0003956,SRA_M0013153,,
GM0016071,GT0003957,,SRB_M0010467,
GM0016072,GT0003957,,SRB_M0010468,
GM0016073,GT0003957,,SRB_M0010469,
GM0016074,GT0003958,SRA_M0013154,SRB_M0010470,
GM0016075,GT0003958,SRA_M0013155,SRB_M0010471,
GM0016076,GT0003958,SRA_M0013156,SRB_M0010472,
GM0016077,GT0003958,SRA_M0013157,SRB_M0010473,
GM0016078,GT0003958,SRA_M0013158,SRB_M0010474,
GM0016079,GT0003959,,SRB_M0010475,
GM0016080,GT0003959,SRA_M0013159,,
GM0016081,GT0003959,SRA_M0013160,SRB_M0010476,
GM0016082,GT0003959,SRA_M0013161,,
GM0016083,GT0003960,SRA_M0013162,SRB_M0010477,SRC_M0006212
GM0016084,GT0003960,SRA_M0013163,SRB_M0010478,SRC_M0006213
GM0016085,GT0003960,SRA_M0013164,SRB_M0010479,SRC_M0006214
GM0016086,GT0003960,SRA_M0013165,SRB_M0010480,SRC_M0006215
GM0016087,GT0003960,SRA_M0013166,SRB_M0010481,
GM0016088,GT0003960,SRA_M0013167,SRB_M0010482,SRC_M0006216
GM0016089,GT0003961,SRA_M0013168,SRB_M0010483,
GM0016090,GT0003961,SRA_M0013169,SRB_M0010484,
GM0016091,GT0003961,SRA_M0013170,,
GM0016092,GT0003961,SRA_M0013171,,
GM0016093,GT0003961,SRA_M0013172,SRB_M0010485,
GM0016094,GT0003962,SRA_M0013173,,
GM0016095,GT0003962,SRA_M0013174,,
GM0016096,GT0003963,SRA_M0013175,,
GM0016097,GT0003963,SRA_M0013176,,SRC_M0006217
GM0016098,GT0003963,SRA_M0013177,,
GM0016099,GT0003963,SRA_M0013178,,SRC_M0006218
GM0016100,GT0003963,SRA_M0013179,,
GM0016101,GT0003963,SRA_M0013180,,SRC_M0006219
GM0016102,GT0003964,SRA_M0013181,SRB_M0010486,
GM0016103,GT0003964,SRA_M0013182,SRB_M0010487,SRC_M0006220
GM0016104,GT0003964,SRA_M0013183,SRB_M0010488,SRC_M0006221
GM0016105,GT0003964,SRA_M0013184,SRB_M0010489,SRC_M0006222
GM0016106,GT0003965,SRA_M0013185,,SRC_M0006223
GM0016107,GT0003965,SRA_M0013186,SRB_M0010490,SRC_M0006224
GM0016108,GT0003965,SRA_M0013187,SRB_M0010491,SRC_M0006225
GM0016109,GT0003965,SRA_M0013188,SRB_M0010492,
GM0016110,GT0003966,SRA_M0013189,SRB_M0010493,SRC_M0006226
GM0016111,GT0003966,SRA_M0013190,SRB_M0010494,SRC_M0006227
GM0016112,GT0003966,SRA_M0013191,SRB_M0010495,SRC_M0006228
GM0016113,GT0003966,SRA_M0013192,SRB_M0010496,SRC_M0006229
GM0016114,GT0003967,SRA_M0013193,SRB_M0010497,
GM0016115,GT0003967,SRA_M0013194,,
GM0016116,GT0003967,SRA_M0013195,,
GM0016117,GT0003967,SRA_M0013196,SRB_M0010498,
GM0016118,GT0003968,SRA_M0013197,,SRC_M0006230
GM0016119,GT0003968,SRA_M0013198,,
GM0016120,GT0003968,SRA_M0013199,,SRC_M0006231
GM0016121,GT0003968,SRA_M0013200,,SRC_M0006232
GM0016122,GT0003968,,,SRC_M0006233
GM0016123,GT0003969,SRA_M0013201,,SRC_M0006234
GM0016124,GT0003969,SRA_M0013202,,SRC_M0006235
GM0016125,GT0003969,SRA_M0013203,,SRC_M0006236
GM0016126,GT0003969,SRA_M0013204,,SRC_M0006237
GM0016127,GT0003970,SRA_M0013205,SRB_M0010499,SRC_M0006239
GM0016128,GT0003970,SRA_M0013206,SRB_M0010500,
GM0016129,GT0003971,SRA_M0013207,,
GM0016130,GT0003971,SRA_M0013208,SRB_M0010501,
GM0016131,GT0003971,SRA_M0013209,SRB_M0010502,
GM0016132,GT0003971,SRA_M0013210,SRB_M0010503,
GM0016133,GT0003971,SRA_M0013211,SRB_M0010504,
GM0016134,GT0003971,SRA_M0013212,,
GM0016135,GT0003972,,SRB_M0010505,
GM0016136,GT0003972,SRA_M0013213,SRB_M0010506,
GM0016137,GT0003972,SRA_M0013214,SRB_M0010507,
GM0016138,GT0003973,SRA_M0013215,SRB_M0010508,SRC_M0006240
GM0016139,GT0003973,SRA_M0013216,SRB_M0010509,
GM0016140,GT0003974,SRA_M0013217,,
GM0016141,GT0003974,SRA_M0013218,,
GM0016142,GT0003974,,,SRC_M0006241
GM0016143,GT0003974,,,SRC_M0006242
GM0016144,GT0003975,SRA_M0013219,SRB_M0010511,
GM0016145,GT0003975,SRA_M0013220,SRB_M0010512,
GM0016146,GT0003975,SRA_M0013221,SRB_M0010513,
GM0016147,GT0003975,SRA_M0013222,SRB_M0010514,
GM0016148,GT0003975,SRA_M0013223,SRB_M0010515,
GM0016149,GT0003975,SRA_M0013224,SRB_M0010516,
GM0016150,GT0003976,SRA_M0013226,SRB_M0010517,
GM0016151,GT0003976,SRA_M0013227,SRB_M0010518,SRC_M0006243
GM0016152,GT0003976,SRA_M0013228,SRB_M0010519,SRC_M0006244
GM0016153,GT0003976,SRA_M0013229,SRB_M0010520,
GM0016154,GT0003976,,SRB_M0010521,
GM0016155,GT0003977,SRA_M0013230,,SRC_M0006245
GM0016156,GT0003977,SRA_M0013231,SRB_M0010522,
GM0016157,GT0003977,SRA_M0013232,SRB_M0010523,
GM0016158,GT0003977,SRA_M0013233,,SRC_M0006246
GM0016159,GT0003977,SRA_M0013234,SRB_M0010524,SRC_M0006247
GM0016160,GT0003977,SRA_M0013235,SRB_M0010525,SRC_M0006248
GM0016161,GT0003978,SRA_M0013237,,
GM0016162,GT0003978,SRA_M0013238,,
GM0016163,GT0003978,SRA_M0013239,,
GM0016164,GT0003979,SRA_M0013240,,SRC_M0006249
GM0016165,GT0003979,,,
GM0016166,GT0003979,,,SRC_M0006250
GM0016167,GT0003979,SRA_M0013241,,SRC_M0006251
GM0016168,GT0003979,SRA_M0013242,,SRC_M0006252
GM0016169,GT0003980,SRA_M0013243,,
GM0016170,GT0003980,SRA_M0013244,,
GM0016171,GT0003980,SRA_M0013245,,
GM0016172,GT0003980,SRA_M0013246,,
GM0016173,GT0003980,SRA_M0013247,,
GM0016174,GT0003981,SRA_M0013248,SRB_M0010527,
GM0016175,GT0003981,SRA_M0013249,SRB_M0010528,SRC_M0006253
GM0016176,GT0003981,SRA_M0013250,SRB_M0010529,SRC_M0006254
GM0016177,GT0003981,SRA_M0013251,SRB_M0010530,SRC_M0006255
GM0016178,GT0003982,,SRB_M0010531,
GM0016179,GT0003982,,SRB_M0010532,SRC_M0006256
GM0016180,GT0003982,,SRB_M0010533,SRC_M0006257
GM0016181,GT0003983,SRA_M0013252,,
GM0016182,GT0003983,SRA_M0013253,,
GM0016183,GT0003984,SRA_M0013254,SRB_M0010534,
GM0016184,GT0003984,SRA_M0013255,,
GM0016185,GT0003984,SRA_M0013256,SRB_M0010535,
GM0016186,GT0003984,SRA_M0013257,,
GM0016187,GT0003984,SRA_M0013258,,
GM0016188,GT0003985,SRA_M0013259,SRB_M0010536,
GM0016189,GT0003985,SRA_M0013260,,
GM0016190,GT0003985,SRA_M0013261,,
GM0016191,GT0003986,SRA_M0013262,SRB_M0010537,
GM0016192,GT0003986,,SRB_M0010538,
GM0016193,GT0003986,,SRB_M0010539,
GM0016194,GT0003986,SRA_M0013263,SRB_M0010540,
GM0016195,GT0003986,SRA_M0013264,SRB_M0010541,
GM0016196,GT0003986,SRA_M0013265,SRB_M0010542,
GM0016197,GT0003987,SRA_M0013266,SRB_M0010543,SRC_M0006258
GM0016198,GT0003987,SRA_M0013267,SRB_M0010544,SRC_M0006259
GM0016199,GT0003988,SRA_M0013268,,SRC_M0006260
GM0016200,GT0003988,SRA_M0013269,,SRC_M0006261
GM0016201,GT0003988,SRA_M0013270,,
GM0016202,GT0003988,SRA_M0013271,,SRC_M0006262
GM0016203,GT0003989,SRA_M0013272,SRB_M0010545,SRC_M0006263
GM0016204,GT0003989,SRA_M0013273,SRB_M0010546,SRC_M0006264
GM0016205,GT0003989,SRA_M0013274,SRB_M0010547,SRC_M0006265
GM0016206,GT0003989,SRA_M0013275,SRB_M0010548,SRC_M0006266
GM0016207,GT0003990,SRA_M0013277,,SRC_M0006267
GM0016208,GT0003990,,,
GM0016209,GT0003990,SRA_M0013278,,SRC_M0006268
GM0016210,GT0003990,,,SRC_M0006269
GM0016211,GT0003990,SRA_M0013279,,SRC_M0006270
GM0016212,GT0003990,SRA_M0013280,,SRC_M0006271
GM0016213,GT0003991,SRA_M0013281,SRB_M0010549,SRC_M0006272
GM0016214,GT0003991,,SRB_M0010550,SRC_M0006273
GM0016215,GT0003991,,SRB_M0010551,SRC_M0006274
GM0016216,GT0003991,SRA_M0013282,SRB_M0010552,SRC_M0006275
GM0016217,GT0003991,SRA_M0013283,SRB_M0010553,SRC_M0006276
GM0016218,GT0003992,SRA_M0013284,SRB_M0010554,
GM0016219,GT0003992,SRA_M0013285,SRB_M0010555,
GM0016220,GT0003992,SRA_M0013286,SRB_M0010556,
GM0016221,GT0003992,,SRB_M0010557,
GM0016222,GT0003992,SRA_M0013287,,
GM0016223,GT0003993,SRA_M0013288,SRB_M0010558,
GM0016224,GT0003993,SRA_M0013289,SRB_M0010559,
GM0016225,GT0003993,SRA_M0013290,,
GM0016226,GT0003993,SRA_M0013291,SRB_M0010560,
GM0016227,GT0003993,SRA_M0013292,SRB_M0010561,
GM0016228,GT0003993,SRA_M0013293,SRB_M0010562,
GM0016229,GT0003994,SRA_M0013294,,
GM0016230,GT0003994,SRA_M0013295,SRB_M0010564,
GM0016231,GT0003995,SRA_M0013296,SRB_M0010565,
GM0016232,GT0003995,SRA_M0013297,SRB_M0010566,
GM0016233,GT0003995,SRA_M0013298,SRB_M0010567,
GM0016234,GT0003995,SRA_M0013299,SRB_M0010568,
GM0016235,GT0003996,SRA_M0013300,SRB_M0010569,
GM0016236,GT0003996,SRA_M0013301,SRB_M0010570,
GM0016237,GT0003996,SRA_M0013302,SRB_M0010571,
GM0016238,GT0003996,SRA_M0013303,SRB_M0010572,
GM0016239,GT0003996,SRA_M0013304,SRB_M0010573,
GM0016240,GT0003997,SRA_M0013305,SRB_M0010574,
GM0016241,GT0003997,SRA_M0013306,,
GM0016242,GT0003998,,SRB_M0010575,SRC_M0006277
GM0016243,GT0003998,SRA_M0013307,SRB_M0010576,SRC_M0006278
GM0016244,GT0003999,SRA_M0013308,SRB_M0010578,SRC_M0006279
GM0016245,GT0003999,SRA_M0013309,,
GM0016246,GT0003999,SRA_M0013310,SRB_M0010579,SRC_M0006280
GM0016247,GT0003999,SRA_M0013311,SRB_M0010580,SRC_M0006281
GM0016248,GT0003999,SRA_M0013312,SRB_M0010581,SRC_M0006282
GM0016249,GT0003999,SRA_M0013313,SRB_M0010582,SRC_M0006283
GM0016250,GT0004000,SRA_M0013314,SRB_M0010583,SRC_M0006284
GM0016251,GT0004000,SRA_M0013315,SRB_M0010584,
GM0016252,GT0004000,,SRB_M0010585,SRC_M0006285
GM0016253,GT0004000,SRA_M0013316,SRB_M0010586,SRC_M0006286
GM0016254,GT0004000,SRA_M0013317,SRB_M0010587,SRC_M0006287
GM0016255,GT0004000,SRA_M0013318,SRB_M0010588,SRC_M0006288
GM0016256,GT0004001,SRA_M0013319,SRB_M0010589,SRC_M0006289
GM0016257,GT0004001,SRA_M0013320,SRB_M0010590,SRC_M0006290
GM0016258,GT0004001,SRA_M0013321,SRB_M0010591,SRC_M0006291
GM0016259,GT0004001,,SRB_M0010592,
GM0016260,GT0004001,SRA_M0013322,SRB_M0010593,SRC_M0006292
GM0016261,GT0004002,SRA_M0013323,SRB_M0010594,SRC_M0006293
GM0016262,GT0004002,SRA_M0013324,SRB_M0010595,SRC_M0006294
GM0016263,GT0004003,SRA_M0013325,,SRC_M0006295
GM0016264,GT0004003,SRA_M0013326,SRB_M0010596,SRC_M0006296
GM0016265,GT0004004,SRA_M0013327,SRB_M0010597,SRC_M0006297
GM0016266,GT0004004,SRA_M0013328,SRB_M0010598,SRC_M0006298
GM0016267,GT0004004,SRA_M0013329,SRB_M0010599,SRC_M0006299
GM0016268,GT0004004,SRA_M0013330,,SRC_M0006300
GM0016269,GT0004004,SRA_M0013331,,
GM0016270,GT0004005,,,
GM0016271,GT0004005,,,
GM0016272,GT0004005,,,SRC_M0006301
GM0016273,GT0004006,,SRB_M0010600,SRC_M0006302
GM0016274,GT0004006,,SRB_M0010601,
GM0016275,GT0004006,,SRB_M0010602,SRC_M0006303
GM0016276,GT0004006,,SRB_M0010603,SRC_M0006304
GM0016277,GT0004006,,SRB_M0010604,
GM0016278,GT0004006,,SRB_M0010605,SRC_M0006305
GM0016279,GT0004007,SRA_M0013332,,
GM0016280,GT0004007,SRA_M0013333,,
GM0016281,GT0004007,SRA_M0013334,,
GM0016282,GT0004008,SRA_M0013336,,
GM0016283,GT0004008,,SRB_M0010606,
GM0016284,GT0004008,SRA_M0013337,SRB_M0010607,
GM0016285,GT0004008,SRA_M0013338,SRB_M0010608,
GM0016286,GT0004008,SRA_M0013339,SRB_M0010609,SRC_M0006306
GM0016287,GT0004009,,,
GM0016288,GT0004009,,SRB_M0010610,
GM0016289,GT0004010,SRA_M0013340,,
GM0016290,GT0004010,SRA_M0013341,,
GM0016291,GT0004010,SRA_M0013342,,
GM0016292,GT0004010,SRA_M0013343,,
GM0016293,GT0004010,SRA_M0013344,,
GM0016294,GT0004010,,,
GM0016295,GT0004011,SRA_M0013345,SRB_M0010611,SRC_M0006307
GM0016296,GT0004011,SRA_M0013346,,SRC_M0006308
GM0016297,GT0004011,SRA_M0013347,,SRC_M0006309
GM0016298,GT0004011,SRA_M0013348,SRB_M0010612,SRC_M0006310
GM0016299,GT0004011,SRA_M0013349,SRB_M0010613,SRC_M0006311
GM0016300,GT0004011,,,SRC_M0006312
GM0016301,GT0004012,SRA_M0013350,,
GM0016302,GT0004012,SRA_M0013351,,
GM0016303,GT0004012,SRA_M0013352,,SRC_M0006313
GM0016304,GT0004012,SRA_M0013353,,SRC_M0006314
GM0016305,GT0004013,,SRB_M0010615,
GM0016306,GT0004013,,,
GM0016307,GT0004013,,SRB_M0010616,
GM0016308,GT0004014,,SRB_M0010617,
GM0016309,GT0004014,SRA_M0013354,,
GM0016310,GT0004014,SRA_M0013355,SRB_M0010618,
GM0016311,GT0004015,SRA_M0013356,SRB_M0010619,
GM0016312,GT0004015,SRA_M0013357,SRB_M0010620,
GM0016313,GT0004015,SRA_M0013358,SRB_M0010621,
GM0016314,GT0004015,SRA_M0013359,SRB_M0010622,
GM0016315,GT0004015,SRA_M0013360,SRB_M0010623,
GM0016316,GT0004016,SRA_M0013362,SRB_M0010624,SRC_M0006315
GM0016317,GT0004016,,,SRC_M0006316
GM0016318,GT0004016,SRA_M0013363,SRB_M0010625,
GM0016319,GT0004017,SRA_M0013364,,
GM0016320,GT0004017,SRA_M0013365,SRB_M0010626,
GM0016321,GT0004017,SRA_M0013366,,
GM0016322,GT0004018,SRA_M0013367,SRB_M0010627,SRC_M0006317
GM0016323,GT0004018,SRA_M0013368,SRB_M0010628,
GM0016324,GT0004018,SRA_M0013369,SRB_M0010629,SRC_M0006318
GM0016325,GT0004018,SRA_M0013370,SRB_M0010630,SRC_M0006319
GM0016326,GT0004019,,,SRC_M0006320
GM0016327,GT0004019,SRA_M0013371,,
GM0016328,GT0004020,SRA_M0013372,,
GM0016329,GT0004020,SRA_M0013373,,SRC_M0006321
GM0016330,GT0004021,,SRB_M0010631,SRC_M0006322
GM0016331,GT0004021,,,SRC_M0006323
GM0016332,GT0004021,,SRB_M0010632,
GM0016333,GT0004021,,SRB_M0010633,SRC_M0006324
GM0016334,GT0004021,,SRB_M0010634,SRC_M0006325
GM0016335,GT0004021,,SRB_M0010635,SRC_M0006326
GM0016336,GT0004022,SRA_M0013374,SRB_M0010636,
GM0016337,GT0004022,SRA_M0013375,SRB_M0010637,SRC_M0006327
GM0016338,GT0004022,SRA_M0013376,SRB_M0010638,SRC_M0006328
GM0016339,GT0004022,SRA_M0013377,SRB_M0010639,SRC_M0006329
GM0016340,GT0004023,SRA_M0013378,SRB_M0010640,
GM0016341,GT0004023,SRA_M0013379,SRB_M0010641,
GM0016342,GT0004023,SRA_M0013380,SRB_M0010642,
GM0016343,GT0004023,SRA_M0013381,SRB_M0010643,
GM0016344,GT0004024,,SRB_M0010644,SRC_M0006330
GM0016345,GT0004024,,SRB_M0010645,SRC_M0006331
GM0016346,GT0004024,,SRB_M0010646,SRC_M0006332
GM0016347,GT0004024,,,SRC_M0006333
GM0016348,GT0004024,,SRB_M0010647,
GM0016349,GT0004024,,SRB_M0010648,
GM0016350,GT0004025,SRA_M0013382,SRB_M0010649,
GM0016351,GT0004025,,SRB_M0010650,
GM0016352,GT0004026,SRA_M0013383,SRB_M0010651,SRC_M0006334
GM0016353,GT0004026,SRA_M0013384,,SRC_M0006335
GM0016354,GT0004026,SRA_M0013385,SRB_M0010652,SRC_M0006336
GM0016355,GT0004026,SRA_M0013386,SRB_M0010653,
GM0016356,GT0004026,SRA_M0013387,,SRC_M0006337
GM0016357,GT0004027,SRA_M0013388,,
GM0016358,GT0004027,SRA_M0013389,,
GM0016359,GT0004027,SRA_M0013390,,
GM0016360,GT0004028,,SRB_M0010654,
GM0016361,GT0004028,,SRB_M0010655,
GM0016362,GT0004028,SRA_M0013391,,
GM0016363,GT0004029,,,
GM0016364,GT0004029,,,
GM0016365,GT0004029,,,
GM0016366,GT0004030,,SRB_M0010656,
GM0016367,GT0004030,,SRB_M0010657,
GM0016368,GT0004030,,SRB_M0010658,
GM0016369,GT0004030,,SRB_M0010659,
GM0016370,GT0004031,SRA_M0013392,,SRC_M0006338
GM0016371,GT0004031,SRA_M0013393,,SRC_M0006339
GM0016372,GT0004031,SRA_M0013394,,SRC_M0006340
GM0016373,GT0004031,SRA_M0013395,,SRC_M0006341
GM0016374,GT0004031,SRA_M0013396,,SRC_M0006342
GM0016375,GT0004031,SRA_M0013397,,SRC_M0006343
GM0016376,GT0004032,SRA_M0013398,,SRC_M0006344
GM0016377,GT0004032,SRA_M0013399,,SRC_M0006345
GM0016378,GT0004032,SRA_M0013400,,SRC_M0006346
GM0016379,GT0004032,SRA_M0013401,,SRC_M0006347
GM0016380,GT0004033,SRA_M0013402,,
GM0016381,GT0004033,SRA_M0013403,SRB_M0010660,
GM0016382,GT0004033,SRA_M0013404,SRB_M0010661,
GM0016383,GT0004033,SRA_M0013405,SRB_M0010662,
GM0016384,GT0004034,,SRB_M0010663,SRC_M0006348
GM0016385,GT0004034,,SRB_M0010664,SRC_M0006349
GM0016386,GT0004034,,SRB_M0010665,
GM0016387,GT0004034,,SRB_M0010666,SRC_M0006350
GM0016388,GT0004035,SRA_M0013406,SRB_M0010668,
GM0016389,GT0004035,SRA_M0013407,,
GM0016390,GT0004035,,,
GM0016391,GT0004035,SRA_M0013408,SRB_M0010669,
GM0016392,GT0004036,SRA_M0013409,,
GM0016393,GT0004036,SRA_M0013410,SRB_M0010670,SRC_M0006351
GM0016394,GT0004036,SRA_M0013411,,
GM0016395,GT0004036,SRA_M0013412,SRB_M0010671,SRC_M0006352
GM0016396,GT0004036,SRA_M0013413,SRB_M0010672,
GM0016397,GT0004036,SRA_M0013414,SRB_M0010673,
GM0016398,GT0004037,,,
GM0016399,GT0004037,,SRB_M0010674,
GM0016400,GT0004037,,,
GM0016401,GT0004037,,SRB_M0010675,
GM0016402,GT0004038,SRA_M0013415,SRB_M0010676,
GM0016403,GT0004038,,SRB_M0010677,
GM0016404,GT0004038,SRA_M0013416,,
GM0016405,GT0004038,SRA_M0013417,SRB_M0010678,
GM0016406,GT0004038,,SRB_M0010679,
GM0016407,GT0004038,SRA_M0013418,SRB_M0010680,
GM0016408,GT0004039,SRA_M0013419,,SRC_M0006353
GM0016409,GT0004039,SRA_M0013420,,SRC_M0006354
GM0016410,GT0004040,SRA_M0013421,SRB_M0010681,
GM0016411,GT0004040,SRA_M0013422,SRB_M0010682,
GM0016412,GT0004040,SRA_M0013423,SRB_M0010683,
GM0016413,GT0004040,SRA_M0013424,,
GM0016414,GT0004040,SRA_M0013425,SRB_M0010684,
GM0016415,GT0004041,,,
GM0016416,GT0004041,,,SRC_M0006355
GM0016417,GT0004041,,,SRC_M0006356
GM0016418,GT0004041,,,SRC_M0006357
GM0016419,GT0004042,SRA_M0013426,SRB_M0010685,
GM0016420,GT0004042,,,
GM0016421,GT0004042,SRA_M0013427,,
GM0016422,GT0004042,SRA_M0013428,SRB_M0010686,
GM0016423,GT0004043,,SRB_M0010687,SRC_M0006358
GM0016424,GT0004043,SRA_M0013429,SRB_M0010688,SRC_M0006359
GM0016425,GT0004043,SRA_M0013430,SRB_M0010689,SRC_M0006360
GM0016426,GT0004043,SRA_M0013431,SRB_M0010690,SRC_M0006361
GM0016427,GT0004044,SRA_M0013432,,SRC_M0006362
GM0016428,GT0004044,SRA_M0013433,,
GM0016429,GT0004044,SRA_M0013434,,SRC_M0006363
GM0016430,GT0004044,SRA_M0013435,,SRC_M0006364
GM0016431,GT0004045,SRA_M0013437,SRB_M0010691,
GM0016432,GT0004045,SRA_M0013438,SRB_M0010692,
GM0016433,GT0004045,SRA_M0013439,SRB_M0010693,
GM0016434,GT0004046,SRA_M0013440,SRB_M0010695,
GM0016435,GT0004046,SRA_M0013441,SRB_M0010696,
GM0016436,GT0004046,SRA_M0013442,,
GM0016437,GT0004046,SRA_M0013443,SRB_M0010697,
GM0016438,GT0004046,SRA_M0013444,SRB_M0010698,
GM0016439,GT0004046,SRA_M0013445,,
GM0016440,GT0004047,,,
GM0016441,GT0004047,,,
GM0016442,GT0004047,SRA_M0013446,,
GM0016443,GT0004047,,,
GM0016444,GT0004047,,,
GM0016445,GT0004047,,,
GM0016446,GT0004048,SRA_M0013447,SRB_M0010699,SRC_M0006365
GM0016447,GT0004048,SRA_M0013448,SRB_M0010700,SRC_M0006366
GM0016448,GT0004048,SRA_M0013449,SRB_M0010701,SRC_M0006367
GM0016449,GT0004049,SRA_M0013450,,
GM0016450,GT0004049,SRA_M0013451,SRB_M0010702,
GM0016451,GT0004049,SRA_M0013452,SRB_M0010703,
GM0016452,GT0004049,SRA_M0013453,SRB_M0010704,
GM0016453,GT0004049,SRA_M0013454,SRB_M0010705,
GM0016454,GT0004049,SRA_M0013455,SRB_M0010706,
GM0016455,GT0004050,SRA_M0013456,SRB_M0010707,
GM0016456,GT0004050,SRA_M0013457,,
GM0016457,GT0004050,SRA_M0013458,SRB_M0010708,
GM0016458,GT0004051,,,
GM0016459,GT0004051,SRA_M0013459,SRB_M0010709,
GM0016460,GT0004051,,SRB_M0010710,
GM0016461,GT0004052,,,SRC_M0006368
GM0016462,GT0004052,SRA_M0013460,,SRC_M0006369
GM0016463,GT0004052,SRA_M0013461,,SRC_M0006370
GM0016464,GT0004053,SRA_M0013462,SRB_M0010711,
GM0016465,GT0004053,,SRB_M0010712,
GM0016466,GT0004053,,SRB_M0010713,
GM0016467,GT0004053,SRA_M0013463,SRB_M0010714,
GM0016468,GT0004053,SRA_M0013464,SRB_M0010715,
GM0016469,GT0004053,SRA_M0013465,SRB_M0010716,
GM0016470,GT0004054,SRA_M0013466,SRB_M0010717,
GM0016471,GT0004054,SRA_M0013467,SRB_M0010718,
GM0016472,GT0004054,SRA_M0013468,SRB_M0010719,
GM0016473,GT0004054,SRA_M0013469,,
GM0016474,GT0004055,SRA_M0013470,,SRC_M0006371
GM0016475,GT0004055,SRA_M0013471,SRB_M0010720,SRC_M0006372
GM0016476,GT0004055,SRA_M0013472,SRB_M0010721,SRC_M0006373
GM0016477,GT0004055,SRA_M0013473,,SRC_M0006374
GM0016478,GT0004056,SRA_M0013474,SRB_M0010722,SRC_M0006375
GM0016479,GT0004056,SRA_M0013475,SRB_M0010723,SRC_M0006376
GM0016480,GT0004056,SRA_M0013476,SRB_M0010724,SRC_M0006377
GM0016481,GT0004056,SRA_M0013477,SRB_M0010725,SRC_M0006378
GM0016482,GT0004056,SRA_M0013478,SRB_M0010726,SRC_M0006379
GM0016483,GT0004056,SRA_M0013479,SRB_M0010727,SRC_M0006380
GM0016484,GT0004057,SRA_M0013480,SRB_M0010728,
GM0016485,GT0004057,SRA_M0013481,SRB_M0010729,
GM0016486,GT0004057,SRA_M0013482,SRB_M0010730,
GM0016487,GT0004057,SRA_M0013483,SRB_M0010731,
GM0016488,GT0004058,SRA_M0013484,SRB_M0010732,
GM0016489,GT0004058,SRA_M0013485,SRB_M0010733,SRC_M0006381
GM0016490,GT0004058,SRA_M0013486,SRB_M0010734,SRC_M0006382
GM0016491,GT0004059,SRA_M0013487,,SRC_M0006383
GM0016492,GT0004059,SRA_M0013488,SRB_M0010735,SRC_M0006384
GM0016493,GT0004059,SRA_M0013489,SRB_M0010736,
GM0016494,GT0004059,SRA_M0013490,SRB_M0010737,
GM0016495,GT0004059,SRA_M0013491,SRB_M0010738,SRC_M0006385
GM0016496,GT0004059,SRA_M0013492,SRB_M0010739,SRC_M0006386
GM0016497,GT0004060,SRA_M0013493,SRB_M0010740,
GM0016498,GT0004060,SRA_M0013494,SRB_M0010741,
GM0016499,GT0004060,SRA_M0013495,SRB_M0010742,
GM0016500,GT0004060,SRA_M0013496,SRB_M0010743,
GM0016501,GT0004060,SRA_M0013497,SRB_M0010744,
GM0016502,GT0004060,SRA_M0013498,,
GM0016503,GT0004061,,,
GM0016504,GT0004061,,SRB_M0010745,
GM0016505,GT0004061,,SRB_M0010746,
GM0016506,GT0004061,,SRB_M0010747,
GM0016507,GT0004061,,SRB_M0010748,
GM0016508,GT0004061,,,
GM0016509,GT0004062,SRA_M0013499,SRB_M0010750,
GM0016510,GT0004062,SRA_M0013500,SRB_M0010751,
GM0016511,GT0004062,SRA_M0013501,SRB_M0010752,
GM0016512,GT0004063,SRA_M0013502,,
GM0016513,GT0004063,SRA_M0013503,,
GM0016514,GT0004063,SRA_M0013504,,
GM0016515,GT0004064,SRA_M0013505,SRB_M0010753,SRC_M0006387
GM0016516,GT0004064,SRA_M0013506,SRB_M0010754,SRC_M0006388
GM0016517,GT0004064,SRA_M0013507,SRB_M0010755,SRC_M0006389
GM0016518,GT0004064,SRA_M0013508,SRB_M0010756,SRC_M0006390
GM0016519,GT0004065,,SRB_M0010757,
GM0016520,GT0004065,,SRB_M0010758,SRC_M0006391
GM0016521,GT0004065,,SRB_M0010759,
GM0016522,GT0004065,,SRB_M0010760,SRC_M0006392
GM0016523,GT0004065,,SRB_M0010761,
GM0016524,GT0004066,SRA_M0013509,,SRC_M0006393
GM0016525,GT0004066,SRA_M0013510,,SRC_M0006394
GM0016526,GT0004066,SRA_M0013511,,SRC_M0006395
GM0016527,GT0004067,SRA_M0013512,,
GM0016528,GT0004067,SRA_M0013513,SRB_M0010762,
GM0016529,GT0004067,SRA_M0013514,SRB_M0010763,
GM0016530,GT0004067,SRA_M0013515,,
GM0016531,GT0004067,SRA_M0013516,SRB_M0010764,
GM0016532,GT0004068,SRA_M0013517,SRB_M0010765,SRC_M0006396
GM0016533,GT0004068,,SRB_M0010766,
GM0016534,GT0004068,SRA_M0013518,SRB_M0010767,
GM0016535,GT0004068,SRA_M0013519,SRB_M0010768,SRC_M0006397
GM0016536,GT0004068,SRA_M0013520,SRB_M0010769,SRC_M0006398
GM0016537,GT0004069,SRA_M0013521,,SRC_M0006399
GM0016538,GT0004069,SRA_M0013522,,SRC_M0006400
GM0016539,GT0004070,SRA_M0013523,SRB_M0010770,
GM0016540,GT0004070,SRA_M0013524,SRB_M0010771,SRC_M0006401
GM0016541,GT0004070,SRA_M0013525,SRB_M0010772,SRC_M0006402
GM0016542,GT0004070,SRA_M0013526,SRB_M0010773,SRC_M0006403
GM0016543,GT0004071,SRA_M0013527,SRB_M0010774,
GM0016544,GT0004071,SRA_M0013528,SRB_M0010775,
GM0016545,GT0004072,SRA_M0013529,,SRC_M0006404
GM0016546,GT0004072,SRA_M0013530,SRB_M0010776,SRC_M0006405
GM0016547,GT0004072,SRA_M0013531,SRB_M0010777,SRC_M0006406
GM0016548,GT0004072,SRA_M0013532,,SRC_M0006407
GM0016549,GT0004072,SRA_M0013533,SRB_M0010778,SRC_M0006408
GM0016550,GT0004073,SRA_M0013534,SRB_M0010779,
GM0016551,GT0004073,SRA_M0013535,SRB_M0010780,
GM0016552,GT0004073,SRA_M0013536,SRB_M0010781,
GM0016553,GT0004073,SRA_M0013537,SRB_M0010782,
GM0016554,GT0004073,SRA_M0013538,SRB_M0010783,
GM0016555,GT0004073,SRA_M0013539,SRB_M0010784,
GM0016556,GT0004074,SRA_M0013540,SRB_M0010785,SRC_M0006409
GM0016557,GT0004074,SRA_M0013541,SRB_M0010786,SRC_M0006410
GM0016558,GT0004074,SRA_M0013542,SRB_M0010787,SRC_M0006411
GM0016559,GT0004074,SRA_M0013543,,SRC_M0006412
GM0016560,GT0004074,,SRB_M0010788,SRC_M0006413
GM0016561,GT0004074,SRA_M0013544,SRB_M0010789,SRC_M0006414
GM0016562,GT0004075,SRA_M0013545,,
GM0016563,GT0004075,SRA_M0013546,,
GM0016564,GT0004075,SRA_M0013547,,
GM0016565,GT0004075,SRA_M0013548,,
GM0016566,GT0004076,SRA_M0013549,SRB_M0010790,
GM0016567,GT0004076,SRA_M0013550,SRB_M0010791,
GM0016568,GT0004077,SRA_M0013551,SRB_M0010792,SRC_M0006415
GM0016569,GT0004077,SRA_M0013552,SRB_M0010793,
GM0016570,GT0004078,SRA_M0013553,SRB_M0010794,
GM0016571,GT0004078,SRA_M0013554,SRB_M0010795,
GM0016572,GT0004079,SRA_M0013555,SRB_M0010796,
GM0016573,GT0004079,SRA_M0013556,SRB_M0010797,
GM0016574,GT0004079,SRA_M0013557,SRB_M0010798,
GM0016575,GT0004079,SRA_M0013558,SRB_M0010799,
GM0016576,GT0004079,,SRB_M0010800,
GM0016577,GT0004080,SRA_M0013559,SRB_M0010801,
GM0016578,GT0004080,SRA_M0013560,SRB_M0010802,
GM0016579,GT0004080,SRA_M0013561,SRB_M0010803,
GM0016580,GT0004080,SRA_M0013562,SRB_M0010804,
GM0016581,GT0004080,SRA_M0013563,SRB_M0010805,
GM0016582,GT0004080,SRA_M0013564,SRB_M0010806,
GM0016583,GT0004081,SRA_M0013565,,
GM0016584,GT0004081,SRA_M0013566,SRB_M0010807,
GM0016585,GT0004081,,SRB_M0010808,
GM0016586,GT0004081,SRA_M0013567,,
GM0016587,GT0004081,SRA_M0013568,SRB_M0010809,
GM0016588,GT0004082,SRA_M0013569,SRB_M0010810,
GM0016589,GT0004082,,SRB_M0010811,
GM0016590,GT0004082,SRA_M0013570,SRB_M0010812,
GM0016591,GT0004082,SRA_M0013571,SRB_M0010813,
GM0016592,GT0004082,SRA_M0013572,SRB_M0010814,
GM0016593,GT0004082,SRA_M0013573,SRB_M0010815,
GM0016594,GT0004083,SRA_M0013574,SRB_M0010816,
GM0016595,GT0004083,SRA_M0013575,SRB_M0010817,
GM0016596,GT0004083,SRA_M0013576,,
GM0016597,GT0004083,SRA_M0013577,SRB_M0010818,
GM0016598,GT0004084,SRA_M0013578,SRB_M0010819,
GM0016599,GT0004084,SRA_M0013579,SRB_M0010820,
GM0016600,GT0004084,SRA_M0013580,SRB_M0010821,
GM0016601,GT0004084,SRA_M0013581,SRB_M0010822,
GM0016602,GT0004084,SRA_M0013582,SRB_M0010823,
GM0016603,GT0004085,SRA_M0013583,,SRC_M0006416
GM0016604,GT0004085,SRA_M0013584,,SRC_M0006417
GM0016605,GT0004086,SRA_M0013585,SRB_M0010824,SRC_M0006418
GM0016606,GT0004086,,,SRC_M0006419
GM0016607,GT0004086,SRA_M0013586,SRB_M0010825,
GM0016608,GT0004086,SRA_M0013587,SRB_M0010826,SRC_M0006420
GM0016609,GT0004087,SRA_M0013588,,SRC_M0006421
GM0016610,GT0004087,SRA_M0013589,,SRC_M0006422
GM0016611,GT0004087,SRA_M0013590,,SRC_M0006423
GM0016612,GT0004088,,SRB_M0010827,SRC_M0006424
GM0016613,GT0004088,SRA_M0013591,SRB_M0010828,SRC_M0006425
GM0016614,GT0004089,SRA_M0013592,,SRC_M0006426
GM0016615,GT0004089,SRA_M0013593,SRB_M0010829,
GM0016616,GT0004089,SRA_M0013594,SRB_M0010830,SRC_M0006427
GM0016617,GT0004089,SRA_M0013595,SRB_M0010831,SRC_M0006428
GM0016618,GT0004089,SRA_M0013596,SRB_M0010832,SRC_M0006429
GM0016619,GT0004089,SRA_M0013597,SRB_M0010833,SRC_M0006430
GM0016620,GT0004090,,SRB_M0010834,SRC_M0006431
GM0016621,GT0004090,,SRB_M0010835,SRC_M0006432
GM0016622,GT0004090,,SRB_M0010836,
GM0016623,GT0004090,,SRB_M0010837,
GM0016624,GT0004090,,SRB_M0010838,SRC_M0006433
GM0016625,GT0004090,,,SRC_M0006434
GM0016626,GT0004091,,,
GM0016627,GT0004091,,,
GM0016628,GT0004091,,,
GM0016629,GT0004092,SRA_M0013598,,
GM0016630,GT0004092,SRA_M0013599,SRB_M0010839,
GM0016631,GT0004093,SRA_M0013600,,
GM0016632,GT0004093,SRA_M0013601,,
GM0016633,GT0004093,SRA_M0013602,,
GM0016634,GT0004093,SRA_M0013603,,
GM0016635,GT0004093,SRA_M0013604,,
GM0016636,GT0004094,SRA_M0013605,SRB_M0010840,
GM0016637,GT0004094,SRA_M0013606,SRB_M0010841,
GM0016638,GT0004094,SRA_M0013607,SRB_M0010842,
GM0016639,GT0004094,,SRB_M0010843,
GM0016640,GT0004095,SRA_M0013608,SRB_M0010844,
GM0016641,GT0004095,SRA_M0013609,SRB_M0010845,
GM0016642,GT0004095,SRA_M0013610,SRB_M0010846,
GM0016643,GT0004095,SRA_M0013611,,
GM0016644,GT0004095,SRA_M0013612,SRB_M0010847,
GM0016645,GT0004096,SRA_M0013613,SRB_M0010848,SRC_M0006435
GM0016646,GT0004096,,SRB_M0010849,SRC_M0006436
GM0016647,GT0004097,SRA_M0013614,,
GM0016648,GT0004097,SRA_M0013615,SRB_M0010850,SRC_M0006437
GM0016649,GT0004097,SRA_M0013616,,SRC_M0006438
GM0016650,GT0004097,,,SRC_M0006439
GM0016651,GT0004097,SRA_M0013617,SRB_M0010851,
GM0016652,GT0004097,SRA_M0013618,SRB_M0010852,SRC_M0006440
GM0016653,GT0004098,,SRB_M0010853,
GM0016654,GT0004098,,SRB_M0010854,
GM0016655,GT0004098,SRA_M0013619,SRB_M0010855,
GM0016656,GT0004098,SRA_M0013620,SRB_M0010856,
GM0016657,GT0004098,SRA_M0013621,SRB_M0010857,
GM0016658,GT0004099,SRA_M0013622,SRB_M0010859,SRC_M0006441
GM0016659,GT0004099,SRA_M0013623,SRB_M0010860,
GM0016660,GT0004100,SRA_M0013624,SRB_M0010861,
GM0016661,GT0004100,SRA_M0013625,SRB_M0010862,SRC_M0006443
GM0016662,GT0004100,SRA_M0013626,SRB_M0010863,
GM0016663,GT0004101,SRA_M0013627,SRB_M0010864,SRC_M0006444
GM0016664,GT0004101,,SRB_M0010865,SRC_M0006445
GM0016665,GT0004101,SRA_M0013628,SRB_M0010866,
GM0016666,GT0004101,SRA_M0013629,SRB_M0010867,SRC_M0006446
GM0016667,GT0004102,,,
GM0016668,GT0004102,SRA_M0013630,,
GM0016669,GT0004102,SRA_M0013631,,
GM0016670,GT0004102,SRA_M0013632,,
GM0016671,GT0004103,SRA_M0013633,SRB_M0010868,SRC_M0006448
GM0016672,GT0004103,SRA_M0013634,,SRC_M0006449
GM0016673,GT0004104,SRA_M0013635,SRB_M0010870,SRC_M0006451
GM0016674,GT0004104,SRA_M0013636,SRB_M0010871,SRC_M0006452
GM0016675,GT0004104,SRA_M0013637,,SRC_M0006453
GM0016676,GT0004104,SRA_M0013638,SRB_M0010872,SRC_M0006454
GM0016677,GT0004105,SRA_M0013639,SRB_M0010873,
GM0016678,GT0004105,SRA_M0013640,,SRC_M0006455
GM0016679,GT0004105,SRA_M0013641,,SRC_M0006456
GM0016680,GT0004106,SRA_M0013642,SRB_M0010875,
GM0016681,GT0004106,SRA_M0013643,SRB_M0010876,
GM0016682,GT0004106,SRA_M0013644,SRB_M0010877,
GM0016683,GT0004106,SRA_M0013645,,
GM0016684,GT0004107,SRA_M0013646,SRB_M0010878,
GM0016685,GT0004107,SRA_M0013647,SRB_M0010879,
GM0016686,GT0004108,SRA_M0013648,,
GM0016687,GT0004108,,,
GM0016688,GT0004109,SRA_M0013649,SRB_M0010880,
GM0016689,GT0004109,SRA_M0013650,SRB_M0010881,
GM0016690,GT0004110,SRA_M0013651,,
GM0016691,GT0004110,SRA_M0013652,SRB_M0010882,
GM0016692,GT0004110,SRA_M0013653,SRB_M0010883,
GM0016693,GT0004110,SRA_M0013654,SRB_M0010884,
GM0016694,GT0004111,SRA_M0013655,SRB_M0010885,
GM0016695,GT0004111,SRA_M0013656,SRB_M0010886,
GM0016696,GT0004111,SRA_M0013657,SRB_M0010887,
GM0016697,GT0004111,SRA_M0013658,,
GM0016698,GT0004111,SRA_M0013659,SRB_M0010888,
GM0016699,GT0004112,,SRB_M0010889,
GM0016700,GT0004112,,SRB_M0010890,
GM0016701,GT0004112,,SRB_M0010891,
GM0016702,GT0004113,SRA_M0013660,,
GM0016703,GT0004113,,,
GM0016704,GT0004113,SRA_M0013661,,
GM0016705,GT0004114,,,SRC_M0006457
GM0016706,GT0004114,,,
GM0016707,GT0004114,,,
GM0016708,GT0004115,,,SRC_M0006458
GM0016709,GT0004115,,SRB_M0010892,SRC_M0006459
GM0016710,GT0004115,SRA_M0013662,SRB_M0010893,SRC_M0006460
GM0016711,GT0004115,SRA_M0013663,SRB_M0010894,
GM0016712,GT0004115,SRA_M0013664,,
GM0016713,GT0004116,SRA_M0013665,SRB_M0010895,
GM0016714,GT0004116,SRA_M0013666,,
GM0016715,GT0004116,SRA_M0013667,,
GM0016716,GT0004116,SRA_M0013668,SRB_M0010896,
GM0016717,GT0004116,SRA_M0013669,SRB_M0010897,
GM0016718,GT0004116,SRA_M0013670,,
GM0016719,GT0004117,SRA_M0013671,SRB_M0010898,
GM0016720,GT0004117,SRA_M0013672,SRB_M0010899,SRC_M0006461
GM0016721,GT0004117,SRA_M0013673,SRB_M0010900,
GM0016722,GT0004118,SRA_M0013674,SRB_M0010901,SRC_M0006462
GM0016723,GT0004118,SRA_M0013675,,SRC_M0006463
GM0016724,GT0004119,SRA_M0013676,SRB_M0010902,
GM0016725,GT0004119,SRA_M0013677,SRB_M0010903,
GM0016726,GT0004119,SRA_M0013678,SRB_M0010904,
GM0016727,GT0004119,SRA_M0013679,SRB_M0010905,SRC_M0006464
GM0016728,GT0004119,SRA_M0013680,SRB_M0010906,
GM0016729,GT0004119,SRA_M0013681,SRB_M0010907,
GM0016730,GT0004120,SRA_M0013682,,
GM0016731,GT0004120,SRA_M0013683,,
GM0016732,GT0004120,SRA_M0013684,,
GM0016733,GT0004120,SRA_M0013685,,
GM0016734,GT0004120,SRA_M0013686,,
GM0016735,GT0004120,SRA_M0013687,,
GM0016736,GT0004121,SRA_M0013688,SRB_M0010908,SRC_M0006465
GM0016737,GT0004121,SRA_M0013689,SRB_M0010909,SRC_M0006466
GM0016738,GT0004122,,SRB_M0010910,
GM0016739,GT0004122,,SRB_M0010911,SRC_M0006467
GM0016740,GT0004122,,SRB_M0010912,SRC_M0006468
GM0016741,GT0004123,SRA_M0013690,,
GM0016742,GT0004123,SRA_M0013691,,SRC_M0006470
GM0016743,GT0004123,SRA_M0013692,,
GM0016744,GT0004123,SRA_M0013693,,SRC_M0006471
GM0016745,GT0004123,SRA_M0013694,,SRC_M0006472
GM0016746,GT0004124,SRA_M0013695,SRB_M0010913,
GM0016747,GT0004124,,SRB_M0010914,
GM0016748,GT0004125,SRA_M0013696,SRB_M0010915,SRC_M0006473
GM0016749,GT0004125,,SRB_M0010916,SRC_M0006474
GM0016750,GT0004125,SRA_M0013697,,SRC_M0006475
GM0016751,GT0004125,SRA_M0013698,SRB_M0010917,SRC_M0006476
GM0016752,GT0004125,SRA_M0013699,SRB_M0010918,SRC_M0006477
GM0016753,GT0004125,SRA_M0013700,SRB_M0010919,SRC_M0006478
GM0016754,GT0004126,SRA_M0013701,,
GM0016755,GT0004126,SRA_M0013702,,
GM0016756,GT0004126,SRA_M0013703,,
GM0016757,GT0004126,SRA_M0013704,,
GM0016758,GT0004127,SRA_M0013705,,
GM0016759,GT0004127,SRA_M0013706,SRB_M0010921,
GM0016760,GT0004128,SRA_M0013707,,SRC_M0006479
GM0016761,GT0004128,SRA_M0013708,SRB_M0010922,
GM0016762,GT0004128,SRA_M0013709,SRB_M0010923,SRC_M0006480
GM0016763,GT0004128,SRA_M0013710,SRB_M0010924,SRC_M0006481
GM0016764,GT0004128,SRA_M0013711,SRB_M0010925,SRC_M0006482
GM0016765,GT0004129,SRA_M0013712,,
GM0016766,GT0004129,SRA_M0013713,,
GM0016767,GT0004129,SRA_M0013714,,
GM0016768,GT0004130,SRA_M0013715,SRB_M0010926,
GM0016769,GT0004130,SRA_M0013716,SRB_M0010927,
GM0016770,GT0004130,SRA_M0013717,SRB_M0010928,
GM0016771,GT0004130,SRA_M0013718,SRB_M0010929,
GM0016772,GT0004130,SRA_M0013719,SRB_M0010930,
GM0016773,GT0004131,SRA_M0013720,,SRC_M0006483
GM0016774,GT0004131,SRA_M0013721,,SRC_M0006484
GM0016775,GT0004131,SRA_M0013722,,SRC_M0006485
GM0016776,GT0004131,SRA_M0013723,,SRC_M0006486
GM0016777,GT0004132,SRA_M0013724,SRB_M0010931,SRC_M0006487
GM0016778,GT0004132,,,SRC_M0006488
GM0016779,GT0004132,SRA_M0013725,,
GM0016780,GT0004133,,,SRC_M0006489
GM0016781,GT0004133,,,SRC_M0006490
GM0016782,GT0004133,,,SRC_M0006491
GM0016783,GT0004133,,,
GM0016784,GT0004133,,,
GM0016785,GT0004134,SRA_M0013726,SRB_M0010932,
GM0016786,GT0004134,SRA_M0013727,SRB_M0010933,
GM0016787,GT0004134,SRA_M0013728,,
GM0016788,GT0004135,,SRB_M0010934,SRC_M0006492
GM0016789,GT0004135,,,SRC_M0006493
GM0016790,GT0004135,,SRB_M0010935,SRC_M0006494
GM0016791,GT0004135,,SRB_M0010936,SRC_M0006495
GM0016792,GT0004136,SRA_M0013729,SRB_M0010937,SRC_M0006496
GM0016793,GT0004136,SRA_M0013730,,SRC_M0006497
GM0016794,GT0004136,SRA_M0013731,SRB_M0010938,
GM0016795,GT0004137,SRA_M0013732,,
GM0016796,GT0004137,SRA_M0013733,,
GM0016797,GT0004137,SRA_M0013734,,
GM0016798,GT0004137,SRA_M0013735,,
GM0016799,GT0004137,SRA_M0013736,,
GM0016800,GT0004137,SRA_M0013737,,
GM0016801,GT0004138,SRA_M0013738,,SRC_M0006498
GM0016802,GT0004138,SRA_M0013739,,
GM0016803,GT0004138,SRA_M0013740,,SRC_M0006499
GM0016804,GT0004138,SRA_M0013741,,SRC_M0006500
GM0016805,GT0004138,SRA_M0013742,,SRC_M0006501
GM0016806,GT0004138,SRA_M0013743,,SRC_M0006502
GM0016807,GT0004139,,SRB_M0010939,
GM0016808,GT0004139,SRA_M0013744,,SRC_M0006503
GM0016809,GT0004139,,SRB_M0010940,
GM0016810,GT0004139,SRA_M0013745,SRB_M0010941,SRC_M0006504
GM0016811,GT0004140,SRA_M0013746,SRB_M0010942,
GM0016812,GT0004140,SRA_M0013747,SRB_M0010943,
GM0016813,GT0004140,SRA_M0013748,SRB_M0010944,
GM0016814,GT0004141,SRA_M0013749,SRB_M0010945,SRC_M0006505
GM0016815,GT0004141,SRA_M0013750,SRB_M0010946,SRC_M0006506
GM0016816,GT0004142,SRA_M0013751,,SRC_M0006507
GM0016817,GT0004142,SRA_M0013752,,SRC_M0006508
GM0016818,GT0004142,SRA_M0013753,,SRC_M0006509
GM0016819,GT0004142,SRA_M0013754,,
GM0016820,GT0004143,SRA_M0013755,SRB_M0010947,SRC_M0006510
GM0016821,GT0004143,SRA_M0013756,SRB_M0010948,SRC_M0006511
GM0016822,GT0004143,,SRB_M0010949,
GM0016823,GT0004143,SRA_M0013757,,SRC_M0006512
GM0016824,GT0004144,,SRB_M0010950,SRC_M0006513
GM0016825,GT0004144,SRA_M0013758,SRB_M0010951,SRC_M0006514
GM0016826,GT0004145,SRA_M0013759,SRB_M0010952,
GM0016827,GT0004145,SRA_M0013760,SRB_M0010953,
GM0016828,GT0004145,SRA_M0013761,SRB_M0010954,
GM0016829,GT0004145,SRA_M0013762,SRB_M0010955,
GM0016830,GT0004146,SRA_M0013763,SRB_M0010956,
GM0016831,GT0004146,SRA_M0013764,SRB_M0010957,
GM0016832,GT0004146,SRA_M0013765,SRB_M0010958,
GM0016833,GT0004146,,,
GM0016834,GT0004146,,SRB_M0010959,
GM0016835,GT0004146,,SRB_M0010960,
GM0016836,GT0004147,SRA_M0013766,SRB_M0010961,
GM0016837,GT0004147,SRA_M0013767,SRB_M0010962,
GM0016838,GT0004147,SRA_M0013768,SRB_M0010963,
GM0016839,GT0004147,SRA_M0013769,SRB_M0010964,
GM0016840,GT0004148,SRA_M0013770,SRB_M0010965,
GM0016841,GT0004148,SRA_M0013771,SRB_M0010966,
GM0016842,GT0004148,SRA_M0013772,SRB_M0010967,
GM0016843,GT0004148,SRA_M0013773,SRB_M0010968,
GM0016844,GT0004149,,,
GM0016845,GT0004149,SRA_M0013774,SRB_M0010969,
GM0016846,GT0004149,SRA_M0013775,SRB_M0010970,
GM0016847,GT0004150,,,SRC_M0006515
GM0016848,GT0004150,,,SRC_M0006516
GM0016849,GT0004150,,,SRC_M0006517
GM0016850,GT0004150,,,
GM0016851,GT0004151,SRA_M0013776,SRB_M0010971,
GM0016852,GT0004151,SRA_M0013777,SRB_M0010972,
GM0016853,GT0004151,SRA_M0013778,SRB_M0010973,
GM0016854,GT0004151,SRA_M0013779,SRB_M0010974,
GM0016855,GT0004152,SRA_M0013780,,
GM0016856,GT0004152,SRA_M0013781,SRB_M0010975,
GM0016857,GT0004152,SRA_M0013782,SRB_M0010976,SRC_M0006518
GM0016858,GT0004152,SRA_M0013783,SRB_M0010977,SRC_M0006519
GM0016859,GT0004152,SRA_M0013784,,
GM0016860,GT0004152,SRA_M0013785,SRB_M0010978,SRC_M0006520
GM0016861,GT0004153,SRA_M0013786,SRB_M0010979,
GM0016862,GT0004153,SRA_M0013787,SRB_M0010980,
GM0016863,GT0004154,SRA_M0013788,SRB_M0010981,
GM0016864,GT0004154,SRA_M0013789,SRB_M0010982,
GM0016865,GT0004154,SRA_M0013790,,
GM0016866,GT0004154,SRA_M0013791,,
GM0016867,GT0004154,SRA_M0013792,SRB_M0010983,
GM0016868,GT0004154,SRA_M0013793,,
GM0016869,GT0004155,SRA_M0013794,SRB_M0010984,SRC_M0006521
GM0016870,GT0004155,SRA_M0013795,SRB_M0010985,
GM0016871,GT0004155,SRA_M0013796,,
GM0016872,GT0004156,SRA_M0013797,,
GM0016873,GT0004156,SRA_M0013798,,
GM0016874,GT0004156,SRA_M0013799,,
GM0016875,GT0004156,SRA_M0013800,,
GM0016876,GT0004156,SRA_M0013801,,
GM0016877,GT0004156,SRA_M0013802,,
GM0016878,GT0004157,SRA_M0013803,SRB_M0010986,SRC_M0006522
GM0016879,GT0004157,SRA_M0013804,SRB_M0010987,SRC_M0006523
GM0016880,GT0004158,SRA_M0013805,SRB_M0010988,
GM0016881,GT0004158,SRA_M0013806,SRB_M0010989,SRC_M0006524
GM0016882,GT0004158,SRA_M0013807,,SRC_M0006525
GM0016883,GT0004159,SRA_M0013808,SRB_M0010990,SRC_M0006526
GM0016884,GT0004159,,SRB_M0010991,SRC_M0006527
GM0016885,GT0004159,SRA_M0013809,SRB_M0010992,
GM0016886,GT0004159,SRA_M0013810,SRB_M0010993,SRC_M0006528
GM0016887,GT0004159,SRA_M0013811,,SRC_M0006529
GM0016888,GT0004160,SRA_M0013812,SRB_M0010994,SRC_M0006530
GM0016889,GT0004160,SRA_M0013813,,SRC_M0006531
GM0016890,GT0004160,SRA_M0013814,SRB_M0010995,
GM0016891,GT0004160,SRA_M0013815,SRB_M0010996,SRC_M0006532
GM0016892,GT0004161,SRA_M0013817,,SRC_M0006533
GM0016893,GT0004161,SRA_M0013818,,SRC_M0006534
GM0016894,GT0004161,SRA_M0013819,,
GM0016895,GT0004161,SRA_M0013820,,SRC_M0006535
GM0016896,GT0004161,SRA_M0013821,,SRC_M0006536
GM0016897,GT0004162,SRA_M0013822,,
GM0016898,GT0004162,,SRB_M0010997,
GM0016899,GT0004162,SRA_M0013823,SRB_M0010998,
GM0016900,GT0004162,SRA_M0013824,SRB_M0010999,
GM0016901,GT0004162,SRA_M0013825,SRB_M0011000,
GM0016902,GT0004163,SRA_M0013826,,SRC_M0006537
GM0016903,GT0004163,,,SRC_M0006538
GM0016904,GT0004163,SRA_M0013827,,
GM0016905,GT0004164,SRA_M0013828,,
GM0016906,GT0004164,SRA_M0013829,SRB_M0011001,SRC_M0006539
GM0016907,GT0004164,,,SRC_M0006540
GM0016908,GT0004164,SRA_M0013830,SRB_M0011002,SRC_M0006541
GM0016909,GT0004164,SRA_M0013831,SRB_M0011003,
GM0016910,GT0004164,,SRB_M0011004,SRC_M0006542
GM0016911,GT0004165,,,
GM0016912,GT0004165,,,
GM0016913,GT0004165,,,
GM0016914,GT0004166,SRA_M0013832,SRB_M0011005,
GM0016915,GT0004166,SRA_M0013833,,SRC_M0006543
GM0016916,GT0004166,SRA_M0013834,SRB_M0011006,
GM0016917,GT0004166,,SRB_M0011007,SRC_M0006544
GM0016918,GT0004167,SRA_M0013835,,
GM0016919,GT0004167,SRA_M0013836,,
GM0016920,GT0004168,SRA_M0013837,,
GM0016921,GT0004168,SRA_M0013838,,SRC_M0006545
GM0016922,GT0004168,SRA_M0013839,,SRC_M0006546
GM0016923,GT0004169,SRA_M0013840,SRB_M0011008,
GM0016924,GT0004169,SRA_M0013841,SRB_M0011009,
GM0016925,GT0004169,SRA_M0013842,SRB_M0011010,
GM0016926,GT0004169,SRA_M0013843,,
GM0016927,GT0004170,,SRB_M0011011,SRC_M0006547
GM0016928,GT0004170,,SRB_M0011012,SRC_M0006548
GM0016929,GT0004170,,,SRC_M0006549
GM0016930,GT0004170,,SRB_M0011013,SRC_M0006550
GM0016931,GT0004170,,SRB_M0011014,SRC_M0006551
GM0016932,GT0004171,SRA_M0013844,SRB_M0011015,SRC_M0006553
GM0016933,GT0004171,SRA_M0013845,SRB_M0011016,SRC_M0006554
GM0016934,GT0004171,SRA_M0013846,SRB_M0011017,SRC_M0006555
GM0016935,GT0004171,SRA_M0013847,SRB_M0011018,SRC_M0006556
GM0016936,GT0004171,SRA_M0013848,SRB_M0011019,SRC_M0006557
GM0016937,GT0004171,SRA_M0013849,SRB_M0011020,SRC_M0006558
GM0016938,GT0004172,SRA_M0013850,SRB_M0011021,
GM0016939,GT0004172,,SRB_M0011022,
GM0016940,GT0004172,SRA_M0013851,,
GM0016941,GT0004172,SRA_M0013852,SRB_M0011023,
GM0016942,GT0004173,,SRB_M0011024,
GM0016943,GT0004173,,SRB_M0011025,
GM0016944,GT0004174,SRA_M0013853,,
GM0016945,GT0004174,SRA_M0013854,SRB_M0011026,
GM0016946,GT0004174,SRA_M0013855,SRB_M0011027,
GM0016947,GT0004174,SRA_M0013856,SRB_M0011028,
GM0016948,GT0004174,SRA_M0013857,SRB_M0011029,
GM0016949,GT0004174,SRA_M0013858,SRB_M0011030,
GM0016950,GT0004175,SRA_M0013860,SRB_M0011031,SRC_M0006559
GM0016951,GT0004175,SRA_M0013861,SRB_M0011032,SRC_M0006560
GM0016952,GT0004176,SRA_M0013862,,SRC_M0006561
GM0016953,GT0004176,SRA_M0013863,SRB_M0011033,
GM0016954,GT0004176,SRA_M0013864,SRB_M0011034,
GM0016955,GT0004177,SRA_M0013865,SRB_M0011035,
GM0016956,GT0004177,SRA_M0013866,SRB_M0011036,
GM0016957,GT0004177,SRA_M0013867,SRB_M0011037,
GM0016958,GT0004178,SRA_M0013868,,
GM0016959,GT0004178,SRA_M0013869,,
GM0016960,GT0004178,SRA_M0013870,,
GM0016961,GT0004178,SRA_M0013871,,
GM0016962,GT0004178,SRA_M0013872,,
GM0016963,GT0004179,SRA_M0013873,SRB_M0011038,
GM0016964,GT0004179,SRA_M0013874,SRB_M0011039,SRC_M0006562
GM0016965,GT0004179,SRA_M0013875,SRB_M0011040,
GM0016966,GT0004179,SRA_M0013876,SRB_M0011041,
GM0016967,GT0004179,SRA_M0013877,SRB_M0011042,SRC_M0006563
GM0016968,GT0004180,SRA_M0013878,SRB_M0011043,
GM0016969,GT0004180,SRA_M0013879,,
GM0016970,GT0004180,SRA_M0013880,SRB_M0011044,
GM0016971,GT0004180,SRA_M0013881,,
GM0016972,GT0004180,SRA_M0013882,SRB_M0011045,
GM0016973,GT0004181,SRA_M0013883,SRB_M0011046,SRC_M0006564
GM0016974,GT0004181,SRA_M0013884,SRB_M0011047,SRC_M0006565
GM0016975,GT0004181,SRA_M0013885,SRB_M0011048,SRC_M0006566
GM0016976,GT0004181,SRA_M0013886,SRB_M0011049,SRC_M0006567
GM0016977,GT0004182,SRA_M0013887,,SRC_M0006568
GM0016978,GT0004182,SRA_M0013888,,SRC_M0006569
GM0016979,GT0004182,SRA_M0013889,,SRC_M0006570
GM0016980,GT0004183,SRA_M0013890,,SRC_M0006571
GM0016981,GT0004183,,,SRC_M0006572
GM0016982,GT0004184,SRA_M0013891,,
GM0016983,GT0004184,SRA_M0013892,,
GM0016984,GT0004185,,,
GM0016985,GT0004185,,,
GM0016986,GT0004185,,,
GM0016987,GT0004186,SRA_M0013893,SRB_M0011050,
GM0016988,GT0004186,SRA_M0013894,,
GM0016989,GT0004186,,SRB_M0011051,
GM0016990,GT0004186,SRA_M0013895,SRB_M0011052,
GM0016991,GT0004187,SRA_M0013896,SRB_M0011053,SRC_M0006573
GM0016992,GT0004187,SRA_M0013897,SRB_M0011054,
GM0016993,GT0004187,SRA_M0013898,SRB_M0011055,SRC_M0006574
GM0016994,GT0004187,SRA_M0013899,SRB_M0011056,SRC_M0006575
GM0016995,GT0004187,SRA_M0013900,SRB_M0011057,SRC_M0006576
GM0016996,GT0004188,SRA_M0013901,SRB_M0011059,
GM0016997,GT0004188,,SRB_M0011060,
GM0016998,GT0004188,SRA_M0013902,,
GM0016999,GT0004188,SRA_M0013903,SRB_M0011061,
GM0017000,GT0004188,SRA_M0013904,SRB_M0011062,
GM0017001,GT0004188,,,
GM0017002,GT0004189,SRA_M0013905,SRB_M0011063,
GM0017003,GT0004189,SRA_M0013906,SRB_M0011064,
GM0017004,GT0004189,SRA_M0013907,SRB_M0011065,
GM0017005,GT0004190,SRA_M0013908,SRB_M0011066,
GM0017006,GT0004190,SRA_M0013909,SRB_M0011067,SRC_M0006577
GM0017007,GT0004190,SRA_M0013910,SRB_M0011068,SRC_M0006578
GM0017008,GT0004190,,SRB_M0011069,SRC_M0006579
GM0017009,GT0004190,SRA_M0013911,SRB_M0011070,
GM0017010,GT0004191,SRA_M0013912,,
GM0017011,GT0004191,SRA_M0013913,,SRC_M0006580
GM0017012,GT0004191,SRA_M0013914,,SRC_M0006581
GM0017013,GT0004192,,SRB_M0011071,
GM0017014,GT0004192,,SRB_M0011072,
GM0017015,GT0004193,SRA_M0013915,SRB_M0011073,SRC_M0006582
GM0017016,GT0004193,SRA_M0013916,SRB_M0011074,SRC_M0006583
GM0017017,GT0004193,SRA_M0013917,SRB_M0011075,
GM0017018,GT0004193,SRA_M0013918,SRB_M0011076,SRC_M0006584
GM0017019,GT0004194,SRA_M0013919,SRB_M0011077,
GM0017020,GT0004194,SRA_M0013920,,
GM0017021,GT0004195,SRA_M0013921,,
GM0017022,GT0004195,SRA_M0013922,,
GM0017023,GT0004195,SRA_M0013923,,SRC_M0006585
GM0017024,GT0004196,SRA_M0013924,SRB_M0011078,SRC_M0006586
GM0017025,GT0004196,SRA_M0013925,SRB_M0011079,
GM0017026,GT0004196,SRA_M0013926,,SRC_M0006587
GM0017027,GT0004197,SRA_M0013927,,
GM0017028,GT0004197,SRA_M0013928,SRB_M0011080,
GM0017029,GT0004198,SRA_M0013929,SRB_M0011082,
GM0017030,GT0004198,SRA_M0013930,SRB_M0011083,
GM0017031,GT0004198,,SRB_M0011084,
GM0017032,GT0004199,,SRB_M0011085,SRC_M0006588
GM0017033,GT0004199,SRA_M0013931,SRB_M0011086,SRC_M0006589
GM0017034,GT0004199,SRA_M0013932,SRB_M0011087,SRC_M0006590
GM0017035,GT0004199,SRA_M0013933,SRB_M0011088,
GM0017036,GT0004200,SRA_M0013934,,SRC_M0006591
GM0017037,GT0004200,SRA_M0013935,,SRC_M0006592
GM0017038,GT0004200,SRA_M0013936,,SRC_M0006593
GM0017039,GT0004200,SRA_M0013937,,SRC_M0006594
GM0017040,GT0004200,SRA_M0013938,,SRC_M0006595
GM0017041,GT0004200,SRA_M0013939,,
GM0017042,GT0004201,SRA_M0013940,SRB_M0011089,
GM0017043,GT0004201,SRA_M0013941,,
GM0017044,GT0004202,SRA_M0013942,SRB_M0011090,
GM0017045,GT0004202,SRA_M0013943,SRB_M0011091,
GM0017046,GT0004202,,SRB_M0011092,
GM0017047,GT0004202,SRA_M0013944,SRB_M0011093,
GM0017048,GT0004202,SRA_M0013945,SRB_M0011094,
GM0017049,GT0004202,SRA_M0013946,SRB_M0011095,
GM0017050,GT0004203,SRA_M0013947,SRB_M0011096,
GM0017051,GT0004203,SRA_M0013948,SRB_M0011097,
GM0017052,GT0004204,SRA_M0013949,,SRC_M0006596
GM0017053,GT0004204,SRA_M0013950,,SRC_M0006597
GM0017054,GT0004205,SRA_M0013951,,
GM0017055,GT0004205,SRA_M0013952,,SRC_M0006598
GM0017056,GT0004205,SRA_M0013953,,SRC_M0006599
GM0017057,GT0004205,SRA_M0013954,,SRC_M0006600
GM0017058,GT0004206,,SRB_M0011098,
GM0017059,GT0004206,SRA_M0013955,SRB_M0011099,
GM0017060,GT0004206,,SRB_M0011100,
GM0017061,GT0004206,SRA_M0013956,SRB_M0011101,
GM0017062,GT0004206,SRA_M0013957,SRB_M0011102,
GM0017063,GT0004206,SRA_M0013958,SRB_M0011103,
GM0017064,GT0004207,SRA_M0013959,,SRC_M0006601
GM0017065,GT0004207,SRA_M0013960,,SRC_M0006602
GM0017066,GT0004208,SRA_M0013961,SRB_M0011104,
GM0017067,GT0004208,SRA_M0013962,SRB_M0011105,
GM0017068,GT0004208,SRA_M0013963,SRB_M0011106,
GM0017069,GT0004208,SRA_M0013964,SRB_M0011107,
GM0017070,GT0004208,SRA_M0013965,SRB_M0011108,
GM0017071,GT0004208,SRA_M0013966,SRB_M0011109,
GM0017072,GT0004209,,SRB_M0011110,
GM0017073,GT0004209,SRA_M0013967,SRB_M0011111,
GM0017074,GT0004209,SRA_M0013968,,
GM0017075,GT0004210,SRA_M0013969,SRB_M0011112,SRC_M0006603
GM0017076,GT0004210,SRA_M0013970,SRB_M0011113,SRC_M0006604
GM0017077,GT0004210,SRA_M0013971,,SRC_M0006605
GM0017078,GT0004211,SRA_M0013972,SRB_M0011114,SRC_M0006606
GM0017079,GT0004211,SRA_M0013973,SRB_M0011115,
GM0017080,GT0004211,SRA_M0013974,SRB_M0011116,
GM0017081,GT0004211,SRA_M0013975,,SRC_M0006607
GM0017082,GT0004211,SRA_M0013976,SRB_M0011117,SRC_M0006608
GM0017083,GT0004211,SRA_M0013977,SRB_M0011118,SRC_M0006609
GM0017084,GT0004212,SRA_M0013978,SRB_M0011119,SRC_M0006610
GM0017085,GT0004212,SRA_M0013979,SRB_M0011120,
GM0017086,GT0004213,,SRB_M0011121,
GM0017087,GT0004213,SRA_M0013980,,
GM0017088,GT0004213,SRA_M0013981,,
GM0017089,GT0004214,SRA_M0013982,SRB_M0011122,
GM0017090,GT0004214,SRA_M0013983,SRB_M0011123,
GM0017091,GT0004215,,SRB_M0011124,
GM0017092,GT0004215,,SRB_M0011125,
GM0017093,GT0004215,,SRB_M0011126,
GM0017094,GT0004215,,SRB_M0011127,
GM0017095,GT0004215,,SRB_M0011128,
GM0017096,GT0004216,SRA_M0013984,SRB_M0011129,SRC_M0006611
GM0017097,GT0004216,SRA_M0013985,SRB_M0011130,SRC_M0006612
GM0017098,GT0004216,SRA_M0013986,SRB_M0011131,SRC_M0006613
GM0017099,GT0004216,,SRB_M0011132,SRC_M0006614
GM0017100,GT0004216,SRA_M0013987,SRB_M0011133,SRC_M0006615
GM0017101,GT0004217,SRA_M0013988,SRB_M0011134,
GM0017102,GT0004217,SRA_M0013989,SRB_M0011135,
GM0017103,GT0004217,SRA_M0013990,SRB_M0011136,
GM0017104,GT0004218,SRA_M0013991,SRB_M0011137,
GM0017105,GT0004218,SRA_M0013992,SRB_M0011138,
GM0017106,GT0004219,SRA_M0013993,,
GM0017107,GT0004219,SRA_M0013994,,
GM0017108,GT0004219,SRA_M0013995,,
GM0017109,GT0004219,SRA_M0013996,,
GM0017110,GT0004219,SRA_M0013997,,
GM0017111,GT0004219,SRA_M0013998,,
GM0017112,GT0004220,SRA_M0013999,SRB_M0011139,
GM0017113,GT0004220,SRA_M0014000,SRB_M0011140,SRC_M0006616
GM0017114,GT0004220,SRA_M0014001,SRB_M0011141,
GM0017115,GT0004220,SRA_M0014002,SRB_M0011142,
GM0017116,GT0004220,SRA_M0014003,SRB_M0011143,SRC_M0006617
GM0017117,GT0004220,SRA_M0014004,SRB_M0011144,
GM0017118,GT0004221,SRA_M0014005,,
GM0017119,GT0004221,SRA_M0014006,SRB_M0011145,SRC_M0006618
GM0017120,GT0004221,,,SRC_M0006619
GM0017121,GT0004221,SRA_M0014007,,SRC_M0006620
GM0017122,GT0004222,SRA_M0014009,SRB_M0011146,
GM0017123,GT0004222,SRA_M0014010,SRB_M0011147,
GM0017124,GT0004222,SRA_M0014011,SRB_M0011148,
GM0017125,GT0004222,SRA_M0014012,SRB_M0011149,
GM0017126,GT0004222,SRA_M0014013,SRB_M0011150,
GM0017127,GT0004222,SRA_M0014014,SRB_M0011151,
GM0017128,GT0004223,SRA_M0014015,SRB_M0011152,SRC_M0006621
GM0017129,GT0004223,SRA_M0014016,SRB_M0011153,SRC_M0006622
GM0017130,GT0004223,SRA_M0014017,,SRC_M0006623
GM0017131,GT0004223,,SRB_M0011154,SRC_M0006624
GM0017132,GT0004223,SRA_M0014018,SRB_M0011155,SRC_M0006625
GM0017133,GT0004224,,SRB_M0011156,
GM0017134,GT0004224,SRA_M0014019,SRB_M0011157,SRC_M0006626
GM0017135,GT0004224,SRA_M0014020,SRB_M0011158,SRC_M0006627
GM0017136,GT0004225,SRA_M0014021,,
GM0017137,GT0004225,SRA_M0014022,,
GM0017138,GT0004226,SRA_M0014023,SRB_M0011159,SRC_M0006628
GM0017139,GT0004226,SRA_M0014024,SRB_M0011160,SRC_M0006629
GM0017140,GT0004226,SRA_M0014025,SRB_M0011161,SRC_M0006630
GM0017141,GT0004227,,SRB_M0011162,SRC_M0006631
GM0017142,GT0004227,SRA_M0014026,SRB_M0011163,
GM0017143,GT0004227,SRA_M0014027,,SRC_M0006632
GM0017144,GT0004227,SRA_M0014028,SRB_M0011164,SRC_M0006633
GM0017145,GT0004227,SRA_M0014029,SRB_M0011165,SRC_M0006634
GM0017146,GT0004227,SRA_M0014030,SRB_M0011166,SRC_M0006635
GM0017147,GT0004228,,SRB_M0011167,
GM0017148,GT0004228,SRA_M0014031,SRB_M0011168,
GM0017149,GT0004228,SRA_M0014032,SRB_M0011169,
GM0017150,GT0004228,SRA_M0014033,SRB_M0011170,
GM0017151,GT0004228,,SRB_M0011171,
GM0017152,GT0004229,SRA_M0014035,SRB_M0011172,
GM0017153,GT0004229,SRA_M0014036,SRB_M0011173,
GM0017154,GT0004229,SRA_M0014037,SRB_M0011174,
GM0017155,GT0004229,SRA_M0014038,SRB_M0011175,
GM0017156,GT0004229,SRA_M0014039,SRB_M0011176,
GM0017157,GT0004229,SRA_M0014040,,
GM0017158,GT0004230,SRA_M0014041,SRB_M0011177,
GM0017159,GT0004230,SRA_M0014042,SRB_M0011178,
GM0017160,GT0004230,SRA_M0014043,SRB_M0011179,
GM0017161,GT0004231,SRA_M0014044,SRB_M0011180,
GM0017162,GT0004231,SRA_M0014045,,
GM0017163,GT0004231,SRA_M0014046,SRB_M0011181,
GM0017164,GT0004231,SRA_M0014047,SRB_M0011182,
GM0017165,GT0004232,SRA_M0014048,,
GM0017166,GT0004232,SRA_M0014049,SRB_M0011183,
GM0017167,GT0004233,SRA_M0014050,SRB_M0011184,
GM0017168,GT0004233,SRA_M0014051,SRB_M0011185,
GM0017169,GT0004234,,SRB_M0011186,
GM0017170,GT0004234,,SRB_M0011187,
GM0017171,GT0004234,,SRB_M0011188,
GM0017172,GT0004234,,SRB_M0011189,
GM0017173,GT0004235,SRA_M0014052,,SRC_M0006636
GM0017174,GT0004235,SRA_M0014053,,
GM0017175,GT0004236,SRA_M0014054,SRB_M0011190,
GM0017176,GT0004236,SRA_M0014055,SRB_M0011191,
GM0017177,GT0004236,SRA_M0014056,SRB_M0011192,
GM0017178,GT0004236,SRA_M0014057,,
GM0017179,GT0004236,SRA_M0014058,SRB_M0011193,
GM0017180,GT0004236,SRA_M0014059,SRB_M0011194,
GM0017181,GT0004237,SRA_M0014061,,SRC_M0006637
GM0017182,GT0004237,SRA_M0014062,,SRC_M0006638
GM0017183,GT0004238,SRA_M0014063,,
GM0017184,GT0004238,SRA_M0014064,,
GM0017185,GT0004238,SRA_M0014065,,
GM0017186,GT0004239,SRA_M0014066,,
GM0017187,GT0004239,SRA_M0014067,SRB_M0011196,
GM0017188,GT0004240,SRA_M0014068,,SRC_M0006639
GM0017189,GT0004240,SRA_M0014069,,
GM0017190,GT0004240,SRA_M0014070,,
GM0017191,GT0004241,SRA_M0014071,,SRC_M0006640
GM0017192,GT0004241,SRA_M0014072,,SRC_M0006641
GM0017193,GT0004241,SRA_M0014073,,SRC_M0006642
GM0017194,GT0004241,SRA_M0014074,,SRC_M0006643
GM0017195,GT0004242,SRA_M0014075,SRB_M0011197,
GM0017196,GT0004242,SRA_M0014076,SRB_M0011198,SRC_M0006644
GM0017197,GT0004242,SRA_M0014077,SRB_M0011199,
GM0017198,GT0004243,SRA_M0014078,,
GM0017199,GT0004243,SRA_M0014079,SRB_M0011200,
GM0017200,GT0004243,SRA_M0014080,,
GM0017201,GT0004243,SRA_M0014081,,
GM0017202,GT0004244,SRA_M0014082,SRB_M0011201,SRC_M0006645
GM0017203,GT0004244,,SRB_M0011202,SRC_M0006646
GM0017204,GT0004245,SRA_M0014083,,SRC_M0006647
GM0017205,GT0004245,SRA_M0014084,,
GM0017206,GT0004245,SRA_M0014085,,
GM0017207,GT0004245,,,
GM0017208,GT0004245,SRA_M0014086,,SRC_M0006648
GM0017209,GT0004245,SRA_M0014087,,
GM0017210,GT0004246,SRA_M0014088,,
GM0017211,GT0004246,SRA_M0014089,,SRC_M0006649
GM0017212,GT0004247,SRA_M0014090,SRB_M0011203,SRC_M0006650
GM0017213,GT0004247,SRA_M0014091,SRB_M0011204,
GM0017214,GT0004248,SRA_M0014092,,
GM0017215,GT0004248,,,
GM0017216,GT0004248,SRA_M0014093,,
GM0017217,GT0004248,SRA_M0014094,,
GM0017218,GT0004248,SRA_M0014095,,
GM0017219,GT0004248,SRA_M0014096,,
GM0017220,GT0004249,SRA_M0014097,SRB_M0011205,SRC_M0006651
GM0017221,GT0004249,SRA_M0014098,,
GM0017222,GT0004250,SRA_M0014099,,
GM0017223,GT0004250,,,
GM0017224,GT0004250,,,
GM0017225,GT0004250,,,
GM0017226,GT0004251,SRA_M0014100,SRB_M0011206,
GM0017227,GT0004251,SRA_M0014101,SRB_M0011207,
GM0017228,GT0004251,SRA_M0014102,,
GM0017229,GT0004251,SRA_M0014103,SRB_M0011208,
GM0017230,GT0004251,SRA_M0014104,SRB_M0011209,
GM0017231,GT0004251,SRA_M0014105,SRB_M0011210,
GM0017232,GT0004252,SRA_M0014106,SRB_M0011211,
GM0017233,GT0004252,SRA_M0014107,,
GM0017234,GT0004252,SRA_M0014108,SRB_M0011212,
GM0017235,GT0004252,SRA_M0014109,SRB_M0011213,
GM0017236,GT0004252,SRA_M0014110,SRB_M0011214,
GM0017237,GT0004253,SRA_M0014111,,
GM0017238,GT0004253,SRA_M0014112,,
GM0017239,GT0004253,SRA_M0014113,,
GM0017240,GT0004253,SRA_M0014114,,
GM0017241,GT0004253,SRA_M0014115,,
GM0017242,GT0004254,SRA_M0014116,,
GM0017243,GT0004254,,,
GM0017244,GT0004255,,SRB_M0011215,SRC_M0006652
GM0017245,GT0004255,,,SRC_M0006653
GM0017246,GT0004255,,SRB_M0011216,SRC_M0006654
GM0017247,GT0004256,SRA_M0014117,SRB_M0011218,SRC_M0006655
GM0017248,GT0004256,SRA_M0014118,SRB_M0011219,SRC_M0006656
GM0017249,GT0004256,SRA_M0014119,SRB_M0011220,
GM0017250,GT0004257,SRA_M0014120,SRB_M0011221,
GM0017251,GT0004257,,SRB_M0011222,
GM0017252,GT0004257,SRA_M0014121,SRB_M0011223,
GM0017253,GT0004258,SRA_M0014122,SRB_M0011224,SRC_M0006658
GM0017254,GT0004258,SRA_M0014123,SRB_M0011225,
GM0017255,GT0004258,SRA_M0014124,SRB_M0011226,SRC_M0006659
GM0017256,GT0004259,SRA_M0014125,SRB_M0011228,
GM0017257,GT0004259,,SRB_M0011229,
GM0017258,GT0004259,SRA_M0014126,SRB_M0011230,
GM0017259,GT0004259,SRA_M0014127,,
GM0017260,GT0004260,SRA_M0014128,SRB_M0011231,
GM0017261,GT0004260,SRA_M0014129,SRB_M0011232,
GM0017262,GT0004260,SRA_M0014130,SRB_M0011233,
GM0017263,GT0004261,SRA_M0014131,SRB_M0011234,SRC_M0006660
GM0017264,GT0004261,SRA_M0014132,SRB_M0011235,SRC_M0006661
GM0017265,GT0004261,SRA_M0014133,SRB_M0011236,SRC_M0006662
GM0017266,GT0004262,SRA_M0014134,SRB_M0011237,SRC_M0006663
GM0017267,GT0004262,,SRB_M0011238,
GM0017268,GT0004262,SRA_M0014135,SRB_M0011239,SRC_M0006664
GM0017269,GT0004262,,SRB_M0011240,SRC_M0006665
GM0017270,GT0004262,,SRB_M0011241,SRC_M0006666
GM0017271,GT0004262,,,SRC_M0006667
GM0017272,GT0004263,SRA_M0014136,SRB_M0011242,
GM0017273,GT0004263,SRA_M0014137,SRB_M0011243,
GM0017274,GT0004263,SRA_M0014138,,
GM0017275,GT0004263,,SRB_M0011244,
GM0017276,GT0004264,SRA_M0014139,SRB_M0011245,SRC_M0006668
GM0017277,GT0004264,SRA_M0014140,SRB_M0011246,SRC_M0006669
GM0017278,GT0004264,SRA_M0014141,,SRC_M0006670
GM0017279,GT0004264,SRA_M0014142,SRB_M0011247,SRC_M0006671
GM0017280,GT0004264,SRA_M0014143,SRB_M0011248,SRC_M0006672
GM0017281,GT0004264,SRA_M0014144,SRB_M0011249,
GM0017282,GT0004265,SRA_M0014145,SRB_M0011250,SRC_M0006673
GM0017283,GT0004265,SRA_M0014146,SRB_M0011251,SRC_M0006674
GM0017284,GT0004265,SRA_M0014147,SRB_M0011252,SRC_M0006675
GM0017285,GT0004265,SRA_M0014148,SRB_M0011253,SRC_M0006676
GM0017286,GT0004266,SRA_M0014149,SRB_M0011254,
GM0017287,GT0004266,SRA_M0014150,SRB_M0011255,
GM0017288,GT0004266,SRA_M0014151,,
GM0017289,GT0004266,SRA_M0014152,SRB_M0011256,
GM0017290,GT0004266,SRA_M0014153,SRB_M0011257,
GM0017291,GT0004266,SRA_M0014154,SRB_M0011258,
GM0017292,GT0004267,SRA_M0014156,SRB_M0011259,
GM0017293,GT0004267,SRA_M0014157,SRB_M0011260,
GM0017294,GT0004267,SRA_M0014158,SRB_M0011261,SRC_M0006677
GM0017295,GT0004268,SRA_M0014159,SRB_M0011262,
GM0017296,GT0004268,SRA_M0014160,SRB_M0011263,
GM0017297,GT0004268,SRA_M0014161,SRB_M0011264,
GM0017298,GT0004269,SRA_M0014162,SRB_M0011265,
GM0017299,GT0004269,SRA_M0014163,SRB_M0011266,
GM0017300,GT0004270,,,SRC_M0006678
GM0017301,GT0004270,,,SRC_M0006679
GM0017302,GT0004271,SRA_M0014164,SRB_M0011267,
GM0017303,GT0004271,SRA_M0014165,SRB_M0011268,
GM0017304,GT0004271,SRA_M0014166,SRB_M0011269,
GM0017305,GT0004271,,SRB_M0011270,
GM0017306,GT0004272,SRA_M0014167,SRB_M0011271,SRC_M0006680
GM0017307,GT0004272,SRA_M0014168,SRB_M0011272,SRC_M0006681
GM0017308,GT0004272,SRA_M0014169,SRB_M0011273,SRC_M0006682
GM0017309,GT0004272,SRA_M0014170,SRB_M0011274,
GM0017310,GT0004273,SRA_M0014171,SRB_M0011275,SRC_M0006683
GM0017311,GT0004273,SRA_M0014172,SRB_M0011276,SRC_M0006684
GM0017312,GT0004273,SRA_M0014173,,SRC_M0006685
GM0017313,GT0004273,,SRB_M0011277,SRC_M0006686
GM0017314,GT0004274,SRA_M0014175,SRB_M0011278,
GM0017315,GT0004274,SRA_M0014176,SRB_M0011279,
GM0017316,GT0004274,SRA_M0014177,SRB_M0011280,
GM0017317,GT0004274,SRA_M0014178,SRB_M0011281,
GM0017318,GT0004275,,,
GM0017319,GT0004275,SRA_M0014179,SRB_M0011282,SRC_M0006687
GM0017320,GT0004275,SRA_M0014180,SRB_M0011283,SRC_M0006688
GM0017321,GT0004276,,SRB_M0011284,SRC_M0006689
GM0017322,GT0004276,,,
GM0017323,GT0004276,,SRB_M0011285,SRC_M0006690
GM0017324,GT0004277,SRA_M0014181,SRB_M0011286,
GM0017325,GT0004277,SRA_M0014182,,
GM0017326,GT0004277,SRA_M0014183,SRB_M0011287,
GM0017327,GT0004277,SRA_M0014184,,
GM0017328,GT0004277,SRA_M0014185,SRB_M0011288,
GM0017329,GT0004277,SRA_M0014186,SRB_M0011289,
GM0017330,GT0004278,,SRB_M0011290,
GM0017331,GT0004278,,SRB_M0011291,
GM0017332,GT0004278,,,
GM0017333,GT0004279,SRA_M0014187,SRB_M0011292,SRC_M0006691
GM0017334,GT0004279,SRA_M0014188,SRB_M0011293,SRC_M0006692
GM0017335,GT0004279,SRA_M0014189,SRB_M0011294,
GM0017336,GT0004279,SRA_M0014190,,SRC_M0006693
GM0017337,GT0004280,SRA_M0014191,SRB_M0011295,
GM0017338,GT0004280,SRA_M0014192,,SRC_M0006694
GM0017339,GT0004280,SRA_M0014193,SRB_M0011296,SRC_M0006695
GM0017340,GT0004281,,,
GM0017341,GT0004281,,,
GM0017342,GT0004281,,,
GM0017343,GT0004282,SRA_M0014194,SRB_M0011297,
GM0017344,GT0004282,SRA_M0014195,SRB_M0011298,
GM0017345,GT0004282,SRA_M0014196,,
GM0017346,GT0004282,SRA_M0014197,SRB_M0011299,
GM0017347,GT0004283,,,
GM0017348,GT0004283,,,
GM0017349,GT0004283,,,
GM0017350,GT0004283,,,
GM0017351,GT0004283,,,
GM0017352,GT0004284,SRA_M0014198,SRB_M0011300,SRC_M0006696
GM0017353,GT0004284,SRA_M0014199,SRB_M0011301,SRC_M0006697
GM0017354,GT0004284,SRA_M0014200,SRB_M0011302,SRC_M0006698
GM0017355,GT0004284,SRA_M0014201,SRB_M0011303,
GM0017356,GT0004284,SRA_M0014202,SRB_M0011304,
GM0017357,GT0004285,SRA_M0014203,SRB_M0011305,
GM0017358,GT0004285,SRA_M0014204,SRB_M0011306,
GM0017359,GT0004286,SRA_M0014205,SRB_M0011307,
GM0017360,GT0004286,SRA_M0014206,SRB_M0011308,
GM0017361,GT0004286,SRA_M0014207,SRB_M0011309,SRC_M0006699
GM0017362,GT0004286,SRA_M0014208,SRB_M0011310,
GM0017363,GT0004286,SRA_M0014209,SRB_M0011311,
GM0017364,GT0004286,SRA_M0014210,,SRC_M0006700
GM0017365,GT0004287,SRA_M0014211,SRB_M0011312,
GM0017366,GT0004287,SRA_M0014212,,SRC_M0006701
GM0017367,GT0004288,SRA_M0014213,SRB_M0011313,SRC_M0006702
GM0017368,GT0004288,,SRB_M0011314,SRC_M0006703
GM0017369,GT0004288,SRA_M0014214,SRB_M0011315,SRC_M0006704
GM0017370,GT0004289,SRA_M0014215,SRB_M0011316,
GM0017371,GT0004289,SRA_M0014216,SRB_M0011317,
GM0017372,GT0004289,SRA_M0014217,,
GM0017373,GT0004289,SRA_M0014218,,
GM0017374,GT0004290,SRA_M0014219,SRB_M0011318,
GM0017375,GT0004290,SRA_M0014220,SRB_M0011319,
GM0017376,GT0004290,SRA_M0014221,SRB_M0011320,
GM0017377,GT0004290,SRA_M0014222,,
GM0017378,GT0004290,SRA_M0014223,SRB_M0011321,
GM0017379,GT0004291,SRA_M0014224,,SRC_M0006705
GM0017380,GT0004291,SRA_M0014225,,SRC_M0006706
GM0017381,GT0004291,SRA_M0014226,,SRC_M0006707
GM0017382,GT0004291,SRA_M0014227,,SRC_M0006708
GM0017383,GT0004291,SRA_M0014228,,SRC_M0006709
GM0017384,GT0004291,SRA_M0014229,,SRC_M0006710
GM0017385,GT0004292,SRA_M0014230,SRB_M0011322,SRC_M0006711
GM0017386,GT0004292,SRA_M0014231,SRB_M0011323,SRC_M0006712
GM0017387,GT0004292,SRA_M0014232,SRB_M0011324,SRC_M0006713
GM0017388,GT0004292,SRA_M0014233,,SRC_M0006714
GM0017389,GT0004292,SRA_M0014234,SRB_M0011325,SRC_M0006715
GM0017390,GT0004292,SRA_M0014235,,
GM0017391,GT0004293,,SRB_M0011326,SRC_M0006716
GM0017392,GT0004293,SRA_M0014236,SRB_M0011327,
GM0017393,GT0004294,,SRB_M0011328,SRC_M0006717
GM0017394,GT0004294,,SRB_M0011329,
GM0017395,GT0004294,SRA_M0014237,SRB_M0011330,SRC_M0006718
GM0017396,GT0004295,SRA_M0014238,SRB_M0011331,
GM0017397,GT0004295,SRA_M0014239,SRB_M0011332,
GM0017398,GT0004295,SRA_M0014240,SRB_M0011333,
GM0017399,GT0004295,SRA_M0014241,SRB_M0011334,
GM0017400,GT0004295,SRA_M0014242,SRB_M0011335,
GM0017401,GT0004296,SRA_M0014243,SRB_M0011336,
GM0017402,GT0004296,SRA_M0014244,SRB_M0011337,
GM0017403,GT0004296,SRA_M0014245,SRB_M0011338,
GM0017404,GT0004296,SRA_M0014246,SRB_M0011339,
GM0017405,GT0004296,SRA_M0014247,SRB_M0011340,
GM0017406,GT0004296,SRA_M0014248,SRB_M0011341,
GM0017407,GT0004297,SRA_M0014249,SRB_M0011342,SRC_M0006719
GM0017408,GT0004297,SRA_M0014250,SRB_M0011343,SRC_M0006720
GM0017409,GT0004297,SRA_M0014251,SRB_M0011344,SRC_M0006721
GM0017410,GT0004297,SRA_M0014252,SRB_M0011345,
GM0017411,GT0004297,SRA_M0014253,SRB_M0011346,SRC_M0006722
GM0017412,GT0004298,SRA_M0014254,SRB_M0011347,SRC_M0006723
GM0017413,GT0004298,SRA_M0014255,SRB_M0011348,
GM0017414,GT0004298,SRA_M0014256,SRB_M0011349,SRC_M0006724
GM0017415,GT0004298,SRA_M0014257,SRB_M0011350,
GM0017416,GT0004298,SRA_M0014258,SRB_M0011351,
GM0017417,GT0004299,SRA_M0014259,,SRC_M0006725
GM0017418,GT0004299,SRA_M0014260,,SRC_M0006726
GM0017419,GT0004299,SRA_M0014261,,SRC_M0006727
GM0017420,GT0004299,SRA_M0014262,,SRC_M0006728
GM0017421,GT0004299,SRA_M0014263,,SRC_M0006729
GM0017422,GT0004300,SRA_M0014264,SRB_M0011352,SRC_M0006730
GM0017423,GT0004300,SRA_M0014265,SRB_M0011353,SRC_M0006731
GM0017424,GT0004301,SRA_M0014266,SRB_M0011354,SRC_M0006732
GM0017425,GT0004301,SRA_M0014267,,SRC_M0006733
GM0017426,GT0004301,SRA_M0014268,SRB_M0011355,
GM0017427,GT0004301,SRA_M0014269,SRB_M0011356,SRC_M0006734
GM0017428,GT0004301,SRA_M0014270,SRB_M0011357,SRC_M0006735
GM0017429,GT0004302,,,SRC_M0006736
GM0017430,GT0004302,,,SRC_M0006737
GM0017431,GT0004302,,,SRC_M0006738
GM0017432,GT0004303,,SRB_M0011358,
GM0017433,GT0004303,SRA_M0014271,SRB_M0011359,
GM0017434,GT0004303,SRA_M0014272,SRB_M0011360,
GM0017435,GT0004303,SRA_M0014273,,
GM0017436,GT0004303,,SRB_M0011361,
GM0017437,GT0004303,SRA_M0014274,SRB_M0011362,
GM0017438,GT0004304,SRA_M0014275,,
GM0017439,GT0004304,SRA_M0014276,,
GM0017440,GT0004304,SRA_M0014277,,
GM0017441,GT0004304,SRA_M0014278,,
GM0017442,GT0004305,SRA_M0014279,SRB_M0011363,
GM0017443,GT0004305,SRA_M0014280,,
GM0017444,GT0004305,SRA_M0014281,SRB_M0011364,
GM0017445,GT0004305,SRA_M0014282,SRB_M0011365,
GM0017446,GT0004305,SRA_M0014283,,
GM0017447,GT0004306,SRA_M0014284,SRB_M0011366,
GM0017448,GT0004306,SRA_M0014285,SRB_M0011367,
GM0017449,GT0004306,SRA_M0014286,,
GM0017450,GT0004306,SRA_M0014287,SRB_M0011368,
GM0017451,GT0004306,,SRB_M0011369,
GM0017452,GT0004307,SRA_M0014288,SRB_M0011370,
GM0017453,GT0004307,SRA_M0014289,,
GM0017454,GT0004307,SRA_M0014290,SRB_M0011371,
GM0017455,GT0004307,SRA_M0014291,SRB_M0011372,
GM0017456,GT0004307,SRA_M0014292,SRB_M0011373,
GM0017457,GT0004307,SRA_M0014293,SRB_M0011374,
GM0017458,GT0004308,,,SRC_M0006739
GM0017459,GT0004308,,,
GM0017460,GT0004308,,,
GM0017461,GT0004309,SRA_M0014294,SRB_M0011375,SRC_M0006740
GM0017462,GT0004309,SRA_M0014295,SRB_M0011376,SRC_M0006741
GM0017463,GT0004309,SRA_M0014296,SRB_M0011377,SRC_M0006742
GM0017464,GT0004310,SRA_M0014297,SRB_M0011378,
GM0017465,GT0004310,SRA_M0014298,SRB_M0011379,SRC_M0006743
GM0017466,GT0004310,,SRB_M0011380,SRC_M0006744
GM0017467,GT0004311,SRA_M0014299,,
GM0017468,GT0004311,SRA_M0014300,,
GM0017469,GT0004311,SRA_M0014301,,
GM0017470,GT0004311,SRA_M0014302,,
GM0017471,GT0004311,SRA_M0014303,,
GM0017472,GT0004312,SRA_M0014304,SRB_M0011381,SRC_M0006745
GM0017473,GT0004312,SRA_M0014305,SRB_M0011382,SRC_M0006746
GM0017474,GT0004313,SRA_M0014306,SRB_M0011383,
GM0017475,GT0004313,SRA_M0014307,SRB_M0011384,
GM0017476,GT0004313,,SRB_M0011385,SRC_M0006747
GM0017477,GT0004313,,SRB_M0011386,SRC_M0006748
GM0017478,GT0004313,SRA_M0014308,,SRC_M0006749
GM0017479,GT0004313,SRA_M0014309,SRB_M0011387,SRC_M0006750
GM0017480,GT0004314,SRA_M0014310,SRB_M0011388,
GM0017481,GT0004314,SRA_M0014311,SRB_M0011389,
GM0017482,GT0004314,SRA_M0014312,SRB_M0011390,
GM0017483,GT0004314,SRA_M0014313,SRB_M0011391,
GM0017484,GT0004315,,SRB_M0011392,
GM0017485,GT0004315,,SRB_M0011393,
GM0017486,GT0004315,,SRB_M0011394,
GM0017487,GT0004316,SRA_M0014314,SRB_M0011395,
GM0017488,GT0004316,SRA_M0014315,,
GM0017489,GT0004317,SRA_M0014316,,
GM0017490,GT0004317,SRA_M0014317,,SRC_M0006751
GM0017491,GT0004317,SRA_M0014318,,
GM0017492,GT0004317,SRA_M0014319,,SRC_M0006752
GM0017493,GT0004317,SRA_M0014320,,
GM0017494,GT0004317,SRA_M0014321,,SRC_M0006753
GM0017495,GT0004318,SRA_M0014322,SRB_M0011396,SRC_M0006754
GM0017496,GT0004318,SRA_M0014323,SRB_M0011397,SRC_M0006755
GM0017497,GT0004318,SRA_M0014324,SRB_M0011398,SRC_M0006756
GM0017498,GT0004318,SRA_M0014325,SRB_M0011399,
GM0017499,GT0004318,SRA_M0014326,SRB_M0011400,
GM0017500,GT0004319,SRA_M0014327,,
GM0017501,GT0004319,SRA_M0014328,,
GM0017502,GT0004319,SRA_M0014329,,
GM0017503,GT0004319,SRA_M0014330,,
GM0017504,GT0004319,SRA_M0014331,,
GM0017505,GT0004320,SRA_M0014332,,
GM0017506,GT0004320,SRA_M0014333,SRB_M0011401,
GM0017507,GT0004320,SRA_M0014334,SRB_M0011402,
GM0017508,GT0004320,SRA_M0014335,,
GM0017509,GT0004320,SRA_M0014336,SRB_M0011403,
GM0017510,GT0004320,SRA_M0014337,SRB_M0011404,
GM0017511,GT0004321,SRA_M0014338,SRB_M0011405,
GM0017512,GT0004321,SRA_M0014339,SRB_M0011406,
GM0017513,GT0004321,SRA_M0014340,SRB_M0011407,
GM0017514,GT0004321,SRA_M0014341,SRB_M0011408,
GM0017515,GT0004321,SRA_M0014342,SRB_M0011409,
GM0017516,GT0004322,SRA_M0014343,,
GM0017517,GT0004322,,,
GM0017518,GT0004322,,SRB_M0011410,
GM0017519,GT0004322,SRA_M0014344,,
GM0017520,GT0004322,SRA_M0014345,SRB_M0011411,
GM0017521,GT0004322,SRA_M0014346,SRB_M0011412,
GM0017522,GT0004323,SRA_M0014347,SRB_M0011413,
GM0017523,GT0004323,SRA_M0014348,SRB_M0011414,SRC_M0006757
GM0017524,GT0004323,SRA_M0014349,SRB_M0011415,SRC_M0006758
GM0017525,GT0004323,SRA_M0014350,SRB_M0011416,
GM0017526,GT0004324,SRA_M0014351,,SRC_M0006759
GM0017527,GT0004324,SRA_M0014352,SRB_M0011417,SRC_M0006760
GM0017528,GT0004325,SRA_M0014353,SRB_M0011418,SRC_M0006761
GM0017529,GT0004325,,SRB_M0011419,SRC_M0006762
GM0017530,GT0004325,SRA_M0014354,,SRC_M0006763
GM0017531,GT0004325,SRA_M0014355,SRB_M0011420,SRC_M0006764
GM0017532,GT0004326,SRA_M0014356,SRB_M0011421,
GM0017533,GT0004326,SRA_M0014357,SRB_M0011422,SRC_M0006765
GM0017534,GT0004326,SRA_M0014358,,SRC_M0006766
GM0017535,GT0004326,SRA_M0014359,SRB_M0011423,SRC_M0006767
GM0017536,GT0004326,SRA_M0014360,SRB_M0011424,SRC_M0006768
GM0017537,GT0004326,,SRB_M0011425,SRC_M0006769
GM0017538,GT0004327,SRA_M0014361,SRB_M0011426,
GM0017539,GT0004327,SRA_M0014362,SRB_M0011427,SRC_M0006770
GM0017540,GT0004327,SRA_M0014363,SRB_M0011428,SRC_M0006771
GM0017541,GT0004327,SRA_M0014364,SRB_M0011429,
GM0017542,GT0004328,,,SRC_M0006772
GM0017543,GT0004328,SRA_M0014365,SRB_M0011430,SRC_M0006773
GM0017544,GT0004328,SRA_M0014366,,
GM0017545,GT0004328,SRA_M0014367,,
GM0017546,GT0004328,,SRB_M0011431,SRC_M0006774
GM0017547,GT0004329,,SRB_M0011433,
GM0017548,GT0004329,,SRB_M0011434,SRC_M0006775
GM0017549,GT0004330,,SRB_M0011435,
GM0017550,GT0004330,SRA_M0014368,SRB_M0011436,
GM0017551,GT0004330,,SRB_M0011437,
GM0017552,GT0004330,SRA_M0014369,SRB_M0011438,
GM0017553,GT0004330,SRA_M0014370,SRB_M0011439,
GM0017554,GT0004330,SRA_M0014371,,
GM0017555,GT0004331,SRA_M0014372,,
GM0017556,GT0004331,SRA_M0014373,,
GM0017557,GT0004331,SRA_M0014374,,
GM0017558,GT0004332,SRA_M0014375,,SRC_M0006776
GM0017559,GT0004332,SRA_M0014376,SRB_M0011440,
GM0017560,GT0004332,SRA_M0014377,SRB_M0011441,SRC_M0006777
GM0017561,GT0004333,SRA_M0014378,,
GM0017562,GT0004333,SRA_M0014379,SRB_M0011442,
GM0017563,GT0004333,SRA_M0014380,SRB_M0011443,
GM0017564,GT0004333,SRA_M0014381,SRB_M0011444,
GM0017565,GT0004333,SRA_M0014382,SRB_M0011445,
GM0017566,GT0004334,SRA_M0014383,SRB_M0011446,SRC_M0006778
GM0017567,GT0004334,SRA_M0014384,SRB_M0011447,
GM0017568,GT0004334,SRA_M0014385,SRB_M0011448,SRC_M0006779
GM0017569,GT0004335,SRA_M0014386,SRB_M0011449,
GM0017570,GT0004335,,SRB_M0011450,
GM0017571,GT0004335,SRA_M0014387,SRB_M0011451,
GM0017572,GT0004336,SRA_M0014388,,SRC_M0006781
GM0017573,GT0004336,SRA_M0014389,,
GM0017574,GT0004336,SRA_M0014390,,SRC_M0006782
GM0017575,GT0004337,SRA_M0014391,SRB_M0011452,
GM0017576,GT0004337,SRA_M0014392,SRB_M0011453,
GM0017577,GT0004337,SRA_M0014393,SRB_M0011454,
GM0017578,GT0004338,SRA_M0014394,SRB_M0011455,
GM0017579,GT0004338,SRA_M0014395,SRB_M0011456,
GM0017580,GT0004338,SRA_M0014396,SRB_M0011457,
GM0017581,GT0004338,SRA_M0014397,SRB_M0011458,
GM0017582,GT0004338,SRA_M0014398,SRB_M0011459,
GM0017583,GT0004339,SRA_M0014399,SRB_M0011460,
GM0017584,GT0004339,SRA_M0014400,SRB_M0011461,
GM0017585,GT0004340,SRA_M0014401,SRB_M0011462,SRC_M0006783
GM0017586,GT0004340,SRA_M0014402,SRB_M0011463,SRC_M0006784
GM0017587,GT0004340,SRA_M0014403,SRB_M0011464,SRC_M0006785
GM0017588,GT0004341,SRA_M0014404,SRB_M0011466,
GM0017589,GT0004341,SRA_M0014405,SRB_M0011467,
GM0017590,GT0004342,SRA_M0014406,,
GM0017591,GT0004342,SRA_M0014407,,
GM0017592,GT0004342,SRA_M0014408,,
GM0017593,GT0004342,SRA_M0014409,,
GM0017594,GT0004342,SRA_M0014410,,
GM0017595,GT0004343,SRA_M0014411,SRB_M0011468,SRC_M0006786
GM0017596,GT0004343,SRA_M0014412,SRB_M0011469,SRC_M0006787
GM0017597,GT0004343,SRA_M0014413,SRB_M0011470,SRC_M0006788
GM0017598,GT0004343,SRA_M0014414,SRB_M0011471,SRC_M0006789
GM0017599,GT0004343,SRA_M0014415,SRB_M0011472,SRC_M0006790
GM0017600,GT0004344,SRA_M0014416,SRB_M0011473,
GM0017601,GT0004344,SRA_M0014417,SRB_M0011474,
GM0017602,GT0004344,SRA_M0014418,,
GM0017603,GT0004344,SRA_M0014419,SRB_M0011475,
GM0017604,GT0004344,SRA_M0014420,SRB_M0011476,
GM0017605,GT0004344,SRA_M0014421,SRB_M0011477,
GM0017606,GT0004345,SRA_M0014423,SRB_M0011478,
GM0017607,GT0004345,SRA_M0014424,SRB_M0011479,SRC_M0006791
GM0017608,GT0004345,SRA_M0014425,SRB_M0011480,SRC_M0006792
GM0017609,GT0004345,SRA_M0014426,SRB_M0011481,
GM0017610,GT0004345,SRA_M0014427,,SRC_M0006793
GM0017611,GT0004345,SRA_M0014428,SRB_M0011482,
GM0017612,GT0004346,SRA_M0014429,SRB_M0011483,SRC_M0006794
GM0017613,GT0004346,SRA_M0014430,SRB_M0011484,SRC_M0006795
GM0017614,GT0004346,SRA_M0014431,SRB_M0011485,SRC_M0006796
GM0017615,GT0004346,SRA_M0014432,SRB_M0011486,SRC_M0006797
GM0017616,GT0004346,,SRB_M0011487,SRC_M0006798
GM0017617,GT0004347,SRA_M0014433,,
GM0017618,GT0004347,SRA_M0014434,,
GM0017619,GT0004347,,,
GM0017620,GT0004347,SRA_M0014435,,
GM0017621,GT0004347,,,
GM0017622,GT0004348,SRA_M0014436,,SRC_M0006799
GM0017623,GT0004348,SRA_M0014437,SRB_M0011488,
GM0017624,GT0004348,SRA_M0014438,SRB_M0011489,
GM0017625,GT0004348,SRA_M0014439,SRB_M0011490,SRC_M0006800
GM0017626,GT0004348,SRA_M0014440,,SRC_M0006801
GM0017627,GT0004348,SRA_M0014441,,SRC_M0006802
GM0017628,GT0004349,SRA_M0014442,,SRC_M0006803
GM0017629,GT0004349,SRA_M0014443,,SRC_M0006804
GM0017630,GT0004349,SRA_M0014444,,
GM0017631,GT0004349,SRA_M0014445,,SRC_M0006805
GM0017632,GT0004350,SRA_M0014446,,
GM0017633,GT0004350,SRA_M0014447,SRB_M0011492,
GM0017634,GT0004350,SRA_M0014448,SRB_M0011493,SRC_M0006806
GM0017635,GT0004350,SRA_M0014449,,
GM0017636,GT0004350,,SRB_M0011494,
GM0017637,GT0004350,,SRB_M0011495,SRC_M0006807
GM0017638,GT0004351,SRA_M0014450,SRB_M0011496,
GM0017639,GT0004351,SRA_M0014451,SRB_M0011497,
GM0017640,GT0004351,SRA_M0014452,SRB_M0011498,SRC_M0006808
GM0017641,GT0004352,,SRB_M0011499,
GM0017642,GT0004352,,SRB_M0011500,
GM0017643,GT0004352,,SRB_M0011501,
GM0017644,GT0004353,SRA_M0014453,,SRC_M0006809
GM0017645,GT0004353,SRA_M0014454,SRB_M0011502,SRC_M0006810
GM0017646,GT0004353,,SRB_M0011503,SRC_M0006811
GM0017647,GT0004354,SRA_M0014455,,SRC_M0006812
GM0017648,GT0004354,SRA_M0014456,,SRC_M0006813
GM0017649,GT0004354,SRA_M0014457,SRB_M0011504,SRC_M0006814
GM0017650,GT0004354,SRA_M0014458,SRB_M0011505,SRC_M0006815
GM0017651,GT0004354,SRA_M0014459,SRB_M0011506,SRC_M0006816
GM0017652,GT0004354,,SRB_M0011507,SRC_M0006817
GM0017653,GT0004355,SRA_M0014460,SRB_M0011508,
GM0017654,GT0004355,SRA_M0014461,SRB_M0011509,
GM0017655,GT0004356,SRA_M0014462,,
GM0017656,GT0004356,SRA_M0014463,SRB_M0011510,
GM0017657,GT0004356,SRA_M0014464,,
GM0017658,GT0004356,SRA_M0014465,SRB_M0011511,
GM0017659,GT0004356,SRA_M0014466,,
GM0017660,GT0004356,SRA_M0014467,SRB_M0011512,
GM0017661,GT0004357,SRA_M0014468,,
GM0017662,GT0004357,SRA_M0014469,,SRC_M0006818
GM0017663,GT0004357,SRA_M0014470,SRB_M0011513,SRC_M0006819
GM0017664,GT0004357,SRA_M0014471,SRB_M0011514,
GM0017665,GT0004358,SRA_M0014472,SRB_M0011515,
GM0017666,GT0004358,SRA_M0014473,SRB_M0011516,
GM0017667,GT0004358,SRA_M0014474,SRB_M0011517,
GM0017668,GT0004359,SRA_M0014475,,
GM0017669,GT0004359,SRA_M0014476,,
GM0017670,GT0004359,SRA_M0014477,,
GM0017671,GT0004359,SRA_M0014478,,
GM0017672,GT0004359,SRA_M0014479,,
GM0017673,GT0004359,SRA_M0014480,,
GM0017674,GT0004360,SRA_M0014481,,
GM0017675,GT0004360,SRA_M0014482,,
GM0017676,GT0004360,SRA_M0014483,,
GM0017677,GT0004360,SRA_M0014484,,
GM0017678,GT0004360,SRA_M0014485,,
GM0017679,GT0004360,SRA_M0014486,,
GM0017680,GT0004361,SRA_M0014487,,SRC_M0006820
GM0017681,GT0004361,SRA_M0014488,,SRC_M0006821
GM0017682,GT0004361,SRA_M0014489,,SRC_M0006822
GM0017683,GT0004361,SRA_M0014490,,SRC_M0006823
GM0017684,GT0004361,SRA_M0014491,,SRC_M0006824
GM0017685,GT0004361,SRA_M0014492,,SRC_M0006825
GM0017686,GT0004362,SRA_M0014493,SRB_M0011518,
GM0017687,GT0004362,SRA_M0014494,,
GM0017688,GT0004362,SRA_M0014495,SRB_M0011519,
GM0017689,GT0004362,SRA_M0014496,SRB_M0011520,
GM0017690,GT0004362,SRA_M0014497,SRB_M0011521,
GM0017691,GT0004363,SRA_M0014498,SRB_M0011522,
GM0017692,GT0004363,,SRB_M0011523,
GM0017693,GT0004363,,,
GM0017694,GT0004364,,SRB_M0011524,
GM0017695,GT0004364,,SRB_M0011525,
GM0017696,GT0004364,,SRB_M0011526,
GM0017697,GT0004364,,SRB_M0011527,
GM0017698,GT0004365,SRA_M0014499,SRB_M0011528,SRC_M0006826
GM0017699,GT0004365,SRA_M0014500,SRB_M0011529,SRC_M0006827
GM0017700,GT0004366,SRA_M0014501,SRB_M0011530,
GM0017701,GT0004366,SRA_M0014502,SRB_M0011531,
GM0017702,GT0004366,SRA_M0014503,SRB_M0011532,SRC_M0006828
GM0017703,GT0004366,SRA_M0014504,SRB_M0011533,
GM0017704,GT0004367,SRA_M0014505,SRB_M0011535,
GM0017705,GT0004367,SRA_M0014506,SRB_M0011536,
GM0017706,GT0004367,SRA_M0014507,SRB_M0011537,
GM0017707,GT0004367,SRA_M0014508,SRB_M0011538,
GM0017708,GT0004368,SRA_M0014509,SRB_M0011539,
GM0017709,GT0004368,SRA_M0014510,SRB_M0011540,
GM0017710,GT0004369,SRA_M0014512,SRB_M0011541,
GM0017711,GT0004369,SRA_M0014513,SRB_M0011542,SRC_M0006829
GM0017712,GT0004369,SRA_M0014514,SRB_M0011543,SRC_M0006830
GM0017713,GT0004369,SRA_M0014515,SRB_M0011544,
GM0017714,GT0004370,SRA_M0014517,SRB_M0011545,SRC_M0006831
GM0017715,GT0004370,SRA_M0014518,SRB_M0011546,SRC_M0006832
GM0017716,GT0004370,SRA_M0014519,SRB_M0011547,
GM0017717,GT0004370,SRA_M0014520,SRB_M0011548,SRC_M0006833
GM0017718,GT0004371,SRA_M0014521,SRB_M0011550,SRC_M0006834
GM0017719,GT0004371,SRA_M0014522,,SRC_M0006835
GM0017720,GT0004371,,SRB_M0011551,SRC_M0006836
GM0017721,GT0004371,SRA_M0014523,,
GM0017722,GT0004371,SRA_M0014524,,SRC_M0006837
GM0017723,GT0004372,SRA_M0014525,,SRC_M0006838
GM0017724,GT0004372,SRA_M0014526,,SRC_M0006839
GM0017725,GT0004373,SRA_M0014527,,SRC_M0006840
GM0017726,GT0004373,SRA_M0014528,SRB_M0011552,SRC_M0006841
GM0017727,GT0004373,SRA_M0014529,SRB_M0011553,SRC_M0006842
GM0017728,GT0004373,SRA_M0014530,,SRC_M0006843
GM0017729,GT0004373,SRA_M0014531,SRB_M0011554,SRC_M0006844
GM0017730,GT0004374,,,
GM0017731,GT0004374,,,
GM0017732,GT0004374,,,
GM0017733,GT0004374,,,
GM0017734,GT0004374,,,
GM0017735,GT0004374,,,
GM0017736,GT0004375,,,
GM0017737,GT0004375,,,
GM0017738,GT0004375,,,
GM0017739,GT0004376,SRA_M0014533,SRB_M0011555,
GM0017740,GT0004376,SRA_M0014534,SRB_M0011556,SRC_M0006845
GM0017741,GT0004377,SRA_M0014535,SRB_M0011557,SRC_M0006846
GM0017742,GT0004377,SRA_M0014536,SRB_M0011558,SRC_M0006847
GM0017743,GT0004377,SRA_M0014537,SRB_M0011559,SRC_M0006848
GM0017744,GT0004377,SRA_M0014538,SRB_M0011560,SRC_M0006849
GM0017745,GT0004378,SRA_M0014539,SRB_M0011561,
GM0017746,GT0004378,SRA_M0014540,,
GM0017747,GT0004378,SRA_M0014541,,
GM0017748,GT0004378,SRA_M0014542,,
GM0017749,GT0004378,SRA_M0014543,SRB_M0011562,
GM0017750,GT0004378,SRA_M0014544,SRB_M0011563,
GM0017751,GT0004379,,SRB_M0011564,SRC_M0006850
GM0017752,GT0004379,SRA_M0014546,SRB_M0011565,
GM0017753,GT0004379,SRA_M0014547,SRB_M0011566,SRC_M0006851
GM0017754,GT0004379,SRA_M0014548,,SRC_M0006852
GM0017755,GT0004380,,SRB_M0011567,SRC_M0006853
GM0017756,GT0004380,,SRB_M0011568,SRC_M0006854
GM0017757,GT0004380,,SRB_M0011569,SRC_M0006855
GM0017758,GT0004381,SRA_M0014549,SRB_M0011570,
GM0017759,GT0004381,SRA_M0014550,SRB_M0011571,
GM0017760,GT0004381,SRA_M0014551,SRB_M0011572,
GM0017761,GT0004381,SRA_M0014552,SRB_M0011573,
GM0017762,GT0004382,SRA_M0014553,SRB_M0011574,
GM0017763,GT0004382,SRA_M0014554,SRB_M0011575,
GM0017764,GT0004382,SRA_M0014555,,
GM0017765,GT0004382,SRA_M0014556,SRB_M0011576,
GM0017766,GT0004383,SRA_M0014557,SRB_M0011577,SRC_M0006856
GM0017767,GT0004383,SRA_M0014558,,
GM0017768,GT0004383,SRA_M0014559,SRB_M0011578,
GM0017769,GT0004383,SRA_M0014560,SRB_M0011579,SRC_M0006857
GM0017770,GT0004383,SRA_M0014561,SRB_M0011580,SRC_M0006858
GM0017771,GT0004384,SRA_M0014562,SRB_M0011581,
GM0017772,GT0004384,SRA_M0014563,SRB_M0011582,
GM0017773,GT0004384,SRA_M0014564,SRB_M0011583,
GM0017774,GT0004385,,SRB_M0011584,SRC_M0006859
GM0017775,GT0004385,SRA_M0014565,SRB_M0011585,
GM0017776,GT0004385,SRA_M0014566,,SRC_M0006860
GM0017777,GT0004385,SRA_M0014567,,SRC_M0006861
GM0017778,GT0004385,SRA_M0014568,SRB_M0011586,SRC_M0006862
GM0017779,GT0004386,SRA_M0014569,,
GM0017780,GT0004386,SRA_M0014570,,
GM0017781,GT0004386,SRA_M0014571,,
GM0017782,GT0004386,SRA_M0014572,,
GM0017783,GT0004386,SRA_M0014573,,
GM0017784,GT0004386,SRA_M0014574,,
GM0017785,GT0004387,SRA_M0014575,SRB_M0011587,SRC_M0006863
GM0017786,GT0004387,SRA_M0014576,,SRC_M0006864
GM0017787,GT0004387,SRA_M0014577,SRB_M0011588,SRC_M0006865
GM0017788,GT0004387,SRA_M0014578,SRB_M0011589,SRC_M0006866
GM0017789,GT0004387,SRA_M0014579,,SRC_M0006867
GM0017790,GT0004387,SRA_M0014580,,
GM0017791,GT0004388,,SRB_M0011590,
GM0017792,GT0004388,,SRB_M0011591,
GM0017793,GT0004388,SRA_M0014581,SRB_M0011592,
GM0017794,GT0004388,SRA_M0014582,SRB_M0011593,
GM0017795,GT0004389,SRA_M0014583,SRB_M0011594,
GM0017796,GT0004389,SRA_M0014584,,
GM0017797,GT0004389,SRA_M0014585,SRB_M0011595,
GM0017798,GT0004389,SRA_M0014586,SRB_M0011596,
GM0017799,GT0004390,SRA_M0014587,,
GM0017800,GT0004390,SRA_M0014588,,
GM0017801,GT0004390,SRA_M0014589,,
GM0017802,GT0004390,SRA_M0014590,,
GM0017803,GT0004390,SRA_M0014591,,
GM0017804,GT0004390,SRA_M0014592,SRB_M0011597,
GM0017805,GT0004391,SRA_M0014593,SRB_M0011598,SRC_M0006868
GM0017806,GT0004391,SRA_M0014594,SRB_M0011599,SRC_M0006869
GM0017807,GT0004391,SRA_M0014595,SRB_M0011600,SRC_M0006870
GM0017808,GT0004391,SRA_M0014596,SRB_M0011601,SRC_M0006871
GM0017809,GT0004391,SRA_M0014597,,SRC_M0006872
GM0017810,GT0004391,SRA_M0014598,SRB_M0011602,SRC_M0006873
GM0017811,GT0004392,SRA_M0014599,,
GM0017812,GT0004392,SRA_M0014600,,
GM0017813,GT0004392,SRA_M0014601,,
GM0017814,GT0004392,SRA_M0014602,,
GM0017815,GT0004392,SRA_M0014603,,
GM0017816,GT0004393,SRA_M0014604,,SRC_M0006874
GM0017817,GT0004393,,,SRC_M0006875
GM0017818,GT0004393,SRA_M0014605,,SRC_M0006876
GM0017819,GT0004393,SRA_M0014606,,SRC_M0006877
GM0017820,GT0004393,SRA_M0014607,,SRC_M0006878
GM0017821,GT0004393,SRA_M0014608,,SRC_M0006879
GM0017822,GT0004394,SRA_M0014609,SRB_M0011603,
GM0017823,GT0004394,SRA_M0014610,SRB_M0011604,SRC_M0006880
GM0017824,GT0004394,SRA_M0014611,,SRC_M0006881
GM0017825,GT0004395,,,SRC_M0006882
GM0017826,GT0004395,SRA_M0014612,,
GM0017827,GT0004395,SRA_M0014613,,SRC_M0006883
GM0017828,GT0004396,SRA_M0014614,SRB_M0011605,SRC_M0006884
GM0017829,GT0004396,SRA_M0014615,SRB_M0011606,
GM0017830,GT0004397,SRA_M0014616,,SRC_M0006885
GM0017831,GT0004397,SRA_M0014617,,SRC_M0006886
GM0017832,GT0004398,SRA_M0014618,SRB_M0011607,
GM0017833,GT0004398,SRA_M0014619,SRB_M0011608,
GM0017834,GT0004398,,SRB_M0011609,
GM0017835,GT0004398,SRA_M0014620,SRB_M0011610,
GM0017836,GT0004398,SRA_M0014621,SRB_M0011611,
GM0017837,GT0004398,SRA_M0014622,SRB_M0011612,
GM0017838,GT0004399,SRA_M0014623,SRB_M0011613,
GM0017839,GT0004399,SRA_M0014624,SRB_M0011614,
GM0017840,GT0004399,SRA_M0014625,SRB_M0011615,
GM0017841,GT0004399,SRA_M0014626,SRB_M0011616,
GM0017842,GT0004399,SRA_M0014627,SRB_M0011617,
GM0017843,GT0004399,SRA_M0014628,SRB_M0011618,
GM0017844,GT0004400,SRA_M0014629,SRB_M0011619,SRC_M0006887
GM0017845,GT0004400,SRA_M0014630,SRB_M0011620,SRC_M0006888
GM0017846,GT0004400,SRA_M0014631,SRB_M0011621,
GM0017847,GT0004400,SRA_M0014632,SRB_M0011622,SRC_M0006889
GM0017848,GT0004401,SRA_M0014633,SRB_M0011623,
GM0017849,GT0004401,SRA_M0014634,SRB_M0011624,
GM0017850,GT0004401,SRA_M0014635,SRB_M0011625,
GM0017851,GT0004401,SRA_M0014636,SRB_M0011626,
GM0017852,GT0004401,SRA_M0014637,SRB_M0011627,
GM0017853,GT0004401,SRA_M0014638,SRB_M0011628,
GM0017854,GT0004402,SRA_M0014639,SRB_M0011629,
GM0017855,GT0004402,SRA_M0014640,SRB_M0011630,
GM0017856,GT0004402,SRA_M0014641,SRB_M0011631,
GM0017857,GT0004402,SRA_M0014642,SRB_M0011632,
GM0017858,GT0004402,,SRB_M0011633,
GM0017859,GT0004403,SRA_M0014643,,SRC_M0006890
GM0017860,GT0004403,SRA_M0014644,,SRC_M0006891
GM0017861,GT0004403,SRA_M0014645,,SRC_M0006892
GM0017862,GT0004403,SRA_M0014646,,
GM0017863,GT0004404,SRA_M0014647,,
GM0017864,GT0004404,SRA_M0014648,,SRC_M0006893
GM0017865,GT0004404,SRA_M0014649,,
GM0017866,GT0004404,SRA_M0014650,,SRC_M0006894
GM0017867,GT0004404,SRA_M0014651,,SRC_M0006895
GM0017868,GT0004404,SRA_M0014652,,
GM0017869,GT0004405,SRA_M0014653,,SRC_M0006896
GM0017870,GT0004405,SRA_M0014654,,
GM0017871,GT0004405,SRA_M0014655,,
GM0017872,GT0004405,SRA_M0014656,,SRC_M0006897
GM0017873,GT0004405,,,
GM0017874,GT0004405,SRA_M0014657,,SRC_M0006898
GM0017875,GT0004406,SRA_M0014658,SRB_M0011634,
GM0017876,GT0004406,SRA_M0014659,SRB_M0011635,
GM0017877,GT0004406,SRA_M0014660,,
GM0017878,GT0004407,SRA_M0014661,SRB_M0011636,SRC_M0006899
GM0017879,GT0004407,SRA_M0014662,SRB_M0011637,SRC_M0006900
GM0017880,GT0004407,SRA_M0014663,,SRC_M0006901
GM0017881,GT0004407,SRA_M0014664,SRB_M0011638,
GM0017882,GT0004408,SRA_M0014665,SRB_M0011639,SRC_M0006903
GM0017883,GT0004408,SRA_M0014666,SRB_M0011640,SRC_M0006904
GM0017884,GT0004408,SRA_M0014667,SRB_M0011641,SRC_M0006905
GM0017885,GT0004408,SRA_M0014668,SRB_M0011642,SRC_M0006906
GM0017886,GT0004408,SRA_M0014669,SRB_M0011643,SRC_M0006907
GM0017887,GT0004408,SRA_M0014670,,SRC_M0006908
GM0017888,GT0004409,,SRB_M0011644,
GM0017889,GT0004409,,SRB_M0011645,
GM0017890,GT0004410,SRA_M0014671,SRB_M0011646,SRC_M0006909
GM0017891,GT0004410,SRA_M0014672,SRB_M0011647,SRC_M0006910
GM0017892,GT0004411,SRA_M0014673,,SRC_M0006911
GM0017893,GT0004411,,,SRC_M0006912
GM0017894,GT0004411,SRA_M0014674,,SRC_M0006913
GM0017895,GT0004412,SRA_M0014675,,
GM0017896,GT0004412,SRA_M0014676,,
GM0017897,GT0004412,SRA_M0014677,,
GM0017898,GT0004412,SRA_M0014678,,
GM0017899,GT0004412,SRA_M0014679,,
GM0017900,GT0004412,SRA_M0014680,,
GM0017901,GT0004413,SRA_M0014681,SRB_M0011648,
GM0017902,GT0004413,,SRB_M0011649,
GM0017903,GT0004413,SRA_M0014682,,
GM0017904,GT0004413,SRA_M0014683,SRB_M0011650,
GM0017905,GT0004414,SRA_M0014684,SRB_M0011651,
GM0017906,GT0004414,SRA_M0014685,SRB_M0011652,
GM0017907,GT0004414,SRA_M0014686,SRB_M0011653,
GM0017908,GT0004414,SRA_M0014687,SRB_M0011654,
GM0017909,GT0004414,SRA_M0014688,SRB_M0011655,
GM0017910,GT0004414,SRA_M0014689,SRB_M0011656,
GM0017911,GT0004415,SRA_M0014690,,SRC_M0006914
GM0017912,GT0004415,SRA_M0014691,,SRC_M0006915
GM0017913,GT0004415,SRA_M0014692,,SRC_M0006916
GM0017914,GT0004415,SRA_M0014693,,SRC_M0006917
GM0017915,GT0004416,SRA_M0014694,,
GM0017916,GT0004416,SRA_M0014695,SRB_M0011657,
GM0017917,GT0004416,SRA_M0014696,SRB_M0011658,
GM0017918,GT0004416,,SRB_M0011659,
GM0017919,GT0004416,SRA_M0014697,SRB_M0011660,
GM0017920,GT0004416,SRA_M0014698,SRB_M0011661,
GM0017921,GT0004417,SRA_M0014699,SRB_M0011662,
GM0017922,GT0004417,SRA_M0014700,SRB_M0011663,
GM0017923,GT0004417,SRA_M0014701,,
GM0017924,GT0004417,SRA_M0014702,SRB_M0011664,
GM0017925,GT0004417,SRA_M0014703,SRB_M0011665,
GM0017926,GT0004417,SRA_M0014704,SRB_M0011666,
GM0017927,GT0004418,SRA_M0014705,,
GM0017928,GT0004418,SRA_M0014706,SRB_M0011667,SRC_M0006918
GM0017929,GT0004418,SRA_M0014707,SRB_M0011668,
GM0017930,GT0004419,SRA_M0014708,SRB_M0011669,SRC_M0006919
GM0017931,GT0004419,,SRB_M0011670,
GM0017932,GT0004419,SRA_M0014709,SRB_M0011671,SRC_M0006920
GM0017933,GT0004419,SRA_M0014710,SRB_M0011672,SRC_M0006921
GM0017934,GT0004419,SRA_M0014711,,
GM0017935,GT0004419,SRA_M0014712,SRB_M0011673,SRC_M0006922
GM0017936,GT0004420,SRA_M0014713,,SRC_M0006923
GM0017937,GT0004420,,SRB_M0011674,SRC_M0006924
GM0017938,GT0004421,SRA_M0014714,SRB_M0011675,SRC_M0006925
GM0017939,GT0004421,SRA_M0014715,SRB_M0011676,
GM0017940,GT0004422,SRA_M0014716,SRB_M0011677,SRC_M0006926
GM0017941,GT0004422,SRA_M0014717,SRB_M0011678,SRC_M0006927
GM0017942,GT0004422,SRA_M0014718,SRB_M0011679,SRC_M0006928
GM0017943,GT0004423,,SRB_M0011680,SRC_M0006929
GM0017944,GT0004423,,SRB_M0011681,SRC_M0006930
GM0017945,GT0004423,,SRB_M0011682,
GM0017946,GT0004423,,SRB_M0011683,SRC_M0006931
GM0017947,GT0004423,,SRB_M0011684,SRC_M0006932
GM0017948,GT0004423,,,
GM0017949,GT0004424,SRA_M0014719,,
GM0017950,GT0004424,SRA_M0014720,,
GM0017951,GT0004425,SRA_M0014721,SRB_M0011685,
GM0017952,GT0004425,SRA_M0014722,SRB_M0011686,
GM0017953,GT0004425,SRA_M0014723,,
GM0017954,GT0004425,SRA_M0014724,,
GM0017955,GT0004426,SRA_M0014725,SRB_M0011687,
GM0017956,GT0004426,SRA_M0014726,,
GM0017957,GT0004426,SRA_M0014727,SRB_M0011688,
GM0017958,GT0004426,SRA_M0014728,SRB_M0011689,
GM0017959,GT0004426,SRA_M0014729,SRB_M0011690,
GM0017960,GT0004427,SRA_M0014730,,
GM0017961,GT0004427,SRA_M0014731,,
GM0017962,GT0004427,SRA_M0014732,,
GM0017963,GT0004427,SRA_M0014733,,
GM0017964,GT0004428,,SRB_M0011691,
GM0017965,GT0004428,,SRB_M0011692,
GM0017966,GT0004428,,SRB_M0011693,
GM0017967,GT0004428,,,
GM0017968,GT0004428,,SRB_M0011694,
GM0017969,GT0004429,SRA_M0014734,SRB_M0011695,
GM0017970,GT0004429,SRA_M0014735,SRB_M0011696,
GM0017971,GT0004429,SRA_M0014736,SRB_M0011697,
GM0017972,GT0004429,SRA_M0014737,SRB_M0011698,
GM0017973,GT0004429,SRA_M0014738,SRB_M0011699,
GM0017974,GT0004429,SRA_M0014739,SRB_M0011700,
GM0017975,GT0004430,SRA_M0014740,SRB_M0011701,
GM0017976,GT0004430,SRA_M0014741,SRB_M0011702,
GM0017977,GT0004430,SRA_M0014742,SRB_M0011703,
GM0017978,GT0004430,SRA_M0014743,,
GM0017979,GT0004430,SRA_M0014744,SRB_M0011704,
GM0017980,GT0004430,SRA_M0014745,SRB_M0011705,
GM0017981,GT0004431,SRA_M0014746,SRB_M0011706,
GM0017982,GT0004431,SRA_M0014747,SRB_M0011707,SRC_M0006933
GM0017983,GT0004432,SRA_M0014748,SRB_M0011708,
GM0017984,GT0004432,SRA_M0014749,SRB_M0011709,
GM0017985,GT0004432,SRA_M0014750,SRB_M0011710,SRC_M0006934
GM0017986,GT0004432,SRA_M0014751,,SRC_M0006935
GM0017987,GT0004432,SRA_M0014752,SRB_M0011711,
GM0017988,GT0004433,,SRB_M0011712,SRC_M0006936
GM0017989,GT0004433,,SRB_M0011713,SRC_M0006937
GM0017990,GT0004433,,SRB_M0011714,SRC_M0006938
GM0017991,GT0004433,,SRB_M0011715,SRC_M0006939
GM0017992,GT0004434,SRA_M0014753,SRB_M0011716,SRC_M0006940
GM0017993,GT0004434,SRA_M0014754,SRB_M0011717,
GM0017994,GT0004434,SRA_M0014755,SRB_M0011718,SRC_M0006941
GM0017995,GT0004435,SRA_M0014756,,SRC_M0006942
GM0017996,GT0004435,SRA_M0014757,,
GM0017997,GT0004435,,,SRC_M0006943
GM0017998,GT0004436,SRA_M0014758,,SRC_M0006944
GM0017999,GT0004436,,SRB_M0011719,SRC_M0006945
GM0018000,GT0004436,SRA_M0014759,SRB_M0011720,SRC_M0006946
GM0018001,GT0004436,SRA_M0014760,SRB_M0011721,SRC_M0006947
GM0018002,GT0004437,SRA_M0014761,SRB_M0011722,SRC_M0006948
GM0018003,GT0004437,SRA_M0014762,SRB_M0011723,SRC_M0006949
GM0018004,GT0004437,SRA_M0014763,,
GM0018005,GT0004437,SRA_M0014764,SRB_M0011724,
GM0018006,GT0004437,SRA_M0014765,SRB_M0011725,SRC_M0006950
GM0018007,GT0004437,SRA_M0014766,SRB_M0011726,
GM0018008,GT0004438,SRA_M0014767,SRB_M0011727,
GM0018009,GT0004438,,SRB_M0011728,
GM0018010,GT0004438,,SRB_M0011729,
GM0018011,GT0004438,SRA_M0014768,SRB_M0011730,SRC_M0006951
GM0018012,GT0004438,SRA_M0014769,SRB_M0011731,SRC_M0006952
GM0018013,GT0004438,SRA_M0014770,SRB_M0011732,
GM0018014,GT0004439,SRA_M0014771,SRB_M0011733,SRC_M0006953
GM0018015,GT0004439,SRA_M0014772,SRB_M0011734,SRC_M0006954
GM0018016,GT0004439,SRA_M0014773,SRB_M0011735,SRC_M0006955
GM0018017,GT0004439,SRA_M0014774,SRB_M0011736,SRC_M0006956
GM0018018,GT0004439,SRA_M0014775,,SRC_M0006957
GM0018019,GT0004440,,SRB_M0011737,SRC_M0006958
GM0018020,GT0004440,SRA_M0014776,,SRC_M0006959
GM0018021,GT0004440,SRA_M0014777,SRB_M0011738,SRC_M0006960
GM0018022,GT0004441,SRA_M0014778,SRB_M0011739,
GM0018023,GT0004441,SRA_M0014779,SRB_M0011740,
GM0018024,GT0004441,SRA_M0014780,SRB_M0011741,
GM0018025,GT0004442,SRA_M0014781,,SRC_M0006961
GM0018026,GT0004442,SRA_M0014782,SRB_M0011742,
GM0018027,GT0004443,SRA_M0014783,SRB_M0011743,
GM0018028,GT0004443,SRA_M0014784,SRB_M0011744,
GM0018029,GT0004443,SRA_M0014785,SRB_M0011745,
GM0018030,GT0004443,SRA_M0014786,,
GM0018031,GT0004444,SRA_M0014787,SRB_M0011746,
GM0018032,GT0004444,SRA_M0014788,SRB_M0011747,SRC_M0006962
GM0018033,GT0004444,SRA_M0014789,SRB_M0011748,
GM0018034,GT0004444,SRA_M0014790,,SRC_M0006963
GM0018035,GT0004445,,,SRC_M0006964
GM0018036,GT0004445,,,SRC_M0006965
GM0018037,GT0004445,,,SRC_M0006966
GM0018038,GT0004445,,,
GM0018039,GT0004445,,,SRC_M0006967
GM0018040,GT0004446,,SRB_M0011749,SRC_M0006968
GM0018041,GT0004446,,SRB_M0011750,
GM0018042,GT0004446,,SRB_M0011751,SRC_M0006969
GM0018043,GT0004447,SRA_M0014791,SRB_M0011752,
GM0018044,GT0004447,SRA_M0014792,SRB_M0011753,
GM0018045,GT0004448,,SRB_M0011754,SRC_M0006970
GM0018046,GT0004448,,SRB_M0011755,SRC_M0006971
GM0018047,GT0004449,SRA_M0014793,SRB_M0011756,
GM0018048,GT0004449,SRA_M0014794,SRB_M0011757,
GM0018049,GT0004450,,,
GM0018050,GT0004450,SRA_M0014795,,SRC_M0006972
GM0018051,GT0004450,SRA_M0014796,,SRC_M0006973
GM0018052,GT0004451,SRA_M0014798,SRB_M0011758,SRC_M0006974
GM0018053,GT0004451,SRA_M0014799,SRB_M0011759,
GM0018054,GT0004451,SRA_M0014800,SRB_M0011760,SRC_M0006975
GM0018055,GT0004452,SRA_M0014801,,
GM0018056,GT0004452,SRA_M0014802,,SRC_M0006976
GM0018057,GT0004452,SRA_M0014803,,
GM0018058,GT0004452,SRA_M0014804,,SRC_M0006977
GM0018059,GT0004452,SRA_M0014805,,SRC_M0006978
GM0018060,GT0004453,SRA_M0014806,SRB_M0011761,
GM0018061,GT0004453,SRA_M0014807,SRB_M0011762,
GM0018062,GT0004453,SRA_M0014808,SRB_M0011763,
GM0018063,GT0004454,SRA_M0014809,SRB_M0011764,
GM0018064,GT0004454,SRA_M0014810,SRB_M0011765,
GM0018065,GT0004454,,SRB_M0011766,
GM0018066,GT0004454,SRA_M0014811,SRB_M0011767,
GM0018067,GT0004454,SRA_M0014812,,
GM0018068,GT0004455,,SRB_M0011768,SRC_M0006979
GM0018069,GT0004455,,SRB_M0011769,SRC_M0006980
GM0018070,GT0004455,SRA_M0014813,SRB_M0011770,SRC_M0006981
GM0018071,GT0004455,SRA_M0014814,SRB_M0011771,
GM0018072,GT0004455,,SRB_M0011772,
GM0018073,GT0004456,SRA_M0014815,SRB_M0011773,
GM0018074,GT0004456,SRA_M0014816,SRB_M0011774,
GM0018075,GT0004456,SRA_M0014817,SRB_M0011775,
GM0018076,GT0004457,SRA_M0014818,SRB_M0011776,
GM0018077,GT0004457,SRA_M0014819,SRB_M0011777,
GM0018078,GT0004457,SRA_M0014820,SRB_M0011778,
GM0018079,GT0004458,SRA_M0014821,SRB_M0011779,SRC_M0006982
GM0018080,GT0004458,SRA_M0014822,SRB_M0011780,SRC_M0006983
GM0018081,GT0004458,SRA_M0014823,SRB_M0011781,SRC_M0006984
GM0018082,GT0004458,SRA_M0014824,SRB_M0011782,SRC_M0006985
GM0018083,GT0004459,SRA_M0014825,SRB_M0011783,SRC_M0006986
GM0018084,GT0004459,SRA_M0014826,SRB_M0011784,
GM0018085,GT0004459,SRA_M0014827,SRB_M0011785,SRC_M0006987
GM0018086,GT0004459,SRA_M0014828,SRB_M0011786,SRC_M0006988
GM0018087,GT0004459,SRA_M0014829,,SRC_M0006989
GM0018088,GT0004460,SRA_M0014830,SRB_M0011787,SRC_M0006990
GM0018089,GT0004460,SRA_M0014831,SRB_M0011788,SRC_M0006991
GM0018090,GT0004460,,SRB_M0011789,SRC_M0006992
GM0018091,GT0004461,SRA_M0014832,SRB_M0011790,
GM0018092,GT0004461,SRA_M0014833,SRB_M0011791,
GM0018093,GT0004461,,SRB_M0011792,
GM0018094,GT0004461,SRA_M0014834,SRB_M0011793,
GM0018095,GT0004462,SRA_M0014835,SRB_M0011794,
GM0018096,GT0004462,SRA_M0014836,SRB_M0011795,SRC_M0006993
GM0018097,GT0004462,SRA_M0014837,,SRC_M0006994
GM0018098,GT0004462,SRA_M0014838,SRB_M0011796,SRC_M0006995
GM0018099,GT0004463,SRA_M0014839,,
GM0018100,GT0004463,SRA_M0014840,,SRC_M0006996
GM0018101,GT0004463,SRA_M0014841,,SRC_M0006997
GM0018102,GT0004464,SRA_M0014842,SRB_M0011797,
GM0018103,GT0004464,SRA_M0014843,SRB_M0011798,
GM0018104,GT0004465,SRA_M0014844,SRB_M0011799,
GM0018105,GT0004465,SRA_M0014845,SRB_M0011800,
GM0018106,GT0004465,SRA_M0014846,,
GM0018107,GT0004466,,SRB_M0011801,SRC_M0006998
GM0018108,GT0004466,,SRB_M0011802,SRC_M0006999
GM0018109,GT0004466,,SRB_M0011803,SRC_M0007000
GM0018110,GT0004466,,SRB_M0011804,SRC_M0007001
GM0018111,GT0004466,,,SRC_M0007002
GM0018112,GT0004467,,SRB_M0011805,SRC_M0007003
GM0018113,GT0004467,SRA_M0014847,SRB_M0011806,SRC_M0007004
GM0018114,GT0004467,SRA_M0014848,SRB_M0011807,
GM0018115,GT0004467,SRA_M0014849,SRB_M0011808,
GM0018116,GT0004468,SRA_M0014850,SRB_M0011809,SRC_M0007005
GM0018117,GT0004468,,SRB_M0011810,SRC_M0007006
GM0018118,GT0004468,SRA_M0014851,SRB_M0011811,
GM0018119,GT0004469,SRA_M0014852,SRB_M0011812,
GM0018120,GT0004469,SRA_M0014853,,
GM0018121,GT0004469,,,
GM0018122,GT0004469,SRA_M0014854,SRB_M0011813,
GM0018123,GT0004470,SRA_M0014855,SRB_M0011814,SRC_M0007007
GM0018124,GT0004470,,SRB_M0011815,
GM0018125,GT0004470,SRA_M0014856,SRB_M0011816,SRC_M0007008
GM0018126,GT0004470,SRA_M0014857,SRB_M0011817,
GM0018127,GT0004471,SRA_M0014858,SRB_M0011818,SRC_M0007009
GM0018128,GT0004471,SRA_M0014859,SRB_M0011819,SRC_M0007010
GM0018129,GT0004472,SRA_M0014860,,
GM0018130,GT0004472,SRA_M0014861,SRB_M0011820,
GM0018131,GT0004472,SRA_M0014862,SRB_M0011821,
GM0018132,GT0004472,SRA_M0014863,SRB_M0011822,
GM0018133,GT0004473,,,
GM0018134,GT0004473,,,
GM0018135,GT0004473,,,
GM0018136,GT0004473,,,
GM0018137,GT0004473,,,
GM0018138,GT0004473,,,
GM0018139,GT0004474,SRA_M0014864,,SRC_M0007011
GM0018140,GT0004474,SRA_M0014865,,
GM0018141,GT0004475,SRA_M0014866,SRB_M0011823,
GM0018142,GT0004475,SRA_M0014867,SRB_M0011824,
GM0018143,GT0004475,SRA_M0014868,SRB_M0011825,
GM0018144,GT0004476,,,SRC_M0007012
GM0018145,GT0004476,,,SRC_M0007013
GM0018146,GT0004476,,,SRC_M0007014
GM0018147,GT0004477,SRA_M0014869,SRB_M0011826,SRC_M0007015
GM0018148,GT0004477,SRA_M0014870,SRB_M0011827,SRC_M0007016
GM0018149,GT0004477,SRA_M0014871,SRB_M0011828,SRC_M0007017
GM0018150,GT0004477,SRA_M0014872,SRB_M0011829,SRC_M0007018
GM0018151,GT0004477,SRA_M0014873,SRB_M0011830,SRC_M0007019
GM0018152,GT0004477,SRA_M0014874,SRB_M0011831,SRC_M0007020
GM0018153,GT0004478,SRA_M0014875,SRB_M0011832,
GM0018154,GT0004478,SRA_M0014876,,
GM0018155,GT0004478,SRA_M0014877,SRB_M0011833,
GM0018156,GT0004478,SRA_M0014878,SRB_M0011834,
GM0018157,GT0004478,SRA_M0014879,SRB_M0011835,
GM0018158,GT0004478,SRA_M0014880,SRB_M0011836,
GM0018159,GT0004479,,SRB_M0011837,
GM0018160,GT0004479,,SRB_M0011838,
GM0018161,GT0004479,,SRB_M0011839,
GM0018162,GT0004479,,SRB_M0011840,
GM0018163,GT0004479,,SRB_M0011841,
GM0018164,GT0004480,,SRB_M0011842,SRC_M0007021
GM0018165,GT0004480,,SRB_M0011843,SRC_M0007022
GM0018166,GT0004480,,SRB_M0011844,SRC_M0007023
GM0018167,GT0004480,,SRB_M0011845,SRC_M0007024
GM0018168,GT0004480,,,SRC_M0007025
GM0018169,GT0004481,SRA_M0014881,SRB_M0011846,
GM0018170,GT0004481,SRA_M0014882,SRB_M0011847,
GM0018171,GT0004481,,SRB_M0011848,
GM0018172,GT0004481,SRA_M0014883,,
GM0018173,GT0004481,,SRB_M0011849,
GM0018174,GT0004482,SRA_M0014884,,SRC_M0007026
GM0018175,GT0004482,SRA_M0014885,SRB_M0011850,SRC_M0007027
GM0018176,GT0004482,SRA_M0014886,SRB_M0011851,SRC_M0007028
GM0018177,GT0004482,SRA_M0014887,SRB_M0011852,SRC_M0007029
GM0018178,GT0004483,SRA_M0014888,SRB_M0011853,
GM0018179,GT0004483,SRA_M0014889,SRB_M0011854,
GM0018180,GT0004483,SRA_M0014890,SRB_M0011855,
GM0018181,GT0004483,SRA_M0014891,SRB_M0011856,
GM0018182,GT0004483,SRA_M0014892,SRB_M0011857,
GM0018183,GT0004484,SRA_M0014893,SRB_M0011859,
GM0018184,GT0004484,SRA_M0014894,SRB_M0011860,
GM0018185,GT0004484,SRA_M0014895,SRB_M0011861,
GM0018186,GT0004484,SRA_M0014896,SRB_M0011862,
GM0018187,GT0004484,SRA_M0014897,,
GM0018188,GT0004485,SRA_M0014898,SRB_M0011863,
GM0018189,GT0004485,SRA_M0014899,SRB_M0011864,
GM0018190,GT0004485,SRA_M0014900,,
GM0018191,GT0004485,SRA_M0014901,SRB_M0011865,
GM0018192,GT0004485,SRA_M0014902,SRB_M0011866,
GM0018193,GT0004486,SRA_M0014903,,
GM0018194,GT0004486,SRA_M0014904,SRB_M0011867,
GM0018195,GT0004486,SRA_M0014905,SRB_M0011868,
GM0018196,GT0004486,SRA_M0014906,SRB_M0011869,
GM0018197,GT0004486,SRA_M0014907,SRB_M0011870,
GM0018198,GT0004486,SRA_M0014908,,
GM0018199,GT0004487,,,SRC_M0007030
GM0018200,GT0004487,,SRB_M0011871,
GM0018201,GT0004488,,SRB_M0011872,
GM0018202,GT0004488,SRA_M0014909,SRB_M0011873,
GM0018203,GT0004488,SRA_M0014910,SRB_M0011874,
GM0018204,GT0004488,SRA_M0014911,SRB_M0011875,
GM0018205,GT0004488,SRA_M0014912,SRB_M0011876,
GM0018206,GT0004489,SRA_M0014913,SRB_M0011877,
GM0018207,GT0004489,SRA_M0014914,SRB_M0011878,
GM0018208,GT0004489,SRA_M0014915,SRB_M0011879,
GM0018209,GT0004489,SRA_M0014916,SRB_M0011880,
GM0018210,GT0004489,SRA_M0014917,SRB_M0011881,
GM0018211,GT0004489,SRA_M0014918,SRB_M0011882,
GM0018212,GT0004490,SRA_M0014919,SRB_M0011883,SRC_M0007031
GM0018213,GT0004490,SRA_M0014920,SRB_M0011884,SRC_M0007032
GM0018214,GT0004491,SRA_M0014921,,
GM0018215,GT0004491,SRA_M0014922,SRB_M0011885,
GM0018216,GT0004491,SRA_M0014923,SRB_M0011886,
GM0018217,GT0004491,SRA_M0014924,SRB_M0011887,
GM0018218,GT0004491,SRA_M0014925,SRB_M0011888,
GM0018219,GT0004492,,SRB_M0011889,
GM0018220,GT0004492,SRA_M0014926,SRB_M0011890,
GM0018221,GT0004493,,SRB_M0011891,
GM0018222,GT0004493,SRA_M0014927,SRB_M0011892,SRC_M0007033
GM0018223,GT0004493,SRA_M0014928,SRB_M0011893,SRC_M0007034
GM0018224,GT0004493,SRA_M0014929,SRB_M0011894,SRC_M0007035
GM0018225,GT0004493,SRA_M0014930,SRB_M0011895,SRC_M0007036
GM0018226,GT0004493,,SRB_M0011896,SRC_M0007037
GM0018227,GT0004494,SRA_M0014931,,SRC_M0007038
GM0018228,GT0004494,SRA_M0014932,SRB_M0011897,
GM0018229,GT0004494,SRA_M0014933,SRB_M0011898,
GM0018230,GT0004494,SRA_M0014934,SRB_M0011899,SRC_M0007039
GM0018231,GT0004495,SRA_M0014935,,SRC_M0007040
GM0018232,GT0004495,,SRB_M0011900,SRC_M0007041
GM0018233,GT0004495,SRA_M0014936,SRB_M0011901,SRC_M0007042
GM0018234,GT0004495,SRA_M0014937,,SRC_M0007043
GM0018235,GT0004495,SRA_M0014938,SRB_M0011902,SRC_M0007044
GM0018236,GT0004496,SRA_M0014939,,SRC_M0007045
GM0018237,GT0004496,SRA_M0014940,,SRC_M0007046
GM0018238,GT0004496,SRA_M0014941,,SRC_M0007047
GM0018239,GT0004496,SRA_M0014942,,SRC_M0007048
GM0018240,GT0004496,SRA_M0014943,,SRC_M0007049
GM0018241,GT0004497,SRA_M0014944,,
GM0018242,GT0004497,SRA_M0014945,SRB_M0011903,
GM0018243,GT0004497,SRA_M0014946,SRB_M0011904,
GM0018244,GT0004498,SRA_M0014947,SRB_M0011905,
GM0018245,GT0004498,SRA_M0014948,SRB_M0011906,
GM0018246,GT0004498,,,
GM0018247,GT0004498,SRA_M0014949,SRB_M0011907,
GM0018248,GT0004498,SRA_M0014950,SRB_M0011908,
GM0018249,GT0004498,SRA_M0014951,,
GM0018250,GT0004499,SRA_M0014952,,SRC_M0007050
GM0018251,GT0004499,SRA_M0014953,,SRC_M0007051
GM0018252,GT0004499,SRA_M0014954,,SRC_M0007052
GM0018253,GT0004500,,SRB_M0011909,SRC_M0007053
GM0018254,GT0004500,SRA_M0014955,SRB_M0011910,SRC_M0007054
GM0018255,GT0004500,,SRB_M0011911,SRC_M0007055
GM0018256,GT0004500,SRA_M0014956,SRB_M0011912,SRC_M0007056
GM0018257,GT0004500,SRA_M0014957,SRB_M0011913,SRC_M0007057
GM0018258,GT0004500,,,SRC_M0007058
GM0018259,GT0004501,SRA_M0014958,SRB_M0011914,SRC_M0007059
GM0018260,GT0004501,SRA_M0014959,SRB_M0011915,SRC_M0007060
GM0018261,GT0004501,SRA_M0014960,,SRC_M0007061
GM0018262,GT0004501,,,SRC_M0007062
GM0018263,GT0004502,,,
GM0018264,GT0004502,,,
GM0018265,GT0004503,,SRB_M0011916,SRC_M0007063
GM0018266,GT0004503,,SRB_M0011917,
GM0018267,GT0004503,,SRB_M0011918,
GM0018268,GT0004504,SRA_M0014961,,
GM0018269,GT0004504,SRA_M0014962,SRB_M0011919,
GM0018270,GT0004504,SRA_M0014963,SRB_M0011920,SRC_M0007064
GM0018271,GT0004504,SRA_M0014964,SRB_M0011921,SRC_M0007065
GM0018272,GT0004504,SRA_M0014965,SRB_M0011922,SRC_M0007066
GM0018273,GT0004504,SRA_M0014966,SRB_M0011923,
GM0018274,GT0004505,SRA_M0014967,SRB_M0011924,
GM0018275,GT0004505,SRA_M0014968,SRB_M0011925,
GM0018276,GT0004505,SRA_M0014969,SRB_M0011926,
GM0018277,GT0004505,SRA_M0014970,SRB_M0011927,
GM0018278,GT0004505,SRA_M0014971,SRB_M0011928,
GM0018279,GT0004506,SRA_M0014972,,
GM0018280,GT0004506,SRA_M0014973,,
GM0018281,GT0004506,SRA_M0014974,,
GM0018282,GT0004507,SRA_M0014975,SRB_M0011929,SRC_M0007067
GM0018283,GT0004507,,SRB_M0011930,SRC_M0007068
GM0018284,GT0004507,,SRB_M0011931,SRC_M0007069
GM0018285,GT0004507,SRA_M0014976,SRB_M0011932,SRC_M0007070
GM0018286,GT0004507,SRA_M0014977,SRB_M0011933,SRC_M0007071
GM0018287,GT0004507,SRA_M0014978,SRB_M0011934,SRC_M0007072
GM0018288,GT0004508,,,
GM0018289,GT0004508,SRA_M0014979,SRB_M0011935,
GM0018290,GT0004508,SRA_M0014980,SRB_M0011936,
GM0018291,GT0004509,SRA_M0014981,SRB_M0011937,
GM0018292,GT0004509,SRA_M0014982,SRB_M0011938,
GM0018293,GT0004509,SRA_M0014983,,
GM0018294,GT0004509,SRA_M0014984,SRB_M0011939,
GM0018295,GT0004509,SRA_M0014985,SRB_M0011940,
GM0018296,GT0004510,SRA_M0014986,SRB_M0011941,
GM0018297,GT0004510,,SRB_M0011942,
GM0018298,GT0004510,,SRB_M0011943,
GM0018299,GT0004510,SRA_M0014987,SRB_M0011944,
GM0018300,GT0004510,SRA_M0014988,SRB_M0011945,
GM0018301,GT0004511,SRA_M0014989,SRB_M0011946,
GM0018302,GT0004511,SRA_M0014990,SRB_M0011947,
GM0018303,GT0004512,SRA_M0014991,SRB_M0011948,SRC_M0007073
GM0018304,GT0004512,SRA_M0014992,SRB_M0011949,SRC_M0007074
GM0018305,GT0004513,SRA_M0014993,SRB_M0011950,
GM0018306,GT0004513,SRA_M0014994,SRB_M0011951,
GM0018307,GT0004514,SRA_M0014996,,SRC_M0007075
GM0018308,GT0004514,SRA_M0014997,,
GM0018309,GT0004514,,,SRC_M0007076
GM0018310,GT0004514,SRA_M0014998,,SRC_M0007077
GM0018311,GT0004514,SRA_M0014999,,SRC_M0007078
GM0018312,GT0004514,SRA_M0015000,,SRC_M0007079
GM0018313,GT0004515,SRA_M0015001,SRB_M0011952,SRC_M0007080
GM0018314,GT0004515,SRA_M0015002,SRB_M0011953,
GM0018315,GT0004516,SRA_M0015003,SRB_M0011954,
GM0018316,GT0004516,SRA_M0015004,SRB_M0011955,
GM0018317,GT0004516,SRA_M0015005,,
GM0018318,GT0004516,SRA_M0015006,,
GM0018319,GT0004516,SRA_M0015007,SRB_M0011956,
GM0018320,GT0004517,SRA_M0015008,,SRC_M0007081
GM0018321,GT0004517,SRA_M0015009,SRB_M0011957,SRC_M0007082
GM0018322,GT0004518,SRA_M0015010,,
GM0018323,GT0004518,SRA_M0015011,,SRC_M0007083
GM0018324,GT0004518,SRA_M0015012,,SRC_M0007084
GM0018325,GT0004518,,,
GM0018326,GT0004519,SRA_M0015013,,
GM0018327,GT0004519,SRA_M0015014,SRB_M0011958,
GM0018328,GT0004519,SRA_M0015015,SRB_M0011959,
GM0018329,GT0004519,,SRB_M0011960,
GM0018330,GT0004519,SRA_M0015016,,
GM0018331,GT0004520,,,
GM0018332,GT0004520,SRA_M0015017,,
GM0018333,GT0004520,SRA_M0015018,,
GM0018334,GT0004520,SRA_M0015019,,
GM0018335,GT0004521,,SRB_M0011961,
GM0018336,GT0004521,,SRB_M0011962,
GM0018337,GT0004521,,SRB_M0011963,
GM0018338,GT0004521,,SRB_M0011964,
GM0018339,GT0004522,SRA_M0015020,,SRC_M0007085
GM0018340,GT0004522,SRA_M0015021,,SRC_M0007086
GM0018341,GT0004523,SRA_M0015022,SRB_M0011965,
GM0018342,GT0004523,SRA_M0015023,SRB_M0011966,
GM0018343,GT0004524,SRA_M0015024,SRB_M0011967,SRC_M0007087
GM0018344,GT0004524,,SRB_M0011968,SRC_M0007088
GM0018345,GT0004524,SRA_M0015025,,
GM0018346,GT0004524,SRA_M0015026,SRB_M0011969,SRC_M0007089
GM0018347,GT0004524,SRA_M0015027,SRB_M0011970,SRC_M0007090
GM0018348,GT0004524,,SRB_M0011971,SRC_M0007091
GM0018349,GT0004525,,SRB_M0011973,SRC_M0007092
GM0018350,GT0004525,,SRB_M0011974,SRC_M0007093
GM0018351,GT0004525,,,SRC_M0007094
GM0018352,GT0004525,,SRB_M0011975,
GM0018353,GT0004525,,,SRC_M0007095
GM0018354,GT0004526,SRA_M0015028,SRB_M0011976,SRC_M0007096
GM0018355,GT0004526,SRA_M0015029,SRB_M0011977,SRC_M0007097
GM0018356,GT0004526,SRA_M0015030,SRB_M0011978,SRC_M0007098
GM0018357,GT0004527,,SRB_M0011980,SRC_M0007099
GM0018358,GT0004527,SRA_M0015031,SRB_M0011981,SRC_M0007100
GM0018359,GT0004527,SRA_M0015032,SRB_M0011982,SRC_M0007101
GM0018360,GT0004527,SRA_M0015033,SRB_M0011983,
GM0018361,GT0004528,,,
GM0018362,GT0004528,,,
GM0018363,GT0004528,,,
GM0018364,GT0004528,,,
GM0018365,GT0004528,,,
GM0018366,GT0004529,SRA_M0015034,,
GM0018367,GT0004529,SRA_M0015035,,
GM0018368,GT0004530,,SRB_M0011984,SRC_M0007103
GM0018369,GT0004530,SRA_M0015037,SRB_M0011985,SRC_M0007104
GM0018370,GT0004530,SRA_M0015038,SRB_M0011986,
GM0018371,GT0004530,SRA_M0015039,SRB_M0011987,SRC_M0007105
GM0018372,GT0004530,,SRB_M0011988,
GM0018373,GT0004531,SRA_M0015040,SRB_M0011989,SRC_M0007106
GM0018374,GT0004531,SRA_M0015041,SRB_M0011990,SRC_M0007107
GM0018375,GT0004531,SRA_M0015042,SRB_M0011991,SRC_M0007108
GM0018376,GT0004532,SRA_M0015043,,
GM0018377,GT0004532,SRA_M0015044,SRB_M0011992,
GM0018378,GT0004532,SRA_M0015045,SRB_M0011993,SRC_M0007109
GM0018379,GT0004533,SRA_M0015046,SRB_M0011994,SRC_M0007110
GM0018380,GT0004533,SRA_M0015047,SRB_M0011995,
GM0018381,GT0004533,SRA_M0015048,SRB_M0011996,SRC_M0007111
GM0018382,GT0004533,SRA_M0015049,SRB_M0011997,
GM0018383,GT0004533,SRA_M0015050,SRB_M0011998,
GM0018384,GT0004533,SRA_M0015051,SRB_M0011999,SRC_M0007112
GM0018385,GT0004534,SRA_M0015052,SRB_M0012000,SRC_M0007113
GM0018386,GT0004534,SRA_M0015053,SRB_M0012001,SRC_M0007114
GM0018387,GT0004534,SRA_M0015054,SRB_M0012002,
GM0018388,GT0004535,SRA_M0015055,SRB_M0012003,
GM0018389,GT0004535,SRA_M0015056,SRB_M0012004,
GM0018390,GT0004535,SRA_M0015057,SRB_M0012005,
GM0018391,GT0004536,,SRB_M0012006,
GM0018392,GT0004536,,,
GM0018393,GT0004536,,SRB_M0012007,
GM0018394,GT0004537,SRA_M0015058,SRB_M0012008,
GM0018395,GT0004537,,SRB_M0012009,
GM0018396,GT0004537,SRA_M0015059,SRB_M0012010,
GM0018397,GT0004537,SRA_M0015060,SRB_M0012011,
GM0018398,GT0004537,SRA_M0015061,SRB_M0012012,
GM0018399,GT0004537,SRA_M0015062,SRB_M0012013,
GM0018400,GT0004538,,,SRC_M0007115
GM0018401,GT0004538,SRA_M0015063,,SRC_M0007116
GM0018402,GT0004538,SRA_M0015064,,SRC_M0007117
GM0018403,GT0004538,SRA_M0015065,,SRC_M0007118
GM0018404,GT0004539,SRA_M0015066,SRB_M0012015,SRC_M0007119
GM0018405,GT0004539,SRA_M0015067,SRB_M0012016,SRC_M0007120
GM0018406,GT0004539,,SRB_M0012017,SRC_M0007121
GM0018407,GT0004539,SRA_M0015068,SRB_M0012018,SRC_M0007122
GM0018408,GT0004539,SRA_M0015069,SRB_M0012019,SRC_M0007123
GM0018409,GT0004539,SRA_M0015070,SRB_M0012020,
GM0018410,GT0004540,,,
GM0018411,GT0004540,,SRB_M0012021,
GM0018412,GT0004541,SRA_M0015071,SRB_M0012022,SRC_M0007124
GM0018413,GT0004541,SRA_M0015072,SRB_M0012023,SRC_M0007125
GM0018414,GT0004542,,SRB_M0012024,
GM0018415,GT0004542,,SRB_M0012025,
GM0018416,GT0004542,,SRB_M0012026,
GM0018417,GT0004542,,SRB_M0012027,
GM0018418,GT0004542,,SRB_M0012028,
GM0018419,GT0004543,SRA_M0015073,,SRC_M0007126
GM0018420,GT0004543,SRA_M0015074,,
GM0018421,GT0004543,SRA_M0015075,,SRC_M0007127
GM0018422,GT0004544,SRA_M0015076,,
GM0018423,GT0004544,SRA_M0015077,SRB_M0012029,
GM0018424,GT0004544,SRA_M0015078,SRB_M0012030,
GM0018425,GT0004544,SRA_M0015079,,
GM0018426,GT0004545,SRA_M0015080,,SRC_M0007128
GM0018427,GT0004545,SRA_M0015081,SRB_M0012031,
GM0018428,GT0004545,,,SRC_M0007129
GM0018429,GT0004545,SRA_M0015082,SRB_M0012032,SRC_M0007130
GM0018430,GT0004546,SRA_M0015083,SRB_M0012033,SRC_M0007131
GM0018431,GT0004546,SRA_M0015084,SRB_M0012034,SRC_M0007132
GM0018432,GT0004546,SRA_M0015085,SRB_M0012035,SRC_M0007133
GM0018433,GT0004546,SRA_M0015086,SRB_M0012036,SRC_M0007134
GM0018434,GT0004547,SRA_M0015087,SRB_M0012037,
GM0018435,GT0004547,,SRB_M0012038,
GM0018436,GT0004548,SRA_M0015088,SRB_M0012039,
GM0018437,GT0004548,SRA_M0015089,SRB_M0012040,
GM0018438,GT0004548,SRA_M0015090,SRB_M0012041,
GM0018439,GT0004548,SRA_M0015091,SRB_M0012042,
GM0018440,GT0004549,SRA_M0015092,SRB_M0012043,SRC_M0007135
GM0018441,GT0004549,SRA_M0015093,SRB_M0012044,SRC_M0007136
GM0018442,GT0004550,SRA_M0015094,SRB_M0012045,
GM0018443,GT0004550,SRA_M0015095,SRB_M0012046,
GM0018444,GT0004550,SRA_M0015096,SRB_M0012047,
GM0018445,GT0004550,,SRB_M0012048,
GM0018446,GT0004550,SRA_M0015097,SRB_M0012049,
GM0018447,GT0004550,SRA_M0015098,,
GM0018448,GT0004551,SRA_M0015099,,SRC_M0007137
GM0018449,GT0004551,SRA_M0015100,SRB_M0012050,SRC_M0007138
GM0018450,GT0004551,SRA_M0015101,SRB_M0012051,
GM0018451,GT0004551,SRA_M0015102,SRB_M0012052,SRC_M0007139
GM0018452,GT0004551,,SRB_M0012053,SRC_M0007140
GM0018453,GT0004552,,,
GM0018454,GT0004552,,,SRC_M0007141
GM0018455,GT0004553,,,SRC_M0007142
GM0018456,GT0004553,,,SRC_M0007143
GM0018457,GT0004553,,,SRC_M0007144
GM0018458,GT0004553,,,SRC_M0007145
GM0018459,GT0004553,,,SRC_M0007146
GM0018460,GT0004553,,,
GM0018461,GT0004554,SRA_M0015103,SRB_M0012054,SRC_M0007147
GM0018462,GT0004554,SRA_M0015104,SRB_M0012055,SRC_M0007148
GM0018463,GT0004554,SRA_M0015105,SRB_M0012056,
GM0018464,GT0004555,SRA_M0015106,SRB_M0012058,
GM0018465,GT0004555,,SRB_M0012059,
GM0018466,GT0004555,SRA_M0015107,SRB_M0012060,
GM0018467,GT0004555,SRA_M0015108,SRB_M0012061,
GM0018468,GT0004555,,SRB_M0012062,
GM0018469,GT0004555,SRA_M0015109,SRB_M0012063,
GM0018470,GT0004556,SRA_M0015110,,SRC_M0007149
GM0018471,GT0004556,SRA_M0015111,,
GM0018472,GT0004556,SRA_M0015112,,
GM0018473,GT0004556,SRA_M0015113,,
GM0018474,GT0004556,,,SRC_M0007150
GM0018475,GT0004557,SRA_M0015114,SRB_M0012064,
GM0018476,GT0004557,SRA_M0015115,SRB_M0012065,SRC_M0007151
GM0018477,GT0004557,SRA_M0015116,,SRC_M0007152
GM0018478,GT0004557,SRA_M0015117,SRB_M0012066,SRC_M0007153
GM0018479,GT0004558,SRA_M0015118,SRB_M0012067,
GM0018480,GT0004558,SRA_M0015119,SRB_M0012068,SRC_M0007154
GM0018481,GT0004558,SRA_M0015120,SRB_M0012069,SRC_M0007155
GM0018482,GT0004558,SRA_M0015121,SRB_M0012070,SRC_M0007156
GM0018483,GT0004558,SRA_M0015122,SRB_M0012071,SRC_M0007157
GM0018484,GT0004559,SRA_M0015124,SRB_M0012072,SRC_M0007158
GM0018485,GT0004559,,SRB_M0012073,SRC_M0007159
GM0018486,GT0004559,SRA_M0015125,SRB_M0012074,SRC_M0007160
GM0018487,GT0004560,SRA_M0015126,SRB_M0012075,SRC_M0007161
GM0018488,GT0004560,SRA_M0015127,SRB_M0012076,SRC_M0007162
GM0018489,GT0004561,SRA_M0015128,,
GM0018490,GT0004561,SRA_M0015129,,
GM0018491,GT0004561,SRA_M0015130,,
GM0018492,GT0004561,SRA_M0015131,,
GM0018493,GT0004562,SRA_M0015132,SRB_M0012077,SRC_M0007163
GM0018494,GT0004562,SRA_M0015133,SRB_M0012078,SRC_M0007164
GM0018495,GT0004563,,SRB_M0012079,
GM0018496,GT0004563,SRA_M0015134,SRB_M0012080,
GM0018497,GT0004563,SRA_M0015135,SRB_M0012081,
GM0018498,GT0004563,SRA_M0015136,SRB_M0012082,
GM0018499,GT0004563,SRA_M0015137,SRB_M0012083,
GM0018500,GT0004564,,,SRC_M0007165
GM0018501,GT0004564,,,SRC_M0007166
GM0018502,GT0004565,,SRB_M0012084,
GM0018503,GT0004565,,SRB_M0012085,SRC_M0007167
GM0018504,GT0004565,,,
GM0018505,GT0004565,,SRB_M0012086,
GM0018506,GT0004566,SRA_M0015138,SRB_M0012087,
GM0018507,GT0004566,SRA_M0015139,SRB_M0012088,SRC_M0007168
GM0018508,GT0004566,SRA_M0015140,SRB_M0012089,SRC_M0007169
GM0018509,GT0004566,SRA_M0015141,SRB_M0012090,SRC_M0007170
GM0018510,GT0004566,SRA_M0015142,SRB_M0012091,SRC_M0007171
GM0018511,GT0004567,SRA_M0015143,,
GM0018512,GT0004567,SRA_M0015144,,
GM0018513,GT0004567,SRA_M0015145,,
GM0018514,GT0004568,,SRB_M0012092,
GM0018515,GT0004568,SRA_M0015146,SRB_M0012093,
GM0018516,GT0004569,SRA_M0015147,SRB_M0012094,
GM0018517,GT0004569,SRA_M0015148,,
GM0018518,GT0004569,SRA_M0015149,SRB_M0012095,
GM0018519,GT0004569,,,
GM0018520,GT0004569,SRA_M0015150,SRB_M0012096,
GM0018521,GT0004569,SRA_M0015151,SRB_M0012097,
GM0018522,GT0004570,SRA_M0015152,SRB_M0012098,
GM0018523,GT0004570,SRA_M0015153,SRB_M0012099,SRC_M0007172
GM0018524,GT0004570,SRA_M0015154,SRB_M0012100,SRC_M0007173
GM0018525,GT0004570,,,SRC_M0007174
GM0018526,GT0004571,,SRB_M0012101,SRC_M0007175
GM0018527,GT0004571,SRA_M0015155,SRB_M0012102,SRC_M0007176
GM0018528,GT0004572,SRA_M0015156,SRB_M0012103,SRC_M0007177
GM0018529,GT0004572,SRA_M0015157,SRB_M0012104,
GM0018530,GT0004572,SRA_M0015158,SRB_M0012105,
GM0018531,GT0004572,SRA_M0015159,SRB_M0012106,SRC_M0007178
GM0018532,GT0004572,SRA_M0015160,SRB_M0012107,SRC_M0007179
GM0018533,GT0004572,SRA_M0015161,SRB_M0012108,
GM0018534,GT0004573,SRA_M0015162,SRB_M0012109,SRC_M0007180
GM0018535,GT0004573,SRA_M0015163,SRB_M0012110,
GM0018536,GT0004573,SRA_M0015164,SRB_M0012111,SRC_M0007181
GM0018537,GT0004573,SRA_M0015165,SRB_M0012112,SRC_M0007182
GM0018538,GT0004573,SRA_M0015166,SRB_M0012113,SRC_M0007183
GM0018539,GT0004573,,SRB_M0012114,SRC_M0007184
GM0018540,GT0004574,SRA_M0015167,SRB_M0012115,SRC_M0007185
GM0018541,GT0004574,SRA_M0015168,,SRC_M0007186
GM0018542,GT0004574,SRA_M0015169,,SRC_M0007187
GM0018543,GT0004574,SRA_M0015170,SRB_M0012116,SRC_M0007188
GM0018544,GT0004574,SRA_M0015171,,SRC_M0007189
GM0018545,GT0004575,SRA_M0015172,SRB_M0012117,SRC_M0007190
GM0018546,GT0004575,SRA_M0015173,SRB_M0012118,
GM0018547,GT0004575,,,
GM0018548,GT0004576,SRA_M0015174,,
GM0018549,GT0004576,SRA_M0015175,,
GM0018550,GT0004576,SRA_M0015176,,
GM0018551,GT0004577,SRA_M0015177,SRB_M0012119,SRC_M0007191
GM0018552,GT0004577,,SRB_M0012120,
GM0018553,GT0004578,,SRB_M0012121,SRC_M0007192
GM0018554,GT0004578,SRA_M0015178,,SRC_M0007193
GM0018555,GT0004578,,,SRC_M0007194
GM0018556,GT0004579,SRA_M0015179,SRB_M0012122,
GM0018557,GT0004579,SRA_M0015180,SRB_M0012123,
GM0018558,GT0004579,,SRB_M0012124,
GM0018559,GT0004579,SRA_M0015181,SRB_M0012125,
GM0018560,GT0004579,SRA_M0015182,SRB_M0012126,
GM0018561,GT0004580,SRA_M0015183,SRB_M0012127,SRC_M0007195
GM0018562,GT0004580,SRA_M0015184,SRB_M0012128,
GM0018563,GT0004581,SRA_M0015185,SRB_M0012129,SRC_M0007196
GM0018564,GT0004581,SRA_M0015186,SRB_M0012130,SRC_M0007197
GM0018565,GT0004582,SRA_M0015187,SRB_M0012131,
GM0018566,GT0004582,SRA_M0015188,SRB_M0012132,
GM0018567,GT0004582,SRA_M0015189,SRB_M0012133,
GM0018568,GT0004582,SRA_M0015190,SRB_M0012134,
GM0018569,GT0004582,SRA_M0015191,SRB_M0012135,
GM0018570,GT0004582,SRA_M0015192,SRB_M0012136,
GM0018571,GT0004583,SRA_M0015193,,SRC_M0007198
GM0018572,GT0004583,SRA_M0015194,,
GM0018573,GT0004583,SRA_M0015195,,SRC_M0007199
GM0018574,GT0004583,SRA_M0015196,,SRC_M0007200
GM0018575,GT0004583,SRA_M0015197,,SRC_M0007201
GM0018576,GT0004584,SRA_M0015198,SRB_M0012137,SRC_M0007202
GM0018577,GT0004584,SRA_M0015199,SRB_M0012138,SRC_M0007203
GM0018578,GT0004584,SRA_M0015200,SRB_M0012139,SRC_M0007204
GM0018579,GT0004585,SRA_M0015202,,
GM0018580,GT0004585,SRA_M0015203,,
GM0018581,GT0004586,SRA_M0015204,,SRC_M0007205
GM0018582,GT0004586,SRA_M0015205,,SRC_M0007206
GM0018583,GT0004586,SRA_M0015206,,SRC_M0007207
GM0018584,GT0004586,SRA_M0015207,,SRC_M0007208
GM0018585,GT0004586,SRA_M0015208,,SRC_M0007209
GM0018586,GT0004587,SRA_M0015209,SRB_M0012140,SRC_M0007210
GM0018587,GT0004587,,SRB_M0012141,SRC_M0007211
GM0018588,GT0004587,SRA_M0015210,SRB_M0012142,SRC_M0007212
GM0018589,GT0004587,SRA_M0015211,SRB_M0012143,SRC_M0007213
GM0018590,GT0004587,SRA_M0015212,,SRC_M0007214
GM0018591,GT0004587,SRA_M0015213,SRB_M0012144,
GM0018592,GT0004588,SRA_M0015214,SRB_M0012145,
GM0018593,GT0004588,SRA_M0015215,SRB_M0012146,
GM0018594,GT0004588,SRA_M0015216,SRB_M0012147,
GM0018595,GT0004588,,SRB_M0012148,
GM0018596,GT0004589,SRA_M0015217,SRB_M0012149,
GM0018597,GT0004589,,SRB_M0012150,
GM0018598,GT0004589,SRA_M0015218,SRB_M0012151,
GM0018599,GT0004590,SRA_M0015219,SRB_M0012152,
GM0018600,GT0004590,SRA_M0015220,SRB_M0012153,SRC_M0007215
GM0018601,GT0004590,SRA_M0015221,,SRC_M0007216
GM0018602,GT0004591,SRA_M0015222,SRB_M0012154,
GM0018603,GT0004591,,SRB_M0012155,
GM0018604,GT0004591,SRA_M0015223,SRB_M0012156,
GM0018605,GT0004591,SRA_M0015224,,
GM0018606,GT0004592,,SRB_M0012157,
GM0018607,GT0004592,,,SRC_M0007217
GM0018608,GT0004592,,SRB_M0012158,
GM0018609,GT0004592,,SRB_M0012159,SRC_M0007218
GM0018610,GT0004593,SRA_M0015225,,
GM0018611,GT0004593,SRA_M0015226,SRB_M0012160,
GM0018612,GT0004593,SRA_M0015227,SRB_M0012161,
GM0018613,GT0004593,SRA_M0015228,,
GM0018614,GT0004593,SRA_M0015229,SRB_M0012162,
GM0018615,GT0004594,SRA_M0015230,SRB_M0012163,SRC_M0007219
GM0018616,GT0004594,SRA_M0015231,SRB_M0012164,SRC_M0007220
GM0018617,GT0004594,SRA_M0015232,SRB_M0012165,SRC_M0007221
GM0018618,GT0004594,SRA_M0015233,SRB_M0012166,SRC_M0007222
GM0018619,GT0004594,SRA_M0015234,SRB_M0012167,
GM0018620,GT0004594,SRA_M0015235,SRB_M0012168,SRC_M0007223
GM0018621,GT0004595,SRA_M0015236,SRB_M0012169,
GM0018622,GT0004595,SRA_M0015237,,
GM0018623,GT0004595,SRA_M0015238,SRB_M0012170,
GM0018624,GT0004595,,SRB_M0012171,
GM0018625,GT0004596,,SRB_M0012172,
GM0018626,GT0004596,SRA_M0015239,,
GM0018627,GT0004597,SRA_M0015240,,
GM0018628,GT0004597,SRA_M0015241,,
GM0018629,GT0004598,SRA_M0015242,SRB_M0012174,SRC_M0007224
GM0018630,GT0004598,SRA_M0015243,SRB_M0012175,SRC_M0007225
GM0018631,GT0004598,SRA_M0015244,,SRC_M0007226
GM0018632,GT0004599,,,
GM0018633,GT0004599,SRA_M0015245,,
GM0018634,GT0004599,SRA_M0015246,,
GM0018635,GT0004599,SRA_M0015247,,
GM0018636,GT0004600,,,SRC_M0007227
GM0018637,GT0004600,SRA_M0015248,,SRC_M0007228
GM0018638,GT0004600,SRA_M0015249,,
GM0018639,GT0004600,,,SRC_M0007229
GM0018640,GT0004600,SRA_M0015250,,SRC_M0007230
GM0018641,GT0004601,,SRB_M0012177,
GM0018642,GT0004601,,SRB_M0012178,
GM0018643,GT0004601,,SRB_M0012179,
GM0018644,GT0004602,SRA_M0015251,,
GM0018645,GT0004602,SRA_M0015252,,SRC_M0007231
GM0018646,GT0004602,SRA_M0015253,,SRC_M0007232
GM0018647,GT0004602,SRA_M0015254,,SRC_M0007233
GM0018648,GT0004602,SRA_M0015255,,SRC_M0007234
GM0018649,GT0004602,SRA_M0015256,,
GM0018650,GT0004603,SRA_M0015257,SRB_M0012180,
GM0018651,GT0004603,SRA_M0015258,,
GM0018652,GT0004603,SRA_M0015259,SRB_M0012181,SRC_M0007235
GM0018653,GT0004603,SRA_M0015260,SRB_M0012182,SRC_M0007236
GM0018654,GT0004603,SRA_M0015261,SRB_M0012183,
GM0018655,GT0004603,,SRB_M0012184,SRC_M0007237
GM0018656,GT0004604,SRA_M0015262,,SRC_M0007238
GM0018657,GT0004604,SRA_M0015263,,SRC_M0007239
GM0018658,GT0004604,SRA_M0015264,,
GM0018659,GT0004604,SRA_M0015265,,
GM0018660,GT0004604,SRA_M0015266,,SRC_M0007240
GM0018661,GT0004605,SRA_M0015267,SRB_M0012186,
GM0018662,GT0004605,SRA_M0015268,,
GM0018663,GT0004606,SRA_M0015270,SRB_M0012187,SRC_M0007241
GM0018664,GT0004606,,SRB_M0012188,
GM0018665,GT0004606,SRA_M0015271,SRB_M0012189,
GM0018666,GT0004606,SRA_M0015272,,SRC_M0007242
GM0018667,GT0004606,SRA_M0015273,,SRC_M0007243
GM0018668,GT0004607,SRA_M0015274,SRB_M0012190,
GM0018669,GT0004607,SRA_M0015275,SRB_M0012191,
GM0018670,GT0004607,SRA_M0015276,,
GM0018671,GT0004607,SRA_M0015277,,
GM0018672,GT0004607,SRA_M0015278,SRB_M0012192,
GM0018673,GT0004608,SRA_M0015279,SRB_M0012193,
GM0018674,GT0004608,SRA_M0015280,SRB_M0012194,
GM0018675,GT0004609,SRA_M0015281,SRB_M0012196,
GM0018676,GT0004609,,SRB_M0012197,
GM0018677,GT0004609,SRA_M0015282,SRB_M0012198,
GM0018678,GT0004609,,SRB_M0012199,
GM0018679,GT0004609,,SRB_M0012200,
GM0018680,GT0004610,SRA_M0015283,,
GM0018681,GT0004610,SRA_M0015284,SRB_M0012201,
GM0018682,GT0004610,SRA_M0015285,SRB_M0012202,
GM0018683,GT0004610,SRA_M0015286,SRB_M0012203,
GM0018684,GT0004611,SRA_M0015287,SRB_M0012204,SRC_M0007244
GM0018685,GT0004611,SRA_M0015288,SRB_M0012205,SRC_M0007245
GM0018686,GT0004611,SRA_M0015289,SRB_M0012206,
GM0018687,GT0004611,SRA_M0015290,SRB_M0012207,SRC_M0007246
GM0018688,GT0004611,SRA_M0015291,,
GM0018689,GT0004611,,SRB_M0012208,
GM0018690,GT0004612,SRA_M0015292,SRB_M0012209,
GM0018691,GT0004612,,SRB_M0012210,SRC_M0007247
GM0018692,GT0004612,SRA_M0015293,,SRC_M0007248
GM0018693,GT0004613,SRA_M0015294,SRB_M0012211,SRC_M0007249
GM0018694,GT0004613,SRA_M0015295,,SRC_M0007250
GM0018695,GT0004613,SRA_M0015296,,SRC_M0007251
GM0018696,GT0004613,,,SRC_M0007252
GM0018697,GT0004613,SRA_M0015297,,SRC_M0007253
GM0018698,GT0004613,,SRB_M0012212,SRC_M0007254
GM0018699,GT0004614,SRA_M0015298,SRB_M0012213,
GM0018700,GT0004614,SRA_M0015299,SRB_M0012214,
GM0018701,GT0004614,SRA_M0015300,SRB_M0012215,
GM0018702,GT0004615,SRA_M0015301,SRB_M0012216,
GM0018703,GT0004615,,SRB_M0012217,
GM0018704,GT0004616,,SRB_M0012218,SRC_M0007255
GM0018705,GT0004616,SRA_M0015302,SRB_M0012219,SRC_M0007256
GM0018706,GT0004617,SRA_M0015303,SRB_M0012220,SRC_M0007257
GM0018707,GT0004617,SRA_M0015304,SRB_M0012221,SRC_M0007258
GM0018708,GT0004618,SRA_M0015305,,
GM0018709,GT0004618,SRA_M0015306,SRB_M0012222,SRC_M0007259
GM0018710,GT0004618,SRA_M0015307,SRB_M0012223,SRC_M0007260
GM0018711,GT0004618,SRA_M0015308,SRB_M0012224,
GM0018712,GT0004619,SRA_M0015309,,
GM0018713,GT0004619,SRA_M0015310,,
GM0018714,GT0004619,SRA_M0015311,,
GM0018715,GT0004619,SRA_M0015312,,
GM0018716,GT0004620,SRA_M0015313,,
GM0018717,GT0004620,SRA_M0015314,,
GM0018718,GT0004621,SRA_M0015315,SRB_M0012225,
GM0018719,GT0004621,SRA_M0015316,SRB_M0012226,
GM0018720,GT0004621,SRA_M0015317,SRB_M0012227,
GM0018721,GT0004622,SRA_M0015318,SRB_M0012228,
GM0018722,GT0004622,SRA_M0015319,,
GM0018723,GT0004622,SRA_M0015320,SRB_M0012229,
GM0018724,GT0004622,SRA_M0015321,SRB_M0012230,
GM0018725,GT0004622,SRA_M0015322,,
GM0018726,GT0004623,SRA_M0015323,,
GM0018727,GT0004623,SRA_M0015324,SRB_M0012231,
GM0018728,GT0004623,SRA_M0015325,SRB_M0012232,
GM0018729,GT0004623,SRA_M0015326,,
GM0018730,GT0004623,SRA_M0015327,SRB_M0012233,
GM0018731,GT0004624,SRA_M0015329,SRB_M0012234,
GM0018732,GT0004624,SRA_M0015330,SRB_M0012235,
GM0018733,GT0004624,SRA_M0015331,SRB_M0012236,
GM0018734,GT0004625,SRA_M0015332,SRB_M0012237,
GM0018735,GT0004625,SRA_M0015333,SRB_M0012238,
GM0018736,GT0004626,SRA_M0015334,,SRC_M0007261
GM0018737,GT0004626,SRA_M0015335,,SRC_M0007262
GM0018738,GT0004626,,,SRC_M0007263
GM0018739,GT0004626,,,SRC_M0007264
GM0018740,GT0004626,SRA_M0015336,,SRC_M0007265
GM0018741,GT0004626,SRA_M0015337,,
GM0018742,GT0004627,SRA_M0015338,,
GM0018743,GT0004627,,SRB_M0012240,
GM0018744,GT0004628,,SRB_M0012241,SRC_M0007266
GM0018745,GT0004628,,SRB_M0012242,SRC_M0007267
GM0018746,GT0004628,,,
GM0018747,GT0004628,,SRB_M0012243,SRC_M0007268
GM0018748,GT0004628,,SRB_M0012244,SRC_M0007269
GM0018749,GT0004628,,SRB_M0012245,
GM0018750,GT0004629,,SRB_M0012246,SRC_M0007270
GM0018751,GT0004629,SRA_M0015339,SRB_M0012247,SRC_M0007271
GM0018752,GT0004629,SRA_M0015340,,SRC_M0007272
GM0018753,GT0004629,SRA_M0015341,,
GM0018754,GT0004629,SRA_M0015342,,SRC_M0007273
GM0018755,GT0004629,SRA_M0015343,SRB_M0012248,SRC_M0007274
GM0018756,GT0004630,,SRB_M0012249,SRC_M0007275
GM0018757,GT0004630,,SRB_M0012250,
GM0018758,GT0004630,,SRB_M0012251,SRC_M0007276
GM0018759,GT0004630,,SRB_M0012252,SRC_M0007277
GM0018760,GT0004630,,SRB_M0012253,SRC_M0007278
GM0018761,GT0004630,,SRB_M0012254,SRC_M0007279
GM0018762,GT0004631,,SRB_M0012255,SRC_M0007280
GM0018763,GT0004631,,,SRC_M0007281
GM0018764,GT0004631,,SRB_M0012256,SRC_M0007282
GM0018765,GT0004631,,SRB_M0012257,SRC_M0007283
GM0018766,GT0004632,SRA_M0015344,,
GM0018767,GT0004632,SRA_M0015345,,
GM0018768,GT0004632,SRA_M0015346,,
GM0018769,GT0004632,SRA_M0015347,,
GM0018770,GT0004632,SRA_M0015348,,
GM0018771,GT0004632,SRA_M0015349,,
GM0018772,GT0004633,SRA_M0015350,,
GM0018773,GT0004633,SRA_M0015351,,
GM0018774,GT0004633,SRA_M0015352,,
GM0018775,GT0004633,SRA_M0015353,,
GM0018776,GT0004634,,SRB_M0012258,SRC_M0007284
GM0018777,GT0004634,,SRB_M0012259,SRC_M0007285
GM0018778,GT0004634,,SRB_M0012260,SRC_M0007286
GM0018779,GT0004634,,SRB_M0012261,SRC_M0007287
GM0018780,GT0004634,,SRB_M0012262,
GM0018781,GT0004634,,SRB_M0012263,SRC_M0007288
GM0018782,GT0004635,SRA_M0015354,SRB_M0012264,
GM0018783,GT0004635,,SRB_M0012265,
GM0018784,GT0004635,,SRB_M0012266,
GM0018785,GT0004635,SRA_M0015355,,
GM0018786,GT0004635,SRA_M0015356,SRB_M0012267,
GM0018787,GT0004636,,,
GM0018788,GT0004636,SRA_M0015357,,
GM0018789,GT0004637,SRA_M0015358,,SRC_M0007289
GM0018790,GT0004637,SRA_M0015359,,SRC_M0007290
GM0018791,GT0004637,SRA_M0015360,,SRC_M0007291
GM0018792,GT0004638,SRA_M0015361,,SRC_M0007292
GM0018793,GT0004638,SRA_M0015362,,SRC_M0007293
GM0018794,GT0004638,SRA_M0015363,,
GM0018795,GT0004638,SRA_M0015364,,SRC_M0007294
GM0018796,GT0004638,,,SRC_M0007295
GM0018797,GT0004639,SRA_M0015365,SRB_M0012269,
GM0018798,GT0004639,SRA_M0015366,SRB_M0012270,
GM0018799,GT0004639,SRA_M0015367,,
GM0018800,GT0004639,SRA_M0015368,,
GM0018801,GT0004639,SRA_M0015369,SRB_M0012271,
GM0018802,GT0004639,SRA_M0015370,SRB_M0012272,
GM0018803,GT0004640,SRA_M0015371,SRB_M0012273,
GM0018804,GT0004640,SRA_M0015372,SRB_M0012274,
GM0018805,GT0004641,SRA_M0015373,,SRC_M0007297
GM0018806,GT0004641,,,
GM0018807,GT0004641,SRA_M0015374,,
GM0018808,GT0004641,SRA_M0015375,,
GM0018809,GT0004641,SRA_M0015376,,
GM0018810,GT0004642,SRA_M0015377,,
GM0018811,GT0004642,SRA_M0015378,SRB_M0012276,
GM0018812,GT0004642,SRA_M0015379,,
GM0018813,GT0004642,SRA_M0015380,SRB_M0012277,
GM0018814,GT0004643,SRA_M0015381,SRB_M0012278,
GM0018815,GT0004643,SRA_M0015382,SRB_M0012279,
GM0018816,GT0004643,SRA_M0015383,SRB_M0012280,
GM0018817,GT0004644,SRA_M0015384,SRB_M0012281,SRC_M0007298
GM0018818,GT0004644,SRA_M0015385,SRB_M0012282,SRC_M0007299
GM0018819,GT0004644,SRA_M0015386,SRB_M0012283,
GM0018820,GT0004644,SRA_M0015387,SRB_M0012284,SRC_M0007300
GM0018821,GT0004644,SRA_M0015388,SRB_M0012285,
GM0018822,GT0004644,SRA_M0015389,SRB_M0012286,SRC_M0007301
GM0018823,GT0004645,SRA_M0015390,,SRC_M0007302
GM0018824,GT0004645,SRA_M0015391,SRB_M0012288,SRC_M0007303
GM0018825,GT0004645,SRA_M0015392,SRB_M0012289,
GM0018826,GT0004645,SRA_M0015393,SRB_M0012290,SRC_M0007304
GM0018827,GT0004645,SRA_M0015394,,
GM0018828,GT0004645,SRA_M0015395,SRB_M0012291,SRC_M0007305
GM0018829,GT0004646,SRA_M0015396,SRB_M0012292,SRC_M0007306
GM0018830,GT0004646,SRA_M0015397,,
GM0018831,GT0004646,,SRB_M0012293,
GM0018832,GT0004647,SRA_M0015398,,
GM0018833,GT0004647,SRA_M0015399,SRB_M0012294,
GM0018834,GT0004647,SRA_M0015400,SRB_M0012295,
GM0018835,GT0004647,SRA_M0015401,,
GM0018836,GT0004647,SRA_M0015402,SRB_M0012296,
GM0018837,GT0004647,SRA_M0015403,SRB_M0012297,
GM0018838,GT0004648,SRA_M0015404,SRB_M0012298,
GM0018839,GT0004648,SRA_M0015405,,
GM0018840,GT0004648,,SRB_M0012299,
GM0018841,GT0004648,SRA_M0015406,SRB_M0012300,
GM0018842,GT0004648,SRA_M0015407,SRB_M0012301,
GM0018843,GT0004649,SRA_M0015408,,
GM0018844,GT0004649,,,SRC_M0007307
GM0018845,GT0004650,,SRB_M0012302,
GM0018846,GT0004650,SRA_M0015409,SRB_M0012303,
GM0018847,GT0004651,SRA_M0015411,SRB_M0012304,
GM0018848,GT0004651,SRA_M0015412,,
GM0018849,GT0004651,,SRB_M0012305,
GM0018850,GT0004651,SRA_M0015413,SRB_M0012306,
GM0018851,GT0004652,SRA_M0015414,SRB_M0012307,
GM0018852,GT0004652,SRA_M0015415,SRB_M0012308,
GM0018853,GT0004652,SRA_M0015416,SRB_M0012309,
GM0018854,GT0004652,,SRB_M0012310,
GM0018855,GT0004652,,SRB_M0012311,
GM0018856,GT0004653,SRA_M0015417,SRB_M0012312,
GM0018857,GT0004653,SRA_M0015418,SRB_M0012313,
GM0018858,GT0004653,SRA_M0015419,SRB_M0012314,
GM0018859,GT0004654,SRA_M0015420,,
GM0018860,GT0004654,SRA_M0015421,SRB_M0012315,
GM0018861,GT0004654,,,
GM0018862,GT0004655,SRA_M0015422,,
GM0018863,GT0004655,SRA_M0015423,,
GM0018864,GT0004655,SRA_M0015424,,
GM0018865,GT0004655,SRA_M0015425,,
GM0018866,GT0004655,SRA_M0015426,,
GM0018867,GT0004655,SRA_M0015427,,
GM0018868,GT0004656,,SRB_M0012316,
GM0018869,GT0004656,,,SRC_M0007308
GM0018870,GT0004657,SRA_M0015428,,
GM0018871,GT0004657,,SRB_M0012317,SRC_M0007309
GM0018872,GT0004657,SRA_M0015429,SRB_M0012318,
GM0018873,GT0004658,SRA_M0015430,SRB_M0012319,
GM0018874,GT0004658,SRA_M0015431,SRB_M0012320,
GM0018875,GT0004659,SRA_M0015432,SRB_M0012322,
GM0018876,GT0004659,SRA_M0015433,SRB_M0012323,SRC_M0007310
GM0018877,GT0004659,SRA_M0015434,SRB_M0012324,
GM0018878,GT0004660,SRA_M0015435,SRB_M0012325,
GM0018879,GT0004660,SRA_M0015436,,
GM0018880,GT0004660,SRA_M0015437,SRB_M0012326,
GM0018881,GT0004660,SRA_M0015438,,
GM0018882,GT0004660,SRA_M0015439,SRB_M0012327,
GM0018883,GT0004661,SRA_M0015440,SRB_M0012328,SRC_M0007311
GM0018884,GT0004661,SRA_M0015441,SRB_M0012329,SRC_M0007312
GM0018885,GT0004661,SRA_M0015442,SRB_M0012330,SRC_M0007313
GM0018886,GT0004661,SRA_M0015443,,SRC_M0007314
GM0018887,GT0004661,SRA_M0015444,SRB_M0012331,SRC_M0007315
GM0018888,GT0004662,SRA_M0015445,SRB_M0012332,
GM0018889,GT0004662,SRA_M0015446,SRB_M0012333,SRC_M0007316
GM0018890,GT0004662,SRA_M0015447,,SRC_M0007317
GM0018891,GT0004662,SRA_M0015448,SRB_M0012334,SRC_M0007318
GM0018892,GT0004662,SRA_M0015449,SRB_M0012335,SRC_M0007319
GM0018893,GT0004663,SRA_M0015450,SRB_M0012336,SRC_M0007320
GM0018894,GT0004663,SRA_M0015451,SRB_M0012337,SRC_M0007321
GM0018895,GT0004663,SRA_M0015452,SRB_M0012338,SRC_M0007322
GM0018896,GT0004663,SRA_M0015453,SRB_M0012339,
GM0018897,GT0004663,SRA_M0015454,SRB_M0012340,SRC_M0007323
GM0018898,GT0004663,SRA_M0015455,SRB_M0012341,
GM0018899,GT0004664,SRA_M0015456,,SRC_M0007324
GM0018900,GT0004664,SRA_M0015457,SRB_M0012342,
GM0018901,GT0004664,SRA_M0015458,SRB_M0012343,
GM0018902,GT0004664,SRA_M0015459,SRB_M0012344,
GM0018903,GT0004664,SRA_M0015460,SRB_M0012345,SRC_M0007325
GM0018904,GT0004664,SRA_M0015461,SRB_M0012346,SRC_M0007326
GM0018905,GT0004665,SRA_M0015462,,
GM0018906,GT0004665,SRA_M0015463,,
GM0018907,GT0004665,SRA_M0015464,,
GM0018908,GT0004665,SRA_M0015465,,
GM0018909,GT0004666,,,SRC_M0007327
GM0018910,GT0004666,,,
GM0018911,GT0004666,,,SRC_M0007328
GM0018912,GT0004667,,SRB_M0012347,
GM0018913,GT0004667,,SRB_M0012348,
GM0018914,GT0004667,,,
GM0018915,GT0004667,,,
GM0018916,GT0004667,,SRB_M0012349,
GM0018917,GT0004667,,SRB_M0012350,
GM0018918,GT0004668,SRA_M0015466,SRB_M0012351,SRC_M0007329
GM0018919,GT0004668,SRA_M0015467,SRB_M0012352,
GM0018920,GT0004668,SRA_M0015468,SRB_M0012353,SRC_M0007330
GM0018921,GT0004668,SRA_M0015469,SRB_M0012354,SRC_M0007331
GM0018922,GT0004669,SRA_M0015470,,
GM0018923,GT0004669,SRA_M0015471,,
GM0018924,GT0004670,SRA_M0015472,SRB_M0012355,SRC_M0007332
GM0018925,GT0004670,SRA_M0015473,SRB_M0012356,SRC_M0007333
GM0018926,GT0004670,SRA_M0015474,,SRC_M0007334
GM0018927,GT0004671,SRA_M0015475,SRB_M0012357,
GM0018928,GT0004671,SRA_M0015476,SRB_M0012358,
GM0018929,GT0004671,SRA_M0015477,,
GM0018930,GT0004671,SRA_M0015478,SRB_M0012359,
GM0018931,GT0004672,SRA_M0015479,SRB_M0012360,SRC_M0007335
GM0018932,GT0004672,SRA_M0015480,SRB_M0012361,SRC_M0007336
GM0018933,GT0004673,,SRB_M0012362,SRC_M0007337
GM0018934,GT0004673,,SRB_M0012363,SRC_M0007338
GM0018935,GT0004673,SRA_M0015481,SRB_M0012364,SRC_M0007339
GM0018936,GT0004674,SRA_M0015482,,SRC_M0007340
GM0018937,GT0004674,SRA_M0015483,SRB_M0012365,
GM0018938,GT0004674,,SRB_M0012366,SRC_M0007341
GM0018939,GT0004674,SRA_M0015484,,
GM0018940,GT0004674,SRA_M0015485,,SRC_M0007342
GM0018941,GT0004675,SRA_M0015486,,
GM0018942,GT0004675,SRA_M0015487,,
GM0018943,GT0004675,SRA_M0015488,,
GM0018944,GT0004675,SRA_M0015489,,
GM0018945,GT0004676,,SRB_M0012367,
GM0018946,GT0004676,SRA_M0015490,SRB_M0012368,
GM0018947,GT0004676,,SRB_M0012369,
GM0018948,GT0004676,,,
GM0018949,GT0004677,,,
GM0018950,GT0004677,SRA_M0015491,,
GM0018951,GT0004677,SRA_M0015492,,
GM0018952,GT0004677,SRA_M0015493,,
GM0018953,GT0004677,SRA_M0015494,,
GM0018954,GT0004678,,SRB_M0012370,
GM0018955,GT0004678,,SRB_M0012371,SRC_M0007343
GM0018956,GT0004679,,SRB_M0012372,
GM0018957,GT0004679,,SRB_M0012373,SRC_M0007344
GM0018958,GT0004679,,SRB_M0012374,SRC_M0007345
GM0018959,GT0004679,,SRB_M0012375,SRC_M0007346
GM0018960,GT0004680,SRA_M0015495,,SRC_M0007347
GM0018961,GT0004680,SRA_M0015496,,SRC_M0007348
GM0018962,GT0004680,SRA_M0015497,,SRC_M0007349
GM0018963,GT0004681,SRA_M0015498,SRB_M0012376,SRC_M0007350
GM0018964,GT0004681,SRA_M0015499,SRB_M0012377,SRC_M0007351
GM0018965,GT0004681,SRA_M0015500,SRB_M0012378,SRC_M0007352
GM0018966,GT0004681,SRA_M0015501,,
GM0018967,GT0004681,SRA_M0015502,SRB_M0012379,SRC_M0007353
GM0018968,GT0004682,SRA_M0015503,SRB_M0012380,
GM0018969,GT0004682,SRA_M0015504,SRB_M0012381,
GM0018970,GT0004682,,SRB_M0012382,
GM0018971,GT0004682,SRA_M0015505,SRB_M0012383,
GM0018972,GT0004683,,SRB_M0012384,SRC_M0007354
GM0018973,GT0004683,,SRB_M0012385,
GM0018974,GT0004684,SRA_M0015506,SRB_M0012386,
GM0018975,GT0004684,SRA_M0015507,SRB_M0012387,
GM0018976,GT0004684,SRA_M0015508,SRB_M0012388,
GM0018977,GT0004684,SRA_M0015509,SRB_M0012389,
GM0018978,GT0004684,SRA_M0015510,SRB_M0012390,
GM0018979,GT0004684,SRA_M0015511,SRB_M0012391,
GM0018980,GT0004685,SRA_M0015512,,SRC_M0007355
GM0018981,GT0004685,SRA_M0015513,,
GM0018982,GT0004685,SRA_M0015514,,SRC_M0007356
GM0018983,GT0004686,SRA_M0015515,SRB_M0012392,SRC_M0007357
GM0018984,GT0004686,SRA_M0015516,SRB_M0012393,SRC_M0007358
GM0018985,GT0004686,SRA_M0015517,SRB_M0012394,SRC_M0007359
GM0018986,GT0004686,SRA_M0015518,SRB_M0012395,SRC_M0007360
GM0018987,GT0004686,,SRB_M0012396,SRC_M0007361
GM0018988,GT0004687,SRA_M0015520,SRB_M0012397,
GM0018989,GT0004687,SRA_M0015521,SRB_M0012398,
GM0018990,GT0004687,SRA_M0015522,SRB_M0012399,
GM0018991,GT0004687,SRA_M0015523,SRB_M0012400,
GM0018992,GT0004687,SRA_M0015524,SRB_M0012401,
GM0018993,GT0004687,SRA_M0015525,SRB_M0012402,
GM0018994,GT0004688,SRA_M0015526,SRB_M0012403,
GM0018995,GT0004688,SRA_M0015527,SRB_M0012404,
GM0018996,GT0004688,SRA_M0015528,SRB_M0012405,
GM0018997,GT0004689,SRA_M0015529,,SRC_M0007362
GM0018998,GT0004689,SRA_M0015530,,SRC_M0007363
GM0018999,GT0004689,SRA_M0015531,,
GM0019000,GT0004689,SRA_M0015532,,SRC_M0007364
GM0019001,GT0004689,SRA_M0015533,,SRC_M0007365
GM0019002,GT0004689,SRA_M0015534,,SRC_M0007366
GM0019003,GT0004690,SRA_M0015535,SRB_M0012406,SRC_M0007367
GM0019004,GT0004690,SRA_M0015536,SRB_M0012407,SRC_M0007368
GM0019005,GT0004690,SRA_M0015537,,
GM0019006,GT0004690,SRA_M0015538,SRB_M0012408,SRC_M0007369
GM0019007,GT0004690,SRA_M0015539,SRB_M0012409,SRC_M0007370
GM0019008,GT0004690,SRA_M0015540,SRB_M0012410,SRC_M0007371
GM0019009,GT0004691,SRA_M0015541,,
GM0019010,GT0004691,SRA_M0015542,,
GM0019011,GT0004691,SRA_M0015543,,
GM0019012,GT0004691,SRA_M0015544,,
GM0019013,GT0004691,SRA_M0015545,,
GM0019014,GT0004692,SRA_M0015546,SRB_M0012412,
GM0019015,GT0004692,SRA_M0015547,SRB_M0012413,SRC_M0007372
GM0019016,GT0004693,SRA_M0015548,,
GM0019017,GT0004693,SRA_M0015549,,SRC_M0007373
GM0019018,GT0004693,SRA_M0015550,,SRC_M0007374
GM0019019,GT0004693,SRA_M0015551,,
GM0019020,GT0004694,SRA_M0015552,,SRC_M0007376
GM0019021,GT0004694,SRA_M0015553,,SRC_M0007377
GM0019022,GT0004694,SRA_M0015554,,SRC_M0007378
GM0019023,GT0004695,SRA_M0015556,SRB_M0012415,
GM0019024,GT0004695,SRA_M0015557,,
GM0019025,GT0004696,SRA_M0015558,SRB_M0012416,SRC_M0007379
GM0019026,GT0004696,SRA_M0015559,SRB_M0012417,SRC_M0007380
GM0019027,GT0004696,SRA_M0015560,SRB_M0012418,SRC_M0007381
GM0019028,GT0004696,,SRB_M0012419,SRC_M0007382
GM0019029,GT0004697,SRA_M0015561,SRB_M0012420,SRC_M0007383
GM0019030,GT0004697,SRA_M0015562,SRB_M0012421,SRC_M0007384
GM0019031,GT0004697,SRA_M0015563,SRB_M0012422,SRC_M0007385
GM0019032,GT0004697,,,SRC_M0007386
GM0019033,GT0004697,SRA_M0015564,,SRC_M0007387
GM0019034,GT0004698,SRA_M0015565,SRB_M0012423,
GM0019035,GT0004698,SRA_M0015566,SRB_M0012424,
GM0019036,GT0004698,SRA_M0015567,SRB_M0012425,
GM0019037,GT0004698,SRA_M0015568,SRB_M0012426,
GM0019038,GT0004698,SRA_M0015569,,
GM0019039,GT0004698,,SRB_M0012427,
GM0019040,GT0004699,SRA_M0015570,SRB_M0012428,SRC_M0007388
GM0019041,GT0004699,SRA_M0015571,,SRC_M0007389
GM0019042,GT0004699,SRA_M0015572,,SRC_M0007390
GM0019043,GT0004699,SRA_M0015573,SRB_M0012429,SRC_M0007391
GM0019044,GT0004699,,SRB_M0012430,SRC_M0007392
GM0019045,GT0004699,SRA_M0015574,,SRC_M0007393
GM0019046,GT0004700,SRA_M0015575,,
GM0019047,GT0004700,SRA_M0015576,,
GM0019048,GT0004700,,,
GM0019049,GT0004700,SRA_M0015577,,
GM0019050,GT0004700,SRA_M0015578,,
GM0019051,GT0004701,SRA_M0015579,SRB_M0012431,SRC_M0007394
GM0019052,GT0004701,SRA_M0015580,SRB_M0012432,SRC_M0007395
GM0019053,GT0004701,SRA_M0015581,SRB_M0012433,SRC_M0007396
GM0019054,GT0004701,SRA_M0015582,SRB_M0012434,SRC_M0007397
GM0019055,GT0004701,,SRB_M0012435,SRC_M0007398
GM0019056,GT0004701,,SRB_M0012436,SRC_M0007399
GM0019057,GT0004702,SRA_M0015583,SRB_M0012437,
GM0019058,GT0004702,SRA_M0015584,SRB_M0012438,
GM0019059,GT0004702,SRA_M0015585,,
GM0019060,GT0004702,SRA_M0015586,SRB_M0012439,
GM0019061,GT0004702,SRA_M0015587,,
GM0019062,GT0004703,SRA_M0015588,SRB_M0012440,SRC_M0007400
GM0019063,GT0004703,SRA_M0015589,,SRC_M0007401
GM0019064,GT0004703,SRA_M0015590,SRB_M0012441,SRC_M0007402
GM0019065,GT0004703,SRA_M0015591,SRB_M0012442,SRC_M0007403
GM0019066,GT0004704,SRA_M0015592,,
GM0019067,GT0004704,SRA_M0015593,SRB_M0012443,
GM0019068,GT0004704,SRA_M0015594,SRB_M0012444,
GM0019069,GT0004704,SRA_M0015595,,
GM0019070,GT0004704,SRA_M0015596,SRB_M0012445,
GM0019071,GT0004704,SRA_M0015597,SRB_M0012446,
GM0019072,GT0004705,,,
GM0019073,GT0004705,SRA_M0015598,,
GM0019074,GT0004705,SRA_M0015599,,
GM0019075,GT0004705,,,
GM0019076,GT0004705,SRA_M0015600,,
GM0019077,GT0004706,SRA_M0015601,,
GM0019078,GT0004706,SRA_M0015602,,
GM0019079,GT0004706,SRA_M0015603,SRB_M0012447,
GM0019080,GT0004706,SRA_M0015604,,
GM0019081,GT0004706,SRA_M0015605,SRB_M0012448,
GM0019082,GT0004707,SRA_M0015606,SRB_M0012449,SRC_M0007404
GM0019083,GT0004707,SRA_M0015607,SRB_M0012450,SRC_M0007405
GM0019084,GT0004707,SRA_M0015608,SRB_M0012451,SRC_M0007406
GM0019085,GT0004707,SRA_M0015609,,SRC_M0007407
GM0019086,GT0004707,SRA_M0015610,,SRC_M0007408
GM0019087,GT0004708,SRA_M0015611,SRB_M0012452,
GM0019088,GT0004708,SRA_M0015612,SRB_M0012453,
GM0019089,GT0004708,SRA_M0015613,SRB_M0012454,
GM0019090,GT0004708,SRA_M0015614,SRB_M0012455,
GM0019091,GT0004709,SRA_M0015615,SRB_M0012456,SRC_M0007409
GM0019092,GT0004709,SRA_M0015616,SRB_M0012457,SRC_M0007410
GM0019093,GT0004709,SRA_M0015617,SRB_M0012458,SRC_M0007411
GM0019094,GT0004709,SRA_M0015618,SRB_M0012459,SRC_M0007412
GM0019095,GT0004709,SRA_M0015619,SRB_M0012460,SRC_M0007413
GM0019096,GT0004709,SRA_M0015620,,SRC_M0007414
GM0019097,GT0004710,SRA_M0015621,SRB_M0012461,
GM0019098,GT0004710,SRA_M0015622,SRB_M0012462,
GM0019099,GT0004711,SRA_M0015623,SRB_M0012463,
GM0019100,GT0004711,SRA_M0015624,SRB_M0012464,
GM0019101,GT0004711,SRA_M0015625,,
GM0019102,GT0004712,SRA_M0015627,SRB_M0012465,
GM0019103,GT0004712,,,
GM0019104,GT0004712,SRA_M0015628,SRB_M0012466,
GM0019105,GT0004712,SRA_M0015629,SRB_M0012467,
GM0019106,GT0004713,,SRB_M0012468,SRC_M0007415
GM0019107,GT0004713,,SRB_M0012469,SRC_M0007416
GM0019108,GT0004713,,SRB_M0012470,
GM0019109,GT0004713,,,SRC_M0007417
GM0019110,GT0004713,,SRB_M0012471,SRC_M0007418
GM0019111,GT0004714,SRA_M0015630,,
GM0019112,GT0004714,SRA_M0015631,,
GM0019113,GT0004715,SRA_M0015632,,
GM0019114,GT0004715,SRA_M0015633,SRB_M0012472,
GM0019115,GT0004715,SRA_M0015634,SRB_M0012473,
GM0019116,GT0004715,SRA_M0015635,SRB_M0012474,
GM0019117,GT0004715,SRA_M0015636,SRB_M0012475,
GM0019118,GT0004716,SRA_M0015637,SRB_M0012476,
GM0019119,GT0004716,SRA_M0015638,SRB_M0012477,
GM0019120,GT0004716,SRA_M0015639,SRB_M0012478,
GM0019121,GT0004716,SRA_M0015640,SRB_M0012479,
GM0019122,GT0004716,,SRB_M0012480,
GM0019123,GT0004716,,SRB_M0012481,
GM0019124,GT0004717,SRA_M0015641,SRB_M0012482,
GM0019125,GT0004717,SRA_M0015642,SRB_M0012483,
GM0019126,GT0004717,SRA_M0015643,SRB_M0012484,
GM0019127,GT0004717,SRA_M0015644,SRB_M0012485,
GM0019128,GT0004718,,SRB_M0012486,
GM0019129,GT0004718,,SRB_M0012487,
GM0019130,GT0004718,,SRB_M0012488,SRC_M0007419
GM0019131,GT0004718,,SRB_M0012489,
GM0019132,GT0004719,,,SRC_M0007420
GM0019133,GT0004719,,,SRC_M0007421
GM0019134,GT0004719,SRA_M0015645,,SRC_M0007422
GM0019135,GT0004719,SRA_M0015646,,SRC_M0007423
GM0019136,GT0004719,SRA_M0015647,,SRC_M0007424
GM0019137,GT0004720,SRA_M0015649,SRB_M0012490,
GM0019138,GT0004720,SRA_M0015650,,
GM0019139,GT0004720,SRA_M0015651,SRB_M0012491,
GM0019140,GT0004720,SRA_M0015652,SRB_M0012492,
GM0019141,GT0004720,SRA_M0015653,,
GM0019142,GT0004720,SRA_M0015654,SRB_M0012493,
GM0019143,GT0004721,SRA_M0015655,,
GM0019144,GT0004721,SRA_M0015656,,
GM0019145,GT0004721,SRA_M0015657,,
GM0019146,GT0004721,SRA_M0015658,,
GM0019147,GT0004721,SRA_M0015659,,
GM0019148,GT0004722,SRA_M0015660,SRB_M0012494,
GM0019149,GT0004722,SRA_M0015661,SRB_M0012495,
GM0019150,GT0004722,SRA_M0015662,SRB_M0012496,
GM0019151,GT0004722,SRA_M0015663,SRB_M0012497,
GM0019152,GT0004722,SRA_M0015664,SRB_M0012498,
GM0019153,GT0004722,SRA_M0015665,SRB_M0012499,
GM0019154,GT0004723,SRA_M0015666,SRB_M0012500,SRC_M0007425
GM0019155,GT0004723,SRA_M0015667,SRB_M0012501,
GM0019156,GT0004723,SRA_M0015668,SRB_M0012502,SRC_M0007426
GM0019157,GT0004723,SRA_M0015669,SRB_M0012503,SRC_M0007427
GM0019158,GT0004723,SRA_M0015670,SRB_M0012504,SRC_M0007428
GM0019159,GT0004723,,,SRC_M0007429
GM0019160,GT0004724,SRA_M0015671,SRB_M0012506,
GM0019161,GT0004724,SRA_M0015672,SRB_M0012507,
GM0019162,GT0004724,SRA_M0015673,SRB_M0012508,
GM0019163,GT0004724,SRA_M0015674,SRB_M0012509,
GM0019164,GT0004724,,SRB_M0012510,
GM0019165,GT0004725,SRA_M0015675,SRB_M0012512,SRC_M0007430
GM0019166,GT0004725,SRA_M0015676,SRB_M0012513,SRC_M0007431
GM0019167,GT0004725,,,SRC_M0007432
GM0019168,GT0004725,SRA_M0015677,,SRC_M0007433
GM0019169,GT0004726,SRA_M0015678,SRB_M0012514,SRC_M0007434
GM0019170,GT0004726,SRA_M0015679,SRB_M0012515,SRC_M0007435
GM0019171,GT0004726,SRA_M0015680,SRB_M0012516,
GM0019172,GT0004726,SRA_M0015681,SRB_M0012517,SRC_M0007436
GM0019173,GT0004726,SRA_M0015682,SRB_M0012518,
GM0019174,GT0004727,SRA_M0015683,SRB_M0012519,
GM0019175,GT0004727,SRA_M0015684,SRB_M0012520,
GM0019176,GT0004727,SRA_M0015685,SRB_M0012521,
GM0019177,GT0004727,SRA_M0015686,SRB_M0012522,
GM0019178,GT0004727,SRA_M0015687,SRB_M0012523,
GM0019179,GT0004728,SRA_M0015688,SRB_M0012524,
GM0019180,GT0004728,SRA_M0015689,SRB_M0012525,
GM0019181,GT0004728,SRA_M0015690,,
GM0019182,GT0004728,,SRB_M0012526,
GM0019183,GT0004728,SRA_M0015691,SRB_M0012527,
GM0019184,GT0004729,,SRB_M0012528,SRC_M0007437
GM0019185,GT0004729,SRA_M0015692,SRB_M0012529,SRC_M0007438
GM0019186,GT0004729,SRA_M0015693,SRB_M0012530,SRC_M0007439
GM0019187,GT0004729,SRA_M0015694,SRB_M0012531,SRC_M0007440
GM0019188,GT0004729,SRA_M0015695,SRB_M0012532,SRC_M0007441
GM0019189,GT0004729,SRA_M0015696,SRB_M0012533,SRC_M0007442
GM0019190,GT0004730,SRA_M0015697,,
GM0019191,GT0004730,SRA_M0015698,,
GM0019192,GT0004730,SRA_M0015699,,
GM0019193,GT0004730,SRA_M0015700,,
GM0019194,GT0004730,,,
GM0019195,GT0004731,SRA_M0015701,,SRC_M0007443
GM0019196,GT0004731,,SRB_M0012534,SRC_M0007444
GM0019197,GT0004731,,SRB_M0012535,SRC_M0007445
GM0019198,GT0004731,SRA_M0015702,SRB_M0012536,
GM0019199,GT0004731,SRA_M0015703,SRB_M0012537,SRC_M0007446
GM0019200,GT0004732,SRA_M0015705,SRB_M0012538,
GM0019201,GT0004732,SRA_M0015706,,
GM0019202,GT0004732,SRA_M0015707,,
GM0019203,GT0004732,SRA_M0015708,SRB_M0012539,
GM0019204,GT0004732,,SRB_M0012540,
GM0019205,GT0004732,SRA_M0015709,SRB_M0012541,
GM0019206,GT0004733,SRA_M0015710,SRB_M0012542,SRC_M0007447
GM0019207,GT0004733,SRA_M0015711,SRB_M0012543,SRC_M0007448
GM0019208,GT0004734,,SRB_M0012544,SRC_M0007449
GM0019209,GT0004734,SRA_M0015712,SRB_M0012545,SRC_M0007450
GM0019210,GT0004734,SRA_M0015713,SRB_M0012546,SRC_M0007451
GM0019211,GT0004735,SRA_M0015715,SRB_M0012547,
GM0019212,GT0004735,SRA_M0015716,SRB_M0012548,
GM0019213,GT0004735,SRA_M0015717,SRB_M0012549,
GM0019214,GT0004736,SRA_M0015718,SRB_M0012550,
GM0019215,GT0004736,SRA_M0015719,SRB_M0012551,SRC_M0007452
GM0019216,GT0004736,SRA_M0015720,SRB_M0012552,SRC_M0007453
GM0019217,GT0004736,SRA_M0015721,,SRC_M0007454
GM0019218,GT0004736,,SRB_M0012553,
GM0019219,GT0004736,,SRB_M0012554,SRC_M0007455
GM0019220,GT0004737,SRA_M0015722,SRB_M0012555,SRC_M0007456
GM0019221,GT0004737,SRA_M0015723,,
GM0019222,GT0004738,SRA_M0015724,SRB_M0012556,
GM0019223,GT0004738,SRA_M0015725,SRB_M0012557,
GM0019224,GT0004738,SRA_M0015726,SRB_M0012558,
GM0019225,GT0004738,SRA_M0015727,SRB_M0012559,
GM0019226,GT0004738,SRA_M0015728,,
GM0019227,GT0004738,SRA_M0015729,SRB_M0012560,
GM0019228,GT0004739,SRA_M0015730,SRB_M0012561,
GM0019229,GT0004739,SRA_M0015731,SRB_M0012562,
GM0019230,GT0004739,SRA_M0015732,,
GM0019231,GT0004739,SRA_M0015733,SRB_M0012563,
GM0019232,GT0004739,SRA_M0015734,SRB_M0012564,
GM0019233,GT0004740,SRA_M0015735,SRB_M0012565,
GM0019234,GT0004740,SRA_M0015736,SRB_M0012566,
GM0019235,GT0004740,SRA_M0015737,SRB_M0012567,
GM0019236,GT0004741,SRA_M0015738,SRB_M0012569,
GM0019237,GT0004741,SRA_M0015739,SRB_M0012570,
GM0019238,GT0004742,SRA_M0015741,SRB_M0012571,
GM0019239,GT0004742,SRA_M0015742,,
GM0019240,GT0004742,SRA_M0015743,,
GM0019241,GT0004742,SRA_M0015744,SRB_M0012572,
GM0019242,GT0004742,SRA_M0015745,SRB_M0012573,
GM0019243,GT0004743,SRA_M0015746,SRB_M0012574,
GM0019244,GT0004743,SRA_M0015747,SRB_M0012575,
GM0019245,GT0004744,SRA_M0015748,SRB_M0012576,SRC_M0007457
GM0019246,GT0004744,SRA_M0015749,,SRC_M0007458
GM0019247,GT0004744,SRA_M0015750,SRB_M0012577,
GM0019248,GT0004744,SRA_M0015751,SRB_M0012578,
GM0019249,GT0004745,SRA_M0015752,,SRC_M0007459
GM0019250,GT0004745,,,
GM0019251,GT0004745,,,SRC_M0007460
GM0019252,GT0004745,SRA_M0015753,,
GM0019253,GT0004746,SRA_M0015754,SRB_M0012579,
GM0019254,GT0004746,SRA_M0015755,SRB_M0012580,
GM0019255,GT0004746,SRA_M0015756,SRB_M0012581,
GM0019256,GT0004747,,,SRC_M0007461
GM0019257,GT0004747,SRA_M0015757,,
GM0019258,GT0004748,SRA_M0015758,SRB_M0012583,
GM0019259,GT0004748,SRA_M0015759,SRB_M0012584,SRC_M0007462
GM0019260,GT0004748,SRA_M0015760,SRB_M0012585,SRC_M0007463
GM0019261,GT0004749,SRA_M0015761,,SRC_M0007464
GM0019262,GT0004749,SRA_M0015762,,SRC_M0007465
GM0019263,GT0004749,SRA_M0015763,,SRC_M0007466
GM0019264,GT0004749,SRA_M0015764,,
GM0019265,GT0004749,SRA_M0015765,,SRC_M0007467
GM0019266,GT0004749,SRA_M0015766,,SRC_M0007468
GM0019267,GT0004750,SRA_M0015767,SRB_M0012586,SRC_M0007469
GM0019268,GT0004750,SRA_M0015768,SRB_M0012587,SRC_M0007470
GM0019269,GT0004750,SRA_M0015769,SRB_M0012588,SRC_M0007471
GM0019270,GT0004750,SRA_M0015770,,
GM0019271,GT0004751,,,
GM0019272,GT0004751,,SRB_M0012589,SRC_M0007472
GM0019273,GT0004751,,SRB_M0012590,SRC_M0007473
GM0019274,GT0004752,,,
GM0019275,GT0004752,SRA_M0015771,SRB_M0012592,
GM0019276,GT0004752,SRA_M0015772,SRB_M0012593,
GM0019277,GT0004752,SRA_M0015773,SRB_M0012594,
GM0019278,GT0004752,SRA_M0015774,SRB_M0012595,
GM0019279,GT0004752,SRA_M0015775,SRB_M0012596,
GM0019280,GT0004753,SRA_M0015776,,SRC_M0007474
GM0019281,GT0004753,,,SRC_M0007475
GM0019282,GT0004754,SRA_M0015777,SRB_M0012597,SRC_M0007476
GM0019283,GT0004754,SRA_M0015778,SRB_M0012598,SRC_M0007477
GM0019284,GT0004754,SRA_M0015779,SRB_M0012599,SRC_M0007478
GM0019285,GT0004755,SRA_M0015780,,
GM0019286,GT0004755,SRA_M0015781,,SRC_M0007479
GM0019287,GT0004755,SRA_M0015782,,
GM0019288,GT0004755,SRA_M0015783,,SRC_M0007480
GM0019289,GT0004755,SRA_M0015784,,SRC_M0007481
GM0019290,GT0004756,SRA_M0015785,SRB_M0012600,
GM0019291,GT0004756,SRA_M0015786,SRB_M0012601,
GM0019292,GT0004757,SRA_M0015787,SRB_M0012602,SRC_M0007482
GM0019293,GT0004757,SRA_M0015788,SRB_M0012603,SRC_M0007483
GM0019294,GT0004757,SRA_M0015789,SRB_M0012604,SRC_M0007484
GM0019295,GT0004757,SRA_M0015790,SRB_M0012605,SRC_M0007485
GM0019296,GT0004757,,SRB_M0012606,SRC_M0007486
GM0019297,GT0004757,SRA_M0015791,SRB_M0012607,SRC_M0007487
GM0019298,GT0004758,,,SRC_M0007488
GM0019299,GT0004758,,,SRC_M0007489
GM0019300,GT0004758,,SRB_M0012608,
GM0019301,GT0004759,SRA_M0015792,SRB_M0012609,SRC_M0007490
GM0019302,GT0004759,SRA_M0015793,SRB_M0012610,SRC_M0007491
GM0019303,GT0004759,,SRB_M0012611,SRC_M0007492
GM0019304,GT0004759,SRA_M0015794,SRB_M0012612,SRC_M0007493
GM0019305,GT0004759,SRA_M0015795,SRB_M0012613,
GM0019306,GT0004759,SRA_M0015796,,SRC_M0007494
GM0019307,GT0004760,SRA_M0015797,,
GM0019308,GT0004760,SRA_M0015798,,
GM0019309,GT0004760,SRA_M0015799,,
GM0019310,GT0004760,,,
GM0019311,GT0004760,SRA_M0015800,,
GM0019312,GT0004760,SRA_M0015801,,
GM0019313,GT0004761,SRA_M0015802,SRB_M0012614,
GM0019314,GT0004761,SRA_M0015803,SRB_M0012615,SRC_M0007495
GM0019315,GT0004761,,SRB_M0012616,SRC_M0007496
GM0019316,GT0004761,SRA_M0015804,SRB_M0012617,
GM0019317,GT0004762,SRA_M0015805,SRB_M0012618,
GM0019318,GT0004762,SRA_M0015806,,
GM0019319,GT0004762,SRA_M0015807,SRB_M0012619,
GM0019320,GT0004762,SRA_M0015808,,
GM0019321,GT0004763,SRA_M0015809,,SRC_M0007497
GM0019322,GT0004763,SRA_M0015810,,SRC_M0007498
GM0019323,GT0004763,SRA_M0015811,,SRC_M0007499
GM0019324,GT0004763,SRA_M0015812,,SRC_M0007500
GM0019325,GT0004763,SRA_M0015813,,SRC_M0007501
GM0019326,GT0004763,SRA_M0015814,,
GM0019327,GT0004764,SRA_M0015815,SRB_M0012620,SRC_M0007502
GM0019328,GT0004764,SRA_M0015816,SRB_M0012621,SRC_M0007503
GM0019329,GT0004764,SRA_M0015817,SRB_M0012622,SRC_M0007504
GM0019330,GT0004764,SRA_M0015818,,SRC_M0007505
GM0019331,GT0004764,SRA_M0015819,,
GM0019332,GT0004764,SRA_M0015820,,SRC_M0007506
GM0019333,GT0004765,,,SRC_M0007507
GM0019334,GT0004765,,,SRC_M0007508
GM0019335,GT0004766,SRA_M0015821,SRB_M0012623,SRC_M0007509
GM0019336,GT0004766,SRA_M0015822,SRB_M0012624,SRC_M0007510
GM0019337,GT0004767,SRA_M0015823,SRB_M0012625,SRC_M0007511
GM0019338,GT0004767,SRA_M0015824,SRB_M0012626,SRC_M0007512
GM0019339,GT0004767,SRA_M0015825,SRB_M0012627,SRC_M0007513
GM0019340,GT0004767,SRA_M0015826,,SRC_M0007514
GM0019341,GT0004767,SRA_M0015827,SRB_M0012628,SRC_M0007515
GM0019342,GT0004768,,,SRC_M0007516
GM0019343,GT0004768,,,SRC_M0007517
GM0019344,GT0004768,,,SRC_M0007518
GM0019345,GT0004768,,,SRC_M0007519
GM0019346,GT0004769,SRA_M0015828,,
GM0019347,GT0004769,SRA_M0015829,,
GM0019348,GT0004769,SRA_M0015830,,
GM0019349,GT0004770,SRA_M0015831,,SRC_M0007520
GM0019350,GT0004770,SRA_M0015832,SRB_M0012630,
GM0019351,GT0004770,SRA_M0015833,SRB_M0012631,SRC_M0007521
GM0019352,GT0004770,SRA_M0015834,,SRC_M0007522
GM0019353,GT0004771,SRA_M0015835,SRB_M0012633,
GM0019354,GT0004771,SRA_M0015836,SRB_M0012634,
GM0019355,GT0004771,SRA_M0015837,SRB_M0012635,
GM0019356,GT0004772,SRA_M0015838,SRB_M0012636,SRC_M0007523
GM0019357,GT0004772,SRA_M0015839,SRB_M0012637,SRC_M0007524
GM0019358,GT0004773,SRA_M0015840,SRB_M0012638,SRC_M0007525
GM0019359,GT0004773,SRA_M0015841,SRB_M0012639,
GM0019360,GT0004773,SRA_M0015842,SRB_M0012640,
GM0019361,GT0004773,SRA_M0015843,SRB_M0012641,
GM0019362,GT0004774,SRA_M0015844,SRB_M0012642,SRC_M0007526
GM0019363,GT0004774,,SRB_M0012643,SRC_M0007527
GM0019364,GT0004774,,,SRC_M0007528
GM0019365,GT0004774,,SRB_M0012644,SRC_M0007529
GM0019366,GT0004775,,SRB_M0012645,
GM0019367,GT0004775,,,
GM0019368,GT0004775,SRA_M0015845,SRB_M0012646,
GM0019369,GT0004776,SRA_M0015846,SRB_M0012647,
GM0019370,GT0004776,SRA_M0015847,SRB_M0012648,SRC_M0007530
GM0019371,GT0004776,SRA_M0015848,,
GM0019372,GT0004776,,SRB_M0012649,SRC_M0007531
GM0019373,GT0004776,SRA_M0015849,SRB_M0012650,
GM0019374,GT0004776,SRA_M0015850,SRB_M0012651,
GM0019375,GT0004777,,SRB_M0012652,
GM0019376,GT0004777,,,
GM0019377,GT0004777,,SRB_M0012653,
GM0019378,GT0004777,,SRB_M0012654,
GM0019379,GT0004777,,SRB_M0012655,
GM0019380,GT0004777,,SRB_M0012656,
GM0019381,GT0004778,SRA_M0015851,SRB_M0012657,
GM0019382,GT0004778,SRA_M0015852,SRB_M0012658,
GM0019383,GT0004778,SRA_M0015853,SRB_M0012659,
GM0019384,GT0004778,,SRB_M0012660,
GM0019385,GT0004778,SRA_M0015854,SRB_M0012661,
GM0019386,GT0004778,SRA_M0015855,SRB_M0012662,
GM0019387,GT0004779,SRA_M0015856,,SRC_M0007532
GM0019388,GT0004779,SRA_M0015857,SRB_M0012663,SRC_M0007533
GM0019389,GT0004779,,SRB_M0012664,SRC_M0007534
GM0019390,GT0004779,SRA_M0015858,,SRC_M0007535
GM0019391,GT0004780,SRA_M0015859,SRB_M0012665,
GM0019392,GT0004780,SRA_M0015860,,
GM0019393,GT0004781,SRA_M0015861,SRB_M0012666,
GM0019394,GT0004781,SRA_M0015862,SRB_M0012667,
GM0019395,GT0004781,SRA_M0015863,SRB_M0012668,
GM0019396,GT0004782,SRA_M0015864,,
GM0019397,GT0004782,SRA_M0015865,,
GM0019398,GT0004782,SRA_M0015866,,
GM0019399,GT0004782,SRA_M0015867,,
GM0019400,GT0004782,SRA_M0015868,,
GM0019401,GT0004783,SRA_M0015869,,SRC_M0007536
GM0019402,GT0004783,,SRB_M0012669,SRC_M0007537
GM0019403,GT0004783,SRA_M0015870,SRB_M0012670,
GM0019404,GT0004783,SRA_M0015871,SRB_M0012671,SRC_M0007538
GM0019405,GT0004783,SRA_M0015872,SRB_M0012672,SRC_M0007539
GM0019406,GT0004784,,SRB_M0012673,SRC_M0007540
GM0019407,GT0004784,SRA_M0015873,,
GM0019408,GT0004785,,SRB_M0012674,SRC_M0007541
GM0019409,GT0004785,,SRB_M0012675,SRC_M0007542
GM0019410,GT0004785,,SRB_M0012676,SRC_M0007543
GM0019411,GT0004785,,,
GM0019412,GT0004786,SRA_M0015874,SRB_M0012677,SRC_M0007544
GM0019413,GT0004786,,SRB_M0012678,
GM0019414,GT0004786,SRA_M0015875,SRB_M0012679,SRC_M0007545
GM0019415,GT0004786,SRA_M0015876,SRB_M0012680,SRC_M0007546
GM0019416,GT0004786,SRA_M0015877,SRB_M0012681,SRC_M0007547
GM0019417,GT0004787,SRA_M0015878,SRB_M0012682,SRC_M0007548
GM0019418,GT0004787,SRA_M0015879,SRB_M0012683,SRC_M0007549
GM0019419,GT0004788,SRA_M0015880,SRB_M0012684,
GM0019420,GT0004788,SRA_M0015881,SRB_M0012685,
GM0019421,GT0004788,SRA_M0015882,SRB_M0012686,
GM0019422,GT0004788,SRA_M0015883,SRB_M0012687,
GM0019423,GT0004789,SRA_M0015884,,
GM0019424,GT0004789,SRA_M0015885,SRB_M0012688,
GM0019425,GT0004789,SRA_M0015886,SRB_M0012689,
GM0019426,GT0004790,SRA_M0015887,,SRC_M0007550
GM0019427,GT0004790,SRA_M0015888,,SRC_M0007551
GM0019428,GT0004791,,,
GM0019429,GT0004791,,SRB_M0012690,
GM0019430,GT0004791,,,
GM0019431,GT0004791,,,
GM0019432,GT0004791,,SRB_M0012691,
GM0019433,GT0004791,,SRB_M0012692,
GM0019434,GT0004792,,SRB_M0012693,
GM0019435,GT0004792,,SRB_M0012694,
GM0019436,GT0004792,,SRB_M0012695,
GM0019437,GT0004792,,SRB_M0012696,
GM0019438,GT0004793,SRA_M0015889,,SRC_M0007552
GM0019439,GT0004793,SRA_M0015890,SRB_M0012697,SRC_M0007553
GM0019440,GT0004793,SRA_M0015891,SRB_M0012698,SRC_M0007554
GM0019441,GT0004793,SRA_M0015892,SRB_M0012699,SRC_M0007555
GM0019442,GT0004794,,,
GM0019443,GT0004794,,,
GM0019444,GT0004794,,,
GM0019445,GT0004795,SRA_M0015893,,SRC_M0007556
GM0019446,GT0004795,SRA_M0015894,,SRC_M0007557
GM0019447,GT0004795,SRA_M0015895,,SRC_M0007558
GM0019448,GT0004795,SRA_M0015896,SRB_M0012700,
GM0019449,GT0004796,SRA_M0015897,SRB_M0012701,
GM0019450,GT0004796,SRA_M0015898,,
GM0019451,GT0004796,SRA_M0015899,SRB_M0012702,
GM0019452,GT0004796,SRA_M0015900,SRB_M0012703,
GM0019453,GT0004796,SRA_M0015901,SRB_M0012704,
GM0019454,GT0004796,SRA_M0015902,SRB_M0012705,
GM0019455,GT0004797,SRA_M0015903,,SRC_M0007559
GM0019456,GT0004797,SRA_M0015904,SRB_M0012706,SRC_M0007560
GM0019457,GT0004797,SRA_M0015905,SRB_M0012707,SRC_M0007561
GM0019458,GT0004797,SRA_M0015906,SRB_M0012708,SRC_M0007562
GM0019459,GT0004797,SRA_M0015907,SRB_M0012709,
GM0019460,GT0004797,SRA_M0015908,,
GM0019461,GT0004798,,,
GM0019462,GT0004798,,SRB_M0012710,
GM0019463,GT0004798,SRA_M0015909,SRB_M0012711,
GM0019464,GT0004798,SRA_M0015910,SRB_M0012712,
GM0019465,GT0004798,SRA_M0015911,,
GM0019466,GT0004798,SRA_M0015912,SRB_M0012713,
GM0019467,GT0004799,,,
GM0019468,GT0004799,,SRB_M0012714,
GM0019469,GT0004799,SRA_M0015913,SRB_M0012715,
GM0019470,GT0004799,SRA_M0015914,SRB_M0012716,
GM0019471,GT0004799,SRA_M0015915,SRB_M0012717,
GM0019472,GT0004799,,SRB_M0012718,
GM0019473,GT0004800,,,SRC_M0007563
GM0019474,GT0004800,,,SRC_M0007564
GM0019475,GT0004801,SRA_M0015916,SRB_M0012719,
GM0019476,GT0004801,SRA_M0015917,SRB_M0012720,
GM0019477,GT0004801,SRA_M0015918,SRB_M0012721,SRC_M0007565
GM0019478,GT0004801,SRA_M0015919,SRB_M0012722,SRC_M0007566
GM0019479,GT0004801,SRA_M0015920,SRB_M0012723,SRC_M0007567
GM0019480,GT0004802,SRA_M0015921,SRB_M0012724,
GM0019481,GT0004802,,SRB_M0012725,
GM0019482,GT0004802,SRA_M0015922,SRB_M0012726,
GM0019483,GT0004802,SRA_M0015923,SRB_M0012727,
GM0019484,GT0004803,SRA_M0015924,SRB_M0012728,SRC_M0007568
GM0019485,GT0004803,SRA_M0015925,SRB_M0012729,SRC_M0007569
GM0019486,GT0004803,SRA_M0015926,SRB_M0012730,SRC_M0007570
GM0019487,GT0004803,SRA_M0015927,SRB_M0012731,SRC_M0007571
GM0019488,GT0004804,SRA_M0015928,SRB_M0012732,SRC_M0007572
GM0019489,GT0004804,SRA_M0015929,SRB_M0012733,SRC_M0007573
GM0019490,GT0004804,,,SRC_M0007574
GM0019491,GT0004804,SRA_M0015930,SRB_M0012734,SRC_M0007575
GM0019492,GT0004804,SRA_M0015931,SRB_M0012735,SRC_M0007576
GM0019493,GT0004804,SRA_M0015932,SRB_M0012736,SRC_M0007577
GM0019494,GT0004805,SRA_M0015933,SRB_M0012737,
GM0019495,GT0004805,SRA_M0015934,SRB_M0012738,
GM0019496,GT0004806,SRA_M0015935,SRB_M0012739,
GM0019497,GT0004806,SRA_M0015936,SRB_M0012740,
GM0019498,GT0004806,SRA_M0015937,SRB_M0012741,
GM0019499,GT0004807,SRA_M0015939,SRB_M0012742,
GM0019500,GT0004807,SRA_M0015940,SRB_M0012743,
GM0019501,GT0004807,SRA_M0015941,SRB_M0012744,
GM0019502,GT0004808,SRA_M0015942,,
GM0019503,GT0004808,SRA_M0015943,SRB_M0012745,
GM0019504,GT0004808,SRA_M0015944,SRB_M0012746,
GM0019505,GT0004809,SRA_M0015945,,
GM0019506,GT0004809,SRA_M0015946,,
GM0019507,GT0004809,SRA_M0015947,,
GM0019508,GT0004810,,,
GM0019509,GT0004810,SRA_M0015948,,
GM0019510,GT0004810,SRA_M0015949,,
GM0019511,GT0004810,SRA_M0015950,,
GM0019512,GT0004811,SRA_M0015951,SRB_M0012747,SRC_M0007578
GM0019513,GT0004811,SRA_M0015952,SRB_M0012748,SRC_M0007579
GM0019514,GT0004811,SRA_M0015953,,SRC_M0007580
GM0019515,GT0004811,SRA_M0015954,SRB_M0012749,SRC_M0007581
GM0019516,GT0004812,SRA_M0015955,SRB_M0012750,SRC_M0007582
GM0019517,GT0004812,SRA_M0015956,SRB_M0012751,
GM0019518,GT0004813,SRA_M0015957,SRB_M0012752,
GM0019519,GT0004813,SRA_M0015958,SRB_M0012753,
GM0019520,GT0004813,SRA_M0015959,SRB_M0012754,
GM0019521,GT0004813,SRA_M0015960,SRB_M0012755,
GM0019522,GT0004813,SRA_M0015961,SRB_M0012756,
GM0019523,GT0004813,SRA_M0015962,SRB_M0012757,
GM0019524,GT0004814,SRA_M0015963,,SRC_M0007583
GM0019525,GT0004814,SRA_M0015964,,SRC_M0007584
GM0019526,GT0004815,SRA_M0015965,SRB_M0012758,
GM0019527,GT0004815,SRA_M0015966,SRB_M0012759,
GM0019528,GT0004816,,SRB_M0012760,SRC_M0007585
GM0019529,GT0004816,SRA_M0015967,,SRC_M0007586
GM0019530,GT0004816,SRA_M0015968,,
GM0019531,GT0004816,SRA_M0015969,SRB_M0012761,SRC_M0007587
GM0019532,GT0004816,,SRB_M0012762,SRC_M0007588
GM0019533,GT0004816,SRA_M0015970,SRB_M0012763,SRC_M0007589
GM0019534,GT0004817,SRA_M0015971,SRB_M0012764,SRC_M0007590
GM0019535,GT0004817,SRA_M0015972,SRB_M0012765,
GM0019536,GT0004818,SRA_M0015973,SRB_M0012766,
GM0019537,GT0004818,SRA_M0015974,SRB_M0012767,
GM0019538,GT0004818,SRA_M0015975,SRB_M0012768,
GM0019539,GT0004818,SRA_M0015976,SRB_M0012769,
GM0019540,GT0004819,SRA_M0015977,SRB_M0012770,
GM0019541,GT0004819,SRA_M0015978,SRB_M0012771,
GM0019542,GT0004819,SRA_M0015979,SRB_M0012772,SRC_M0007591
GM0019543,GT0004819,SRA_M0015980,SRB_M0012773,SRC_M0007592
GM0019544,GT0004819,SRA_M0015981,SRB_M0012774,SRC_M0007593
GM0019545,GT0004819,SRA_M0015982,SRB_M0012775,SRC_M0007594
GM0019546,GT0004820,,,SRC_M0007595
GM0019547,GT0004820,,,SRC_M0007596
GM0019548,GT0004820,,SRB_M0012776,SRC_M0007597
GM0019549,GT0004820,,SRB_M0012777,SRC_M0007598
GM0019550,GT0004821,SRA_M0015983,SRB_M0012778,SRC_M0007599
GM0019551,GT0004821,SRA_M0015984,SRB_M0012779,SRC_M0007600
GM0019552,GT0004821,SRA_M0015985,SRB_M0012780,
GM0019553,GT0004822,,SRB_M0012781,
GM0019554,GT0004822,SRA_M0015986,SRB_M0012782,SRC_M0007601
GM0019555,GT0004823,SRA_M0015987,SRB_M0012783,
GM0019556,GT0004823,SRA_M0015988,SRB_M0012784,
GM0019557,GT0004824,SRA_M0015989,,SRC_M0007602
GM0019558,GT0004824,,,SRC_M0007603
GM0019559,GT0004824,SRA_M0015990,,SRC_M0007604
GM0019560,GT0004824,,,SRC_M0007605
GM0019561,GT0004825,SRA_M0015991,,
GM0019562,GT0004825,SRA_M0015992,SRB_M0012786,
GM0019563,GT0004825,SRA_M0015993,SRB_M0012787,
GM0019564,GT0004825,SRA_M0015994,SRB_M0012788,
GM0019565,GT0004825,,SRB_M0012789,
GM0019566,GT0004826,SRA_M0015995,,SRC_M0007606
GM0019567,GT0004826,SRA_M0015996,,
GM0019568,GT0004826,SRA_M0015997,,SRC_M0007607
GM0019569,GT0004826,SRA_M0015998,,SRC_M0007608
GM0019570,GT0004826,SRA_M0015999,,SRC_M0007609
GM0019571,GT0004827,SRA_M0016000,,SRC_M0007610
GM0019572,GT0004827,SRA_M0016001,,SRC_M0007611
GM0019573,GT0004827,SRA_M0016002,,
GM0019574,GT0004827,SRA_M0016003,,SRC_M0007612
GM0019575,GT0004827,SRA_M0016004,,SRC_M0007613
GM0019576,GT0004827,SRA_M0016005,,SRC_M0007614
GM0019577,GT0004828,,SRB_M0012790,SRC_M0007615
GM0019578,GT0004828,SRA_M0016006,SRB_M0012791,
GM0019579,GT0004828,SRA_M0016007,SRB_M0012792,SRC_M0007616
GM0019580,GT0004829,SRA_M0016008,SRB_M0012793,SRC_M0007617
GM0019581,GT0004829,,SRB_M0012794,SRC_M0007618
GM0019582,GT0004829,,SRB_M0012795,
GM0019583,GT0004829,SRA_M0016009,SRB_M0012796,SRC_M0007619
GM0019584,GT0004830,,SRB_M0012797,
GM0019585,GT0004830,,SRB_M0012798,
GM0019586,GT0004830,,SRB_M0012799,
GM0019587,GT0004830,,SRB_M0012800,
GM0019588,GT0004831,SRA_M0016010,SRB_M0012801,SRC_M0007620
GM0019589,GT0004831,SRA_M0016011,SRB_M0012802,SRC_M0007621
GM0019590,GT0004831,SRA_M0016012,SRB_M0012803,SRC_M0007622
GM0019591,GT0004832,SRA_M0016013,SRB_M0012804,SRC_M0007623
GM0019592,GT0004832,SRA_M0016014,,SRC_M0007624
GM0019593,GT0004833,,,
GM0019594,GT0004833,,SRB_M0012805,
GM0019595,GT0004833,,SRB_M0012806,
GM0019596,GT0004833,,SRB_M0012807,
GM0019597,GT0004834,SRA_M0016015,SRB_M0012808,SRC_M0007625
GM0019598,GT0004834,SRA_M0016016,SRB_M0012809,SRC_M0007626
GM0019599,GT0004835,SRA_M0016017,SRB_M0012810,
GM0019600,GT0004835,SRA_M0016018,SRB_M0012811,
GM0019601,GT0004835,SRA_M0016019,SRB_M0012812,
GM0019602,GT0004835,SRA_M0016020,SRB_M0012813,
GM0019603,GT0004835,SRA_M0016021,SRB_M0012814,
GM0019604,GT0004836,SRA_M0016022,SRB_M0012815,
GM0019605,GT0004836,SRA_M0016023,SRB_M0012816,
GM0019606,GT0004836,SRA_M0016024,SRB_M0012817,
GM0019607,GT0004836,SRA_M0016025,SRB_M0012818,
GM0019608,GT0004836,SRA_M0016026,SRB_M0012819,
GM0019609,GT0004837,SRA_M0016027,,
GM0019610,GT0004837,SRA_M0016028,,
GM0019611,GT0004837,SRA_M0016029,,
GM0019612,GT0004837,SRA_M0016030,,
GM0019613,GT0004837,SRA_M0016031,,
GM0019614,GT0004838,SRA_M0016032,SRB_M0012820,
GM0019615,GT0004838,SRA_M0016033,SRB_M0012821,
GM0019616,GT0004838,SRA_M0016034,SRB_M0012822,
GM0019617,GT0004838,SRA_M0016035,SRB_M0012823,
GM0019618,GT0004838,SRA_M0016036,SRB_M0012824,
GM0019619,GT0004839,SRA_M0016037,,SRC_M0007627
GM0019620,GT0004839,SRA_M0016038,,SRC_M0007628
GM0019621,GT0004839,SRA_M0016039,,SRC_M0007629
GM0019622,GT0004839,SRA_M0016040,,SRC_M0007630
GM0019623,GT0004840,,SRB_M0012825,
GM0019624,GT0004840,,SRB_M0012826,SRC_M0007631
GM0019625,GT0004840,SRA_M0016041,SRB_M0012827,
GM0019626,GT0004841,SRA_M0016042,,
GM0019627,GT0004841,SRA_M0016043,SRB_M0012828,
GM0019628,GT0004841,SRA_M0016044,,
GM0019629,GT0004841,SRA_M0016045,SRB_M0012829,
GM0019630,GT0004841,SRA_M0016046,SRB_M0012830,
GM0019631,GT0004841,,SRB_M0012831,
GM0019632,GT0004842,,,
GM0019633,GT0004842,,,
GM0019634,GT0004842,,,
GM0019635,GT0004843,SRA_M0016047,,
GM0019636,GT0004843,,SRB_M0012832,
GM0019637,GT0004844,SRA_M0016048,,
GM0019638,GT0004844,SRA_M0016049,,
GM0019639,GT0004845,SRA_M0016050,SRB_M0012833,
GM0019640,GT0004845,SRA_M0016051,SRB_M0012834,
GM0019641,GT0004845,SRA_M0016052,SRB_M0012835,
GM0019642,GT0004845,SRA_M0016053,,
GM0019643,GT0004845,SRA_M0016054,,
GM0019644,GT0004845,SRA_M0016055,SRB_M0012836,
GM0019645,GT0004846,SRA_M0016056,,SRC_M0007632
GM0019646,GT0004846,SRA_M0016057,SRB_M0012837,SRC_M0007633
GM0019647,GT0004846,SRA_M0016058,SRB_M0012838,SRC_M0007634
GM0019648,GT0004846,SRA_M0016059,,SRC_M0007635
GM0019649,GT0004847,SRA_M0016060,,SRC_M0007636
GM0019650,GT0004847,SRA_M0016061,SRB_M0012839,SRC_M0007637
GM0019651,GT0004847,SRA_M0016062,SRB_M0012840,
GM0019652,GT0004847,SRA_M0016063,SRB_M0012841,SRC_M0007638
GM0019653,GT0004847,SRA_M0016064,,SRC_M0007639
GM0019654,GT0004848,SRA_M0016065,SRB_M0012842,
GM0019655,GT0004848,SRA_M0016066,SRB_M0012843,
GM0019656,GT0004848,,SRB_M0012844,
GM0019657,GT0004848,SRA_M0016067,SRB_M0012845,
GM0019658,GT0004848,SRA_M0016068,SRB_M0012846,
GM0019659,GT0004848,SRA_M0016069,SRB_M0012847,
GM0019660,GT0004849,SRA_M0016070,SRB_M0012848,
GM0019661,GT0004849,SRA_M0016071,SRB_M0012849,
GM0019662,GT0004850,,,SRC_M0007640
GM0019663,GT0004850,,SRB_M0012850,SRC_M0007641
GM0019664,GT0004850,,,
GM0019665,GT0004850,,SRB_M0012851,SRC_M0007642
GM0019666,GT0004850,,SRB_M0012852,SRC_M0007643
GM0019667,GT0004850,,SRB_M0012853,SRC_M0007644
GM0019668,GT0004851,SRA_M0016072,SRB_M0012854,
GM0019669,GT0004851,SRA_M0016073,SRB_M0012855,
GM0019670,GT0004851,SRA_M0016074,SRB_M0012856,
GM0019671,GT0004851,SRA_M0016075,SRB_M0012857,
GM0019672,GT0004851,SRA_M0016076,SRB_M0012858,
GM0019673,GT0004851,SRA_M0016077,SRB_M0012859,
GM0019674,GT0004852,SRA_M0016078,SRB_M0012860,
GM0019675,GT0004852,,SRB_M0012861,SRC_M0007645
GM0019676,GT0004852,SRA_M0016079,,
GM0019677,GT0004853,,SRB_M0012862,
GM0019678,GT0004853,,SRB_M0012863,
GM0019679,GT0004853,,SRB_M0012864,
GM0019680,GT0004853,,SRB_M0012865,
GM0019681,GT0004853,,SRB_M0012866,
GM0019682,GT0004854,SRA_M0016080,SRB_M0012867,
GM0019683,GT0004854,SRA_M0016081,SRB_M0012868,
GM0019684,GT0004854,SRA_M0016082,SRB_M0012869,
GM0019685,GT0004855,,,SRC_M0007647
GM0019686,GT0004855,SRA_M0016083,,SRC_M0007648
GM0019687,GT0004855,SRA_M0016084,,
GM0019688,GT0004855,SRA_M0016085,,SRC_M0007649
GM0019689,GT0004855,SRA_M0016086,,SRC_M0007650
GM0019690,GT0004856,,SRB_M0012870,
GM0019691,GT0004856,,SRB_M0012871,
GM0019692,GT0004857,SRA_M0016087,,SRC_M0007651
GM0019693,GT0004857,SRA_M0016088,,SRC_M0007652
GM0019694,GT0004858,SRA_M0016089,SRB_M0012872,
GM0019695,GT0004858,SRA_M0016090,SRB_M0012873,
GM0019696,GT0004858,SRA_M0016091,SRB_M0012874,
GM0019697,GT0004858,SRA_M0016092,,
GM0019698,GT0004859,SRA_M0016093,,
GM0019699,GT0004859,SRA_M0016094,SRB_M0012875,
GM0019700,GT0004859,SRA_M0016095,SRB_M0012876,
GM0019701,GT0004859,SRA_M0016096,,
GM0019702,GT0004859,SRA_M0016097,SRB_M0012877,
GM0019703,GT0004860,SRA_M0016098,,
GM0019704,GT0004860,SRA_M0016099,,
GM0019705,GT0004860,SRA_M0016100,,
GM0019706,GT0004860,SRA_M0016101,,
GM0019707,GT0004860,,,
GM0019708,GT0004860,SRA_M0016102,,
GM0019709,GT0004861,,SRB_M0012878,SRC_M0007653
GM0019710,GT0004861,SRA_M0016103,SRB_M0012879,SRC_M0007654
GM0019711,GT0004862,,SRB_M0012880,SRC_M0007655
GM0019712,GT0004862,SRA_M0016104,SRB_M0012881,SRC_M0007656
GM0019713,GT0004862,SRA_M0016105,SRB_M0012882,SRC_M0007657
GM0019714,GT0004862,,SRB_M0012883,SRC_M0007658
GM0019715,GT0004862,SRA_M0016106,SRB_M0012884,SRC_M0007659
GM0019716,GT0004863,,,
GM0019717,GT0004863,SRA_M0016107,,
GM0019718,GT0004864,,SRB_M0012885,SRC_M0007660
GM0019719,GT0004864,,SRB_M0012886,SRC_M0007661
GM0019720,GT0004864,,SRB_M0012887,SRC_M0007662
GM0019721,GT0004864,,SRB_M0012888,SRC_M0007663
GM0019722,GT0004864,,SRB_M0012889,SRC_M0007664
GM0019723,GT0004865,SRA_M0016108,,
GM0019724,GT0004865,SRA_M0016109,SRB_M0012890,
GM0019725,GT0004865,SRA_M0016110,SRB_M0012891,
GM0019726,GT0004865,SRA_M0016111,SRB_M0012892,
GM0019727,GT0004866,SRA_M0016112,SRB_M0012894,SRC_M0007665
GM0019728,GT0004866,SRA_M0016113,SRB_M0012895,SRC_M0007666
GM0019729,GT0004866,SRA_M0016114,SRB_M0012896,
GM0019730,GT0004866,SRA_M0016115,SRB_M0012897,
GM0019731,GT0004866,SRA_M0016116,,SRC_M0007667
GM0019732,GT0004866,SRA_M0016117,SRB_M0012898,SRC_M0007668
GM0019733,GT0004867,SRA_M0016118,SRB_M0012899,
GM0019734,GT0004867,SRA_M0016119,SRB_M0012900,
GM0019735,GT0004867,SRA_M0016120,SRB_M0012901,
GM0019736,GT0004868,,,
GM0019737,GT0004868,,,
GM0019738,GT0004868,,SRB_M0012902,
GM0019739,GT0004868,,SRB_M0012903,
GM0019740,GT0004869,SRA_M0016121,SRB_M0012904,
GM0019741,GT0004869,SRA_M0016122,,
GM0019742,GT0004870,SRA_M0016123,SRB_M0012905,SRC_M0007669
GM0019743,GT0004870,SRA_M0016124,SRB_M0012906,SRC_M0007670
GM0019744,GT0004870,SRA_M0016125,SRB_M0012907,SRC_M0007671
GM0019745,GT0004871,SRA_M0016126,SRB_M0012908,
GM0019746,GT0004871,SRA_M0016127,,SRC_M0007672
GM0019747,GT0004871,SRA_M0016128,SRB_M0012909,SRC_M0007673
GM0019748,GT0004871,SRA_M0016129,,
GM0019749,GT0004871,SRA_M0016130,SRB_M0012910,
GM0019750,GT0004871,SRA_M0016131,SRB_M0012911,
GM0019751,GT0004872,,SRB_M0012912,
GM0019752,GT0004872,SRA_M0016132,SRB_M0012913,
GM0019753,GT0004872,SRA_M0016133,,
GM0019754,GT0004872,SRA_M0016134,SRB_M0012914,
GM0019755,GT0004872,SRA_M0016135,SRB_M0012915,
GM0019756,GT0004873,SRA_M0016136,SRB_M0012916,
GM0019757,GT0004873,SRA_M0016137,SRB_M0012917,
GM0019758,GT0004873,SRA_M0016138,,
GM0019759,GT0004874,,SRB_M0012919,SRC_M0007674
GM0019760,GT0004874,,SRB_M0012920,
GM0019761,GT0004874,,SRB_M0012921,SRC_M0007675
GM0019762,GT0004874,,SRB_M0012922,SRC_M0007676
GM0019763,GT0004875,,SRB_M0012923,
GM0019764,GT0004875,,SRB_M0012924,
GM0019765,GT0004875,,SRB_M0012925,
GM0019766,GT0004875,,SRB_M0012926,
GM0019767,GT0004876,,SRB_M0012927,SRC_M0007677
GM0019768,GT0004876,SRA_M0016139,SRB_M0012928,SRC_M0007678
GM0019769,GT0004876,SRA_M0016140,,
GM0019770,GT0004876,SRA_M0016141,SRB_M0012929,
GM0019771,GT0004876,SRA_M0016142,SRB_M0012930,SRC_M0007679
GM0019772,GT0004876,SRA_M0016143,,
GM0019773,GT0004877,SRA_M0016144,,
GM0019774,GT0004877,SRA_M0016145,,
GM0019775,GT0004877,SRA_M0016146,,
GM0019776,GT0004878,,SRB_M0012931,
GM0019777,GT0004878,,SRB_M0012932,
GM0019778,GT0004878,SRA_M0016147,SRB_M0012933,
GM0019779,GT0004878,SRA_M0016148,SRB_M0012934,
GM0019780,GT0004878,SRA_M0016149,SRB_M0012935,
GM0019781,GT0004879,SRA_M0016150,SRB_M0012936,
GM0019782,GT0004879,SRA_M0016151,,SRC_M0007680
GM0019783,GT0004879,,SRB_M0012937,SRC_M0007681
GM0019784,GT0004879,SRA_M0016152,SRB_M0012938,SRC_M0007682
GM0019785,GT0004879,SRA_M0016153,SRB_M0012939,
GM0019786,GT0004879,SRA_M0016154,SRB_M0012940,
GM0019787,GT0004880,SRA_M0016155,,
GM0019788,GT0004880,SRA_M0016156,,
GM0019789,GT0004880,SRA_M0016157,,
GM0019790,GT0004880,SRA_M0016158,,
GM0019791,GT0004881,SRA_M0016159,SRB_M0012941,
GM0019792,GT0004881,SRA_M0016160,SRB_M0012942,
GM0019793,GT0004882,SRA_M0016161,SRB_M0012943,
GM0019794,GT0004882,SRA_M0016162,SRB_M0012944,
GM0019795,GT0004882,SRA_M0016163,SRB_M0012945,
GM0019796,GT0004883,SRA_M0016164,,SRC_M0007683
GM0019797,GT0004883,SRA_M0016165,,SRC_M0007684
GM0019798,GT0004883,SRA_M0016166,,
GM0019799,GT0004884,SRA_M0016167,,
GM0019800,GT0004884,SRA_M0016168,,
GM0019801,GT0004885,SRA_M0016169,,
GM0019802,GT0004885,SRA_M0016170,SRB_M0012946,
GM0019803,GT0004885,SRA_M0016171,,
GM0019804,GT0004885,SRA_M0016172,SRB_M0012947,
GM0019805,GT0004885,SRA_M0016173,SRB_M0012948,
GM0019806,GT0004886,SRA_M0016174,,
GM0019807,GT0004886,SRA_M0016175,SRB_M0012949,
GM0019808,GT0004887,,,SRC_M0007685
GM0019809,GT0004887,SRA_M0016176,,SRC_M0007686
GM0019810,GT0004887,,,SRC_M0007687
GM0019811,GT0004887,SRA_M0016177,,SRC_M0007688
GM0019812,GT0004887,SRA_M0016178,,SRC_M0007689
GM0019813,GT0004887,SRA_M0016179,,SRC_M0007690
GM0019814,GT0004888,SRA_M0016180,SRB_M0012950,SRC_M0007691
GM0019815,GT0004888,SRA_M0016181,,SRC_M0007692
GM0019816,GT0004889,,,
GM0019817,GT0004889,,,
GM0019818,GT0004889,,,
GM0019819,GT0004889,,,
GM0019820,GT0004889,,,
GM0019821,GT0004890,SRA_M0016182,SRB_M0012951,
GM0019822,GT0004890,SRA_M0016183,SRB_M0012952,
GM0019823,GT0004890,SRA_M0016184,SRB_M0012953,
GM0019824,GT0004891,SRA_M0016185,SRB_M0012954,SRC_M0007693
GM0019825,GT0004891,SRA_M0016186,SRB_M0012955,
GM0019826,GT0004891,SRA_M0016187,SRB_M0012956,
GM0019827,GT0004892,SRA_M0016188,,
GM0019828,GT0004892,,,
GM0019829,GT0004892,SRA_M0016189,,
GM0019830,GT0004892,SRA_M0016190,,
GM0019831,GT0004892,SRA_M0016191,,
GM0019832,GT0004892,SRA_M0016192,,
GM0019833,GT0004893,SRA_M0016193,SRB_M0012957,
GM0019834,GT0004893,,SRB_M0012958,
GM0019835,GT0004893,SRA_M0016194,SRB_M0012959,
GM0019836,GT0004893,SRA_M0016195,SRB_M0012960,
GM0019837,GT0004893,SRA_M0016196,SRB_M0012961,
GM0019838,GT0004893,SRA_M0016197,SRB_M0012962,
GM0019839,GT0004894,SRA_M0016198,SRB_M0012963,
GM0019840,GT0004894,SRA_M0016199,SRB_M0012964,
GM0019841,GT0004894,SRA_M0016200,SRB_M0012965,
GM0019842,GT0004894,SRA_M0016201,SRB_M0012966,
GM0019843,GT0004894,SRA_M0016202,SRB_M0012967,
GM0019844,GT0004895,SRA_M0016203,SRB_M0012968,
GM0019845,GT0004895,SRA_M0016204,SRB_M0012969,
GM0019846,GT0004895,,SRB_M0012970,
GM0019847,GT0004895,SRA_M0016205,SRB_M0012971,
GM0019848,GT0004895,SRA_M0016206,SRB_M0012972,
GM0019849,GT0004895,SRA_M0016207,SRB_M0012973,
GM0019850,GT0004896,SRA_M0016208,SRB_M0012974,SRC_M0007694
GM0019851,GT0004896,SRA_M0016209,SRB_M0012975,
GM0019852,GT0004896,SRA_M0016210,,SRC_M0007695
GM0019853,GT0004896,SRA_M0016211,SRB_M0012976,SRC_M0007696
GM0019854,GT0004896,SRA_M0016212,SRB_M0012977,SRC_M0007697
GM0019855,GT0004896,SRA_M0016213,SRB_M0012978,SRC_M0007698
GM0019856,GT0004897,SRA_M0016214,,
GM0019857,GT0004897,SRA_M0016215,SRB_M0012979,
GM0019858,GT0004897,SRA_M0016216,SRB_M0012980,
GM0019859,GT0004897,,,SRC_M0007699
GM0019860,GT0004897,SRA_M0016217,SRB_M0012981,
GM0019861,GT0004897,SRA_M0016218,,SRC_M0007700
GM0019862,GT0004898,SRA_M0016219,,
GM0019863,GT0004898,SRA_M0016220,SRB_M0012982,SRC_M0007701
GM0019864,GT0004898,SRA_M0016221,SRB_M0012983,SRC_M0007702
GM0019865,GT0004898,SRA_M0016222,SRB_M0012984,SRC_M0007703
GM0019866,GT0004898,SRA_M0016223,SRB_M0012985,SRC_M0007704
GM0019867,GT0004899,SRA_M0016224,,
GM0019868,GT0004899,SRA_M0016225,,
GM0019869,GT0004899,SRA_M0016226,,
GM0019870,GT0004899,SRA_M0016227,,
GM0019871,GT0004899,SRA_M0016228,,
GM0019872,GT0004900,SRA_M0016229,,
GM0019873,GT0004900,SRA_M0016230,,
GM0019874,GT0004900,SRA_M0016231,,
GM0019875,GT0004900,SRA_M0016232,,
GM0019876,GT0004901,SRA_M0016233,SRB_M0012986,SRC_M0007705
GM0019877,GT0004901,SRA_M0016234,SRB_M0012987,
GM0019878,GT0004901,SRA_M0016235,SRB_M0012988,SRC_M0007706
GM0019879,GT0004902,SRA_M0016236,,SRC_M0007707
GM0019880,GT0004902,SRA_M0016237,,
GM0019881,GT0004902,SRA_M0016238,,SRC_M0007708
GM0019882,GT0004903,,SRB_M0012989,
GM0019883,GT0004903,,SRB_M0012990,
GM0019884,GT0004903,,SRB_M0012991,
GM0019885,GT0004903,,SRB_M0012992,
GM0019886,GT0004903,,SRB_M0012993,
GM0019887,GT0004904,SRA_M0016239,SRB_M0012994,
GM0019888,GT0004904,SRA_M0016240,SRB_M0012995,
GM0019889,GT0004904,SRA_M0016241,SRB_M0012996,
GM0019890,GT0004904,SRA_M0016242,SRB_M0012997,
GM0019891,GT0004905,SRA_M0016243,SRB_M0012998,
GM0019892,GT0004905,SRA_M0016244,SRB_M0012999,
GM0019893,GT0004905,SRA_M0016245,SRB_M0013000,
GM0019894,GT0004905,SRA_M0016246,SRB_M0013001,
GM0019895,GT0004905,SRA_M0016247,,
GM0019896,GT0004905,SRA_M0016248,SRB_M0013002,
GM0019897,GT0004906,SRA_M0016249,SRB_M0013004,SRC_M0007709
GM0019898,GT0004906,,,SRC_M0007710
GM0019899,GT0004907,SRA_M0016250,SRB_M0013005,
GM0019900,GT0004907,SRA_M0016251,SRB_M0013006,
GM0019901,GT0004908,,SRB_M0013007,
GM0019902,GT0004908,,SRB_M0013008,
GM0019903,GT0004908,,SRB_M0013009,
GM0019904,GT0004909,,,SRC_M0007711
GM0019905,GT0004909,SRA_M0016252,,SRC_M0007712
GM0019906,GT0004909,,,
GM0019907,GT0004910,,SRB_M0013010,
GM0019908,GT0004910,SRA_M0016253,SRB_M0013011,SRC_M0007713
GM0019909,GT0004910,SRA_M0016254,SRB_M0013012,SRC_M0007714
GM0019910,GT0004910,SRA_M0016255,SRB_M0013013,SRC_M0007715
GM0019911,GT0004910,SRA_M0016256,SRB_M0013014,SRC_M0007716
GM0019912,GT0004911,SRA_M0016257,,SRC_M0007717
GM0019913,GT0004911,,,
GM0019914,GT0004911,SRA_M0016258,,
GM0019915,GT0004911,SRA_M0016259,,
GM0019916,GT0004911,SRA_M0016260,,SRC_M0007718
GM0019917,GT0004911,,,SRC_M0007719
GM0019918,GT0004912,SRA_M0016261,SRB_M0013015,
GM0019919,GT0004912,SRA_M0016262,SRB_M0013016,
GM0019920,GT0004912,SRA_M0016263,,
GM0019921,GT0004912,SRA_M0016264,SRB_M0013017,
GM0019922,GT0004912,SRA_M0016265,SRB_M0013018,
GM0019923,GT0004913,SRA_M0016266,SRB_M0013019,SRC_M0007720
GM0019924,GT0004913,SRA_M0016267,SRB_M0013020,
GM0019925,GT0004913,SRA_M0016268,SRB_M0013021,
GM0019926,GT0004914,SRA_M0016269,SRB_M0013022,
GM0019927,GT0004914,SRA_M0016270,SRB_M0013023,
GM0019928,GT0004914,,,
GM0019929,GT0004914,SRA_M0016271,SRB_M0013024,
GM0019930,GT0004914,SRA_M0016272,SRB_M0013025,
GM0019931,GT0004914,SRA_M0016273,SRB_M0013026,
GM0019932,GT0004915,SRA_M0016274,SRB_M0013027,SRC_M0007721
GM0019933,GT0004915,SRA_M0016275,SRB_M0013028,SRC_M0007722
GM0019934,GT0004915,SRA_M0016276,SRB_M0013029,SRC_M0007723
GM0019935,GT0004915,SRA_M0016277,SRB_M0013030,
GM0019936,GT0004915,SRA_M0016278,SRB_M0013031,
GM0019937,GT0004916,SRA_M0016279,SRB_M0013032,
GM0019938,GT0004916,SRA_M0016280,,
GM0019939,GT0004916,SRA_M0016281,SRB_M0013033,
GM0019940,GT0004916,SRA_M0016282,SRB_M0013034,
GM0019941,GT0004916,SRA_M0016283,,
GM0019942,GT0004917,SRA_M0016284,SRB_M0013035,SRC_M0007724
GM0019943,GT0004917,SRA_M0016285,SRB_M0013036,SRC_M0007725
GM0019944,GT0004917,SRA_M0016286,SRB_M0013037,SRC_M0007726
GM0019945,GT0004917,SRA_M0016287,SRB_M0013038,SRC_M0007727
GM0019946,GT0004918,SRA_M0016288,SRB_M0013039,SRC_M0007728
GM0019947,GT0004918,SRA_M0016289,SRB_M0013040,
GM0019948,GT0004918,,SRB_M0013041,SRC_M0007729
GM0019949,GT0004918,SRA_M0016290,SRB_M0013042,SRC_M0007730
GM0019950,GT0004918,,SRB_M0013043,
GM0019951,GT0004918,SRA_M0016291,SRB_M0013044,SRC_M0007731
GM0019952,GT0004919,SRA_M0016292,SRB_M0013045,SRC_M0007732
GM0019953,GT0004919,SRA_M0016293,,
GM0019954,GT0004919,SRA_M0016294,SRB_M0013046,SRC_M0007733
GM0019955,GT0004919,,SRB_M0013047,
GM0019956,GT0004919,SRA_M0016295,SRB_M0013048,SRC_M0007734
GM0019957,GT0004920,SRA_M0016296,SRB_M0013049,SRC_M0007735
GM0019958,GT0004920,SRA_M0016297,SRB_M0013050,SRC_M0007736
GM0019959,GT0004921,SRA_M0016298,SRB_M0013051,
GM0019960,GT0004921,SRA_M0016299,,
GM0019961,GT0004921,SRA_M0016300,SRB_M0013052,
GM0019962,GT0004921,,SRB_M0013053,
GM0019963,GT0004922,SRA_M0016301,,
GM0019964,GT0004922,SRA_M0016302,,
GM0019965,GT0004922,SRA_M0016303,,
GM0019966,GT0004923,SRA_M0016304,SRB_M0013054,SRC_M0007737
GM0019967,GT0004923,SRA_M0016305,SRB_M0013055,SRC_M0007738
GM0019968,GT0004923,SRA_M0016306,SRB_M0013056,
GM0019969,GT0004924,,SRB_M0013057,
GM0019970,GT0004924,SRA_M0016307,SRB_M0013058,
GM0019971,GT0004924,SRA_M0016308,SRB_M0013059,
GM0019972,GT0004924,SRA_M0016309,SRB_M0013060,
GM0019973,GT0004924,SRA_M0016310,SRB_M0013061,
GM0019974,GT0004925,SRA_M0016311,,
GM0019975,GT0004925,SRA_M0016312,,
GM0019976,GT0004926,SRA_M0016313,SRB_M0013062,SRC_M0007739
GM0019977,GT0004926,SRA_M0016314,,SRC_M0007740
GM0019978,GT0004926,,SRB_M0013063,SRC_M0007741
GM0019979,GT0004926,SRA_M0016315,SRB_M0013064,SRC_M0007742
GM0019980,GT0004926,SRA_M0016316,SRB_M0013065,SRC_M0007743
GM0019981,GT0004927,SRA_M0016317,SRB_M0013066,SRC_M0007744
GM0019982,GT0004927,SRA_M0016318,SRB_M0013067,SRC_M0007745
GM0019983,GT0004927,SRA_M0016319,SRB_M0013068,SRC_M0007746
GM0019984,GT0004927,SRA_M0016320,SRB_M0013069,SRC_M0007747
GM0019985,GT0004927,SRA_M0016321,SRB_M0013070,SRC_M0007748
GM0019986,GT0004927,SRA_M0016322,SRB_M0013071,SRC_M0007749
GM0019987,GT0004928,SRA_M0016323,SRB_M0013072,SRC_M0007750
GM0019988,GT0004928,SRA_M0016324,,
GM0019989,GT0004928,SRA_M0016325,,SRC_M0007751
GM0019990,GT0004928,SRA_M0016326,SRB_M0013073,SRC_M0007752
GM0019991,GT0004928,SRA_M0016327,SRB_M0013074,SRC_M0007753
GM0019992,GT0004928,SRA_M0016328,,SRC_M0007754
GM0019993,GT0004929,SRA_M0016329,SRB_M0013076,
GM0019994,GT0004929,SRA_M0016330,SRB_M0013077,SRC_M0007755
GM0019995,GT0004929,SRA_M0016331,,
GM0019996,GT0004929,SRA_M0016332,SRB_M0013078,
GM0019997,GT0004929,,,SRC_M0007756
GM0019998,GT0004930,SRA_M0016333,,
GM0019999,GT0004930,SRA_M0016334,,
GM0020000,GT0004930,SRA_M0016335,SRB_M0013079,
GM0020001,GT0004930,SRA_M0016336,SRB_M0013080,
GM0020002,GT0004930,,SRB_M0013081,
GM0020003,GT0004930,SRA_M0016337,SRB_M0013082,
GM0020004,GT0004931,SRA_M0016338,SRB_M0013083,
GM0020005,GT0004931,SRA_M0016339,SRB_M0013084,
GM0020006,GT0004931,SRA_M0016340,,
GM0020007,GT0004931,SRA_M0016341,SRB_M0013085,
GM0020008,GT0004932,SRA_M0016342,SRB_M0013087,
GM0020009,GT0004932,SRA_M0016343,,
GM0020010,GT0004932,SRA_M0016344,SRB_M0013088,
GM0020011,GT0004933,SRA_M0016345,,SRC_M0007757
GM0020012,GT0004933,SRA_M0016346,,SRC_M0007758
GM0020013,GT0004933,SRA_M0016347,,SRC_M0007759
GM0020014,GT0004934,,SRB_M0013089,
GM0020015,GT0004934,,SRB_M0013090,
GM0020016,GT0004934,,,
GM0020017,GT0004934,,SRB_M0013091,
GM0020018,GT0004935,SRA_M0016348,,
GM0020019,GT0004935,SRA_M0016349,,
GM0020020,GT0004935,SRA_M0016350,,SRC_M0007760
GM0020021,GT0004935,SRA_M0016351,,SRC_M0007761
GM0020022,GT0004935,SRA_M0016352,,SRC_M0007762
GM0020023,GT0004935,SRA_M0016353,,
GM0020024,GT0004936,SRA_M0016354,,
GM0020025,GT0004936,SRA_M0016355,,
GM0020026,GT0004936,SRA_M0016356,,
GM0020027,GT0004936,SRA_M0016357,,
GM0020028,GT0004936,SRA_M0016358,,
GM0020029,GT0004936,SRA_M0016359,,
GM0020030,GT0004937,SRA_M0016360,,
GM0020031,GT0004937,SRA_M0016361,,
GM0020032,GT0004937,SRA_M0016362,,
GM0020033,GT0004937,SRA_M0016363,,
GM0020034,GT0004938,SRA_M0016364,,
GM0020035,GT0004938,SRA_M0016365,,
GM0020036,GT0004938,SRA_M0016366,,
GM0020037,GT0004938,SRA_M0016367,,
GM0020038,GT0004939,SRA_M0016368,SRB_M0013092,SRC_M0007763
GM0020039,GT0004939,SRA_M0016369,SRB_M0013093,
GM0020040,GT0004940,SRA_M0016370,SRB_M0013094,
GM0020041,GT0004940,SRA_M0016371,SRB_M0013095,
GM0020042,GT0004940,SRA_M0016372,SRB_M0013096,
GM0020043,GT0004940,SRA_M0016373,SRB_M0013097,
GM0020044,GT0004940,SRA_M0016374,SRB_M0013098,
GM0020045,GT0004941,,,
GM0020046,GT0004941,SRA_M0016375,SRB_M0013099,
GM0020047,GT0004941,SRA_M0016376,SRB_M0013100,
GM0020048,GT0004941,SRA_M0016377,SRB_M0013101,
GM0020049,GT0004942,SRA_M0016378,SRB_M0013102,SRC_M0007764
GM0020050,GT0004942,SRA_M0016379,SRB_M0013103,
GM0020051,GT0004942,,,SRC_M0007765
GM0020052,GT0004943,SRA_M0016380,,SRC_M0007766
GM0020053,GT0004943,SRA_M0016381,SRB_M0013104,SRC_M0007767
GM0020054,GT0004944,SRA_M0016382,SRB_M0013106,
GM0020055,GT0004944,SRA_M0016383,,
GM0020056,GT0004944,SRA_M0016384,SRB_M0013107,
GM0020057,GT0004944,SRA_M0016385,SRB_M0013108,
GM0020058,GT0004945,SRA_M0016386,SRB_M0013109,
GM0020059,GT0004945,SRA_M0016387,SRB_M0013110,
GM0020060,GT0004945,SRA_M0016388,SRB_M0013111,
GM0020061,GT0004945,SRA_M0016389,SRB_M0013112,
GM0020062,GT0004946,SRA_M0016390,,SRC_M0007768
GM0020063,GT0004946,SRA_M0016391,,SRC_M0007769
GM0020064,GT0004947,SRA_M0016392,SRB_M0013113,SRC_M0007770
GM0020065,GT0004947,SRA_M0016393,SRB_M0013114,SRC_M0007771
GM0020066,GT0004947,,SRB_M0013115,SRC_M0007772
GM0020067,GT0004948,SRA_M0016394,,SRC_M0007773
GM0020068,GT0004948,SRA_M0016395,SRB_M0013116,SRC_M0007774
GM0020069,GT0004948,SRA_M0016396,,SRC_M0007775
GM0020070,GT0004948,SRA_M0016397,SRB_M0013117,SRC_M0007776
GM0020071,GT0004949,SRA_M0016398,SRB_M0013119,SRC_M0007777
GM0020072,GT0004949,SRA_M0016399,,
GM0020073,GT0004949,SRA_M0016400,SRB_M0013120,
GM0020074,GT0004949,SRA_M0016401,SRB_M0013121,SRC_M0007778
GM0020075,GT0004949,SRA_M0016402,SRB_M0013122,SRC_M0007779
GM0020076,GT0004950,SRA_M0016403,,
GM0020077,GT0004950,SRA_M0016404,,
GM0020078,GT0004950,SRA_M0016405,,
GM0020079,GT0004951,SRA_M0016406,SRB_M0013123,
GM0020080,GT0004951,SRA_M0016407,SRB_M0013124,
GM0020081,GT0004951,SRA_M0016408,SRB_M0013125,
GM0020082,GT0004952,SRA_M0016409,SRB_M0013126,
GM0020083,GT0004952,SRA_M0016410,SRB_M0013127,
GM0020084,GT0004952,SRA_M0016411,SRB_M0013128,
GM0020085,GT0004952,SRA_M0016412,SRB_M0013129,
GM0020086,GT0004953,,,SRC_M0007780
GM0020087,GT0004953,,,SRC_M0007781
GM0020088,GT0004954,SRA_M0016413,,
GM0020089,GT0004954,SRA_M0016414,,
GM0020090,GT0004954,SRA_M0016415,,
GM0020091,GT0004954,SRA_M0016416,,
GM0020092,GT0004954,SRA_M0016417,,
GM0020093,GT0004954,SRA_M0016418,,
GM0020094,GT0004955,SRA_M0016419,,
GM0020095,GT0004955,SRA_M0016420,,
GM0020096,GT0004955,SRA_M0016421,,
GM0020097,GT0004955,SRA_M0016422,,
GM0020098,GT0004956,,SRB_M0013130,SRC_M0007782
GM0020099,GT0004956,,SRB_M0013131,
GM0020100,GT0004956,,SRB_M0013132,SRC_M0007783
GM0020101,GT0004957,SRA_M0016423,SRB_M0013133,SRC_M0007784
GM0020102,GT0004957,SRA_M0016424,SRB_M0013134,SRC_M0007785
GM0020103,GT0004957,SRA_M0016425,,SRC_M0007786
GM0020104,GT0004957,SRA_M0016426,,SRC_M0007787
GM0020105,GT0004957,SRA_M0016427,SRB_M0013135,SRC_M0007788
GM0020106,GT0004958,SRA_M0016429,,SRC_M0007789
GM0020107,GT0004958,,SRB_M0013136,
GM0020108,GT0004959,SRA_M0016430,SRB_M0013137,SRC_M0007790
GM0020109,GT0004959,SRA_M0016431,,
GM0020110,GT0004959,,SRB_M0013138,
GM0020111,GT0004959,SRA_M0016432,SRB_M0013139,
GM0020112,GT0004959,SRA_M0016433,,SRC_M0007791
GM0020113,GT0004959,SRA_M0016434,,SRC_M0007792
GM0020114,GT0004960,,,
GM0020115,GT0004960,SRA_M0016436,,
GM0020116,GT0004960,SRA_M0016437,,
GM0020117,GT0004960,SRA_M0016438,,
GM0020118,GT0004961,SRA_M0016439,,
GM0020119,GT0004961,SRA_M0016440,SRB_M0013140,
GM0020120,GT0004962,SRA_M0016441,,
GM0020121,GT0004962,SRA_M0016442,,
GM0020122,GT0004962,,SRB_M0013141,
GM0020123,GT0004962,,SRB_M0013142,
GM0020124,GT0004962,SRA_M0016443,SRB_M0013143,
GM0020125,GT0004962,SRA_M0016444,SRB_M0013144,
GM0020126,GT0004963,SRA_M0016445,,
GM0020127,GT0004963,,,
GM0020128,GT0004963,SRA_M0016446,,
GM0020129,GT0004963,SRA_M0016447,,
GM0020130,GT0004963,SRA_M0016448,,
GM0020131,GT0004963,SRA_M0016449,,
GM0020132,GT0004964,,SRB_M0013145,
GM0020133,GT0004964,,,
GM0020134,GT0004965,SRA_M0016450,SRB_M0013146,
GM0020135,GT0004965,SRA_M0016451,SRB_M0013147,SRC_M0007793
GM0020136,GT0004965,,SRB_M0013148,SRC_M0007794
GM0020137,GT0004965,SRA_M0016452,SRB_M0013149,SRC_M0007795
GM0020138,GT0004965,,SRB_M0013150,
GM0020139,GT0004966,SRA_M0016453,SRB_M0013151,
GM0020140,GT0004966,SRA_M0016454,SRB_M0013152,
GM0020141,GT0004966,SRA_M0016455,SRB_M0013153,
GM0020142,GT0004966,SRA_M0016456,SRB_M0013154,
GM0020143,GT0004966,,SRB_M0013155,
GM0020144,GT0004967,SRA_M0016457,SRB_M0013156,SRC_M0007796
GM0020145,GT0004967,SRA_M0016458,SRB_M0013157,
GM0020146,GT0004968,,,
GM0020147,GT0004968,SRA_M0016459,SRB_M0013159,
GM0020148,GT0004968,,SRB_M0013160,
GM0020149,GT0004968,SRA_M0016460,SRB_M0013161,
GM0020150,GT0004968,SRA_M0016461,,
GM0020151,GT0004968,SRA_M0016462,SRB_M0013162,
GM0020152,GT0004969,SRA_M0016463,SRB_M0013164,
GM0020153,GT0004969,SRA_M0016464,SRB_M0013165,
GM0020154,GT0004969,SRA_M0016465,SRB_M0013166,
GM0020155,GT0004969,SRA_M0016466,,
GM0020156,GT0004969,SRA_M0016467,SRB_M0013167,
GM0020157,GT0004969,SRA_M0016468,SRB_M0013168,
GM0020158,GT0004970,SRA_M0016469,,
GM0020159,GT0004970,SRA_M0016470,,
GM0020160,GT0004970,SRA_M0016471,,
GM0020161,GT0004970,SRA_M0016472,,
GM0020162,GT0004971,SRA_M0016473,SRB_M0013169,SRC_M0007797
GM0020163,GT0004971,,SRB_M0013170,
GM0020164,GT0004972,,,
GM0020165,GT0004972,,,
GM0020166,GT0004972,,,
GM0020167,GT0004972,,,
GM0020168,GT0004972,,,
GM0020169,GT0004972,,,
GM0020170,GT0004973,SRA_M0016474,,
GM0020171,GT0004973,SRA_M0016475,,
GM0020172,GT0004974,SRA_M0016476,SRB_M0013171,SRC_M0007798
GM0020173,GT0004974,SRA_M0016477,,SRC_M0007799
GM0020174,GT0004975,SRA_M0016478,,
GM0020175,GT0004975,SRA_M0016479,,SRC_M0007800
GM0020176,GT0004975,SRA_M0016480,,SRC_M0007801
GM0020177,GT0004976,SRA_M0016481,,
GM0020178,GT0004976,SRA_M0016482,,
GM0020179,GT0004976,SRA_M0016483,,
GM0020180,GT0004976,SRA_M0016484,,
GM0020181,GT0004976,SRA_M0016485,,
GM0020182,GT0004976,SRA_M0016486,,
GM0020183,GT0004977,SRA_M0016487,SRB_M0013172,
GM0020184,GT0004977,SRA_M0016488,SRB_M0013173,
GM0020185,GT0004977,SRA_M0016489,SRB_M0013174,
GM0020186,GT0004977,,,
GM0020187,GT0004977,SRA_M0016490,,
GM0020188,GT0004978,,,
GM0020189,GT0004978,,SRB_M0013175,
GM0020190,GT0004979,SRA_M0016491,SRB_M0013176,
GM0020191,GT0004979,SRA_M0016492,SRB_M0013177,
GM0020192,GT0004979,SRA_M0016493,,
GM0020193,GT0004979,SRA_M0016494,SRB_M0013178,
GM0020194,GT0004979,SRA_M0016495,SRB_M0013179,
GM0020195,GT0004980,,SRB_M0013180,SRC_M0007802
GM0020196,GT0004980,,SRB_M0013181,
GM0020197,GT0004980,,SRB_M0013182,SRC_M0007803
GM0020198,GT0004981,,SRB_M0013184,SRC_M0007804
GM0020199,GT0004981,,SRB_M0013185,SRC_M0007805
GM0020200,GT0004981,,SRB_M0013186,SRC_M0007806
GM0020201,GT0004982,SRA_M0016496,SRB_M0013187,
GM0020202,GT0004982,SRA_M0016497,SRB_M0013188,
GM0020203,GT0004982,SRA_M0016498,SRB_M0013189,
GM0020204,GT0004982,SRA_M0016499,SRB_M0013190,
GM0020205,GT0004982,SRA_M0016500,SRB_M0013191,
GM0020206,GT0004982,SRA_M0016501,SRB_M0013192,
GM0020207,GT0004983,,SRB_M0013193,
GM0020208,GT0004983,SRA_M0016502,SRB_M0013194,
GM0020209,GT0004983,SRA_M0016503,SRB_M0013195,
GM0020210,GT0004984,,SRB_M0013196,
GM0020211,GT0004984,SRA_M0016504,SRB_M0013197,SRC_M0007807
GM0020212,GT0004984,SRA_M0016505,SRB_M0013198,SRC_M0007808
GM0020213,GT0004985,SRA_M0016506,,
GM0020214,GT0004985,SRA_M0016507,,
GM0020215,GT0004985,SRA_M0016508,SRB_M0013200,
GM0020216,GT0004985,,SRB_M0013201,
GM0020217,GT0004986,SRA_M0016509,SRB_M0013202,
GM0020218,GT0004986,SRA_M0016510,SRB_M0013203,
GM0020219,GT0004986,SRA_M0016511,SRB_M0013204,
GM0020220,GT0004986,SRA_M0016512,SRB_M0013205,
GM0020221,GT0004986,SRA_M0016513,SRB_M0013206,
GM0020222,GT0004987,,,
GM0020223,GT0004987,,SRB_M0013207,
GM0020224,GT0004987,,SRB_M0013208,
GM0020225,GT0004987,,SRB_M0013209,
GM0020226,GT0004988,SRA_M0016514,SRB_M0013210,SRC_M0007809
GM0020227,GT0004988,SRA_M0016515,SRB_M0013211,SRC_M0007810
GM0020228,GT0004988,SRA_M0016516,SRB_M0013212,
GM0020229,GT0004989,SRA_M0016517,SRB_M0013213,
GM0020230,GT0004989,SRA_M0016518,SRB_M0013214,
GM0020231,GT0004989,SRA_M0016519,SRB_M0013215,
GM0020232,GT0004990,SRA_M0016520,SRB_M0013216,
GM0020233,GT0004990,SRA_M0016521,SRB_M0013217,
GM0020234,GT0004990,SRA_M0016522,SRB_M0013218,
GM0020235,GT0004991,SRA_M0016523,,SRC_M0007811
GM0020236,GT0004991,,SRB_M0013219,SRC_M0007812
GM0020237,GT0004991,SRA_M0016524,SRB_M0013220,SRC_M0007813
GM0020238,GT0004991,SRA_M0016525,SRB_M0013221,
GM0020239,GT0004991,,SRB_M0013222,
GM0020240,GT0004991,SRA_M0016526,SRB_M0013223,SRC_M0007814
GM0020241,GT0004992,SRA_M0016527,SRB_M0013224,SRC_M0007815
GM0020242,GT0004992,SRA_M0016528,SRB_M0013225,SRC_M0007816
GM0020243,GT0004992,SRA_M0016529,SRB_M0013226,SRC_M0007817
GM0020244,GT0004992,SRA_M0016530,SRB_M0013227,SRC_M0007818
GM0020245,GT0004993,,,
GM0020246,GT0004993,,,
GM0020247,GT0004993,SRA_M0016531,,
GM0020248,GT0004993,SRA_M0016532,,
GM0020249,GT0004993,SRA_M0016533,,
GM0020250,GT0004994,SRA_M0016535,SRB_M0013228,SRC_M0007819
GM0020251,GT0004994,SRA_M0016536,SRB_M0013229,
GM0020252,GT0004994,SRA_M0016537,SRB_M0013230,SRC_M0007820
GM0020253,GT0004995,,SRB_M0013231,SRC_M0007821
GM0020254,GT0004995,SRA_M0016538,SRB_M0013232,SRC_M0007822
GM0020255,GT0004995,SRA_M0016539,SRB_M0013233,SRC_M0007823
GM0020256,GT0004995,SRA_M0016540,,SRC_M0007824
GM0020257,GT0004996,SRA_M0016541,SRB_M0013234,
GM0020258,GT0004996,SRA_M0016542,SRB_M0013235,
GM0020259,GT0004996,SRA_M0016543,,
GM0020260,GT0004996,SRA_M0016544,SRB_M0013236,
GM0020261,GT0004996,SRA_M0016545,SRB_M0013237,
GM0020262,GT0004996,SRA_M0016546,SRB_M0013238,
GM0020263,GT0004997,SRA_M0016547,,
GM0020264,GT0004997,SRA_M0016548,,
GM0020265,GT0004997,,,
GM0020266,GT0004997,SRA_M0016549,,
GM0020267,GT0004997,SRA_M0016550,,
GM0020268,GT0004997,,,
GM0020269,GT0004998,SRA_M0016551,SRB_M0013239,SRC_M0007825
GM0020270,GT0004998,,SRB_M0013240,SRC_M0007826
GM0020271,GT0004998,SRA_M0016552,SRB_M0013241,
GM0020272,GT0004998,SRA_M0016553,SRB_M0013242,SRC_M0007827
GM0020273,GT0004998,SRA_M0016554,SRB_M0013243,
GM0020274,GT0004999,SRA_M0016555,SRB_M0013244,
GM0020275,GT0004999,SRA_M0016556,,SRC_M0007828
GM0020276,GT0004999,SRA_M0016557,SRB_M0013245,SRC_M0007829
GM0020277,GT0004999,SRA_M0016558,SRB_M0013246,
GM0020278,GT0004999,SRA_M0016559,SRB_M0013247,
GM0020279,GT0004999,SRA_M0016560,,
GM0020280,GT0005000,SRA_M0016561,SRB_M0013248,
GM0020281,GT0005000,SRA_M0016562,SRB_M0013249,
GM0020282,GT0005000,SRA_M0016563,SRB_M0013250,
GM0020283,GT0005000,SRA_M0016564,SRB_M0013251,
