src_team_id,source,team_name,firm_name,crd_number,lead_first_name,lead_last_name,lead_email,lead_phone,address,city,state,zip,aum_millions
SRA0000001,Broadridge,Sanchez Capital Group,Steward Partners,5667265,Sue,Sanchez,ssanchez@stewpart.com,2069773615,"6925 River Ln, Ste 3227, Las Vegas, NV, 89101",Las Vegas,NV,89101,1580.1
SRA0000002,Broadridge,Campbell Priv Wealth Group,Dynasty Financial Partners,4823498,Sharon,Campbell,scampbell@dynapart.com,496-281-4814,"1655 Madison Ln, Ste 3516, Los Angeles, CA, 90001",Los Angeles,CA,90001,65.2
SRA0000003,Broadridge,Jones Cap Grp,Baird,4539704,Marc,Jones,mjones@bair.com,,"3484 Liberty Pl, Ste 3845, Chicago, IL, 60601",Chicago,IL,60601,164.4
SRA0000004,Broadridge,King Private Wealth Group,Raymond James,7073292,Chuck,King,cking@raymjame.com,(424) 341-9348,"8086 Pine St, Salt Lake City, UT, 84101",Salt Lake City,UT,84101,55.0
SRA0000005,Broadridge,Lee Fin Group,Oppenheimer & Co,7402509,Nancy,Lee,nlee@oppe.com,+18106799669,"4120 Commerce St, Orlando, FL, 32801",Orlando,FL,32801,520.8
SRA0000006,Broadridge,Howard Asset Mgmt Group,Ameriprise Financial,1054447,S.,Howard,showard@amer.com,+19399365315,"8202 Elm Ct, Dallas, TX, 75201",Dallas,TX,75201,216.4
SRA0000007,Broadridge,Hendreson Fin Grp,Hightower Advisors,7273233,Deborah,Henderson,hendersond@highadvi.com,9803659837,"8690 Main Rd, Ste 558, Boston, MA, 02134",Boston,MA,02134,511.3
SRA0000008,Broadridge,Flores Wealth Management Group,RBC Wealth Management,9153566,Sharon,Flores,floress@rbc.com,270.978.9727,"2061 Cedar Pl, Memphis, TN, 38101",Memphis,TN,38101,401.5
SRA0000009,Broadridge,Cox Cap Grp,HighTower,4374754,Steve,Cox,coxs@high.com,930.519.7537,"6119 Lincoln Ct, Ste 1115, Richmond, VA, 23220",Richmond,VA,23220,201.3
SRA0000010,Broadridge,Ward Priv Client Group,Raymond James,8935169,Tony,Ward,wardt@raymjame.com,616-394-2545,"1589 Jefferson Rd, Ste 2012, Phoenix, AZ, 85001",Phoenix,AZ,85001,404.6
SRA0000011,Broadridge,Jenkins Wealth Mgmt Grp,Wells Fargo Advisors,4214348,Sandy,Jenkins,jenkinss@wellfargad.com,394.749.8350,"2297 Jefferson Blvd, Ste 1123, Cleveland, OH, 44101",Cleveland,OH,44101,271.9
SRA0000012,Broadridge,Peterson Wealth Mgmt Group,Wells Fargo Advisors,4965789,Jeff,Peterson,petersonj@wellfargad.com,370-616-8956,"7887 Washington Way, Chicago, IL, 60614",Chicago,IL,6061,136.4
SRA0000013,Broadridge,Smith Invest Grp,Piper Sandler,9164991,Ed,Smith,smithe@pipesand.com,+13583945861,"3567 Oak Ct, Ste 1384, Minneapolis, MN, 55401",Minneapolis,MN,55401,24.8
SRA0000014,Broadridge,Kelly Adv Grp,Rockefeller Capital Management,9519948,Mike,Kelly,kellym@rockcapi.com,282-390-2122,"9750 Pine Dr, Ste 3956, Los Angeles, CA, 90025",Los Angeles,CA,90025,935.9
SRA0000015,Broadridge,Kelly Wealth Management Group,HighTower,6307805,Don,Kelly,dkelly@high.com,,"3911 Lake Way, Ste 2743, San Diego, CA, 92101",San Diego,CA,92101-5562,106.7
SRA0000016,Broadridge,Green Wealth Mgmt Group,UBS Financial Services,2677407,Ry,Green,ry.green@ubs.net,2757504492,"8289 Lake Blvd, Milwaukee, WI, 53201",Milwaukee,WI,53201,69.1
SRA0000017,Broadridge,Young Invest Grp,Janney Montgomery Scott,9874152,Sharon,Young,syoung@jannmontsc.com,208-883-5905,"1698 Cedar Ln, Ste 538, Las Vegas, NV, 89101",Las Vegas,NV,89101,656.9
SRA0000018,Broadridge,Wright Fin Grp,Stifel Financial,4415796,Charlie,Wright,charlie.wright@stif.net,+19038495325,"8281 Broadway Ln, Cleveland, OH, 44101",Cleveland,OH,44101,49.3
SRA0000019,Broadridge,Henderson Wealth Solutions Grp,Oppenheimer & Co,,Dave,Henderson,hendersond@oppe.com,365-959-8239,"9039 Jefferson Ct, Ste 408, Los Angeles, CA, 90001",Los Angeles,CA,90001,1957.7
SRA0000020,Broadridge,Jones Fin Group,Janney Montgomery Scott,,Barb,Jones,bjones@jannmontsc.com,(242) 515-6974,"654 Sunset Dr, Portland, OR, 97201",Portland,OR,97201,269.0
SRA0000021,Broadridge,Gray Financial Group,Oppenheimer & Co,3970445,B.,Gray,bgray@oppe.com,622.225.3938,"5443 Jefferson Dr, Ste 3325, Phoenix, AZ, 85001",Phoenix,AZ,85001,2226.7
SRA0000022,Broadridge,Jones Priv Wealth Group,Rockefeller Capital Management,,Ed,Jones,ed.jones@rockcapi.net,512-433-4652,"388 Washington Way, Ste 3640, Baltimore, MD, 21201",Baltimore,MD,21201,26.0
SRA0000023,Broadridge,Scott Wealth Advs,Janney Montgomery Scott,5382463,Angela,Scott,ascott@jannmontsc.com,382.794.5349,"627 Maple Way, Ste 3321, Richmond, VA, 23220",Richmond,VA,23220,210.0
SRA0000024,Broadridge,Bennett WM Team,Hightower Advisors,4188992,Jay,Bennett,bennettj@highadvi.com,,"28 Market Ct, Memphis, TN, 38101",Memphis,TN,38101,303.7
SRA0000025,Broadridge,Edwards WA,UBS Financial Services,6038571,Geo,Edwards,edwardsg@ubs.com,,,Milwaukee,WI,53201,93.0
SRA0000026,Broadridge,Carter Fin Group,Edward Jones,1006810,Meg,Carter,mcarter@edwajone.com,(511) 493-4443,"7044 Financial Rd, Ste 1911, Detroit, MI, 48201",Detroit,MI,48201,1931.9
SRA0000027,Broadridge,Wood Fam Wealth Group,UBS Financial Services,,Mary,Wood,mwood@ubs.com,+19359137291,"8100 Madison Dr, Ste 2916, Cincinnati, OH, 45201",Cincinnati,OH,45201,208.6
SRA0000028,Broadridge,Alexander Asset Mgmt Group,Wells Fargo Advisors,9689889,Laura,Alexander,laura.alexander@wellfargad.net,6752515082,"1989 Lincoln Blvd, Denver, CO, 80201",Denver,CO,80201,921.0
SRA0000029,Broadridge,Richardson Weath Advisors,Rockefeller Capital Management,4934149,Carol,Richardson,crichardson@rockcapi.com,478-543-6238,"8850 Pine Blvd, Ste 1668, Charlotte, NC, 28201",Charlotte,NC,28201,39.6
SRA0000030,Broadridge,Ramirez Cap Grp,UBS Financial Services,8816912,Dot,Ramirez,dot.ramirez@ubs.net,(625) 263-4388,"6884 Madison St, Cleveland, OH, 44101",Cleveland,OH,44101,491.4
SRA0000031,Broadridge,Roberts WA,Baird,8841505,Jon,Roberts,robertsj@bair.com,330-837-9751,"442 Madison St, Ste 1855, San Francisco, CA, 94101",San Francisco,CA,94101,25.6
SRA0000032,Broadridge,Morgan Wealth Management Group,Edward ones,6662319,Becky,Morgan,bmorgan@edwajone.com,979.588.5558,"6907 Lake Ave, Ste 3168, Orlando, FL, 32801",Orlando,FL,32801,137.1
SRA0000033,Broadridge,Hall WA,RBC Wealth Management,1520596,Mick,Hall,mhall@rbc.com,4534041333,"2497 Park Blvd, Ste 568, Los Angeles, CA, 90001",Los Angeles,CA,90001,747.6
SRA0000034,Broadridge,Butler Wealth Management Team,LPL Financial,6059717,Ronald,Butler,ronald.butler@lpl.net,900.814.2983,"9273 Oak Rd, Ste 2809, Houston, TX, 77001",Houston,TX,77001,1093.9
SRA0000035,Broadridge,Bailey Wealth Mgmt Grp,Baird,8713146,Bill,Bailye,bailyeb@bair.com,(924) 356-8135,,Indianapolis,IN,46201,2857.0
SRA0000036,Broadridge,Cook Cap Grp,Mesirow Financial,5118725,Carol,Cook,carol.cook@mesi.net,288-485-8385,"3996 Lincoln Way, Ste 2124, St. Louis, MO, 63101",St. Louis,MO,63101-8650,1515.1
SRA0000037,Broadridge,Bell WP,LPL Financial,5635017,Dan,Bell,dbell@lpl.com,(769) 210-9464,"3131 Pine Dr, Cleveland, OH, 44101",Cleveland,OH,44101,189.1
SRA0000038,Broadridge,Walker Wealth Advisors,Rockefeller Capital Management,1289293,Sue,Walker,sue.walker@rockcapi.net,295.501.4630,"6626 Park Ln, Las Vegas, NV, 89101",Las Vegas,NV,89101,1119.8
SRA0000039,Broadridge,Peterson Wealth Part,Hightower Advisors,5545223,Mary,Peterrson,peterrsonm@highadvi.com,(513) 457-4777,"1977 Washington Rd, Ste 2294, Hartford, CT, 06101",Hartford,CT,06101-2444,97.7
SRA0000040,Broadridge,Ramirez Invest Group,Rockefeller Capital Management,4256752,M.,Ramirez,mramirez@rockcapi.com,5034326912,"2940 Hill St, Houston, TX, 77001",Houston,TX,77001,1243.3
SRA0000041,Broadridge,Cook Wealth Solutions Grp,Wells Fargo Advisors,9250138,Amy,Cook,amy.cook@wellfargad.net,2757901878,"2486 Cedar Ln, Ste 1116, Detroit, MI, 48201",Detroit,MI,48201-6332,55.7
SRA0000042,Broadridge,Parker Fin Group,HighTower,5988757,Susie,Parker,sparker@high.com,802-639-6003,"9317 Capital St, Austin, TX, 78701",Austin,TX,78701,35.4
SRA0000043,Broadridge,Clark Investment Group,LPL Financial,5024269,Amy,Clark,aclark@lpl.com,377.765.2229,"2565 Main Way, Ste 2532, San Francisco, CA, 94101",San Francisco,CA,94101,1539.3
SRA0000044,Broadridge,Jones Investment Group,RBC Wealth Management,5438490,Drew,Jones,drew.jones@rbc.net,+18408034241,,Baltimore,MD,21201,516.1
SRA0000045,Broadridge,Price Cap Group,Morgan Stanley,1348050,Dave,Price,dprice@morgstan.com,983-888-5415,"9442 Oak Blvd, Ste 2768, Louisville, KY, 40201",Louisville,KY,40201-2595,256.8
SRA0000046,Broadridge,Scott Fin Grp,Edward Jones,,Cynthia,Scott,cscott@edwajone.com,+12936816700,,Cincinnati,OH,45201,412.5
SRA0000047,Broadridge,Turner Investment Group,Rockefeller Capital Management,5234550,K.,Turner,turnerk@rockcapi.com,+15313187622,"8432 Main Ct, Ste 322, Hartford, CT, 06101",Hartford,CT,06101,379.7
SRA0000048,Broadridge,Flores Wealth Management Team,Rockefeller Capital Management,3657144,Sharon,Flores,sharon.flores@rockcapi.net,+15187641224,"9049 Jefferson Ave, Ste 3546, Cincinnati, OH, 45201",Cincinnati,OH,45201,116.0
SRA0000049,Broadridge,Thomas Fam Wealth Group,Raymond James,5587308,R.,Thomas,rthomas@raymjame.com,625-694-8736,"3994 Lincoln Ct, Ste 880, Columbus, OH, 43201",Columbus,OH,43201,149.9
SRA0000050,Broadridge,Bryant Wealth Sol Group,Raymond James,6702160,Jen,Bryant,bryantj@raymjame.com,(719) 473-1042,"4635 Hill Pl, Charlotte, NC, 28201",Charlotte,NC,28201,347.3
SRA0000051,Broadridge,Cook WP,Janney Montgomery Scott,6398528,Babs,Cook,babs.cook@jannmontsc.net,(393) 914-4912,"9369 Madison Dr, Baltimore, MD, 21201",Baltimore,MD,21201,26.9
SRA0000052,Broadridge,Green PC Group,Rockefeller Capital Management,3551903,Bob,Green,rgreen@rockcapi.com,+17072373068,"8230 Financial Rd, Orlando, FL, 32801",Orlando,FL,32801,1915.8
SRA0000053,Broadridge,Cox Wealth Mgmt Group,Mesirow Financial,3589751,Rick,Cox,coxr@mesi.com,2766805342,"5547 Capital Way, San Diego, CA, 92101",San Diego,CA,9210,199.0
SRA0000054,Broadridge,Long Capital Group,Steward Partners,1602286,Steph,Long,slong@stewpart.com,832.270.4846,"4709 Park Ave, Ste 503, Cincinnati, OH, 45201",Cincinnati,OH,4520,156.7
SRA0000055,Broadridge,Perez Wealth Mgmt Group,Stifel Financial,1941524,J.,Perez,jperez@stif.com,500-567-7141,"7057 Cedar Dr, Ste 2418, St. Louis, MO, 63101",St. Louis,MO,63101,35.9
SRA0000056,Broadridge,Thompson Financial Group,UBS Financial Services,3401116,Chris,Thompson,cthompson@ubs.com,437-672-5161,"7530 Lake St, Milwaukee, WI, 53201",Milwaukee,WI,53201,132.8
SRA0000057,Broadridge,Torres Financial Advisory Group,Steward Partners,,Laura,Torres,ltorres@stewpart.com,,"4098 Lincoln Ln, Ste 1675, Las Vegas, NV, 89101",Las Vegas,NV,8910,64.3
SRA0000058,Broadridge,Walker Fin Group,Piper Sandler,,Rick,Walker,rwalker@pipesand.com,8746055497,"133 Financial St, Memphis, TN, 38101",Memphis,TN,38101,
SRA0000059,Broadridge,Campbell WM Team,Raymond James,,Sarah,Campbell,scampbell@raymjame.com,752-574-9697,,St. Louis,MO,63101,225.5
SRA0000060,Broadridge,Nguyen Asset Management Group,Baird,2263313,Angela,Nguyen,nguyena@bair.com,344-972-4696,"6512 Commerce Rd, Ste 1716, Baltimore, MD, 21201",Baltimore,MD,21201,123.5
SRA0000061,Broadridge,Howard Fam Wealth Group,Wells Fargo Advisors,7232293,Stevie,Howard,showard@wellfargad.com,3108914830,"7725 Main Ct, Ste 2598, Philadelphia, PA, 19101",Philadelphia,PA,19101,35.7
SRA0000062,Broadridge,Rodriguez Priv Client Group,Mesirow Financial,2957497,Betty,Rodriguez,brodriguez@mesi.com,343.246.1609,"4987 Broadway Ave, Ste 3734, San Diego, CA, 92101",San Diego,CA,92101,
SRA0000063,Broadridge,Roberts Wealth Part,Mesirow Financial,7960607,Tommy,Roberts,troberts@mesi.com,(870) 301-9017,"6687 Lake St, Salt Lake City, UT, 84101",Salt Lake City,UT,84101,228.9
SRA0000064,Broadridge,Perry WA,LPL Financial,3112652,Dave,Perry,dperry@lpl.com,(778) 410-2124,"9081 Washington Dr, Los Angeles, CA, 90025",Los Angeles,CA,90025,283.4
SRA0000065,Broadridge,Jackson Wealth Mgmt Grp,HighTower,3180906,K.,Jackson,k..jackson@high.net,(753) 456-3858,,Boston,MA,02134,94.2
SRA0000066,Broadridge,Adams Fin Adv Group,Merrill Lynch,2906718,Sarah,Adams,sarah.adams@merrlync.net,963.265.8802,"7345 Sunset Ct, Ste 1951, Los Angeles, CA, 90025",Los Angeles,CA,90025,561.0
SRA0000067,Broadridge,Wood Priv Client Group,Morgan Stanley,1522621,Marc,Wood,woodm@morgstan.com,2626907580,"6985 Maple Pl, Baltimore, MD, 21201",Baltimore,MD,21201,599.3
SRA0000068,Broadridge,Hernandez Fianncial Group,Baird,6455706,Bill,Hernandez,whernandez@bair.com,590.811.9692,"4832 Lincoln Ct, Chicago, IL, 60601",Chicago,IL,60601,800.4
SRA0000069,Broadridge,Flores Wealth Sol Group,Wells Fargo Advisors,,M.,Flores,m..flores@wellfargad.net,4336236553,"7431 Madison Way, Portland, OR, 97201",Portland,OR,97201,845.6
SRA0000070,Broadridge,Green WP,Ameriprise Financial,2564141,J.,Green,j..green@amer.net,+16422987105,"2132 Commerce St, Ste 2400, Kansas City, MO, 64101",Kansas City,MO,64101,1893.6
SRA0000071,Broadridge,Powel Cap Group,Wells Fargo Advisors,1863121,K.,Powell,kpowell@wellfargad.com,4948146119,"5762 Maple Ct, Ste 2789, Portland, OR, 97201",Portland,OR,97201-8550,585.0
SRA0000072,Broadridge,Baker Wealth Mgmt Grp,Janney Montgomery Scott,7724045,Cynthia,Baker,cynthia.baker@jannmontsc.net,,"1504 Market Dr, Ste 1958, Boston, MA, 02134",Boston,MA,02134,47.6
SRA0000073,Broadridge,Mitchell PC Group,Stifel Financial,3610197,Chris,Mitchell,mitchellc@stif.com,+13619721815,"1337 Lake Pl, Memphis, TN, 38101",Memphis,TN,38101,31.5
SRA0000074,Broadridge,Stewart Invest Grp,Oppenheimer & Co,2909540,Karen,Stewart,karen.stewart@oppe.net,+15536402816,"4641 Financial Pl, Ste 1363, Columbus, OH, 43201",Columbus,OH,43201,61.7
SRA0000075,Broadridge,Phillips Wealth Management Group,HighTower,3302417,M.,Phillips,mphillips@high.com,(982) 461-5742,"5376 Maple St, Ste 1863, Seattle, WA, 98101",Seattle,WA,98101,198.7
SRA0000076,Broadridge,Carter Private Client Group,Steward Partners,6941939,Tom,Carter,tcarter@stewpart.com,273.606.1693,"7148 Main Pl, Columbus, OH, 43201",Columbus,OH,43201,
SRA0000077,Broadridge,Collins Cap Group,Dynasty Financial Partners,6448705,J.,Collins,jcollins@dynapart.com,(375) 832-8538,"5929 Pine Way, Minneapolis, MN, 55401",Minneapolis,MN,55401-7954,288.2
SRA0000078,Broadridge,Sanders Adv Grp,Piper Sandler,,Jay,Sander,sanderj@pipesand.com,(963) 547-4630,"5457 Elm Ave, Ste 567, Detroit, MI, 48201",Detroit,MI,48201,274.8
SRA0000079,Broadridge,Harris WP,Janney Montgomery Scott,3910830,Jen,Harris,harrisj@jannmontsc.com,816-356-2234,"2903 Liberty Pl, Ste 2409, Phoenix, AZ, 85001",Phoenix,AZ,85001,482.2
SRA0000080,Broadridge,Patterson Wealth Advisors,Dynasty Financial Partners,6303930,J.,Patterson,pattersonj@dynapart.com,,"7683 Lincoln Ln, Cincinnati, OH, 45201",Cincinnati,OH,45201,459.1
SRA0000081,Broadridge,Rivera Wealth Mgmt Team,Hightower Advisors,5816353,Mick,Rivera,mrivera@highadvi.com,,"9734 Market Way, Ste 2370, Baltimore, MD, 21201",Baltimore,MD,21201,158.2
SRA0000082,Broadridge,Brooks Wealth Partners,LPL Financial,3531028,Jeff,Brooks,jbrooks@lpl.com,263-661-2695,,Columbus,OH,43201,296.7
SRA0000083,Broadridge,Washington Family Wealth Group,Mesirow Financial,,Donnie,Washington,dwashington@mesi.com,+15468951857,"5483 Pine Rd, Ste 2878, Tampa, FL, 33601",Tampa,FL,33601,133.0
SRA0000084,Broadridge,Allen Wealth Solutions Group,HighTower,2367376,Andy,Alllen,andy.alllen@high.net,796.879.3317,"5732 Hill Way, Ste 3003, Cleveland, OH, 44101",Cleveland,OH,44101,484.9
SRA0000085,Broadridge,Bell PW Group,LPL Financial,2294615,Kev,Bell,kbell@lpl.com,502.303.9317,"8844 Market St, Boston, MA, 02134",Boston,MA,02134,34.5
SRA0000086,Broadridge,Price Financial Advisory Group,Piper Sandler,3777286,Tom,Price,tom.price@pipesand.net,938-648-1715,,Atlanta,GA,30301,713.2
SRA0000087,Broadridge,Alexander Priv Wealth Group,Mesirow Financial,8868776,Drew,Alexander,alexanderd@mesi.com,398.576.8218,"7565 Hill Way, Ste 1814, Nashville, TN, 37201",Nashville,TN,37201,40.8
SRA0000088,Broadridge,Sanchez Fin Advisory Group,HighTower,2721170,Mel,Sanchez,,9287283042,"4671 Pine Blvd, Ste 3808, Los Angeles, CA, 90025",Los Angeles,CA,90025,52.7
SRA0000089,Broadridge,Edwards Priv Wealth Group,UBS Financial Services,1447451,Chuck,Edwards,edwardsc@ubs.com,624-254-7495,"8225 Sunset Dr, Ste 434, Pittsburgh, PA, 15201",Pittsburgh,PA,15201,35.3
SRA0000090,Broadridge,Brown Wealth Management Team,Baird,,Marc,Brown,mbrown@bair.com,912-342-8685,"7350 Capital St, Boston, MA, 02134",Boston,MA,02134,486.6
SRA0000091,Broadridge,Ramirez Adv Grp,Raymond James,,Stevie,Ramirez,,443-508-2996,"783 Park Way, Dallas, TX, 75201",Dallas,TX,75201,521.2
SRA0000092,Broadridge,Powell Advisory Group,UBS Financial Services,9825812,Maggie,Powell,mpowell@ubs.com,757-719-9316,"9080 Main Way, Chicago, IL, 60601",Chicago,IL,60601,177.3
SRA0000093,Broadridge,Roberts Invest Grp,Janney Montgomery Scott,2739191,Nancy,Roberts,robertsn@jannmontsc.com,7959526447,"2186 Oak Rd, Ste 3432, Pittsburgh, PA, 15201",Pittsburgh,PA,15201,
SRA0000094,Broadridge,Patterson PC Group,Mesirow Financial,4058117,Deborah,Patterson,deborah.patterson@mesi.net,3382648498,"606 Hill Dr, Ste 917, Cincinnati, OH, 45201",Cincinnati,OH,45201,89.6
SRA0000095,Broadridge,Flores Cap Grp,Hightower Advisors,5800144,Kenny,Flores,kflores@highadvi.com,5659991783,"5439 Lake Ave, Philadelphia, PA, 19101",Philadelphia,PA,19101,1268.4
SRA0000096,Broadridge,Evans Cap Grp,Mesirow Financial,9324908,Sharon,Evans,evanss@mesi.com,+19087097018,"8508 Lake Ave, Atlanta, GA, 30301",Atlanta,GA,30301,370.6
SRA0000097,Broadridge,Edwards Wealth Advs,Ameriprise Financial,7815076,Lisa,Edwards,ledwards@amer.com,+15727253621,"511 Cedar Pl, Ste 375, Chicago, IL, 60601",Chicago,IL,60601-7729,499.8
SRA0000098,Broadridge,Coleman Wealth Part,Janney Montgomery Scott,8548448,Carol,Coleman,ccoleman@jannmontsc.com,,"1260 Financial Blvd, Ste 1730, Memphis, TN, 38101",Memphis,TN,38101,490.2
SRA0000099,Broadridge,Scott Wealth Management Team,RBC Wealth Management,9372568,Betty,Scott,bscott@rbc.com,730-596-2929,"4289 Lake Pl, Ste 2606, Atlanta, GA, 30301",Atlanta,GA,3030,290.5
SRA0000100,Broadridge,Bell WM Team,LPL Financial,8467726,Ashley,Bell,ashley.bell@lpl.net,2898986236,"5693 Pine Ct, Ste 3750, Chicago, IL, 60601",Chicago,IL,60601,
SRA0000101,Broadridge,Lee Asset Management Group,Edward Jones,4762150,Steph,Lee,slee@edwajone.com,3244053275,,Columbus,OH,43201,490.3
SRA0000102,Broadridge,Morgan Wealth Part,Hightower Advisors,4052834,J.,Morgan,morganj@highadvi.com,+19863328088,"8239 Oak Ave, Ste 1345, Hartford, CT, 06101",Hartford,CT,06101,14915.8
SRA0000103,Broadridge,Adams WP,RBC Wealth Management,5604524,Chris,Adams,cadams@rbc.com,328.840.5961,"8741 Pine Ct, Chicago, IL, 60614",Chicago,IL,60614,229.8
SRA0000104,Broadridge,Kelly Fin Adv Group,Raymond James,1691125,Amy,Kelly,amy.kelly@raymjame.net,,,Memphis,TN,38101,1282.1
SRA0000105,Broadridge,Henderson Family Wealth Group,Merrill Lynch,7813102,Lisa,Henderson,lhenderson@merrlync.com,504.664.2195,"982 Elm Pl, Ste 2002, Nashville, TN, 37201",Nashville,TN,3720,30.1
SRA0000106,Broadridge,Bennett Wealth Part,Raymond James,7689354,K.,Bennett,bennettk@raymjame.com,(333) 978-7070,,Pittsburgh,PA,15201,324.3
SRA0000107,Broadridge,Flores Fin Adv Group,RBC Wealth Management,8015136,P.,Flores,floresp@rbc.com,4543636364,"9465 River Dr, Los Angeles, CA, 90025",Los Angeles,CA,90025,171.0
SRA0000108,Broadridge,Morgan Invest Group,Rockefeller Capital Management,2510773,Jen,Morgan,jmorgan@rockcapi.com,602-717-8491,"3945 Washington Rd, Ste 1252, New York, NY, 10017",New York,NY,1001,727.2
SRA0000109,Broadridge,Jenkins Invest Grp,Rockefeller Capital Management,7136730,Karen,Jenkins,jenkinsk@rockcapi.com,982-612-6995,"742 Madison St, Ste 897, Houston, TX, 77001",Houston,TX,77001,26.5
SRA0000110,Broadridge,Torres Capital Group,UBS Financial Services,5692934,Susie,Torres,storres@ubs.com,8388962946,"2109 Maple Way, Ste 1488, Hartford, CT, 06101",Hartford,CT,06101-9499,696.4
SRA0000111,Broadridge,Campbell Priv Wealth Group,Raymond James,6587495,Amy,Campbell,campbella@raymjame.com,,"2441 Capital Ct, Ste 3914, Columbus, OH, 43201",Columbus,OH,43201-8133,327.3
SRA0000112,Broadridge,Lee Fin Group,Piper Sandler,6643410,Kenny,Lee,kenny.lee@pipesand.net,719-721-9721,"8026 Financial Ln, Ste 168, Salt Lake City, UT, 84101",Salt Lake City,UT,84101,247.4
SRA0000113,Broadridge,Long Cap Grp,Wells Fargo Advisors,4817541,Kev,Long,kev.long@wellfargad.net,,"2794 Market Way, Ste 2888, Cincinnati, OH, 45201",Cincinnati,OH,45201,896.4
SRA0000114,Broadridge,Brooks Priv Wealth Group,Wells Fargo Advisors,6262886,Bob,Brooks,bbrooks@wellfargad.com,628.355.7765,"3341 Jefferson Ct, Las Vegas, NV, 89101",Las Vegas,NV,89101,322.2
SRA0000115,Broadridge,Gonzales PC Group,Morgan Stanley,9025733,Becky,Gonzales,gonzalesb@morgstan.com,738-585-6140,"2838 Lincoln Ct, Ste 1551, Austin, TX, 78701",Austin,TX,78701,348.0
SRA0000116,Broadridge,Cook Priv Wealth Group,LPL Financial,,Lisa,Cook,lisa.cook@lpl.net,(430) 504-5735,"3397 Broadway Rd, Ste 2395, Hartford, CT, 06101",Hartford,CT,06101,703.4
SRA0000117,Broadridge,Thomas Wealth Advs,Dynasty Financial Partners,3457461,Drew,Thomas,thomasd@dynapart.com,497-243-5712,"1295 Sunset Pl, Detroit, MI, 48201",Detroit,MI,48201,
SRA0000118,Broadridge,Sanchez Investment Group,Steward Partners,2832517,Tony,Sanchez,sanchezt@stewpart.com,+18309584920,"3973 Oak Ct, Ste 1053, Boston, MA, 02101",Boston,MA,02101,24.5
SRA0000119,Broadridge,Turner Private Client Group,Baird,3649811,Rick,Turner,rturner@bair.com,+16168688793,"7823 Liberty Dr, Houston, TX, 77001",Houston,TX,77001,186.5
SRA0000120,Broadridge,Torres Asset Mgmt Grp,Morgan Stanley,4896008,Ken,Torres,ktorres@morgstan.com,7479561611,"2869 Jefferson Blvd, Memphis, TN, 38101",Memphis,TN,38101,140.7
SRA0000121,Broadridge,Phillips Fin Advisory Group,Rockefeller Capital Management,2800206,Deborah,Phillips,phillipsd@rockcapi.com,543-491-8444,"8902 Market Pl, Los Angeles, CA, 90001",Los Angeles,CA,90001,1196.3
SRA0000122,Broadridge,Bailey Invest Group,Mesirow Financial,,S.,Bailey,baileys@mesi.com,366.948.8518,"4216 Elm St, Dallas, TX, 75201",Dallas,TX,75201,287.8
SRA0000123,Broadridge,Long Fin Advisory Group,LPL Financial,,J.,Long,,(389) 343-8822,"5302 Park St, Ste 1064, Portland, OR, 97201",Portland,OR,97201,138.6
SRA0000124,Broadridge,Wright Invest Grp,Baird,7032283,Donna,Wright,dwright@bair.com,909.441.2017,"1937 Lincoln Ln, Ste 2910, Philadelphia, PA, 19101",Philadelphia,PA,19101,231.7
SRA0000125,Broadridge,Washington Private Client Group,Stifel Financial,4705235,Kate,Washington,kwashington@stif.com,424.336.8834,"2510 Lincoln Rd, Ste 2349, Cincinnati, OH, 45201",Cincinnati,OH,4520,555.9
SRA0000126,Broadridge,Howard Asset Mgmt Group,LPL Financial,2373555,Donna,Howard,donna.howard@lpl.net,738.657.9653,"5928 Pine Ave, Ste 2343, Louisville, KY, 40201",Louisville,KY,40201-4870,140.1
SRA0000127,Broadridge,Cooper Family Wealth Grp,Oppenheimer & Co,8757420,Tommy,Coopper,tcooper@oppe.com,+18885151356,"6488 Lake St, Hartford, CT, 06101",Hartford,CT,06101,93.8
SRA0000128,Broadridge,Carter Wealth Sol Group,Mesirow Financial,,G.,Carter,carterg@mesi.com,899.877.9835,"2179 Liberty Rd, Ste 2300, Orlando, FL, 32801",Orlando,FL,32801,224.5
SRA0000129,Broadridge,Taylor Wealth Solutions Grp,RBC Wealth Management,8115687,Linda,Taylor,ltaylor@rbc.com,7445884762,"4056 Lincoln Rd, Ste 872, New York, NY, 10017",New York,NY,10017-5460,979.1
SRA0000130,Broadridge,Perry Fin Grp,Oppenheimer & Co,4457475,Rob,Perry,rperry@oppe.com,268-303-1550,"7315 Capital St, Ste 281, Phoenix, AZ, 85001",Phoenix,AZ,85001,215.0
SRA0000131,Broadridge,Turner Invest Grp,Stifel Financial,3938247,M.,Turner,mturner@stif.com,841.895.7999,"9108 Broadway St, Hartford, CT, 06101",Hartford,CT,06101,232.1
SRA0000132,Broadridge,Cox Private Client Group,Baird,8944327,M.,Cox,mcox@bair.com,446.430.5927,"2366 Lincoln St, Ste 1806, San Diego, CA, 92101",San Diego,CA,92101,495.7
SRA0000133,Broadridge,Moore PW Group,Piper Sandler,6540893,Linda,Moore,lmoore@pipesand.com,+18622808369,"6080 Pine Ct, Seattle, WA, 98101",Seattle,WA,98101,645.9
SRA0000134,Broadridge,Wright Wealth Advs,Piper Sandler,4640933,Mick,Wright,wrightm@pipesand.com,(690) 413-6455,"4968 Main Dr, Chicago, IL, 60601",Chicago,IL,60601,523.1
SRA0000135,Broadridge,Campbell Family Wealth Grp,Hightower Advisors,6372622,Steve,Campbell,steve.campbell@highadvi.net,408-579-6126,"6782 Oak Dr, Houston, TX, 77001",Houston,TX,77001,469.4
SRA0000136,Broadridge,Peterson Fin Grp,Dynasty Financial Partners,3557039,Stevie,Peterson,speterson@dynapart.com,400.537.4768,"6224 Financial Dr, Ste 2781, Minneapolis, MN, 55401",Minneapolis,MN,55401,42.8
SRA0000137,Broadridge,Bell Fam Wealth Group,Rockefeller Capital Management,9192588,Stevie,Bell,sbell@rockcapi.com,,"8585 Oak Ave, Pittsburgh, PA, 15201",Pittsburgh,PA,15201,636.6
SRA0000138,Broadridge,Smith Fin Advisory Group,Oppenheimer & Co,3533857,Donna,Smith,dsmith@oppe.com,,"7472 Sunset St, Chicago, IL, 60601",Chicago,IL,60601,1367.4
SRA0000139,Broadridge,Thompson Wealth Mgmt Team,Wells Fargo Advisors,4220085,A.,Thompson,athompson@wellfargad.com,834-739-5135,,Phoenix,AZ,85001-5174,240.5
SRA0000140,Broadridge,Young Invest Grp,RBC Wealth Management,8986040,Jess,Young,jess.young@rbc.net,+12578521154,"2808 Pine Pl, Los Angeles, CA, 90001",Los Angeles,CA,90001,671.7
SRA0000141,Broadridge,Gonzalez Wealth Management Group,Hightower Advisors,8977571,Jess,Gonzalez,jgonzalez@highadvi.com,477.247.2218,"4594 Commerce St, Ste 3583, Seattle, WA, 98101",Seattle,WA,9810,
SRA0000142,Broadridge,Clark Fin Advisory Group,Dynasty Financial Partners,7528964,Johnny,Clark,johnny.clark@dynapart.net,893.753.6435,"6289 Cedar Ave, Ste 1516, Chicago, IL, 60601",Chicago,IL,60601,163.0
SRA0000143,Broadridge,Edwards Wealth Solutions Grp,RBC Wealth Management,7655572,Rick,Edwards,rick.edwards@rbc.net,(534) 230-5478,"7382 Broadway Dr, Ste 3954, Cleveland, OH, 44101",Cleveland,OH,44101,1001.4
SRA0000144,Broadridge,White Wealth Advs,Dynasty Financial Partners,5134741,Jay,White,whitej@dynapart.com,+19302752344,"4391 Cedar Way, Chicago, IL, 60614",Chicago,IL,60614,285.6
SRA0000145,Broadridge,Roberts Wealth Part,Baird,1087161,Emily,Roberts,eroberts@bair.com,515-655-6896,"4420 Maple Blvd, Ste 1865, Chicago, IL, 60614",Chicago,IL,60614-9807,91.3
SRA0000146,Broadridge,Gray Cap Group,Hightower Advisors,6443037,Susie,Gray,,+15942125781,,New York,NY,10017,
SRA0000147,Broadridge,Young Adv Grp,Dynasty Financial Partners,3843767,Laura,Young,laura.young@dynapart.net,342-475-5933,"4398 Broadway Blvd, Ste 1880, Orlando, FL, 32801",Orlando,FL,32801,508.6
SRA0000148,Broadridge,Hill Asset Mgmt Grp,Rockefeller Capital Management,9318184,Tim,Hill,tim.hill@rockcapi.net,808.831.4203,,Tampa,FL,33601,240.2
SRA0000149,Broadridge,Barnes Asset Mgmt Grp,Piper Sandler,6615941,K.,Barnes,barnesk@pipesand.com,6408663230,"4923 River Dr, Ste 827, Las Vegas, NV, 89101",Las Vegas,NV,8910,633.6
SRA0000150,Broadridge,Green Priv Client Group,Stifel Financial,5702656,Angela,Green,greena@stif.com,602-573-2865,"9239 Washington Ct, Ste 3244, Memphis, TN, 38101",Memphis,TN,38101,280.8
SRA0000151,Broadridge,Foster Private Client Group,Mesirow Financial,5887726,Jon,Foster,jfoster@mesi.com,(909) 270-7703,"8181 Cedar Ln, Ste 2797, Las Vegas, NV, 89101",Las Vegas,NV,89101,90.1
SRA0000152,Broadridge,Collins Wealth Management Team,Piper Sandler,9499549,Dottie,Collins,dottie.collins@pipesand.net,9086289907,"603 Sunset Ct, Ste 3845, Louisville, KY, 40201",Louisville,KY,40201,76.5
SRA0000153,Broadridge,Young Financial Advisory Group,Janney Montgomery Scott,7704473,Rich,Young,ryoung@jannmontsc.com,9705398052,"1736 Main Ave, Ste 2191, Memphis, TN, 38101",Memphis,TN,38101,302.3
SRA0000154,Broadridge,Kelly Private Wealth Group,Dynasty Financial Partners,9396422,Sue,Kelly,kellys@dynapart.com,354-553-1402,,Tampa,FL,33601,49.6
SRA0000155,Broadridge,Foster WP,Raymond James,,Deborah,Foster,dfoster@raymjame.com,411-733-8912,"5707 Broadway Ave, Ste 2953, Cleveland, OH, 44101",Cleveland,OH,44101,
SRA0000156,Broadridge,Rodriguez Wealth Management Group,Stifel Financial,3757404,Ken,Rodriguez,ken.rodriguez@stif.net,958-449-9454,"2859 Commerce Blvd, Ste 1846, New York, NY, 10017",New York,NY,10017,700.3
SRA0000157,Broadridge,Evans Fin Adv Group,Edward Jones,,Marc,Evans,evansm@edwajone.com,9558284232,"7366 Financial Way, Ste 2986, Detroit, MI, 48201",Detroit,MI,48201,59.1
SRA0000158,Broadridge,Scott Fin Grp,UBS Financial Services,,Tony,Scott,tony.scott@ubs.net,,"8647 Liberty Rd, Ste 2603, Richmond, VA, 23220",Richmond,VA,23220,359.6
SRA0000159,Broadridge,Anderson WP,Janney Montgomery Scott,3894531,Sarah,Anderson,andersons@jannmontsc.com,889.922.5873,,Milwaukee,WI,53201,667.6
SRA0000160,Broadridge,White Priv Client Group,Janney Montgomery Scott,7437584,Joey,White,jwhite@jannmontsc.com,633.390.8973,"8805 Liberty Blvd, Ste 2105, Columbus, OH, 43201",Columbus,OH,43201,67.2
SRA0000161,Broadridge,White Wealth Solutions Group,Baird,1899447,Tom,White,twhite@bair.com,567.209.8939,"2237 Washington Way, Milwaukee, WI, 53201",Milwaukee,WI,53201-8980,695.6
SRA0000162,Broadridge,Murphy WA,Oppenheimer & Co,3806047,Betty,Murphy,bmurphy@oppe.com,(284) 778-1505,"3614 Hill St, Ste 2302, San Diego, CA, 92101",San Diego,CA,92101,168.1
SRA0000163,Broadridge,Morris PC Group,Dynasty Financial Partners,9569902,C.,Morris,c..morris@dynapart.net,+13157862871,"4390 Commerce Rd, Ste 3199, Hartford, CT, 06101",Hartford,CT,06101,68.7
SRA0000164,Broadridge,Howard Wealth Partners,Edward Jones,9630451,Karen,Howard,karen.howard@edwajone.net,+18952973221,"6744 Oak Ln, Minneapolis, MN, 55401",Minneapolis,MN,55401,25.7
SRA0000165,Broadridge,Taylor Fin Advisory Group,RBC Wealth Management,7588425,Ashley,Taylor,ataylor@rbc.com,701-345-5402,,Phoenix,AZ,85001,67.9
SRA0000166,Broadridge,Cooper Priv Client Group,Ameriprise Financial,1041491,Ronald,Cooper,,+19502958511,"5870 Pine Ct, Ste 1859, Baltimore, MD, 21201",Baltimore,MD,21201,707.8
SRA0000167,Broadridge,Thomas Family Wealth Group,Edward Jones,3213134,Jon,Thomas,thomasj@edwajone.com,8655093604,"4490 Pine Rd, Ste 1623, New York, NY, 10001",New York,NY,10001,816.4
SRA0000168,Broadridge,Phillips Priv Client Group,Stifel Financial,2530068,Mike,Phillips,mike.phillips@stif.net,9202971017,"3497 Broadway Ave, Ste 1026, Portland, OR, 97201",Portland,OR,97201,220.6
SRA0000169,Broadridge,Stewart Wealth Mgmt Group,Merrill Lynch,3217531,S.,Stewart,sstewart@merrlync.com,689.272.4751,"6277 Pine Ave, Ste 1605, Dallas, TX, 75201",Dallas,TX,75201,903.6
SRA0000170,Broadridge,Carter WA,Raymond James,9900451,Tom,Carter,tcarter@raymjame.com,7762083688,"7211 Sunset Dr, Chicago, IL, 60601",Chicago,IL,60601,215.8
SRA0000171,Broadridge,Turner Wealth Advisors,HighTower,3066235,Cynthia,Turner,cturner@high.com,8039477291,"5760 Jefferson Rd, Seattle, WA, 98101",Seattle,WA,98101,363.7
SRA0000172,Broadridge,Coleman PW Group,UBS Financial Services,6060836,P.,Coleman,p..coleman@ubs.net,4107309348,"3091 Madison Ln, New York, NY, 10017",New York,NY,10017,344.9
SRA0000173,Broadridge,Roberts Private Wealth Group,Wells Fargo Advisors,,Patty,Roberts,proberts@wellfargad.com,+15695243162,"6338 Financial Way, Ste 2897, Cincinnati, OH, 45201",Cincinnati,OH,45201,76.9
SRA0000174,Broadridge,Reed Wealth Mgmt Grp,UBS Financial Services,5398739,Donna,Reed,dreed@ubs.com,4202401990,"6521 Market Ln, New York, NY, 10001",New York,NY,10001,110.8
SRA0000175,Broadridge,Parker Priv Client Group,Oppenheimer & Co,3561552,Carol,Parker,cparker@oppe.com,484-285-6077,"1295 Market Dr, Chicago, IL, 60614",Chicago,IL,60614,97.0
SRA0000176,Broadridge,Adams Fin Group,Piper Sandler,8339797,Babs,Adams,,947-444-1948,"4006 Pine Way, Ste 2607, Nashville, TN, 37201",Nashville,TN,37201,80.0
SRA0000177,Broadridge,Flores Wealth Mgmt Team,Edward Jones,,Mike,Flores,mflores@edwajone.com,735-729-5247,"2736 Sunset Blvd, Boston, MA, 02101",Boston,MA,0210,196.4
SRA0000178,Broadridge,Thomas Wealth Part,Merrill Lynch,9788815,Kim,Thomas,thomask@merrlync.com,265-469-2262,"8129 Lincoln Ct, Ste 2146, Charlotte, NC, 28201",Charlotte,NC,28201,122.7
SRA0000179,Broadridge,Mitchell Investment Group,Edward Jones,9536665,C.,Mitchell,c..mitchell@edwajone.net,(202) 245-1201,"4007 Oak Pl, Ste 3869, Memphis, TN, 38101",Memphis,TN,38101,172.5
SRA0000180,Broadridge,Lewis Wealth Mgmt Group,Hightower Advisors,,Dan,Lewis,dlewis@highadvi.com,5352888483,"131 Sunset Dr, Ste 3313, Chicago, IL, 60601",Chicago,IL,60601,1377.1
SRA0000181,Broadridge,Barnes Fam Wealth Group,RBC Wealth Management,9277218,Emily,Barnees,barneese@rbc.com,400-950-9954,"4017 Cedar St, Salt Lake City, UT, 84101",Salt Lake City,UT,84101,47.2
SRA0000182,Broadridge,Ward Walth Advs,Janney Montgomery Scott,6159172,Marc,Ward,mward@jannmontsc.com,306.410.9680,"3903 Jefferson Pl, Cleveland, OH, 44101",Cleveland,OH,44101,1527.6
SRA0000183,Broadridge,Scott Wealth Management Group,UBS Financial Services,7929943,Dot,cSott,dscott@ubs.com,+19175818511,"1392 Financial Ave, Ste 2710, Austin, TX, 78701",Austin,TX,78701,
SRA0000184,Broadridge,Sanders Wealth Mgmt Group,Dynasty Financial Partners,6284972,Will,Sanders,wsanders@dynapart.com,+16029176345,"5212 Lincoln Ln, Ste 3964, Boston, MA, 02101",Boston,MA,02101,268.6
SRA0000185,Broadridge,Kelly Financial Advisory Group,Wells Fargo Advisors,8542478,Tommy,Kelly,tkelly@wellfargad.com,6775217660,"1979 Commerce Rd, San Francisco, CA, 94101",San Francisco,CA,94101,578.0
SRA0000186,Broadridge,Flores Invest Group,Mesirow Financial,1676621,J.,Flores,jflores@mesi.com,4205353430,"1495 Park Rd, Ste 300, Chicago, IL, 60614",Chicago,IL,60614,679.4
SRA0000187,Broadridge,Thompson Capital Group,Merrill Lynch,5191831,Steve,Thompson,steve.thompson@merrlync.net,2966732669,"2291 Maple St, Ste 3298, Hartford, CT, 06101",Hartford,CT,06101,1122.1
SRA0000188,Broadridge,Sanchez Waelth Part,Piper Sandler,2258076,Tom,Sanchez,,(222) 266-4239,"7266 Cedar Ave, Salt Lake City, UT, 84101",Salt Lake City,UT,84101,24.6
SRA0000189,Broadridge,Scott Fin Advisory Group,Mesirow Financial,5951043,P.,Scott,pscott@mesi.com,710-621-8848,"1000 Pine Ln, Ste 1817, Milwaukee, WI, 53201",Milwaukee,WI,53201,130.2
SRA0000190,Broadridge,Cox Wealth Advs,RBC Wealth Management,7024901,Betty,Cox,coxb@rbc.com,691.757.8940,"5637 Financial Ct, Ste 1207, Orlando, FL, 32801",Orlando,FL,32801,131.8
SRA0000191,Broadridge,Green PW Group,HighTower,,Johnny,Green,greenj@high.com,566-985-4813,"2616 Maple Dr, Charlotte, NC, 28201",Charlotte,NC,28201,8037.1
SRA0000192,Broadridge,Gonzales Asset Mgmt Grp,Morgan Stanley,7516648,Barb,Gonzales,bgonzales@morgstan.com,(563) 377-3885,"3876 Financial Rd, Memphis, TN, 38101",Memphis,TN,38101,932.8
SRA0000193,Broadridge,Sanders Priv Client Group,Merrill Lynch,4158036,Cynthia,Sanders,csanders@merrlync.com,(704) 755-6063,"2877 Broadway St, Ste 1052, Memphis, TN, 38101",Memphis,TN,38101,61.3
SRA0000194,Broadridge,Williams Family Wealth Grp,Hightower Advisors,4380011,Marc,Williams,mwilliams@highadvi.com,+13335483907,"5302 Oak St, Ste 2986, Cleveland, OH, 44101",Cleveland,OH,44101,134.2
SRA0000195,Broadridge,Anderson Wealth Solutions Group,Hightower Advisors,7636992,Carol,Anderson,andersonc@highadvi.com,800-303-6514,"4945 River Blvd, Chicago, IL, 60601",Chicago,IL,60601,34.6
SRA0000196,Broadridge,Henderson Wealth Advisors,Rockefeller Capital Management,6986539,Shelly,Henderson,shelly.henderson@rockcapi.net,+14288813872,"6200 Hill Ln, Ste 3085, Atlanta, GA, 30301",Atlanta,GA,30301,1766.0
SRA0000197,Broadridge,Flores Cap Group,Dynasty Financial Partners,4706007,Amy,Flores,amy.flores@dynapart.net,8547792705,,Atlanta,GA,30301,26.6
SRA0000198,Broadridge,Green WA,Edward Jones,6632941,B.,GGreen,bggreen@edwajone.com,+16572115345,"3436 Park Ave, Ste 3323, Cincinnati, OH, 45201",Cincinnati,OH,45201,49.5
SRA0000199,Broadridge,Smith Capital Group,Morgan Stanley,9272543,Kim,Smith,,587-559-9946,"6150 Maple Pl, San Diego, CA, 92101",San Diego,CA,92101-4026,2892.2
SRA0000200,Broadridge,Patterson Fin Advisory Group,RBC Wealth Management,1560573,Betty,Patterson,bpatterson@rbc.com,+15012206221,"4279 Maple Ave, Ste 3736, Chicago, IL, 60601",Chicago,IL,60601,143.2
SRA0000201,Broadridge,Foster Adv Group,UBS Financial Services,9098979,Chris,Foster,cfoster@ubs.com,921-231-8066,"2704 Capital Way, Ste 514, Cleveland, OH, 44101",Cleveland,OH,44101-7738,64.6
SRA0000202,Broadridge,Harris Private Client Group,Oppenheimer & Co,5989554,Tony,Harris,tony.harris@oppe.net,+14432981813,"6438 Financial Ct, Minneapolis, MN, 55401",Minneapolis,MN,55401,89.6
SRA0000203,Broadridge,Campbell Capital Group,Merrill Lynch,9058573,Mike,Campbell,mcampbell@merrlync.com,(404) 299-1421,"3391 Elm Ln, Minneapolis, MN, 55401",Minneapolis,MN,55401,525.8
SRA0000204,Broadridge,Anderson Asset Mgmt Grp,Stifel Financial,9205682,S.,Anderson,s..anderson@stif.net,+18764712493,"8915 Madison Blvd, Ste 1662, Kansas City, MO, 64101",Kansas City,MO,64101-6025,55.5
SRA0000205,Broadridge,Flores Invest Grp,Morgan Stanley,2034137,Dan,Flores,,354.970.2584,"1405 Sunset Ct, Ste 3198, Baltimore, MD, 21201",Baltimore,MD,21201,199.1
SRA0000206,Broadridge,Peterson Wealth Solutions Group,Morgan Stanley,8023480,Marc,Peterson,marc.peterson@morgstan.net,7489038779,,Austin,TX,78701,2418.4
SRA0000207,Broadridge,Brooks Asset Management Group,Hightower Advisors,3804559,Jen,Brooks,jbrooks@highadvi.com,(416) 397-3067,"700 Jefferson Ave, Dallas, TX, 75201",Dallas,TX,75201,795.1
SRA0000208,Broadridge,Ross Wealth Solutions Group,Raymond James,2124274,Matt,Ross,matt.ross@raymjame.net,(289) 597-7510,"9045 River Ln, Ste 3856, St. Louis, MO, 63101",St. Louis,MO,63101,152.2
SRA0000209,Broadridge,Flores Fin Group,HighTower,2681144,Shelly,Flores,mflores@high.com,+13087762654,"4688 Commerce Rd, Dallas, TX, 75201",Dallas,TX,75201,130.8
SRA0000210,Broadridge,Jenkins Fin Grp,Rockefeller Capital Management,3889032,Eddie,Jenkins,eddie.jenkins@rockcapi.net,482-612-3356,"9973 Madison St, Ste 3700, Los Angeles, CA, 90001",Los Angeles,CA,90001,357.2
SRA0000211,Broadridge,Walker Priv Client Group,Morgan Stanley,6084418,Ashley,Walker,walkera@morgstan.com,518.487.9054,"1610 Park Blvd, Ste 3146, Charlotte, NC, 28201",Charlotte,NC,28201,317.2
SRA0000212,Broadridge,Adams Priv Client Group,Ameriprise Financial,2497984,Carol,Adams,adamsc@amer.com,3926524463,"6672 Broadway Ct, Louisville, KY, 40201",Louisville,KY,40201,208.4
SRA0000213,Broadridge,Lee Invest Grp,UBS Financial Services,1485669,Jenny,Lee,jlee@ubs.com,377-397-4288,"945 Park St, Ste 3860, Boston, MA, 02101",Boston,MA,02101,336.2
SRA0000214,Broadridge,Sanchez Wealth Part,Ameriprise Financial,7659586,Dottie,Sanchez,dottie.sanchez@amer.net,8503261500,"3964 Sunset Pl, Ste 827, Columbus, OH, 43201",Columbus,OH,43201,56.0
SRA0000215,Broadridge,Peterson Wealth Partners,Janney Montgomery Scott,5782670,Sarah,Peterson,petersons@jannmontsc.com,228.595.1813,"2670 Financial Dr, Philadelphia, PA, 19101",Philadelphia,PA,19101,243.1
SRA0000216,Broadridge,Clark Wealth Advs,Ameriprise Financial,1336422,S.,Clark,sclark@amer.com,+19858981145,"7768 Cedar Blvd, Columbus, OH, 43201",Columbus,OH,43201,41.7
SRA0000217,Broadridge,Wilson Adv Group,Merrill Lynch,5742531,Sarah,Wilson,sarah.wilson@merrlync.net,505.900.2771,"7893 Pine Rd, Hartford, CT, 06101",Hartford,CT,06101,436.1
SRA0000218,Broadridge,Scott Wealth Advisors,Ameriprise Financial,1952520,Becca,Scott,rscott@amer.com,,"2293 Main Pl, Miami, FL, 33101",Miami,FL,33101,750.8
SRA0000219,Broadridge,Hill Wealth Sol Group,Edward Jones,,Jenny,Hill,hillj@edwajone.com,+19427723999,"5500 Liberty Ave, Ste 1014, Minneapolis, MN, 55401",Minneapolis,MN,55401,415.7
SRA0000220,Broadridge,Nelson Invest Group,Janney Montgomery Scott,,Timmy,Nelson,tnelson@jannmontsc.com,681-254-2166,,Baltimore,MD,21201,362.4
SRA0000221,Broadridge,Hill Wealth Management Group,Oppenheimer & Co,,Linda,Hill,lhill@oppe.com,(346) 523-3954,"1325 Broadway Rd, Boston, MA, 02101",Boston,MA,02101,691.7
SRA0000222,Broadridge,Henderson Wealth Mgmt Grp,Morgan Stanley,4512853,Kenny,Henderson,khenderson@morgstan.com,+19799923762,"9442 Elm Pl, Charlotte, NC, 28201",Charlotte,NC,28201,225.3
SRA0000223,Broadridge,Wood Wealth Advisors,Oppenheimer & Co,1078335,Tom,Wood,twood@oppe.com,238.746.4267,"6113 Main Rd, Detroit, MI, 48201",Detroit,MI,48201-1369,71.9
SRA0000224,Broadridge,Williams WA,Merrill Lynch,,M.,Williams,,,"6285 Market Ln, Ste 3474, Denver, CO, 80201",Denver,CO,80201-3562,421.7
SRA0000225,Broadridge,Nguyen Priv Client Group,Mesirow Financial,6750102,J.,Nguyen,nguyenj@mesi.com,+17015674087,"2702 Madison St, Ste 3078, Portland, OR, 97201",Portland,OR,97201,4830.3
SRA0000226,Broadridge,Foster Fin Grp,Merrill Lynch,7150383,Ant,Foster,fostera@merrlync.com,9288661612,"6148 Liberty Ln, Dallas, TX, 75201",Dallas,TX,75201,25.0
SRA0000227,Broadridge,Price WA,Morgan Stanley,8454356,Mick,Price,mprice@morgstan.com,5893269966,"4141 Broadway Blvd, Ste 2908, New York, NY, 10017",New York,NY,10017,410.1
SRA0000228,Broadridge,Parker Wealth Advs,Wells Fargo Advisors,3301222,J.,Parker,j..parker@wellfargad.net,,,Milwaukee,WI,53201,279.8
SRA0000229,Broadridge,Bennett Asset Mgmt Group,LPL Financial,7874568,M.,Bennett,mbennett@lpl.com,502-364-1645,"8981 Broadway Dr, Austin, TX, 78701",Austin,TX,78701,750.6
SRA0000230,Broadridge,Walker Wealth Management Group,Merrill Lynch,9289690,Kev,Walker,kwalker@merrlync.com,352.292.9383,"1230 Maple Ln, Dallas, TX, 75201",Dallas,TX,7520,
SRA0000231,Broadridge,King Wealth Management Group,Mesirow Financial,7043399,Drew,King,drew.king@mesi.net,893.520.7979,"1899 Maple St, Ste 666, Atlanta, GA, 30301",Atlanta,GA,30301,1229.8
SRA0000232,Broadridge,Parker Wealth Mgmt Team,Edward Jones,2740017,Mandy,Parker,mandy.parker@edwajone.net,,"9322 Lincoln Blvd, Los Angeles, CA, 90025",Los Angeles,CA,90025,2267.8
SRA0000233,Broadridge,Brown Family Wealth Grp,Raymond James,7900204,Lisa,Brown,lbrown@raymjame.com,651-247-2037,"4287 Liberty Rd, Ste 3656, Dallas, TX, 75201",Dallas,TX,75201-6319,194.6
SRA0000234,Broadridge,Bryant PC Group,Dynasty Financial Partners,2597897,Carol,Bryant,carol.bryant@dynapart.net,643.877.5072,"7896 Sunset Way, Ste 3485, Cleveland, OH, 44101",Cleveland,OH,44101,40.3
SRA0000235,Broadridge,Wood Wealth Mgmt Grp,Morgan Stanley,8873361,Laura,Wood,woodl@morgstan.com,+17073692226,"8056 River Dr, Ste 1239, Columbus, OH, 43201",Columbus,OH,43201,209.3
SRA0000236,Broadridge,Lewis Wealth Advisors,Steward Partners,,Jenny,Lewis,jenny.lewis@stewpart.net,,"8167 Lincoln Rd, Ste 2137, Detroit, MI, 48201",Detroit,MI,48201,322.3
SRA0000237,Broadridge,Evans Wealth Management Group,Oppenheimer & Co,6110305,Rick,Evans,rick.evans@oppe.net,(720) 775-4389,"7475 River Rd, Chicago, IL, 60614",Chicago,IL,60614,165.2
SRA0000238,Broadridge,Morris Adv Grp,Baird,4720299,Steph,Morris,smorris@bair.com,2025496818,"4784 Commerce Ct, Ste 535, Tampa, FL, 33601",Tampa,FL,33601,224.4
SRA0000239,Broadridge,Perez Financial Advisory Group,Rockefeller Capital Management,5266266,Laura,Perez,laura.perez@rockcapi.net,(825) 400-4072,"1979 Madison Dr, Ste 3300, Houston, TX, 77001",Houston,TX,77001,141.2
SRA0000240,Broadridge,Baker Asset Mgmt Grp,Wells Fargo Advisors,3067274,Dot,Baker,dbaker@wellfargad.com,6616689260,"2206 Broadway St, Ste 298, Los Angeles, CA, 90001",Los Angeles,CA,90001,1815.3
SRA0000241,Broadridge,Edwards Fam Wealth Group,Dynasty Financial Partners,3913368,Kathy,Edwards,kathy.edwards@dynapart.net,(948) 331-2696,"6348 Capital Rd, Ste 1675, Salt Lake City, UT, 84101",Salt Lake City,UT,84101,92.9
SRA0000242,Broadridge,Hughes Investment Group,RBC Wealth Management,3237608,Karen,Hughes,,(341) 622-9393,"4898 Commerce Rd, Cleveland, OH, 44101",Cleveland,OH,4410,909.9
SRA0000243,Broadridge,Ramirez Private Wealth Group,LPL Financial,3225862,Nancy,Ramirez,nancy.ramirez@lpl.net,+19278653913,"8256 Commerce Rd, Pittsburgh, PA, 15201",Pittsburgh,PA,15201,204.7
SRA0000244,Broadridge,Cook Fin Group,Dynasty Financial Partners,1214253,Sue,Cook,sue.cook@dynapart.net,7353091414,"6241 Cedar St, Richmond, VA, 23220",Richmond,VA,23220,149.8
SRA0000245,Broadridge,Long Wealth Sol Group,Steward Partners,5825775,Lisa,Long,llong@stewpart.com,909.880.1769,"6252 Madison Way, Hartford, CT, 06101",Hartford,CT,06101,87.3
SRA0000246,Broadridge,Peterson Wealth Mgmt Group,Morgan Stanley,,Angela,Peterson,petersona@morgstan.com,430.848.7025,,Miami,FL,33101,602.3
SRA0000247,Broadridge,Flores WA,Edward Jones,3002424,Drew,Flores,aflores@edwajone.com,(586) 241-8020,"4573 Commerce Ln, Ste 2492, Atlanta, GA, 30301",Atlanta,GA,30301,1564.2
SRA0000248,Broadridge,Nelson Priv Client Group,Mesirow Financial,3578714,Jim,Nelson,jnelson@mesi.com,530-811-1833,"4935 Broadway Ct, Ste 3311, Los Angeles, CA, 90001",Los Angeles,CA,90001,162.9
SRA0000249,Broadridge,Lewis Adv Group,Edward Jones,7768215,Linda,Lewis,linda.lewis@edwajone.net,294-557-4624,"3496 River Rd, Ste 994, Columbus, OH, 43201",Columbus,OH,43201,545.9
SRA0000250,Broadridge,Allen Private Client Group,Steward Partners,7290752,Eddie,Allen,eallen@stewpart.com,7267208300,"7976 Oak Ln, New York, NY, 10017",New York,NY,10017,1678.2
SRA0000251,Broadridge,Cooper WM Team,UBS Financial Services,9945709,Ken,Cooper,kcooper@ubs.com,207-841-2072,,Richmond,VA,23220,78.0
SRA0000252,Broadridge,Wilson Advisory Group,LPL Financial,8704520,Deborah,Wilson,wilsond@lpl.com,9345391620,"1434 Pine St, Ste 1131, Chicago, IL, 60601",Chicago,IL,6060,244.9
SRA0000253,Broadridge,Brooks Invest Group,RBC Wealth Management,8568632,Bill,Brooks,bill.brooks@rbc.net,(845) 614-8094,"5184 Main Way, Orlando, FL, 32801",Orlando,FL,32801,127.5
SRA0000254,Broadridge,Coleman Wealth Management Team,HighTower,5862651,Jim,Coleman,colemanj@high.com,902-508-2417,"4613 Lincoln Way, Ste 2806, Chicago, IL, 60601",Chicago,IL,60601,106.0
SRA0000255,Broadridge,Lee Priv Wealth Group,Steward Partners,5948917,Mary,Lee,leem@stewpart.com,8493475883,"6114 Main Ct, Detroit, MI, 48201",Detroit,MI,48201,775.0
SRA0000256,Broadridge,Garcia Fin Group,Merrill Lynch,4524102,Joey,Garcia,jgarcia@merrlync.com,966.959.6633,,Richmond,VA,23220,145.0
SRA0000257,Broadridge,Allen WM Team,LPL Financial,1912484,Lisa,Allen,,+19697628557,"9006 Pine Ln, Memphis, TN, 38101",Memphis,TN,38101,209.0
SRA0000258,Broadridge,Sanchez Fam Wealth Group,Dynasty Financial Partners,2678477,Rick,Sanchez,rsanchez@dynapart.com,491-834-2143,"3171 River Pl, Ste 2624, Pittsburgh, PA, 15201",Pittsburgh,PA,15201-2769,806.7
SRA0000259,Broadridge,Kelly Fin Group,Raymond James,8185805,Ashley,Kelly,akelly@raymjame.com,+13722046131,"4034 Park Way, Ste 1572, St. Louis, MO, 63101",St. Louis,MO,63101-5156,902.0
SRA0000260,Broadridge,Foster Family Wealth Grp,Baird,2825908,S.,Foster,sfoster@bair.com,3798612343,,Las Vegas,NV,89101,129.6
SRA0000261,Broadridge,Martinez Wealth Solutions Grp,Merrill Lynch,,K.,Martinez,k..martinez@merrlync.net,987.804.4485,"601 Commerce Ln, Ste 2310, Salt Lake City, UT, 84101",Salt Lake City,UT,84101,526.1
SRA0000262,Broadridge,Martin Capital Group,Janney Montgomery Scott,8796391,Betty,Martin,betty.martin@jannmontsc.net,713.722.2483,"6501 Sunset Ct, Ste 1078, Salt Lake City, UT, 84101",Salt Lake City,UT,84101,222.8
SRA0000263,Broadridge,King Private Wealth Group,Janney Montgomery Scott,7511121,Bill,King,kingb@jannmontsc.com,680.665.1760,"654 Liberty Rd, Ste 2235, Seattle, WA, 98101",Seattle,WA,98101,31.4
SRA0000264,Broadridge,Gonzales Financial Group,Ameriprise Financial,7350486,Deborah,Gonzales,gonzalesd@amer.com,(574) 801-2275,"8466 Lake Way, Orlando, FL, 32801",Orlando,FL,32801,199.9
SRA0000265,Broadridge,White Wealth Part,Edward Jones,7956063,Chuck,White,cwhite@edwajone.com,538-937-2856,"7890 Broadway Pl, Ste 760, Denver, CO, 80201",Denver,CO,80201,25.5
SRA0000266,Broadridge,Young Financial Advisory Group,Morgan Stanley,3463987,Johnny,Young,,257-370-5231,"2950 Market Way, Ste 2408, Boston, MA, 02101",Boston,MA,02101-5885,197.7
SRA0000267,Broadridge,Simmons Wealth Management Team,Stifel Financial,8909005,Sharon,Simmons,ssimmons@stif.com,693.374.4594,"6731 Capital Blvd, Las Vegas, NV, 89101",Las Vegas,NV,89101,179.3
SRA0000268,Broadridge,Perry Invest Grp,Hightower Advisors,2154992,Lisa,Perry,lperry@highadvi.com,+14355877315,"2167 Maple St, Ste 3620, Cleveland, OH, 44101",Cleveland,OH,44101,1085.3
SRA0000269,Broadridge,Bennett Wealth Sol Group,Steward Partners,1728773,Laura,eBnnett,laura.ebnnett@stewpart.net,914-742-8028,"3760 Broadway Way, Ste 3395, Portland, OR, 97201",Portland,OR,97201,75.2
SRA0000270,Broadridge,Collins Invest Grp,Raymond James,2406225,Rich,Collins,rcollins@raymjame.com,490.812.9908,"6696 Lake Dr, Ste 3145, Denver, CO, 80201",Denver,CO,80201,198.1
SRA0000271,Broadridge,Richardson Adv Group,Wells Fargo Advisors,6299951,Jess,Richardson,jrichardson@wellfargad.com,(618) 570-2746,"2536 Jefferson Ln, Ste 2295, Orlando, FL, 32801",Orlando,FL,32801,83.9
SRA0000272,Broadridge,Campbell Invest Grp,HighTower,7932818,Jess,Campbell,jess.campbell@high.net,(765) 770-8904,"2929 Sunset Ct, Ste 1139, Seattle, WA, 98101",Seattle,WA,98101,57.2
SRA0000273,Broadridge,Hall Private Client Group,Piper Sandler,3714471,J.,Hall,j..hall@pipesand.net,3024199328,"6563 River Ct, Dallas, TX, 75201",Dallas,TX,75201,237.7
SRA0000274,Broadridge,Roberts Financial Group,Piper Sandler,3940561,K.,Roberts,kroberts@pipesand.com,855-706-8192,"176 Washington Ct, Ste 237, Louisville, KY, 40201",Louisville,KY,40201,1817.5
SRA0000275,Broadridge,Richardson Fin Group,RBC Wealth Management,7035435,Jen,Richardson,jen.richardson@rbc.net,(444) 870-1004,"2580 Pine Ln, Los Angeles, CA, 90001",Los Angeles,CA,90001,507.7
SRA0000276,Broadridge,Phillips Fin Group,Piper Sandler,2512732,Maggie,Phillips,maggie.phillips@pipesand.net,+17624916703,"5694 Lake Dr, Austin, TX, 78701",Austin,TX,78701,1550.9
SRA0000277,Broadridge,Evans Wealth Mgmt Grp,Dynasty Financial Partners,7830585,R.,Evans,evansr@dynapart.com,7183092185,"8244 Hill Rd, Atlanta, GA, 30301",Atlanta,GA,30301,281.9
SRA0000278,Broadridge,Allen Wealth Sol Group,Steward Partners,5081447,Angela,Allen,angela.allen@stewpart.net,9755478517,"7549 Financial St, Ste 1156, Las Vegas, NV, 89101",Las Vegas,NV,89101,1086.1
SRA0000279,Broadridge,Henderson Wealth Advs,RBC Wealth Management,7919359,Eddie,Henderson,ehenderson@rbc.com,(561) 728-9776,"160 Lake Dr, Ste 1734, St. Louis, MO, 63101",St. Louis,MO,63101-8212,169.9
SRA0000280,Broadridge,Peterson Fam Wealth Group,Edward Jones,4066614,Will,Peterson,wpeterson@edwajone.com,9648994115,"8176 Washington Dr, Pittsburgh, PA, 15201",Pittsburgh,PA,15201,342.7
SRA0000281,Broadridge,Robinson Wealth Solutions Group,LPL Financial,6973148,Tony,Robinson,tony.robinson@lpl.net,359-997-2747,"1965 Pine Pl, Milwaukee, WI, 53201",Milwaukee,WI,53201,1111.8
SRA0000282,Broadridge,Garcia Wealth Part,Rockefeller Capital Management,5609255,Angela,Garcia,garciaa@rockcapi.com,(702) 387-9374,"4592 Madison Dr, Indianapolis, IN, 46201",Indianapolis,IN,46201-7407,1673.8
SRA0000283,Broadridge,Cox Family Wealth Grp,Oppenheimer & Co,6826541,Mick,oCx,mocx@oppe.com,6039023863,"7491 Maple Ct, Ste 2923, Columbus, OH, 43201",Columbus,OH,43201,56.4
SRA0000284,Broadridge,Long Cap Grp,LPL Financial,4139896,Jim,Long,jim.long@lpl.net,(761) 469-4885,"4414 Broadway Rd, Ste 2142, St. Louis, MO, 63101",St. Louis,MO,63101,54.8
SRA0000285,Broadridge,Edwards PW Group,Piper Sandler,8071943,Susie,Edwards,,711.337.9470,"8749 River Pl, Ste 2402, Boston, MA, 02134",Boston,MA,02134,223.7
SRA0000286,Broadridge,Phillips PC Group,Wells Fargo Advisors,4614941,Mike,Phillips,mike.phillips@wellfargad.net,(460) 687-2577,"7371 River Ln, Ste 2395, Los Angeles, CA, 90025",Los Angeles,CA,90025,236.2
SRA0000287,Broadridge,Gonzales Wealth Management Team,Mesirow Financial,5807067,Carol,Gonzales,carol.gonzales@mesi.net,674-846-3373,"2746 Liberty Rd, Ste 2608, Milwaukee, WI, 53201",Milwaukee,WI,53201,1020.3
SRA0000288,Broadridge,Martinez Fin Adv Group,UBS Financial Services,5487442,Ronald,Martinez,martinezr@ubs.com,819.860.7479,"4445 Lincoln Rd, Denver, CO, 80201",Denver,CO,80201,134.0
SRA0000289,Broadridge,Floers Fin Advisory Group,Oppenheimer & Co,3097821,Angela,Flores,aflores@oppe.com,945.440.5122,"1312 Washington Blvd, Ste 491, New York, NY, 10017",New York,NY,10017,1235.1
SRA0000290,Broadridge,Reed Wealth Management Group,Steward Partners,2743629,Kate,Reed,kreed@stewpart.com,468-832-3544,"1382 Liberty Way, Ste 1113, Detroit, MI, 48201",Detroit,MI,48201,26.7
SRA0000291,Broadridge,Flores Cap Group,Janney Montgomery Scott,6093108,Jeff,Flores,jeff.flores@jannmontsc.net,2102009574,,Boston,MA,0213,25.3
SRA0000292,Broadridge,Alexander Invest Group,Rockefeller Capital Management,1121097,Amy,Alexander,aalexander@rockcapi.com,(761) 582-4089,"6746 Commerce Way, Ste 768, Portland, OR, 97201",Portland,OR,97201,409.5
SRA0000293,Broadridge,Carter Invest Grp,RBC Wealth Management,,Deborah,Carter,dcarter@rbc.com,729.982.5454,"4665 Liberty Ct, Portland, OR, 97201",Portland,OR,97201,54.0
SRA0000294,Broadridge,Rodriguez Fin Adv Group,Edward Jones,5565653,Matt,Rodriguez,rodriguezm@edwajone.com,917-837-9060,"3077 River St, Ste 2291, Dallas, TX, 75201",Dallas,TX,75201,81.4
SRA0000295,Broadridge,Wilson Invest Grp,Stifel Financial,1137641,Danny,Wilson,wilsond@stif.com,,"242 Broadway Dr, Ste 1376, Las Vegas, NV, 89101",Las Vegas,NV,89101,69.5
SRA0000296,Broadridge,Morgan Wealth Partners,Morgan Stanley,2197636,Geo,Morgan,morgang@morgstan.com,756.681.3975,"3149 Lake Way, Boston, MA, 02134",Boston,MA,02134,1751.1
SRA0000297,Broadridge,Butler Cap Grp,RBC Wealth Management,1562209,Carol,Butler,cbutler@rbc.com,+14036712539,"8539 Washington Pl, Ste 1378, Phoenix, AZ, 85001",Phoenix,AZ,85001,521.5
SRA0000298,Broadridge,Thomas Asset Mgmt Group,Piper Sandler,1704531,Sarah,Thomas,sthomas@pipesand.com,+17959078786,"9769 Cedar Rd, New York, NY, 10001",New York,NY,1000,259.0
SRA0000299,Broadridge,Murphy Wealth Advisors,UBS Financial Services,3582322,C.,Murphy,cmurphy@ubs.com,+19187492759,,Cincinnati,OH,4520,673.3
SRA0000300,Broadridge,Stewart Wealth Mgmt Grp,LPL Financial,3260430,Mandy,Stewart,stewartm@lpl.com,+14562408951,"7169 Commerce Ln, Ste 2107, Pittsburgh, PA, 15201",Pittsburgh,PA,15201,
SRA0000301,Broadridge,Henderson Cap Grp,Hightower Advisors,7108168,Carol,Henderson,hendersonc@highadvi.com,(835) 444-6254,,New York,NY,10017,2197.1
SRA0000302,Broadridge,Bell Wealth Management Team,LPL Financial,,Rick,Bell,rbell@lpl.com,8737019615,"9672 Lake St, Ste 2581, Memphis, TN, 38101",Memphis,TN,38101,417.1
SRA0000303,Broadridge,Clark Wealth Solutions Grp,Rockefeller Capital Management,7978536,Jimmy,Clark,jclark@rockcapi.com,,"4356 Market St, Baltimore, MD, 21201",Baltimore,MD,21201,300.6
SRA0000304,Broadridge,Wilson Wealth Part,Dynasty Financial Partners,4026551,Emily,Wilson,wilsone@dynapart.com,7636119268,"5530 Elm Ct, Portland, OR, 97201",Portland,OR,97201,409.0
SRA0000305,Broadridge,Rivera Adv GGrp,Baird,7917972,Kate,Rivera,kate.rivera@bair.net,,"5300 Capital Dr, Ste 976, Tampa, FL, 33601",Tampa,FL,33601,143.5
SRA0000306,Broadridge,Peterson Wealth Part,Ameriprise Financial,1581546,Carol,Peterson,petersonc@amer.com,491.810.1267,"8481 Cedar Ln, Ste 1008, Las Vegas, NV, 89101",Las Vegas,NV,89101,249.6
SRA0000307,Broadridge,Green Asset Management Group,Merrill Lynch,9577712,S.,Green,sgreen@merrlync.com,(769) 784-3534,"1545 Oak Pl, Ste 666, Hartford, CT, 06101",Hartford,CT,0610,245.2
SRA0000308,Broadridge,Kelly PW Group,RBC Wealth Management,4647992,G.,Kelly,gkelly@rbc.com,+19512796319,"7906 Elm Pl, Nashville, TN, 37201",Nashville,TN,37201,725.3
SRA0000309,Broadridge,Gonzalez Wealth Advisors,HighTower,7401281,M.,Gonzalez,mgonzalez@high.com,(280) 998-1916,"5479 Sunset Way, Ste 3654, Los Angeles, CA, 90001",Los Angeles,CA,90001,505.6
SRA0000310,Broadridge,Bailey Private eWalth Group,UBS Financial Services,7615632,J.,Bailey,jbailey@ubs.com,3513356507,"1353 Broadway St, Ste 1175, Minneapolis, MN, 55401",Minneapolis,MN,55401,348.1
SRA0000311,Broadridge,Edwards WA,Baird,7938755,Carol,Edwards,cedwards@bair.com,+16335746706,"3121 River Rd, Ste 199, Dallas, TX, 75201",Dallas,TX,75201,272.1
SRA0000312,Broadridge,Hall Wealth Sol Group,HighTower,4917305,Chris,Hall,hallc@high.com,4049017124,"2556 Pine Ave, Milwaukee, WI, 53201",Milwaukee,WI,53201,325.1
SRA0000313,Broadridge,Barnes Wealth Solutions Group,Raymond James,6759137,Amy,Barne,abarne@raymjame.com,910-313-5999,"7374 Broadway St, Ste 3131, New York, NY, 10001",New York,NY,10001-5041,320.1
SRA0000314,Broadridge,Clark Adv Grp,Steward Partners,,Ant,Clark,ant.clark@stewpart.net,+19119151301,"6171 Financial Ct, Ste 797, Hartford, CT, 06101",Hartford,CT,06101,37.1
SRA0000315,Broadridge,Sanchez Invest Grp,HighTower,1139824,Andy,Sanchez,asanchez@high.com,2685975445,"5902 Maple St, Ste 3718, Baltimore, MD, 21201",Baltimore,MD,21201,278.1
SRA0000316,Broadridge,arter Private Client Group,Higghtower Advisors,2476741,Marc,Carter,mcarter@highadvi.com,3904039202,"7504 Commerce St, Ste 3877, St. Louis, MO, 63101",St. Louis,MO,63101,45.2
SRA0000317,Broadridge,Nelson Cap Grp,Rockefeller Capital Management,6818001,Josh,Nelson,nelsonj@rockcapi.com,(900) 560-6822,"4954 Park Ct, Ste 353, New York, NY, 10017",New York,NY,10017,
SRA0000318,Broadridge,Roberts Adv Grp,Merrill Lynch,3302852,Sharon,Roberts,robertss@merrlync.com,289-947-7262,"8532 Capital Dr, Ste 2446, Denver, CO, 80201",Denver,CO,80201,1108.8
SRA0000319,Broadridge,Washington Financial Advisory Group,Hightower Advisors,3651604,Ashley,Washington,washingtona@highadvi.com,525-269-9732,"1940 Elm Rd, Boston, MA, 02134",Boston,MA,02134-3089,100.3
SRA0000320,Broadridge,Brown Cap Grp,Baird,8432381,K.,Brown,kbrown@bair.com,+19638525485,"2490 Washington Ave, Ste 207, Nashville, TN, 37201",Nashville,TN,37201,70.1
SRA0000321,Broadridge,Wright Financial Group,HighTower,7027405,Lisa,Wright,lwright@high.com,2819048808,"2197 Market Pl, Louisville, KY, 40201",Louisville,KY,40201,311.6
SRA0000322,Broadridge,Clark Fin Adv Group,UBS Financial Services,8676330,Donna,Clark,dclark@ubs.com,+14526377633,,Milwaukee,WI,53201,89.6
SRA0000323,Broadridge,Bryant Fin Grp,Dynasty Financial Partners,2834023,Lisa,Bryant,lbryant@dynapart.com,662-667-1694,,Austin,TX,78701,245.2
SRA0000324,Broadridge,Roberts Asset Management Group,Hightower Advisors,6109570,Susie,Roberrts,sroberts@highadvi.com,492-672-3727,"6922 Hill St, Miami, FL, 33101",Miami,FL,33101,175.4
SRA0000325,Broadridge,Coleman WM Team,Mesirow Financial,3270069,R.,Coleman,,+16026236299,"7388 Main Blvd, Ste 3772, Atlanta, GA, 30301",Atlanta,GA,30301,848.1
SRA0000326,Broadridge,Morris Investment Group,UBS Financial Services,2915369,Sharon,Morris,smorris@ubs.com,923.660.6946,"1398 Market Way, San Francisco, CA, 94101",San Francisco,CA,94101,227.1
SRA0000327,Broadridge,Lee Adv Grp,Piper Sandler,3866974,Lisa,Lee,lisa.lee@pipesand.net,(543) 779-3459,"2657 Cedar Blvd, Los Angeles, CA, 90001",Los Angeles,CA,90001,142.6
SRA0000328,Broadridge,Flores Private Client Group,Stifel Financial,3207395,Timmy,Flores,timmy.flores@stif.net,+14072035146,,Minneapolis,MN,55401,169.6
SRA0000329,Broadridge,Ross Wealth Sol Group,Steward Partners,6855581,Lisa,Ross,lross@stewpart.com,+12373481531,"9472 Capital Ln, Ste 459, Los Angeles, CA, 90025",Los Angeles,CA,9002,
SRA0000330,Broadridge,Parker Fin Adv Group,Edward Jones,3976601,Rick,Parker,parkerr@edwajone.com,666.967.6901,"588 Pine Ln, Ste 3776, Milwaukee, WI, 53201",Milwaukee,WI,53201,371.4
SRA0000331,Broadridge,Rodriguez Wealth Solutions Grp,Oppenheimer & Co,5603979,M.,Rodriguez,mrodriguez@oppe.com,537-739-7779,"8596 Washington Dr, Minneapolis, MN, 55401",Minneapolis,MN,55401,129.1
SRA0000332,Broadridge,Foster Wealth Management Team,Hightower Advisors,5818203,Jess,Foster,jfoster@highadvi.com,(637) 823-6185,,Louisville,KY,40201,259.4
SRA0000333,Broadridge,Murphy Priv Client Group,Hightower Advisors,4904421,J.,Murphy,jmurphy@highadvi.com,9254974171,"26 Maple St, Ste 3363, Indianapolis, IN, 46201",Indianapolis,IN,46201,630.7
SRA0000334,Broadridge,Clark Capital Group,HighTower,6600104,Emily,Clark,eclark@high.com,,"186 Liberty Dr, Los Angeles, CA, 90001",Los Angeles,CA,90001,26.1
SRA0000335,Broadridge,Rodriguez Invest Grp,Stifel Financial,7644605,M.,Rodriguez,rodriguezm@stif.com,941-782-1477,"2878 Washington Rd, New York, NY, 10001",New York,NY,10001,561.9
SRA0000336,Broadridge,Reed Wealth Advisors,Morgan Stanley,3606949,Cynthia,Reed,creed@morgstan.com,+18426719797,"5491 Lincoln Way, Kansas City, MO, 64101",Kansas City,MO,64101-7363,468.6
SRA0000337,Broadridge,Perez Fin Group,Dynasty Financial Partners,2960327,Deborah,Perez,dperez@dynapart.com,9695156152,"519 Lake Way, Ste 3692, Atlanta, GA, 30301",Atlanta,GA,30301,187.7
SRA0000338,Broadridge,Flores PW Group,Stifel Financial,,G.,Flores,floresg@stif.com,(294) 654-9290,"409 Broadway Ct, Ste 1493, Atlanta, GA, 30301",Atlanta,GA,30301-9619,1143.6
SRA0000339,Broadridge,Cox Asset Management Group,Stifel Financial,2648387,Kim,Cox,kcox@stif.com,(728) 892-3174,"3362 Oak Pl, Ste 3642, Boston, MA, 02134",Boston,MA,02134,899.5
SRA0000340,Broadridge,Smith Wealth Mgmt Group,Stifel Financial,9733844,Joey,Smith,smithj@stif.com,9848746119,,Cleveland,OH,44101,164.4
SRA0000341,Broadridge,Sanchez Investment Group,LPL Financial,6354444,Ken,Sanchez,ken.sanchez@lpl.net,651-887-2927,"4468 Cedar Blvd, Ste 162, Richmond, VA, 23220",Richmond,VA,23220,269.2
SRA0000342,Broadridge,Cooper Priv Wealth Group,Wells Fargo Advisors,5752443,Sue,Cooper,coopers@wellfargad.com,7874503806,"1168 Hill Rd, Ste 307, Hartford, CT, 06101",Hartford,CT,06101,197.5
SRA0000343,Broadridge,Reed Wealth Mgmt Team,Morgan Stanley,2444846,Johnny,Reed,jreed@morgstan.com,6366013932,"9767 Financial Pl, Los Angeles, CA, 90025",Los Angeles,CA,90025,431.3
SRA0000344,Broadridge,Sanchez Wealth Mgmt Team,Steward Partners,8856366,Kev,Sanchez,kev.sanchez@stewpart.net,299-666-6085,"7626 Broadway Dr, Memphis, TN, 38101",Memphis,TN,38101,1095.4
SRA0000345,Broadridge,Wood WP,Ameriprise Financial,6541983,Becky,Wood,rwood@amer.com,5326648987,"496 Pine Pl, Ste 2060, Atlanta, GA, 30301",Atlanta,GA,30301,1230.3
SRA0000346,Broadridge,Perez Asset Management Group,Stifel Financial,,S.,Perez,perezs@stif.com,(931) 309-6339,"9112 Liberty Ave, Louisville, KY, 40201",Louisville,KY,40201,68.7
SRA0000347,Broadridge,Evans Capital Group,Dynasty Financial Partners,5088457,Ry,Evans,revans@dynapart.com,(761) 362-8903,"6289 Pine Rd, Ste 2942, Milwaukee, WI, 53201",Milwaukee,WI,53201,127.4
SRA0000348,Broadridge,Edwards Asset Management Group,Dynasty Financial Partners,2306851,Jay,Edwards,edwardsj@dynapart.com,9579288972,"1874 Financial Pl, Ste 499, Richmond, VA, 23220",Richmond,VA,23220,192.4
SRA0000349,Broadridge,Flores WM Team,Piper Sandler,7357071,Dan,Flores,floresd@pipesand.com,535.706.2007,"1484 Washington Blvd, Louisville, KY, 40201",Louisville,KY,4020,117.8
SRA0000350,Broadridge,Jackson Family Wealth Group,Raymond James,4450430,Donna,Jackson,djackson@raymjame.com,8975245910,"9344 Hill Way, Orlando, FL, 32801",Orlando,FL,32801,87.5
SRA0000351,Broadridge,Kelly Fin Group,Merrill Lynch,5935599,Dave,Kelly,dave.kelly@merrlync.net,263.578.9992,,Boston,MA,02101,108.5
SRA0000352,Broadridge,Torres Priv Wealth Group,Merrill Lynch,7422144,Joe,Torres,jtorres@merrlync.com,,"8932 Washington Blvd, Ste 870, Salt Lake City, UT, 84101",Salt Lake City,UT,84101,
SRA0000353,Broadridge,Campbell Fin Adv Group,Oppenheimer & Co,3252801,Eddie,Campbell,ecampbell@oppe.com,211-273-1257,"2360 Broadway Way, Boston, MA, 02101",Boston,MA,02101,491.3
SRA0000354,Broadridge,Moore Wealth Solutions Grp,Oppenheimer & Co,8623472,D.,Moore,moored@oppe.com,(721) 634-8373,"6304 Sunset Dr, Ste 2576, Louisville, KY, 40201",Louisville,KY,40201,1088.7
SRA0000355,Broadridge,Murphy PC Group,RBC Wealth Management,,J.,Murphy,j..murphy@rbc.net,(234) 238-8917,"6039 Maple Pl, San Diego, CA, 92101",San Diego,CA,92101,116.4
SRA0000356,Broadridge,Foster Wealth Solutions Group,Hightower Advisors,2483883,Chuck,Foster,fosterc@highadvi.com,451-683-2279,"8835 Financial Ln, Baltimore, MD, 21201",Baltimore,MD,21201,54.7
SRA0000357,Broadridge,Johnson Family Wealth Grp,Rockefeller Capital Management,6561881,Babs,Johnson,bjohnson@rockcapi.com,631-561-5827,"4739 Elm St, Memphis, TN, 38101",Memphis,TN,38101,204.8
SRA0000358,Broadridge,Hill Investment Group,Dynasty Financial Partners,1866037,Emily,Hill,ehill@dynapart.com,872-498-1447,"4700 Broadway Ave, Ste 414, Cincinnati, OH, 45201",Cincinnati,OH,45201,119.9
SRA0000359,Broadridge,Taylor Invest Group,HighTower,1238286,Steve,Taylor,staylor@high.com,959-314-3860,"9696 Cedar Pl, Ste 818, Philadelphia, PA, 19101",Philadelphia,PA,19101,279.9
SRA0000360,Broadridge,Flores Family Wealth Grp,RBC Wealth Management,2416021,M.,Flores,m..flores@rbc.net,3488093525,"8126 Jefferson Way, Ste 1902, Austin, TX, 78701",Austin,TX,78701-7567,510.4
SRA0000361,Broadridge,Brooks Wealth Mgmt Grp,Janney Montgomery Scott,1881193,Tony,Brooks,tbrooks@jannmontsc.com,371.675.7533,"7803 Hill Pl, Dallas, TX, 75201",Dallas,TX,75201,99.1
SRA0000362,Broadridge,Carter Fam Wealth Group,Piper Sandler,5845129,Marc,arter,marter@pipesand.com,659.591.6172,"8688 Oak Ave, Boston, MA, 02134",Boston,MA,02134,70.1
SRA0000363,Broadridge,Edwards Wealth Advs,HighTower,,Angela,Edwards,aedwards@high.com,+14733005183,"9572 Madison Pl, Cleveland, OH, 44101",Cleveland,OH,44101,203.4
SRA0000364,Broadridge,Long Asset Mgmt Group,Dynasty Financial Partners,4018500,K.,Long,longk@dynapart.com,520-760-1173,"139 Pine St, Ste 2251, Austin, TX, 78701",Austin,TX,7870,99.7
SRA0000365,Broadridge,Flores Priv Wealth Group,Janney Montgomery Scott,4239337,S.,Flores,floress@jannmontsc.com,234.224.2506,"932 Capital Dr, Philadelphia, PA, 19101",Philadelphia,PA,1910,1265.8
SRA0000366,Broadridge,Thomas Wealth Sol Group,UBS Financial Services,4099902,Dottie,Thomas,,3139124018,"4151 Hill Pl, Orlando, FL, 32801",Orlando,FL,32801,54.2
SRA0000367,Broadridge,Morris Asset Management Group,Ameriprise Financial,5317391,Nancy,Morris,morrisn@amer.com,365.999.2212,"4544 Oak Way, Ste 346, St. Louis, MO, 63101",St. Louis,MO,63101,27.3
SRA0000368,Broadridge,King Fam Wealth Group,Edward Jones,7587312,Angela,King,kinga@edwajone.com,3828609061,"1777 Cedar Ct, Indianapolis, IN, 46201",Indianapolis,IN,46201,518.3
SRA0000369,Broadridge,Coleman Fam Wealth Group,Wells Fargo Advisors,1584868,Lisa,Coleman,colemanl@wellfargad.com,2742725105,"7306 Main Pl, Ste 2722, Houston, TX, 77001",Houston,TX,77001,215.3
SRA0000370,Broadridge,Jones Invest Group,Piper Sandler,9646691,Kathy,Jones,kjones@pipesand.com,+19249899039,"7834 Jefferson Way, Cleveland, OH, 44101",Cleveland,OH,4410,926.9
SRA0000371,Broadridge,Lewis Cap Group,Merrill Lynch,9980912,Babs,Lewis,blewis@merrlync.com,5675415961,"6564 Oak Ave, Ste 3595, Dallas, TX, 75201",Dallas,TX,75201,107.3
SRA0000372,Broadridge,Morris WA,Stifel Financial,4204501,Dave,Morris,dmorris@stif.com,,"1750 Liberty Rd, Ste 3725, Atlanta, GA, 30301",Atlanta,GA,30301,
SRA0000373,Broadridge,Harris Wealth Management Group,Raymond James,5001116,Emily,Harris,eharris@raymjame.com,7005982032,"8857 Liberty Ln, Ste 3517, New York, NY, 10017",New York,NY,10017-6988,84.7
SRA0000374,Broadridge,Williams Wealth Part,Morgan Stanley,2982850,Angela,Williams,angela.williams@morgstan.net,416-869-9570,"7510 Commerce Blvd, Cleveland, OH, 44101",Cleveland,OH,44101,265.9
SRA0000375,Broadridge,Martinez Priv Client Group,Morgan Stanley,1319824,Kate,Martine,kmartine@morgstan.com,682-833-1750,"3977 Liberty Blvd, Ste 2691, Indianapolis, IN, 46201",Indianapolis,IN,46201,183.0
SRA0000376,Broadridge,Flores Family Weallth Group,Wells Fargo Advisors,2915617,Laura,Flores,lflores@wellfargad.com,7098094613,,Salt Lake City,UT,84101,1931.7
SRA0000377,Broadridge,Thomas Adv Group,Dynasty Financial Partners,4577436,Ken,Thomas,kthomas@dynapart.com,982-246-3841,"5497 Pine Ave, Ste 3202, St. Louis, MO, 63101",St. Louis,MO,63101,595.5
SRA0000378,Broadridge,Flores Adv Group,Janney Montgomery Scott,3237592,Chris,Flores,chris.flores@jannmontsc.net,+13028477162,"2585 Main Pl, Ste 129, Las Vegas, NV, 89101",Las Vegas,NV,8910,252.9
SRA0000379,Broadridge,Lopez Invest Grp,Dynasty Financial Partners,,Kathy,Lopez,klopez@dynapart.com,411-346-5439,"8571 Lincoln Way, Ste 814, Kansas City, MO, 64101",Kansas City,MO,64101,1161.8
SRA0000380,Broadridge,Jones Financial Advisory Group,HighTower,6053293,Ashley,Jones,,556-628-1074,"9138 Park Dr, Ste 2271, Milwaukee, WI, 53201",Milwaukee,WI,53201-1502,1122.5
SRA0000381,Broadridge,Campbell Adv Group,Steward Partners,,Lisa,Campbell,lcampbell@stewpart.com,+14832544173,"1847 Cedar Pl, Ste 754, Baltimore, MD, 21201",Baltimore,MD,21201,146.7
SRA0000382,Broadridge,Coleman Invest Grp,Janney Montgomery Scott,8602555,Mike,Coleman,mcoleman@jannmontsc.com,2443061859,"8805 Elm Blvd, Portland, OR, 97201",Portland,OR,97201,225.0
SRA0000383,Broadridge,Anderson PW Group,UBS Financial Services,6468907,Jenny,Anderson,andersonj@ubs.com,+16294036336,"3770 Maple Rd, Ste 1071, Salt Lake City, UT, 84101",Salt Lake City,UT,84101,1187.1
SRA0000384,Broadridge,Sanchez PW Group,Piper Sandler,8312602,Becky,Sanchez,bsanchez@pipesand.com,(348) 421-8454,"2918 Madison Rd, Ste 3048, Kansas City, MO, 64101",Kansas City,MO,64101,165.1
SRA0000385,Broadridge,Rivera Priv Wealth Group,Ameriprise Financial,1538457,Nancy,Rivera,nancy.rivera@amer.net,908-782-1977,"4598 Cedar Ave, Boston, MA, 02101",Boston,MA,02101-2058,203.2
SRA0000386,Broadridge,Morgan Wealth Management Group,Ameriprise Financial,5157921,Mary,Morgan,mmorgan@amer.com,+15356444643,"9696 Cedar St, Ste 281, Phoenix, AZ, 85001",Phoenix,AZ,85001,1370.2
SRA0000387,Broadridge,Foster Wealth Mgmt rp,Hightower Advisors,2644153,Mary,Foster,mfoster@highadvi.com,(663) 707-4940,,Austin,TX,78701-8995,44.6
SRA0000388,Broadridge,Ramirez Wealth Partners,Raymond James,2522188,Amy,Ramirez,aramirez@raymjame.com,(216) 691-5994,,Phoenix,AZ,85001,887.6
SRA0000389,Broadridge,Moore Fin Advisory Group,Piper Sandler,2186125,Carol,Moore,moorec@pipesand.com,+15949076454,"8699 Oak Ln, Ste 1205, Cincinnati, OH, 45201",Cincinnati,OH,45201,48.6
SRA0000390,Broadridge,Brooks Asset Mgmt Group,LPL Financial,6632022,Babs,Brooks,bbrooks@lpl.com,,"5964 Oak Ave, Ste 2006, Milwaukee, WI, 53201",Milwaukee,WI,5320,
SRA0000391,Broadridge,Rivera Adv Gorup,Ameriprise Financial,1913687,Ken,Rivera,riverak@amer.com,+12645816656,"7413 Broadway Ct, Ste 602, Charlotte, NC, 28201",Charlotte,NC,28201-6295,114.7
SRA0000392,Broadridge,Howard Investment Group,Steward Partners,2101048,Dot,Howard,dhoward@stewpart.com,+13926682430,"1314 Madison Blvd, Ste 415, Milwaukee, WI, 53201",Milwaukee,WI,53201,76.7
SRA0000393,Broadridge,Scott Priv Client Group,Wells Fargo Advisors,3524938,Chris,Scott,scottc@wellfargad.com,(409) 733-1371,,Indianapolis,IN,46201,952.9
SRA0000394,Broadridge,Parker Private Client Group,Mesirow Financial,,B.,Parker,bparker@mesi.com,(732) 860-6503,"6746 Financial Rd, Minneapolis, MN, 55401",Minneapolis,MN,55401,280.7
SRA0000395,Broadridge,Sanders Wealth Solutions Group,Hightower Advisors,6101655,Patty,Sanders,patty.sanders@highadvi.net,7803356021,"2814 Lake Dr, Ste 1280, Baltimore, MD, 21201",Baltimore,MD,21201,326.7
SRA0000396,Broadridge,Stewart WP,Ameriprise Financial,1581986,Tom,Stewaart,tstewaart@amer.com,8815246633,"2424 Sunset Pl, Ste 765, Seattle, WA, 98101",Seattle,WA,98101,99.9
SRA0000397,Broadridge,Thomas Cap Group,Merrill Lynch,3618139,Josh,Thomas,jthomas@merrlync.com,204.956.9948,"8314 River Ln, Ste 1287, Boston, MA, 02134",Boston,MA,02134,3054.6
SRA0000398,Broadridge,Jackson PC Group,Dynasty Financial Partners,2884343,Maggie,Jackson,mjackson@dynapart.com,9496901656,"2285 Commerce Ave, Ste 1745, Cleveland, OH, 44101",Cleveland,OH,44101,104.0
SRA0000399,Broadridge,Lewis Wealth Partners,Mesirow Financial,9832094,Deborah,Lewis,deborah.lewis@mesi.net,(427) 985-5553,"3207 Main Ave, Ste 1924, St. Louis, MO, 63101",St. Louis,MO,63101-7893,1212.3
SRA0000400,Broadridge,Phillips Familly Wealth Group,LPL Financial,9582482,Jenny,Phillips,phillipsj@lpl.com,,"6514 Cedar Way, Ste 1627, Louisville, KY, 40201",Louisville,KY,40201-3658,412.5
SRA0000401,Broadridge,Sanders Wealth Mgmt Team,HighTower,6087374,Tom,Sanders,tsanders@high.com,6867376495,"1084 Financial Way, Ste 1777, Seattle, WA, 98101",Seattle,WA,98101,700.8
SRA0000402,Broadridge,Thompson Family Wealth Grp,Steward Partners,9230660,Tim,Thompson,tim.thompson@stewpart.net,243.509.5979,"8096 Commerce Pl, Ste 3340, Miami, FL, 33101",Miami,FL,33101,359.5
SRA0000403,Broadridge,King Wealth Advisors,Stifel Financial,5826621,Charlie,King,,,"4010 Main Ave, Dallas, TX, 75201",Dallas,TX,75201,665.4
SRA0000404,Broadridge,Price Fin Group,Janney Montgomery Scott,8986637,Will,Price,wprice@jannmontsc.com,,"8398 Financial St, Memphis, TN, 38101",Memphis,TN,38101,102.9
SRA0000405,Broadridge,Davis WP,Raymond James,6995933,Sarah,Davis,daviss@raymjame.com,367.254.5467,"5918 Jefferson Rd, Ste 1294, Boston, MA, 02101",Boston,MA,02101-5078,327.8
SRA0000406,Broadridge,Martinez Priv Wealth Group,Hightower Advisors,6412444,Nancy,Martinez,nmartinez@highadvi.com,523-901-5932,,Houston,TX,77001-5875,142.5
SRA0000407,Broadridge,Moore Invest Group,Hightower Advisors,7912120,Jimmy,oore,oorej@highadvi.com,+15483662678,"3570 Cedar Ct, Ste 871, Indianapolis, IN, 46201",Indianapolis,IN,46201-8734,160.5
SRA0000408,Broadridge,Hughes Wealth Solutions Grp,Hightower Advisors,3201710,Lisa,HHughes,lhhughes@highadvi.com,217-691-6705,,San Diego,CA,92101,144.6
SRA0000409,Broadridge,Baker PC Group,Edwrad Jones,2989725,Linda,Baker,lbaker@edwajone.com,4273313332,"3713 Hill Blvd, Ste 421, New York, NY, 10017",New York,NY,10017,284.6
SRA0000410,Broadridge,Anderson Wealth Mgmt Group,UBS Financial Services,,Ashley,Anderson,andersona@ubs.com,807-260-8685,,Portland,OR,97201,397.6
SRA0000411,Broadridge,Gonzalez Fin Group,Wells Fargo Advisors,4355853,Donna,Gonzalez,gonzalezd@wellfargad.com,389.886.6759,"480 Pine Blvd, Salt Lake City, UT, 84101",Salt Lake City,UT,84101,268.7
SRA0000412,Broadridge,Kelly Wealth Partners,Janney Montgomery Scott,9470971,Amy,Kelly,kellya@jannmontsc.com,7832692623,"9473 Main Ct, Ste 884, Columbus, OH, 43201",Columbus,OH,43201,344.3
SRA0000413,Broadridge,Alexander Wealth Mgmt Grp,Steward Partners,9458992,C.,Alexander,c..alexander@stewpart.net,924-686-7004,"9657 Elm Pl, Seattle, WA, 98101",Seattle,WA,98101,46.0
SRA0000414,Broadridge,Rivera Capital Group,Piper Sandler,6272748,Danny,Rivera,drivera@pipesand.com,+13266772807,"8516 Cedar Pl, Columbus, OH, 43201",Columbus,OH,43201-8255,286.1
SRA0000415,Broadridge,Simmons WM Team,Morgan Stanley,2941503,Sue,Simmons,,,"9837 Hill Pl, Ste 1768, Indianapolis, IN, 46201",Indianapolis,IN,46201,425.1
SRA0000416,Broadridge,Collins Wealth Sol Group,LPL Financial,1214510,Steph,Collins,scollins@lpl.com,8907032723,"6495 Lincoln Ct, Kansas City, MO, 64101",Kansas City,MO,64101,664.7
SRA0000417,Broadridge,Jackson Capital Group,Piper Sandler,2085660,Joe,Jackson,joe.jackson@pipesand.net,572-403-6548,"3282 Capital Way, Ste 3532, San Francisco, CA, 94101",San Francisco,CA,94101,153.9
SRA0000418,Broadridge,Murphy Asset Mgmt Grp,Ameriprise Financial,7785437,Kim,Murphy,kmurphy@amer.com,6967235569,,Detroit,MI,48201-1682,78.2
SRA0000419,Broadridge,Ross Wealth Mgmt Grp,Raymond James,2144687,M.,Ross,m..ross@raymjame.net,710-894-1438,"2935 Madison Rd, Ste 2647, Los Angeles, CA, 90025",Los Angeles,CA,90025,947.5
SRA0000420,Broadridge,Martinez Asset Mgmt Group,Hightower Advisors,9225036,Rich,Martinez,rmartinez@highadvi.com,+17164679887,,Baltimore,MD,21201-4983,398.5
SRA0000421,Broadridge,Thomas Family Wealth Group,Piper Sandler,8424860,J.,Thomas,j..thomas@pipesand.net,(670) 236-1538,"2898 Commerce Ln, Orlando, FL, 32801",Orlando,FL,32801-2730,1228.5
SRA0000422,Broadridge,Edwards Invest Group,Raymond James,9230125,Pat,Edwards,pat.edwards@raymjame.net,,"9376 Broadway Pl, Ste 740, Indianapolis, IN, 46201",Indianapolis,IN,46201,300.4
SRA0000423,Broadridge,Gonzales Wealth Management Group,Dynasty Financial Partners,6995607,A.,Gonzales,agonzales@dynapart.com,621.559.1924,"4002 Park Dr, Orlando, FL, 32801",Orlando,FL,32801,588.4
SRA0000424,Broadridge,Hughes Wealth Solutions Group,UBS Financial Services,6663891,D.,Hughes,hughesd@ubs.com,(373) 220-9821,"5344 Oak Pl, Dallas, TX, 75201",Dallas,TX,75201,489.7
SRA0000425,Broadridge,Cooper Investment Group,Oppenheimer & Co,7337385,Jess,Cooper,jess.cooper@oppe.net,784-599-6282,"9381 Maple Pl, Ste 2865, Kansas City, MO, 64101",Kansas City,MO,64101,26.1
SRA0000426,Broadridge,Murphy Asset Mgmt Grp,Hightower Advisors,6025126,K.,Murphy,kmurphy@highadvi.com,(572) 646-4305,"8143 Liberty Ave, San Francisco, CA, 94101",San Francisco,CA,94101,37.5
SRA0000427,Broadridge,Torres Wealth Mgmt Grp,Ameriprise Financial,2542796,Tony,Tores,atorres@amer.com,934-792-2552,"9698 River Ln, Ste 3381, Memphis, TN, 38101",Memphis,TN,38101,124.5
SRA0000428,Broadridge,Collins WP,LPL Financial,9466446,Mary,Collins,collinsm@lpl.com,5076439846,"5134 Washington Way, Ste 2659, Nashville, TN, 37201",Nashville,TN,37201,421.4
SRA0000429,Broadridge,Powell Fin Adv Group,Steward Partners,9375247,Ry,Powell,ry.powell@stewpart.net,418.876.8656,"4390 Liberty Ct, Cincinnati, OH, 45201",Cincinnati,OH,45201,124.9
SRA0000430,Broadridge,Ramirez Adv Grp,Morgan Stanley,8759239,Kate,Ramirez,ramirezk@morgstan.com,351.446.3465,"4920 Jefferson Way, Ste 3500, Tampa, FL, 33601",Tampa,FL,33601,26.1
SRA0000431,Broadridge,Clark Invest Group,Oppenheimer & Co,7809300,Nancy,Clark,nclark@oppe.com,(444) 316-3456,"3145 Main Dr, San Francisco, CA, 94101",San Francisco,CA,94101,228.3
SRA0000432,Broadridge,Bell Cap Group,Steward Partners,4388838,Ry,Bell,ry.bell@stewpart.net,363.479.3235,"478 Lake Ln, Los Angeles, CA, 90001",Los Angeles,CA,90001,1222.1
SRA0000433,Broadridge,Garcia Asset Mgmt Group,Rockefeller Capital anagement,5999260,Betty,Garcia,bgarcia@rockcapi.com,+12656166954,"1480 Madison Blvd, Ste 2438, Los Angeles, CA, 90025",Los Angeles,CA,90025,
SRA0000434,Broadridge,Thomas WA,Hightower Advisors,2514123,Kathy,Thomas,thomask@highadvi.com,4438143003,,Indianapolis,IN,46201,177.5
SRA0000435,Broadridge,Collins Fin Adv Group,LPL Financial,7851404,Kathy,Collins,kcollins@lpl.com,(460) 803-1916,"8035 Commerce Rd, Atlanta, GA, 30301",Atlanta,GA,30301,306.1
SRA0000436,Broadridge,Ward Family Wealth Grp,Oppenheimer & Co,3431212,Ken,Ward,kward@oppe.com,(571) 686-7025,"5050 Main St, Charlotte, NC, 28201",Charlotte,NC,28201,614.0
SRA0000437,Broadridge,Powell Investment Group,RBC Wealth Management,3047722,Ashley,Powell,apowell@rbc.com,(747) 442-8248,"6365 Main Way, Nashville, TN, 37201",Nashville,TN,37201,68.1
SRA0000438,Broadridge,Lopez Invest Group,RBC Wealth Management,8362611,J.,Lopez,jlopez@rbc.com,846.524.7656,"556 Lake Ave, San Francisco, CA, 94101",San Francisco,CA,94101-3014,60.1
SRA0000439,Broadridge,Gonzales Wealth Sol Group,Oppenheimer & Co,3690114,Mary,Gonzales,gonzalesm@oppe.com,915-467-9295,"1088 Sunset Way, Portland, OR, 97201",Portland,OR,97201,1211.0
SRA0000440,Broadridge,Adams PrivClient Group,Mesirow Financial,4082639,Emily,Adams,eadams@mesi.com,,"51 Madison Dr, Los Angeles, CA, 90025",Los Angeles,CA,90025,53.3
SRA0000441,Broadridge,Hernandez Financial Advisory Group,Wells Fargo Advisors,3182597,Jess,Hernandez,jhernandez@wellfargad.com,808-902-7722,"5234 Lincoln Pl, Austin, TX, 78701",Austin,TX,78701,163.8
SRA0000442,Broadridge,Thompson Wealth Solutions Grp,Dynasty Financial Partners,,Steve,Thompson,steve.thompson@dynapart.net,286.624.7022,"2981 Madison Way, Minneapolis, MN, 55401",Minneapolis,MN,55401,34.3
SRA0000443,Broadridge,Williams Adv Group,Merrill Lynch,3831255,M.,Williams,williamsm@merrlync.com,2506108027,"9837 Lake Blvd, Ste 1607, Chicago, IL, 60614",Chicago,IL,60614,531.9
SRA0000444,Broadridge,Ramirez Wealth Management Group,Wells Fargo Advisors,9290445,Amy,Ramirez,ramireza@wellfargad.com,3214294328,"3122 Lake Ln, Baltimore, MD, 21201",Baltimore,MD,21201,211.4
SRA0000445,Broadridge,Edwards Financial Group,LPL Financial,4026104,Tom,Edwards,tom.edwards@lpl.net,618-349-1471,"4755 Lake Dr, Minneapolis, MN, 55401",Minneapolis,MN,55401,201.7
SRA0000446,Broadridge,Kelly WM Team,Mesirow Financial,3234807,G.,Kelly,gkelly@mesi.com,+15319097513,"3477 Madison Way, Kansas City, MO, 64101",Kansas City,MO,64101,117.7
SRA0000447,Broadridge,Gonzalez Wealth Mgmt Grp,Steward Partners,6944195,Will,Gonzalez,gonzalezw@stewpart.com,8208861745,"88 Lake Ct, Cleveland, OH, 44101",Cleveland,OH,44101,839.8
SRA0000448,Broadridge,Powell Financial Advisory Group,Janney Montgomery Scott,4009366,Ronald,Powell,ronald.powell@jannmontsc.net,+14663739253,"8075 River Pl, Ste 1399, Salt Lake City, UT, 84101",Salt Lake City,UT,84101,
SRA0000449,Broadridge,Jackson Wealth Management Team,Ameriprise Financial,5714408,Jay,Jackson,jjackson@amer.com,965.569.8046,"4636 Lake Ln, Ste 1884, Los Angeles, CA, 90001",Los Angeles,CA,90001-3429,937.3
SRA0000450,Broadridge,Gonzales Asset Mgmt Grp,Rockefeller Capital Management,8381800,Ken,Gonzales,ken.gonzales@rockcapi.net,(254) 393-3435,"895 Park Blvd, Ste 1165, Hartford, CT, 06101",Hartford,CT,06101,191.8
SRA0000451,Broadridge,Morgan Wealth Mgmt Team,Oppenheimer & Co,9140297,Dot,Morgan,morgand@oppe.com,668.704.2843,"2426 Maple Rd, Ste 3656, Los Angeles, CA, 90001",Los Angeles,CA,90001-4451,24.8
SRA0000452,Broadridge,Perez Wealth Solutions Grp,Hightower Advisors,4563416,Dan,Perez,dan.perez@highadvi.net,7972049618,"9352 Elm Way, Memphis, TN, 38101",Memphis,TN,38101,837.3
SRA0000453,Broadridge,Ross Fin Group,Ameriprise Financiial,,R.,Ross,rross@amer.com,,"5324 Financial Blvd, Ste 299, Cleveland, OH, 44101",Cleveland,OH,4410,49.9
SRA0000454,Broadridge,Davis Advisory Group,UBS Financial Services,7692721,Kenny,Davis,,(291) 221-4411,"2670 Madison Way, Ste 3182, Chicago, IL, 60614",Chicago,IL,60614,139.8
SRA0000455,Broadridge,Hill Asset Mgmt Grp,Rockefeller Capital Management,3202624,Joey,Hill,jhill@rockcapi.com,+15678812574,"6021 Market Dr, Ste 3726, Nashville, TN, 37201",Nashville,TN,37201,404.8
SRA0000456,Broadridge,Wright Fin Grp,Dynasty Financial Partners,4126532,Mary,Wright,,644-845-7979,"1523 Oak Ct, Ste 1998, Chicago, IL, 60614",Chicago,IL,60614,260.0
SRA0000457,Broadridge,Patterson Family Wealth Grp,Raymond James,8855414,Betty,Patterson,betty.patterson@raymjame.net,(647) 281-8825,"4922 Cedar Blvd, Minneapolis, MN, 55401",Minneapolis,MN,55401,26.0
SRA0000458,Broadridge,Young Capital Group,Hightower Advisors,1756566,Deborah,Young,dyoung@highadvi.com,(725) 310-9366,"6962 Jefferson Ave, Ste 3050, Memphis, TN, 38101",Memphis,TN,38101,373.8
SRA0000459,Broadridge,Allen Invest Grp,Janney Montgomery Scott,1272943,M.,Allen,mallen@jannmontsc.com,316.958.8583,"2942 Elm Way, Ste 1804, Columbus, OH, 43201",Columbus,OH,4320,262.4
SRA0000460,Broadridge,Sanders Asset Mgmt Grp,Mesirow Financial,4140556,Ken,Sanders,sandersk@mesi.com,,"9897 Lake Ave, Ste 173, Milwaukee, WI, 53201",Milwaukee,WI,53201-3125,359.6
SRA0000461,Broadridge,Anderson Financial Advisory Group,Merrill Lynch,7796309,Ronald,Anderson,ronald.anderson@merrlync.net,873-962-8974,"4962 Capital Rd, Baltimore, MD, 21201",Baltimore,MD,21201,92.1
SRA0000462,Broadridge,Hill Fin Adv Group,UBS Financial Services,4157826,A.,Hill,hilla@ubs.com,227-414-8882,"2379 Liberty Dr, Ste 2664, New York, NY, 10001",New York,NY,10001,541.3
SRA0000463,Broadridge,Lopez Asset Management Group,Stifel Financial,8952217,M.,Lopez,lopezm@stif.com,6322222908,"2722 Cedar Pl, Boston, MA, 02134",Boston,MA,02134-5130,1911.8
SRA0000464,Broadridge,Flores PW Group,Dynasty Financial Partners,1854332,Jon,Flores,jflores@dynapart.com,,"7075 Jefferson Pl, Minneapolis, MN, 55401",Minneapolis,MN,55401,
SRA0000465,Broadridge,Peterson Wealth Mgmt Group,Stifel Financial,9155420,K.,Peterson,k..peterson@stif.net,,"3800 Oak Ct, Ste 2460, Detroit, MI, 48201",Detroit,MI,48201,95.9
SRA0000466,Broadridge,Rodriguez WA,Ameriprise Financial,6817736,Susie,Rodriguez,rodriguezs@amer.com,(659) 914-8147,"341 Elm Ln, Kansas City, MO, 64101",Kansas City,MO,64101,844.5
SRA0000467,Broadridge,Stewart Adv Grp,RBC Wealth Management,6690043,B.,Stewart,stewartb@rbc.com,(816) 932-8675,"2149 Hill Way, Salt Lake City, UT, 84101",Salt Lake City,UT,8410,721.0
SRA0000468,Broadridge,Reed Fin Grp,Edward Jones,9101545,M.,Reed,m..reed@edwajone.net,332.377.4268,"2562 Capital Pl, Ste 1803, Minneapolis, MN, 55401",Minneapolis,MN,55401,205.3
SRA0000469,Broadridge,Walker Advisory Group,LPL Financial,7019442,J.,Walker,walkerj@lpl.com,4675653598,"2863 Market St, New York, NY, 10017",New York,NY,10017,142.6
SRA0000470,Broadridge,Anderson PW Group,HighTower,6709692,Jay,Anderson,andersonj@high.com,563.987.1764,"9127 Lake Blvd, Hartford, CT, 06101",Hartford,CT,06101,301.2
SRA0000471,Broadridge,Powell PC Group,Wells Fargo Advisors,8669463,Karen,Pwoell,kpwoell@wellfargad.com,,"9989 Maple Ct, Ste 531, Las Vegas, NV, 89101",Las Vegas,NV,89101,656.6
SRA0000472,Broadridge,Thomas Wealth Part,LPL Financial,9361613,Nancy,Thomas,thomasn@lpl.com,+19503013527,"5960 River Blvd, Ste 926, Minneapolis, MN, 55401",Minneapolis,MN,55401,143.3
SRA0000473,Broadridge,Smith Wealth Solutions Group,RBC Wealth Management,5811005,Timmy,Smith,timmy.smith@rbc.net,(717) 375-2396,"4359 Sunset Way, Ste 2823, Cleveland, OH, 44101",Cleveland,OH,44101,35.0
SRA0000474,Broadridge,Alexander Cap Grp,Hightower Advisors,7867070,Charlie,Alexander,charlie.alexander@highadvi.net,+16697286927,"488 Lincoln Blvd, Boston, MA, 02101",Boston,MA,02101,369.1
SRA0000475,Broadridge,Rodriguez Wealth Partners,UBS Financial Services,3756910,Amy,Rodriguez,arodriguez@ubs.com,6442627443,"608 Liberty Blvd, Detroit, MI, 48201",Detroit,MI,48201,73.4
SRA0000476,Broadridge,Butler Investment Group,Hightower Advisors,6105693,Nancy,Butler,butlern@highadvi.com,938-960-6139,"5639 Main Ln, Detroit, MI, 48201",Detroit,MI,48201,1021.8
SRA0000477,Broadridge,Jackson Family Wealth Grp,Piper Sandler,8417942,Cynthia,Jackson,jacksonc@pipesand.com,(914) 553-7627,"3233 Hill Ave, Ste 1470, Richmond, VA, 23220",Richmond,VA,23220,66.8
SRA0000478,Broadridge,Simmons Advisory Group,Raymond James,,K.,Simmons,ksimmons@raymjame.com,,"384 Main Ct, Ste 1088, Seattle, WA, 98101",Seattle,WA,98101,819.7
SRA0000479,Broadridge,Collins Wealth Management Team,Hightower Advisors,5357990,K.,Collins,collinsk@highadvi.com,,"2029 Oak Ave, Ste 2444, Tampa, FL, 33601",Tampa,FL,33601,533.2
SRA0000480,Broadridge,Baker Asset Mgmt Grop,RBC Wealth Management,3348331,Ry,Baker,bakerr@rbc.com,(931) 586-9514,"4058 Maple Rd, Ste 888, Pittsburgh, PA, 15201",Pittsburgh,PA,15201,143.6
SRA0000481,Broadridge,Gonzalez Private Client Group,Raymond James,2374845,Ry,Gonzalez,gonzalezr@raymjame.com,2942637961,"2131 Broadway Dr, Ste 1612, San Diego, CA, 92101",San Diego,CA,92101,1387.0
SRA0000482,Broadridge,Sanders Adv Grp,Steward Partners,8383316,Ronald,Sanders,ronald.sanders@stewpart.net,9057017830,"2669 Cedar Ct, Ste 3012, Philadelphia, PA, 19101",Philadelphia,PA,19101,54.3
SRA0000483,Broadridge,Washington Wealth Solutions Group,Hightower Advisors,8640887,Tom,Washington,tom.washington@highadvi.net,684-233-3569,"9160 Sunset Ave, Seattle, WA, 98101",Seattle,WA,98101,103.6
SRA0000484,Broadridge,Thomas Financial Group,Janney Montgomery Scott,6115785,Joey,Thomas,joey.thomas@jannmontsc.net,,,Los Angeles,CA,90001-9958,140.0
SRA0000485,Broadridge,Baker Fam Wealth Group,Piper Sandler,8548562,J.,Baker,j..baker@pipesand.net,883.659.3440,"5329 Pine Way, Ste 3787, Boston, MA, 02101",Boston,MA,02101,63.7
SRA0000486,Broadridge,Ward Wealth Advisors,Morgan Stanley,2485285,Kev,Ward,kev.ward@morgstan.net,369-924-1406,"9372 Liberty Ln, Ste 607, Charlotte, NC, 28201",Charlotte,NC,28201,217.2
SRA0000487,Broadridge,Harris Adv Group,HighTower,9432879,Dave,Harris,dave.harris@high.net,219.323.9713,"2945 Main Ln, Memphis, TN, 38101",Memphis,TN,38101,31.2
SRA0000488,Broadridge,Washington Family Wealth Grp,Dynasty Financial Partners,6375942,Deborah,Washington,deborah.washington@dynapart.net,6118031737,"8053 Main Rd, Ste 1799, Richmond, VA, 23220",Richmond,VA,23220,192.8
SRA0000489,Broadridge,Cox Capital Group,Baird,3821189,Becca,Cox,bcox@bair.com,492.347.3992,"4188 Pine Blvd, Ste 1768, Chicago, IL, 60614",Chicago,IL,60614,384.2
SRA0000490,Broadridge,Wood Fin Advisory Group,Baird,6000018,Mike,Wood,woodm@bair.com,599.301.6243,"2335 Jefferson Rd, Ste 3956, Los Angeles, CA, 90025",Los Angeles,CA,90025,350.4
SRA0000491,Broadridge,Sanchez Asset Mgmt Grp,RBC Wealth Management,2930745,Mike,Sanchez,msanchez@rbc.com,+14752626215,"7616 Commerce Way, Ste 218, Indianapolis, IN, 46201",Indianapolis,IN,46201,55.6
SRA0000492,Broadridge,Robinson Invest Group,Merrill Lynch,3106737,Nancy,Robinson,robinsonn@merrlync.com,511-781-7664,"7307 Pine Ct, Ste 683, Phoenix, AZ, 85001",Phoenix,AZ,85001,233.8
SRA0000493,Broadridge,Perez Adv Grp,RBC Wealth Management,8795567,Babs,Perez,bperez@rbc.com,+18354963742,"9 Oak Pl, Ste 1127, Hartford, CT, 06101",Hartford,CT,06101,239.0
SRA0000494,Broadridge,Ross Fin Group,LPL Financial,3708116,B.,Ross,b..ross@lpl.net,956-746-2145,"4926 Pine Way, Los Angeles, CA, 90001",Los Angeles,CA,90001,229.8
SRA0000495,Broadridge,Gray Cap Grp,Ameriprise Financial,6748465,K.,Gray,grayk@amer.com,850.467.8417,"4474 Park Rd, Ste 1983, Milwaukee, WI, 53201",Milwaukee,WI,53201,28.4
SRA0000496,Broadridge,Williams Wealth Advs,Raymond James,8994829,Kev,Williams,kev.williams@raymjame.net,204.209.3843,"6770 Commerce Pl, Louisville, KY, 40201",Louisville,KY,40201,235.0
SRA0000497,Broadridge,Jenkins Advisory Group,UBS Financial Services,7314548,D.,Jenkins,djenkins@ubs.com,+18155667336,"2904 Main Ave, Ste 3934, Las Vegas, NV, 89101",Las Vegas,NV,89101,155.0
SRA0000498,Broadridge,Johnson Private Client Group,RBC Wealth Management,7003240,Jeff,Johnson,jeff.johnson@rbc.net,396.292.5967,"3624 Park Pl, Charlotte, NC, 28201",Charlotte,NC,28201,89.2
SRA0000499,Broadridge,Murphy Private Wealth Group,HighTower,2861373,P.,Murphy,murphyp@high.com,484.782.9197,"8094 Elm Ct, Ste 3126, Miami, FL, 33101",Miami,FL,33101,1322.4
SRA0000500,Broadridge,Patterson Financial Group,HighTower,3151617,S.,Patterson,spatterson@high.com,963-266-3087,"4254 Financial Dr, Chicago, IL, 60601",Chicago,IL,60601,221.6
SRA0000501,Broadridge,Long Priv Client Group,Merrill Lynch,8165791,M.,Long,mlong@merrlync.com,856.889.1849,"5293 Jefferson Way, Ste 2885, Hartford, CT, 06101",Hartford,CT,06101,247.8
SRA0000502,Broadridge,Murphy Adv Group,Janney Montgomery Scott,1787936,R.,Murphy,,4846309723,"7355 River St, Ste 1470, Denver, CO, 80201",Denver,CO,80201,247.4
SRA0000503,Broadridge,Brooks Priv Client Group,Merrill Lynch,4303044,Sharon,Brooks,sharon.brooks@merrlync.net,3685376092,"1030 Liberty Ave, Ste 1869, Portland, OR, 97201",Portland,OR,9720,3128.2
SRA0000504,Broadridge,Ross Wealth Solutions Group,Baird,2809265,Sarah,Ross,sross@bair.com,(684) 444-6583,,Phoenix,AZ,85001,123.7
SRA0000505,Broadridge,Hill WA,HighTower,2708383,Mick,Hill,hillm@high.com,8932571855,"4832 Madison Way, Ste 3180, Chicago, IL, 60601",Chicago,IL,60601,284.1
SRA0000506,Broadridge,Price Fin Grp,UBS Financial Services,3113620,Jimmy,Price,pricej@ubs.com,852-721-5198,"5823 Jefferson Pl, Memphis, TN, 38101",Memphis,TN,38101,347.9
SRA0000507,Broadridge,Young Asset Management Group,Raymond James,9608821,Dan,Young,dyoung@raymjame.com,8679726861,"5099 Financial Ct, Los Angeles, CA, 90025",Los Angeles,CA,9002,762.1
SRA0000508,Broadridge,Flores WP,HighTower,1135590,Mary,Flores,mary.flores@high.net,7308003369,"940 Park Ct, Tampa, FL, 33601",Tampa,FL,33601,716.9
SRA0000509,Broadridge,Miller Wealth Part,Oppenheimer & Co,2147624,Steph,Millerr,smiller@oppe.com,5493938794,"7658 Capital Rd, Miami, FL, 33101",Miami,FL,33101,148.9
SRA0000510,Broadridge,Nelson Investment Group,HighTower,3722606,Angela,elson,,+13076651691,"8126 Park St, Cleveland, OH, 44101",Cleveland,OH,44101,140.7
SRA0000511,Broadridge,Barnes PW Group,LPL Financial,7716130,Ry,Barnes,ry.barnes@lpl.net,3882066944,,Cleveland,OH,44101,339.9
SRA0000512,Broadridge,Stewart WA,LPL Financial,1498041,Drew,Stewart,astewart@lpl.com,4034025654,,Los Angeles,CA,90001-2254,83.8
SRA0000513,Broadridge,Peterson Fin Advisory Group,RBC Wealth Management,2697690,Steph,Peterson,speterson@rbc.com,221.893.3248,"6209 Liberty Ave, Ste 961, New York, NY, 10017",New York,NY,10017,401.7
SRA0000514,Broadridge,Walker Asset Management Group,Janney Montgomery Scott,9840363,R.,Walker,r..walker@jannmontsc.net,838-644-2071,"1942 Cedar Blvd, San Francisco, CA, 94101",San Francisco,CA,94101-6626,559.0
SRA0000515,Broadridge,Carter Wealth Part,Janney Montgomery Scott,4172607,Babs,Carter,bcarter@jannmontsc.com,748-501-3434,"5369 Park St, Cincinnati, OH, 45201",Cincinnati,OH,45201,260.9
SRA0000516,Broadridge,Taylor Fin Grp,Hightower Advisors,2365794,Becca,Taylor,becca.taylor@highadvi.net,6818792062,"2744 Market Way, Seattle, WA, 98101",Seattle,WA,98101,342.8
SRA0000517,Broadridge,Jones Private Wealth Group,LPL Financial,4932320,Betty,Jones,jonesb@lpl.com,+16054236013,"6964 Madison Blvd, Las Vegas, NV, 89101",Las Vegas,NV,89101,59.4
SRA0000518,Broadridge,Peterson Financial Advisory Group,UBS Financial Services,1690263,Steve,Peterson,speterson@ubs.com,676.724.6511,,Minneapolis,MN,55401-2147,88.1
SRA0000519,Broadridge,Wright Wealth Management Group,Piper Sandler,4922352,Ken,Wright,wrightk@pipesand.com,+14718602243,"5884 Pine Ln, Las Vegas, NV, 89101",Las Vegas,NV,89101,365.8
SRA0000520,Broadridge,Coleman Asset Mgmt Group,UBS Financial Services,1642255,Babs,Coleman,babs.coleman@ubs.net,,"3222 River Ln, Ste 3440, Denver, CO, 80201",Denver,CO,80201,343.0
SRA0000521,Broadridge,Washington Financial Advisory Group,HighTower,,M.,Washington,mwashington@high.com,4885547616,,New York,NY,10001,340.0
SRA0000522,Broadridge,Phillips PW Group,RBC Wealth Management,8864124,Becca,Phillips,bphillips@rbc.com,+19396726581,"1407 River Dr, Ste 3958, Kansas City, MO, 64101",Kansas City,MO,64101,307.2
SRA0000523,Broadridge,Stewart Wealth Solutions Group,Mesirow Financial,3331197,Tony,Stewart,astewart@mesi.com,7913316006,"159 Broadway Rd, Ste 1816, Tampa, FL, 33601",Tampa,FL,33601,1187.0
SRA0000524,Broadridge,Alexander Asest Mgmt Grp,Piper Sandler,1540377,Sandy,Alexander,salexander@pipesand.com,342-357-6410,"9310 Liberty Way, St. Louis, MO, 63101",St. Louis,MO,6310,65.8
SRA0000525,Broadridge,Hughes Family Wealth Grp,HighTower,7474228,Rob,Hughes,hughesr@high.com,+14904104818,"4770 Market Ave, Ste 1609, Atlanta, GA, 30301",Atlanta,GA,30301-4099,592.5
SRA0000526,Broadridge,Perez Wealth Sol Group,Baird,3634617,Jimmy,Perez,jimmy.perez@bair.net,313-332-9789,"6856 Broadway Ave, Ste 3801, Detroit, MI, 48201",Detroit,MI,48201,3126.5
SRA0000527,Broadridge,Clark Cap Group,Stifel Financial,4405319,Tom,Clark,tom.clark@stif.net,714-933-8519,"4513 Washington St, San Francisco, CA, 94101",San Francisco,CA,94101,26.7
SRA0000528,Broadridge,Evans Asset Mgmt Group,HighTower,6517883,Will,Evans,wevans@high.com,7827028539,"7581 Financial St, Austin, TX, 78701",Austin,TX,78701-2971,44.2
SRA0000529,Broadridge,Ramirez Cap Grp,Wells Fargo Advisors,3649663,Ashley,Ramirez,aramirez@wellfargad.com,480-843-9810,"4783 Pine Dr, Phoenix, AZ, 85001",Phoenix,AZ,85001-3914,59.1
SRA0000530,Broadridge,Peterson Wealth Part,Wells Fargo Advisors,7880270,Donna,Peterrson,dpeterson@wellfargad.com,+16613685141,"3398 Market St, Ste 399, Houston, TX, 77001",Houston,TX,77001,30.4
SRA0000531,Broadridge,Powell WA,Merrill Lynch,8393014,Bill,Powell,bpowell@merrlync.com,+15663824549,"565 Commerce Dr, Ste 295, Boston, MA, 02134",Boston,MA,02134,280.2
SRA0000532,Broadridge,Perry Cap Grp,Wells Fargo Advisors,7331646,Betty,Perry,betty.perry@wellfargad.net,(985) 406-5091,"6139 Park Dr, Ste 1827, Las Vegas, NV, 89101",Las Vegas,NV,89101,256.7
SRA0000533,Broadridge,Baker Wealth Advs,LPL Financial,2620732,Jim,Bakker,bakkerj@lpl.com,+18803713736,"722 Jefferson Ct, Ste 1439, Denver, CO, 80201",Denver,CO,80201,233.9
SRA0000534,Broadridge,Ross Fin Grp,LPL Financial,4899161,Susie,Ross,sross@lpl.com,418.308.6842,"5299 Elm St, Ste 1395, Richmond, VA, 23220",Richmond,VA,23220,88.5
SRA0000535,Broadridge,Ramirez Private Wealth Group,Mesirow Financial,7190456,Ed,Ramirez,eramirez@mesi.com,2442684580,"6736 Hill Pl, Charlotte, NC, 28201",Charlotte,NC,28201,564.3
SRA0000536,Broadridge,Howard Fin Adv Group,Dynasty Financial Partners,7519046,Dot,Howard,dhoward@dynapart.com,894-989-3177,"5441 Elm Rd, Houston, TX, 77001",Houston,TX,77001,27.0
SRA0000537,Broadridge,Walker Asset Mgmt Grp,Oppenheimer & Co,9367241,Josh,Walker,jwalker@oppe.com,,"6157 Washington St, Ste 3070, Milwaukee, WI, 53201",Milwaukee,WI,53201,444.4
SRA0000538,Broadridge,Stewart Fin Advisory Group,Baird,1664503,Amy,Stewart,astewart@bair.com,+17336245726,"389 Park Rd, Ste 943, St. Louis, MO, 63101",St. Louis,MO,63101,310.4
SRA0000539,Broadridge,Jackson Fin Adv Group,LPL Financial,4428815,Nancy,Jackson,jacksonn@lpl.com,(441) 719-2280,"6984 Lincoln Ln, Ste 909, Atlanta, GA, 30301",Atlanta,GA,30301-1687,92.8
SRA0000540,Broadridge,Thompson Priv Wealth Group,HighTower,,J.,Thompson,jthompson@high.com,478.692.2310,"5892 Madison Way, Ste 1907, Minneapolis, MN, 55401",Minneapolis,MN,55401,23.9
SRA0000541,Broadridge,Wood Asset Management Group,Oppenheimer & Co,1332374,Jenny,Wood,jwood@oppe.com,(980) 590-8002,"1364 Hill Ct, Ste 3076, Kansas City, MO, 64101",Kansas City,MO,64101,54.9
SRA0000542,Broadridge,Carter Investment Group,Mesirow Financial,2206947,Steve,Carter,steve.carter@mesi.net,5413398688,"3207 Cedar Dr, Ste 3629, Minneapolis, MN, 55401",Minneapolis,MN,55401,73.5
SRA0000543,Broadridge,Simmons Family Wealth Grp,Janney Montgomery Scott,7621123,K.,Simmons,,960-582-7292,"8021 Hill Ave, Ste 259, San Diego, CA, 92101",San Diego,CA,92101,784.9
SRA0000544,Broadridge,Ramirez PW Group,Edward Jones,6848179,Eddie,Ramirez,ramireze@edwajone.com,,,Philadelphia,PA,19101,338.3
SRA0000545,Broadridge,Cook Wealth Solutions Group,Morgan Stanley,1474058,Donnie,Cook,dcook@morgstan.com,914-881-3422,"4282 Capital Pl, Cincinnati, OH, 45201",Cincinnati,OH,45201,35.2
SRA0000546,Broadridge,Young Fin Grp,HighTower,7448284,Stevie,Young,youngs@high.com,+16079232316,"8496 Washington Way, Ste 1848, New York, NY, 10001",New York,NY,10001-9030,366.5
SRA0000547,Broadridge,Hill Advisory Group,Hightower Advisors,6167027,Ashley,Hill,ahill@highadvi.com,(951) 621-2456,"1791 Liberty Rd, Salt Lake City, UT, 84101",Salt Lake City,UT,84101,349.7
SRA0000548,Broadridge,Clark Priv Client Group,Piper Sandler,1026484,Emily,Clark,eclark@pipesand.com,(299) 271-7845,"8601 Jefferson Ln, New York, NY, 10001",New York,NY,10001-7421,2191.9
SRA0000549,Broadridge,Mitchell Private Client Group,Edward Jones,9161633,Danny,Mitchell,mitchelld@edwajone.com,386.714.2806,"7384 Financial Dr, Ste 341, Miami, FL, 33101",Miami,FL,33101,214.4
SRA0000550,Broadridge,Harris Wealth Sol Group,Ameriprise Financial,3787134,A.,Harris,a..harris@amer.net,,"6189 Maple Ln, Ste 221, Las Vegas, NV, 89101",Las Vegas,NV,89101,81.1
SRA0000551,Broadridge,Cook Wealth Advisors,Rockefeller Capital Management,2024357,Don,Cook,dcook@rockcapi.com,472.969.1118,"9543 Oak Ave, Ste 3343, New York, NY, 10001",New York,NY,10001-7754,68.6
SRA0000552,Broadridge,Bennett Asset Management Group,Hightower Advisors,8205036,Ed,Bennett,ed.bennett@highadvi.net,(544) 579-6620,"5165 Park Rd, Indianapolis, IN, 46201",Indianapolis,IN,46201,81.2
SRA0000553,Broadridge,Davis Wealth Sol Group,Janney Montgomery Scott,1051752,Lisa,Davis,lisa.davis@jannmontsc.net,(667) 915-7583,"2276 Main Ave, Houston, TX, 77001",Houston,TX,77001,272.4
SRA0000554,Broadridge,Fllores Wealth Part,RBC Wealth Management,9638823,Amy,Flores,amy.flores@rbc.net,(623) 876-4079,"52 Liberty Rd, Ste 1575, Milwaukee, WI, 53201",Milwaukee,WI,53201,92.2
SRA0000555,Broadridge,Gonzales Wealth Advisors,Baird,9129167,Mandy,Gonzalse,gonzalsem@bair.com,609.956.2333,"5708 Jefferson Pl, Denver, CO, 80201",Denver,CO,80201,28.1
SRA0000556,Broadridge,Roberts Fin Grp,Stifel Financial,,Kim,Roberts,kim.roberts@stif.net,232.330.9158,"1427 Hill Ct, Boston, MA, 02134",Boston,MA,02134,1236.9
SRA0000557,Broadridge,Roberts Priv Wealth Group,Ameriprise Financial,3277614,Laura,Roberts,lroberts@amer.com,+17478489060,"1482 River Dr, Kansas City, MO, 64101",Kansas City,MO,64101,1402.7
SRA0000558,Broadridge,Coleman Capital Group,Baird,8331010,Will,Colemn,wcolemn@bair.com,438.428.5244,"1896 Hill Ave, Ste 1493, Hartford, CT, 06101",Hartford,CT,06101,151.5
SRA0000559,Broadridge,Harris Fin Group,Wells Fargo Advisors,1028160,Kathy,Harris,kathy.harris@wellfargad.net,518-263-9775,"3111 Madison Way, Ste 1595, Boston, MA, 02101",Boston,MA,02101,1478.1
SRA0000560,Broadridge,Perry Fin Grp,HighTower,7632241,Linda,Perry,lperry@high.com,209-751-8546,,Houston,TX,77001,25.1
SRA0000561,Broadridge,Morris Fin Group,Raymond James,1576194,Sandy,Morris,smorris@raymjame.com,8135276060,"8231 Maple Ln, Boston, MA, 02134",Boston,MA,02134-6777,252.5
SRA0000562,Broadridge,Ross Family Wealth Group,LPL Financial,1986711,Mary,Ross,,541.356.4450,"3688 Oak Blvd, Orlando, FL, 32801",Orlando,FL,32801,25.7
SRA0000563,Broadridge,Perry Wealth Management Group,Edward Jones,6843624,J.,Perry,jperry@edwajone.com,(975) 600-7407,"1177 Market Ln, Ste 3880, Cleveland, OH, 44101",Cleveland,OH,44101,67.9
SRA0000564,Broadridge,Peterson WM Team,Piper Sandler,1908038,Ashley,Peterson,ashley.peterson@pipesand.net,9265118496,"2682 Financial Blvd, Ste 2076, St. Louis, MO, 63101",St. Louis,MO,63101-7733,482.4
SRA0000565,Broadridge,Jackson Priv Wealth Group,LPL Financial,2710400,Laura,Jackson,ljackson@lpl.com,8943517169,"6998 Elm St, Ste 2040, New York, NY, 10001",New York,NY,10001,53.4
SRA0000566,Broadridge,Miller Adv Group,Wells Fargo Advisors,,Amy,Miller,amy.miller@wellfargad.net,3528427619,,Salt Lake City,UT,84101,1394.8
SRA0000567,Broadridge,Pricee WA,Edward Jones,7410589,Ashley,PPrice,ppricea@edwajone.com,481-847-8292,"6019 Main Ave, Ste 599, Chicago, IL, 60614",Chicago,IL,60614,354.7
SRA0000568,Broadridge,Powell Private Wealth Group,Hightower Advisors,9044647,Betty,Powell,bpowell@highadvi.com,480-910-2549,"9714 Elm Way, Ste 2740, Salt Lake City, UT, 84101",Salt Lake City,UT,84101,26.7
SRA0000569,Broadridge,Brooks WM Team,Raymond James,4101936,J.,Brooks,j..brooks@raymjame.net,615-917-1323,"6452 Commerce Ct, Chicago, IL, 60601",Chicago,IL,60601,132.6
SRA0000570,Broadridge,Rodriguez Wealth Sol Group,Hightower Advisors,2968404,Pat,Rodriguez,pat.rodriguez@highadvi.net,+13858133948,"88 Commerce Pl, Seattle, WA, 98101",Seattle,WA,98101,24.7
SRA0000571,Broadridge,Taylor Priv Wealth Group,Dynasty Financial Partners,1587291,Rob,Taylor,taylorr@dynapart.com,2863279292,"4892 Sunset Ct, Ste 3971, Chicago, IL, 60614",Chicago,IL,60614,27.1
SRA0000572,Broadridge,Hill Advisory Group,Morgan Stanley,8464523,Don,Hill,hilld@morgstan.com,343.790.9035,"5128 Market Rd, Richmond, VA, 23220",Richmond,VA,23220,96.4
SRA0000573,Broadridge,Peterson Invest Group,Ameriprise Financial,7711882,Will,Peterson,wpeterson@amer.com,+16672855164,"6969 Cedar Ct, Ste 2678, San Francisco, CA, 94101",San Francisco,CA,9410,278.8
SRA0000574,Broadridge,Flores Priv Client Group,LPL Financial,3752186,Nancy,Flores,floresn@lpl.com,+16293576183,"7105 Madison St, Memphis, TN, 38101",Memphis,TN,38101,66.7
SRA0000575,Broadridge,Wright Adv Grp,Wells Fargo Advisors,7824657,Will,Wright,wrightw@wellfargad.com,(267) 537-2457,"5945 River Ln, Ste 3369, Hartford, CT, 06101",Hartford,CT,06101,38.3
SRA0000576,Broadridge,Johnson Cap Grp,Wells Fargo Advisors,3072044,P.,Johnson,pjohnson@wellfargad.com,379.739.6022,,Orlando,FL,32801,1891.0
SRA0000577,Broadridge,Torres Investment Group,Steward Partners,3864666,Becky,Torres,,+15259697382,"2961 Sunset Ct, Ste 3712, Los Angeles, CA, 90025",Los Angeles,CA,90025,132.0
SRA0000578,Broadridge,Sanders Invest Grp,Raymond James,3393607,Mary,Sanders,mary.sanders@raymjame.net,+15877815380,"867 Liberty Rd, Columbus, OH, 43201",Columbus,OH,43201,163.3
SRA0000579,Broadridge,Bennett PC Group,Oppenheimer & Co,8364526,Sandy,Bennett,sandy.bennett@oppe.net,562-679-9228,,Atlanta,GA,30301,47.2
SRA0000580,Broadridge,Henderson Invest Group,UBS Financial Services,2286698,J.,Henderson,jhenderson@ubs.com,9474452534,"2706 Financial St, Ste 1270, St. Louis, MO, 63101",St. Louis,MO,63101,588.6
SRA0000581,Broadridge,Collins Priv Client Group,Steward Partners,9860239,Dot,Collins,,9008231693,"9952 Lincoln Blvd, Phoenix, AZ, 85001",Phoenix,AZ,85001,1525.8
SRA0000582,Broadridge,Lewis Wealth Management Team,Edward Jones,9618195,Laura,Lewis,llewis@edwajone.com,561-252-7925,,Boston,MA,0210,216.6
SRA0000583,Broadridge,Long Wealth Solutions Grp,RBC Wealth Management,4574653,Cynthia,Long,clong@rbc.com,(202) 955-7449,"3563 Hill Ct, Minneapolis, MN, 55401",Minneapolis,MN,55401,190.6
SRA0000584,Broadridge,Morgan Wealth Sol Group,HighTower,6968395,Kathy,Morgan,kmorgan@high.com,206-830-8542,"5383 Hill Rd, Ste 1532, Los Angeles, CA, 90025",Los Angeles,CA,90025,666.4
SRA0000585,Broadridge,Rivera Wealth Management Team,Merrill Lynch,3578837,Ronald,Rivera,rrivera@merrlync.com,620-326-8985,"114 Cedar Ln, Ste 1719, Indianapolis, IN, 46201",Indianapolis,IN,46201,425.0
SRA0000586,Broadridge,Campbell Financial Advisory Group,Oppenheimer & Co,8358018,Josh,Campbell,jcampbell@oppe.com,8726493651,"2292 Sunset Way, Ste 3719, Houston, TX, 77001",Houston,TX,77001,1003.0
SRA0000587,Broadridge,Harris Wealth Mgmt Grp,Stifel Financial,1530269,Joe,Harris,jharris@stif.com,+13648824260,"7853 Lake Ave, Ste 2353, Detroit, MI, 48201",Detroit,MI,48201,90.4
SRA0000588,Broadridge,Patterson Wealth Partners,Raymond James,7523795,A.,Patterson,a..patterson@raymjame.net,334-312-2767,"347 Cedar Blvd, Ste 155, Columbus, OH, 43201",Columbus,OH,43201,436.7
SRA0000589,Broadridge,Long Capital Group,Baird,2386047,Mick,Long,mlong@bair.com,979-639-5059,"2499 Market Blvd, Ste 3240, Portland, OR, 97201",Portland,OR,9720,95.9
SRA0000590,Broadridge,King Wealth Advisors,RBC Wealth Management,8950602,Becca,King,becca.king@rbc.net,923.305.9230,"2969 Washington Blvd, Ste 641, Miami, FL, 33101",Miami,FL,33101,288.7
SRA0000591,Broadridge,Scott Fin Advisory Group,LPL Financial,1854889,Rob,Scott,rscott@lpl.com,5896179601,"5021 Liberty Dr, Ste 1845, New York, NY, 10017",New York,NY,10017,166.1
SRA0000592,Broadridge,Cooper Wealth Advs,Oppenheimer & Co,2846415,Mick,Cooper,mick.cooper@oppe.net,475-572-5596,"5752 Jefferson Dr, Ste 294, Nashville, TN, 37201",Nashville,TN,37201,183.9
SRA0000593,Broadridge,Smith Wealth Advisors,Morgan Stanley,2690500,Rob,Smith,rsmith@morgstan.com,(641) 389-5133,"8050 Sunset Rd, Ste 496, Seattle, WA, 98101",Seattle,WA,98101,184.9
SRA0000594,Broadridge,Peterson Wealth Part,aymond James,9872833,S.,Peterson,speterson@raymjame.com,819-580-4903,,Tampa,FL,33601,626.0
SRA0000595,Broadridge,Bryant WM Team,HighTower,4194945,Nancy,Bryan,bryann@high.com,397-921-8303,"1617 Pine Ct, Salt Lake City, UT, 84101",Salt Lake City,UT,8410,2798.8
SRA0000596,Broadridge,Reed Advisory Group,LPL Financial,3144664,K.,Reed,kreed@lpl.com,(396) 628-5137,"9181 Sunset Rd, Ste 3038, Los Angeles, CA, 90001",Los Angeles,CA,90001,142.9
SRA0000597,Broadridge,Edwards Family Wealth Grp,UBS Financial Services,1366999,Cynthia,Edwards,cedwards@ubs.com,370-813-5491,"2113 Hill St, Austin, TX, 78701",Austin,TX,78701,905.9
SRA0000598,Broadridge,Hughes Priv Client Group,LPL Financial,9933361,Shelly,Hughes,,+17252763711,"7173 Market Way, Ste 1698, Indianapolis, IN, 46201",Indianapolis,IN,46201,143.3
SRA0000599,Broadridge,Wright Fin Advisory Group,LPL Financial,1148668,Karen,Wright,kwright@lpl.com,7256669254,"8603 Lake Ln, San Francisco, CA, 94101",San Francisco,CA,94101,61.9
SRA0000600,Broadridge,Wright WM Team,Steward Partners,1765250,Dottie,Wright,dwright@stewpart.com,7464435781,"641 Liberty Blvd, Denver, CO, 80201",Denver,CO,80201,119.9
SRA0000601,Broadridge,Mooore Wealth Sol Group,Ameriprise Financial,,Kathy,Moore,kmoore@amer.com,(201) 864-6692,"9915 Sunset Rd, Ste 2989, Phoenix, AZ, 85001",Phoenix,AZ,85001,580.5
SRA0000602,Broadridge,Simmons Cap Group,Raymond James,1960720,Stevie,Simmons,simmonss@raymjame.com,,"3593 Lake Blvd, Ste 164, St. Louis, MO, 63101",St. Louis,MO,63101,217.3
SRA0000603,Broadridge,Kelly PC Group,Wells Fargo Advisors,4458774,Meg,Kelly,mkelly@wellfargad.com,6524256312,"4404 Washington Way, Ste 1049, Philadelphia, PA, 19101",Philadelphia,PA,19101,753.3
SRA0000604,Broadridge,Jackson Wealth Management Team,Rockefeller Capital Management,8707287,Geo,Jackson,gjackson@rockcapi.com,389.380.4094,"9334 Broadway Blvd, Atlanta, GA, 30301",Atlanta,GA,30301,65.6
SRA0000605,Broadridge,Lee Wealth Sol Group,Edward Jones,8153721,Josh,Lee,josh.lee@edwajone.net,+14516657594,"1643 Market Blvd, Louisville, KY, 40201",Louisville,KY,40201,306.8
SRA0000606,Broadridge,Gonzalez Capital Group,Piper Sandler,1227365,Karen,Gonzalez,kgonzalez@pipesand.com,981-859-1716,"2166 Park Ave, Ste 3944, Dallas, TX, 75201",Dallas,TX,75201,450.0
SRA0000607,Broadridge,Ward Wealth Mgmt Grp,Wells Fargo Advisors,5978445,Nancy,Ward,nancy.ward@wellfargad.net,305.723.7804,"2324 Main Dr, Ste 1849, Houston, TX, 77001",Houston,TX,77001,924.6
SRA0000608,Broadridge,Rivera PW Group,Stifel Financial,4766861,Charlie,Rivera,riverac@stif.com,(304) 488-6854,"1250 Capital Rd, Ste 3881, Dallas, TX, 75201",Dallas,TX,75201,24.6
SRA0000609,Broadridge,Wilson Fam Wealth Group,Ameriprise Financial,2281267,Bryan,Wilson,bryan.wilson@amer.net,2023523401,"5248 Cedar Way, Ste 3363, Philadelphia, PA, 19101",Philadelphia,PA,19101-2166,457.2
SRA0000610,Broadridge,Rodriguez Fin Group,Wells Fargo Advisors,3427123,M.,Rodriguez,rodriguezm@wellfargad.com,292-530-3089,"2980 Madison Rd, Ste 1836, Charlotte, NC, 28201",Charlotte,NC,28201-9779,39.7
SRA0000611,Broadridge,Turner Asset Mgmt Grp,HighTower,5125653,Ashley,Tuurner,atuurner@high.com,592-628-9144,"8827 Commerce Pl, Ste 3464, Boston, MA, 02101",Boston,MA,02101,440.2
SRA0000612,Broadridge,Hernandez PC Group,Dynasty Financial Partners,4679813,Eddie,Hernandez,hernandeze@dynapart.com,9192894853,"5927 Main Dr, Austin, TX, 78701",Austin,TX,78701,44.7
SRA0000613,Broadridge,Moore PC Group,Wells Fargo Advisors,1442027,Emily,Moore,emoore@wellfargad.com,+19126347089,"887 Maple Ave, Ste 2532, Orlando, FL, 32801",Orlando,FL,32801,137.0
SRA0000614,Broadridge,Jackson Financial Advisory Group,Janney Montgomery Scott,7987624,Jon,Jackson,jacksonj@jannmontsc.com,353.983.3988,,Phoenix,AZ,85001,1025.4
SRA0000615,Broadridge,Turner Fam Wealth Group,Baird,2866744,Mary,Turner,mturner@bair.com,+13592611526,"9899 Elm Ct, Ste 1723, Minneapolis, MN, 55401",Minneapolis,MN,55401-2373,526.9
SRA0000616,Broadridge,Morris PC Group,Steward Partners,,Sandy,Morris,morriss@stewpart.com,(360) 478-2506,"8545 Madison Blvd, Memphis, TN, 38101",Memphis,TN,38101,35.0
SRA0000617,Broadridge,Davis Capital Group,RBC Wealth Management,2295356,Lisa,Davis,lisa.davis@rbc.net,,"5132 Liberty Way, Hartford, CT, 06101",Hartford,CT,06101,242.2
SRA0000618,Broadridge,Mitchell PW Group,Oppenheimer & Co,,Mick,Mitchell,mmitchell@oppe.com,228.445.5623,"2667 Commerce Ave, Ste 2545, Houston, TX, 77001",Houston,TX,77001,560.9
SRA0000619,Broadridge,Miller Wealth Management Team,Baird,7679620,Bob,Miller,rmiller@bair.com,7123996152,"6401 Sunset Blvd, New York, NY, 10001",New York,NY,10001,1910.8
SRA0000620,Broadridge,Turner WM Team,Hightower Advisors,7410771,K.,Turner,turnerk@highadvi.com,(688) 800-1612,"4754 Elm Blvd, New York, NY, 10017",New York,NY,10017,180.2
SRA0000621,Broadridge,Ross Private Client Group,UBS Financial Services,,Sharon,Ross,sross@ubs.com,+17137289573,"5594 Lincoln Blvd, Ste 1575, Seattle, WA, 98101",Seattle,WA,98101,471.0
SRA0000622,Broadridge,Edwards PC Group,Morgan Stanley,4503428,Steph,Edwards,edwardss@morgstan.com,825-821-2228,"2497 Financial Pl, Ste 161, Phoenix, AZ, 85001",Phoenix,AZ,85001,45.7
SRA0000623,Broadridge,Flores Wealth Solutions Grp,Steward Partners,5959482,Carol,Flores,cflores@stewpart.com,+13652695589,"9446 Sunset Rd, Ste 833, Indianapolis, IN, 46201",Indianapolis,IN,46201,585.6
SRA0000624,Broadridge,Reed Asset Management Group,Ameriprise Financial,3079808,Steve,Reed,sreed@amer.com,+17826991648,"5956 Hill Way, Ste 2638, Boston, MA, 02101",Boston,MA,02101,407.2
SRA0000625,Broadridge,Campbell Wealth Solutions Grp,Hightower Advisors,8551295,J.,Campbell,jcampbell@highadvi.com,469.898.1699,"935 Park Ct, Ste 3594, Tampa, FL, 33601",Tampa,FL,33601,715.5
SRA0000626,Broadridge,Carter Financial Group,Edward Jones,4742179,Andy,Carter,acarter@edwajone.com,597-673-2531,"5717 Lincoln Pl, Chicago, IL, 60601",Chicago,IL,60601,458.3
SRA0000627,Broadridge,Hernandez Private Client Group,Edward Jones,6515017,Rick,Hernandez,rhernandez@edwajone.com,266.524.6610,"9902 Broadway Dr, Detroit, MI, 48201",Detroit,MI,48201,
SRA0000628,Broadridge,Scott Wealth Mgmt Grp,Mesirow Financial,3441316,Joe,Scott,jscott@mesi.com,855-418-6245,"9310 Oak Way, Ste 3411, Kansas City, MO, 64101",Kansas City,MO,64101,108.3
SRA0000629,Broadridge,Edwards Private Wealth Group,Rockefeller Capital Management,8095426,M.,Edwards,m..edwards@rockcapi.net,476.458.3885,"1370 Cedar Ave, Ste 434, Seattle, WA, 98101",Seattle,WA,98101,1667.7
SRA0000630,Broadridge,Butler Wealth Solutions Group,Mesirow Financiaal,,Becca,Butler,becca.butler@mesi.net,885.465.4015,,Austin,TX,78701,29.1
SRA0000631,Broadridge,Jackson Wealth Advs,Baird,3525076,Lisa,Jackson,ljackson@bair.com,+16693519182,"5185 Maple Way, Ste 3058, New York, NY, 10001",New York,NY,10001,151.0
SRA0000632,Broadridge,Taylor Wealth Advs,Mesirow Financial,8049385,Jeff,Taylor,,913-759-3721,"9846 Madison Dr, Ste 4000, Los Angeles, CA, 90001",Los Angeles,CA,90001,441.6
SRA0000633,Broadridge,Brooks WP,Merrill Lynch,6065787,Sandy,Brooks,sbrooks@merrlync.com,+15147143043,"8178 Liberty Pl, Ste 1540, New York, NY, 10017",New York,NY,10017,6954.5
SRA0000634,Broadridge,Ward Advisory Group,Oppenheimer & Co,7259939,Deborah,Ward,wardd@oppe.com,381.766.3664,"8893 Jefferson Way, Ste 2801, Dallas, TX, 75201",Dallas,TX,75201,776.9
SRA0000635,Broadridge,Torres Wealth Sol Group,HighTower,2741677,Nancy,Torres,nancy.torres@high.net,+12918651269,"6739 Maple Pl, Chicago, IL, 60614",Chicago,IL,60614,126.6
SRA0000636,Broadridge,Ward Wealth Advisors,Wells Fargo Advisors,5863789,Kathy,Ward,kward@wellfargad.com,+16304164651,"7449 Commerce Way, Ste 3607, Columbus, OH, 43201",Columbus,OH,43201,192.3
SRA0000637,Broadridge,Thomas Asset Mgmt Grp,Janney Montgomery Scott,7640565,Amy,Thomas,,(207) 583-4668,,San Diego,CA,92101,218.5
SRA0000638,Broadridge,Parker Wealth Mgmt Group,RBC Wealth Management,7281485,Josh,Parker,josh.parker@rbc.net,7319596201,"5491 Elm Way, Ste 1703, Los Angeles, CA, 90001",Los Angeles,CA,90001,495.6
SRA0000639,Broadridge,Coleman Wealth Solutions Grp,Piper Sandler,8199144,Lisa,Coleman,lcoleman@pipesand.com,(331) 851-7396,"2847 Madison Rd, Ste 1891, Memphis, TN, 38101",Memphis,TN,38101,
SRA0000640,Broadridge,Washington Adv Grp,Raymond James,5365936,Rich,Washington,washingtonr@raymjame.com,(766) 362-6282,"3339 Pine Ave, Ste 147, Cincinnati, OH, 45201",Cincinnati,OH,45201-2046,79.0
SRA0000641,Broadridge,Brown PC Group,HighTower,7415688,Charlie,Brown,,+12259603138,"7434 Liberty Rd, Ste 2772, Memphis, TN, 38101",Memphis,TN,38101,136.3
SRA0000642,Broadridge,Harris Wealth Solutions Group,Steward Partners,5613144,J.,Harris,j..harris@stewpart.net,+12843471379,"9493 Maple Ave, Ste 2540, Orlando, FL, 32801",Orlando,FL,32801,301.0
SRA0000643,Broadridge,Jackson Investment Group,Stifel Financial,2298244,Rick,Jackson,rick.jackson@stif.net,706-570-4407,"6403 Maple Pl, Chicago, IL, 60614",Chicago,IL,60614,43.3
SRA0000644,Broadridge,Bell Private Wealth Group,UBS Financial Services,8564486,Will,Bell,,+13643845894,"167 Elm St, Ste 1504, Orlando, FL, 32801",Orlando,FL,32801,869.6
SRA0000645,Broadridge,Wood Advisory Group,HighTower,9753488,Mary,Woood,wooodm@high.com,959.460.2992,"3160 Capital St, Ste 2221, San Francisco, CA, 94101",San Francisco,CA,94101,85.9
SRA0000646,Broadridge,Martin Wealth Sol Group,LPL Financial,3324735,Donna,Martin,,425-285-3073,"4385 Lake Pl, Ste 476, Dallas, TX, 75201",Dallas,TX,75201-4303,326.6
SRA0000647,Broadridge,Peterson Fam Wealth Group,Stifel Financial,9600949,Dot,Peterson,petersond@stif.com,609.397.5097,"2834 Washington Ln, Portland, OR, 97201",Portland,OR,97201,221.3
SRA0000648,Broadridge,Sanders Fin Advisory Group,Stifel Financial,5557932,Sarah,Sanders,sarah.sanders@stif.net,+15268372762,,Indianapolis,IN,4620,77.9
SRA0000649,Broadridge,Ross Family Wealth Grp,UBS Financial Services,9579143,Laura,Ross,lross@ubs.com,4598007714,"4809 Capital Ct, Ste 222, Los Angeles, CA, 90001",Los Angeles,CA,90001,415.2
SRA0000650,Broadridge,Adams Asset Mgmt Group,Oppenheimer & Co,7235425,Dan,Adams,dadams@oppe.com,(580) 348-6151,"2004 Main Rd, Pittsburgh, PA, 15201",Pittsburgh,PA,15201,258.8
SRA0000651,Broadridge,Morgan Asset Mgmt Group,Dynasty Financial Partners,2111241,Tony,Morgan,,+15944904476,"8639 Washington Ave, Ste 3033, Denver, CO, 80201",Denver,CO,80201,595.4
SRA0000652,Broadridge,Powell Financial Group,UBS Financial Services,4307179,Amy,Powell,amy.powell@ubs.net,2507059169,"767 Lake Way, Ste 1954, Portland, OR, 97201",Portland,OR,97201,166.5
SRA0000653,Broadridge,Howard Wealth Mgmt Group,Hightower Advisors,7963867,Rob,Howard,rhoward@highadvi.com,,"5197 Sunset Way, Ste 3272, New York, NY, 10017",New York,NY,10017,383.7
SRA0000654,Broadridge,Wood Cap Group,Morgan Stanley,9276815,Patty,Wood,pwood@morgstan.com,+18563247126,"1684 Main Dr, Ste 142, Baltimore, MD, 21201",Baltimore,MD,21201,297.2
SRA0000655,Broadridge,Adams Private Wealth Group,Oppenheimer & Co,7188771,Rick,Adams,radams@oppe.com,,"4255 Oak Ave, Ste 1346, Chicago, IL, 60614",Chicago,IL,60614,669.4
SRA0000656,Broadridge,Nelson Asset Mgmt Group,HighTower,3857807,Steve,Nelson,snelson@high.com,3417978548,"1965 Cedar Rd, Charlotte, NC, 28201",Charlotte,NC,28201-7595,2520.8
SRA0000657,Broadridge,Turner Wealth Advisors,Mesirow Financia,9222577,Sharon,Turner,turners@mesi.com,4875298908,"3701 Pine Ln, Austin, TX, 78701",Austin,TX,78701,52.9
SRA0000658,Broadridge,Wilson Private Wealth Group,BBaird,9464296,Pat,Wislon,wislonp@bair.com,308-333-4584,"5958 Madison Pl, Nashville, TN, 37201",Nashville,TN,37201,148.2
SRA0000659,Broadridge,Morris Investment Group,Edward Jones,5455671,Jon,Morris,jmorris@edwajone.com,3217632377,"5807 Jefferson Dr, Ste 2156, Kansas City, MO, 64101",Kansas City,MO,64101,117.6
SRA0000660,Broadridge,Nelson Fam Wealth Group,Morgan Stanley,2641024,Jenny,Nelson,jnelson@morgstan.com,250-864-7267,"6924 Washington Ln, Ste 823, Tampa, FL, 33601",Tampa,FL,33601,84.8
SRA0000661,Broadridge,Cox Family Wealth Grp,HighTower,2863660,P.,Cox,pcox@high.com,+14243171870,"585 Financial Ln, Ste 2279, Houston, TX, 77001",Houston,TX,77001,123.2
SRA0000662,Broadridge,Lewis Private Client Group,HighTower,7591523,P.,Lewis,plewis@high.com,3034255395,,Detroit,MI,4820,50.9
SRA0000663,Broadridge,Torres Invest Group,HighTower,8998677,Nancy,Torres,torresn@high.com,+19565124909,"2790 River Ave, Ste 1460, Houston, TX, 77001",Houston,TX,77001,687.5
SRA0000664,Broadridge,Johnson Cap Grp,Rockefeller Capital Management,3978208,Charlie,Johnson,johnsonc@rockcapi.com,+14702783797,"160 Capital Rd, New York, NY, 10017",New York,NY,10017,2653.6
SRA0000665,Broadridge,Bell Fam Wealth Group,RBC Wealth Management,5876441,Jim,Bell,bellj@rbc.com,(433) 737-9243,"2742 Cedar Ave, Ste 3392, Los Angeles, CA, 90001",Los Angeles,CA,90001,489.5
SRA0000666,Broadridge,Bell Adv Grp,Janney Montgomery Scott,,J.,Bell,jbell@jannmontsc.com,573.669.1222,"5778 Hill Rd, Indianapolis, IN, 46201",Indianapolis,IN,46201,55.1
SRA0000667,Broadridge,Anderson Wealth Advs,Ameriprise Financial,3376209,Mary,Anderson,mary.anderson@amer.net,(565) 709-1506,"4004 Financial Way, Ste 3148, Boston, MA, 02134",Boston,MA,02134,2709.4
SRA0000668,Broadridge,Carter Invest Group,Wells Fargo Advisors,3935211,Matt,Carter,mcarter@wellfargad.com,4718956715,"5427 Madison Way, Austin, TX, 78701",Austin,TX,78701,181.5
SRA0000669,Broadridge,Harris Fin Group,Morgan Stanley,6821657,Josh,Harris,josh.harris@morgstan.net,(495) 312-1136,"8175 Cedar Pl, Milwaukee, WI, 53201",Milwaukee,WI,53201,1147.4
SRA0000670,Broadridge,Nguyen Advisory Group,HighTower,9167564,Angela,Nguyen,anguyen@high.com,+14952665828,"256 Lincoln St, Ste 3481, Nashville, TN, 37201",Nashville,TN,3720,1163.0
SRA0000671,Broadridge,Miller Invest Group,Rockefeller Capital Management,1837217,Joe,Miller,millerj@rockcapi.com,457-341-6737,,Portland,OR,97201,65.8
SRA0000672,Broadridge,Foster Capital Group,LPL Financial,,Charlie,Foster,cfoster@lpl.com,232.684.6810,"4076 Liberty Way, Ste 3803, Minneapolis, MN, 55401",Minneapolis,MN,55401,1612.5
SRA0000673,Broadridge,King Fin Group,Stifel Financial,6410314,Laura,King,kingl@stif.com,7923424268,"4097 Cedar Way, Ste 1333, Atlanta, GA, 30301",Atlanta,GA,30301,48.6
SRA0000674,Broadridge,Hill WA,Dynasty Financial Partners,4076474,Dave,Hill,dave.hill@dynapart.net,5846472573,"2271 Market Pl, Richmond, VA, 23220",Richmond,VA,2322,126.9
SRA0000675,Broadridge,Patterson Family Wealth Group,Janney Montgomery Scott,8739061,Kate,Patterson,kpatterson@jannmontsc.com,228.772.1432,"6897 Pine Blvd, Portland, OR, 97201",Portland,OR,97201,26.9
SRA0000676,Broadridge,Young Adv Grp,Dynasty Financial Partners,5921482,Shelly,Young,myoung@dynapart.com,2549737433,"2064 Madison St, Ste 3225, Boston, MA, 02101",Boston,MA,02101,449.3
SRA0000677,Broadridge,Miller Wealth Mgmt Group,UBS Financial Services,5875071,Ry,Miller,rmiller@ubs.com,7796936428,"998 Maple Ct, Houston, TX, 77001",Houston,TX,77001,200.8
SRA0000678,Broadridge,Bell Private Client Group,HighTower,3030620,Mandy,Bell,mandy.bell@high.net,(732) 299-5050,,Dallas,TX,75201,443.2
SRA0000679,Broadridge,Davis Invest Group,Wells Farrgo Advisors,4087744,Ronald,Davis,ronald.davis@wellfargad.net,440-759-5264,"7195 Capital Ave, Ste 2705, Kansas City, MO, 64101",Kansas City,MO,64101,346.5
SRA0000680,Broadridge,Jackson Fin Advisory Group,RBC Wealth Management,2678051,Danny,Jackson,djackson@rbc.com,8027047018,"4509 Madison Way, Kansas City, MO, 64101",Kansas City,MO,64101,89.9
SRA0000681,Broadridge,Parker Financial Advisory Group,Oppenheimer & Co,8668568,R.,Parker,rparker@oppe.com,323-777-7380,,Minneapolis,MN,55401,270.0
SRA0000682,Broadridge,Garcia Fin Adv Group,Janney Montgomery Scott,7002009,J.,Garcia,garciaj@jannmontsc.com,+17127154453,"5716 Market Way, Ste 814, Baltimore, MD, 21201",Baltimore,MD,21201,129.9
SRA0000683,Broadridge,Jenkins Wealth Partners,Dynasty Financial Partners,5669772,B.,Jenkins,bjenkins@dynapart.com,+19808745963,"6455 Pine Pl, Ste 2032, Boston, MA, 02101",Boston,MA,02101,
SRA0000684,Broadridge,White Private Client Group,Dynasty Financial Partners,6840068,Meg,White,mwhite@dynapart.com,,"1108 Oak St, Boston, MA, 02101",Boston,MA,02101,140.7
SRA0000685,Broadridge,Gonzalez Family Wealth Group,Wells Fargo Advisors,4884505,Marc,Gonzalez,gonzalezm@wellfargad.com,950.442.2727,"2851 Madison Way, St. Louis, MO, 63101",St. Louis,MO,63101-7616,54.1
SRA0000686,Broadridge,Joens Wealth Mgmt Grp,Raymond James,6716187,Ant,Jones,ajones@raymjame.com,(389) 898-9653,"8130 Washington Dr, Ste 2040, San Diego, CA, 92101",San Diego,CA,92101,29.7
SRA0000687,Broadridge,Rivera Adv Group,HighTower,8363152,Bryan,Rivera,brivera@high.com,(637) 840-7162,"1162 Financial Ave, Ste 2218, Chicago, IL, 60601",Chicago,IL,60601,91.7
SRA0000688,Broadridge,Richardson Adv Group,HighTower,1950399,Steph,Richardson,srichardson@high.com,(759) 914-2816,,Detroit,MI,48201,217.8
SRA0000689,Broadridge,Parker Private Wealth Group,Ameriprise Financial,6529924,Kev,Parker,kparker@amer.com,975.879.2021,"3861 Broadway Ave, Los Angeles, CA, 90025",Los Angeles,CA,90025,649.9
SRA0000690,Broadridge,Wood Wealth Part,Morgan Stanley,2352134,Laura,Wood,lwood@morgstan.com,+17646903121,"4433 Oak Ave, Ste 2179, San Diego, CA, 92101",San Diego,CA,92101,722.3
SRA0000691,Broadridge,Hall Fam Wealth Group,Oppenheimer & Co,4291258,Betty,Hall,hallb@oppe.com,7478227215,"297 Commerce Pl, Ste 3236, Denver, CO, 80201",Denver,CO,80201,379.9
SRA0000692,Broadridge,Taylor PC Group,Oppenheimer & Co,3311404,Ashley,Taylor,ashley.taylor@oppe.net,318-648-2933,"6025 Sunset Dr, Ste 3860, Hartford, CT, 06101",Hartford,CT,06101,275.1
SRA0000693,Broadridge,Robinson Fin Grp,UBS Financial Services,9996238,Donnie,Robinson,robinsond@ubs.com,,"4095 Oak Ave, Ste 1896, Denver, CO, 80201",Denver,CO,80201-8536,47.3
SRA0000694,Broadridge,Garcia Wealth Partners,Baird,3176277,Drew,Garcia,garciad@bair.com,,"2006 Pine Ave, Ste 2326, Minneapolis, MN, 55401",Minneapolis,MN,55401,714.2
SRA0000695,Broadridge,Washington Wealth Solutions Grp,Janney Montgomery Scott,5910412,Pat,Washington,pwashington@jannmontsc.com,+18694509631,"4384 River Ct, Ste 321, Las Vegas, NV, 89101",Las Vegas,NV,89101,117.2
SRA0000696,Broadridge,Turner Family Wealth Grp,HighTower,4415085,Laura,Turner,,+13407334777,"4997 Commerce Dr, Ste 3069, Chicago, IL, 60614",Chicago,IL,60614,26.4
SRA0000697,Broadridge,Walker WA,Mesirow Financial,5534857,Rob,Walker,rwalker@mesi.com,4848027294,"4922 Pine St, Ste 2597, Dallas, TX, 75201",Dallas,TX,75201,2313.0
SRA0000698,Broadridge,Williams Cap Grp,Piper Sandler,4765620,Patty,Williams,pwilliams@pipesand.com,410-588-4021,"7063 Commerce St, Los Angeles, CA, 90001",Los Angeles,CA,90001,329.8
SRA0000699,Broadridge,Howard Capital Group,Mesirow Financial,7397002,Steph,Howard,showard@mesi.com,678.963.4903,"2161 Main Ln, San Francisco, CA, 94101",San Francisco,CA,94101,58.4
SRA0000700,Broadridge,Hernandez Fin Grp,Ameriprise Financial,,Amy,Hernandez,hernandeza@amer.com,,"3727 Liberty Blvd, Ste 2631, Chicago, IL, 60601",Chicago,IL,60601,95.8
SRA0000701,Broadridge,Anderson Financial Advisory Group,Morgan Stanley,6323988,M.,Anderson,andersonm@morgstan.com,,"997 Lake Ln, Ste 3560, Salt Lake City, UT, 84101",Salt Lake City,UT,84101-5352,365.0
SRA0000702,Broadridge,Butler Fin Grp,Morgan Stanley,2898888,Barb,Butler,bbutler@morgstan.com,7232794882,"3344 River Rd, Pittsburgh, PA, 15201",Pittsburgh,PA,15201,698.6
SRA0000703,Broadridge,Coleman Invest Group,Oppenheimer & Co,6478441,Will,Coleman,,821-568-6488,"6687 Liberty Rd, Ste 1304, New York, NY, 10017",New York,NY,10017,646.1
SRA0000704,Broadridge,Lee Wealth Mgmt GGroup,Janney Montgomery Scott,4548039,Jon,Lee,jlee@jannmontsc.com,(520) 723-9326,"9528 Sunset Dr, Ste 2486, Boston, MA, 02134",Boston,MA,02134,320.9
SRA0000705,Broadridge,Simmons Cap Grp,Raymond James,4767844,Meg,Simmons,msimmons@raymjame.com,778-715-9982,"6850 Commerce Ave, Chicago, IL, 60601",Chicago,IL,6060,217.3
SRA0000706,Broadridge,Miller Family Wealth Group,HighTower,5916819,A.,Miller,a..miller@high.net,4495364982,"5931 Park Pl, Ste 572, St. Louis, MO, 63101",St. Louis,MO,63101,177.1
SRA0000707,Broadridge,Foster Wealth Partners,Oppenheimer & Co,9483289,J.,Foster,fosterj@oppe.com,(278) 570-8932,,Pittsburgh,PA,15201,2460.9
SRA0000708,Broadridge,Taylor Private Wealth Group,Steward Partnes,5813134,Jess,Taylor,taylorj@stewpart.com,+15495212932,"1336 Jefferson Way, Ste 707, Salt Lake City, UT, 84101",Salt Lake City,UT,84101-3124,
SRA0000709,Broadridge,Ross Financial Advisory Group,LPL Financial,3797952,Pat,Ross,pross@lpl.com,323-628-5315,"9087 Broadway Ave, Ste 239, New York, NY, 10001",New York,NY,10001-9425,55.4
SRA0000710,Broadridge,Hughes WM Team,Edward Jones,8086002,Jon,Hughes,jhughes@edwajone.com,562-330-7591,"9125 Park Ln, Ste 3775, Columbus, OH, 43201",Columbus,OH,43201,
SRA0000711,Broadridge,Bennett Wealth Mgmt Team,HighTower,6955200,Sarah,Bennett,,6596188368,"7139 Hill Pl, Chicago, IL, 60601",Chicago,IL,60601,31.1
SRA0000712,Broadridge,Sanders Wealth Mgmt Team,Hightower Advisors,8608923,K.,Sanders,ksanders@highadvi.com,588.528.8185,"2896 Market Ln, New York, NY, 10001",New York,NY,10001,96.5
SRA0000713,Broadridge,Hill WP,Rockefeller Capital Management,9685189,Marc,Hill,marc.hill@rockcapi.net,(737) 793-9326,"6991 Hill Rd, Ste 3201, Memphis, TN, 38101",Memphis,TN,38101,129.9
SRA0000714,Broadridge,Jackson Wealth Solutions Grp,Morgan Stanley,6274209,Angela,Jackson,angela.jackson@morgstan.net,(301) 555-5666,"2714 Maple Ln, Ste 1897, Portland, OR, 97201",Portland,OR,97201,48.2
SRA0000715,Broadridge,Perez Investment Group,Stifel Financial,5674614,Sharon,Perez,sharon.perez@stif.net,+13442984388,"9047 Market Blvd, Ste 3796, Denver, CO, 80201",Denver,CO,80201,194.2
SRA0000716,Broadridge,Ward Asset Mgmt Grp,Steward Partners,7199861,Angela,Ward,award@stewpart.com,(408) 488-7987,"7289 Market Blvd, New York, NY, 10001",New York,NY,10001,25.1
SRA0000717,Broadridge,Anderson Family Wealth Grp,Wells Fargo Advisors,5413356,Cynthia,Anderson,canderson@wellfargad.com,+12883405562,"1909 Sunset Ave, Indianapolis, IN, 46201",Indianapolis,IN,46201,291.8
SRA0000718,Broadridge,Martinez Financial Advissory Group,Baird,2242998,Kim,Martinez,kim.martinez@bair.net,+19239046157,"629 Jefferson Ave, Charlotte, NC, 28201",Charlotte,NC,28201,37.3
SRA0000719,Broadridge,Harris Wealth Advs,Steward Partners,1133724,Ken,Harris,kharris@stewpart.com,4513407163,"3608 Washington Ln, Ste 2084, Cincinnati, OH, 45201",Cincinnati,OH,45201,431.3
SRA0000720,Broadridge,Murphy Fin Advisory Group,Stifel Financial,4593496,K.,Murphy,kmurphy@stif.com,2036442102,"8040 Commerce Dr, Cincinnati, OH, 45201",Cincinnati,OH,45201,2040.6
SRA0000721,Broadridge,Hughes Fin Grp,Ameriprise Financial,4937877,Timmy,Hughes,timmy.hughes@amer.net,(853) 557-8933,"8692 Elm Ln, Cincinnati, OH, 45201",Cincinnati,OH,45201,30.2
SRA0000722,Broadridge,Bell Asset Mgmt Group,Rockefeller Capital Management,2619558,Meg,Bell,meg.bell@rockcapi.net,,"6875 Lincoln Rd, Ste 1840, Louisville, KY, 40201",Louisville,KY,4020,105.0
SRA0000723,Broadridge,Morgan WA,Baird,7678830,Danny,Morgan,morgand@bair.com,921.331.8925,"8015 Capital Way, Pittsburgh, PA, 15201",Pittsburgh,PA,15201,701.6
SRA0000724,Broadridge,Wright Private Wealth Group,Hightower Advisors,6328751,Andy,Wright,andy.wright@highadvi.net,,"6967 Madison Ln, Los Angeles, CA, 90025",Los Angeles,CA,90025-7174,91.4
SRA0000725,Broadridge,Foster Wealth Part,RBC Wealth Management,,Pat,Foster,pat.foster@rbc.net,6194263728,"8783 Washington Ave, Nashville, TN, 37201",Nashville,TN,37201,159.0
SRA0000726,Broadridge,Nelson Fin Grp,Raymond James,6591646,Lisa,Nelson,nelsonl@raymjame.com,+15619852039,"807 Market Dr, Ste 912, New York, NY, 10017",New York,NY,10017,308.6
SRA0000727,Broadridge,Howard Wealth Sol Group,Piper Sandler,3707912,Deborah,Howard,deborah.howard@pipesand.net,582-539-7773,"3533 Commerce Dr, Minneapolis, MN, 55401",Minneapolis,MN,55401-1414,154.9
SRA0000728,Broadridge,Williams Wealth Mgmt Team,Hightower Advisors,1406752,S.,Williams,swilliams@highadvi.com,(435) 846-5051,"554 Lake Ave, Indianapolis, IN, 46201",Indianapolis,IN,4620,
SRA0000729,Broadridge,Evans Wealth Solutions Group,Raymond James,2283911,Betty,Evans,bevans@raymjame.com,(275) 716-7805,"331 Main Ct, Chicago, IL, 60614",Chicago,IL,60614,322.9
SRA0000730,Broadridge,Gonzales Asset Mgmt Group,Dynasty Financial Partners,,Rich,Gonzales,gonzalesr@dynapart.com,+16357241383,"4951 Lake Pl, Ste 1182, Miami, FL, 33101",Miami,FL,33101,777.1
SRA0000731,Broadridge,Carter Capital Group,Stifel Financial,7817098,Mary,Carter,carterm@stif.com,+17744858919,"4660 Commerce Ct, Ste 170, Denver, CO, 80201",Denver,CO,80201,32.6
SRA0000732,Broadridge,Phillips Asset Management Group,Janney Montgomery Scott,7666403,K.,Phillips,phillipsk@jannmontsc.com,9894378325,"6060 Broadway Ave, Las Vegas, NV, 89101",Las Vegas,NV,89101,406.9
SRA0000733,Broadridge,Ross WM Team,UBS Financial Services,,Charlie,Ross,cross@ubs.com,(807) 455-2374,,Seattle,WA,98101,5873.7
SRA0000734,Broadridge,Robinson Asset Management Group,Morgan Stanley,3526849,Donna,Robinson,drobinson@morgstan.com,237.529.7660,"92 Lake Dr, Philadelphia, PA, 19101",Philadelphia,PA,19101,47.7
SRA0000735,Broadridge,Murphy WA,Baird,,Barb,Murphy,barb.murphy@bair.net,(925) 694-9428,"9090 Pine Ave, Ste 417, St. Louis, MO, 63101",St. Louis,MO,63101,663.1
SRA0000736,Broadridge,Alexander Fin Adv Group,Merrill Lynch,2906975,Tom,Alexander,alexandert@merrlync.com,2396349113,"2798 Liberty Ct, Ste 3167, San Francisco, CA, 94101",San Francisco,CA,94101,540.6
SRA0000737,Broadridge,Richardson Asset Mgmt Grp,LPL Financial,4533569,Andy,Richardson,,538-964-3217,"2691 Market Pl, Ste 1805, Austin, TX, 78701",Austin,TX,78701,87.5
SRA0000738,Broadridge,Reed Wealth Management Group,UBS Financial Services,4343156,Chuck,Reed,creed@ubs.com,+19102969810,,Miami,FL,33101,102.5
SRA0000739,Broadridge,Rodriguez Wealth Advs,Janney Montgomery Scott,5606698,C.,Rodriguez,crodriguez@jannmontsc.com,(491) 636-6009,"6018 Capital Way, Pittsburgh, PA, 15201",Pittsburgh,PA,1520,37.3
SRA0000740,Broadridge,Coleman WM Team,LPL Financial,4631285,Babs,Coleman,babs.coleman@lpl.net,4863825307,"9236 Maple Blvd, Houston, TX, 77001",Houston,TX,77001,35.7
SRA0000741,Broadridge,Martinez Fin Adv Group,Morgan Stanley,,Ken,Martinez,martinezk@morgstan.com,534-509-9198,"1922 Park Ct, Ste 3269, Portland, OR, 97201",Portland,OR,97201,73.1
SRA0000742,Broadridge,Reed Invest Group,Janney Montgomery Scott,4588635,Dot,Reed,dot.reed@jannmontsc.net,370-848-5550,"2342 Jefferson Ct, Ste 2947, Austin, TX, 78701",Austin,TX,78701,1099.8
SRA0000743,Broadridge,Thomas Cap Group,Steward Partners,1424388,S.,Thomas,s..thomas@stewpart.net,5746776668,"6949 Washington Ct, Atlanta, GA, 30301",Atlanta,GA,3030,501.8
SRA0000744,Broadridge,Mitchell Priv Client Group,Edward Jones,1094196,Eddie,Mitchell,emitchell@edwajone.com,+18005176381,"1542 Sunset Ln, Ste 153, Miami, FL, 33101",Miami,FL,33101,66.5
SRA0000745,Broadridge,Jones Wealth Advisors,Ameriprise Financial,1736811,P.,Jones,pjones@amer.com,9129215145,"4493 Liberty St, Detroit, MI, 48201",Detroit,MI,48201,440.3
SRA0000746,Broadridge,Butler Financial Group,Rockefeller Capital Management,2742939,Becca,Butler,bbutler@rockcapi.com,239.578.1472,"2510 Elm Blvd, Ste 3516, Indianapolis, IN, 46201",Indianapolis,IN,46201-6929,628.3
SRA0000747,Broadridge,Stewart WP,Morgan Stanley,5655311,Mick,Stewart,mstewart@morgstan.com,398-870-1273,"5451 River Blvd, Richmond, VA, 23220",Richmond,VA,23220,1499.6
SRA0000748,Broadridge,Campbell Wealth Mgmt Grp,Hightower Advisors,2089762,Kim,Campbell,kcampbell@highadvi.com,(397) 979-9216,"2417 Lake Ave, Ste 282, San Diego, CA, 92101",San Diego,CA,92101,646.3
SRA0000749,Broadridge,Morgan Wealth Management Team,UBS Financial Services,1337345,J.,Morgan,j..morgan@ubs.net,,"3564 Liberty Rd, Ste 3693, Atlanta, GA, 30301",Atlanta,GA,30301,213.2
SRA0000750,Broadridge,Harris Private Wealth Group,Ameriprise Financial,2550417,Deborah,Harris,dharris@amer.com,7015636957,"5716 Liberty Ct, Ste 2684, Minneapolis, MN, 55401",Minneapolis,MN,55401-9547,239.2
SRA0000751,Broadridge,Kelly Fin Adv Group,Piper Sandler,6820377,Bob,Kelly,bob.kelly@pipesand.net,(861) 898-5729,"3399 River Ct, Ste 3143, Portland, OR, 97201",Portland,OR,97201,818.4
SRA0000752,Broadridge,Cooper Investment Group,LPL Financial,9674320,Dave,Cooperr,,(874) 846-4054,"7786 Cedar Pl, Ste 1624, Baltimore, MD, 21201",Baltimore,MD,21201,217.8
SRA0000753,Broadridge,Perry Wealth Management Group,Dynasty Financial Partners,7021076,Eddie,Peerry,peerrye@dynapart.com,(208) 362-7904,"7791 River Rd, Houston, TX, 77001",Houston,TX,77001,3416.7
SRA0000754,Broadridge,Rivera Financial Advisory Group,Stifel Financial,8657887,Dan,Rivera,dan.rivera@stif.net,8077898126,,Richmond,VA,2322,289.9
SRA0000755,Broadridge,Hill Priv Client Group,HighTower,6589281,Chris,Hill,chris.hill@high.net,,"2318 Sunset Pl, Ste 1986, Memphis, TN, 38101",Memphis,TN,38101,229.7
SRA0000756,Broadridge,Jackson Fin Advisory Group,LPL Financal,2348473,Meg,Jackson,meg.jackson@lpl.net,389.441.4331,"7153 Pine Dr, Ste 2374, Nashville, TN, 37201",Nashville,TN,37201,119.7
SRA0000757,Broadridge,Cook Wealth Part,Edward Jones,4565022,Jimmy,Cook,jcook@edwajone.com,6838847165,"7594 Park Ave, Ste 1403, Kansas City, MO, 64101",Kansas City,MO,64101,74.0
SRA0000758,Broadridge,Adams Wealth Sol Group,Stifel Financial,7607712,Ronald,Adams,adamsr@stif.com,746-273-6683,"8001 Financial St, Ste 2592, Louisville, KY, 40201",Louisville,KY,40201,159.0
SRA0000759,Broadridge,Walker Wealth Part,Janney Montgomery Scott,7680364,Carol,Walker,walkerc@jannmontsc.com,(279) 861-4769,"2263 Broadway Dr, Ste 1336, Columbus, OH, 43201",Columbus,OH,43201,500.7
SRA0000760,Broadridge,Baker Wealth Advs,Piper Sandler,3529124,Dave,Baker,dbaker@pipesand.com,(491) 518-7337,"7876 Oak Ln, Portland, OR, 97201",Portland,OR,9720,53.2
SRA0000761,Broadridge,Lee WA,Piper Sandler,2701295,Dan,Lee,dlee@pipesand.com,(871) 614-1200,"2636 River Blvd, Ste 1672, Baltimore, MD, 21201",Baltimore,MD,21201-5276,358.3
SRA0000762,Broadridge,Bell Cap Group,Piper Sandler,,Jim,Bell,bellj@pipesand.com,464-959-2899,"9890 Lincoln Ct, Ste 2039, Nashville, TN, 37201",Nashville,TN,37201-6109,92.3
SRA0000763,Broadridge,Howard Wealth Mgmt Team,Janney Montgomery Scott,2342330,S.,Howard,howards@jannmontsc.com,353.207.6523,"9670 Lake Dr, Ste 2617, Portland, OR, 97201",Portland,OR,97201,74.8
SRA0000764,Broadridge,Miller Investment Group,Mesirow Financial,,J.,Milller,j..milller@mesi.net,(671) 575-1820,"9820 Sunset Ln, Ste 2864, Dallas, TX, 75201",Dallas,TX,75201,179.1
SRA0000765,Broadridge,Brown Investment Group,Steward Partners,6446430,Carol,Brown,brownc@stewpart.com,504-851-1583,"9762 Maple Rd, Minneapolis, MN, 55401",Minneapolis,MN,55401,205.7
SRA0000766,Broadridge,Phillips Fin Adv Group,RBC Wealth Management,2586664,Emily,Phillips,phillipse@rbc.com,329.944.3369,"8085 Jefferson Ln, Ste 1976, Richmond, VA, 23220",Richmond,VA,23220,307.2
SRA0000767,Broadridge,Foster Fin Group,Hightower Advisors,3462063,Donnie,Foster,dfoster@highadvi.com,823-941-2656,"6258 Market Ave, Ste 2708, Los Angeles, CA, 90001",Los Angeles,CA,90001,729.4
SRA0000768,Broadridge,Evans Fin Advisory Group,Merrill Lynch,8271837,J.,Evans,j..evans@merrlync.net,(319) 396-5275,,Chicago,IL,60614,401.7
SRA0000769,Broadridge,Miller Fin Group,Janney Montgomery Scott,4115755,Ashley,Milller,milllera@jannmontsc.com,4837131749,"9907 Madison Blvd, Seattle, WA, 98101",Seattle,WA,98101,276.3
SRA0000770,Broadridge,Turner Wealth Mgmt Group,LPL Financial,5609853,Jimmy,Turner,turnerj@lpl.com,(473) 673-6212,,Boston,MA,02101,67.8
SRA0000771,Broadridge,Wood Priv Client Group,Stifel Financial,7526999,Will,Wood,will.wood@stif.net,+16877711205,"5619 River Rd, Ste 1920, Salt Lake City, UT, 84101",Salt Lake City,UT,84101,63.8
SRA0000772,Broadridge,Bryant Priv Wealth Group,Rockefeller Capital Management,5289809,R.,Braynt,r..braynt@rockcapi.net,612.233.2287,"7972 Commerce Rd, Ste 3163, Orlando, FL, 32801",Orlando,FL,32801,516.2
SRA0000773,Broadridge,Hill Asset Mgmt Group,Stifel Financial,3797337,G.,Hill,ghill@stif.com,(839) 560-8070,"6806 Main Ln, Ste 2110, Las Vegas, NV, 89101",Las Vegas,NV,89101,198.4
SRA0000774,Broadridge,Howard Capital Group,Raymond James,7639578,Eddie,Howard,howarde@raymjame.com,,"9352 Hill Blvd, Houston, TX, 77001",Houston,TX,77001,188.6
SRA0000775,Broadridge,Turner Asset Management Group,Janney Montgomery Scott,7093060,Sue,Turner,sturner@jannmontsc.com,(845) 308-6206,"8230 Commerce Ct, Ste 3618, San Diego, CA, 92101",San Diego,CA,92101,555.8
SRA0000776,Broadridge,Alexander Investment Group,Mesirow Financial,,Patty,Alexander,alexanderp@mesi.com,,"8728 River Pl, San Francisco, CA, 94101",San Francisco,CA,94101,145.9
SRA0000777,Broadridge,Kelly Cap Group,Oppenheimer & Co,3324853,Ed,Kelly,ekelly@oppe.com,8248349247,"1320 Capital Way, Miami, FL, 33101",Miami,FL,33101,81.3
SRA0000778,Broadridge,Young Fin Group,Edward Jones,7212534,Lisa,Young,youngl@edwajone.com,(223) 960-7378,"9045 Market Dr, Chicago, IL, 60614",Chicago,IL,60614,66.6
SRA0000779,Broadridge,Mitchell Financial Advisory Group,RBC Wealth Management,1518244,R.,Mitchell,mitchellr@rbc.com,411-791-8555,"7524 Park Pl, Miami, FL, 33101",Miami,FL,33101,169.9
SRA0000780,Broadridge,Bailey Asset Mgmt Group,Wells Fargo Advisors,5108127,Ry,Bailey,baileyr@wellfargad.com,,"113 Oak Way, San Francisco, CA, 94101",San Francisco,CA,94101,622.0
SRA0000781,Broadridge,Roberts Asset Mgmt Grp,UBS Financial Services,9961899,Becky,Roberts,broberts@ubs.com,+19312248184,"7878 Oak Ln, Philadelphia, PA, 19101",Philadelphia,PA,19101,767.8
SRA0000782,Broadridge,Evans Wealth Advs,Hightower Advisors,3081328,Geo,Evans,evansg@highadvi.com,+13063495300,"9500 Maple Blvd, Ste 2789, Portland, OR, 97201",Portland,OR,97201,85.7
SRA0000783,Broadridge,Young PW Group,Rockefeller Capital Management,8688025,Chuck,Young,cyoung@rockcapi.com,926-703-5009,"4260 River Ln, Houston, TX, 77001",Houston,TX,77001,
SRA0000784,Broadridge,Flores Fin Grp,Ameriprise Financial,1599695,M.,Flores,mflores@amer.com,979.343.3425,"8549 Hill St, Ste 1619, Louisville, KY, 40201",Louisville,KY,40201-8876,1248.6
SRA0000785,Broadridge,Robinson Wealth Solutions Group,Merrill Lynch,6082767,Nancy,Robinson,nrobinson@merrlync.com,(351) 798-1197,"4251 Sunset Ct, Salt Lake City, UT, 84101",Salt Lake City,UT,84101,88.7
SRA0000786,Broadridge,Cook Financial Advisory Group,HighTower,9780144,Ronald,Cook,rcook@high.com,+15835878950,"2771 Market Pl, Ste 3774, Boston, MA, 02134",Boston,MA,02134,74.1
SRA0000787,Broadridge,Powell WP,UBS Financial Services,4463308,Jim,Powell,jpowell@ubs.com,4293535559,"9972 Maple Dr, Ste 1981, Nashville, TN, 37201",Nashville,TN,3720,110.0
SRA0000788,Broadridge,Henderson Wealth Solutions Group,Merrill Lynch,2658260,Cynthia,Henderson,chenderson@merrlync.com,(537) 719-2100,,Miami,FL,33101,195.4
SRA0000789,Broadridge,Hernandez Family Wealth Grp,Morgan Stanley,5296176,Becca,Hernandez,becca.hernandez@morgstan.net,+19573875015,"3742 Lincoln Blvd, Ste 2595, Phoenix, AZ, 85001",Phoenix,AZ,85001,296.5
SRA0000790,Broadridge,Scott Private Client Group,UBS Financial Services,6079484,Susie,Scott,scotts@ubs.com,262-412-4728,"3997 Financial Pl, Ste 2299, Chicago, IL, 60601",Chicago,IL,60601,390.9
SRA0000791,Broadridge,Henderson Priv Wealth Group,UBS Financial Services,,Ken,Henderson,khenderson@ubs.com,2856874234,"1637 Commerce Dr, Ste 1328, Dallas, TX, 75201",Dallas,TX,75201,173.8
SRA0000792,Broadridge,Kelly Wealth Sol Group,Oppenheimer & Co,8654679,Jimmy,Kelly,jimmy.kelly@oppe.net,2004577671,"9853 Lake Pl, Las Vegas, NV, 89101",Las Vegas,NV,89101,262.5
SRA0000793,Broadridge,White Wealth Management Group,Rockefeller Capital Management,2099905,Donna,Whitee,dwhitee@rockcapi.com,+19786425991,"1550 Lincoln Rd, Columbus, OH, 43201",Columbus,OH,43201,124.0
SRA0000794,Broadridge,White Asset Mgmt Group,LPL Financial,4577178,M.,White,mwhite@lpl.com,5147136003,"5244 Market Pl, Ste 1329, Denver, CO, 80201",Denver,CO,80201,267.2
SRA0000795,Broadridge,Brooks Wealth Partners,Raymond James,3649846,Tony,Brooks,tbrooks@raymjame.com,+18248783574,"5336 Market Pl, Miami, FL, 33101",Miami,FL,33101,
SRA0000796,Broadridge,Simmons Priv Wealth Group,Ameriprise Financial,6093866,Carol,Simmons,carol.simmons@amer.net,579.348.6017,"5468 Sunset Rd, Ste 1842, Kansas City, MO, 64101",Kansas City,MO,6410,31.7
SRA0000797,Broadridge,Parker Asset Mgmt Grp,Merrill Lynch,3347640,Ronald,Parker,rparker@merrlync.com,+16679855492,"320 Washington Dr, Los Angeles, CA, 90025",Los Angeles,CA,90025,
SRA0000798,Broadridge,Young WP,Edward Jones,1771751,Will,Young,wyoung@edwajone.com,(875) 599-8979,"4094 Lake Way, Ste 329, Salt Lake City, UT, 84101",Salt Lake City,UT,84101-7768,23.4
SRA0000799,Broadridge,Howard Fam Wealth Group,Janney Montgomery Scott,8916176,P.,Howard,p..howard@jannmontsc.net,3379672212,,Dallas,TX,75201,448.8
SRA0000800,Broadridge,Brooks Adv Grp,LPL Financial,5374141,J.,Brooks,j..brooks@lpl.net,770-743-5774,"359 Cedar Ave, Las Vegas, NV, 89101",Las Vegas,NV,89101,270.8
SRA0000801,Broadridge,Bennett Fin Adv Group,Merrill Lynch,1805827,Stevie,Bennett,bennetts@merrlync.com,(741) 261-9392,"6120 Main Way, San Diego, CA, 92101",San Diego,CA,92101,35.8
SRA0000802,Broadridge,Adams Fam Wealth Group,Steward Partners,6599438,Becca,Adams,badams@stewpart.com,(849) 268-2237,"9262 Pine Ct, Memphis, TN, 38101",Memphis,TN,38101,608.1
SRA0000803,Broadridge,Cooper iFnancial Group,UBS Financial Services,2226138,Chris,Cooper,ccooper@ubs.com,985-900-8060,"4537 Lincoln Pl, Milwaukee, WI, 53201",Milwaukee,WI,53201,160.2
SRA0000804,Broadridge,Nelson Financial Advisory Group,UBS Financial Services,,Betty,Nelson,bnelson@ubs.com,9099578084,"352 Madison Ln, Ste 3492, Baltimore, MD, 21201",Baltimore,MD,21201,122.3
SRA0000805,Broadridge,Johnson Wealth Part,RBC Wealth Management,6479762,Johnny,Johnson,johnsonj@rbc.com,745.668.4282,"9412 Sunset Blvd, Ste 707, Boston, MA, 02134",Boston,MA,02134,248.6
SRA0000806,Broadridge,White Wealth Mgmt Grp,Wells Fargo Advisors,6847188,J.,White,j..white@wellfargad.net,2705356166,"3771 Washington Dr, Ste 1837, Boston, MA, 02101",Boston,MA,02101,601.3
SRA0000807,Broadridge,Ramirez Wealth Mgmt Grp,Janney Montgomery Scott,1426542,Marc,Ramirez,mramirez@jannmontsc.com,+16549614417,"6233 Oak Pl, Ste 913, Las Vegas, NV, 89101",Las Vegas,NV,89101,1910.4
SRA0000808,Broadridge,Carter Wealth Sol Group,Dynasty Financial Partners,3937636,Carol,Carter,,718-792-9462,"1994 Elm Dr, Ste 2103, Chicago, IL, 60614",Chicago,IL,60614,1991.0
SRA0000809,Broadridge,Bryant Capital Group,Baird,,Bryan,Bryant,bryantb@bair.com,+16894619335,"1835 Lincoln St, Ste 3390, Seattle, WA, 98101",Seattle,WA,98101-4117,2168.5
SRA0000810,Broadridge,Gonzalez Wealth Partners,Janney Montgomery Scott,8283809,Ronald,Gonzalez,rgonzalez@jannmontsc.com,867-507-4757,"1384 Liberty Way, Chicago, IL, 60601",Chicago,IL,60601,186.4
SRA0000811,Broadridge,Scott Wealth Mgmt Group,Baird,9701033,Amy,Scott,ascott@bair.com,359-343-8697,"639 Oak Dr, Phoenix, AZ, 85001",Phoenix,AZ,85001,268.9
SRA0000812,Broadridge,Barnes Wealth Solutions Group,Oppenheimer & Co,3892727,G.,Barnes,g..barnes@oppe.net,378-731-3480,,San Diego,CA,92101,
SRA0000813,Broadridge,Clark Cap Group,Stifel Financial,1433356,Pat,Clark,pclark@stif.com,5392298708,"561 Cedar Way, Ste 1644, Philadelphia, PA, 19101",Philadelphia,PA,19101,197.1
SRA0000814,Broadridge,Cox Financial Advisory Group,Edward Jones,6849651,K.,Cox,kcox@edwajone.com,428.294.7879,"1087 Maple Pl, Ste 1800, New York, NY, 10001",New York,NY,10001-5427,
SRA0000815,Broadridge,Moore Asset Mgmt Grp,HighTwer,5309422,J.,Moore,j..moore@high.net,331.530.9847,,Nashville,TN,37201,25.4
SRA0000816,Broadridge,Taylor Adv Grp,RBC Wealth Management,4784131,Matt,Taylor,taylorm@rbc.com,+18752842553,"6617 Hill Ave, Ste 1126, Boston, MA, 02134",Boston,MA,02134,358.0
SRA0000817,Broadridge,Perry WP,Stifel Financial,5474917,K.,Perry,k..perry@stif.net,9783346373,"6915 Sunset Blvd, Ste 3928, Salt Lake City, UT, 84101",Salt Lake City,UT,84101,52.0
SRA0000818,Broadridge,Hall Wealth Advs,LPL Financial,5409130,Mary,Hall,mhall@lpl.com,758-650-2930,,Las Vegas,NV,89101,882.7
SRA0000819,Broadridge,White Wealth Partners,Ameriprise Financial,8655712,Laura,White,lwhite@amer.com,8792986609,"8505 Lake Ave, Hartford, CT, 06101",Hartford,CT,06101,244.1
SRA0000820,Broadridge,Bailey Cap Group,Edward Jones,4722144,Angela,Bailey,baileya@edwajone.com,217-403-6798,"8612 Capital Blvd, Ste 2273, Boston, MA, 02134",Boston,MA,02134,183.5
SRA0000821,Broadridge,Howard Adv Group,Janney Montgomery Scott,3778902,Mick,Howard,mick.howard@jannmontsc.net,+18508494707,"2492 Commerce Way, Austin, TX, 78701",Austin,TX,78701,359.1
SRA0000822,Broadridge,Evans Cap Grp,Stifel Financial,8851806,Mike,Evans,mevans@stif.com,+15293395915,"6 Pine Ln, Kansas City, MO, 64101",Kansas City,MO,64101,467.8
SRA0000823,Broadridge,Foster Fin Group,HighTower,9068702,Ant,Foster,fostera@high.com,3649824972,"6411 Elm Way, Ste 892, Los Angeles, CA, 90025",Los Angeles,CA,90025,250.6
SRA0000824,Broadridge,Hall Private Wealth Group,UBS Financial Services,7735054,Deborah,Hall,dhall@ubs.com,(326) 943-3487,"3373 Lincoln Blvd, Boston, MA, 02101",Boston,MA,02101-9242,133.4
SRA0000825,Broadridge,Henderson Adv Grp,Wells Fargo Advisors,8903903,Jimmy,Henderson,hendersonj@wellfargad.com,+14378768180,"4896 Maple Ct, Austin, TX, 78701",Austin,TX,7870,976.2
SRA0000826,Broadridge,Nguyen Adv Group,RBC Wealth Management,7082569,Donna,Nguyne,nguyned@rbc.com,4478809102,"7086 Jefferson St, Chicago, IL, 60614",Chicago,IL,60614,1206.8
SRA0000827,Broadridge,Simmons Investment Group,Ameriprise Financial,5215259,Deborah,Simmons,simmonsd@amer.com,(565) 285-1211,"1657 Broadway Dr, Ste 1006, San Diego, CA, 92101",San Diego,CA,92101,242.2
SRA0000828,Broadridge,Powell WM Team,Ameriprise Financial,9706817,Jay,Powell,jpowell@amer.com,8835911689,"9858 Maple Ave, Ste 581, Hartford, CT, 06101",Hartford,CT,06101,69.4
SRA0000829,Broadridge,Kelly Cap Grp,HighTower,6826801,Geo,Kelly,geo.kelly@high.net,8626508548,"9394 Market St, Los Angeles, CA, 90001",Los Angeles,CA,90001,91.8
SRA0000830,Broadridge,Brown Financial Group,LPL Financial,5903591,Meg,Brown,mbrown@lpl.com,+16222298481,"4154 Sunset Rd, Ste 1118, New York, NY, 10017",New York,NY,10017,113.9
SRA0000831,Broadridge,Miller Fam Wealth Group,Baird,4512830,J.,Miller,jmiller@bair.com,(771) 989-9966,"5274 Madison Rd, San Francisco, CA, 94101",San Francisco,CA,94101,117.1
SRA0000832,Broadridge,Murphy Wealth Partners,UBS Financial Services,4818006,S.,Murphy,s..murphy@ubs.net,,"1482 Liberty Way, Ste 2136, Milwaukee, WI, 53201",Milwaukee,WI,53201-7976,29.0
SRA0000833,Broadridge,Carter Invest Grp,LPL Financial,6653942,Donna,Carter,carterd@lpl.com,648.570.3608,"2762 River St, Ste 2483, Pittsburgh, PA, 15201",Pittsburgh,PA,15201,144.4
SRA0000834,Broadridge,Bailey Invest Grp,Steward Partners,2566382,Cynthia,Bailey,baileyc@stewpart.com,2929287629,,Detroit,MI,48201,169.6
SRA0000835,Broadridge,Roberts Wealth Solutions Group,Wells Fargo Advisors,2379281,Cynthia,Roberts,croberts@wellfargad.com,(531) 430-8250,"669 Park Ct, Ste 1221, Milwaukee, WI, 53201",Milwaukee,WI,53201,169.1
SRA0000836,Broadridge,Lewis Priv Wealth Group,RBC Wealth Management,1208345,Patty,Lewis,lewisp@rbc.com,5034491340,"7918 Lincoln Way, Ste 2426, Las Vegas, NV, 89101",Las Vegas,NV,89101,142.3
SRA0000837,Broadridge,Ward Wealth Management Team,Janney Montgomery Scott,5142216,Kenny,Ward,kenny.ward@jannmontsc.net,751-792-3109,"1584 Market Pl, Ste 529, St. Louis, MO, 63101",St. Louis,MO,63101,2210.9
SRA0000838,Broadridge,Simmons PC Group,Janney Montgomery Scott,5515309,Marc,Simmons,msimmons@jannmontsc.com,(788) 254-8540,"7175 Broadway Way, Ste 801, Baltimore, MD, 21201",Baltimore,MD,21201,23.8
SRA0000839,Broadridge,Flores Wealth Advs,Steward Partners,2069997,Susie,Flores,susie.flores@stewpart.net,898.562.2071,,Pittsburgh,PA,15201,37.2
SRA0000840,Broadridge,Price Cap Grup,Rockefeller Capital Management,4610526,Dot,Price,dprice@rockcapi.com,877-662-6076,"8822 Hill Rd, Ste 3370, Detroit, MI, 48201",Detroit,MI,48201,331.5
SRA0000841,Broadridge,Price Wealth Sol Group,Edward Jones,9304303,Donnie,Price,dprice@edwajone.com,(946) 322-6436,"1460 Maple Way, Ste 3987, New York, NY, 10017",New York,NY,10017,230.9
SRA0000842,Broadridge,Turner PC Group,Piper Sandler,6220992,A.,Turner,aturner@pipesand.com,+15633818051,"4129 Broadway Ave, Ste 1744, Boston, MA, 02101",Boston,MA,02101,399.0
SRA0000843,Broadridge,Hall Wealth Part,UBS Financial Services,9789034,Marc,Hall,hallm@ubs.com,463.220.1997,"9128 Oak Rd, Ste 107, Houston, TX, 77001",Houston,TX,77001,134.4
SRA0000844,Broadridge,Smith Capital Group,Baird,7288704,Jimmy,Smith,jsmith@bair.com,(271) 376-4088,"8163 Elm Ct, Ste 1514, New York, NY, 10017",New York,NY,10017,369.8
SRA0000845,Broadridge,Patterson Fin Grp,Raymond James,3968364,Becky,Patterson,pattersonb@raymjame.com,651-923-3908,"8313 Cedar Pl, Ste 258, Memphis, TN, 38101",Memphis,TN,38101,51.4
SRA0000846,Broadridge,Thomas Investment Group,Stifel Financial,3808259,Sharon,Thomas,sharon.thomas@stif.net,302-709-4164,"9888 Cedar Rd, Pittsburgh, PA, 15201",Pittsburgh,PA,15201,130.8
SRA0000847,Broadridge,Roberts Wealth Management Team,Mesirow Financial,5130922,Deborah,Roberts,deborah.roberts@mesi.net,+15743444923,"8041 Washington Way, Ste 340, Cleveland, OH, 44101",Cleveland,OH,44101,59.1
SRA0000848,Broadridge,Perry Wealth Mgmt Team,Dynasty Financial Partners,9924232,A.,Perry,aperry@dynapart.com,734.603.9951,"3293 Hill Rd, Ste 3227, St. Louis, MO, 63101",St. Louis,MO,63101,887.8
SRA0000849,Broadridge,Ross Cap Grp,Oppenheimer & Co,,Andy,Ross,rossa@oppe.com,+17022249048,"1710 River Ct, Ste 1692, Orlando, FL, 32801",Orlando,FL,32801,103.1
SRA0000850,Broadridge,Torres Adv Group,Morgan Stanley,3908477,Patty,Torres,torresp@morgstan.com,856-521-1785,"8754 Main St, Miami, FL, 33101",Miami,FL,33101,670.3
SRA0000851,Broadridge,Rivera Welth Mgmt Grp,Steward Partners,9791000,M.,Rivera,mrivera@stewpart.com,382.720.7075,"733 Washington Ave, Ste 860, Columbus, OH, 43201",Columbus,OH,43201-9335,169.4
SRA0000852,Broadridge,Green Priv Client Group,UBS Financial Services,1261602,Dot,Green,dgreen@ubs.com,+12465904375,,Indianapolis,IN,46201,396.8
SRA0000853,Broadridge,Roberts Wealth Partners,RBC Wealth Management,,Danny,Roberts,robertsd@rbc.com,(345) 813-5033,"4231 Jefferson Ln, Ste 3699, Los Angeles, CA, 90001",Los Angeles,CA,90001,1266.2
SRA0000854,Broadridge,Hughes Cap Group,Merrill Lynch,9190913,Timmy,Hguhes,thughes@merrlync.com,459-814-1170,"6480 Oak Pl, Ste 2924, Orlando, FL, 32801",Orlando,FL,32801,155.0
SRA0000855,Broadridge,Henderson Wealth Management Team,Wells Fargo Advisors,2115690,Will,Henderson,whenderson@wellfargad.com,387-749-6363,"2743 Lake Way, Ste 1273, Indianapolis, IN, 46201",Indianapolis,IN,46201-5129,2925.5
SRA0000856,Broadridge,Ramirez WM Team,Ameriprise Financial,2451280,Steph,Ramirez,sramirez@amer.com,768-709-4289,"2083 Market St, Ste 547, Detroit, MI, 48201",Detroit,MI,48201-5399,757.9
SRA0000857,Broadridge,Jones Financial Advisory Group,Pipre Sandler,5055922,Marc,Jones,jonesm@pipesand.com,6468307076,"7178 Cedar Pl, Ste 268, Chicago, IL, 60601",Chicago,IL,60601,24.3
SRA0000858,Broadridge,Harris PC Group,LPL Financial,6726860,Carol,Harris,harrisc@lpl.com,4563796736,"7570 Washington St, Ste 727, Los Angeles, CA, 90001",Los Angeles,CA,90001,24.4
SRA0000859,Broadridge,Rodriguez Fin Adv Group,RBC Wealth Management,8363043,Jen,Rodriguez,jrodriguez@rbc.com,225-651-2136,"4027 Capital Ct, Ste 759, Cleveland, OH, 44101",Cleveland,OH,44101,
SRA0000860,Broadridge,Green Wealth Management Team,Morgan Stanley,3850704,Susie,Greeen,greeens@morgstan.com,9415297068,"630 Cedar Ave, San Diego, CA, 92101",San Diego,CA,92101-7493,198.5
SRA0000861,Broadridge,Smith Wealth Mgmt Group,Dynasty Financial Partners,,Ed,Smith,esmith@dynapart.com,429.980.1576,"9235 Commerce Ave, Ste 3475, Memphis, TN, 38101",Memphis,TN,38101,242.2
SRA0000862,Broadridge,Brooks Invest Group,Piper Sandler,9230270,Kathy,Brooks,kathy.brooks@pipesand.net,827-456-6654,"7455 Broadway Blvd, Ste 3702, Las Vegas, NV, 89101",Las Vegas,NV,89101,511.3
SRA0000863,Broadridge,Jackson Wealth Advisors,Stifel Financial,5315283,Marc,Jackson,mjackson@stif.com,,"7074 Hill Blvd, Ste 1780, Orlando, FL, 32801",Orlando,FL,32801-3559,143.8
SRA0000864,Broadridge,Robinson Fin Adv Group,Piper Sandler,8008273,Steph,Roinson,roinsons@pipesand.com,671.951.8410,,Seattle,WA,98101,780.2
SRA0000865,Broadridge,Simmons Private Wealth Group,Hightower Advisors,4203862,Tommy,Simmons,tsimmons@highadvi.com,(782) 399-6954,"7592 Commerce Way, Ste 1357, Seattle, WA, 98101",Seattle,WA,98101,165.3
SRA0000866,Broadridge,Jackson Wealth Management Team,Rockefeller Capital Management,7914190,Ronald,Jackson,jacksonr@rockcapi.com,+12524044558,"5533 Commerce Blvd, Nashville, TN, 37201",Nashville,TN,37201,2718.7
SRA0000867,Broadridge,White Wealth Mgmt Group,Mesirow Financial,3891398,Jay,White,whitej@mesi.com,479.963.3553,"6585 Financial Dr, Ste 1396, Orlando, FL, 32801",Orlando,FL,32801,48.3
SRA0000868,Broadridge,Gonzales Asset Management Group,Raymond James,9901791,Donnie,Gonzales,donnie.gonzales@raymjame.net,,"1591 Pine Ave, Ste 3869, St. Louis, MO, 63101",St. Louis,MO,63101,53.4
SRA0000869,Broadridge,Lopez Wealth Partners,Baird,4573745,Kev,Lopez,lopezk@bair.com,+15142676946,"5170 Financial Pl, Ste 2981, Boston, MA, 02134",Boston,MA,02134,68.6
SRA0000870,Broadridge,Stewart Asset Management Group,Wells Fargo Advisors,7391266,Cynthia,Stewart,cstewart@wellfargad.com,,"2793 Main Rd, Boston, MA, 02101",Boston,MA,02101,382.0
SRA0000871,Broadridge,White Wealth Management Group,Mesirow Financial,2426239,J.,White,j..white@mesi.net,578-270-3903,"2211 Capital Ln, Memphis, TN, 38101",Memphis,TN,38101,125.9
SRA0000872,Broadridge,Powell WA,LPL Financial,2393728,Joey,Powell,powellj@lpl.com,5638179105,"262 Capital Way, Minneapolis, MN, 55401",Minneapolis,MN,55401,617.8
SRA0000873,Broadridge,Wright Wealth Advs,Mesirow Financial,,Bob,Wright,bwright@mesi.com,+13338391174,"9399 Main Ln, Ste 3804, Cleveland, OH, 44101",Cleveland,OH,44101,198.2
SRA0000874,Broadridge,Roberts Priv Client Group,Morgan Stanley,8122166,Eddie,Roberts,eroberts@morgstan.com,+16169246605,"2169 Sunset Ln, Ste 2102, Orlando, FL, 32801",Orlando,FL,32801,78.9
SRA0000875,Broadridge,Walker Wealth Solutions Group,UBS Financial Services,6723292,Jess,Walker,jess.walker@ubs.net,832.272.3559,"9548 Liberty Pl, New York, NY, 10001",New York,NY,10001-6473,180.5
SRA0000876,Broadridge,Powell Fin Grp,Wells Fargo Advisors,3327250,Shelly,Powell,shelly.powell@wellfargad.net,(404) 963-2329,"3041 Pine Ave, Ste 3342, Los Angeles, CA, 90025",Los Angeles,CA,90025,35.1
SRA0000877,Broadridge,Miller Capital Group,UBS Financial Services,4310140,Tony,Miller,tony.miller@ubs.net,9257074048,"7688 Hill St, Ste 2179, Cincinnati, OH, 45201",Cincinnati,OH,45201,59.4
SRA0000878,Broadridge,Thompson Invest Group,LPL Financial,4176691,Dave,Thompson,dthompson@lpl.com,9163262241,"3084 Elm Rd, Richmond, VA, 23220",Richmond,VA,23220,190.6
SRA0000879,Broadridge,Phillips Invest Grp,Dynasty Financial Partners,5210238,C.,Phillips,cphillips@dynapart.com,5539534944,"8693 Main Ln, Ste 760, Columbus, OH, 43201",Columbus,OH,43201,147.4
SRA0000880,Broadridge,Rodriguez WP,Rockefeller Capital Management,8215793,Mike,Rodriguez,mrodriguez@rockcapi.com,,"197 Pine Rd, Ste 3853, Milwaukee, WI, 53201",Milwaukee,WI,53201,131.8
SRA0000881,Broadridge,Patterson WA,HighTower,8562950,Ashley,Patterson,apatterson@high.com,+15669608871,"6070 Broadway Ln, Memphis, TN, 38101",Memphis,TN,38101,200.7
SRA0000882,Broadridge,Bryant PW Group,LPL Financial,6920595,Barb,Bryant,barb.bryant@lpl.net,+16196768563,"5315 Madison Pl, Los Angeles, CA, 90001",Los Angeles,CA,90001,2274.1
SRA0000883,Broadridge,Sanders Private Wealth Group,Edward Jones,7564784,Charlie,Sanders,csanders@edwajone.com,(683) 353-5438,"5527 Washington St, Ste 748, New York, NY, 10017",New York,NY,10017,116.8
SRA0000884,Broadridge,Peterson Priv Wealth Group,Ameriprise Financial,8299893,Deborah,Peterson,petersond@amer.com,+13636991979,"5790 Maple Ave, Indianapolis, IN, 46201",Indianapolis,IN,46201,85.0
SRA0000885,Broadridge,Nguyen Priv Wealth Group,Raymond James,7985116,Karen,Nguyen,knguyen@raymjame.com,7022136046,"2599 River Ln, Seattle, WA, 98101",Seattle,WA,98101,107.3
SRA0000886,Broadridge,Thomas Fin Adv Group,HighTower,3149723,Lisa,Thomas,thomasl@high.com,+15787788758,"1035 Main Pl, Ste 1108, Cleveland, OH, 44101",Cleveland,OH,44101,167.2
SRA0000887,Broadridge,Adams Wealth Sol Group,RBCW ealth Management,8989103,Amy,Adams,adamsa@rbc.com,+14877686582,"9458 River Dr, Cincinnati, OH, 45201",Cincinnati,OH,45201,30.3
SRA0000888,Broadridge,Foster WM Team,Ameriprise Financial,4241051,Karen,Foster,kfoster@amer.com,988.482.3344,"5961 Oak Pl, Ste 2693, Orlando, FL, 32801",Orlando,FL,32801,260.4
SRA0000889,Broadridge,Rivera Fam Wealth Group,HighTower,6270869,Ken,Rivera,ken.rivera@high.net,+18197494277,"3084 Capital Ave, Ste 348, Charlotte, NC, 28201",Charlotte,NC,28201,884.3
SRA0000890,Broadridge,Bailey WP Group,Stifel Financial,1183106,Linda,Bailey,lbailey@stif.com,5054674346,"2361 Hill St, Ste 2737, Portland, OR, 97201",Portland,OR,97201,168.0
SRA0000891,Broadridge,Mitchell Asset Mgmt Grp,Mesirow Financial,8451420,D.,Mitchell,dmitchell@mesi.com,(976) 521-2765,"4482 Lincoln Ln, Ste 2584, Las Vegas, NV, 89101",Las Vegas,NV,89101,88.3
SRA0000892,Broadridge,Lee Fin Advisory Group,Dynasty Financial Partners,3078947,Drew,Lee,alee@dynapart.com,(253) 534-8816,"6043 Cedar Rd, New York, NY, 10017",New York,NY,10017,83.3
SRA0000893,Broadridge,Brown Wealth Advs,Oppenheimer & Co,,Susie,Brown,sbrown@oppe.com,+18594896308,"9268 Financial St, Detroit, MI, 48201",Detroit,MI,48201,502.6
SRA0000894,Broadridge,Butler Family Wealth Grp,Raymond James,3347324,Kim,Butler,kbutler@raymjame.com,355-304-9565,"2677 Park Ave, Chicago, IL, 60601",Chicago,IL,60601,1062.5
SRA0000895,Broadridge,Hernandez Wealth Partners,Oppenheimer & Co,7985242,Kev,Hernandez,hernandezk@oppe.com,8576053539,"8981 Pine Dr, Ste 572, Indianapolis, IN, 46201",Indianapolis,IN,46201,184.8
SRA0000896,Broadridge,Walker Wealth Advs,Morgan Stanley,4783595,M.,Walker,walkerm@morgstan.com,6902431691,"3589 Park Blvd, Los Angeles, CA, 90025",Los Angeles,CA,90025,301.0
SRA0000897,Broadridge,Green Capital Group,Baird,1394484,Jenny,Green,jgreen@bair.com,885.931.7798,"9012 Pine St, Ste 247, New York, NY, 10017",New York,NY,10017,90.9
SRA0000898,Broadridge,Kelly Wealth Mgmt Group,Rockefeller Capital Management,7175999,Marc,Kelly,kellym@rockcapi.com,+17213687507,"3487 Cedar Ct, Ste 2670, Chicago, IL, 60614",Chicago,IL,60614,244.3
SRA0000899,Broadridge,Flores Wealth Advs,HighTower,4100967,Jon,Flores,jflores@high.com,3152427348,"1749 Washington Dr, Seattle, WA, 98101",Seattle,WA,98101,46.6
SRA0000900,Broadridge,Hughes Financial Group,LPL Financial,4855572,Deborah,Hughes,hughesd@lpl.com,7804584552,"8374 Main Ln, Ste 3497, Tampa, FL, 33601",Tampa,FL,33601,45.4
SRA0000901,Broadridge,Nelson Family Wealth Group,LPL Financial,8682024,Becky,Nelson,nelsonb@lpl.com,+16008163707,"8056 Broadway Ct, Ste 3356, St. Louis, MO, 63101",St. Louis,MO,6310,368.2
SRA0000902,Broadridge,Wood Wealth Mgmt Grp,Wells Fargo Advisors,5600838,Will,Wood,woodw@wellfargad.com,200.510.8291,"6250 Financial Blvd, Ste 1607, Milwaukee, WI, 53201",Milwaukee,WI,53201,290.5
SRA0000903,Broadridge,Harris Priv Client Group,Oppenheimer & Co,5697262,Betty,Harris,betty.harris@oppe.net,627.869.1366,"4874 Oak Ave, Ste 1176, Chicago, IL, 60601",Chicago,IL,60601,269.5
SRA0000904,Broadridge,Clark Wealth Advs,Wells Fargo Advisors,4939337,Kathy,Clark,kclark@wellfargad.com,+16667935475,"4425 Main Pl, Ste 2933, Kansas City, MO, 64101",Kansas City,MO,64101,336.5
SRA0000905,Broadridge,Rodriguez WA,Piper Sandler,1623460,Ant,Rodriguez,arodriguez@pipesand.com,709-642-8630,"6758 Elm St, Ste 280, New York, NY, 10017",New York,NY,10017,425.2
SRA0000906,Broadridge,Scott Private Client Group,Stifel Financial,5562772,Angela,Scott,ascott@stif.com,392-440-8339,"32 Liberty St, Miami, FL, 33101",Miami,FL,33101,
SRA0000907,Broadridge,Flores Asset Management Group,Rockefeller Capital Management,5806959,Sue,Flores,sue.flores@rockcapi.net,5722907017,,Los Angeles,CA,90025,180.0
SRA0000908,Broadridge,Edwards Fin Grp,UBS Financial Services,6583525,G.,Edwards,gedwards@ubs.com,567.860.8644,,Boston,MA,02101-1101,462.3
SRA0000909,Broadridge,Ross Fin Grp,Raymond James,3340778,Jenny,Ross,jross@raymjame.com,(410) 909-7493,"1340 Jefferson Ave, Richmond, VA, 23220",Richmond,VA,2322,62.4
SRA0000910,Broadridge,Richardson Fin Grp,Wells Fargo Advisors,3763239,Rob,Richardson,rrichardson@wellfargad.com,,"8015 Maple Rd, Philadelphia, PA, 19101",Philadelphia,PA,19101,56.8
SRA0000911,Broadridge,Wilson Financial Advisory Group,Rockefeller Capital Management,5057290,A.,Wilson,wilsona@rockcapi.com,973-615-5962,"3429 Commerce Ave, Nashville, TN, 37201",Nashville,TN,37201,100.4
SRA0000912,Broadridge,Williams Invest Grp,Merrill Lynch,2196822,Johnny,Williams,williamsj@merrlync.com,268.459.8415,"1949 Jefferson Rd, Seattle, WA, 98101",Seattle,WA,98101,514.8
SRA0000913,Broadridge,Price Wealth Part,Stifel Financial,4497183,Ashley,Price,pricea@stif.com,511.638.8838,,Tampa,FL,33601,1595.8
SRA0000914,Broadridge,Hall Invest Grp,Merrill Lynch,,Kenny,Hall,kenny.hall@merrlync.net,905-801-6751,"8034 Main Way, Ste 2096, Orlando, FL, 32801",Orlando,FL,32801,251.7
SRA0000915,Broadridge,Allen Wealth Mgmt Team,Steward Partners,2577152,Mary,Allen,allenm@stewpart.com,(665) 588-6527,,Phoenix,AZ,85001,32.6
SRA0000916,Broadridge,Washington Priv Wealth Group,Mesirow Financial,1473717,Carol,Washington,washingtonc@mesi.com,(718) 655-2132,,Houston,TX,77001,443.0
SRA0000917,Broadridge,Patterson Wealth Solutions Group,Raymond James,7497877,Joe,Patterson,jpatterson@raymjame.com,+19628693893,"6173 Oak Ln, Ste 1492, Miami, FL, 33101",Miami,FL,33101-4584,93.8
SRA0000918,Broadridge,Murphy Private Client Group,RBC Wealth Manaement,2703520,Steph,Murphy,steph.murphy@rbc.net,(368) 342-3162,"9916 Financial St, Ste 1601, Dallas, TX, 75201",Dallas,TX,75201,289.1
SRA0000919,Broadridge,Washington PC Group,Hightower Advisors,,Johnny,Washington,jwashington@highadvi.com,485.646.7918,"1097 Pine Ave, Ste 3985, Cincinnati, OH, 45201",Cincinnati,OH,45201,76.4
SRA0000920,Broadridge,Evans Private Wealth Group,Hightower Advisors,1404486,Mary,Evans,evansm@highadvi.com,365-288-4060,"3220 Lincoln Ct, Ste 1177, Dallas, TX, 75201",Dallas,TX,75201,173.1
SRA0000921,Broadridge,Perry Fin Group,Edward Jones,3472747,Will,Pery,peryw@edwajone.com,507-336-7401,"184 Sunset St, Ste 149, Dallas, TX, 75201",Dallas,TX,75201,115.4
SRA0000922,Broadridge,Powell Fin Group,Ameriprise Financial,3299515,Linda,Powell,lpowell@amer.com,+15274498870,"3499 Washington Pl, Ste 977, Nashville, TN, 37201",Nashville,TN,37201,
SRA0000923,Broadridge,Roberts Wealth Advisors,Steward Partners,3439451,Dan,Roberts,robertsd@stewpart.com,978-269-8826,"8412 Pine Blvd, Ste 3185, Boston, MA, 02134",Boston,MA,02134-3438,78.6
SRA0000924,Broadridge,Ross PW Group,Janney Montgomery Scott,2001147,Deborah,Ross,dross@jannmontsc.com,9706421703,"5251 Madison St, Ste 3075, San Diego, CA, 92101",San Diego,CA,92101-9901,33.4
SRA0000925,Broadridge,Flores Wealth Solutions Grp,HighTower,9548784,Ronald,Flores,floresr@high.com,+16168613576,"3955 Capital Ct, Ste 3266, Boston, MA, 02101",Boston,MA,02101,23.9
SRA0000926,Broadridge,Price Capital Group,Merrill Lynch,,Jay,Price,jprice@merrlync.com,+19219953384,"655 Sunset Ln, Ste 2002, Hartford, CT, 06101",Hartford,CT,06101,334.0
SRA0000927,Broadridge,Howard WP,HighTower,3302963,Josh,Howard,jhoward@high.com,6805452490,"8023 River Ct, Ste 2686, Kansas City, MO, 64101",Kansas City,MO,64101,73.8
SRA0000928,Broadridge,Ross Invest Group,Ameriprise Financial,9615400,Stevie,Ross,,433.520.6311,"3923 Financial Dr, Ste 1354, Louisville, KY, 40201",Louisville,KY,40201,218.9
SRA0000929,Broadridge,Nelson Wealth Advs,Hightower Advisors,4160035,Mel,Nelson,mel.nelson@highadvi.net,+19868273281,"4834 Washington Rd, Charlotte, NC, 28201",Charlotte,NC,28201,233.5
SRA0000930,Broadridge,Clark Fin Grp,Mesirow Financial,5889906,Kenny,Clark,kclark@mesi.com,8534524370,"9800 Liberty Rd, Ste 2752, Dallas, TX, 75201",Dallas,TX,75201,834.7
SRA0000931,Broadridge,Young Fam Wealth Group,Piper Sandler,5273588,Geo,Young,gyoung@pipesand.com,(820) 273-5137,"2039 Madison Ct, Memphis, TN, 38101",Memphis,TN,38101,
SRA0000932,Broadridge,Harris Fam Wealth Group,Ameriprise Financial,5648826,Bill,Harris,bharris@amer.com,(723) 781-7889,"3264 Lake St, Hartford, CT, 06101",Hartford,CT,06101,304.1
SRA0000933,Broadridge,Wilson Capital Group,Rockefeller Capital Management,7062194,Karen,Wilson,wilsonk@rockcapi.com,978-255-1672,"1152 Lake Ave, Ste 1199, St. Louis, MO, 63101",St. Louis,MO,63101,458.8
SRA0000934,Broadridge,Gonzalez Priv Wealth Group,Oppenheimer & Co,2004617,Shelly,Gonzalez,mgonzalez@oppe.com,210.314.6531,"4542 Hill Way, Ste 1002, Memphis, TN, 38101",Memphis,TN,38101,412.7
SRA0000935,Broadridge,Brooks Adv Grp,Ameriprise Financial,6313642,Karen,Brooks,kbrooks@amer.com,9804253815,"6280 Washington Ct, Phoenix, AZ, 85001",Phoenix,AZ,85001-5077,
SRA0000936,Broadridge,Brooks Invest Group,HighTower,2605305,D.,Brooks,dbrooks@high.com,+14526164620,"3966 Lincoln Blvd, Dallas, TX, 75201",Dallas,TX,75201,782.4
SRA0000937,Broadridge,Wilson Private Wealth Group,Merrill Lynch,7487804,P.,Wilson,pwilson@merrlync.com,656-418-4804,"1645 Pine Way, Portland, OR, 97201",Portland,OR,97201-5721,57.4
SRA0000938,Broadridge,Gonzales Wealth Solutions Grp,Piper Sandler,5558760,Chuck,Gonzales,gonzalesc@pipesand.com,410.889.9053,"7155 Market Rd, Ste 2144, New York, NY, 10017",New York,NY,10017,113.6
SRA0000939,Broadridge,Roberts Financial Group,Mesirow Financial,7336155,Lisa,Roberts,lisa.roberts@mesi.net,372.613.4393,"3571 River Rd, Ste 1118, Tampa, FL, 33601",Tampa,FL,33601,308.4
SRA0000940,Broadridge,Robinson Fin Grp,Piper Sandler,5094863,Laura,Robinson,lrobinson@pipesand.com,860.914.2059,"7410 Main Way, Ste 1572, New York, NY, 10017",New York,NY,10017,382.2
SRA0000941,Broadridge,Bell Priv Client Group,Oppenheimer & Co,4834547,Jon,Bell,,475-575-5257,"7841 Elm Blvd, Ste 2498, Portland, OR, 97201",Portland,OR,97201,
SRA0000942,Broadridge,Cox Wealth Sol Group,LPL Financial,7116500,Karen,Cox,kcox@lpl.com,2499784745,"1475 Elm Ave, Orlando, FL, 32801",Orlando,FL,32801,394.4
SRA0000943,Broadridge,Allen Advisory Group,UBS Financial Services,8313083,Mike,Allen,mallen@ubs.com,485-390-4753,"6709 Hill Blvd, Ste 1049, Las Vegas, NV, 89101",Las Vegas,NV,89101,339.4
SRA0000944,Broadridge,Miller Wealth Advs,Dynasty Financial Partners,8889458,Lisa,Miller,lmiller@dynapart.com,633.371.4870,"282 Washington Ave, Ste 515, Minneapolis, MN, 55401",Minneapolis,MN,55401,412.4
SRA0000945,Broadridge,Thompson WM Team,Steward Partners,3562193,Mel,Thompson,,(746) 391-5024,"144 River Blvd, Hartford, CT, 06101",Hartford,CT,06101,301.0
SRA0000946,Broadridge,Williams Advisory Group,Hightower Advisors,3264070,M.,Williams,mwilliams@highadvi.com,371-249-8685,"2555 Cedar Dr, Detroit, MI, 48201",Detroit,MI,48201,38.7
SRA0000947,Broadridge,Scott PW Group,Mesirow Financial,3719366,J.,Scott,jscott@mesi.com,+18558201692,,Atlanta,GA,30301,142.1
SRA0000948,Broadridge,Turner Advisory Group,Edward Jones,7165648,Kathy,Turner,kturner@edwajone.com,(505) 318-7756,"6269 Madison Ln, Ste 1388, Boston, MA, 02101",Boston,MA,02101,320.6
SRA0000949,Broadridge,Alexander PW Group,Merrill Lynch,3469105,M.,Alexander,malexander@merrlync.com,(660) 804-3291,"4948 Madison Dr, Ste 3788, Cincinnati, OH, 45201",Cincinnati,OH,45201,108.5
SRA0000950,Broadridge,Stewart Family Wealth Group,Ameriprise Financial,4434168,Laura,Stewart,lstewart@amer.com,674-333-7812,"842 Park Blvd, Baltimore, MD, 21201",Baltimore,MD,21201,188.1
SRA0000951,Broadridge,Mitchell WP,Morgan Stanley,8270949,Drew,Mitchell,amitchell@morgstan.com,279.812.5816,,Orlando,FL,32801,83.0
SRA0000952,Broadridge,Rivera Priv Wealth Group,Baird,3448450,Will,Rivera,riveraw@bair.com,962.928.5417,,Columbus,OH,43201,1529.4
SRA0000953,Broadridge,Flores Wealth Partners,Piper Sandler,6478510,Johnny,Flores,johnny.flores@pipesand.net,,"8471 Financial Ave, Pittsburgh, PA, 15201",Pittsburgh,PA,15201,6084.8
SRA0000954,Broadridge,Cooper WA,Morgan Stanley,8379650,J.,Cooper,j..cooper@morgstan.net,+19499395376,"2359 Cedar Dr, Ste 1672, Boston, MA, 02134",Boston,MA,02134,754.2
SRA0000955,Broadridge,Lewis Wealth Management Group,Morgan Stanley,3230397,Ronald,Lewis,lewisr@morgstan.com,399.628.4172,"6842 Cedar Way, Ste 1145, New York, NY, 10001",New York,NY,10001,143.1
SRA0000956,Broadridge,Foster Wealth Sol Group,Janney Montgomery Scott,6546545,Lisa,Foster,lfoster@jannmontsc.com,846.880.6349,"8630 Cedar Ct, Philadelphia, PA, 19101",Philadelphia,PA,19101,
SRA0000957,Broadridge,Young Wealth Solutions Group,RBC Wealth Management,9536835,Carol,Young,cyoung@rbc.com,+15077107630,"841 Financial Ln, Portland, OR, 97201",Portland,OR,97201,89.0
SRA0000958,Broadridge,Jackson PW Group,Steward Partners,8790459,Rich,Jackson,rjackson@stewpart.com,3563009883,"8288 Sunset Way, Phoenix, AZ, 85001",Phoenix,AZ,85001,287.7
SRA0000959,Broadridge,Nelson Wealth Mgmt Team,Stifel Financial,2112674,Jess,Nelson,jnelson@stif.com,(521) 258-8137,"6651 Jefferson Blvd, Ste 225, San Francisco, CA, 94101",San Francisco,CA,94101,32.3
SRA0000960,Broadridge,Mitchell Invest Group,Wells Fargo Advisors,9252054,Amy,Mitchell,amitchell@wellfargad.com,+16058024506,"6641 Jefferson Dr, Ste 2600, Indianapolis, IN, 46201",Indianapolis,IN,46201,33.4
SRA0000961,Broadridge,Lee Wealth Partners,HighToewr,1142436,K.,Lee,k..lee@high.net,,"8072 Pine Blvd, Chicago, IL, 60614",Chicago,IL,60614,393.3
SRA0000962,Broadridge,Thompson Fin Advisory Group,Morgan Stanley,,Mary,Thompson,mary.thompson@morgstan.net,882.785.2433,,Tampa,FL,33601,343.8
SRA0000963,Broadridge,Garcia Wealth Management Group,HighTower,9226877,D.,Garcia,d..garcia@high.net,(310) 473-5774,"8620 Pine Ln, Ste 1993, San Francisco, CA, 94101",San Francisco,CA,94101,1427.3
SRA0000964,Broadridge,King Wealth Advs,Edward Jones,4754605,S.,Kign,kigns@edwajone.com,+19054901524,"6446 River Blvd, Indianapolis, IN, 46201",Indianapolis,IN,46201,67.0
SRA0000965,Broadridge,Cooper Invest Grp,Stifel Financial,6189630,B.,Cooper,bcooper@stif.com,882-534-4449,,San Diego,CA,92101,327.1
SRA0000966,Broadridge,Davis Wealth Management Team,Dynasty Financial Partners,8531631,Dave,Davis,dave.davis@dynapart.net,329-352-2203,"4629 River Rd, Ste 3043, Houston, TX, 77001",Houston,TX,77001,106.2
SRA0000967,Broadridge,Turner Wealth Advisors,Wells Fargo Advisors,7110418,Jay,Turner,turnerj@wellfargad.com,360.600.4137,"5654 Pine St, Ste 3594, Seattle, WA, 98101",Seattle,WA,98101,971.7
SRA0000968,Broadridge,White Family Wealth Group,Rockefeller Capital Management,8543241,Eddie,White,eddie.white@rockcapi.net,,"5158 Financial Blvd, Ste 3308, St. Louis, MO, 63101",St. Louis,MO,63101,82.2
SRA0000969,Broadridge,Allen Wealth Mgmt Team,Oppenheimer & Co,5026924,Angela,Allen,aallen@oppe.com,7258189115,"4553 Washington Blvd, Ste 3257, Cleveland, OH, 44101",Cleveland,OH,44101,1094.1
SRA0000970,Broadridge,Cox Advisory Group,Piper Sandler,1661445,P.,Cox,pcox@pipesand.com,665.936.9964,"4755 Commerce Pl, Ste 1462, Portland, OR, 97201",Portland,OR,97201,315.0
SRA0000971,Broadridge,Sanders Fam Wealth Group,UBS Financial Services,4874618,Tim,Sanders,sanderst@ubs.com,522-805-4651,"7361 Lake Ln, Baltimore, MD, 21201",Baltimore,MD,21201,36.0
SRA0000972,Broadridge,Robinson Invest Group,Dynasty Financial Partners,,M.,Robinson,mrobinson@dynapart.com,660.444.7504,,Philadelphia,PA,19101,591.8
SRA0000973,Broadridge,Ward Wealth Management Group,Oppenheimer & Co,1858921,Barb,Ward,wardb@oppe.com,7087944496,"8751 Commerce Ln, Louisville, KY, 40201",Louisville,KY,40201,258.9
SRA0000974,Broadridge,Roberts Private Client Group,Steward Partners,8205822,Kate,Roberts,kroberts@stewpart.com,2815365023,"7863 Main Ave, Ste 3169, Atlanta, GA, 30301",Atlanta,GA,30301,121.4
SRA0000975,Broadridge,Perry Wealth Advs,Stifel Financial,3715584,Chris,Perry,cperry@stif.com,636.408.3685,"5922 Maple Ln, Ste 2321, San Diego, CA, 92101",San Diego,CA,92101,185.2
SRA0000976,Broadridge,Rodriguez Fin Advisory Group,UBS Financial Services,5530705,Nancy,Rodriguez,rodriguezn@ubs.com,383-316-8393,"5531 Maple Ct, New York, NY, 10001",New York,NY,10001,372.5
SRA0000977,Broadridge,Cooper Fam Wealth Group,Wells Fargo Advisors,6977035,R.,Cooper,r..cooper@wellfargad.net,294.561.3890,"6356 Washington Ct, Chicago, IL, 60614",Chicago,IL,60614-3821,222.4
SRA0000978,Broadridge,Barnes Wealth Management Team,UBS Financial Serrvices,9972609,Cynthia,Barnes,cbarnes@ubs.com,,"489 River Way, Boston, MA, 02134",Boston,MA,02134,108.0
SRA0000979,Broadridge,Coleman Priv Wealth Group,Janney Montgomery Scott,,Kenny,Coleman,kenny.coleman@jannmontsc.net,217.880.7103,"5550 Jefferson St, Los Angeles, CA, 90001",Los Angeles,CA,90001,214.1
SRA0000980,Broadridge,Moore Fin Grp,Wells Fargo Advisors,3277847,D.,Moore,d..moore@wellfargad.net,+16847066582,"1963 Capital St, Salt Lake City, UT, 84101",Salt Lake City,UT,84101-2255,264.7
SRA0000981,Broadridge,Flores Wealth Sol Group,Steward Partners,6036606,Don,Flores,dflores@stewpart.com,8803405231,"6220 Cedar Ln, Ste 1787, Minneapolis, MN, 55401",Minneapolis,MN,55401,392.2
SRA0000982,Broadridge,Campbell Fam Wealth Group,UBS Financial Services,,Linda,Campbell,campbelll@ubs.com,+12232265671,"5370 Elm Ave, Nashville, TN, 37201",Nashville,TN,37201,283.9
SRA0000983,Broadridge,Prcie WP,Wells Fargo Advisors,6340384,Karen,Price,,3263874478,"9540 Pine Dr, Ste 1375, Houston, TX, 77001",Houston,TX,77001,
SRA0000984,Broadridge,Miller Wealth Mgmt Team,Raymond James,1713448,Emily,Miller,millere@raymjame.com,,"8880 Maple Ln, Ste 3948, Salt Lake City, UT, 84101",Salt Lake City,UT,8410,3048.5
SRA0000985,Broadridge,Young Wealth Partners,UBS Financial Services,2742713,Laura,Youn,laura.youn@ubs.net,8452178705,"3579 Cedar Blvd, Atlanta, GA, 30301",Atlanta,GA,30301,254.5
SRA0000986,Broadridge,Turner WA,Merrill Lynch,4146566,Don,Turner,turnerd@merrlync.com,704.760.4897,"973 Jefferson Dr, Memphis, TN, 38101",Memphis,TN,38101-9982,406.3
SRA0000987,Broadridge,Cox Wealth Part,Stifel Financial,7904546,M.,Cox,mcox@stif.com,,"4081 Capital Ave, Detroit, MI, 48201",Detroit,MI,48201,35.2
SRA0000988,Broadridge,Bennett Wealth Mgmt Grp,Rockefeller Capital Management,3150688,Betty,Benneett,betty.benneett@rockcapi.net,790-388-2965,"4077 Cedar St, Ste 1123, Detroit, MI, 48201",Detroit,MI,48201,
SRA0000989,Broadridge,Martinez Financial Advisory Group,Piper Sandler,,K.,Martinez,kmartinez@pipesand.com,,"1815 Main Way, Ste 945, Charlotte, NC, 28201",Charlotte,NC,28201,82.5
SRA0000990,Broadridge,Jackson Wealth Solutions Grp,Wells Fargo Advisors,9705125,Chuck,Jackson,jacksonc@wellfargad.com,896.481.8264,"3303 Liberty Blvd, Ste 1546, St. Louis, MO, 63101",St. Louis,MO,63101,722.7
SRA0000991,Broadridge,Powell Fam Wealth Group,RBC Wealth Management,8339206,Becca,Powell,becca.powell@rbc.net,+12504581050,,Charlotte,NC,28201,192.5
SRA0000992,Broadridge,Morris Invest Grp,Hightower Advisors,5755437,Emily,Morris,emorris@highadvi.com,486.381.7982,"226 Broadway Ct, Ste 1961, San Diego, CA, 92101",San Diego,CA,92101,553.5
SRA0000993,Broadridge,Coleman Family Wealth Group,RBC Wealth Management,8999967,J.,Coleman,colemanj@rbc.com,599-476-3628,"7871 Park Pl, Charlotte, NC, 28201",Charlotte,NC,28201,436.6
SRA0000994,Broadridge,Walker Capital Group,Rockefeller Capital Management,2842547,Carol,Walker,cwalker@rockcapi.com,,"8553 Lake Ave, Ste 2796, Hartford, CT, 06101",Hartford,CT,06101,24.3
SRA0000995,Broadridge,Flores Wealth Management Group,Piper Sandler,2797161,Mandy,Flores,mandy.flores@pipesand.net,4474895130,"4003 Commerce Ct, Memphis, TN, 38101",Memphis,TN,38101,210.3
SRA0000996,Broadridge,Sanchez Wealth Advs,Piper Sandler,7374025,Sarah,Sanchez,ssanchez@pipesand.com,6838394215,"4013 River St, Houston, TX, 77001",Houston,TX,77001,436.8
SRA0000997,Broadridge,Walker WP,Steward Partners,2279569,Mary,Walker,mwalker@stewpart.com,305.778.3244,"3790 Jefferson St, Ste 1789, Denver, CO, 80201",Denver,CO,80201-1190,62.0
SRA0000998,Broadridge,Martinez Wealth Advisors,Wells Fargo Advisors,,Emily,Martinez,,(955) 419-4579,"6077 Maple St, Ste 3860, Boston, MA, 02101",Boston,MA,02101-7072,499.0
SRA0000999,Broadridge,Thomas Wealth Advs,Ameriprise Financial,2992782,Tim,Thomas,tthomas@amer.com,295.456.9796,"3952 Oak Pl, Seattle, WA, 98101",Seattle,WA,98101,2298.0
SRA0001000,Broadridge,Perry Wealth Sol Group,Merrill Lynch,7909008,Chris,Perry,perryc@merrlync.com,(538) 302-2453,"8253 Financial Dr, Seattle, WA, 98101",Seattle,WA,98101,1115.1
SRA0001001,Broadridge,Collins Wealth Partners,Janney Montgomery Scott,,Jim,Collins,jim.collins@jannmontsc.net,(842) 785-1349,"4510 Washington Blvd, Hartford, CT, 06101",Hartford,CT,06101,212.9
SRA0001002,Broadridge,Ross Wealth Solutions Grp,Stifel Financial,3668732,G.,Ross,gross@stif.com,685-587-1124,"2808 Sunset St, Ste 2903, Boston, MA, 02134",Boston,MA,02134,98.8
SRA0001003,Broadridge,Hernandez Priv Wealth Group,Edward Jones,7963431,Rich,Hernandez,rich.hernandez@edwajone.net,311-645-4756,,Boston,MA,02134,31.6
SRA0001004,Broadridge,Sanders Wealth Partners,Dynasty Financial Partners,4616959,Amy,Sanders,sandersa@dynapart.com,659.635.3820,"7293 Lake Rd, Ste 977, San Francisco, CA, 94101",San Francisco,CA,94101,540.4
SRA0001005,Broadridge,EEvans Cap Grp,Stifel Financial,2935210,Matt,Evans,evansm@stif.com,911-329-1881,"3765 Commerce Ave, Ste 1716, Chicago, IL, 60614",Chicago,IL,60614,59.4
SRA0001006,Broadridge,Gonzales Wealth Mgmt Grp,Raymond James,5034633,Dot,Gonzales,dgonzales@raymjame.com,251-720-9907,"1216 Park Ct, Ste 1489, Richmond, VA, 23220",Richmond,VA,2322,1100.8
SRA0001007,Broadridge,Lopez Investment Group,Ameriprise Financial,3284720,Babs,Lopez,babs.lopez@amer.net,382.245.8007,"8037 Washington Blvd, Hartford, CT, 06101",Hartford,CT,06101,57.7
SRA0001008,Broadridge,Henderson Adv Grp,UBS Financial Services,2344809,Ashley,Henderson,hendersona@ubs.com,+19559786273,"7552 Elm Ln, Milwaukee, WI, 53201",Milwaukee,WI,53201,72.4
SRA0001009,Broadridge,Jones Asset Mgmt Group,Merrill Lynch,1509145,Johnny,Jnes,johnny.jnes@merrlync.net,285-530-3702,"9599 Pine Ave, New York, NY, 10017",New York,NY,10017,392.2
SRA0001010,Broadridge,Gonzalez Asset Mgmt Grp,Mesirow Financial,1433544,Amy,Gonzalez,amy.gonzalez@mesi.net,936-353-6789,"5126 Madison Ave, Los Angeles, CA, 90025",Los Angeles,CA,90025,364.6
SRA0001011,Broadridge,Nguyen Investment Group,Stifel Financial,,Betty,Nguyen,bnguyen@stif.com,(814) 884-9847,"7812 Hill Pl, Ste 3245, Chicago, IL, 60614",Chicago,IL,60614,36.2
SRA0001012,Broadridge,Thompson Adv Group,Stifel Financial,8292886,Charlie,Thompson,charlie.thompson@stif.net,+16782261723,"9818 Oak St, St. Louis, MO, 63101",St. Louis,MO,63101-6532,199.0
SRA0001013,Broadridge,Hall WWealth Management Team,Baird,5615065,Eddie,Hall,,+17423537638,,Austin,TX,78701,291.9
SRA0001014,Broadridge,Robinson Wealth Partners,Baird,7296917,Jen,Robinson,jen.robinson@bair.net,+19472421645,,Tampa,FL,3360,177.4
SRA0001015,Broadridge,Wood Family Wealth Group,Steward Partners,9821826,Steph,Wood,swood@stewpart.com,(389) 328-2057,"995 Lake St, New York, NY, 10017",New York,NY,10017,465.4
SRA0001016,Broadridge,Cox Adv Grp,Wells Fargo Advisors,3977034,Steve,Cox,scox@wellfargad.com,+17606859166,"4080 Market Dr, Ste 3228, Philadelphia, PA, 19101",Philadelphia,PA,19101,126.4
SRA0001017,Broadridge,Coleman Capital Group,UBS Financial Services,3598135,Linda,Coleman,lcoleman@ubs.com,(889) 267-3318,,Phoenix,AZ,85001,133.9
SRA0001018,Broadridge,Coleman Cap Group,Stifel Financial,3189600,Jess,Coleman,jcoleman@stif.com,577-939-9656,,San Francisco,CA,94101,2812.8
SRA0001019,Broadridge,Morgan Wealth Solutions Grp,Morgan Stanley,7541115,Dave,Morgan,dave.morgan@morgstan.net,(360) 563-7122,"4762 Oak Blvd, Ste 1038, Minneapolis, MN, 55401",Minneapolis,MN,55401,363.3
SRA0001020,Broadridge,Ward Invest Grp,Edward Jones,6162843,Kev,Ward,kev.ward@edwajone.net,(621) 486-5761,"8405 Financial Ct, Ste 3860, New York, NY, 10017",New York,NY,10017,123.5
SRA0001021,Broadridge,Lewis WP,Wells Fargo Advisors,9404879,Carol,Lewis,carol.lewis@wellfargad.net,7313825512,"5433 Cedar Pl, Hartford, CT, 06101",Hartford,CT,06101,80.7
SRA0001022,Broadridge,Hughes Wealth Mgmt Grp,Baird,5006686,S.,Hughees,hugheess@bair.com,4094214423,"5818 Washington Ct, Ste 1390, Cincinnati, OH, 45201",Cincinnati,OH,45201,2226.8
SRA0001023,Broadridge,Sanders Wealth Advisors,UBS Financial Services,6419379,Don,Sanders,dsanders@ubs.com,+14312407662,"570 Pine Ave, Indianapolis, IN, 46201",Indianapolis,IN,46201-4550,292.2
SRA0001024,Broadridge,Bailey Asset Management Group,Rockefeller Capital Management,2598999,Donna,Bailey,baileyd@rockcapi.com,(672) 712-7671,"9053 Market St, Ste 857, Orlando, FL, 32801",Orlando,FL,32801,774.2
SRA0001025,Broadridge,Brown Fin Group,Merrill Lynch,3145923,M.,Brown,mbrown@merrlync.com,+18117361214,"4005 Madison Rd, Ste 2978, Cleveland, OH, 44101",Cleveland,OH,44101,254.7
SRA0001026,Broadridge,Foster Wealth Sol Group,Stifel Financial,1051574,Stevie,Foster,sfoster@stif.com,835.896.4501,"6419 Sunset Rd, Ste 337, San Diego, CA, 92101",San Diego,CA,92101-7214,135.9
SRA0001027,Broadridge,Bennett Asset Mgmt Group,UBS Financial Services,2826302,J.,Bennett,jbennett@ubs.com,752-499-4700,"3791 Madison Ct, Ste 3532, Austin, TX, 78701",Austin,TX,78701,95.4
SRA0001028,Broadridge,Moore PW Group,Oppenheimer & Co,4616926,Sarah,Moore,moores@oppe.com,8218169287,"2423 Pine Dr, Ste 1472, San Francisco, CA, 94101",San Francisco,CA,94101,70.8
SRA0001029,Broadridge,Martinez Invest Grp,UBS Financial Services,1718961,Tim,Martinez,tim.martinez@ubs.net,5758451348,"5530 Park Pl, Minneapolis, MN, 55401",Minneapolis,MN,55401,637.9
SRA0001030,Broadridge,Phillips Wealth Mgmt Team,HighTower,6375054,Ed,Phillips,phillipse@high.com,963.417.2637,"2876 Washington Ln, Orlando, FL, 32801",Orlando,FL,32801,485.2
SRA0001031,Broadridge,Edwards Adv Grp,Hightower Advisors,2824919,Mick,Edwards,mick.edwards@highadvi.net,697-841-8950,"6955 Commerce Blvd, Portland, OR, 97201",Portland,OR,97201,
SRA0001032,Broadridge,King Private Client Group,Stifel Financial,1083198,Deborah,Knig,dking@stif.com,740.658.4179,"5614 Hill Dr, Ste 2832, Dallas, TX, 75201",Dallas,TX,75201,266.1
SRA0001033,Broadridge,Cox Cap Group,Raymond James,4921631,Emily,Cox,emily.cox@raymjame.net,,"875 Maple Rd, Ste 2942, Seattle, WA, 98101",Seattle,WA,98101,3259.3
SRA0001034,Broadridge,Miller Wealth Partners,Hightower Advisors,1264631,Karen,Miller,millerk@highadvi.com,931.663.5181,"9551 Elm Way, Minneapolis, MN, 55401",Minneapolis,MN,55401,199.8
SRA0001035,Broadridge,Ross Asset Mgmt Grp,Oppenheimer & Co,8653803,Lisa,Ross,rossl@oppe.com,291-734-5842,"2379 Commerce Rd, Ste 2708, Minneapolis, MN, 55401",Minneapolis,MN,55401,474.2
SRA0001036,Broadridge,Jackson Fin Group,Baird,6194113,Donnie,Jackson,jacksond@bair.com,(783) 833-4185,"2870 Washington Ave, Ste 3296, Minneapolis, MN, 55401",Minneapolis,MN,55401,1061.2
SRA0001037,Broadridge,Jackson Cap Grp,Oppenheimer & Co,1385216,Drew,Jackson,drew.jackson@oppe.net,+17716843539,"6521 Liberty Ave, Ste 1810, San Diego, CA, 92101",San Diego,CA,92101,276.4
SRA0001038,Broadridge,Stewart Private Client Group,Edward Jones,4827056,Betty,Stewart,bstewart@edwajone.com,7328214610,"5338 Capital Rd, Nashville, TN, 37201",Nashville,TN,37201,25.3
SRA0001039,Broadridge,Perry Asset Management Group,Steward Partners,,Tommy,Perry,tperry@stewpart.com,5526172930,"2335 Financial Way, Ste 2349, Minneapolis, MN, 55401",Minneapolis,MN,55401,57.0
SRA0001040,Broadridge,Sanders Adv Grp,Janney Montgomery Scott,7416175,Ronald,Sanders,rsanders@jannmontsc.com,786.587.6647,"6668 Liberty Ave, Portland, OR, 97201",Portland,OR,97201,172.4
SRA0001041,Broadridge,Gray Asset Mgmt Group,Rocekfeller Capital Management,3444734,Jim,Gray,jgray@rockcapi.com,9843949659,"5140 Financial Rd, Houston, TX, 77001",Houston,TX,77001,150.1
SRA0001042,Broadridge,Powell Cap Grp,Hightower Advisors,2050336,Jim,Powell,jpowell@highadvi.com,(256) 319-7343,"8256 Washington Ave, Ste 891, Orlando, FL, 32801",Orlando,FL,32801,77.8
SRA0001043,Broadridge,Brown WM Team,Morgan Stanley,2343929,Kev,Brown,brownk@morgstan.com,(500) 844-2198,"5266 Oak Pl, Ste 825, Austin, TX, 78701",Austin,TX,78701,1288.1
SRA0001044,Broadridge,Stewart Invest Grp,HighTower,3344288,Jeff,Stewart,jstewart@high.com,9436127744,"2131 Capital Blvd, Ste 2375, San Francisco, CA, 94101",San Francisco,CA,94101,3754.0
SRA0001045,Broadridge,Bell Cap Group,Rockefeller Capital Management,2120619,Emily,Bell,emily.bell@rockcapi.net,987.996.5317,"373 Madison Ct, San Francisco, CA, 94101",San Francisco,CA,94101-3549,695.9
SRA0001046,Broadridge,Harris Priv Wealth Group,LPL Financial,6271403,Bill,Harris,harrisb@lpl.com,5669323805,"3320 Sunset Way, Ste 2331, Denver, CO, 80201",Denver,CO,80201,441.3
SRA0001047,Broadridge,Johnson Wealth Solutions Group,LPL Financial,2318598,Ry,Johnson,rjohnson@lpl.com,8173671007,"6224 Maple Dr, Houston, TX, 77001",Houston,TX,77001,366.4
SRA0001048,Broadridge,Cooper Fin Adv Group,Baird,7307916,Mel,Cooper,mel.cooper@bair.net,3243944575,"7332 Pine Ct, Ste 1183, Indianapolis, IN, 46201",Indianapolis,IN,46201,24.4
SRA0001049,Broadridge,Simmons Wealth Sol Group,Edward Jones,3363089,Mick,Simmons,msimmons@edwajone.com,,"705 Maple Way, Ste 316, Los Angeles, CA, 90025",Los Angeles,CA,90025,98.3
SRA0001050,Broadridge,Clark Wealth Sol Group,Ameriprise Financial,,J.,Clark,j..clark@amer.net,,"8412 Elm Blvd, Ste 3515, Detroit, MI, 48201",Detroit,MI,48201,147.1
SRA0001051,Broadridge,Lopez Wealth Solutions Group,Rockefeller Capital Management,4244468,Nancy,Lopez,nlopez@rockcapi.com,4677317879,"2812 Financial Ct, Ste 3498, Houston, TX, 77001",Houston,TX,77001,253.1
SRA0001052,Broadridge,Foster Fam Wealth Group,HighTower,5077356,M.,Foster,mfoster@high.com,317-727-3903,"8905 River Way, Ste 1037, Portland, OR, 97201",Portland,OR,97201,420.1
SRA0001053,Broadridge,Flores Fam Wealth Group,Merrill Lynch,,Donna,Flores,dflores@merrlync.com,664-689-2000,"6598 Broadway Dr, Detroit, MI, 48201",Detroit,MI,48201,129.9
SRA0001054,Broadridge,Jackson WP,Merrill Lynch,3867901,Carol,Jackson,cjackson@merrlync.com,384-429-6722,"5373 Elm Ave, Orlando, FL, 32801",Orlando,FL,32801,145.4
SRA0001055,Broadridge,Nelson Family Wealth Group,Steward Partners,7793676,Jim,Nelson,jnelson@stewpart.com,783-353-2193,,Philadelphia,PA,19101,203.9
SRA0001056,Broadridge,Ramirez Family Wealth Group,Piper Sandler,5504975,Ken,Ramirez,,(440) 640-9877,"4732 Commerce St, Hartford, CT, 06101",Hartford,CT,06101,41.3
SRA0001057,Broadridge,Jones Asset Mgmt Grp,Baird,4855388,Laura,Jones,ljones@bair.com,878-755-8096,"9802 Lake Ct, Louisville, KY, 40201",Louisville,KY,40201,75.1
SRA0001058,Broadridge,Bennett Wealth Sol Group,Baird,9515022,Josh,Bennett,bennettj@bair.com,(668) 969-1586,"7232 Pine Rd, Chicago, IL, 60614",Chicago,IL,60614,173.4
SRA0001059,Broadridge,Ward Family Wealth Group,Piper Sandler,4288145,Laura,Ward,lward@pipesand.com,7529874059,"430 Capital Pl, Ste 3295, Kansas City, MO, 64101",Kansas City,MO,64101,886.9
SRA0001060,Broadridge,Wood Private Client Group,UBS Financial Services,3515191,Angela,Wood,,(838) 788-8151,"8288 Broadway Blvd, Indianapolis, IN, 46201",Indianapolis,IN,46201,83.4
SRA0001061,Broadridge,Miller Wealth Management Group,Ameriprise Financial,8661071,Geo,Miller,gmiller@amer.com,+17822391501,,Orlando,FL,32801,67.3
SRA0001062,Broadridge,Bryant Wealth Solutions Grp,Baird,5214532,Carol,Bryant,cbryant@bair.com,386.736.7441,"7548 Financial Way, Ste 1545, Charlotte, NC, 28201",Charlotte,NC,28201,735.0
SRA0001063,Broadridge,White Wealth Advisors,RBC Wealth Management,7566356,Andy,White,whitea@rbc.com,427.399.9948,"9382 Maple Rd, Ste 1167, Richmond, VA, 23220",Richmond,VA,23220-4861,225.9
SRA0001064,Broadridge,Patterson Fin Advisory Group,Baird,3984642,Sandy,Patterson,spatterson@bair.com,551.598.3747,"9429 Elm Way, Kansas City, MO, 64101",Kansas City,MO,64101-6257,25.4
SRA0001065,Broadridge,Hughes WP,RBC Wealth Management,9463790,Becca,Hughes,becca.hughes@rbc.net,+13087737409,"6050 Sunset St, Houston, TX, 77001",Houston,TX,77001,457.6
SRA0001066,Broadridge,King Wealth Solutions Group,Piper Sandler,,Linda,King,,9746995707,"4288 Park St, Ste 2672, New York, NY, 10017",New York,NY,10017,9076.4
SRA0001067,Broadridge,Long Wealth Solutions Grp,Hightower Advisors,3765135,Joe,Long,jlong@highadvi.com,+12484039544,"5466 Financial Dr, Ste 254, Dallas, TX, 75201",Dallas,TX,75201,1003.8
SRA0001068,Broadridge,Campbell Capital Group,LPL Financial,6456722,Deborah,Campbell,deborah.campbell@lpl.net,(500) 664-2761,"5354 River Dr, Ste 3085, Chicago, IL, 60614",Chicago,IL,60614,106.9
SRA0001069,Broadridge,Barnes Wealth Sol Group,LPL Financial,2633729,G.,Barnes,gbarnes@lpl.com,+14436368329,"5199 Oak St, Kansas City, MO, 64101",Kansas City,MO,64101,159.4
SRA0001070,Broadridge,Martin Invest Group,Wells Fargo Advisors,6936777,Amy,Martin,martina@wellfargad.com,381.667.7273,"8671 Maple Ct, Ste 346, Los Angeles, CA, 90001",Los Angeles,CA,90001,26.0
SRA0001071,Broadridge,Taylor Wealth Mgmt Grp,Rockefeller Capital Management,9837953,K.,Taylor,ktaylor@rockcapi.com,,"6590 Elm Blvd, Tampa, FL, 33601",Tampa,FL,33601,1127.6
SRA0001072,Broadridge,Washington Advisory Group,Baird,8079391,Pat,Washington,pwashington@bair.com,5725245719,"2913 Market Blvd, Ste 2616, Charlotte, NC, 28201",Charlotte,NC,28201,85.6
SRA0001073,Broadridge,Hernandez Wealth Part,Oppenheimer & Co,1104984,Angela,Hernandez,ahernandez@oppe.com,+12402433554,"5028 Sunset Dr, Ste 3697, Boston, MA, 02101",Boston,MA,02101,192.8
SRA0001074,Broadridge,Walker Wealth Advs,Raymond James,,Will,Walker,walkerw@raymjame.com,531.548.8872,"554 Market Dr, St. Louis, MO, 63101",St. Louis,MO,63101,309.9
SRA0001075,Broadridge,Flores Priv Client Group,Mesirow Financial,7145395,J.,Flores,jflores@mesi.com,7279563747,,San Diego,CA,92101,270.9
SRA0001076,Broadridge,Ramirez PC Group,Edward Jones,4194779,Linda,Ramirez,lramirez@edwajone.com,264-329-4279,"9939 Cedar St, Boston, MA, 02101",Boston,MA,02101,258.8
SRA0001077,Broadridge,Davis Private Client Group,Piper Sandler,9213082,Dave,Davis,ddavis@pipesand.com,363.408.8588,"5653 Main Ct, Ste 2031, Chicago, IL, 60614",Chicago,IL,60614,72.5
SRA0001078,Broadridge,Washington Wealth Advisors,UBS Financial Services,4031059,Linda,Washington,lwashington@ubs.com,558-691-8606,"5257 Lake Rd, Ste 1188, Atlanta, GA, 30301",Atlanta,GA,30301,201.6
SRA0001079,Broadridge,Carter Wealth Solutions Grp,Raymond James,8609696,Tommy,Carter,tcarter@raymjame.com,5918734950,"1676 Madison St, Ste 844, St. Louis, MO, 63101",St. Louis,MO,63101,345.4
SRA0001080,Broadridge,Thomas Fin Advisory Group,Rockefeller Capital Management,,Angela,Thomas,angela.thomas@rockcapi.net,403-653-4559,"9249 Liberty Blvd, Baltimore, MD, 21201",Baltimore,MD,21201,383.1
SRA0001081,Broadridge,White Fin Adv Group,Edward Jones,8165549,Kenny,White,kwhite@edwajone.com,534-873-2234,"4968 Park Ct, Ste 1068, San Diego, CA, 92101",San Diego,CA,92101,2107.9
SRA0001082,Broadridge,Jenkins Private Client Group,Janney Montgomery Scott,4408903,Kenny,Jenkins,kjenkins@jannmontsc.com,+15277696047,"4371 Jefferson Ave, Ste 2740, Memphis, TN, 38101",Memphis,TN,38101,32.5
SRA0001083,Broadridge,Bryant Priv Wealth Group,Rockefeller Capital Management,6580507,Emily,Bryant,bryante@rockcapi.com,+14674599161,"1909 Elm Pl, Detroit, MI, 48201",Detroit,MI,48201,127.9
SRA0001084,Broadridge,Smith Fin Grp,Edward Jones,2172433,J.,Smith,jsmith@edwajone.com,,,Las Vegas,NV,89101,4217.1
SRA0001085,Broadridge,Anderson Family Wealth Group,LPL Financial,,K.,Anderson,kanderson@lpl.com,448.333.3445,,Boston,MA,02101-4195,66.1
SRA0001086,Broadridge,Simmons Adv Grp,Morgan Stanley,1631781,Kim,Simmons,simmonsk@morgstan.com,245-471-9010,"9939 Lincoln Ct, Ste 3637, Atlanta, GA, 30301",Atlanta,GA,30301,120.7
SRA0001087,Broadridge,Hall PC Group,LPL Financial,9975635,J.,Hall,jhall@lpl.com,+16032621662,"3310 Main Ln, Columbus, OH, 43201",Columbus,OH,43201,143.1
SRA0001088,Broadridge,Roberts Wealth Solutions Group,UBS Financial Services,8721122,Kathy,Roberts,kathy.roberts@ubs.net,2685553670,"3442 Financial Ave, Ste 711, Dallas, TX, 75201",Dallas,TX,75201,519.0
SRA0001089,Broadridge,Foster PC Group,Dynasty Financial Partners,5650378,Chris,Foster,cfoster@dynapart.com,(869) 952-9378,"3160 Oak Dr, New York, NY, 10017",New York,NY,10017,468.3
SRA0001090,Broadridge,Reed PW Group,UBS Financial Services,2932234,Tim,Reed,treed@ubs.com,+13486071793,,Chicago,IL,60614,350.9
SRA0001091,Broadridge,Morgan Wealth Mgmt Group,Raymond James,2945048,Timmy,Morgan,timmy.morgan@raymjame.net,(315) 591-7597,"1713 Cedar Blvd, Ste 2629, Louisville, KY, 40201",Louisville,KY,40201,324.7
SRA0001092,Broadridge,Moore Wealth Advisors,Baird,4321072,J.,Moore,jmoore@bair.com,837-964-4507,"607 Hill Dr, Ste 1481, Phoenix, AZ, 85001",Phoenix,AZ,8500,38.7
SRA0001093,Broadridge,Johnson Family Wealth Grp,Edward Jones,5731929,Babs,Johnson,bjohnson@edwajone.com,,"4661 Main Ct, Austin, TX, 78701",Austin,TX,78701,1180.7
SRA0001094,Broadridge,Baker Financial Group,Merrill Lynch,3518731,Tommy,Baker,bakert@merrlync.com,8104937153,"2111 Main Dr, Boston, MA, 02101",Boston,MA,02101,889.7
SRA0001095,Broadridge,Hall Wealth Sol Group,Piper Sandler,6792145,Angela,Hall,halla@pipesand.com,331.997.9135,"280 Maple Dr, New York, NY, 10001",New York,NY,10001,302.4
SRA0001096,Broadridge,Scottt Cap Grp,LPL Financial,6480092,Chuck,Scottt,scotttc@lpl.com,752.575.7346,"5029 Cedar Dr, Hartford, CT, 06101",Hartford,CT,06101,105.4
SRA0001097,Broadridge,Martinez Wealth Mgmt Group,Raymond James,7070375,Amy,Martinez,amartinez@raymjame.com,828-365-8853,,Kansas City,MO,64101,742.5
SRA0001098,Broadridge,Davis PC Group,Mesirow Financial,,Lisa,Davis,ldavis@mesi.com,+18042227755,"3739 Cedar Blvd, Portland, OR, 97201",Portland,OR,97201,152.9
SRA0001099,Broadridge,Wilson Wealth Part,Baird,1127128,Betty,Wilson,bwilson@bair.com,+14279185676,"531 Park St, Ste 2623, San Francisco, CA, 94101",San Francisco,CA,94101,585.3
SRA0001100,Broadridge,Evans Financial Group,Rockefeller Capital Management,8099935,Cynthia,Evans,cevans@rockcapi.com,+15158372063,"6077 Lincoln Rd, Ste 1841, Tampa, FL, 33601",Tampa,FL,33601,52.4
SRA0001101,Broadridge,Young Family Wealth Group,Ameriprise Financial,8284413,Amy,Young,ayoung@amer.com,202.313.1722,"9093 Oak Ave, Boston, MA, 02101",Boston,MA,02101,390.6
SRA0001102,Broadridge,Jones Wealth Mgmt Grp,LPL Financial,4856258,Joey,Jones,jjones@lpl.com,3026607531,"4525 Pine Pl, Ste 2214, Hartford, CT, 06101",Hartford,CT,06101,103.3
SRA0001103,Broadridge,Johnson WM Team,Hightower Advisors,2814986,Babs,Johnson,babs.johnson@highadvi.net,550.921.1996,"7594 Pine Dr, Ste 1773, Las Vegas, NV, 89101",Las Vegas,NV,89101,840.7
SRA0001104,Broadridge,Young Fam Wealth Group,Morgan Stanley,2337271,Rick,Yuong,rick.yuong@morgstan.net,2484946916,"8695 Lake Pl, Ste 3381, Cleveland, OH, 44101",Cleveland,OH,44101,654.7
SRA0001105,Broadridge,Smith Priv Wealth Group,Baird,7754169,Sue,Smith,ssmith@bair.com,360.650.5165,"7168 Madison Way, Louisville, KY, 40201",Louisville,KY,40201,355.7
SRA0001106,Broadridge,Kelly Adv Grp,UBS Financial Services,1538290,B.,Kelly,bkelly@ubs.com,258-472-7602,"6797 Jefferson Ave, Ste 1453, Boston, MA, 02101",Boston,MA,02101,160.9
SRA0001107,Broadridge,Alexander Asset Management Group,UBS Financial Services,8498264,Johnny,Alexander,jalexander@ubs.com,+18026978657,"2037 Lake St, Ste 2783, Los Angeles, CA, 90025",Los Angeles,CA,90025,62.9
SRA0001108,Broadridge,Walker Asset Mgmt Group,Steward Partners,5522403,Sarah,Walker,walkers@stewpart.com,7872036161,"4085 Pine Rd, Memphis, TN, 38101",Memphis,TN,38101,258.0
SRA0001109,Broadridge,Wood Adv Group,HighTower,5993383,Steve,Wood,swood@high.com,(862) 812-9141,"6472 Capital Ct, Salt Lake City, UT, 84101",Salt Lake City,UT,84101,
SRA0001110,Broadridge,Rodriguez Fam Wealth Group,LPL Financial,5909282,Betty,Rodriguez,rodriguezb@lpl.com,+13046207258,"1632 Cedar Dr, Ste 301, Dallas, TX, 75201",Dallas,TX,75201-9099,417.4
SRA0001111,Broadridge,Brooks Private Wealth Group,Ameriprise Financial,6407624,Mary,Brooks,mbrooks@amer.com,,"8445 Financial Ln, Ste 3835, Atlanta, GA, 30301",Atlanta,GA,30301,
SRA0001112,Broadridge,Flores Wealth Mgmt Team,Merrill Lynch,3341538,Lisa,Flores,lflores@merrlync.com,(226) 419-8655,"836 Market Pl, San Francisco, CA, 94101",San Francisco,CA,94101,1447.1
SRA0001113,Broadridge,Perez Wealth Management Team,Wells Fargo Advisors,3656814,Steph,Perez,sperez@wellfargad.com,(876) 881-1449,"4252 Maple Ct, Los Angeles, CA, 90025",Los Angeles,CA,9002,
SRA0001114,Broadridge,Mitchell Fin Group,HighTower,8456747,Don,Mitchell,don.mitchell@high.net,222.948.9806,"8252 Liberty Ln, Boston, MA, 02134",Boston,MA,0213,367.9
SRA0001115,Broadridge,Martinez Cap Group,Steward Partners,9977554,Johnny,Martinez,jmartinez@stewpart.com,(341) 364-2970,"7394 Sunset Ct, Ste 3897, Nashville, TN, 37201",Nashville,TN,37201-7940,177.9
SRA0001116,Broadridge,Stewart Wealth Part,Hightower Advisors,1431056,J.,Stewatr,jstewatr@highadvi.com,(465) 753-1767,"6862 Broadway Rd, Ste 483, New York, NY, 10001",New York,NY,10001,168.4
SRA0001117,Broadridge,Perez Wealth Advs,HighTower,7578422,P.,Perez,pperez@high.com,7928868817,"820 Lake St, Ste 1039, Hartford, CT, 06101",Hartford,CT,06101,432.7
SRA0001118,Broadridge,Lopez Capital Group,Dynasty Financial Partners,,Steve,Lopez,slopez@dynapart.com,+12457065065,"2901 Broadway Ln, Pittsburgh, PA, 15201",Pittsburgh,PA,15201,165.7
SRA0001119,Broadridge,Lewis Private Client Group,Baird,7679985,Sue,Lewis,sue.lewis@bair.net,386-499-1740,"9909 Jefferson Ln, Pittsburgh, PA, 15201",Pittsburgh,PA,15201,2237.8
SRA0001120,Broadridge,Ward PC Group,RBC Wealth Management,8202597,Ed,Ward,eward@rbc.com,226.472.8422,"8384 Hill Blvd, Ste 147, Milwaukee, WI, 53201",Milwaukee,WI,53201,
SRA0001121,Broadridge,Baker Cap Group,Wells Fargo Advisors,5079515,Susie,Baker,sbaker@wellfargad.com,,,San Francisco,CA,94101,716.9
SRA0001122,Broadridge,Howard Adv Group,Piper Sandler,1689341,P.,Howard,howardp@pipesand.com,646.340.5235,"6475 Broadway Blvd, Milwaukee, WI, 53201",Milwaukee,WI,53201,224.4
SRA0001123,Broadridge,Bennett WM Team,Dynasty Financial Partners,6031481,Jeff,Bennett,jeff.bennett@dynapart.net,275-419-2850,,New York,NY,1001,174.6
SRA0001124,Broadridge,Lee Private Client Group,LPL Financial,4903200,Nancy,Lee,nancy.lee@lpl.net,,"7 River Blvd, Houston, TX, 77001",Houston,TX,77001,179.5
SRA0001125,Broadridge,Allen Adv Group,Baird,1367938,Cynthia,Allen,callen@bair.com,369.568.5561,"4950 Broadway Blvd, Ste 2624, Detroit, MI, 48201",Detroit,MI,48201,77.1
SRA0001126,Broadridge,Green Wealth Solutions Group,Morgan Stanley,5590247,J.,Green,greenj@morgstan.com,228-780-7822,"6588 Pine Pl, Minneapolis, MN, 55401",Minneapolis,MN,55401,1805.4
SRA0001127,Broadridge,Bryant Asset Management Group,UBS Financial Services,1701806,Laura,Bryant,laura.bryant@ubs.net,759-754-1046,"6566 Lincoln Ct, Ste 1212, Philadelphia, PA, 19101",Philadelphia,PA,19101,69.9
SRA0001128,Broadridge,Wright Adv Group,Oppenheimer & Co,6476889,Jeff,Wright,jwright@oppe.com,8373897463,,Denver,CO,80201,96.8
SRA0001129,Broadridge,Young Cap Group,Dynasty Financial Partners,,Lisa,Young,lisa.young@dynapart.net,+19052926362,"5576 Financial Ln, Nashville, TN, 37201",Nashville,TN,37201,662.6
SRA0001130,Broadridge,Thomas Fin Advisory Group,HighTower,9015427,Joe,Thomas,jthomas@high.com,(569) 452-7250,"729 Sunset Ave, Ste 421, Los Angeles, CA, 90025",Los Angeles,CA,90025,145.6
SRA0001131,Broadridge,Foster PW Group,Morgan Stanley,3109953,Sandy,Foster,fosters@morgstan.com,(302) 727-5258,"5369 Sunset St, Ste 131, Seattle, WA, 98101",Seattle,WA,98101,109.2
SRA0001132,Broadridge,Price Invest Grp,Dynasty Financial Partners,9897844,Jon,Price,jprice@dynapart.com,+17944563931,"770 Hill Way, Nashville, TN, 37201",Nashville,TN,37201,379.6
SRA0001133,Broadridge,Gonzales Financial Group,Steward Partners,8311577,Shelly,Gonzales,shelly.gonzales@stewpart.net,4683651235,"5092 River Way, Portland, OR, 97201",Portland,OR,97201,176.9
SRA0001134,Broadridge,Stewart Adv Grp,Baird,8560170,Donna,Stewart,dstewart@bair.com,+15159866225,"3617 Washington Ct, Memphis, TN, 38101",Memphis,TN,38101-4108,247.0
SRA0001135,Broadridge,Taylor Wealth Solutions Grp,RBC Wealth Management,3194562,J.,Taylor,j..taylor@rbc.net,+18483887860,"5514 Hill St, Ste 2691, Philadelphia, PA, 19101",Philadelphia,PA,19101,541.9
SRA0001136,Broadridge,Bennett Priv Wealth Group,Janney Montgomery Scott,8138632,Karen,Bennett,bennettk@jannmontsc.com,364.391.2940,"2866 Cedar Ln, Ste 3221, New York, NY, 10001",New York,NY,10001,26.2
SRA0001137,Broadridge,Cook Invest Grp,Rockefeller Capital Management,7545522,J.,Cook,jcook@rockcapi.com,228-306-2295,"2898 Lake Ave, Ste 3830, Boston, MA, 02101",Boston,MA,02101-4465,280.7
SRA0001138,Broadridge,Allen Asset Management Group,Steward Partners,1102664,Mel,Allen,mallen@stewpart.com,9787491245,"1776 Broadway Ct, Los Angeles, CA, 90025",Los Angeles,CA,90025,
SRA0001139,Broadridge,Murphy Financial Advisory Group,Steward Partners,7012365,Dot,Murphy,murphyd@stewpart.com,(654) 213-5476,"7310 Cedar Way, Chicago, IL, 60614",Chicago,IL,6061,484.2
SRA0001140,Broadridge,Roberts Wealth Mgmt Group,Steward Partners,3832054,K.,Roberts,,(577) 471-9422,"2865 Hill Blvd, Ste 2383, Hartford, CT, 06101",Hartford,CT,06101,65.3
SRA0001141,Broadridge,Adams Wealth Partners,Ameriprise Financial,1527400,Jen,Adams,jadams@amer.com,892-639-5169,"5006 Liberty Rd, Ste 2013, Los Angeles, CA, 90025",Los Angeles,CA,90025,1392.4
SRA0001142,Broadridge,Jackson Wealth Solutions Grp,LPL Financial,8506955,Emily,Jackson,ejackson@lpl.com,4929889802,"8049 Capital Ave, Ste 3791, Dallas, TX, 75201",Dallas,TX,75201-8508,398.7
SRA0001143,Broadridge,Clark Wealth Advisors,RBC Wealth Management,9208843,Donna,Clark,donna.clark@rbc.net,373-231-4139,,San Francisco,CA,94101,462.9
SRA0001144,Broadridge,Reed Priv Client Group,Janney Montgomery Scott,7493199,Laura,Reed,lreed@jannmontsc.com,(452) 242-5176,"5390 Liberty Dr, Ste 2593, Richmond, VA, 23220",Richmond,VA,23220,2174.6
SRA0001145,Broadridge,Simmons Adisory Group,Steward Partners,4849318,Ken,Simmons,ksimmons@stewpart.com,(538) 435-6006,"194 Oak Ave, Ste 3029, Charlotte, NC, 28201",Charlotte,NC,2820,554.0
SRA0001146,Broadridge,Reed Investment Group,Hightower Advisors,5263134,Jeff,Reed,,460.886.6889,"4287 Lake Way, Ste 2277, Portland, OR, 97201",Portland,OR,97201,161.4
SRA0001147,Broadridge,Howard Private Client Group,Janney Montgomery Scott,4648083,M.,Howard,m..howard@jannmontsc.net,661.921.2755,"256 Liberty Rd, Ste 2540, Kansas City, MO, 64101",Kansas City,MO,64101,444.5
SRA0001148,Broadridge,Howard Advisory Group,Mesirow Finacnial,8140130,Chuck,Howard,chuck.howard@mesi.net,,"2540 Capital St, Ste 1388, Richmond, VA, 23220",Richmond,VA,23220,203.7
SRA0001149,Broadridge,Flores Wealth Solutions Grp,Raymond James,5600997,Sarah,Flores,sarah.flores@raymjame.net,6608973253,"4159 Madison Dr, Ste 466, Houston, TX, 77001",Houston,TX,77001,27.2
SRA0001150,Broadridge,Bryant PC Group,Piper Sandler,4798095,Barb,Bryant,bbryant@pipesand.com,+18066603666,"8544 Park Dr, Ste 522, Atlanta, GA, 30301",Atlanta,GA,30301,186.1
SRA0001151,Broadridge,Coleman Fam Wealth Group,Steward Partners,3635975,Joey,Coleman,jcoleman@stewpart.com,7804153824,"8472 Market St, Detroit, MI, 48201",Detroit,MI,48201,3466.9
SRA0001152,Broadridge,Ramirez Financial Advisory Group,Edward Jones,4859085,Kate,Ramirez,kramirez@edwajone.com,(379) 202-1266,"1033 Market Way, Ste 1654, Los Angeles, CA, 90001",Los Angeles,CA,90001,281.8
SRA0001153,Broadridge,Simmons Adv Grp,RBC Wealth Management,2426942,Mike,Simmons,msimmons@rbc.com,8037221776,"7907 Lake Way, St. Louis, MO, 63101",St. Louis,MO,63101,93.2
SRA0001154,Broadridge,Moore WP,LPL Financial,6308180,Betty,Moore,mooreb@lpl.com,8923001571,"60 Washington St, Ste 3178, San Diego, CA, 92101",San Diego,CA,92101,56.5
SRA0001155,Broadridge,White WP,Merrill Lynch,8340617,Cynthia,White,cwhite@merrlync.com,+12765391320,"755 Jefferson Way, Cleveland, OH, 44101",Cleveland,OH,4410,1195.0
SRA0001156,Broadridge,Gonzalez Financial Group,Piper Sandler,1252403,Ken,Gonzalez,kgonzalez@pipesand.com,(576) 991-4189,"7044 Jefferson Ct, Ste 2369, Milwaukee, WI, 53201",Milwaukee,WI,53201,62.8
SRA0001157,Broadridge,Howard Financial Group,Dynasty Financial Partners,7516510,Ed,Howard,howarde@dynapart.com,8216701252,"8651 Park Ct, Ste 2375, San Francisco, CA, 94101",San Francisco,CA,9410,305.1
SRA0001158,Broadridge,Henderson Wealth Mgmt Team,Dynasty Financial Partners,9141900,Laura,Henderson,laura.henderson@dynapart.net,829.274.6965,"502 Sunset Way, Ste 1957, Austin, TX, 78701",Austin,TX,78701,1338.4
SRA0001159,Broadridge,Johnson Wealth Mgmt Team,Stifel Financial,2222046,Ed,Johnson,ejohnson@stif.com,672.569.6498,"8364 River Ave, Ste 1971, Memphis, TN, 38101",Memphis,TN,38101,164.1
SRA0001160,Broadridge,Lopez Family Wealth Grp,Raymond James,4101741,Dottie,Lopez,lopezd@raymjame.com,2762989877,"9035 Cedar Ln, Ste 3019, Orlando, FL, 32801",Orlando,FL,32801,376.4
SRA0001161,Broadridge,Moore Investment Group,Oppenheimer & Co,6608076,Ronald,Moore,moorer@oppe.com,724.801.2219,"7361 Oak Ln, San Francisco, CA, 94101",San Francisco,CA,94101,1442.7
SRA0001162,Broadridge,Campbell Wealth Solutions Group,Rockefeller Capital Management,2063160,Tommy,Campbell,campbellt@rockcapi.com,(847) 608-4597,"5607 Jefferson Ln, Memphis, TN, 38101",Memphis,TN,38101,1708.3
SRA0001163,Broadridge,Ramirez Investment Group,Raymond James,9440595,Chris,Ramiirez,cramiirez@raymjame.com,(366) 773-6375,"4588 Main St, Ste 2230, Atlanta, GA, 30301",Atlanta,GA,30301,289.0
SRA0001164,Broadridge,Lee PC Group,Ameriprise Financial,2216146,Danny,Lee,dlee@amer.com,598.755.7113,,Phoenix,AZ,85001,6079.4
SRA0001165,Broadridge,Flores Wealth Management Team,Morgan Stanley,7237794,Betty,Flores,betty.flores@morgstan.net,201.825.3916,"7600 Maple Ave, Ste 1850, Memphis, TN, 38101",Memphis,TN,38101,1769.7
SRA0001166,Broadridge,Cook PC Group,Ameriprise Financial,6238826,Angela,Cook,acook@amer.com,775-928-6361,"4802 Park Blvd, Columbus, OH, 43201",Columbus,OH,43201,132.8
SRA0001167,Broadridge,Turner Adv Group,Dynasty Financial Partners,5681322,Ry,Turner,turnerr@dynapart.com,683-984-2893,"6774 Pine Ct, San Diego, CA, 92101",San Diego,CA,92101,105.7
SRA0001168,Broadridge,Flores WM Team,Steward Partners,1595954,M.,Flores,mflores@stewpart.com,,"2519 Sunset Ct, Chicago, IL, 60601",Chicago,IL,60601,865.5
SRA0001169,Broadridge,Patterson Wealth Management Team,Edward Jones,7038842,M.,Patterson,pattersonm@edwajone.com,648-462-9585,,Minneapolis,MN,55401,445.2
SRA0001170,Broadridge,Wright Capital Group,Steward Partners,8512915,Becca,Wright,becca.wright@stewpart.net,398.802.9977,"3589 Lake Ln, Portland, OR, 97201",Portland,OR,97201,2596.6
SRA0001171,Broadridge,Scott Capital Group,Morgan Stanley,6629822,Kathy,Scott,kscott@morgstan.com,560.281.6967,,Las Vegas,NV,89101,2561.9
SRA0001172,Broadridge,Jones WP,Steward Partners,6192100,Karen,Jones,,(948) 228-2666,,Houston,TX,77001-3985,1202.3
SRA0001173,Broadridge,Bailey WM Team,Piper Sandler,6511885,Carol,Bailey,cbailey@pipesand.com,,"6375 Oak Blvd, Ste 197, Boston, MA, 02134",Boston,MA,02134-5891,353.1
SRA0001174,Broadridge,Barnes Priv Wealth Group,Janney Montgomery Scott,3971689,Dottie,Barnes,dbarnes@jannmontsc.com,(200) 284-3215,"2986 Lincoln Rd, Charlotte, NC, 28201",Charlotte,NC,28201,
SRA0001175,Broadridge,Davis Fin Adv Group,Merrill Lynch,2324391,B.,Davis,davisb@merrlync.com,5273136525,"3516 Elm Rd, Los Angeles, CA, 90025",Los Angeles,CA,90025,150.3
SRA0001176,Broadridge,Hill Private Wealth Group,Merrill Lynch,1527353,Tony,Hill,thill@merrlync.com,419-638-1747,"8299 Capital Ln, Ste 2323, New York, NY, 10001",New York,NY,10001-6670,229.9
SRA0001177,Broadridge,Wood Private Wealth Group,Wells Fargo Advisors,3923638,Nancy,Wood,nwood@wellfargad.com,758-567-6670,,Milwaukee,WI,5320,418.5
SRA0001178,Broadridge,Jones Capital Grop,Morgan Stanley,1322484,Will,Jones,will.jones@morgstan.net,6077848020,,Memphis,TN,38101,301.9
SRA0001179,Broadridge,King Asset Mgmt Grp,Morgan Stanley,9404610,Mary,King,mking@morgstan.com,+14739113053,"3569 Washington Ln, Ste 2962, Kansas City, MO, 64101",Kansas City,MO,64101,226.9
SRA0001180,Broadridge,Lewis Wealth Mgmt Grp,Merrill Lynch,3636967,Becky,Lewis,lewisb@merrlync.com,542.535.1131,"3572 Elm Rd, Indianapolis, IN, 46201",Indianapolis,IN,46201,33.4
SRA0001181,Broadridge,Ramirez Wealth Part,Piper Sandler,7562626,Pat,Ramirez,pramirez@pipesand.com,(388) 492-2732,"7527 Commerce Ln, Ste 350, Boston, MA, 02101",Boston,MA,02101,431.6
SRA0001182,Broadridge,Brooks Priv Wealth Group,Raymond James,,Maggie,Brooks,mbrooks@raymjame.com,9542321652,"6911 Oak Rd, Ste 2709, Nashville, TN, 37201",Nashville,TN,37201,195.9
SRA0001183,Broadridge,Turner Investment Group,Hightower Advisors,3541191,Susie,Turner,sturner@highadvi.com,319-290-7291,"6433 Lincoln Dr, New York, NY, 10001",New York,NY,10001,380.6
SRA0001184,Broadridge,Smith Wealth Advisors,Stifel Financial,8569000,Kathy,Smith,smithk@stif.com,531-779-4048,,Baltimore,MD,2120,65.9
SRA0001185,Broadridge,Walker Wealth Advs,Oppenheimer & Co,3373393,Marc,Walker,walkerm@oppe.com,+16685786795,"8531 Elm Ave, Ste 1997, New York, NY, 10001",New York,NY,10001,2000.1
SRA0001186,Broadridge,Price Wealth Management Group,Raymond James,3719631,Ashley,Price,pricea@raymjame.com,431-930-1100,"2965 Washington Way, Dallas, TX, 75201",Dallas,TX,75201,660.8
SRA0001187,Broadridge,Coleman Private Client Group,HighTower,6915170,Rich,Coleman,rich.coleman@high.net,,"9386 Broadway St, Chicago, IL, 60601",Chicago,IL,60601,408.9
SRA0001188,Broadridge,Edwards Asset Mgmt Group,Wells Fargo Advisors,6575333,Rick,Edwards,rick.edwards@wellfargad.net,763.763.2336,"9643 River Pl, Columbus, OH, 43201",Columbus,OH,43201,59.0
SRA0001189,Broadridge,Washington Cap Group,Wells Fargo Advisors,6698706,C.,Washington,cwashington@wellfargad.com,442.690.9765,"9894 Washington Ave, Ste 1637, Los Angeles, CA, 90025",Los Angeles,CA,90025,403.4
SRA0001190,Broadridge,Martin Fin Group,Hightower Advisors,6217575,Amy,Martin,amartin@highadvi.com,,"8420 Cedar Blvd, Atlanta, GA, 30301",Atlanta,GA,3030,327.1
SRA0001191,Broadridge,Smith Financial Advisory Group,Morgan Stanley,,C.,Smith,csmith@morgstan.com,+17493304746,"2217 Cedar St, Ste 1236, Milwaukee, WI, 53201",Milwaukee,WI,53201,105.3
SRA0001192,Broadridge,Scott PC Group,LPL Financial,,Patty,Scott,pscott@lpl.com,+17918164215,,Austin,TX,78701,232.7
SRA0001193,Broadridge,Scott PW Group,Raymond James,,Mike,Scott,mscott@raymjame.com,709-567-3083,"1692 Park Rd, Boston, MA, 02101",Boston,MA,02101,157.9
SRA0001194,Broadridge,Taylor WM Team,Hightower Advisors,7641644,Laura,Taylor,taylorl@highadvi.com,401-202-1941,"5644 Capital Dr, Cleveland, OH, 44101",Cleveland,OH,44101,635.9
SRA0001195,Broadridge,Morris Capital Group,Janney Montgomery Scott,4762206,Ry,Morris,morrisr@jannmontsc.com,3359862163,"376 Liberty Blvd, Milwaukee, WI, 53201",Milwaukee,WI,53201,105.8
SRA0001196,Broadridge,Scott Fin Grp,UBS Financial Services,3721304,M.,Scott,mscott@ubs.com,(354) 781-2329,"3327 Maple Way, Ste 2152, Detroit, MI, 48201",Detroit,MI,48201,184.4
SRA0001197,Broadridge,Evans Wealth Part,Steward Partners,1680808,G.,Evans,evansg@stewpart.com,5924397455,"2507 Pine Ct, Detroit, MI, 48201",Detroit,MI,48201,36.4
SRA0001198,Broadridge,Davis Fin Group,Stifel Financial,6041605,G.,Davis,g..davis@stif.net,871.237.8224,"7070 Madison Dr, Philadelphia, PA, 19101",Philadelphia,PA,19101,391.3
SRA0001199,Broadridge,Harris Fin Group,RBC Wealth Management,7323816,Carol,Harris,,371-664-4109,"2122 Elm Way, Ste 3712, Pittsburgh, PA, 15201",Pittsburgh,PA,15201,1441.8
SRA0001200,Broadridge,Nguyen Invest Group,Raymond James,3305951,Dave,Nguyen,dave.nguyen@raymjame.net,+19565516252,"4368 Cedar Ave, San Diego, CA, 92101",San Diego,CA,92101,251.0
SRA0001201,Broadridge,Garcia PrivClient Group,Steward Partners,7837787,Nancy,Garcia,garcian@stewpart.com,3518544933,"5098 Pine Way, Ste 923, Louisville, KY, 40201",Louisville,KY,40201-2447,1287.5
SRA0001202,Broadridge,Walker Priv Client Group,Raymond James,4131618,K.,Walker,k..walker@raymjame.net,5748821943,"5975 Commerce Dr, Ste 1167, Baltimore, MD, 21201",Baltimore,MD,21201,148.3
SRA0001203,Broadridge,Jones Wealth Mgmt Team,RBC Wealth Management,7805976,Amy,Jones,jonesa@rbc.com,2285825375,,Tampa,FL,33601,575.7
SRA0001204,Broadridge,Wright Wealth Part,Rockefeller Capital Management,5500507,Sandy,Wright,wrights@rockcapi.com,939-990-6496,"3267 Sunset Dr, Ste 2411, Detroit, MI, 48201",Detroit,MI,48201,69.2
SRA0001205,Broadridge,Wright Cap Group,Piper Sandler,3121867,S.,Wright,swright@pipesand.com,2803816623,"4679 Sunset St, Ste 3820, Chicago, IL, 60601",Chicago,IL,60601,24.7
SRA0001206,Broadridge,Nelson Invest Grp,HighTower,4109904,Jess,Nelson,jnelson@high.com,978-608-3336,"5294 Sunset Way, Ste 3558, Cleveland, OH, 44101",Cleveland,OH,44101,676.0
SRA0001207,Broadridge,Anderson Wealth Management Group,RBC Wealth Management,2990842,Dan,Anderson,,4723857304,"2008 Hill St, Charlotte, NC, 28201",Charlotte,NC,28201,540.8
SRA0001208,Broadridge,Ward Priv Wealth Group,Dynasty Financial Partners,,Betty,Ward,bward@dynapart.com,,"5062 Washington St, Ste 1790, San Francisco, CA, 94101",San Francisco,CA,94101,588.0
SRA0001209,Broadridge,Morris WM Team,RBC Wealth Management,3046517,Maggie,Morris,morrism@rbc.com,7077436837,"2737 Cedar Ave, Ste 3089, New York, NY, 10017",New York,NY,10017-3504,37.9
SRA0001210,Broadridge,Lopez Invest Group,Steward Partners,4508371,Jeff,Lopez,jlopez@stewpart.com,571.873.5577,,San Francisco,CA,94101,174.3
SRA0001211,Broadridge,Ross Wealth Solutions Grp,Janney Montgomery Scott,7165419,Kathy,Ross,rossk@jannmontsc.com,+15338649505,"748 Oak St, Las Vegas, NV, 89101",Las Vegas,NV,8910,377.5
SRA0001212,Broadridge,Brooks Asset Mgmt Group,Wells Fargo Advisors,2457010,Angela,Brooks,brooksa@wellfargad.com,706.368.1574,"3252 Maple Dr, Ste 1516, Detroit, MI, 48201",Detroit,MI,48201,46.8
SRA0001213,Broadridge,Simmons Financial Group,Janney Montgomery Scott,3529606,Tom,Simmons,tsimmons@jannmontsc.com,(855) 909-8253,"3717 Capital Dr, Seattle, WA, 98101",Seattle,WA,98101,429.6
SRA0001214,Broadridge,Thompson Invest Group,Merrill Lynch,,Karen,Thompson,thompsonk@merrlync.com,+15624303116,"3714 Jefferson Way, Ste 1533, Kansas City, MO, 64101",Kansas City,MO,64101,169.2
SRA0001215,Broadridge,Phillips Wealth Management Group,UBS Financial Services,9352271,Mary,Phillips,phillipsm@ubs.com,323-982-9284,"2596 Washington Way, Ste 157, Los Angeles, CA, 90001",Los Angeles,CA,90001,76.4
SRA0001216,Broadridge,Martin Wealth Management Team,Piper Sandler,4728927,Joe,Martin,martinj@pipesand.com,771.894.3996,"1469 Broadway Way, Hartford, CT, 06101",Hartford,CT,06101,222.9
SRA0001217,Broadridge,King Fam Wealth Group,Piper Sandler,3435189,Babs,King,babs.king@pipesand.net,(414) 421-3502,"2321 Elm Ct, Ste 534, St. Louis, MO, 63101",St. Louis,MO,63101,108.9
SRA0001218,Broadridge,Allen WP,Raymond James,4089229,Andy,Allen,allena@raymjame.com,382-951-6795,"6636 Oak Way, Ste 3739, Cincinnati, OH, 45201",Cincinnati,OH,45201,352.1
SRA0001219,Broadridge,Ramirez Wealth Advs,Janney Montgomery Scott,9032737,Kev,Ramirez,kramirez@jannmontsc.com,4502682879,"8710 Oak Ln, Ste 3348, Orlando, FL, 32801",Orlando,FL,32801,290.9
SRA0001220,Broadridge,Wilson Wealth Mgmt Group,RBC Wealth Management,4843914,P.,Wilson,p..wilson@rbc.net,+17725122999,"9203 River Blvd, Ste 2803, St. Louis, MO, 63101",St. Louis,MO,63101,3061.6
SRA0001221,Broadridge,Roberts Cap Group,Edward Jones,4845985,M.,Robetrs,mrobetrs@edwajone.com,(784) 937-8758,"5987 Madison Ave, Ste 1233, Columbus, OH, 43201",Columbus,OH,43201,353.2
SRA0001222,Broadridge,Campbell Invest Group,Baird,2128985,Rob,Campbell,rob.campbell@bair.net,577.288.8014,"4386 Pine Ave, Ste 3861, Atlanta, GA, 30301",Atlanta,GA,30301,42.5
SRA0001223,Broadridge,Collins Wealtth Mgmt Grp,Ameriprise Financial,4548716,Kev,Collins,kcollins@amer.com,8055288386,"8965 Broadway Rd, Memphis, TN, 38101",Memphis,TN,38101,196.2
SRA0001224,Broadridge,Smith Wealth Management Group,Raymond James,8291324,Mary,Smith,msmith@raymjame.com,362-882-1244,,San Francisco,CA,94101,53.3
SRA0001225,Broadridge,Evans Financial Group,Stifel Financial,8552077,Pat,Evans,pat.evans@stif.net,516.291.7877,"3299 Madison Rd, Ste 238, Salt Lake City, UT, 84101",Salt Lake City,UT,84101,288.3
SRA0001226,Broadridge,Nelson Wealth Mgmt Group,Morgan Stanley,8889649,Steph,Nelson,nelsons@morgstan.com,4032387326,,Phoenix,AZ,85001,85.6
SRA0001227,Broadridge,Hernandez Wealth Advs,Wells Fargo Advisors,7377974,Jeff,Hernandez,jhernandez@wellfargad.com,428.528.4373,"812 Sunset Pl, Boston, MA, 02101",Boston,MA,02101,1115.6
SRA0001228,Broadridge,Hall Fin Advisory Group,Wells Fargo Advisors,6028293,G.,Hall,g..hall@wellfargad.net,+14402806144,"4752 Market Ct, Baltimore, MD, 21201",Baltimore,MD,21201,125.8
SRA0001229,Broadridge,Phillips Invest Group,Janney Montgomery Scott,,Lisa,Phillips,lphillips@jannmontsc.com,(505) 538-5288,"4787 Park Ln, Portland, OR, 97201",Portland,OR,97201,378.6
SRA0001230,Broadridge,Flores Wealth Management Team,HighTower,5067771,Shelly,Flores,shelly.flores@high.net,922-464-5518,"9476 Lincoln Ln, Ste 3708, Memphis, TN, 38101",Memphis,TN,38101,1071.6
SRA0001231,Broadridge,Turner Wealth Mgmt Group,Ameriprise Financial,4766967,Sharon,Turner,sturner@amer.com,(248) 807-6377,"8201 Jefferson Blvd, Boston, MA, 02134",Boston,MA,02134,114.8
SRA0001232,Broadridge,Ramirez WA,Dynasty Financial Partners,1133816,K.,Ramirez,kramirez@dynapart.com,978-784-8299,"2115 Oak Blvd, Ste 2060, Houston, TX, 77001",Houston,TX,77001,245.5
SRA0001233,Broadridge,Adams Wealth Sol Group,Stifel Financial,5816158,Mary,Adams,madams@stif.com,8459267763,"6071 River Pl, Miami, FL, 33101",Miami,FL,33101,458.5
SRA0001234,Broadridge,Taylor PW Group,Morgan Stanley,6106760,Steph,Taylor,staylor@morgstan.com,590.265.3431,"3661 Financial St, Los Angeles, CA, 90001",Los Angeles,CA,9000,157.5
SRA0001235,Broadridge,Gonzales WM Team,Janney Montgomery Scott,4423225,Laura,Gonzales,laura.gonzales@jannmontsc.net,9516726461,,Dallas,TX,75201,999.2
SRA0001236,Broadridge,Adams Capital Group,Piper Sandler,2215995,Ashley,Adams,ashley.adams@pipesand.net,428.755.7078,"788 Washington Ln, Chicago, IL, 60614",Chicago,IL,60614,151.2
SRA0001237,Broadridge,Turner Wealth Advs,Edward Jones,8675900,Deborah,Turner,dturner@edwajone.com,+14993875343,"6662 Washington Ave, Ste 1050, Los Angeles, CA, 90001",Los Angeles,CA,90001,370.3
SRA0001238,Broadridge,Kelly Adv Group,Oppenheimer & Co,1470104,Dot,Kelly,dkelly@oppe.com,233.765.6141,"2308 Financial Ln, Ste 2486, Richmond, VA, 23220",Richmond,VA,23220,127.6
SRA0001239,Broadridge,Miller Fin Adv Group,Edward Jones,7557264,Amy,Miller,millera@edwajone.com,546.385.8347,"5518 Elm Dr, Ste 2231, Portland, OR, 97201",Portland,OR,97201,194.8
SRA0001240,Broadridge,Robinson Fin Advisory Group,Merrill Lynch,2808703,Lisa,Robinson,robinsonl@merrlync.com,4204091163,"3764 Main Dr, Ste 1772, Boston, MA, 02101",Boston,MA,02101,118.5
SRA0001241,Broadridge,Rodriguez Wealth Advisors,Wells Fargo Advisors,7127040,Jeff,Rodriguez,rodriguezj@wellfargad.com,2106487993,"2327 Broadway Rd, Baltimore, MD, 21201",Baltimore,MD,21201,942.5
SRA0001242,Broadridge,Bryant Fi Adv Group,Morgan Stanley,3903155,Don,Bryant,dbryant@morgstan.com,+14369525232,"7990 Elm Dr, Ste 1209, Tampa, FL, 33601",Tampa,FL,33601,
SRA0001243,Broadridge,Simmons Wealth Solutions Grp,Oppenheimer & Co,2704402,J.,Simmons,simmonsj@oppe.com,+16878579113,"5262 Lake Way, Ste 3322, Richmond, VA, 23220",Richmond,VA,23220,32.0
SRA0001244,Broadridge,White Wealth Mgmt Group,Ameriprise Financial,4814971,Kate,White,whitek@amer.com,(749) 651-3524,,Tampa,FL,33601,411.7
SRA0001245,Broadridge,Martin Financial Group,Baird,7613627,Dan,Martin,dmartin@bair.com,(976) 746-5616,"4174 Market Blvd, Salt Lake City, UT, 84101",Salt Lake City,UT,84101,305.6
SRA0001246,Broadridge,Ross Fam Wealth Group,LPL Financial,,Don,Ross,rossd@lpl.com,333.286.2408,"773 Maple Ct, Ste 2203, Atlanta, GA, 30301",Atlanta,GA,30301,77.6
SRA0001247,Broadridge,Flores Priv Client Group,Janney Montgomery Scott,2240405,Don,Flores,dflores@jannmontsc.com,(665) 250-8941,"4774 Oak Dr, Ste 1543, Milwaukee, WI, 53201",Milwaukee,WI,5320,3123.4
SRA0001248,Broadridge,Barnes Investment Group,HighTower,6340849,Sarah,Barnes,sbarnes@high.com,952-982-2792,"8094 Maple Blvd, Ste 3808, Atlanta, GA, 30301",Atlanta,GA,30301,
SRA0001249,Broadridge,Roberts PW Group,Ameriprise Financial,7051819,Amy,Roberts,aroberts@amer.com,+14963533364,"1852 Madison Blvd, Ste 1412, Hartford, CT, 06101",Hartford,CT,06101,130.8
SRA0001250,Broadridge,Coleman Wealth Solutions Group,Piper Sandler,1025295,Sarah,Coleman,scoleman@pipesand.com,+19087524203,"3316 Hill Ln, Ste 3693, Miami, FL, 33101",Miami,FL,33101,287.7
SRA0001251,Broadridge,Bailey Fam Wealth Group,Hightower Advisors,3788542,Josh,Bailey,baileyj@highadvi.com,+12105837185,"8315 Sunset Ave, New York, NY, 10001",New York,NY,10001,252.4
SRA0001252,Broadridge,Patterson Family Wealth Grp,Mesirow Financial,,M.,Patterson,mpatterson@mesi.com,,"2621 Capital Rd, Ste 1197, Milwaukee, WI, 53201",Milwaukee,WI,53201,298.6
SRA0001253,Broadridge,Murphy WP,Rockefeller Capital Management,1294219,Jeff,Murphy,jeff.murphy@rockcapi.net,+16282827543,"5723 Commerce Ave, Ste 2576, San Francisco, CA, 94101",San Francisco,CA,94101,866.9
SRA0001254,Broadridge,Jenkins Fin Grp,Janney Montgomery Scott,5795558,Johnny,Jenkins,jjenkins@jannmontsc.com,(319) 273-6285,"6726 Washington St, Ste 1401, Boston, MA, 02134",Boston,MA,02134,111.4
SRA0001255,Broadridge,Powell Cap Group,Dynasty Financial Partners,3586532,Donna,Powell,powelld@dynapart.com,8616183823,"4861 Elm St, Ste 411, Portland, OR, 97201",Portland,OR,9720,264.1
SRA0001256,Broadridge,King Advisory Group,HighTower,6698254,Meg,King,,2993994354,"1753 Park Ct, Hartford, CT, 06101",Hartford,CT,06101,1363.9
SRA0001257,Broadridge,Wright Adv Grp,Dynasty Financial Partners,3965879,Bob,Wright,wrightb@dynapart.com,+13552963832,"1250 Sunset Ln, Ste 3834, San Francisco, CA, 94101",San Francisco,CA,94101,1159.9
SRA0001258,Broadridge,Mitchell Fin Advisory Group,Steward Partners,7998722,Dot,Mitchell,dmitchell@stewpart.com,748-711-7577,"4882 Main Ave, Richmond, VA, 23220",Richmond,VA,23220,451.4
SRA0001259,Broadridge,Adams Adv Grp,Ameriprise Financial,3240852,Linda,Adams,linda.adams@amer.net,,"6362 Elm Ct, Orlando, FL, 32801",Orlando,FL,32801,174.0
SRA0001260,Broadridge,Henderson Family Wealth Grp,Hightower Advisors,9737254,Jeff,Henderson,jhenderson@highadvi.com,(535) 994-7352,"6582 Hill Way, St. Louis, MO, 63101",St. Louis,MO,63101,671.8
SRA0001261,Broadridge,Edwards PW Group,Raymond James,8316857,Karen,Edwards,kedwards@raymjame.com,348.383.2230,"3168 Elm St, Ste 361, Atlanta, GA, 30301",Atlanta,GA,30301,388.2
SRA0001262,Broadridge,Lee Invest Group,HighTower,5721184,Drew,Lee,leed@high.com,9506979373,"9312 Maple Ave, Ste 2619, Dallas, TX, 75201",Dallas,TX,75201-8865,395.3
SRA0001263,Broadridge,Turner Private Client Group,Merrill Lynch,2046696,J.,Turner,jturner@merrlync.com,2055564222,"2643 Commerce Rd, Ste 1722, New York, NY, 10001",New York,NY,10001-9529,146.1
SRA0001264,Broadridge,Gonzalez Wealth Partners,Merrill Lynch,9882867,Becca,Gonzalez,rgonzalez@merrlync.com,4407631031,"5821 Commerce Blvd, St. Louis, MO, 63101",St. Louis,MO,63101,344.2
SRA0001265,Broadridge,Perry Asset Management Group,Dynasty Financial Partners,8568233,C.,Perry,perryc@dynapart.com,6077468081,"2688 Lincoln Way, Los Angeles, CA, 90025",Los Angeles,CA,90025,95.6
SRA0001266,Broadridge,Gray Wealth Sol Group,LPL Financial,2397572,Danny,Gray,dgray@lpl.com,,"8886 Madison Blvd, Ste 529, Seattle, WA, 98101",Seattle,WA,98101,335.6
SRA0001267,Broadridge,Long Wealth Solutions Group,Steward Partners,2062009,Rick,Long,rlong@stewpart.com,741-688-6330,"325 Madison Pl, Ste 489, Pittsburgh, PA, 15201",Pittsburgh,PA,15201,695.3
SRA0001268,Broadridge,Alexander Wealth Solutions Group,Janney Montgomery Scott,9768556,J.,Alexander,alexanderj@jannmontsc.com,302-869-5364,"4053 Pine Blvd, Ste 1921, New York, NY, 10001",New York,NY,10001,117.4
SRA0001269,Broadridge,Morris Priv Client Group,Hightower Advisors,9946299,Joe,Morris,joe.morris@highadvi.net,858.452.9864,"4898 Sunset Pl, Ste 2867, Pittsburgh, PA, 15201",Pittsburgh,PA,15201,810.2
SRA0001270,Broadridge,Foster Private Client Group,Raymond James,7184743,Dottie,Fosster,dottie.fosster@raymjame.net,912.608.9746,"6300 Elm Rd, Ste 485, Orlando, FL, 32801",Orlando,FL,32801,191.1
SRA0001271,Broadridge,Flores Investment Group,LPL Financial,8300694,Ken,Flores,kflores@lpl.com,(843) 851-1147,"7281 Hill Blvd, Ste 2589, Cleveland, OH, 44101",Cleveland,OH,44101,115.7
SRA0001272,Broadridge,Wright Fin Advisory Group,Rockefeller Capital Management,6108877,Jeff,Wright,jeff.wright@rockcapi.net,(264) 982-8174,"9406 Capital Way, Ste 2403, Portland, OR, 97201",Portland,OR,97201,1053.8
SRA0001273,Broadridge,Price Invest Grp,Mesirow Financial,5768531,Susie,Price,sprice@mesi.com,6154822233,"8341 Washington Ct, Philadelphia, PA, 19101",Philadelphia,PA,19101,46.0
SRA0001274,Broadridge,Morgan Investment Group,RBC Wealth Management,6760669,Timmy,Morgan,morgant@rbc.com,411-608-9788,"8737 Maple Way, Ste 2493, Austin, TX, 78701",Austin,TX,78701-3884,116.7
SRA0001275,Broadridge,King WP,Stifel Financial,7618586,Jon,King,jon.king@stif.net,,"1938 Oak Blvd, Ste 1978, Louisville, KY, 40201",Louisville,KY,40201,562.7
SRA0001276,Broadridge,Evans Adv Group,Stifel Financial,4005495,Ronald,Evans,revans@stif.com,(477) 747-5139,"5875 Market Ave, New York, NY, 10017",New York,NY,10017,1059.0
SRA0001277,Broadridge,Ward Adv Grp,Dynasty Financial Partners,4975549,Susie,Ward,sward@dynapart.com,(833) 809-8761,"4292 Maple Ct, Ste 3645, Los Angeles, CA, 90001",Los Angeles,CA,90001,148.9
SRA0001278,Broadridge,Martin Asset Mgmt Grp,Mesirow Financial,1792611,Jimmy,Martin,martinj@mesi.com,+12004171752,"5652 Madison Way, Ste 3739, New York, NY, 10001",New York,NY,10001,610.8
SRA0001279,Broadridge,Coleman Wealth Mgmt Group,LPL Financial,4214210,B.,Coleman,,(648) 754-5820,"7078 Lincoln St, Ste 2065, Orlando, FL, 32801",Orlando,FL,32801,158.0
SRA0001280,Broadridge,Thomas Family Wealth Grp,Hightower Advisors,1585851,Betty,Thomas,bthomas@highadvi.com,+12313154343,"7008 Sunset Ave, Ste 1211, San Diego, CA, 92101",San Diego,CA,92101,1008.4
SRA0001281,Broadridge,Allen Financial Group,Raymond James,8078969,Josh,Allen,allenj@raymjame.com,772-610-7131,"2701 Hill St, Ste 3325, Detroit, MI, 48201",Detroit,MI,48201,
SRA0001282,Broadridge,Adams Financial Group,Janney Montgomery Scott,3297254,Joe,Adams,adamsj@jannmontsc.com,522.635.3920,"3019 Elm Ave, Kansas City, MO, 64101",Kansas City,MO,64101,311.2
SRA0001283,Broadridge,Ramirez Fam Wealth Group,Stifel Financial,7522941,Don,Ramirez,dramirez@stif.com,5107545727,"5336 Sunset Dr, Philadelphia, PA, 19101",Philadelphia,PA,19101,58.6
SRA0001284,Broadridge,Smith Cap Group,RBC Wealth Management,2140673,Mike,Smith,msmith@rbc.com,+19349978738,,Atlanta,GA,3030,3361.7
SRA0001285,Broadridge,Lee Asset Mgmt Grp,Oppenheimer & Co,5133583,Patty,Lee,plee@oppe.com,8325546259,"5264 Commerce Rd, Ste 2493, Richmond, VA, 23220",Richmond,VA,23220,99.4
SRA0001286,Broadridge,Henderson WP,Morgan Stanley,2556022,S.,Henderson,shenderson@morgstan.com,4646588440,"5035 Lake Pl, Ste 1599, Louisville, KY, 40201",Louisville,KY,4020,1500.3
SRA0001287,Broadridge,Jackson Family Wealth Group,Stifel Financial,2997872,Bryan,Jackson,jacksonb@stif.com,+15647945919,"9357 Lincoln Dr, Ste 3570, Dallas, TX, 75201",Dallas,TX,75201-2780,822.5
SRA0001288,Broadridge,Jones Private Wealth Group,Baird,9964328,Tony,Jones,tony.jones@bair.net,+12314274198,"2045 Market Dr, Ste 3679, Columbus, OH, 43201",Columbus,OH,43201,
SRA0001289,Broadridge,Sanchez Wealth Solutions Grp,RBC Wealth Management,9489734,Ashley,Sanchez,asanchez@rbc.com,(747) 379-2119,"5778 Elm Pl, Ste 904, Portland, OR, 97201",Portland,OR,97201,888.5
SRA0001290,Broadridge,Gray Fin Advisory Group,Oppenheimer & Co,6259001,Drew,Gray,grayd@oppe.com,3853258293,,Chicago,IL,60601,147.3
SRA0001291,Broadridge,Adams Family Wealth Grp,RBC Wealth Management,6976722,Kathy,Adams,kadams@rbc.com,+16359028837,"3081 Hill Ln, Houston, TX, 77001",Houston,TX,77001,23.6
SRA0001292,Broadridge,Gonzales Family Wealth Grp,Rockefeller Capital Management,,D.,Gonzales,dgonzales@rockcapi.com,(802) 266-6085,"3678 Washington Way, Ste 2576, San Francisco, CA, 94101",San Francisco,CA,9410,196.9
SRA0001293,Broadridge,Carter Invest Grp,Oppenheimer & Co,1486424,Stevie,Carter,stevie.carter@oppe.net,906-237-2837,"791 Commerce Ct, Ste 1033, Los Angeles, CA, 90025",Los Angeles,CA,90025,69.0
SRA0001294,Broadridge,Howard Wealth Sol Group,RBC Wealth Management,2597185,Johnny,Howard,johnny.howard@rbc.net,,"9740 Jefferson Ct, Ste 1277, San Francisco, CA, 94101",San Francisco,CA,94101,83.9
SRA0001295,Broadridge,Nguyen Investment Group,Piper Sandler,,Betty,Nguyen,bnguyen@pipesand.com,(796) 579-8176,"2797 Commerce Rd, Milwaukee, WI, 53201",Milwaukee,WI,53201-6397,237.8
SRA0001296,Broadridge,Hendersonn WP,Dynasty Financial Partners,2864986,Kev,Henderson,khenderson@dynapart.com,8062523935,"2351 Pine Pl, Austin, TX, 78701",Austin,TX,78701,24.0
SRA0001297,Broadridge,Howard Wealth Advs,HighTower,8580838,Kim,Howard,khoward@high.com,283.673.1235,"5377 Financial Ct, Ste 1175, Boston, MA, 02101",Boston,MA,02101,156.2
SRA0001298,Broadridge,Gonzalez Asset Mgmt Group,Ameriprise Financial,9327199,Mandy,Gonzalez,gonzalezm@amer.com,+19783639570,"6410 Market Ave, Ste 3074, Portland, OR, 97201",Portland,OR,97201,951.3
SRA0001299,Broadridge,Johnson Priv Client Group,Merrill Lynch,8470808,J.,Johnson,jjohnson@merrlync.com,679-790-1769,"6069 River Blvd, Ste 1841, Houston, TX, 77001",Houston,TX,77001,163.3
SRA0001300,Broadridge,Clark Wealth Solutions Grp,RBC Wealth Management,9465658,Sarah,Clark,sclark@rbc.com,751-968-1338,"7614 Main Rd, Ste 2857, Chicago, IL, 60614",Chicago,IL,60614,72.1
SRA0001301,Broadridge,Bryant Wealth Management Team,Wells Fargo Advisors,2339161,Jon,Bryant,jbryant@wellfargad.com,210.454.9726,"2059 Financial Pl, Ste 2747, Salt Lake City, UT, 84101",Salt Lake City,UT,84101-5102,64.3
SRA0001302,Broadridge,Thomas Priv Client Group,RBC Wealth Management,6504438,Bryan,Thomas,thomasb@rbc.com,7473039229,"2016 Oak Ln, Ste 3701, Los Angeles, CA, 90001",Los Angeles,CA,90001,50.7
SRA0001303,Broadridge,Ramirez Priv Wealth  Group,Mesirow Financial,6758796,J.,Ramirez,j..ramirez@mesi.net,(913) 743-9129,"3370 Madison Way, Ste 1901, Chicago, IL, 60601",Chicago,IL,60601,113.6
SRA0001304,Broadridge,Hughes Adv Group,Janney Montgomery Scott,2012566,Ant,Hughes,ant.hughes@jannmontsc.net,+19212076470,"8922 River Way, Ste 2692, Memphis, TN, 38101",Memphis,TN,38101,261.3
SRA0001305,Broadridge,Powell Wealth Management Team,RBC Wealth Management,,Jeff,Powell,jpowell@rbc.com,445-798-8984,"9308 Elm Rd, Ste 3693, Orlando, FL, 32801",Orlando,FL,32801,728.6
SRA0001306,Broadridge,Carter Priv Wealth Group,Stifel Financial,,Rich,Carter,rcarter@stif.com,4456828965,"2978 Lincoln St, Milwaukee, WI, 53201",Milwaukee,WI,5320,478.9
SRA0001307,Broadridge,Jones Fin Group,Wells Fargo Advisors,9982743,Bill,Jones,bjones@wellfargad.com,8505067710,"4352 Oak Rd, St. Louis, MO, 63101",St. Louis,MO,63101,131.8
SRA0001308,Broadridge,Powell Adv Grp,Steward Partners,9227797,M.,Powell,m..powell@stewpart.net,4192085326,"2339 Broadway Way, Ste 650, Boston, MA, 02101",Boston,MA,02101-7314,131.8
SRA0001309,Broadridge,Wilson Wealth Advs,Ameriprise Financial,4857362,Becca,Wilson,bwilson@amer.com,,"355 Financial Way, Ste 283, Charlotte, NC, 28201",Charlotte,NC,28201,59.8
SRA0001310,Broadridge,Evans PC Group,Ameriprise Financial,3914209,Patty,Evans,pevans@amer.com,(377) 717-9791,"4559 Capital Ct, Ste 1204, Memphis, TN, 38101",Memphis,TN,38101,346.5
SRA0001311,Broadridge,Hall Wealth Sol Group,Wells Fargo Advisors,3278090,Donna,Hall,,7023268430,"4357 Washington St, Cleveland, OH, 44101",Cleveland,OH,44101,25.5
SRA0001312,Broadridge,Peterson Wealth Mgmt Team,Steward Partners,5546442,A.,Peterson,petersona@stewpart.com,(938) 984-1575,"3328 Hill Dr, Ste 3212, Orlando, FL, 32801",Orlando,FL,32801,135.9
SRA0001313,Broadridge,Rodriguez Family Wealth Group,Hightower Advisors,7025440,Laura,Rodriguez,lrodriguez@highadvi.com,,,Hartford,CT,06101,45.9
SRA0001314,Broadridge,Allen PW Group,Wells Fargo Advisors,1208983,Jimmy,Allen,jallen@wellfargad.com,8373156719,"3163 Market Way, Louisville, KY, 40201",Louisville,KY,40201,318.9
SRA0001315,Broadridge,Taylor Fin Advisory Group,Piper Sanler,5395061,Barb,Taylor,taylorb@pipesand.com,2698703791,"3812 Pine St, Philadelphia, PA, 19101",Philadelphia,PA,19101,493.0
SRA0001316,Broadridge,Morgan Wealth Mgmt Grp,Raymond James,2112073,Jeff,Morgan,jeff.morgan@raymjame.net,220.257.9105,"9693 Lake Ave, Ste 753, Charlotte, NC, 28201",Charlotte,NC,28201,25.2
SRA0001317,Broadridge,Walker WA,Steward Partners,6193662,G.,Walker,gwalker@stewpart.com,301.849.3366,"2363 Lake Ct, Los Angeles, CA, 90025",Los Angeles,CA,90025,63.9
SRA0001318,Broadridge,Foster Family Wealth Group,Steward Partners,5290929,Sarah,Foster,sarah.foster@stewpart.net,788-616-4353,"3004 Elm Rd, Ste 2131, Orlando, FL, 32801",Orlando,FL,32801,68.7
SRA0001319,Broadridge,Jackson Investment Group,Edward Jones,4590071,M.,Jackson,mjackson@edwajone.com,+13766292633,"1768 Commerce St, Ste 1351, Philadelphia, PA, 19101",Philadelphia,PA,19101,639.9
SRA0001320,Broadridge,Edwards Priv Client Group,Wells Fargo Advisors,1843231,Linda,Edwards,ledwards@wellfargad.com,(686) 212-3446,"8949 Madison Pl, Seattle, WA, 98101",Seattle,WA,9810,47.0
SRA0001321,Broadridge,Martin Wealth Management Group,Morgan Stanley,3274016,Mick,Martin,mmartin@morgstan.com,2717846904,"3221 Jefferson Ct, Ste 140, Phoenix, AZ, 85001",Phoenix,AZ,8500,48.9
SRA0001322,Broadridge,Reed Wealth Partners,HighTower,2606916,Ry,Reed,ry.reed@high.net,+17064493237,"5465 Financial St, Ste 1989, Los Angeles, CA, 90025",Los Angeles,CA,9002,904.0
SRA0001323,Broadridge,Morgan Private Wealth Group,UBS Financial Services,4425804,Lisa,Morgan,lmorgan@ubs.com,7535891675,"8345 Broadway Ave, Las Vegas, NV, 89101",Las Vegas,NV,89101,318.8
SRA0001324,Broadridge,White Wealth Management Group,Wells Fargo Advisors,5686341,Chuck,White,,,"8127 Maple Blvd, Ste 380, St. Louis, MO, 63101",St. Louis,MO,63101,360.4
SRA0001325,Broadridge,Smith Investment Group,Mesirow Financial,3427658,Deborah,Smith,dsmith@mesi.com,430-977-5940,"4803 Cedar Blvd, Ste 480, Phoenix, AZ, 85001",Phoenix,AZ,85001,25.9
SRA0001326,Broadridge,Jackson Fin Advisory Group,Baird,5527803,Jim,Jackson,jacksonj@bair.com,9732843325,,Salt Lake City,UT,84101-8596,1622.5
SRA0001327,Broadridge,Reed Capital Group,Edward Jones,6924408,A.,Reed,a..reed@edwajone.net,523-296-4680,"2139 Broadway Way, Ste 2007, Seattle, WA, 98101",Seattle,WA,98101,145.0
SRA0001328,Broadridge,Hill Wealth Mgmt Group,Steward Partners,6787240,M.,Hill,mhill@stewpart.com,908-567-9848,"5747 Maple Way, Ste 533, Charlotte, NC, 28201",Charlotte,NC,28201,78.0
SRA0001329,Broadridge,Powell WP,Wells Fargo Advisors,7788118,J.,Powell,,+19759195678,"9940 Commerce Way, Ste 2377, San Francisco, CA, 94101",San Francisco,CA,94101,428.6
SRA0001330,Broadridge,Cooper Fin Adv Group,Oppenheimer & Co,7364758,Shelly,Cooper,scooper@oppe.com,2602099195,,Baltimore,MD,21201,64.2
SRA0001331,Broadridge,Robinsn Wealth Solutions Grp,Mesirow Financial,5891832,Emily,Robinson,emily.robinson@mesi.net,,"1405 Jefferson Ln, Ste 1753, Memphis, TN, 38101",Memphis,TN,38101,321.2
SRA0001332,Broadridge,Simmons Wealth Solutions Group,Hightower Advisors,3145093,Emily,Simmons,emily.simmons@highadvi.net,(402) 533-4775,"4565 Commerce Ln, Ste 1207, Detroit, MI, 48201",Detroit,MI,48201,289.2
SRA0001333,Broadridge,Garcia Fin Adv Group,Hightwer Advisors,6344568,Amy,Garcia,garciaa@highadvi.com,+14806424071,,Denver,CO,80201,62.7
SRA0001334,Broadridge,Foster WA,Rockefeller Capital Management,7027711,Emily,Foster,efoster@rockcapi.com,536-201-4410,"3569 Main St, Ste 2346, New York, NY, 10001",New York,NY,10001,125.0
SRA0001335,Broadridge,Young PC Group,Stifel Financial,1081021,Ed,Young,eyoung@stif.com,203.728.9537,"9368 Financial Ave, Ste 587, Baltimore, MD, 21201",Baltimore,MD,21201,274.0
SRA0001336,Broadridge,Smith Financial Group,Merrill Lynch,3554635,A.,Smith,smitha@merrlync.com,440.342.9101,"3303 Lincoln Ct, Orlando, FL, 32801",Orlando,FL,32801-5892,437.7
SRA0001337,Broadridge,Morris Wealth Mgmt Grp,HighTower,6036546,K.,Morris,k..morris@high.net,(756) 284-9972,"6968 Broadway Ln, Ste 266, New York, NY, 10001",New York,NY,10001,38.1
SRA0001338,Broadridge,Price Advisory Group,Dynasty Financial Partners,5178217,Jon,Price,jon.price@dynapart.net,+16443212585,"4003 Lincoln Ave, Denver, CO, 80201",Denver,CO,80201,148.8
SRA0001339,Broadridge,Hernandez Wealth Management Team,Baird,6184930,Sharon,Hernandez,hernandezs@bair.com,3532184098,"4257 Main Ave, Ste 1426, Philadelphia, PA, 19101",Philadelphia,PA,19101,175.4
SRA0001340,Broadridge,Turner Wealth Mgmt Grp,Oppenheimer & Co,7292493,P.,Turner,pturner@oppe.com,7888215102,"4643 Financial Ln, St. Louis, MO, 63101",St. Louis,MO,63101,411.8
SRA0001341,Broadridge,Jackson Wealth Mgmt Team,Morgan Stanley,1268971,J.,Jackson,jacksonj@morgstan.com,342.923.9832,,Hartford,CT,06101-2649,1131.5
SRA0001342,Broadridge,Flores Asset Mgmt Group,HighTower,3504700,Jen,Flores,jflores@high.com,600.344.1551,"8698 Sunset Ct, New York, NY, 10001",New York,NY,10001,1679.7
SRA0001343,Broadridge,Hughes Fin Advisory Group,Baird,4232187,Steve,Hughes,steve.hughes@bair.net,6215193617,"3642 Sunset Pl, Ste 1306, Denver, CO, 80201",Denver,CO,80201,303.4
SRA0001344,Broadridge,Barnes Asset Mgmt Grp,Wells Fargo Advisors,6570296,C.,Barnes,barnesc@wellfargad.com,+13097622903,"6860 Pine Blvd, Hartford, CT, 06101",Hartford,CT,06101,88.0
SRA0001345,Broadridge,Ramirez Invest Grp,Merrill Lynch,3900663,Bryan,Ramirez,bryan.ramirez@merrlync.net,,"6988 Jefferson St, Ste 623, Dallas, TX, 75201",Dallas,TX,75201,339.2
SRA0001346,Broadridge,Richardson Family Wealth Group,Raymond James,2505437,Don,Richardson,richardsond@raymjame.com,940.963.3879,,New York,NY,10017,190.8
SRA0001347,Broadridge,Jenkins Adv Grp,Ameriprise Financial,6454311,Johnny,Jenkins,jjenkins@amer.com,(429) 990-5236,"5113 Madison St, New York, NY, 10001",New York,NY,10001,66.6
SRA0001348,Broadridge,Thompson Family Wealth Grp,Raymond James,6030577,Betty,Thompson,thompsonb@raymjame.com,,"1444 River Dr, Ste 2144, Denver, CO, 80201",Denver,CO,80201,233.0
SRA0001349,Broadridge,Foster Family Wealth Grp,Stifel Financial,8077565,Angela,Foster,fostera@stif.com,(285) 702-7714,"8762 Elm Blvd, Philadelphia, PA, 19101",Philadelphia,PA,19101,298.4
SRA0001350,Broadridge,Long Wealth Solutions Group,Raymond James,,Emily,Long,emily.long@raymjame.net,+16632039345,"6423 Jefferson Way, Atlanta, GA, 30301",Atlanta,GA,30301,1170.6
SRA0001351,Broadridge,Martin Invest Grp,Raymnod James,7858018,Amy,Martin,amartin@raymjame.com,7586529366,"4417 Capital Ln, Ste 3499, Milwaukee, WI, 53201",Milwaukee,WI,53201,1393.2
SRA0001352,Broadridge,Lee Wealth Management Group,Dynasty Financial Partners,1252408,Meg,Lee,meg.lee@dynapart.net,2376222783,"8361 Hill Ct, Ste 1334, Tampa, FL, 33601",Tampa,FL,33601,47.5
SRA0001353,Broadridge,Walker Wealth Solutions Grp,Baird,8034286,Tommy,Walker,twalker@bair.com,956-971-7199,"8974 Cedar Ave, Ste 1477, Seattle, WA, 98101",Seattle,WA,98101,163.2
SRA0001354,Broadridge,Allen PC Group,HighTower,6988077,Deborah,Allen,,4627883819,"282 Madison Ln, San Francisco, CA, 94101",San Francisco,CA,94101,609.0
SRA0001355,Broadridge,Thomas WA,Wells Fargo Advisors,,Carol,Thomas,thomasc@wellfargad.com,6744551041,"7030 Park Ln, Ste 2873, Miami, FL, 33101",Miami,FL,33101,142.5
SRA0001356,Broadridge,Torres Wealth Sol Group,Hightower Advisors,9862314,M.,Torres,torresm@highadvi.com,729.483.7877,"8796 Main Way, Ste 3647, Chicago, IL, 60601",Chicago,IL,60601,202.6
SRA0001357,Broadridge,Gonzalez Wealth Management Group,Wells Fargo Advisors,6217749,Bryan,Gonzalez,bgonzalez@wellfargad.com,400-872-5570,"1348 Elm Dr, Chicago, IL, 60614",Chicago,IL,60614,911.7
SRA0001358,Broadridge,Evans Invest Group,Morgan Stanley,5021791,Dot,Evans,devans@morgstan.com,708-345-2646,"8278 Madison St, New York, NY, 10001",New York,NY,10001,1829.9
SRA0001359,Broadridge,Davis Wealth Mgmt Team,LPL Financial,1830449,Chris,Davis,cdavis@lpl.com,282-291-5522,"532 Main Dr, Ste 3937, Hartford, CT, 06101",Hartford,CT,06101,530.6
SRA0001360,Broadridge,Anderson Wealth Management Team,RBC Wealth Management,8828832,M.,Anderson,andersonm@rbc.com,980-867-7798,,Houston,TX,77001,60.1
SRA0001361,Broadridge,Rivera Asset Management Group,HighTower,5779750,Donna,Rivera,drivera@high.com,8516779583,"5385 Sunset St, Columbus, OH, 43201",Columbus,OH,43201-5803,208.5
SRA0001362,Broadridge,Stewart Private Wealth Group,Baird,3779120,Ant,Stewart,stewarta@bair.com,923.322.1370,"7743 Elm Ct, Ste 3652, Austin, TX, 78701",Austin,TX,78701,1108.0
SRA0001363,Broadridge,Bryant Family Wealth Group,Merrill Lynch,4803354,Linda,Bryant,lbryant@merrlync.com,679-314-7807,"1734 Jefferson St, Ste 2197, Baltimore, MD, 21201",Baltimore,MD,21201,181.0
SRA0001364,Broadridge,Wood Wealth Solutions Grop,Rockefeller Capital Management,,Carol,Wood,cwood@rockcapi.com,893.810.7294,"4118 Broadway Pl, Boston, MA, 02101",Boston,MA,02101,189.8
SRA0001365,Broadridge,Bell Wealth Sol Group,Baird,2779095,Matt,Bell,matt.bell@bair.net,2073865698,"8963 Main Ct, Ste 1541, Los Angeles, CA, 90001",Los Angeles,CA,90001,80.7
SRA0001366,Broadridge,Bailey Wealth Mgmt Group,Morgan Stanley,5918412,Becky,Bailey,baileyb@morgstan.com,(398) 986-3211,"3495 Madison Blvd, Ste 3476, Philadelphia, PA, 19101",Philadelphia,PA,19101,395.1
SRA0001367,Broadridge,Kelly Asset Mgmt Group,Morgan Stanley,6912485,Ronald,Kelly,rkelly@morgstan.com,6664657527,"7736 Main Way, Louisville, KY, 40201",Louisville,KY,40201,141.8
SRA0001368,Broadridge,Howard Fin Grp,RBC Wealth Management,5912954,Lisa,Howard,lisa.howard@rbc.net,+17152674610,"387 Main Ln, Minneapolis, MN, 55401",Minneapolis,MN,55401,233.0
SRA0001369,Broadridge,Powell Wealth Sol Group,HighTower,6198557,M.,Powell,powellm@high.com,(763) 292-2531,"52 River St, Denver, CO, 80201",Denver,CO,80201,653.5
SRA0001370,Broadridge,Murphy Investment Group,Oppenheimer & Co,8121698,Cynthia,Murphy,cynthia.murphy@oppe.net,+13255278740,"4044 Commerce Rd, Ste 3233, Indianapolis, IN, 46201",Indianapolis,IN,46201,27.8
SRA0001371,Broadridge,Ward Fam Wealth Group,UBS Financial Services,2652229,Tommy,Ward,tward@ubs.com,+13374397096,"9221 Broadway Ct, Ste 1583, Cleveland, OH, 44101",Cleveland,OH,44101,230.6
SRA0001372,Broadridge,Carter Asset Mgmt Group,Morgan Stanley,3575441,Charlie,Carter,charlie.carter@morgstan.net,,"6059 Lake Way, San Francisco, CA, 94101",San Francisco,CA,94101,274.4
SRA0001373,Broadridge,Jones WM Team,Janney Montgomery Scott,1458294,Chuck,Jones,jonesc@jannmontsc.com,6714082001,"8193 Lincoln Ave, Ste 3399, Houston, TX, 77001",Houston,TX,77001,768.1
SRA0001374,Broadridge,Jenkins Adv Grp,Rockefeller Capital Management,2639178,Donna,Jennkins,jennkinsd@rockcapi.com,+16985256028,"3740 Market St, Kansas City, MO, 64101",Kansas City,MO,64101,200.6
SRA0001375,Broadridge,Martinez Adv Group,Stifel Financial,4037815,Drew,Martinez,,592.251.3654,"9219 Elm Rd, Ste 3179, Baltimore, MD, 21201",Baltimore,MD,21201,166.1
SRA0001376,Broadridge,Cox Fin Advisory Group,Piper Sandler,1766605,Sandy,Cox,scox@pipesand.com,,"4108 Cedar St, Ste 3755, Atlanta, GA, 30301",Atlanta,GA,30301,30.1
SRA0001377,Broadridge,Clark Family Wealth Group,Raymond James,6675015,Sandy,Clark,sclark@raymjame.com,413-944-9986,"6569 Broadway Way, Seattle, WA, 98101",Seattle,WA,98101,111.2
SRA0001378,Broadridge,Taylor  Adv Group,LPL Financial,7818880,Karen,Taylor,ktaylor@lpl.com,887-910-1494,"4314 Market Ct, Columbus, OH, 43201",Columbus,OH,43201,551.0
SRA0001379,Broadridge,Robinson Wealth Mgmt Grp,Edward Jones,4947964,Sandy,Robinson,sandy.robinson@edwajone.net,465.206.6682,"417 Market Blvd, Ste 2466, Tampa, FL, 33601",Tampa,FL,33601,57.7
SRA0001380,Broadridge,Hernandez Fin Grp,Baird,,Emily,Hernandez,ehernandez@bair.com,396-898-6270,"6742 Lincoln St, Portland, OR, 97201",Portland,OR,97201,1796.5
SRA0001381,Broadridge,Morgan Priv Client Group,Rockefeller Capital Management,5273006,Karen,Morgan,kmorgan@rockcapi.com,,"9613 Main Dr, Pittsburgh, PA, 15201",Pittsburgh,PA,15201,137.4
SRA0001382,Broadridge,Morgan WA,Janney Montgomery Scott,3024875,Deborah,Morgan,morgand@jannmontsc.com,7033097929,"2694 Oak Ln, Ste 3716, Portland, OR, 97201",Portland,OR,97201,137.4
SRA0001383,Broadridge,Anderson Investment Group,Stifel Financial,3948116,Geo,Anderson,geo.anderson@stif.net,306-635-1128,"3397 Financial Blvd, Ste 3780, Memphis, TN, 38101",Memphis,TN,38101,178.8
SRA0001384,Broadridge,Turner Asset Mgmt Grp,Dynasty Financial Partners,,Emily,Turner,,3888947512,,Houston,TX,77001,223.0
SRA0001385,Broadridge,Martinez Family Wealth Grp,Mesirow Financial,4255084,Becky,Martinez,becky.martinez@mesi.net,656-997-1644,"5611 Main St, Ste 912, Seattle, WA, 98101",Seattle,WA,98101,303.1
SRA0001386,Broadridge,Turner Financial Advisory Group,Mesirow Financial,7320566,Danny,Turner,turnerd@mesi.com,+17914292853,"7219 Elm Ln, Charlotte, NC, 28201",Charlotte,NC,28201,157.3
SRA0001387,Broadridge,Gray Adv Group,Merrill Lynch,6454212,Donnie,Gray,dgray@merrlync.com,(466) 262-3560,"5732 Capital Ct, Ste 2962, Memphis, TN, 38101",Memphis,TN,38101,785.0
SRA0001388,Broadridge,Gonzales Priv Wealth Group,HighTower,3650861,M.,Gonzales,gonzalesm@high.com,9767053952,"8863 Pine Blvd, Baltimore, MD, 21201",Baltimore,MD,21201,315.8
SRA0001389,Broadridge,Roberts Wealth Part,RBC Wealth Management,8201418,M.,Roberts,robertsm@rbc.com,260.328.8052,,Nashville,TN,37201-5883,1181.8
SRA0001390,Broadridge,Perez Wealth Advisors,Steward Partners,4446190,R.,Perez,rperez@stewpart.com,8027005338,"9608 Sunset St, Ste 102, Pittsburgh, PA, 15201",Pittsburgh,PA,15201,205.6
SRA0001391,Broadridge,Ward Invest Gr,Oppenheimer & Co,7925354,Steph,Ward,wards@oppe.com,(222) 373-1730,"8940 Main Ave, Ste 3550, San Diego, CA, 92101",San Diego,CA,92101,249.9
SRA0001392,Broadridge,Garcia Financial Advisory Group,Edward Jones,6021304,Karen,Garcia,kgarcia@edwajone.com,443.834.1533,"4580 Lake Ct, Ste 241, Tampa, FL, 33601",Tampa,FL,33601,26.8
SRA0001393,Broadridge,Thompson Wealth Part,Edward Jones,3814759,M.,Thompson,mthompson@edwajone.com,450.566.2101,"668 Cedar Rd, Phoenix, AZ, 85001",Phoenix,AZ,85001-7897,249.3
SRA0001394,Broadridge,Davis Fin Grp,Wells Fargo Advisors,5759359,Bryan,Davis,bdavis@wellfargad.com,536.935.1547,,Cleveland,OH,44101,269.7
SRA0001395,Broadridge,Hughes Fin Grp,LPL Financial,5132056,Andy,Hughes,andy.hughes@lpl.net,,"2167 Main Ct, Ste 2411, Phoenix, AZ, 85001",Phoenix,AZ,85001,295.2
SRA0001396,Broadridge,Robinson Financial Advisory Group,Wells Fargo Advisors,2517765,Betty,Robinson,brobinson@wellfargad.com,,"7280 River Way, Ste 3682, Charlotte, NC, 28201",Charlotte,NC,28201,491.8
SRA0001397,Broadridge,Wood Wealth Management Group,Raymond James,4323363,Karen,Wood,kwood@raymjame.com,277-692-8533,"5063 Financial Rd, Ste 368, Boston, MA, 02134",Boston,MA,02134,265.3
SRA0001398,Broadridge,White Asset Mgmt Grp,HighTower,4408282,Ed,White,ed.white@high.net,6585502602,,Chicago,IL,60614,949.1
SRA0001399,Broadridge,Cook Private Wealth Group,Janney Montgomery Scott,5598122,Rich,Cook,rich.cook@jannmontsc.net,+16845263476,"8335 Liberty Way, Ste 521, Boston, MA, 02101",Boston,MA,02101,2125.2
SRA0001400,Broadridge,Brown Cap Grp,HighTower,4834745,Ashley,Brown,abrown@high.com,227-204-3594,"8734 Lake Rd, Las Vegas, NV, 89101",Las Vegas,NV,89101-6743,102.8
SRA0001401,Broadridge,Harris Private Client Group,Edward Jones,,Mike,Harris,,,"1542 Lake Dr, Chicago, IL, 60601",Chicago,IL,60601,144.9
SRA0001402,Broadridge,Kelly Invest Grp,Wells Fargo Advisors,9680946,Rick,Kelly,rkelly@wellfargad.com,652-696-8552,"2289 Lake Pl, Los Angeles, CA, 90025",Los Angeles,CA,90025,455.3
SRA0001403,Broadridge,Hughes Wealth Sol Group,Ameriprise Financial,4963902,G.,Hughes,ghughes@amer.com,9254606264,"8843 Maple Blvd, Boston, MA, 02134",Boston,MA,02134,1037.0
SRA0001404,Broadridge,Ward Fam Wealth Group,Rockefeller Capital Management,9266290,Josh,Ward,jward@rockcapi.com,+18495914248,"3424 Park Blvd, Ste 2386, Portland, OR, 97201",Portland,OR,97201,188.3
SRA0001405,Broadridge,Cox PW Group,Hightower Advisors,8335722,Emily,Cox,coxe@highadvi.com,9276893211,"6628 Elm St, St. Louis, MO, 63101",St. Louis,MO,63101,1201.9
SRA0001406,Broadridge,Cook Wealth Advisors,Raymond James,,Ronald,Cook,ronald.cook@raymjame.net,+19545822313,"9595 Madison Blvd, Ste 807, Tampa, FL, 33601",Tampa,FL,33601,172.4
SRA0001407,Broadridge,Hall Asset Mgmt Group,Merrill Lynch,4076119,Becca,Hall,becca.hall@merrlync.net,,"2753 Hill Pl, Ste 1784, Richmond, VA, 23220",Richmond,VA,2322,526.0
SRA0001408,Broadridge,Allen WA,Edward Jones,3726721,Sarah,Allen,sarah.allen@edwajone.net,+14514802428,"4710 Financial Blvd, Ste 3327, Chicago, IL, 60614",Chicago,IL,60614-6836,393.9
SRA0001409,Broadridge,Flores Cap Grp,Oppenheimer & Co,1667019,Karen,Flores,kflores@oppe.com,337-619-7529,,Las Vegas,NV,89101-5532,126.3
SRA0001410,Broadridge,Kelly Cap Group,Janney Montgomery Scott,1659984,Angela,Kelly,akelly@jannmontsc.com,2199344794,"1227 Oak Ave, Ste 1106, Atlanta, GA, 30301",Atlanta,GA,30301,1852.3
SRA0001411,Broadridge,Sanchez Fin Grp,Steward Partners,3689758,Donna,Sanchez,dsanchez@stewpart.com,505-674-2534,"1423 Financial Dr, Ste 123, Boston, MA, 02101",Boston,MA,02101,667.6
SRA0001412,Broadridge,Williams Fin Adv Group,Hightower Advisors,5714172,Timmy,Williams,williamst@highadvi.com,6093137848,"900 Broadway Way, Indianapolis, IN, 46201",Indianapolis,IN,46201,143.7
SRA0001413,Broadridge,Ramirez Priv Client Group,Hightower Advisors,1247050,Andy,Ramirez,ramireza@highadvi.com,+17865334739,"7587 Elm Dr, Ste 469, New York, NY, 10001",New York,NY,10001-2822,95.6
SRA0001414,Broadridge,Collins Wealth Solutions Grp,Raymond James,4325703,Mel,Collins,mcollins@raymjame.com,+16203171203,"4244 Hill Ave, Dallas, TX, 75201",Dallas,TX,75201,
SRA0001415,Broadridge,Sanchez Cap Group,Wells Fargo Advisors,5826896,Tommy,Sanchez,tsanchez@wellfargad.com,319-966-4221,"7533 Elm Pl, Ste 3764, Charlotte, NC, 28201",Charlotte,NC,28201,2354.8
SRA0001416,Broadridge,Campbell Capital Group,Rockefeller Capital Management,,Linda,Campbell,lcampbell@rockcapi.com,818.499.3950,"738 Lake Way, Portland, OR, 97201",Portland,OR,97201,434.5
SRA0001417,Broadridge,Baker Adv Group,Wells Fargo Advisors,2451944,Kenny,Baker,kbaker@wellfargad.com,706.834.4093,"2826 Hill Blvd, Ste 790, New York, NY, 10017",New York,NY,10017,137.0
SRA0001418,Broadridge,Flores Asset Mgmt Group,Dynasty Financial Partners,7021936,Steve,Flores,sflores@dynapart.com,5009919782,"6058 Park Way, San Francisco, CA, 94101",San Francisco,CA,94101,502.3
SRA0001419,Broadridge,Gray Wealth Mgmt Grp,Dynasty Financial Partners,5466437,Timmy,Gry,timmy.gry@dynapart.net,+12648681198,,Baltimore,MD,21201,512.2
SRA0001420,Broadridge,Green Private Client Group,Rockefeller Capital Management,2532938,Nancy,Green,nancy.green@rockcapi.net,+16009435563,,Atlanta,GA,30301,905.1
SRA0001421,Broadridge,Lewis Adv Group,Rockeeller Capital Management,9199507,Sarah,Lewis,sarah.lewis@rockcapi.net,8638507726,"1538 Hill Dr, Ste 3813, Philadelphia, PA, 19101",Philadelphia,PA,19101,204.7
SRA0001422,Broadridge,Scott Family Wealth Grp,LPL Financial,7294416,Steve,Scott,sscott@lpl.com,2847558395,"5758 Jefferson Ln, Detroit, MI, 48201",Detroit,MI,48201-2507,163.0
SRA0001423,Broadridge,Long Asset Mgmt Grp,Piper Sandler,2126482,Tommy,Long,tlong@pipesand.com,576.874.5864,"1428 Market Rd, Detroit, MI, 48201",Detroit,MI,48201,32.5
SRA0001424,Broadridge,Jones Fin Advisory Group,Morgan Stanley,3800740,Jess,Jones,jjones@morgstan.com,790-312-1181,"8471 Hill Rd, Ste 1961, Kansas City, MO, 64101",Kansas City,MO,64101,114.5
SRA0001425,Broadridge,Williams Priv eWalth Group,Stifel Financial,6661654,Eddie,Williams,,+12374335062,"7278 Lake Way, Ste 1106, San Diego, CA, 92101",San Diego,CA,92101,246.3
SRA0001426,Broadridge,Phillips Wealth Advisors,Rockefeller Capital Management,1373346,Johnny,Phillips,,614.682.2970,"8979 Cedar Blvd, Seattle, WA, 98101",Seattle,WA,98101-5397,70.1
SRA0001427,Broadridge,Reed Wealth Advisors,Dynasty Financial Partners,8585347,Timmy,Reed,treed@dynapart.com,(720) 862-9307,"7060 River Dr, Ste 1449, Chicago, IL, 60614",Chicago,IL,60614,54.4
SRA0001428,Broadridge,Garcia Fam Wealth Group,Piper Sandler,7957679,A.,Garcia,a..garcia@pipesand.net,(409) 511-3771,"8439 Capital Ct, Memphis, TN, 38101",Memphis,TN,38101,
SRA0001429,Broadridge,Gonzales Asset Mgmt Group,Baird,3316100,Johnny,Gonzalees,gonzaleesj@bair.com,342.320.8461,"962 Lake Ct, Ste 2967, New York, NY, 10017",New York,NY,10017,633.9
SRA0001430,Broadridge,Lopez Private ClientG roup,Mesirow Financial,8094894,Ry,Loppez,loppezr@mesi.com,(515) 825-5299,,Richmond,VA,23220,25.4
SRA0001431,Broadridge,Patterson Wealth Management Team,RBC Wealth Management,1323425,Babs,Patterson,,315-489-6878,"9267 Capital Way, Ste 1658, St. Louis, MO, 63101",St. Louis,MO,63101,70.4
SRA0001432,Broadridge,Rodrigue zWP,HighTower,1033416,Danny,Rodriguez,drodriguez@high.com,576-464-9691,"2661 Lake Dr, Ste 2199, Miami, FL, 33101",Miami,FL,33101,7109.1
SRA0001433,Broadridge,Young Private Client Group,Morgan Stanley,7950553,Maggie,Young,myoung@morgstan.com,682-714-1091,"6331 Liberty Way, Chicago, IL, 60601",Chicago,IL,60601,53.8
SRA0001434,Broadridge,Lewis Wealth Part,Wells Fargo Advisors,7368860,Maggie,Lewis,maggie.lewis@wellfargad.net,(866) 458-3325,"8373 Pine Rd, Ste 3948, Houston, TX, 77001",Houston,TX,77001,362.9
SRA0001435,Broadridge,Henderson Family Wealth Group,UBS Financial Services,3520317,Linda,Henderson,lhenderson@ubs.com,741-369-7793,"9016 Elm Ln, Detroit, MI, 48201",Detroit,MI,48201,213.8
SRA0001436,Broadridge,Sanders Private Client Group,Wells Fargo Advisors,3877133,Kate,Sanders,kate.sanders@wellfargad.net,6836157421,"2170 Main Ct, Ste 646, Dallas, TX, 75201",Dallas,TX,75201,757.7
SRA0001437,Broadridge,Barnes Family Wealth Grp,Wells Fargo Advisors,,Don,Barnes,barnesd@wellfargad.com,3998885334,"4598 Lake Dr, Ste 2536, Cincinnati, OH, 45201",Cincinnati,OH,45201,263.0
SRA0001438,Broadridge,Jenkins WA,Edward Jones,9756375,Nancy,Jenkins,nancy.jenkins@edwajone.net,(896) 696-1096,,Cleveland,OH,44101,124.7
SRA0001439,Broadridge,Perry Investment Group,Raymond James,2510365,Mandy,Perry,mandy.perry@raymjame.net,359-428-8512,,Tampa,FL,33601,376.1
SRA0001440,Broadridge,Flores Wealth Sol Group,Piper Sandler,7320355,J.,Flores,floresj@pipesand.com,8649798354,"13 Cedar Ln, Ste 1403, Phoenix, AZ, 85001",Phoenix,AZ,85001,
SRA0001441,Broadridge,Hughes Wealth Management Group,Stifel Financial,5292319,Steph,Hughes,shughes@stif.com,(713) 971-2296,"8730 Lincoln Rd, Pittsburgh, PA, 15201",Pittsburgh,PA,15201,348.2
SRA0001442,Broadridge,Williams Wealth Solutions Grp,RBC Wealth Management,,Sandy,Williams,swilliams@rbc.com,,"5772 Financial Pl, Charlotte, NC, 28201",Charlotte,NC,28201,1909.3
SRA0001443,Broadridge,Mitchell PC Group,Ameriprise Financial,3133610,Linda,Mitchell,linda.mitchell@amer.net,436-638-1629,"6245 Madison Pl, San Diego, CA, 92101",San Diego,CA,9210,386.8
SRA0001444,Broadridge,Turner Financial Group,Stifel Financial,7255103,Linda,Turner,lturner@stif.com,,"2854 Cedar St, Boston, MA, 02101",Boston,MA,02101-6781,461.8
SRA0001445,Broadridge,Cox Fin Adv Group,Piper Sandler,7439626,Karen,Cox,kcox@pipesand.com,6266072190,"7434 Financial Way, Ste 3755, San Diego, CA, 92101",San Diego,CA,92101,131.9
SRA0001446,Broadridge,Wood Financial Group,Dynasty Financial Partners,5159882,Ed,Wood,woode@dynapart.com,4205288822,"6551 Commerce Ct, Ste 2129, Salt Lake City, UT, 84101",Salt Lake City,UT,84101-5141,205.7
SRA0001447,Broadridge,White Asset Mgmt Group,Janney Montgomery Scott,9811257,Lisa,White,lwhite@jannmontsc.com,376.250.9573,"4121 Capital Dr, Ste 919, New York, NY, 10001",New York,NY,10001,197.9
SRA0001448,Broadridge,Bryant Asset Mgmt Grp,LPL Financial,3114847,Linda,Bryant,lbryant@lpl.com,612-210-1480,"73 Pine Ln, Ste 2772, Boston, MA, 02134",Boston,MA,02134,592.1
SRA0001449,Broadridge,Evans Wealth Sol Group,Raymond James,,Kathy,Evans,kevans@raymjame.com,491-948-2158,"3568 Hill Ave, Ste 2215, Nashville, TN, 37201",Nashville,TN,37201,226.3
SRA0001450,Broadridge,Adams Wealth Advs,Raymond James,1556534,Pat,Adams,adamsp@raymjame.com,+18058279849,"7124 Liberty Rd, Boston, MA, 02101",Boston,MA,0210,40.0
SRA0001451,Broadridge,Lee Invest Goup,Raymond James,3538924,Josh,Lee,josh.lee@raymjame.net,2567313992,"3827 River Dr, Ste 3919, Cleveland, OH, 44101",Cleveland,OH,44101,63.7
SRA0001452,Broadridge,Collins Asset Mgmt Grp,HighTower,5379168,Jay,Collins,jcollins@high.com,,"2050 Financial Ct, Milwaukee, WI, 53201",Milwaukee,WI,53201,68.6
SRA0001453,Broadridge,Mitchell Adv Grp,Piper Sandler,5127277,Betty,Mitchell,bmitchell@pipesand.com,843-202-8349,"6693 Jefferson Ave, New York, NY, 10001",New York,NY,10001,1165.4
SRA0001454,Broadridge,Nelson Financial Advsory Group,Rockefeller Capital Management,6194563,J.,Nelson,jnelson@rockcapi.com,+14535149040,,New York,NY,10001,571.2
SRA0001455,Broadridge,Perry Wealth Partners,HighTower,,Mary,ePrry,mperry@high.com,401-857-3778,"1201 Broadway Rd, Ste 1816, Houston, TX, 77001",Houston,TX,77001,931.4
SRA0001456,Broadridge,Brooks Wealth Mgmt Group,Edward Jones,,Donna,Brooks,donna.brooks@edwajone.net,(804) 403-9448,"7935 Washington Dr, Ste 877, Cleveland, OH, 44101",Cleveland,OH,4410,265.4
SRA0001457,Broadridge,White Wealth Sol Group,Stifel Financial,1001433,K.,White,whitek@stif.com,(477) 705-8065,"421 Lincoln Ct, Ste 627, Charlotte, NC, 28201",Charlotte,NC,28201,443.0
SRA0001458,Broadridge,Rodriguez Private Client Group,Merrill Lynch,6391404,Kenny,Rodriguez,krodriguez@merrlync.com,2789962168,"7721 Liberty St, San Diego, CA, 92101",San Diego,CA,92101,111.5
SRA0001459,Broadridge,Rivera Family Wealth Group,UBS Financial Services,2316290,S.,Rivera,s..rivera@ubs.net,+14745607283,"3156 Lake St, San Francisco, CA, 94101",San Francisco,CA,94101,715.7
SRA0001460,Broadridge,Rivera Wealth Mgmt Grp,Hightower Advisors,2326301,Susie,Rivera,srivera@highadvi.com,9469542563,"5259 Lincoln Ln, Ste 3379, Pittsburgh, PA, 15201",Pittsburgh,PA,15201,71.3
SRA0001461,Broadridge,Powell Private Wealth Group,Janney Montgomery Scott,8932181,Ronald,Powell,powellr@jannmontsc.com,+12022515670,"186 Financial Dr, Detroit, MI, 48201",Detroit,MI,48201,945.6
SRA0001462,Broadridge,Flores Invest Group,Baird,5635400,Dottie,Flores,floresd@bair.com,218-979-5073,,Richmond,VA,23220-1913,373.2
SRA0001463,Broadridge,Patterson Fin Grp,LPL Financial,1669504,Johnny,Patterson,johnny.patterson@lpl.net,444-726-7090,"8913 Commerce Way, Detroit, MI, 48201",Detroit,MI,48201,316.0
SRA0001464,Broadridge,Hughes WA,Merrill Lynch,,Nancy,Hughes,nhughes@merrlync.com,355-601-6270,"2580 Capital Rd, Ste 3791, Richmond, VA, 23220",Richmond,VA,23220,32.5
SRA0001465,Broadridge,Hughes PC Group,Oppenheimer & Co,8004884,Andy,Hughes,andy.hughes@oppe.net,335.404.1909,"3111 Capital Pl, Ste 3581, Seattle, WA, 98101",Seattle,WA,98101,205.2
SRA0001466,Broadridge,Bailey Asset Mgmt Group,Morgan Stanley,1714231,Jenny,Bailey,jenny.bailey@morgstan.net,+17179378912,,Indianapolis,IN,46201,86.2
SRA0001467,Broadridge,Flores Wealth Mgmt Team,HighTower,3437048,Karen,Flores,kflores@high.com,599-587-2642,"1577 River Ct, Ste 1486, Denver, CO, 80201",Denver,CO,80201,516.2
SRA0001468,Broadridge,Williams PW Group,Baird,7096143,Charlie,iWlliams,charlie.iwlliams@bair.net,9284855854,"7869 Oak Ct, New York, NY, 10001",New York,NY,10001,25.5
SRA0001469,Broadridge,Henderson Wealth Mgmt Team,LPL Financial,5853236,Cynthia,Henderson,cynthia.henderson@lpl.net,599-963-2203,"9377 River Dr, Ste 1825, Chicago, IL, 60601",Chicago,IL,60601,410.8
SRA0001470,Broadridge,Roberts Financial Advisory Group,Oppenheimer & Co,7307007,Mandy,Roberts,robertsm@oppe.com,+12025724802,"223 Cedar Way, Ste 2289, Atlanta, GA, 30301",Atlanta,GA,30301,257.2
SRA0001471,Broadridge,Taylor Family Wealth Grp,Janney Montgomery Scott,4625251,Jon,Taylor,jtaylor@jannmontsc.com,+15977297574,"794 River St, Ste 270, New York, NY, 10001",New York,NY,10001,1713.8
SRA0001472,Broadridge,Garcia WM Team,Dynasty Financial Partners,4980521,Sarah,Garcia,garcias@dynapart.com,,"5978 Cedar St, Los Angeles, CA, 90025",Los Angeles,CA,90025,391.7
SRA0001473,Broadridge,Hughes Asset Mgmt Grp,LPL Financial,7151669,C.,Hughes,chughes@lpl.com,4363144058,"6430 Oak St, Tampa, FL, 33601",Tampa,FL,33601,47.8
SRA0001474,Broadridge,Garcia Wealth Solutions Grp,Raymond James,9271111,J.,Garcia,j..garcia@raymjame.net,502.877.6270,"4224 Lake Blvd, Ste 1270, Pittsburgh, PA, 15201",Pittsburgh,PA,1520,117.2
SRA0001475,Broadridge,Bennett PC Group,Stifel Financial,,Angela,Bennett,angela.bennett@stif.net,+18457742978,"8979 Capital Way, Ste 1535, Cleveland, OH, 44101",Cleveland,OH,44101,276.7
SRA0001476,Broadridge,Torres Asset Mnaagement Group,Stifel Financial,7813972,Tony,Torres,ttorres@stif.com,,"2448 Maple Pl, Detroit, MI, 48201",Detroit,MI,4820,405.2
SRA0001477,Broadridge,Flores Capital Group,Oppenheimer & Co,8046415,Kenny,Flores,kenny.flores@oppe.net,342-517-9876,"6932 Main Pl, Ste 1938, Phoenix, AZ, 85001",Phoenix,AZ,85001,861.9
SRA0001478,Broadridge,Parker Wealth Mgmt Group,Piper Sandler,6927716,Donna,Parker,dparker@pipesand.com,264-574-9257,"5983 Main Ave, Ste 915, Miami, FL, 33101",Miami,FL,33101,196.9
SRA0001479,Broadridge,Stewart WA,RBC Wealth Management,8100902,Will,Stewart,stewartw@rbc.com,(255) 555-9627,"7210 Financial St, Ste 834, Portland, OR, 97201",Portland,OR,97201,154.2
SRA0001480,Broadridge,Morgan Wealth Mgmt Grp,Dynasty Financial Partners,2341370,Ashley,Morgan,amorgan@dynapart.com,976-858-9596,"9431 Commerce Way, Ste 3145, Baltimore, MD, 21201",Baltimore,MD,2120,1748.6
SRA0001481,Broadridge,Butler Financial Group,Piper Sandler,,S.,Butler,sbutler@pipesand.com,597.326.4851,"3192 River Pl, Ste 2846, Portland, OR, 97201",Portland,OR,97201-8096,1646.0
SRA0001482,Broadridge,Phillips Wealth Management Group,Steward Partners,5074974,R.,Phillips,rphillips@stewpart.com,963-910-8835,"7767 Pine Ct, Ste 3604, Baltimore, MD, 21201",Baltimore,MD,21201,475.2
SRA0001483,Broadridge,Coleman Fin Grp,Wells Fargo Advisors,,Mandy,Coleman,mandy.coleman@wellfargad.net,817-568-8085,,San Francisco,CA,94101,312.5
SRA0001484,Broadridge,Washington Private Client Group,HighTower,7792633,Ashley,Washington,washingtona@high.com,496.465.1654,"3049 Commerce Blvd, Ste 3225, Seattle, WA, 98101",Seattle,WA,98101,282.0
SRA0001485,Broadridge,Moore Wealth dAvs,RBC Wealth Management,1002231,Bob,Moore,bmoore@rbc.com,,"3735 Elm Ct, Ste 666, New York, NY, 10017",New York,NY,10017,101.1
SRA0001486,Broadridge,Hill Wealth Advs,Rockefeller Capital Management,9812589,Angela,Hill,hilla@rockcapi.com,352.822.1148,"7918 River Rd, Louisville, KY, 40201",Louisville,KY,40201-3389,162.0
SRA0001487,Broadridge,Wright Financial Advisory Group,Baird,8321870,Deborah,Wright,dwright@bair.com,782-906-2137,,Los Angeles,CA,90025,750.6
SRA0001488,Broadridge,Torres PW Group,RBC Wealth Management,8256078,M.,Torres,mtorres@rbc.com,840-942-3466,"2102 Broadway Pl, Ste 994, Atlanta, GA, 30301",Atlanta,GA,30301,123.9
SRA0001489,Broadridge,Marttinez Private Client Group,Oppenheimer & Co,9021899,Amy,Martinez,amartinez@oppe.com,+12286531056,"3397 Commerce Rd, Ste 1650, Detroit, MI, 48201",Detroit,MI,48201,100.3
SRA0001490,Broadridge,Wood Financial Advisory Group,Baird,5826200,Kev,Wood,kwood@bair.com,,"7749 Hill St, Ste 2131, Boston, MA, 02101",Boston,MA,02101,423.9
SRA0001491,Broadridge,Long Family Wealth Group,Oppenheimer & Co,3310559,Johnny,Long,jlong@oppe.com,5807821039,"7041 Elm St, Columbus, OH, 43201",Columbus,OH,43201,482.2
SRA0001492,Broadridge,Evans Asset Mgmt Grp,LPL Financial,7770277,Dottie,Evans,,+14686212162,"4633 Financial Pl, Ste 2537, Cincinnati, OH, 45201",Cincinnati,OH,45201,798.4
SRA0001493,Broadridge,Sanders Wealth Mgmt Team,LPL Financial,9126971,Betty,Sanders,betty.sanders@lpl.net,966.788.9874,"4552 Capital Ave, Ste 3843, Salt Lake City, UT, 84101",Salt Lake City,UT,84101,138.2
SRA0001494,Broadridge,Lewis Investment Group,Dynasty Financial Partners,9953454,Emily,Lewis,elewis@dynapart.com,+18662762709,"5400 Capital Ln, Ste 1490, Houston, TX, 77001",Houston,TX,77001,420.1
SRA0001495,Broadridge,Williams Priv Client Group,Merrill Lynch,8556961,Steve,Williams,swilliams@merrlync.com,647-959-3676,"2253 Washington Ct, Atlanta, GA, 30301",Atlanta,GA,30301,419.3
SRA0001496,Broadridge,Murphy Financial Advisory Group,Stifel Financial,9455980,Amy,Murphy,amurphy@stif.com,912.703.2052,"8412 Market Ct, Ste 627, Cleveland, OH, 44101",Cleveland,OH,44101,80.8
SRA0001497,Broadridge,Cox Wealth Advisors,Steward Partners,6533591,J.,Cox,j..cox@stewpart.net,873-759-5753,"1105 Madison Ct, Ste 2957, Los Angeles, CA, 90025",Los Angeles,CA,90025-3998,523.5
SRA0001498,Broadridge,Sanchez Financial Group,Ameriprise Financial,5546937,K.,Sanchez,k..sanchez@amer.net,+16002256317,"8443 Jefferson Pl, Detroit, MI, 48201",Detroit,MI,48201,120.4
SRA0001499,Broadridge,Roberts Wealth Advisors,LPL Financial,8462069,Carol,Roberts,robertsc@lpl.com,357-406-7471,"1956 Oak Ct, Ste 3704, New York, NY, 10001",New York,NY,10001,1535.6
SRA0001500,Broadridge,Hernandez Capital Group,Piper Sandler,6346158,Timmy,Hernandez,hernandezt@pipesand.com,(950) 660-9299,,New York,NY,10001,547.6
SRA0001501,Broadridge,Evans Wealth Part,Baird,6906671,Amy,Evans,aevans@bair.com,,"7705 Jefferson Ln, Ste 314, Indianapolis, IN, 46201",Indianapolis,IN,46201,429.2
SRA0001502,Broadridge,Flores Adv Group,Baird,1964519,Linda,Flores,floresl@bair.com,+15652737794,"6269 Sunset Ln, Ste 730, Austin, TX, 78701",Austin,TX,78701,472.5
SRA0001503,Broadridge,Allen Invest Group,Stifel Financial,,Laura,Allen,allenl@stif.com,(503) 205-3354,"3305 Washington Ct, Ste 2288, Columbus, OH, 43201",Columbus,OH,43201,111.2
SRA0001504,Broadridge,Cooper Wealth Solutions Group,RBC Wealth Management,8593960,Jon,Cooper,jcooper@rbc.com,+12204517688,"3179 Oak Ln, Kansas City, MO, 64101",Kansas City,MO,64101,846.8
SRA0001505,Broadridge,Ramirez WA,Hightower Advisors,3908472,Charlie,Ramirez,cramirez@highadvi.com,246.910.6452,"795 Commerce Ct, Ste 2593, Los Angeles, CA, 90025",Los Angeles,CA,90025,57.2
SRA0001506,Broadridge,Rodriguez Investment Group,LPL Financial,8979753,Emily,Rodriguez,rodrigueze@lpl.com,(810) 696-8978,"2211 Lake Rd, Salt Lake City, UT, 84101",Salt Lake City,UT,84101,314.8
SRA0001507,Broadridge,Anderson Wealth Partners,LPL Financial,5534911,P.,Anderson,andersonp@lpl.com,+17392135895,"5207 Oak Pl, Ste 3186, Milwaukee, WI, 53201",Milwaukee,WI,53201-3738,45.8
SRA0001508,Broadridge,Perez Invest Group,HgihTower,1743148,Jimmy,Perez,jimmy.perez@high.net,(438) 292-6796,"8691 Capital Blvd, Ste 1248, Boston, MA, 02134",Boston,MA,02134,
SRA0001509,Broadridge,Williams PW Group,Mesirow Financial,8382285,Deborah,Williams,williamsd@mesi.com,+18806708719,"4681 Commerce Way, Ste 2597, Boston, MA, 02134",Boston,MA,0213,419.2
SRA0001510,Broadridge,Anderson WM Team,Stifel Financial,9769129,Angela,Anderson,aanderson@stif.com,+19383624300,"61 Market Ct, Charlotte, NC, 28201",Charlotte,NC,28201,295.0
SRA0001511,Broadridge,Bennett Asset Mgmt Grp,Baird,8051206,Deborah,Bennett,bennettd@bair.com,362-450-4600,,Columbus,OH,43201,350.3
SRA0001512,Broadridge,Peterson Priv Client Group,Piper Sandler,8704879,Kim,Peterson,kim.peterson@pipesand.net,+16306925792,"8460 Washington Ave, San Francisco, CA, 94101",San Francisco,CA,94101,92.4
SRA0001513,Broadridge,Flores Cap Group,Merrill Lynch,2450419,Matt,Flores,,580.294.9677,"1480 Lincoln Ct, Ste 1307, Atlanta, GA, 30301",Atlanta,GA,30301,377.2
SRA0001514,Broadridge,Carter Wealth Solutions Grp,Janney Montgomery Scott,6241357,Sharon,Carter,carters@jannmontsc.com,624.837.9990,"9728 Main Way, Memphis, TN, 38101",Memphis,TN,38101,129.5
SRA0001515,Broadridge,Morris Priv Wealth Group,Raymond James,1452563,Tommy,Morris,tommy.morris@raymjame.net,355.375.4735,"7726 Financial St, Ste 3428, Dallas, TX, 75201",Dallas,TX,75201,62.2
SRA0001516,Broadridge,Wright Wealth Advisors,Steward Partners,5707149,Ken,Wright,wrightk@stewpart.com,(677) 657-6291,"4252 Pine Pl, Ste 1385, Los Angeles, CA, 90025",Los Angeles,CA,90025-6373,391.2
SRA0001517,Broadridge,Sanders Wealth Mgmt Team,Hightower Advisors,2112478,M.,Sanders,msanders@highadvi.com,561-797-2061,"5250 Broadway St, Ste 1339, Las Vegas, NV, 89101",Las Vegas,NV,89101,236.0
SRA0001518,Broadridge,Bennett Financial Advisory Group,Piper Sandler,4524857,Jen,Bennett,jen.bennett@pipesand.net,717-469-9384,"7263 Jefferson Dr, Ste 3627, Hartford, CT, 06101",Hartford,CT,06101,66.2
SRA0001519,Broadridge,Williams Cap Group,Rockefeller Capital Management,2824928,Angela,Williams,williamsa@rockcapi.com,+13843171456,"5468 Pine Ct, Boston, MA, 02134",Boston,MA,02134,
SRA0001520,Broadridge,Thomas Family Welath Grp,Morgan Stanley,3415558,Bob,Thomas,thomasb@morgstan.com,(596) 766-4784,"3669 Lake Ct, Denver, CO, 80201",Denver,CO,80201,126.0
SRA0001521,Broadridge,Hill Family Wealth Group,HighTower,,Maggie,Hill,hillm@high.com,245.630.9041,"5373 Lincoln Ct, Phoenix, AZ, 85001",Phoenix,AZ,85001,254.3
SRA0001522,Broadridge,Foster PW Group,RBC Wealth Management,9167792,M.,Foster,fosterm@rbc.com,(652) 441-2663,"2799 Washington Ave, Ste 1493, Pittsburgh, PA, 15201",Pittsburgh,PA,15201,236.5
SRA0001523,Broadridge,Garcia WP,Stifel Financial,6176924,Steve,Garcia,steve.garcia@stif.net,694-252-2677,,Houston,TX,77001-9924,663.7
SRA0001524,Broadridge,Howard Wealth Mgmt Team,Mesirow Financial,7602571,Ronald,Howard,,746-816-2223,"614 Financial Pl, Cincinnati, OH, 45201",Cincinnati,OH,45201,203.7
SRA0001525,Broadridge,Flores Wealth Management Group,Steward Partners,5479677,Lisa,Flores,lflores@stewpart.com,5656369394,"4783 Lake Way, Denver, CO, 80201",Denver,CO,80201,132.5
SRA0001526,Broadridge,Nguyen Asset Mgmt Grp,Merrill Lynch,8168450,A.,Nguuyen,a..nguuyen@merrlync.net,505-222-2087,"7078 Washington Blvd, Portland, OR, 97201",Portland,OR,97201,112.7
SRA0001527,Broadridge,Murphy Wealth Advs,Hightower Advisors,7141324,Tony,Murphy,amurphy@highadvi.com,663-923-3624,"9854 Cedar Pl, Ste 2185, Dallas, TX, 75201",Dallas,TX,75201,38.6
SRA0001528,Broadridge,Gray Private Client Group,LPL Financial,2488612,Angela,Gray,agray@lpl.com,(539) 772-7034,"4986 Liberty Blvd, Boston, MA, 02101",Boston,MA,02101,2285.8
SRA0001529,Broadridge,Thompson WM Team,Stifel Financial,5266269,Marc,Thompson,mthompson@stif.com,7504538091,"6375 Main Pl, Tampa, FL, 33601",Tampa,FL,3360,671.0
SRA0001530,Broadridge,Roberts Priv Client Group,Rockefeller Capital Management,3964298,Andy,Roberts,aroberts@rockcapi.com,9443256658,"9377 Sunset Ct, Ste 437, Orlando, FL, 32801",Orlando,FL,32801-1406,385.7
SRA0001531,Broadridge,Gonzales Wealth Mgmt Team,HighTower,3710559,P.,Gonzales,pgonzales@high.com,(369) 278-9415,"1541 Madison Ct, Ste 3516, Chicago, IL, 60601",Chicago,IL,60601,89.9
SRA0001532,Broadridge,Gonzalez Asset Mgmt Grp,RBC Wealth Management,9044888,Laura,Gonzalez,lgonzalez@rbc.com,(595) 915-1959,"9680 Lake Ct, Ste 2094, Charlotte, NC, 28201",Charlotte,NC,28201,343.0
SRA0001533,Broadridge,Simmons Capital Group,Dynasty Financial Partners,4164310,J.,Simmons,simmonsj@dynapart.com,6255868412,"7532 Maple Way, Dallas, TX, 75201",Dallas,TX,75201-7484,
SRA0001534,Broadridge,Martinez Fin Advisory Group,Merrill Lynch,1538072,Jay,Martinez,,337.331.3189,"3608 Lake Ct, Ste 3784, Detroit, MI, 48201",Detroit,MI,48201,605.2
SRA0001535,Broadridge,Stewart Adv Group,Oppenheimer & Co,9191008,Kim,Stewart,kstewart@oppe.com,+15668321264,,San Diego,CA,92101,138.5
SRA0001536,Broadridge,Henderson Invest Group,Stifel Financial,,Chuck,Henderson,hendersonc@stif.com,416.451.6741,"1027 Lincoln Ln, Dallas, TX, 75201",Dallas,TX,75201-6597,251.3
SRA0001537,Broadridge,Flores Wealth Solutions Grp,Raymond James,2846226,Jay,Flores,,+17625925035,"8022 Cedar Way, Ste 2424, Los Angeles, CA, 90025",Los Angeles,CA,9002,310.7
SRA0001538,Broadridge,Alexander Private Client Group,Janney Montgomery Scott,3649973,Shelly,Alexander,salexander@jannmontsc.com,(854) 387-8962,"7188 Madison Ln, Milwaukee, WI, 53201",Milwaukee,WI,5320,122.7
SRA0001539,Broadridge,Garcia PW Group,Merrill Lynch,4001454,Karen,Garcia,kgarcia@merrlync.com,960.542.6624,"1042 Washington Ln, New York, NY, 10001",New York,NY,1000,106.2
SRA0001540,Broadridge,Peterson Family Wealth Grp,Piper Sandler,1013314,Sharon,Peterson,sharon.peterson@pipesand.net,507.680.4951,"3825 Pine Ln, Atlanta, GA, 30301",Atlanta,GA,30301,56.8
SRA0001541,Broadridge,Foster WP,UBS Financial Services,4321436,Ed,Foster,fostere@ubs.com,352-566-2520,"1876 Lake Pl, Ste 2011, Minneapolis, MN, 55401",Minneapolis,MN,5540,168.6
SRA0001542,Broadridge,Green Wealth Management Team,LPL Financial,5788467,M.,Green,m..green@lpl.net,449.651.9119,"7135 Jefferson Ave, Ste 312, New York, NY, 10001",New York,NY,10001,174.8
SRA0001543,Broadridge,Mitchell Wealth Management Group,Hightower Advisors,9991137,Mandy,Mitchell,amitchell@highadvi.com,,"5113 Washington Ave, Ste 3943, Houston, TX, 77001",Houston,TX,77001,1175.2
SRA0001544,Broadridge,Robinson Family Wealth Grp,Oppenheimer & Co,1248003,Stevie,Robinson,srobinson@oppe.com,(697) 761-2271,"8992 Lincoln Ave, Ste 2850, San Francisco, CA, 94101",San Francisco,CA,94101-3896,34.8
SRA0001545,Broadridge,Cox Cap Group,Baird,6547696,Nancy,Cox,ncox@bair.com,9796651866,"6661 Liberty Ct, Boston, MA, 02101",Boston,MA,02101,27.6
SRA0001546,Broadridge,Collins Wealth Advisors,Dynasty Financial Partners,7245951,Chuck,Collins,ccollins@dynapart.com,469-383-4214,"201 Madison St, Ste 899, Phoenix, AZ, 85001",Phoenix,AZ,85001,1390.7
SRA0001547,Broadridge,Bailey Wealth Solutions Grp,Oppenheimer & Co,1316533,Danny,Bailey,baileyd@oppe.com,8915343262,,Cleveland,OH,44101,105.7
SRA0001548,Broadridge,Evans Family Wealth Group,Oppenheimer & Co,,Johnny,Evans,johnny.evans@oppe.net,219.297.7583,"6954 Park Dr, Houston, TX, 77001",Houston,TX,77001,156.9
SRA0001549,Broadridge,Taylor Wealth Solutions Group,Raymond James,1626767,Charlie,Taylor,ctaylor@raymjame.com,,"9620 Cedar Blvd, Charlotte, NC, 28201",Charlotte,NC,28201,576.3
SRA0001550,Broadridge,Carter Wealth Advs,Raymond James,1777742,G.,Carter,gcarter@raymjame.com,2773164403,"4195 Commerce Ln, Ste 2458, Houston, TX, 77001",Houston,TX,77001,1527.9
SRA0001551,Broadridge,Robinson Wealth Partners,Edward Jones,7355753,M.,Robinson,robinsonm@edwajone.com,3194193593,"3986 Capital Ln, Ste 3622, Austin, TX, 78701",Austin,TX,78701,156.7
SRA0001552,Broadridge,Torres Fin Adv Group,Baird,5998755,S.,Torres,storres@bair.com,824.653.8015,"82 Elm Ln, Ste 1861, Nashville, TN, 37201",Nashville,TN,37201,369.6
SRA0001553,Broadridge,Rodriguez Fam Wealth Group,Ameriprise Financial,7203072,Steph,Rodriguez,srodriguez@amer.com,,"993 Capital Way, Ste 531, San Francisco, CA, 94101",San Francisco,CA,94101,1355.9
SRA0001554,Broadridge,Mitchell PW Group,RBC Wealth Management,8407668,Mary,Mitchell,mmitchell@rbc.com,+14779837452,"7116 River Dr, Ste 2398, Salt Lake City, UT, 84101",Salt Lake City,UT,84101-3362,188.1
SRA0001555,Broadridge,Lee Wealth Solutions Group,Mesirow Financial,4768255,Dave,Leee,dave.leee@mesi.net,531.477.4481,"4696 Jefferson Ct, Ste 3168, Miami, FL, 33101",Miami,FL,33101,237.7
SRA0001556,Broadridge,Powell Wealth Management Group,Dynasty Financial Partners,7598418,Don,Powell,don.powell@dynapart.net,948-751-3410,"4851 Financial Pl, Ste 1068, Houston, TX, 77001",Houston,TX,77001,56.8
SRA0001557,Broadridge,Alexander Asset Mgmt Group,Steward Partners,9390169,Karen,Alexander,kalexander@stewpart.com,,"8443 Liberty Dr, San Diego, CA, 92101",San Diego,CA,92101,1648.1
SRA0001558,Broadridge,Young Fam Wealth Group,Merrill Lynch,3194438,Johnny,Young,jyoung@merrlync.com,,"2721 Main Ave, Ste 2613, Kansas City, MO, 64101",Kansas City,MO,64101,999.1
SRA0001559,Broadridge,Cook PC Group,Steward Partners,5615386,M.,Cook,m..cook@stewpart.net,7874122930,,Hartford,CT,06101,606.7
SRA0001560,Broadridge,Hill Cap Group,Mesirow Financial,5663582,Carol,Hill,hillc@mesi.com,3479663694,"6367 Hill Rd, St. Louis, MO, 63101",St. Louis,MO,63101,122.6
SRA0001561,Broadridge,Harris Wealth Management Team,HighTower,6042815,Cynthia,Harris,charris@high.com,211-420-7478,"9383 Lake Ct, Boston, MA, 02101",Boston,MA,02101-7336,242.5
SRA0001562,Broadridge,Anderson WA,Edward Jones,5901155,Meg,Anderson,,7806712448,,Orlando,FL,32801,53.2
SRA0001563,Broadridge,Ramirez Private Wealth Group,Baird,3848909,M.,Ramirez,m..ramirez@bair.net,+15589911451,"1862 Madison Dr, Ste 1214, Los Angeles, CA, 90001",Los Angeles,CA,90001,675.1
SRA0001564,Broadridge,Alexander PW Group,UBS Financial Services,5566344,Bob,Alexander,balexander@ubs.com,(478) 420-8802,,Denver,CO,80201-2061,517.9
SRA0001565,Broadridge,Parker Capital Group,Wells Fargo Advisors,5134708,Steph,Parker,sparker@wellfargad.com,,"3287 Lake Ct, Chicago, IL, 60601",Chicago,IL,60601,733.8
SRA0001566,Broadridge,Hill WA,Mesirow Financial,9736811,Tommy,Hill,hillt@mesi.com,768.870.2446,"4741 Pine Ave, Ste 2285, San Francisco, CA, 94101",San Francisco,CA,94101,834.4
SRA0001567,Broadridge,Ross Wealth Part,Stifel Financial,4575673,S.,Ross,rosss@stif.com,+16466879357,"6038 Broadway Way, Ste 1855, Indianapolis, IN, 46201",Indianapolis,IN,46201,405.1
SRA0001568,Broadridge,Martinez Advisory Group,RBC Wealth Management,,Karen,Martinez,kmartinez@rbc.com,,"6209 Maple Ln, Ste 2727, Los Angeles, CA, 90001",Los Angeles,CA,90001,196.0
SRA0001569,Broadridge,Hall Wealth Mgmt Group,Stifel Financial,6561584,Joey,Hall,jhall@stif.com,252.620.8099,"3040 Madison Ave, Ste 1137, Phoenix, AZ, 85001",Phoenix,AZ,85001,674.0
SRA0001570,Broadridge,Perez Fin Adv Group,Baird,2259160,Kev,Perez,perezk@bair.com,202.342.6952,"4637 Broadway Ave, Nashville, TN, 37201",Nashville,TN,37201,424.7
SRA0001571,Broadridge,Jackson Family Wealth Group,Edward Jones,7067065,Sharon,Jackson,sharon.jackson@edwajone.net,(614) 575-1424,"4244 Madison St, Ste 2817, Baltimore, MD, 21201",Baltimore,MD,21201,461.7
SRA0001572,Broadridge,Nguyen Wealth Mgmt Team,Ameriprise Financial,7343013,D.,Nguyen,d..nguyen@amer.net,+17218637897,"2950 Lake St, New York, NY, 10001",New York,NY,10001,703.6
SRA0001573,Broadridge,Wilson Wealth Mgmt Grp,Merrill Lynch,5562452,Jeff,Wilson,jwilson@merrlync.com,,"2222 Commerce Blvd, Ste 1769, San Diego, CA, 92101",San Diego,CA,92101,156.3
SRA0001574,Broadridge,Bailey Wealth Mgmt Team,Wells Farggo Advisors,3348927,M.,Bailey,mbailey@wellfargad.com,434-346-3426,"2966 Elm Ct, Ste 153, San Francisco, CA, 94101",San Francisco,CA,94101,205.7
SRA0001575,Broadridge,Reed Wealth Sol Group,Baird,5985521,P.,Reed,p..reed@bair.net,2322015471,"1512 Oak Ct, Ste 2579, Austin, TX, 78701",Austin,TX,78701,1532.1
SRA0001576,Broadridge,Mitchell PC Group,Wells Fargo Advisors,6822185,Marc,Mitchell,mitchellm@wellfargad.com,+18832306151,"3183 River Pl, Phoenix, AZ, 85001",Phoenix,AZ,85001,14570.5
SRA0001577,Broadridge,Coleman Fin Group,Hihtower Advisors,2974010,Carol,Coleman,colemanc@highadvi.com,854.917.6888,,New York,NY,10001,341.4
SRA0001578,Broadridge,Brown Adv Group,Raymond James,1398117,Don,Brown,dbrown@raymjame.com,(507) 304-5713,"5398 Park Ln, Ste 1463, Chicago, IL, 60601",Chicago,IL,60601,76.0
SRA0001579,Broadridge,Cooper WA,Wells Fargo Advisors,8619074,M.,Cooper,m..cooper@wellfargad.net,(494) 950-3111,"9022 Oak Blvd, Ste 2188, Minneapolis, MN, 55401",Minneapolis,MN,55401,73.8
SRA0001580,Broadridge,Wood Wealth Mgm Group,RBC Wealth Management,6777282,Kathy,Wood,kathy.wood@rbc.net,7097721408,"3725 Lincoln Ct, Ste 572, Denver, CO, 80201",Denver,CO,80201,298.3
SRA0001581,Broadridge,Lewis Private Client Group,HighTower,7752786,Rick,Lewis,rlewis@high.com,(810) 789-1225,"5226 River Ct, Ste 1510, Philadelphia, PA, 19101",Philadelphia,PA,19101,2545.0
SRA0001582,Broadridge,Mitchell Fin Group,Dynasty Financial Partners,,Shelly,Mitchell,shelly.mitchell@dynapart.net,391.789.1010,"6867 Capital Way, Ste 300, New York, NY, 10017",New York,NY,10017,79.2
SRA0001583,Broadridge,Martin Financial Group,Hightower Advisors,7518070,B.,Martin,bmartin@highadvi.com,539.630.8531,"3942 Park Pl, New York, NY, 10001",New York,NY,10001,57.0
SRA0001584,Broadridge,Garcia Capital Group,UBS Financial Services,8451757,Jeff,Garcia,jgarcia@ubs.com,624-295-4648,"6853 Commerce Ave, Ste 3781, Boston, MA, 02134",Boston,MA,02134,895.5
SRA0001585,Broadridge,Moore Priv Wealth Group,Janney Montgomery Scott,7685188,Mike,Moore,mmoore@jannmontsc.com,8308283633,"6518 Hill Ln, Ste 3269, Columbus, OH, 43201",Columbus,OH,43201,195.0
SRA0001586,Broadridge,White Asset Mgmt Group,Baird,5730909,Becky,White,becky.white@bair.net,891-388-4938,"2308 Lake Blvd, Ste 2198, Richmond, VA, 23220",Richmond,VA,2322,945.7
SRA0001587,Broadridge,Jones Wealth Mgmt Team,Ameriprise Financial,6737942,Carol,Jones,jonesc@amer.com,(452) 607-2769,"5368 Commerce Rd, Ste 1254, Boston, MA, 02101",Boston,MA,02101,123.1
SRA0001588,Broadridge,Brown Financial Advisory Group,Piper Sandler,7355605,Kathy,Brown,kathy.brown@pipesand.net,2153665547,"2696 Sunset Pl, Ste 3224, Memphis, TN, 38101",Memphis,TN,38101,1508.6
SRA0001589,Broadridge,Perry Fin Group,Raymond James,4728587,M.,Perry,perrym@raymjame.com,+12845299811,"2283 Market Way, Ste 1244, Louisville, KY, 40201",Louisville,KY,40201,217.3
SRA0001590,Broadridge,Moore Capital Group,HighTower,2520785,Cynthia,Moore,cmoore@high.com,6533612625,"7953 Hill Blvd, Atlanta, GA, 30301",Atlanta,GA,30301,506.9
SRA0001591,Broadridge,Hill Capital Group,UBS Financial Services,3000237,Johnny,Hill,hillj@ubs.com,+15679004944,"9673 Elm Way, Ste 959, Richmond, VA, 23220",Richmond,VA,23220,485.2
SRA0001592,Broadridge,Smith Priv Wealth Group,Piper Sandler,1553932,Steph,Smith,ssmith@pipesand.com,4203244778,"9608 Elm Ct, Ste 2277, Pittsburgh, PA, 15201",Pittsburgh,PA,15201,182.5
SRA0001593,Broadridge,White Wealth Management Group,Raymond James,5015786,Jim,White,jwhite@raymjame.com,8584494467,"6123 Capital Dr, Ste 2095, Houston, TX, 77001",Houston,TX,77001,218.7
SRA0001594,Broadridge,Davis Wealth Mgmt Grp,Merrill Lynch,6730956,Karen,Davis,kdavis@merrlync.com,6403017173,"2396 Elm Rd, Ste 3040, Atlanta, GA, 30301",Atlanta,GA,30301-8193,182.9
SRA0001595,Broadridge,Murphy Adv Group,UBS Financial Services,8541309,Ashley,Murphy,amurphy@ubs.com,7938363336,"3718 Main Ln, Pittsburgh, PA, 15201",Pittsburgh,PA,15201,646.4
SRA0001596,Broadridge,Ramirez Private Client Group,Raymond James,7460415,K.,Ramirez,k..ramirez@raymjame.net,8668428679,"7627 Commerce Ave, Ste 1643, Chicago, IL, 60614",Chicago,IL,60614,211.8
SRA0001597,Broadridge,Foster Wealth Sol Group,Stifel Financial,,J.,Foster,fosterj@stif.com,975.561.4208,"1711 Pine Pl, Las Vegas, NV, 89101",Las Vegas,NV,89101,1840.7
SRA0001598,Broadridge,Butler Wealth Part,Oppennheimer & Co,3966130,Timmy,Butler,butlert@oppe.com,(874) 682-7849,"1097 Cedar St, Pittsburgh, PA, 15201",Pittsburgh,PA,15201,302.8
SRA0001599,Broadridge,Lopez Fam Wealth Group,Baird,2004520,Sue,Lopez,slopez@bair.com,359.335.5028,"1135 Maple Way, Ste 2340, San Diego, CA, 92101",San Diego,CA,92101,81.4
SRA0001600,Broadridge,Roberts WA,RockefellerC apital Management,6625394,Jon,Roberts,jroberts@rockcapi.com,+14513383476,"3251 Broadway Ave, Ste 2499, Seattle, WA, 98101",Seattle,WA,98101,42.5
SRA0001601,Broadridge,Moore Wealth Solutions Group,Piper Sandler,9354721,Will,Moore,wmoore@pipesand.com,,"2495 Capital Ln, Ste 264, Columbus, OH, 43201",Columbus,OH,43201,140.4
SRA0001602,Broadridge,Carter Financial Group,Piper Sandler,9982062,S.,Carter,scarter@pipesand.com,930.464.2692,"8043 Commerce Dr, Boston, MA, 02101",Boston,MA,02101-5839,1819.0
SRA0001603,Broadridge,Baker Wealth Mgmt Team,Dynasty Financial Partners,9787786,Timmy,Baker,timmy.baker@dynapart.net,(342) 242-2544,"1612 Lake St, Seattle, WA, 98101",Seattle,WA,98101,170.7
SRA0001604,Broadridge,Flores Cap Group,Oppenheimer & Co,4696506,Chris,Flores,floresc@oppe.com,(577) 265-3367,"7993 Elm Ln, Ste 1514, Atlanta, GA, 30301",Atlanta,GA,30301,25.7
SRA0001605,Broadridge,Young Wealth Solutions Group,Rockefeller Capital Management,6268303,Angela,Young,angela.young@rockcapi.net,(969) 595-8688,"6730 Lake Ct, Ste 1302, Detroit, MI, 48201",Detroit,MI,48201,648.0
SRA0001606,Broadridge,Lee Invest Group,Edward Jones,7824904,J.,Lee,jlee@edwajone.com,,"96 Jefferson Blvd, Tampa, FL, 33601",Tampa,FL,33601,290.1
SRA0001607,Broadridge,Roberts Wealth Partners,Steward Partners,1909939,Ken,Roberts,kroberts@stewpart.com,6319843070,"7329 Jefferson Pl, Ste 3969, Boston, MA, 02134",Boston,MA,02134-1534,184.2
SRA0001608,Broadridge,Green Fin Group,Merrill Lynch,,Emily,Green,egreen@merrlync.com,3412743146,"9430 Maple Ln, Ste 3305, Salt Lake City, UT, 84101",Salt Lake City,UT,84101,287.6
SRA0001609,Broadridge,Smith Fin Adv Group,Edward Jones,9278343,Laura,Smith,smithl@edwajone.com,672.763.1102,"4701 Sunset Pl, Minneapolis, MN, 55401",Minneapolis,MN,55401-3257,98.4
SRA0001610,Broadridge,Moore Wealth Mgmt Team,Janney Montgomery Scott,9886887,S.,Mooree,moorees@jannmontsc.com,337.295.5794,"7419 Commerce Blvd, Los Angeles, CA, 90025",Los Angeles,CA,90025,104.4
SRA0001611,Broadridge,Lewis Wealth Solutions Grp,Raymond James,3320595,Nancy,Lewis,nlewis@raymjame.com,,,Miami,FL,33101,
SRA0001612,Broadridge,Allen Private Wealth Group,Steward Partners,8094406,Eddie,Allen,eallen@stewpart.com,,"376 Market Blvd, Seattle, WA, 98101",Seattle,WA,98101,265.3
SRA0001613,Broadridge,Evans Private Client Group,Rockefeller Capital Management,5247900,Karen,Evans,kevans@rockcapi.com,8214928124,"9821 Cedar St, Ste 1617, Seattle, WA, 98101",Seattle,WA,9810,45.0
SRA0001614,Broadridge,Ramirez Wealth Mgmt Team,Morgan Stanley,5388097,P.,Ramirez,pramirez@morgstan.com,836-578-2533,"9240 Washington Rd, Ste 2775, Boston, MA, 02134",Boston,MA,02134,1121.9
SRA0001615,Broadridge,Wilson Investment Group,Baird,9901929,Will,Wilson,wwilson@bair.com,+19329071983,"8862 Oak Dr, Dallas, TX, 75201",Dallas,TX,75201,28.4
SRA0001616,Broadridge,Henderson Invest Group,Morgan Stanley,2143161,J.,Henderson,j..henderson@morgstan.net,(262) 488-2006,"4456 Park Ave, Ste 1676, Cincinnati, OH, 45201",Cincinnati,OH,45201,338.9
SRA0001617,Broadridge,Martinez Wealth Solutions Grp,LPL Financial,5604346,K.,Martinez,k..martinez@lpl.net,727.861.4559,"7821 Hill Pl, Ste 2171, Miami, FL, 33101",Miami,FL,33101,43.8
SRA0001618,Broadridge,Garcia Wealth Advisors,HighTower,7766517,M.,Garcia,mgarcia@high.com,+17285257249,"4618 Lincoln Ave, Ste 3440, Houston, TX, 77001",Houston,TX,77001,189.1
SRA0001619,Broadridge,Wilson Adv Group,Janney Montgomery Scott,9679845,Dave,Wilson,dave.wilson@jannmontsc.net,632-315-2395,"9319 Financial Pl, Portland, OR, 97201",Portland,OR,97201,59.8
SRA0001620,Broadridge,Rivera Priv Client Group,Dynasty Financial Partners,,J.,Rivera,jrivera@dynapart.com,,"5454 Commerce Dr, Ste 1146, Miami, FL, 33101",Miami,FL,33101,329.5
SRA0001621,Broadridge,Ward Financial Group,UBS Financial Services,6488650,Betty,Ward,wardb@ubs.com,+16509223456,"8937 Sunset Dr, Ste 1080, Portland, OR, 97201",Portland,OR,97201,367.4
SRA0001622,Broadridge,Jenkins Asset Mgmt Group,Dynasty Financial Partners,3382805,Sarah,Jenkins,sarah.jenkins@dynapart.net,2966798896,"5492 Commerce St, Ste 1452, Minneapolis, MN, 55401",Minneapolis,MN,5540,468.2
SRA0001623,Broadridge,Wright Cap Grp,Oppenheimer & Co,,Mel,Wright,mwright@oppe.com,2049954316,"106 Cedar Ct, Ste 745, Louisville, KY, 40201",Louisville,KY,40201,656.0
SRA0001624,Broadridge,Ward Wealth Solutions Grp,Mesirow Financial,9978677,Mandy,Ward,wardm@mesi.com,(777) 683-3049,"131 Liberty Pl, New York, NY, 10001",New York,NY,10001,1182.9
SRA0001625,Broadridge,Butler Family Wealth Grp,Edward Jones,,Susie,Butler,butlers@edwajone.com,+13239789212,"4793 Cedar Rd, Ste 3100, Kansas City, MO, 64101",Kansas City,MO,64101,35.8
SRA0001626,Broadridge,Bailey PW Group,Piper Sandler,2031438,Betty,Bailey,bbailey@pipesand.com,+12086532358,"2400 Pine St, Louisville, KY, 40201",Louisville,KY,40201-3423,
SRA0001627,Broadridge,Thomas Fin Grp,Dynasty Financial Partners,7311558,Kate,Thomas,kthomas@dynapart.com,,"5733 Madison Way, Houston, TX, 77001",Houston,TX,77001,1390.3
SRA0001628,Broadridge,Garcia Fin Grp,HighTower,5462978,Drew,Garcia,drew.garcia@high.net,2162177007,,Austin,TX,7870,376.8
SRA0001629,Broadridge,Butler Private Wealth Group,Janney Montgomery Scott,4360321,S.,Butler,s..butler@jannmontsc.net,911.386.3083,"1446 Financial Ave, Milwaukee, WI, 53201",Milwaukee,WI,53201-5998,137.8
SRA0001630,Broadridge,Washington Fam Wealth Group,Merrill Lynch,5081001,Lisa,Washington,lwashington@merrlync.com,631-251-2868,"5482 Broadway Ave, Ste 3969, Tampa, FL, 33601",Tampa,FL,33601,153.9
SRA0001631,Broadridge,Bryant Wealth Mgmt Group,Wells Fargo Advisors,3539937,Bob,Bryant,bob.bryant@wellfargad.net,+16292091503,"8257 Oak Blvd, Ste 2395, Detroit, MI, 48201",Detroit,MI,48201,70.3
SRA0001632,Broadridge,Clark Wealth Solutions Grp,Ameriprise Financial,4410943,Dot,Clark,dclark@amer.com,+14255265735,"8317 Market Dr, Ste 3763, Cleveland, OH, 44101",Cleveland,OH,44101,32.7
SRA0001633,Broadridge,White Invest Grp,Wells Fargo Advisors,2531586,Karen,White,whitek@wellfargad.com,+14585934972,"8280 Jefferson Way, Kansas City, MO, 64101",Kansas City,MO,64101,66.2
SRA0001634,Broadridge,Martin Priv Wealth Group,Merrill Lynch,7839536,Mandy,Martin,mmartin@merrlync.com,+16335733396,"8495 Cedar Ln, Ste 1464, Indianapolis, IN, 46201",Indianapolis,IN,46201,104.6
SRA0001635,Broadridge,Sanders PC Group,Edward Jones,,S.,Sanders,s..sanders@edwajone.net,2022401563,"2315 Main Ct, Ste 303, Boston, MA, 02101",Boston,MA,02101,30.9
SRA0001636,Broadridge,Powell Asset Mgmt Group,Piper Sandler,6669364,J.,Powell,jpowell@pipesand.com,4864133346,"8119 Maple Way, St. Louis, MO, 63101",St. Louis,MO,63101,297.6
SRA0001637,Broadridge,Davis Private Wealth Group,LPL Financial,4641837,Kim,Davis,kdavis@lpl.com,590.812.4289,"211 Pine St, Ste 254, San Diego, CA, 92101",San Diego,CA,92101,292.5
SRA0001638,Broadridge,Cox Fin Grp,HighTower,1059584,Mike,Cox,mike.cox@high.net,5177441734,,Chicago,IL,60601,57.7
SRA0001639,Broadridge,Nelson Fin Group,Steward Partners,1848463,Will,NNelson,wnelson@stewpart.com,,"809 Lake Dr, Milwaukee, WI, 53201",Milwaukee,WI,53201,159.3
SRA0001640,Broadridge,Morris Asset Mgmt Grp,Ameriprise Financial,6829790,Josh,Morris,josh.morris@amer.net,935-425-2206,"1447 Oak Rd, New York, NY, 10001",New York,NY,1000,2379.8
SRA0001641,Broadridge,Gonzales Wealth Mgmt Grp,RBC Wealth Management,9453001,Sandy,Gonzales,gonzaless@rbc.com,497-342-2550,"9138 Financial Ave, Indianapolis, IN, 46201",Indianapolis,IN,46201,1038.8
SRA0001642,Broadridge,Collins Private Wealth Group,HighTower,6972324,Meg,Collins,mcollins@high.com,863.229.2701,"6645 Broadway Way, Ste 3650, San Diego, CA, 92101",San Diego,CA,92101,116.6
SRA0001643,Broadridge,Murphy Cap Grp,Rockefeller Capital Management,7864683,Jenny,Murphy,murphyj@rockcapi.com,4416429925,"8618 Sunset St, Ste 2781, Austin, TX, 78701",Austin,TX,78701-5488,25.5
SRA0001644,Broadridge,Henderson Family Wealth Grp,Edward Jones,,Sharon,Henderson,shenderson@edwajone.com,+13886358082,"7127 Lincoln Ct, Atlanta, GA, 30301",Atlanta,GA,30301,108.8
SRA0001645,Broadridge,Ramirez Fam Wealth Group,LPL Financial,6450324,Jimmy,Ramirez,jramirez@lpl.com,373.391.9810,"9982 Main Pl, Ste 2490, Chicago, IL, 60614",Chicago,IL,60614,7563.3
SRA0001646,Broadridge,Nguyen Adv Group,Merrill Lynch,1413335,Ed,Nguyen,,(524) 230-2186,"4767 Maple Pl, Ste 3979, Hartford, CT, 06101",Hartford,CT,06101,67.9
SRA0001647,Broadridge,Cook Financial Group,Steward Partners,2173918,Kev,Cook,kcook@stewpart.com,342.804.6775,"6496 Sunset Ave, Ste 1907, Memphis, TN, 38101",Memphis,TN,38101-3076,965.8
SRA0001648,Broadridge,Bell Wealth Advisors,Janney Montgomery Scott,4907657,Deborah,Bell,dbell@jannmontsc.com,8572173314,"9661 Washington St, Ste 3094, Los Angeles, CA, 90025",Los Angeles,CA,90025,432.5
SRA0001649,Broadridge,Clark WWA,Wells Fargo Advisors,3821058,Karen,Clark,kclark@wellfargad.com,+12422139167,"3205 Main Blvd, Orlando, FL, 32801",Orlando,FL,3280,281.5
SRA0001650,Broadridge,Roberts Fin Adv Group,Oppenheimer & Co,5836541,Laura,Roberts,lroberts@oppe.com,+12259146351,"8108 Pine Ln, Ste 3974, Memphis, TN, 38101",Memphis,TN,38101,107.7
SRA0001651,Broadridge,Turner Investment Group,Rockefeller Capital Management,9270275,G.,Turner,turnerg@rockcapi.com,(413) 570-5979,"4148 Sunset Dr, Ste 3067, Orlando, FL, 32801",Orlando,FL,32801-6186,341.2
SRA0001652,Broadridge,Carter Adv Grp,Oppenheimer & Co,5490723,P.,Carter,pcarter@oppe.com,+17184035860,"9201 Park Rd, Pittsburgh, PA, 15201",Pittsburgh,PA,15201,841.9
SRA0001653,Broadridge,Lee Wealth Solutions Group,Oppenheimer & Co,8284274,Nancy,Lee,nlee@oppe.com,(601) 506-9480,"5132 Park Blvd, Ste 2815, Seattle, WA, 98101",Seattle,WA,98101,126.8
SRA0001654,Broadridge,Campbell Fam Wealth Group,Hightower Advisors,3668719,Mary,Campbell,mcampbell@highadvi.com,8666184578,"4126 Hill Dr, Columbus, OH, 43201",Columbus,OH,43201,571.8
SRA0001655,Broadridge,Hughes Wealth Solutions Group,Baird,1398948,Karen,Hughes,karen.hughes@bair.net,,"5229 Oak Rd, Pittsburgh, PA, 15201",Pittsburgh,PA,15201,138.5
SRA0001656,Broadridge,Thompson Invest Group,Steward Partners,1857930,Karen,Thompson,kthompson@stewpart.com,668-401-5593,"2822 Capital Dr, Ste 2954, Baltimore, MD, 21201",Baltimore,MD,21201-7549,702.5
SRA0001657,Broadridge,Robinson Fin Adv Group,Rockefeller Capital Management,6794172,J.,Robison,j..robison@rockcapi.net,(882) 843-1078,"3960 Commerce St, Ste 664, Charlotte, NC, 28201",Charlotte,NC,28201,1802.5
SRA0001658,Broadridge,Hall Wealth Part,Wells FFargo Advisors,6031442,Susie,Hall,susie.hall@wellfargad.net,+15512234030,"9214 Maple Ln, Ste 1029, Boston, MA, 02101",Boston,MA,02101,126.0
SRA0001659,Broadridge,Morgan Investment Group,HighTower,9245512,Tommy,Morgan,tmorgan@high.com,835.976.6416,"3082 Pine Ave, Ste 1078, Denver, CO, 80201",Denver,CO,80201-5747,48.9
SRA0001660,Broadridge,Murphy Adv Group,RBC Wealth Management,6873658,G.,Murphy,g..murphy@rbc.net,5564996606,"1315 Lake Way, Hartford, CT, 06101",Hartford,CT,06101,1809.9
SRA0001661,Broadridge,Ross Fin Grp,UBS Financial Services,6107595,M.,Ross,rossm@ubs.com,552-566-6122,"3604 Lincoln St, St. Louis, MO, 63101",St. Louis,MO,63101,734.3
SRA0001662,Broadridge,Reed Adv Group,Edward Jones,8644161,Tommy,Reed,reedt@edwajone.com,404.453.8246,,San Diego,CA,92101,531.8
SRA0001663,Broadridge,Lopez Wealth Solutions Grp,Baird,3798207,S.,Lopez,slopez@bair.com,9796355216,"1664 Elm Way, Ste 1154, Tampa, FL, 33601",Tampa,FL,3360,1487.0
SRA0001664,Broadridge,Cooper Cap Grp,Mesirow Financial,1993391,Joe,Cooper,jcooper@mesi.com,+16347844834,"1374 Capital Way, Ste 3336, New York, NY, 10001",New York,NY,10001,149.6
SRA0001665,Broadridge,Long Family Wealth Grp,Oppenheimer & Co,3906541,Cynthia,Long,clong@oppe.com,9784205594,"3755 Market Ct, Ste 257, Houston, TX, 77001",Houston,TX,77001,25.7
SRA0001666,Broadridge,Hall Wealth Advisors,UBS Financial Services,5064978,Jenny,Hall,jenny.hall@ubs.net,610-504-7000,,Boston,MA,02134-4803,671.0
SRA0001667,Broadridge,Young Financial Advisory Group,Ameriprise Financial,7225780,Rich,Young,youngr@amer.com,652.587.8644,,Tampa,FL,33601,372.7
SRA0001668,Broadridge,Brown Wealth Advisors,Stifel Financial,4407843,Sarah,Brown,browns@stif.com,862-506-5075,"7142 Capital Rd, Ste 3358, Miami, FL, 33101",Miami,FL,33101,721.4
SRA0001669,Broadridge,Jones Wealth Advisors,Edward Jones,2991494,Sharon,Jones,,,"5255 Main Way, Ste 2494, Kansas City, MO, 64101",Kansas City,MO,64101,97.9
SRA0001670,Broadridge,Miller Family Wealth Grp,Hightower Advisors,3610866,Emily,Miller,millere@highadvi.com,+13603005033,"6506 Financial Ave, Milwaukee, WI, 53201",Milwaukee,WI,53201,44.0
SRA0001671,Broadridge,Long Ca pGrp,Mesirow Financial,9620884,Tony,Long,longt@mesi.com,(898) 662-8984,"17 Lincoln Ln, Ste 2536, Dallas, TX, 75201",Dallas,TX,75201,305.0
SRA0001672,Broadridge,Foster WP,UBS Financial Services,5266371,Deborah,Foster,dfoster@ubs.com,4805251837,"170 Elm St, Ste 2746, Los Angeles, CA, 90025",Los Angeles,CA,90025,78.9
SRA0001673,Broadridge,Richardson Adv Grp,RBC Wealth Management,6195544,Emily,Richardson,erichardson@rbc.com,+18535541905,"2787 Capital Rd, Ste 1953, Hartford, CT, 06101",Hartford,CT,06101,34.0
SRA0001674,Broadridge,Walker Investment Group,MMorgan Stanley,4451332,Mick,Walker,mwalker@morgstan.com,479-617-8524,"5702 Hill Ave, Ste 3063, Louisville, KY, 40201",Louisville,KY,40201,47.7
SRA0001675,Broadridge,Gonzalez Invest Group,Steward Partners,1049023,Mick,Gonzalez,mgonzalez@stewpart.com,300-440-9772,"8961 Elm Rd, Boston, MA, 02134",Boston,MA,02134,384.4
SRA0001676,Broadridge,Peterson Wealth Advs,LPL Financial,7896688,Rob,Petersn,rpeterson@lpl.com,4276251148,"3893 Commerce Ave, Orlando, FL, 32801",Orlando,FL,32801,34.1
SRA0001677,Broadridge,Gonzales Fin Group,Piper Sandler,9561089,Donnie,Gonzales,dgonzales@pipesand.com,806-923-6017,"7965 Jefferson Pl, Ste 275, Baltimore, MD, 21201",Baltimore,MD,21201,171.9
SRA0001678,Broadridge,Taylor Invest Group,UBS Financial Services,8663027,B.,Taylor,b..taylor@ubs.net,316.644.4955,"4408 Commerce Rd, Los Angeles, CA, 90025",Los Angeles,CA,90025,3459.0
SRA0001679,Broadridge,Jenkins Wealth Solutions Group,Steward Partners,4024988,Shelly,Jenkins,jenkinss@stewpart.com,+14216691105,"8669 Sunset Ave, Houston, TX, 77001",Houston,TX,77001,148.4
SRA0001680,Broadridge,Hernandez Investment Group,HighTower,8929095,Donna,Hernandez,,345.831.7478,"5639 River Way, Tampa, FL, 33601",Tampa,FL,33601,222.3
SRA0001681,Broadridge,Morris Fam Wealth Group,Oppenheimer & Co,8368398,Danny,Morris,morrisd@oppe.com,656.951.2905,,Phoenix,AZ,85001-5876,711.8
SRA0001682,Broadridge,Kelly Cap Grp,Janney Montgomery Scott,7403574,Donnie,Kelly,,651.756.4584,"414 Sunset Rd, Ste 1979, Boston, MA, 02101",Boston,MA,02101,225.5
SRA0001683,Broadridge,Ward Family Wealth Group,Hightower Advisors,3782891,Matt,Ward,mward@highadvi.com,+19463434562,"4730 Madison Ave, Ste 3325, Los Angeles, CA, 90001",Los Angeles,CA,90001,30.8
SRA0001684,Broadridge,Carter Family Wealth Grp,Edward Jones,2853043,Sharon,Carter,scarter@edwajone.com,(273) 668-7817,,Seattle,WA,98101,256.0
SRA0001685,Broadridge,White Advisory Group,Stifel Financial,7656899,Geo,White,geo.white@stif.net,744-954-7905,"3395 Jefferson Ln, Ste 3547, Dallas, TX, 75201",Dallas,TX,75201,237.3
SRA0001686,Broadridge,Green Advisory Group,Piper Sandler,1366539,Ed,Green,ed.green@pipesand.net,+14215864790,"49 Main Ln, Ste 2092, Salt Lake City, UT, 84101",Salt Lake City,UT,84101-3675,66.2
SRA0001687,Broadridge,Coleman Cap Group,RBC Wealth Management,6780009,Cynthia,Coleman,ccoleman@rbc.com,7903853375,"9730 Maple Blvd, Ste 336, Chicago, IL, 60614",Chicago,IL,60614,223.7
SRA0001688,Broadridge,Price Invest Grp,RBC Wealth Management,3435279,Kev,Price,kev.price@rbc.net,792-296-2342,"8901 Lincoln Blvd, Ste 742, Los Angeles, CA, 90001",Los Angeles,CA,90001,322.8
SRA0001689,Broadridge,Thomas Priv Wealth Group,Hightower Advisors,2916171,Mary,Thomas,mary.thomas@highadvi.net,(657) 913-7561,"876 Broadway Rd, Chicago, IL, 60614",Chicago,IL,60614,211.6
SRA0001690,Broadridge,Foster Wealth Advisors,Hightower Advisors,8529542,Lisa,Foster,lisa.foster@highadvi.net,839.814.1931,"5173 Elm Blvd, Ste 608, Memphis, TN, 38101",Memphis,TN,38101,94.7
SRA0001691,Broadridge,Ward Asset Mgmt Group,Oppenheimer & Co,6971785,P.,Ward,p..ward@oppe.net,729-955-2555,"9059 Capital Ct, San Diego, CA, 92101",San Diego,CA,92101,295.7
SRA0001692,Broadridge,Martinez Priv Wealth Group,Rockefeller Capital Management,7844007,Jay,Martinez,jmartinez@rockcapi.com,(404) 296-3755,"9772 Lincoln Rd, San Diego, CA, 92101",San Diego,CA,92101,322.8
SRA0001693,Broadridge,Thompson Wealth Mgmt Team,Oppenheimer & Co,6118532,M.,Thompson,mthompson@oppe.com,823-620-4570,"7996 Commerce Ct, Ste 2450, Louisville, KY, 40201",Louisville,KY,40201,169.7
SRA0001694,Broadridge,Hughes WA,Dynasty Financial Partners,1794588,Linda,Hughes,hughesl@dynapart.com,(316) 981-4394,"213 Broadway Ave, Ste 2122, Detroit, MI, 48201",Detroit,MI,48201-7093,23.4
SRA0001695,Broadridge,Patterson WM Team,Edward Jones,4262664,Matt,Patterson,matt.patterson@edwajone.net,,"1260 Broadway Ct, Ste 2469, Denver, CO, 80201",Denver,CO,80201,145.4
SRA0001696,Broadridge,Garcia PC Group,Stifel Financial,6993780,Donna,Garcia,donna.garcia@stif.net,967.502.7087,"8453 River Ct, Ste 2946, Phoenix, AZ, 85001",Phoenix,AZ,85001,118.4
SRA0001697,Broadridge,Walker Financial Group,HighTower,9083750,Laura,Walker,lwalker@high.com,485-950-4568,"9892 Liberty Blvd, Ste 1419, Boston, MA, 02134",Boston,MA,02134,278.5
SRA0001698,Broadridge,Stewart Wealth Management Team,Ameriprise Financial,5262432,Rick,Stewart,rstewart@amer.com,+17056313940,"1742 Elm Dr, Ste 252, St. Louis, MO, 63101",St. Louis,MO,63101,26.0
SRA0001699,Broadridge,Ward PW Group,Piper Sandler,5332011,Ashley,Ward,award@pipesand.com,(300) 412-5123,"5216 Park Ave, Ste 991, Pittsburgh, PA, 15201",Pittsburgh,PA,15201,95.8
SRA0001700,Broadridge,Young Asset Management Group,Merrill Lynch,6665244,Karen,Young,karen.young@merrlync.net,8362478022,"5012 Sunset Ct, Ste 2678, Louisville, KY, 40201",Louisville,KY,40201-1656,55.0
SRA0001701,Broadridge,Foster Adv Grp,Morgan Stanley,8732656,Cynthia,Foster,cynthia.foster@morgstan.net,695-851-4083,"5385 Liberty Ave, Ste 2181, Houston, TX, 77001",Houston,TX,77001,724.5
SRA0001702,Broadridge,Clark Fin Grp,LPL Financial,9023184,Will,Clark,wclark@lpl.com,+19093392982,"7846 Park Ln, Miami, FL, 33101",Miami,FL,33101,875.0
SRA0001703,Broadridge,Taylor WA,Edwward Jones,2578024,J.,Taylor,jtaylor@edwajone.com,,"3761 Oak Way, Charlotte, NC, 28201",Charlotte,NC,28201,140.8
SRA0001704,Broadridge,Foster Capital Group,RBC Wealth Management,,Dan,Foster,dfoster@rbc.com,864-517-5754,"4399 Elm Ln, Nashville, TN, 37201",Nashville,TN,37201,349.8
SRA0001705,Broadridge,Wright Wealth Advs,Raymond James,5689409,Becky,Wright,becky.wright@raymjame.net,450-972-7026,,San Francisco,CA,94101,171.5
SRA0001706,Broadridge,Powell Cap Group,Hightower Advisors,,Joey,Powell,jpowell@highadvi.com,+13055169109,"5760 Washington Ct, Cleveland, OH, 44101",Cleveland,OH,44101,98.8
SRA0001707,Broadridge,Harris Wealth Mgmt Group,Mesirow Financial,3252091,Laura,Harris,lharris@mesi.com,,"915 Market Blvd, Ste 411, Nashville, TN, 37201",Nashville,TN,37201,387.8
SRA0001708,Broadridge,Coleman Wealth Part,LPL Financial,3943200,Johnny,Coleman,jcoleman@lpl.com,2368493859,"3963 Broadway Way, St. Louis, MO, 63101",St. Louis,MO,63101,148.4
SRA0001709,Broadridge,Perry Fin Group,Oppenheimer & Co,6821259,Sarah,Perry,perrys@oppe.com,4394379802,"6287 Pine Ln, Ste 367, San Francisco, CA, 94101",San Francisco,CA,94101,154.6
SRA0001710,Broadridge,Alexander Fin Grp,LPL Financial,6126173,Shelly,Alexander,salexander@lpl.com,3294873437,"4818 Main Way, Ste 827, Milwaukee, WI, 53201",Milwaukee,WI,53201,458.0
SRA0001711,Broadridge,Harris Cap Group,Ameriprise Financial,6031620,Emily,Harris,harrise@amer.com,8907299827,"9905 Park Dr, Ste 2035, Miami, FL, 33101",Miami,FL,33101,33.1
SRA0001712,Broadridge,Gonzales Cap Grp,Hightower Advisors,8292346,Rich,Gonzales,rich.gonzales@highadvi.net,5704943879,"4658 Park Ct, Ste 3965, Milwaukee, WI, 53201",Milwaukee,WI,53201,256.8
SRA0001713,Broadridge,Moore Wealth Partners,Steward Partners,8545834,Amy,Moore,amy.moore@stewpart.net,4754096570,"356 Financial Rd, Ste 3209, New York, NY, 10017",New York,NY,10017,352.8
SRA0001714,Broadridge,Richardson Wealth Part,HighTower,5173142,Nancy,Richardson,richardsonn@high.com,782-637-7913,"4643 River Dr, Ste 493, Kansas City, MO, 64101",Kansas City,MO,64101,892.2
SRA0001715,Broadridge,Nelson Investment Group,Morgan Stanley,9775049,Ronald,Nelson,ronald.nelson@morgstan.net,4062041616,"9698 Financial Rd, Ste 2354, Dallas, TX, 75201",Dallas,TX,75201,33.0
SRA0001716,Broadridge,Morris Invest Group,LPL Financial,9662828,Amy,Morris,amorris@lpl.com,+16446408372,"9651 Commerce Ln, Ste 1773, Milwaukee, WI, 53201",Milwaukee,WI,53201,81.6
SRA0001717,Broadridge,Flores Wealth Solutions Group,Merrill Lynch,1863863,R.,Flores,,287.467.8214,"1345 Pine St, Salt Lake City, UT, 84101",Salt Lake City,UT,84101,56.6
SRA0001718,Broadridge,Cox Asset Mgmt Grp,Ameriprise Financial,7014574,A.,Cox,a..cox@amer.net,6286426337,"1 Liberty Rd, Ste 3081, Houston, TX, 77001",Houston,TX,7700,116.5
SRA0001719,Broadridge,Williams Capital Group,Wells Fargo Advisors,5374817,Jay,Williams,williamsj@wellfargad.com,776-940-3960,"3350 Hill Dr, Minneapolis, MN, 55401",Minneapolis,MN,55401,843.5
SRA0001720,Broadridge,Robinson Wealth Partners,Rockefeller Capital Management,3276910,Shelly,Robinson,robinsons@rockcapi.com,929-967-5330,"2916 Commerce Way, Ste 3505, Los Angeles, CA, 90001",Los Angeles,CA,90001,23.1
SRA0001721,Broadridge,Perez Asset Mgmt Grp,Baird,3181928,Sarah,Perez,sperez@bair.com,538-257-4943,"8830 River Pl, Ste 806, Dallas, TX, 75201",Dallas,TX,75201,212.6
SRA0001722,Broadridge,Hill Asset Mgmt Grp,Hightower Advisors,7900000,Becca,Hill,rhill@highadvi.com,9789745085,,Cincinnati,OH,45201,339.7
SRA0001723,Broadridge,Gray WA,Morgan Stanley,1317849,Becca,Gray,rgray@morgstan.com,,"1302 Cedar Pl, Ste 1645, Miami, FL, 33101",Miami,FL,33101-8945,144.1
SRA0001724,Broadridge,Hernandez Wealth Advisors,HighTower,5931593,K.,Hernandez,hernandezk@high.com,+18587157043,"2416 Broadway Pl, Ste 1640, New York, NY, 10001",New York,NY,10001,702.0
SRA0001725,Broadridge,Ramirez WP,Piper Sandler,8087736,Mick,Ramirez,ramirezm@pipesand.com,420.459.5981,"4609 Washington Ln, Ste 3298, Boston, MA, 02134",Boston,MA,02134,533.6
SRA0001726,Broadridge,Bryant Private Wealth Group,RBC Wealth Management,2206941,Eddie,Bryant,eddie.bryant@rbc.net,8903544214,"3643 Sunset Pl, Richmond, VA, 23220",Richmond,VA,23220,307.2
SRA0001727,Broadridge,Butler Fam Wealth Group,Morgan Stanley,6994969,Mary,Butler,mary.butler@morgstan.net,+16726728012,"2836 Jefferson Blvd, Ste 3963, Dallas, TX, 75201",Dallas,TX,75201,557.8
SRA0001728,Broadridge,Howard Priv Client Group,Baird,9193739,J.,Howard,howardj@bair.com,(707) 471-9123,"6134 Capital Ln, Columbus, OH, 43201",Columbus,OH,43201,122.5
SRA0001729,Broadridge,Torres Private Client Group,Hightower Advisors,8484737,Amy,Torres,amy.torres@highadvi.net,9676705157,"451 Park Pl, Ste 1819, Boston, MA, 02101",Boston,MA,02101,36.1
SRA0001730,Broadridge,Torres Investment Group,Merrill Lynch,9053373,Mary,Torres,mtorres@merrlync.com,(631) 678-6811,,New York,NY,1001,70.2
SRA0001731,Broadridge,Green Asset Mgmt Group,Rockefeller Capital Management,1542209,Will,Green,greenw@rockcapi.com,+18589341762,"9355 Lake St, Seattle, WA, 98101",Seattle,WA,98101,1169.6
SRA0001732,Broadridge,Rivera Financial Advisory Group,Hightower Advisors,5418977,Ronald,Rivera,rrivera@highadvi.com,(551) 450-9607,"5465 Liberty Way, Ste 1500, Minneapolis, MN, 55401",Minneapolis,MN,55401,433.0
SRA0001733,Broadridge,Sanchez Cap Group,Raymond James,1226136,Cynthia,Sanchez,csanchez@raymjame.com,237-466-8641,"474 Financial Ave, Ste 3113, Los Angeles, CA, 90001",Los Angeles,CA,9000,39.6
SRA0001734,Broadridge,Flores Asset Management Group,Dynasty Financial Partners,2305210,Mel,Flores,mel.flores@dynapart.net,(280) 814-9222,"9302 Financial Way, San Diego, CA, 92101",San Diego,CA,92101,33.1
SRA0001735,Broadridge,Peterson Wealth Advs,Wells Fargo Advisors,5641950,Dave,Peterson,dpeterson@wellfargad.com,(611) 636-2253,,Columbus,OH,43201-5827,488.5
SRA0001736,Broadridge,Gonzales Private Client Group,Janney Montgomery Scott,7290235,Johnny,Gonzales,gonzalesj@jannmontsc.com,+12177392110,"4526 Elm Dr, Tampa, FL, 33601",Tampa,FL,33601-6576,24.3
SRA0001737,Broadridge,White Priv Client Group,Dynasty Financial Partners,8093626,K.,White,k..white@dynapart.net,(492) 217-6169,"4559 Broadway Dr, Indianapolis, IN, 46201",Indianapolis,IN,46201,1628.2
SRA0001738,Broadridge,Martin Invest Group,UBS Financial Services,9924373,Dan,Martin,dan.martin@ubs.net,597-585-1528,"5052 Broadway Ln, Ste 1097, Pittsburgh, PA, 15201",Pittsburgh,PA,15201,2189.6
SRA0001739,Broadridge,Sanders Investment Group,UBS Financial Services,6697277,Susie,Sanders,sanderss@ubs.com,371-467-8458,"4903 Hill Blvd, Ste 1440, Columbus, OH, 43201",Columbus,OH,43201,719.9
SRA0001740,Broadridge,Torres Wealth Mgmt Grp,Wells Fargo Advisors,4785951,Stevie,Torres,storres@wellfargad.com,5652849802,"6657 Jefferson Ln, Denver, CO, 80201",Denver,CO,80201,327.9
SRA0001741,Broadridge,Hill Private Wealth Group,Wells Fargo Advisors,7148327,Mary,Hill,,278.717.4078,"142 Cedar Rd, Ste 901, Seattle, WA, 98101",Seattle,WA,98101,59.9
SRA0001742,Broadridge,Parker Adv Grp,Baird,9845421,Laura,Parker,laura.parker@bair.net,750.573.3749,"1949 Broadway Ct, Pittsburgh, PA, 15201",Pittsburgh,PA,15201,361.8
SRA0001743,Broadridge,Barnes Wealth Mgmt Group,HighTower,3865701,Sharon,Barnes,sharon.barnes@high.net,+17675846411,"5915 Market Ave, Ste 1513, Chicago, IL, 60601",Chicago,IL,60601,1279.9
SRA0001744,Broadridge,Ramirez Private Wealth Group,Steward Partners,2538468,Dan,Ramirez,dramirez@stewpart.com,7609331672,"910 Washington Ct, Ste 1157, Salt Lake City, UT, 84101",Salt Lake City,UT,84101,335.3
SRA0001745,Broadridge,King Priv Client Group,Raymond James,3633791,Matt,King,mking@raymjame.com,(305) 905-7061,"9409 Lincoln Dr, Nashville, TN, 37201",Nashville,TN,37201,967.2
SRA0001746,Broadridge,Sanders Fin Advisory Group,Wells Fargo Advisors,,Deborah,Sanders,deborah.sanders@wellfargad.net,+15022922427,"4846 Madison Ave, Ste 443, Columbus, OH, 43201",Columbus,OH,43201,149.8
SRA0001747,Broadridge,Coleman Wealth Part,Janney Montgomery Scott,2053136,Sharon,Coleman,,528-428-1638,"3110 Oak Ln, Ste 1942, Los Angeles, CA, 90025",Los Angeles,CA,90025,907.5
SRA0001748,Broadridge,Gray Financial Group,Edward Jones,7821777,Joe,Gray,grayj@edwajone.com,,"5591 Cedar St, Ste 2903, Boston, MA, 02134",Boston,MA,02134,125.5
SRA0001749,Broadridge,Barnes Wealth Mgmt Grp,Wells Fargo Advisors,7384324,Kate,Bares,kbares@wellfargad.com,9068302528,"283 Oak Ct, Houston, TX, 77001",Houston,TX,77001,1472.5
SRA0001750,Broadridge,Allen Asset Mgmt Group,Raymond James,9984991,Meg,Allen,mallen@raymjame.com,+13446279248,"2064 Cedar Ave, Detroit, MI, 48201",Detroit,MI,4820,88.2
SRA0001751,Broadridge,Henderson Fin Advisory GGroup,Piper Sandler,3449651,Bryan,Henderson,bhenderson@pipesand.com,231-741-4171,,Milwaukee,WI,53201,85.4
SRA0001752,Broadridge,Ramirez Fin Advisory Group,RBC Wealth Management,3172754,B.,Ramirez,ramirezb@rbc.com,(978) 335-8468,"806 Washington Blvd, Ste 290, Indianapolis, IN, 46201",Indianapolis,IN,46201,140.7
SRA0001753,Broadridge,Wright Wealth Part,Steward Partners,8769203,Cynthia,Wright,,325.348.6728,"1448 Hill Rd, Ste 3037, Boston, MA, 02101",Boston,MA,02101,237.9
SRA0001754,Broadridge,Long Asset Mgmt Grp,Hightower Advisors,9657185,K.,Long,klong@highadvi.com,609-216-7227,"720 Hill Ct, Ste 3341, Boston, MA, 02134",Boston,MA,02134,556.5
SRA0001755,Broadridge,Johnson Asset Mgmt Grp,Oppenheimer & Co,7696447,Stevie,Johnsn,,,"683 Financial St, Ste 441, Nashville, TN, 37201",Nashville,TN,37201,504.4
SRA0001756,Broadridge,Kelly Wealth Part,Hightower Advisors,5355118,K.,Kelly,kellyk@highadvi.com,+14092362536,"6373 River Rd, Ste 651, Detroit, MI, 48201",Detroit,MI,48201,134.1
SRA0001757,Broadridge,Gray Advisory Group,Rockefeller Capital Management,4987189,Jenny,GGray,jggray@rockcapi.com,(275) 410-7379,"860 Jefferson Blvd, Orlando, FL, 32801",Orlando,FL,32801,
SRA0001758,Broadridge,Sanders Wealth Mgmt Team,Merrill Lynch,7412093,Deborah,Sanders,dsanders@merrlync.com,2094868896,"9653 Lake Pl, Miami, FL, 33101",Miami,FL,33101,1068.0
SRA0001759,Broadridge,Brooks Wealth Management Group,HighTower,5300855,Donna,Brooks,dbrooks@high.com,7338006286,"4029 Commerce Blvd, Columbus, OH, 43201",Columbus,OH,43201,716.6
SRA0001760,Broadridge,Flores Financial Group,UBS Financial Services,,Andy,Flores,aflores@ubs.com,(776) 948-1782,"5926 Park Ln, Ste 2397, Philadelphia, PA, 19101",Philadelphia,PA,19101,293.2
SRA0001761,Broadridge,Rivera Private Client Group,UBS Financial Services,6559653,Sarah,Rivera,srivera@ubs.com,(946) 426-3065,"6453 Broadway St, Kansas City, MO, 64101",Kansas City,MO,64101,287.5
SRA0001762,Broadridge,Cooper Cap Group,Hightower Advisors,7375305,Becky,Cooper,becky.cooper@highadvi.net,+19058763445,"9716 Elm Rd, Cleveland, OH, 44101",Cleveland,OH,44101,357.5
SRA0001763,Broadridge,White Advisory Group,Edward Jones,2858631,Maggie,White,mwhite@edwajone.com,(739) 423-3527,"4022 Sunset Dr, Ste 3779, Richmond, VA, 23220",Richmond,VA,23220,1231.6
SRA0001764,Broadridge,Baker Adv Group,Oppenheimer & Co,9136252,Jenny,Baker,jenny.baker@oppe.net,619-854-9113,"8232 Main Way, Ste 3383, Portland, OR, 97201",Portland,OR,97201,74.9
SRA0001765,Broadridge,Cook Priv Client Group,Ameriprise Financial,6615719,M.,Cook,m..cook@amer.net,+13502814785,"5856 Liberty Dr, Ste 2056, Memphis, TN, 38101",Memphis,TN,38101,117.2
SRA0001766,Broadridge,Miller Priv Wealth Group,Dynasty Financial Partners,2849810,Cynthia,Miller,millerc@dynapart.com,+16053961616,"1407 River Pl, Columbus, OH, 43201",Columbus,OH,43201,313.7
SRA0001767,Broadridge,Scott Fin Advisory Group,Raymond James,4606539,Dan,Scott,dscott@raymjame.com,+15129903742,"7858 Madison Way, Ste 2425, Richmond, VA, 23220",Richmond,VA,23220,165.2
SRA0001768,Broadridge,Allen Wealth Advisors,Oppenheimer & Co,1563480,Carol,Allen,allenc@oppe.com,(481) 208-4342,"3221 Hill Ct, Ste 3534, Chicago, IL, 60614",Chicago,IL,60614,546.3
SRA0001769,Broadridge,Lewis Priv Client Group,Mesirow Financial,9841317,Becky,Lewis,lewisb@mesi.com,6086098962,"1710 Sunset Rd, Ste 1807, Tampa, FL, 33601",Tampa,FL,33601,26.9
SRA0001770,Broadridge,Young Financial Advisory Group,Dynasty Financial Partners,5484943,B.,Young,byoung@dynapart.com,965.612.3257,"8123 Cedar St, Los Angeles, CA, 90001",Los Angeles,CA,90001,94.6
SRA0001771,Broadridge,Flores Fin Group,Stifel Financial,3569548,Ronald,Flores,rflores@stif.com,927.743.6718,"6698 Lincoln Blvd, Houston, TX, 77001",Houston,TX,77001,107.2
SRA0001772,Broadridge,Garcia WM Team,Edward Jones,4649178,Emily,Garcia,,7704511321,"8145 Lincoln Rd, St. Louis, MO, 63101",St. Louis,MO,63101,158.2
SRA0001773,Broadridge,Lopez Capital Group,Edward Jones,5359083,Tommy,Lopez,tlopez@edwajone.com,422.821.7074,"6516 Broadway Ct, Ste 3165, San Diego, CA, 92101",San Diego,CA,92101,25.2
SRA0001774,Broadridge,Flores Financial Group,Steward Partners,2678642,Jimmy,Flores,jflores@stewpart.com,+18217162059,"7473 Broadway Rd, Ste 727, Kansas City, MO, 64101",Kansas City,MO,64101-6474,327.9
SRA0001775,Broadridge,Hughes Investment Group,Ameriprise Financial,3771786,Sandy,Hughes,shughes@amer.com,5474102643,"7037 Lake Ct, Ste 3210, Nashville, TN, 37201",Nashville,TN,37201,170.0
SRA0001776,Broadridge,Jenkins Wealth Advs,LPL Financial,8246236,Stevie,Jenkins,stevie.jenkins@lpl.net,+17496829071,"1669 River Way, Denver, CO, 80201",Denver,CO,80201,408.9
SRA0001777,Broadridge,Jackson Wealth Sol Group,Merrill Lynch,7793351,Amy,Jackson,ajackson@merrlync.com,,"1845 Sunset Dr, Ste 1999, Milwaukee, WI, 53201",Milwaukee,WI,53201,306.5
SRA0001778,Broadridge,Miller WM Team,Morgan Stanley,5232239,Joey,Miller,millerj@morgstan.com,6736654747,"4715 Capital Ln, Ste 393, Cleveland, OH, 44101",Cleveland,OH,44101,183.4
SRA0001779,Broadridge,Gonzalez Adv Group,Piper Sandler,8844908,J.,Gonzalez,jgonzalez@pipesand.com,419-834-6145,"2485 Park Blvd, Ste 1627, Tampa, FL, 33601",Tampa,FL,33601-5910,159.6
SRA0001780,Broadridge,Williams Asset Mgmt Group,ynasty Financial Partners,9183911,Susie,Williams,,570.713.2601,"6698 Madison St, Ste 3777, Indianapolis, IN, 46201",Indianapolis,IN,46201-8516,247.5
SRA0001781,Broadridge,King Asset Mgmt Group,Wells Fargo Advisors,3812604,Carol,King,carol.king@wellfargad.net,,"7276 Main Ln, Ste 516, San Diego, CA, 92101",San Diego,CA,92101,93.6
SRA0001782,Broadridge,Sanders Wealth Advisors,Mesirow Financial,9206403,Ronald,Sanders,rsanders@mesi.com,(937) 910-5023,"4766 Maple Ct, Ste 1408, Philadelphia, PA, 19101",Philadelphia,PA,19101,189.4
SRA0001783,Broadridge,Williams Family Wealth Grp,UBS Financial Services,1659573,Rich,Williams,rich.williams@ubs.net,9763078181,,Milwaukee,WI,53201,111.7
SRA0001784,Broadridge,Jones Adv Group,Rockefeller Capital Management,3987988,Jess,Jones,jjones@rockcapi.com,741-520-6141,"1604 Madison Blvd, Ste 3369, Louisville, KY, 40201",Louisville,KY,40201,47.1
SRA0001785,Broadridge,Walker Asset Management Group,Steward Partners,,Sarah,Walker,walkers@stewpart.com,,"6030 Sunset Ct, Ste 286, Las Vegas, NV, 89101",Las Vegas,NV,89101,116.5
SRA0001786,Broadridge,Morris Fin Advisory Group,Raymond James,2432350,Mike,Morris,mike.morris@raymjame.net,418.436.6659,,Charlotte,NC,28201,396.0
SRA0001787,Broadridge,Morgan Fin Advisory Group,Stifel Financial,8251335,Karen,Morgan,karen.morgan@stif.net,614-888-4686,"5139 Broadway Way, Ste 3459, Cincinnati, OH, 45201",Cincinnati,OH,45201,130.6
SRA0001788,Broadridge,Hughes Advisory Group,Ameriprise Financial,1184614,Amy,Hughes,,880.252.8475,"3741 Sunset Way, Miami, FL, 33101",Miami,FL,33101,1147.9
SRA0001789,Broadridge,Martin Wealth Solutions Grp,Piper Sandler,4044640,M.,Martin,m..martin@pipesand.net,885.625.4887,"7715 Financial Ln, Columbus, OH, 43201",Columbus,OH,43201,688.2
SRA0001790,Broadridge,Bailey Cap Grp,Hightower Advisors,2739566,Charlie,Bailey,cbailey@highadvi.com,(290) 329-3104,"3214 Elm Ave, Ste 2793, Salt Lake City, UT, 84101",Salt Lake City,UT,84101,1820.2
SRA0001791,Broadridge,Lee Wealth Mgmt Team,Piper Sandler,,Ken,Lee,klee@pipesand.com,541-833-6015,,Salt Lake City,UT,84101,43.3
SRA0001792,Broadridge,Mitchell Financial Advisory Group,LPL Financial,5700372,Eddie,Mitchell,eddie.mitchell@lpl.net,(493) 278-2792,"8533 Maple Ct, St. Louis, MO, 63101",St. Louis,MO,63101,266.5
SRA0001793,Broadridge,Ramirez Family Wealth Group,Piper Sandler,3422369,D.,Ramirez,dramirez@pipesand.com,(259) 411-9845,"1643 Financial Dr, Ste 3996, Columbus, OH, 43201",Columbus,OH,43201,
SRA0001794,Broadridge,Hill Advisory Group,Wells Fargo Advisors,2346727,Jenny,Hill,jhill@wellfargad.com,4665913204,"2717 Main Ave, Ste 2239, Indianapolis, IN, 46201",Indianapolis,IN,46201,158.7
SRA0001795,Broadridge,Young Invest Grp,Baird,4473870,Matt,Young,myoung@bair.com,+15982114204,"27 Market Pl, Houston, TX, 77001",Houston,TX,77001,683.9
SRA0001796,Broadridge,Gonzales Wealth Partners,HighTower,2101934,Charlie,Gonzaales,cgonzales@high.com,851-626-4039,"1537 Broadway Blvd, Ste 2334, Kansas City, MO, 64101",Kansas City,MO,64101,70.6
SRA0001797,Broadridge,Richardson Adv Group,Piper Sandler,2727684,Steph,Richardson,richardsons@pipesand.com,+17135994643,"733 Park Blvd, Ste 1318, Nashville, TN, 37201",Nashville,TN,37201,483.6
SRA0001798,Broadridge,Evans Fin Group,Ameriprise Financial,2397786,Shelly,Evans,mevans@amer.com,6102376290,"3780 Capital St, Ste 3834, Baltimore, MD, 21201",Baltimore,MD,21201,145.6
SRA0001799,Broadridge,Ramirez Financial Group,Morgan Stanley,4849835,M.,Ramirez,mramirez@morgstan.com,+15053336509,,New York,NY,10001,1121.8
SRA0001800,Broadridge,Rodriguez Adv Grp,Janney Montgomery Scott,7564250,Sue,Rodriguez,srodriguez@jannmontsc.com,+16752118575,"4543 Elm Ave, Miami, FL, 33101",Miami,FL,33101,72.5
SRA0001801,Broadridge,Price Wealth Advs,RBC Wealth Management,6719824,Will,Price,wprice@rbc.com,3756111056,"2304 Elm Ave, Ste 3110, Boston, MA, 02101",Boston,MA,02101,574.8
SRA0001802,Broadridge,Barnes Wealth Mgmt Group,UBS Financial Services,8526838,Sandy,Barnes,sbarnes@ubs.com,,"7865 Hill Rd, Tampa, FL, 33601",Tampa,FL,33601,221.9
SRA0001803,Broadridge,Ramirez Wealth Management Team,Janney Montgomery Scott,2483561,Jess,Ramirez,jramirez@jannmontsc.com,,"3104 Pine Rd, Ste 3997, San Francisco, CA, 94101",San Francisco,CA,94101,239.1
SRA0001804,Broadridge,Cook Financial Group,Dynasty Financial Partners,6685375,Dottie,Cook,dottie.cook@dynapart.net,976-817-8434,"1638 Broadway Pl, Ste 2090, Denver, CO, 80201",Denver,CO,80201,84.2
SRA0001805,Broadridge,Jones Cap Grp,Janney Montgomery Scott,3173815,Matt,Jones,jonesm@jannmontsc.com,4599157258,"79 River Ave, Los Angeles, CA, 90025",Los Angeles,CA,90025,
SRA0001806,Broadridge,Robinson Fin Group,Steward Partners,5010892,Barb,Robinson,robinsonb@stewpart.com,658-594-5241,"1890 Commerce Pl, Seattle, WA, 98101",Seattle,WA,98101,135.7
SRA0001807,Broadridge,Morgan Wealth Solutions Group,Oppenheimer & Co,6445840,Ry,Morgan,rmorgan@oppe.com,871-931-8455,"3821 Pine Pl, New York, NY, 10001",New York,NY,10001,122.6
SRA0001808,Broadridge,Campbell PC Group,Dynasty Financial Partners,7938327,Laura,Campebll,campeblll@dynapart.com,+13203072761,"840 Broadway Pl, Ste 3709, Kansas City, MO, 64101",Kansas City,MO,64101,68.5
SRA0001809,Broadridge,Nguyen Capital Group,Janney Montgomery Scott,8649014,G.,Nguyen,gnguyen@jannmontsc.com,3553707347,"9448 Washington Ln, Ste 1199, Baltimore, MD, 21201",Baltimore,MD,21201,587.2
SRA0001810,Broadridge,Clark Wealth Management Group,Dynasty Financial Partners,9865495,Donna,Clark,clarkd@dynapart.com,557-959-7829,"187 Jefferson Way, Orlando, FL, 32801",Orlando,FL,32801,920.9
SRA0001811,Broadridge,Jenkins Wealth Mgmt Team,Oppenheimer & Co,8991958,Dan,Jenkins,djenkins@oppe.com,234-839-8255,"7221 Lincoln Pl, Ste 2018, Austin, TX, 78701",Austin,TX,78701,532.8
SRA0001812,Broadridge,Jenkins Fin Grp,LPL Financial,,Donna,Jenkins,djenkins@lpl.com,(428) 708-8674,"9655 Elm Pl, Ste 3316, Boston, MA, 02134",Boston,MA,02134,629.2
SRA0001813,Broadridge,Stewart WP,RBC Wealth Management,4144576,Mike,Stewart,mstewart@rbc.com,+18762337666,,Boston,MA,02101,73.9
SRA0001814,Broadridge,Patterson Wealth Mgmt Group,RBC Wealth Management,4855156,M.,Patterson,pattersonm@rbc.com,+14584867210,,Seattle,WA,98101,162.8
SRA0001815,Broadridge,King WA,RBC Wealth Management,4199904,Jess,King,jess.king@rbc.net,,"6420 River Blvd, Ste 470, Detroit, MI, 48201",Detroit,MI,48201,59.7
SRA0001816,Broadridge,Baker Family Wealth Group,RBC Wealth Management,7417959,Jenny,Baker,jbaker@rbc.com,,"9105 River Ln, Ste 3294, Los Angeles, CA, 90001",Los Angeles,CA,90001,85.0
SRA0001817,Broadridge,Wilson Fin Group,Wells Fargo Advisors,6218019,Don,Wilson,dwilson@wellfargad.com,346-742-1105,"5309 Park Pl, Ste 1339, Philadelphia, PA, 19101",Philadelphia,PA,19101-1268,440.1
SRA0001818,Broadridge,Nelson Fam Wealth Group,Merrill Lynch,9892494,G.,Nelson,gnelson@merrlync.com,(852) 657-9918,"6503 Main Blvd, Ste 3057, Hartford, CT, 06101",Hartford,CT,06101,597.6
SRA0001819,Broadridge,Taylor Wealth Mgmt Team,Edward Jones,2560784,Amy,Taylor,ataylor@edwajone.com,(836) 934-6341,"9179 Madison Way, Chicago, IL, 60601",Chicago,IL,60601,312.3
SRA0001820,Broadridge,Brooks Adv Group,Raymond James,,Carol,Brooks,cbrooks@raymjame.com,6953639509,"8144 Washington Ave, Ste 745, Memphis, TN, 38101",Memphis,TN,38101,194.2
SRA0001821,Broadridge,Campbell Financial Advisory Group,Oppenheimer & Co,6196063,Jess,Campbell,jcampbell@oppe.com,507.317.7997,"137 Park Dr, Kansas City, MO, 64101",Kansas City,MO,64101,938.1
SRA0001822,Broadridge,Bailey Family Wealth Grp,Merrill Lynch,6438861,Susie,Bailey,susie.bailey@merrlync.net,2809181677,,New York,NY,10017,118.6
SRA0001823,Broadridge,Williams WA,Raymond James,7054097,Chuck,Williams,williamsc@raymjame.com,(504) 575-5449,"1095 Madison Ln, Ste 2637, New York, NY, 10001",New York,NY,10001,2310.4
SRA0001824,Broadridge,Flores Wealth Mgmt Group,UBS Financial Services,7963424,Maggie,Flores,mflores@ubs.com,+13346776235,"294 Maple Rd, Ste 2889, Detroit, MI, 48201",Detroit,MI,48201,859.2
SRA0001825,Broadridge,Allen Financial Advisory Group,Ameriprise Financial,9074562,J.,Allen,jallen@amer.com,,"4790 Commerce Dr, Ste 2446, Denver, CO, 80201",Denver,CO,80201,580.6
SRA0001826,Broadridge,Murphy PW Group,Raymond James,9974278,Jen,Murphy,jen.murphy@raymjame.net,924-859-1171,"6984 Oak Ave, Detroit, MI, 48201",Detroit,MI,48201,100.7
SRA0001827,Broadridge,Price Private Wealth Group,Ryamond James,9917509,Jeff,Price,pricej@raymjame.com,5507122633,"7542 Main Ave, Ste 3058, Detroit, MI, 48201",Detroit,MI,4820,98.2
SRA0001828,Broadridge,Edwards Fin Group,Rockefeller Capitall Management,1464876,J.,Edwards,jedwards@rockcapi.com,+18323326740,"1207 Financial Blvd, Ste 3574, Boston, MA, 02101",Boston,MA,02101-9480,276.0
SRA0001829,Broadridge,Peterson Fin Advisory Group,Janney Montgomery Scott,8549131,Charlie,Peterson,cpeterson@jannmontsc.com,203.475.4239,"7809 Financial Rd, Ste 2530, Denver, CO, 80201",Denver,CO,80201,94.5
SRA0001830,Broadridge,Howard WP,Janney Montgomerry Scott,8203403,Kev,Howard,kev.howard@jannmontsc.net,(416) 818-8268,"1365 Hill Blvd, Chicago, IL, 60601",Chicago,IL,60601,23.6
SRA0001831,Broadridge,Morris Priv Client Group,Stifel Financial,8847442,Kev,Morris,morrisk@stif.com,443.796.7750,,Nashville,TN,37201,550.2
SRA0001832,Broadridge,Ward Private Client Group,RBC Wealth Management,6039526,Kathy,Ward,kward@rbc.com,,"7366 Park Way, Atlanta, GA, 30301",Atlanta,GA,30301,154.1
SRA0001833,Broadridge,Perez Invest Grp,Ameriprise Financial,6748005,Mary,Perez,perezm@amer.com,511-837-8576,"8502 Broadway Blvd, Cincinnati, OH, 45201",Cincinnati,OH,45201,130.8
SRA0001834,Broadridge,Reed Wealth Partners,Wells Fargo Advisors,4737971,G.,Reed,reedg@wellfargad.com,(730) 892-1704,"2568 Capital St, Nashville, TN, 37201",Nashville,TN,37201,1166.6
SRA0001835,Broadridge,Howard Wealth Advisors,Merrill Lynch,8025655,P.,Howard,phoward@merrlync.com,2518411500,"817 Financial Ln, Ste 369, Boston, MA, 02101",Boston,MA,02101,171.4
SRA0001836,Broadridge,Jones Cap Group,RBC Wealth Management,5503509,Kathy,Jones,kjones@rbc.com,+18442602642,,Los Angeles,CA,90025,171.0
SRA0001837,Broadridge,Wright Fin Group,Raymond James,5578458,Linda,Wright,wrightl@raymjame.com,6595133680,"2588 Financial Ct, Seattle, WA, 98101",Seattle,WA,98101,1239.0
SRA0001838,Broadridge,Parker Priv Client Group,Opppenheimer & Co,2382777,Lisa,Parker,lisa.parker@oppe.net,(561) 455-1325,"2766 Elm Way, Kansas City, MO, 64101",Kansas City,MO,64101,203.5
SRA0001839,Broadridge,Hill Private Client Group,Mesirow Financial,4402291,Emily,Hill,hille@mesi.com,+13468191260,"9416 Oak St, Ste 3550, Detroit, MI, 48201",Detroit,MI,48201,198.2
SRA0001840,Broadridge,Rodriguez Invest Grp,Stifel Financial,9442934,Timmy,Rodriguez,trodriguez@stif.com,700-455-6322,"5212 Lake St, Las Vegas, NV, 89101",Las Vegas,NV,89101,335.4
SRA0001841,Broadridge,Coleman WM Team,RBC Wealth Management,2026181,Dan,Coleman,dan.coleman@rbc.net,+19526438256,"5959 Lake Dr, Milwaukee, WI, 53201",Milwaukee,WI,53201,125.6
SRA0001842,Broadridge,Robinson Cap Grp,Dynasty Financial Partners,6359728,Angela,Robinson,arobinson@dynapart.com,+14179574001,"5682 Elm Ct, Ste 2942, Charlotte, NC, 28201",Charlotte,NC,28201,269.0
SRA0001843,Broadridge,Morris Priv Wealth Group,LPL Finaancial,4899754,Kev,Morris,kmorris@lpl.com,483-548-5072,"3412 Oak Blvd, Denver, CO, 80201",Denver,CO,80201,260.0
SRA0001844,Broadridge,Goonzalez Financial Advisory Group,Edward Jones,5252992,Josh,Gonzalez,josh.gonzalez@edwajone.net,(222) 848-9826,"6133 Washington Pl, Ste 1090, Kansas City, MO, 64101",Kansas City,MO,64101,4008.6
SRA0001845,Broadridge,Garcia WM Team,Baird,6480337,Bryan,Garcia,bryan.garcia@bair.net,(298) 229-8986,"1471 Sunset Rd, Ste 3619, Los Angeles, CA, 90025",Los Angeles,CA,90025,1258.9
SRA0001846,Broadridge,Sanders WA,Ameriprise Financial,,Mike,Sanders,msanders@amer.com,355-863-5901,,Charlotte,NC,28201,1241.1
SRA0001847,Broadridge,Mitchell Wealth Solutions Grp,Janney Montgomery Scott,1597156,Chris,Mitchell,mitchellc@jannmontsc.com,,"1235 Financial Ave, Boston, MA, 02101",Boston,MA,02101,135.9
SRA0001848,Broadridge,Williams PC Group,Janney Montgomery Scott,5260211,Laura,Williams,williamsl@jannmontsc.com,980.270.8707,,Nashville,TN,37201,870.8
SRA0001849,Broadridge,Murphy Cap Grp,Wells Fargo Advisors,3205548,B.,Murphy,b..murphy@wellfargad.net,4846195030,"286 Jefferson Ave, Denver, CO, 80201",Denver,CO,8020,453.4
SRA0001850,Broadridge,Martinez Wealth Advs,Steward Partners,4983691,Steph,Martinez,smartinez@stewpart.com,(523) 334-1151,"13 Lincoln Way, Portland, OR, 97201",Portland,OR,97201,884.9
SRA0001851,Broadridge,Nguyen Wealth Management Group,Raymond James,7014621,Rob,Nguyen,rob.nguyen@raymjame.net,883.867.7881,"9760 Lincoln Pl, Louisville, KY, 40201",Louisville,KY,40201,79.1
SRA0001852,Broadridge,Patterson Private Client Group,LPL Financial,9475621,M.,Patterson,mpatterson@lpl.com,(243) 963-1621,"1791 Oak Ave, New York, NY, 10017",New York,NY,10017,164.8
SRA0001853,Broadridge,Gonzalez Private Client Group,Morgan Stanley,9798727,Kim,Gonzalez,kim.gonzalez@morgstan.net,,"8814 Capital Dr, Ste 3373, Louisville, KY, 40201",Louisville,KY,40201,968.9
SRA0001854,Broadridge,Anderson Private Wealth Group,Piper Sandler,9527123,Meg,Anderson,andersonm@pipesand.com,684.924.9776,"5773 Pine Ct, San Diego, CA, 92101",San Diego,CA,92101,1465.8
SRA0001855,Broadridge,Parker Wealth Management Group,HighTower,6604787,Kathy,Parker,kathy.parker@high.net,6099769786,"2627 Madison Pl, Ste 240, Cincinnati, OH, 45201",Cincinnati,OH,45201-4958,1105.3
SRA0001856,Broadridge,Martin Fin Advisory Group,Rockefeller Capital Management,2883407,Mary,Martin,mary.martin@rockcapi.net,889.884.5757,"7331 Cedar Dr, Ste 1540, Cincinnati, OH, 45201",Cincinnati,OH,45201,367.3
SRA0001857,Broadridge,Williams Adv Grp,Mesirow Financial,7716629,Drew,Williams,awilliams@mesi.com,(818) 654-9526,"9805 Financial Rd, Ste 1145, New York, NY, 10017",New York,NY,10017,546.7
SRA0001858,Broadridge,Cooper Famly Wealth Group,Oppenheimer & Co,,Linda,Cooper,lcooper@oppe.com,,"4987 Sunset Way, Ste 2839, Chicago, IL, 60601",Chicago,IL,60601,511.9
SRA0001859,Broadridge,Campbell Priv Wealth Group,Piper Sandler,2499964,Shelly,Campbell,campbells@pipesand.com,(715) 249-8190,"3433 Financial Blvd, Ste 232, Phoenix, AZ, 85001",Phoenix,AZ,85001-9452,103.7
SRA0001860,Broadridge,Sanders Wealth Sol Group,Edward Jones,7227310,Rich,Sanders,rsanders@edwajone.com,(489) 760-8872,"2519 Main Ave, Ste 2822, Houston, TX, 77001",Houston,TX,77001,989.9
SRA0001861,Broadridge,Mitchell WP,Stifel Financial,5962489,Tom,Mitchell,tom.mitchell@stif.net,8042329311,"598 Financial Ct, New York, NY, 10017",New York,NY,10017,25.9
SRA0001862,Broadridge,Murphy Wealth Advs,Piper Sandler,9731339,S.,Murphy,murphys@pipesand.com,+17226893213,"5077 Madison Ave, Ste 154, Phoenix, AZ, 85001",Phoenix,AZ,85001,25.9
SRA0001863,Broadridge,Torres Adv Grp,RBC Wealth Management,5883003,A.,Torres,atorres@rbc.com,428-520-3578,"5034 Capital Dr, Los Angeles, CA, 90025",Los Angeles,CA,90025,1241.7
SRA0001864,Broadridge,Butler Wealth Mgmt Team,Ameriprise Financial,7925241,Ashley,Butler,abutler@amer.com,521-477-7771,"6349 Cedar Ct, Memphis, TN, 38101",Memphis,TN,38101,342.2
SRA0001865,Broadridge,Gonzalez Fin Group,Hightower Advisors,6491289,B.,Gonzalez,bgonzalez@highadvi.com,,"69 Elm Blvd, Ste 631, San Francisco, CA, 94101",San Francisco,CA,94101,396.8
SRA0001866,Broadridge,Torres Wealth Part,Morgan Stanley,,Laura,Torres,ltorres@morgstan.com,,"1292 Sunset Ct, Ste 278, Baltimore, MD, 21201",Baltimore,MD,21201,422.4
SRA0001867,Broadridge,Richardson Asset Management Group,Edward Jones,1728878,Rich,Richardson,rich.richardson@edwajone.net,(926) 755-2880,"2945 Washington Blvd, Ste 2366, Cleveland, OH, 44101",Cleveland,OH,44101,737.5
SRA0001868,Broadridge,Scott Wealth Advs,Rockefeller Capital Management,7402477,Carol,Scott,carol.scott@rockcapi.net,398.626.2358,"5348 Cedar Pl, Ste 1422, Salt Lake City, UT, 84101",Salt Lake City,UT,84101,392.0
SRA0001869,Broadridge,Torres Invet Group,Stifel Financial,5354050,Mandy,Torres,,+19107683444,"4114 Commerce Ct, New York, NY, 10001",New York,NY,10001,960.6
SRA0001870,Broadridge,Martinez Wealth Sol Group,RBC Wealth Management,8751469,K.,Martinez,kmartinez@rbc.com,278-507-7012,"681 Park Ave, Phoenix, AZ, 85001",Phoenix,AZ,85001,1339.6
SRA0001871,Broadridge,Howard Priv Client Group,Morgan Stanley,,Cynthia,Howard,choward@morgstan.com,4693245072,"9401 Jefferson St, Ste 200, Orlando, FL, 32801",Orlando,FL,32801,119.8
SRA0001872,Broadridge,Lopez Fin Group,Hightower Advisors,3100416,R.,Lopez,rlopez@highadvi.com,(951) 522-7199,"9819 Cedar Ln, Houston, TX, 77001",Houston,TX,77001-1865,50.4
SRA0001873,Broadridge,Peterson Invest Group,LPL Financial,2564246,Susie,Peterson,speterson@lpl.com,402.973.2142,"8449 Maple Ave, Los Angeles, CA, 90001",Los Angeles,CA,90001,273.8
SRA0001874,Broadridge,Wilson Wealth Mgmt Grp,Stifel Financial,4883185,Nancy,Wilson,nwilson@stif.com,+13605222897,"7290 Financial St, Ste 1944, Chicago, IL, 60614",Chicago,IL,60614,407.9
SRA0001875,Broadridge,Campbell Wealth Mgmt Grp,Oppenheimer & Co,8604027,Jenny,Campbell,jenny.campbell@oppe.net,302-503-9246,"7517 Market Dr, Ste 910, Los Angeles, CA, 90025",Los Angeles,CA,90025-6606,580.4
SRA0001876,Broadridge,Rivera Invest Grp,Piper Sandler,3099555,Steve,Rivera,riveras@pipesand.com,982-356-8499,"5376 Broadway Ln, Kansas City, MO, 64101",Kansas City,MO,64101,25.0
SRA0001877,Broadridge,Wodo Wealth Management Team,Stifel Financial,7786727,Emily,Wood,ewood@stif.com,507.272.1070,"6313 Main Dr, Ste 3209, Cincinnati, OH, 45201",Cincinnati,OH,45201,1304.1
SRA0001878,Broadridge,Robinson Priv Client Group,UBS Financial Services,5050622,Bryan,Robinson,robinsonb@ubs.com,+12899011593,"1331 Main Ct, Pittsburgh, PA, 15201",Pittsburgh,PA,15201,26.2
SRA0001879,Broadridge,Turner Fin Advisory Group,Wells Fargo Advisors,7646542,Drew,Turner,drew.turner@wellfargad.net,238-597-5728,"350 Oak Ln, Ste 3993, Denver, CO, 80201",Denver,CO,8020,284.9
SRA0001880,Broadridge,Morgan Investment Group,HighTower,5557092,Ronald,Morgan,,7204589466,,Cincinnati,OH,45201,61.4
SRA0001881,Broadridge,Sanchez Wealth Sol Group,LPL Financial,2239574,Karen,Sanchez,ksanchez@lpl.com,652-309-7932,,Las Vegas,NV,89101,139.3
SRA0001882,Broadridge,Lopez Invest Grp,Ameriprise Financial,6983968,Kate,Lopez,lopezk@amer.com,+15428067928,"7336 Lake Dr, Ste 2826, Chicago, IL, 60614",Chicago,IL,60614,218.1
SRA0001883,Broadridge,Perry PC Group,Dynasty Financial Partners,2827004,J.,Perry,j..perry@dynapart.net,+16919941434,"3459 Park Rd, Ste 105, Cleveland, OH, 44101",Cleveland,OH,44101,145.4
SRA0001884,Broadridge,Barnes Fin Grp,Dynasty Financial Partners,7781660,Josh,Barnes,barnesj@dynapart.com,,"1830 Capital Pl, Orlando, FL, 32801",Orlando,FL,3280,420.2
SRA0001885,Broadridge,Wilson PW Group,Mesirow Financial,9498780,Don,Wilson,don.wilson@mesi.net,(707) 934-3494,"3213 Commerce Rd, Portland, OR, 97201",Portland,OR,97201,202.3
SRA0001886,Broadridge,Nelson Wealth Solutions Grp,RBC Wealth Management,7509900,Steph,Nelson,snelson@rbc.com,+17666642515,,Kansas City,MO,64101,136.1
SRA0001887,Broadridge,Cook Cap Grp,HighTower,2698997,Laura,Cook,cookl@high.com,689.434.6233,"7578 Capital Blvd, Ste 3037, Los Angeles, CA, 90001",Los Angeles,CA,90001,82.2
SRA0001888,Broadridge,Moore Wealth Management Group,Baird,4153748,Eddie,Moore,mooree@bair.com,579.968.5308,"6442 Hill Way, Ste 2527, Salt Lake City, UT, 84101",Salt Lake City,UT,84101,416.3
SRA0001889,Broadridge,Price Wealth Management Group,Mesirow Financial,6497182,Ashley,Price,aprice@mesi.com,569-697-1080,"3782 Capital Dr, Ste 641, Minneapolis, MN, 55401",Minneapolis,MN,55401,96.0
SRA0001890,Broadridge,Gonzalez Cap Group,Steward Partners,3531940,Ashley,Gonzaleez,gonzaleeza@stewpart.com,5705293066,"9902 Liberty St, Ste 2644, Salt Lake City, UT, 84101",Salt Lake City,UT,84101,55.1
SRA0001891,Broadridge,Miller Wealth Mgmt Group,Merrill Lynch,2395263,Eddie,Miller,eddie.miller@merrlync.net,,"6804 Pine Pl, Ste 1156, Dallas, TX, 75201",Dallas,TX,75201,85.8
SRA0001892,Broadridge,Bryant Wealth Advs,HighTower,2471697,Angela,Bryant,abryant@high.com,4362011768,"9111 Market Blvd, Boston, MA, 02101",Boston,MA,02101,44.2
SRA0001893,Broadridge,Hill Wealth Sol Group,Piper Sandler,4299107,Linda,Hill,lhill@pipesand.com,890-423-2205,"1006 Lake Ln, Ste 2122, Hartford, CT, 06101",Hartford,CT,06101,541.6
SRA0001894,Broadridge,Ross Wealth Advisors,RBC Wealth Management,6318544,Amy,Ross,rossa@rbc.com,9426292150,"9928 Cedar Blvd, Tampa, FL, 33601",Tampa,FL,33601,86.6
SRA0001895,Broadridge,Moore Wealth Mgmt Grp,Raymond James,7671212,Sue,Moore,smoore@raymjame.com,+14943248875,"6299 Pine Dr, Seattle, WA, 98101",Seattle,WA,98101,237.2
SRA0001896,Broadridge,Rodriguez Wealth Solutions Group,Oppenheimer & Co,3471987,Sarah,Rodriguez,srodriguez@oppe.com,4307912109,"9365 Park Blvd, Portland, OR, 97201",Portland,OR,97201,169.8
SRA0001897,Broadridge,Howard Wealth Advisors,Raymond James,2706225,Shelly,Howard,howards@raymjame.com,(379) 589-4938,,Baltimore,MD,21201,2421.4
SRA0001898,Broadridge,Adams Fin Adv Group,Edward Jones,5316157,Jess,Adams,jess.adams@edwajone.net,(464) 508-9523,,Atlanta,GA,30301,684.8
SRA0001899,Broadridge,Bailey Wealt Solutions Grp,Wells Fargo Advisors,6186009,Jay,Bailey,baileyj@wellfargad.com,+14274261759,"6981 Lake St, Chicago, IL, 60601",Chicago,IL,60601,120.0
SRA0001900,Broadridge,Adams Family Wealth Group,Steward Partners,,Jon,Adams,jadams@stewpart.com,8088911914,"6368 Elm Pl, Ste 3905, Chicago, IL, 60614",Chicago,IL,60614,438.6
SRA0001901,Broadridge,Perez Financial Group,Janney Montgomery Scott,1265271,Mike,Perez,mperez@jannmontsc.com,9309475365,"6393 Park Pl, Ste 1789, Boston, MA, 02134",Boston,MA,02134,96.3
SRA0001902,Broadridge,Simmons Cap Group,Piper Sandler,5982107,Sharon,Simmons,ssimmons@pipesand.com,+12747481109,"2871 Capital Rd, Ste 2636, Seattle, WA, 98101",Seattle,WA,98101,433.7
SRA0001903,Broadridge,Bell Asset Mgmt Grp,Mesirow Financial,4281042,Jess,Bell,jbell@mesi.com,8165679009,"9485 River Rd, Ste 2735, Baltimore, MD, 21201",Baltimore,MD,21201,562.0
SRA0001904,Broadridge,Simmons Invest Grp,Mesirow Financial,7568507,Steve,Simmons,ssimmons@mesi.com,,"8646 Jefferson Blvd, Chicago, IL, 60601",Chicago,IL,60601-2167,1303.8
SRA0001905,Broadridge,Jenkins Wealth Solutions Grp,Mesirow Financial,2734933,Angela,Jenkkins,,364-573-5778,"2628 Washington Dr, Ste 159, Houston, TX, 77001",Houston,TX,77001,468.4
SRA0001906,Broadridge,Campbell PW Group,Piper Sandler,3787170,Bob,Campbell,bob.campbell@pipesand.net,+18434583282,"8377 Lincoln Dr, Columbus, OH, 43201",Columbus,OH,43201,154.1
SRA0001907,Broadridge,Anderson Family Wealth Group,Morgan Stanley,3881735,Mandy,Anderson,aanderson@morgstan.com,,"6993 Sunset Ln, Ste 711, Chicago, IL, 60614",Chicago,IL,60614,53.1
SRA0001908,Broadridge,Reed Wealth Mgmt Grp,Raymond James,5948048,Jim,Reed,reedj@raymjame.com,,,Milwaukee,WI,53201,200.5
SRA0001909,Broadridge,Campbell Wealth Management Group,UBS Financial Services,5293840,Johnny,Campbell,johnny.campbell@ubs.net,+19273313110,"7034 Elm Dr, Milwaukee, WI, 53201",Milwaukee,WI,53201,145.2
SRA0001910,Broadridge,Parker Family Wealth Grp,Merrill Lycnh,5037053,Tony,Parker,tparker@merrlync.com,5292393515,"8667 Park St, Boston, MA, 02101",Boston,MA,02101,1002.6
SRA0001911,Broadridge,Wright Wealth Solutions Group,Raymond James,4434487,Meg,Wright,mwright@raymjame.com,7883178122,"9391 Cedar Ct, Ste 2582, Miami, FL, 33101",Miami,FL,33101,704.0
SRA0001912,Broadridge,Parker PW Group,Piper Sandler,8151665,Becky,Parkker,becky.parkker@pipesand.net,+18265948720,"5007 Main Dr, Ste 105, Portland, OR, 97201",Portland,OR,97201,253.5
SRA0001913,Broadridge,Jenkins Family Wealth Group,Wells Fargo Advisors,3394130,Kim,Jenkins,kjenkins@wellfargad.com,794-622-3784,"8450 Main Blvd, Ste 587, Nashville, TN, 37201",Nashville,TN,37201,458.1
SRA0001914,Broadridge,Green Wealth Advs,Merrill Lynch,2656171,Jim,Green,jim.green@merrlync.net,948-936-4197,"2002 River Blvd, Milwaukee, WI, 53201",Milwaukee,WI,53201,42.1
SRA0001915,Broadridge,Flores PC Group,RBC Wealth Management,1805209,Chris,Flores,floresc@rbc.com,532.715.9982,"3164 Lincoln Pl, Boston, MA, 02101",Boston,MA,02101,107.8
SRA0001916,Broadridge,Wright Priv Client Group,Morgan Stanley,6701944,Bryan,Wright,wrightb@morgstan.com,964-892-4251,"9762 Sunset St, Indianapolis, IN, 46201",Indianapolis,IN,46201,547.6
SRA0001917,Broadridge,Nelson Wealth Solutions Group,Edward Jones,9498370,Joe,Nelson,joe.nelson@edwajone.net,9026453974,"7586 Lincoln Ct, Ste 825, St. Louis, MO, 63101",St. Louis,MO,63101,254.8
SRA0001918,Broadridge,Lewis Family Wealth Group,UBS Financial Services,1333397,Rob,Lewis,,(460) 567-9743,"8315 Main Pl, Ste 2326, Richmond, VA, 23220",Richmond,VA,23220,24.9
SRA0001919,Broadridge,Flores Financial Advisory Group,Raymond James,6510925,Bill,Flores,wflores@raymjame.com,9089865833,"5972 Capital Blvd, Ste 3116, Tampa, FL, 33601",Tampa,FL,33601-9384,44.1
SRA0001920,Broadridge,Turner Wealth Part,Mesirow Financial,2480812,Jess,Turner,jess.turner@mesi.net,309-896-4086,"7360 Financial Ct, Ste 3002, Indianapolis, IN, 46201",Indianapolis,IN,46201,24.0
SRA0001921,Broadridge,Cox Fam Wealth Group,Dynasty Financial Partners,3816672,Angela,Cox,coxa@dynapart.com,3853194360,"3301 Madison Ct, Ste 1639, Houston, TX, 77001",Houston,TX,77001,907.4
SRA0001922,Broadridge,Cooper Invest Group,LPL Financial,2180243,Jimmy,Cooper,jcooper@lpl.com,+13338879316,"9467 Market Dr, Ste 3871, Portland, OR, 97201",Portland,OR,97201,77.3
SRA0001923,Broadridge,Roberts Private Client Group,Wells Fargo Advisors,9039044,P.,Roberts,proberts@wellfargad.com,7918083074,"7644 Maple Rd, Phoenix, AZ, 85001",Phoenix,AZ,85001-2840,208.3
SRA0001924,Broadridge,Lewis Adv Group,LPL Financial,9708196,Cynthia,Lewis,cynthia.lewis@lpl.net,+18925613384,"8411 Sunset Ct, Richmond, VA, 23220",Richmond,VA,23220,49.1
SRA0001925,Broadridge,Wood Asset Management Group,Stifel Financial,8760381,Sarah,Wood,,+19008575139,"5075 Lake Ave, St. Louis, MO, 63101",St. Louis,MO,63101,195.6
SRA0001926,Broadridge,Evans Wealth Sol Group,Dynasty Financial Partners,6760621,Jeff,Evans,jeff.evans@dynapart.net,491.869.4805,,Portland,OR,97201-2917,701.8
SRA0001927,Broadridge,Phillips Asset Mgmt Grp,Merrill Lynch,6719060,Ashley,Phillips,ashley.phillips@merrlync.net,+17938679444,"3430 Capital Ct, Ste 2666, Phoenix, AZ, 85001",Phoenix,AZ,85001,818.8
SRA0001928,Broadridge,Miller Asset Management Group,Mesirow Financial,9512476,Emily,Miller,emiller@mesi.com,(974) 428-9140,"5405 Jefferson Ct, Ste 2053, Tampa, FL, 33601",Tampa,FL,33601,91.4
SRA0001929,Broadridge,Ramirez Wealth Advs,Stifel Financial,4531870,Josh,Ramirez,ramirezj@stif.com,2586532603,,Indianapolis,IN,46201,252.1
SRA0001930,Broadridge,Perry WA,Merrill Lynch,3629362,Ken,Perry,perryk@merrlync.com,3523954233,"8210 River Ln, Ste 3803, Indianapolis, IN, 46201",Indianapolis,IN,46201,103.6
SRA0001931,Broadridge,Kelly Fin Grp,Dynasty Financial Partners,6587327,Timmy,Kelly,timmy.kelly@dynapart.net,8989841708,"3069 Park Ave, Boston, MA, 02101",Boston,MA,02101,243.0
SRA0001932,Broadridge,Patterson Wealth Partners,Piper Sandler,6553502,Kate,Patterson,kpatterson@pipesand.com,321.491.8380,"2554 Lake St, Ste 624, San Francisco, CA, 94101",San Francisco,CA,94101,91.4
SRA0001933,Broadridge,Martin Wealth Mgmt Grp,Morgan Stanley,8014497,Cynthia,Martin,cmartin@morgstan.com,516.471.6905,"9235 Lake Pl, Dallas, TX, 75201",Dallas,TX,75201,166.2
SRA0001934,Broadridge,Lee Advisory Group,Wells Fargo Advisors,2564371,Carol,Lee,carol.lee@wellfargad.net,850.351.8825,"234 Jefferson Rd, Ste 3110, Louisville, KY, 40201",Louisville,KY,40201,266.5
SRA0001935,Broadridge,Martin Wealth Sol Group,Edward Jones,1443165,Rick,Martin,martinr@edwajone.com,(573) 595-5850,"4642 Jefferson Ct, Richmond, VA, 23220",Richmond,VA,23220,82.2
SRA0001936,Broadridge,Smith WP,Ameriprise Financial,,Maggie,Smith,maggie.smith@amer.net,794-540-1836,"2066 Jefferson Dr, St. Louis, MO, 63101",St. Louis,MO,63101,55.4
SRA0001937,Broadridge,Murphy Family Wealth Group,Rockefeller Capital Management,7877694,Jim,Murphy,jim.murphy@rockcapi.net,396-790-2011,"4307 Jefferson St, Ste 828, Seattle, WA, 98101",Seattle,WA,98101,274.6
SRA0001938,Broadridge,Ramirez PC Group,Piper Sandler,1291453,Ronald,Ramirez,ramirezr@pipesand.com,388.902.4010,"2453 Oak Pl, Ste 1481, Portland, OR, 97201",Portland,OR,97201,461.8
SRA0001939,Broadridge,Flores Wealth Management Group,HighTower,,Steve,Flores,steve.flores@high.net,(367) 317-7265,"2988 Pine Ct, Portland, OR, 97201",Portland,OR,9720,30.6
SRA0001940,Broadridge,Davis Fin Adv Group,Steward Partners,4912003,Rob,Davis,rob.davis@stewpart.net,+18686748282,"4584 Elm Pl, Columbus, OH, 43201",Columbus,OH,43201-7671,2182.8
SRA0001941,Broadridge,Hughes Wealth Mgmt Team,Merrill Lynch,1889459,Deborah,Hughes,dhughes@merrlync.com,(498) 464-7815,"6867 Sunset Ct, Ste 662, San Diego, CA, 92101",San Diego,CA,92101,175.6
SRA0001942,Broadridge,Turner Wealth Solutions Grp,Merrill Lynch,5450482,Pat,Turner,pat.turner@merrlync.net,650.359.5211,"5614 Elm Rd, Ste 1955, New York, NY, 10017",New York,NY,10017,54.3
SRA0001943,Broadridge,Hughes Fam Wealth Group,Ameriprise Financial,9998338,Ry,Hughes,ry.hughes@amer.net,4672148233,"60 Capital Ln, Ste 2060, Hartford, CT, 06101",Hartford,CT,0610,35.9
SRA0001944,Broadridge,Miller WM Team,Oppenheimer & Co,3569483,R.,Miller,millerr@oppe.com,7585133540,"6536 Market St, Milwaukee, WI, 53201",Milwaukee,WI,53201,45.6
SRA0001945,Broadridge,Jackson Wealth Advisors,Piper Sandler,5314387,Jenny,Jackson,jjackson@pipesand.com,+13226481439,"22 River Dr, Orlando, FL, 32801",Orlando,FL,3280,207.9
SRA0001946,Broadridge,Richardson Wealth Mgmt Grp,Oppenheimer & Co,9645484,Betty,Richardson,brichardson@oppe.com,+12104062216,"6577 Madison Ln, Orlando, FL, 32801",Orlando,FL,32801,220.9
SRA0001947,Broadridge,Mitchell Fin Adv Group,UBS Financial Services,9786173,Deborah,Mitchell,dmitchell@ubs.com,+13953263854,"4301 Cedar Ct, Salt Lake City, UT, 84101",Salt Lake City,UT,84101,73.6
SRA0001948,Broadridge,Long Wealth Mgmt Team,Ameriprise Financial,5390450,Geo,Long,glong@amer.com,7692209557,"7209 Main Ave, Ste 2935, New York, NY, 10017",New York,NY,10017,
SRA0001949,Broadridge,Simmons Fam Wealth Group,Piper Sandler,3861354,Carol,Simmons,csimmons@pipesand.com,+12406918656,"1696 Oak Pl, Tampa, FL, 33601",Tampa,FL,33601,603.9
SRA0001950,Broadridge,Lewis Cap Grp,RBC Wealth Management,3544537,Andy,Lewis,lewisa@rbc.com,(863) 500-7754,"1364 Oak Rd, Las Vegas, NV, 89101",Las Vegas,NV,89101,82.9
SRA0001951,Broadridge,Brooks Wealth Management Group,Merrill Lynch,2780654,Bob,Brooks,rbrooks@merrlync.com,708.768.6932,"461 Elm St, Ste 708, Los Angeles, CA, 90025",Los Angeles,CA,90025,106.7
SRA0001952,Broadridge,Torres Family Wealth Group,Dynasty Financial Partners,,Maggie,Torres,maggie.torres@dynapart.net,(233) 283-1195,"2821 Capital Pl, Ste 2657, Cincinnati, OH, 45201",Cincinnati,OH,45201,332.7
SRA0001953,Broadridge,WrightWA,Mesirow Financial,4859903,Mary,Wright,mary.wright@mesi.net,813-632-6264,"9749 Lincoln Ln, Ste 3213, Cincinnati, OH, 45201",Cincinnati,OH,45201,1401.5
SRA0001954,Broadridge,Martin Wealth Advisors,Piper Sandler,5768310,B.,Martin,b..martin@pipesand.net,+13155574460,"7223 Hill St, San Francisco, CA, 94101",San Francisco,CA,9410,389.8
SRA0001955,Broadridge,Smith Wealth Partners,Hightower Advisors,8680694,Carol,Smith,csmith@highadvi.com,5088131760,"5951 Market Ln, Indianapolis, IN, 46201",Indianapolis,IN,46201,332.2
SRA0001956,Broadridge,Cooper Invest Group,UBS Financial Services,1584855,Linda,Cooper,cooperl@ubs.com,727.259.4464,"5529 Market Way, Ste 3108, Salt Lake City, UT, 84101",Salt Lake City,UT,84101,27.9
SRA0001957,Broadridge,Rivera Investment Group,Mesirow Fianncial,8327108,Sandy,Rivera,sandy.rivera@mesi.net,(414) 387-5234,,Cleveland,OH,44101,1185.1
SRA0001958,Broadridge,Gonzalez WM Team,Wells Fargo Advisors,7240198,Rick,Gonzalez,rick.gonzalez@wellfargad.net,9092729752,,Austin,TX,78701,314.4
SRA0001959,Broadridge,Powell Financial Group,Baird,7913049,Sue,Powell,spowell@bair.com,3207124434,,San Francisco,CA,94101-8013,644.9
SRA0001960,Broadridge,Garcia Financial Advisory Group,Raymond James,3598174,Jim,Garcia,jgarcia@raymjame.com,554-830-9115,"2200 Main Rd, Philadelphia, PA, 19101",Philadelphia,PA,19101,420.9
SRA0001961,Broadridge,Lee Adv Grp,yDnasty Financial Partners,,Babs,Lee,leeb@dynapart.com,265.976.5618,"7709 Lake Ct, Ste 1349, Hartford, CT, 06101",Hartford,CT,06101,877.8
SRA0001962,Broadridge,White Wealth Partners,Rockefeller Capital Management,4035488,R.,White,whiter@rockcapi.com,6336568010,,Charlotte,NC,28201,180.7
SRA0001963,Broadridge,Reed Invest Group,Baird,9602031,Ry,Reed,ry.reed@bair.net,464.662.5831,"1135 Park Ln, Ste 3860, Cleveland, OH, 44101",Cleveland,OH,44101-3825,436.3
SRA0001964,Broadridge,Moore Priv Client Group,Dynasty Financial Partners,6507846,Kate,Moore,kate.moore@dynapart.net,816.645.3981,"7434 River Ave, San Diego, CA, 92101",San Diego,CA,92101,3301.4
SRA0001965,Broadridge,Allen PW Group,Piper Sandler,3570121,Tony,Allen,aallen@pipesand.com,485.740.5691,,Dallas,TX,75201,221.7
SRA0001966,Broadridge,Thomas Wealth Part,UBS Financial Services,3219842,Tim,Thomas,tim.thomas@ubs.net,9184452017,"7625 Main Way, Ste 1133, Hartford, CT, 06101",Hartford,CT,06101,298.1
SRA0001967,Broadridge,Green Wealth Mgmt Team,RBC Wealth Management,3203178,Jon,Green,jgreen@rbc.com,+19233338364,"4908 Park Dr, Ste 3528, Los Angeles, CA, 90001",Los Angeles,CA,90001,141.1
SRA0001968,Broadridge,Long Asset Mgmt Group,Edward Jones,3717088,Angela,Long,along@edwajone.com,4915058480,"5770 Jefferson Dr, Chicago, IL, 60601",Chicago,IL,60601,46.9
SRA0001969,Broadridge,Barnes WP,Hightower Advisors,5973635,B.,Barnes,barnesb@highadvi.com,+12817351470,"2708 Liberty Ct, Orlando, FL, 32801",Orlando,FL,32801,277.3
SRA0001970,Broadridge,Moore Fin Adv Group,UBS Financial Services,1696315,Kev,Moore,moorek@ubs.com,5238285464,"6392 Financial Ct, Portland, OR, 97201",Portland,OR,97201-9680,830.4
SRA0001971,Broadridge,Bailey Private Client Group,Edward Jones,1745848,Barb,Bailey,baileyb@edwajone.com,4482814608,"2746 Capital Ct, Ste 3805, Las Vegas, NV, 89101",Las Vegas,NV,89101,
SRA0001972,Broadridge,Foster Pri vWealth Group,Edward Jones,4489411,Dave,Foster,dave.foster@edwajone.net,6425909568,"7152 Hill Blvd, New York, NY, 10017",New York,NY,10017,113.4
SRA0001973,Broadridge,Roberts Cap Grp,Raymond James,7353851,Barb,Roberts,broberts@raymjame.com,(229) 939-4984,,Atlanta,GA,30301,57.9
SRA0001974,Broadridge,Gray Wealth Solutions Group,RBC Wealth Management,2342069,J.,Gray,grayj@rbc.com,961-207-7663,"2982 Commerce Dr, Las Vegas, NV, 89101",Las Vegas,NV,89101,342.0
SRA0001975,Broadridge,Henderson Wealth Solutions Grp,Janney Montgomery Scott,3910582,Nancy,Henderson,nhenderson@jannmontsc.com,3978653114,"7421 Broadway St, Ste 1454, Kansas City, MO, 64101",Kansas City,MO,64101,275.0
SRA0001976,Broadridge,Cox PC Group,Janney Montgomery Scott,2021659,K.,Cox,coxk@jannmontsc.com,328-994-8574,"3615 Liberty Blvd, Ste 1510, Seattle, WA, 98101",Seattle,WA,98101,2915.7
SRA0001977,Broadridge,Flores Wealth Advisors,Mesirow Financial,2749212,Sarah,Flores,floress@mesi.com,306.625.8809,"9141 Commerce Ave, Ste 2491, Minneapolis, MN, 55401",Minneapolis,MN,55401,422.3
SRA0001978,Broadridge,Torres Wealth Sol Group,Piper Sandler,6759109,Nancy,Torres,ntorres@pipesand.com,+15898231166,"4867 Lake Ct, Denver, CO, 80201",Denver,CO,80201,24.2
SRA0001979,Broadridge,Morgan Wealth Mgmt Group,Mesirow Financial,5391778,Babs,Mrgan,mrganb@mesi.com,(520) 796-5571,"2616 Jefferson Ln, Ste 1789, Portland, OR, 97201",Portland,OR,9720,451.4
SRA0001980,Broadridge,Gray WP,HighTower,2428466,Nancy,Gray,ngray@high.com,+13319351773,"3693 Park Ct, Ste 580, Los Angeles, CA, 90025",Los Angeles,CA,90025,145.9
SRA0001981,Broadridge,Bailey WM Team,Rockefeller Capital Management,8118545,K.,Bailey,baileyk@rockcapi.com,+17628391873,"5251 Commerce Ave, Ste 2859, Boston, MA, 02134",Boston,MA,02134,
SRA0001982,Broadridge,Anderson Wealth Sol Group,Janney Montgomery Scott,8667763,Amy,Anderson,amy.anderson@jannmontsc.net,4864026342,"6615 Lincoln St, Ste 2786, Seattle, WA, 98101",Seattle,WA,98101,178.2
SRA0001983,Broadridge,Perez Asset Mgmt Group,Hightower Advisors,7137345,Pat,Perez,pat.perez@highadvi.net,822-641-7030,"7581 Financial Ln, Ste 2126, Chicago, IL, 60601",Chicago,IL,60601,4061.3
SRA0001984,Broadridge,Baker Fin Grp,HighTower,1426444,Jess,Baker,jess.baker@high.net,+15505314932,"6337 Cedar Ave, Ste 1330, Tampa, FL, 33601",Tampa,FL,33601-7888,224.6
SRA0001985,Broadridge,Bailey Asset Mgmt Grp,Edward Jones,6256890,Betty,Bailey,betty.bailey@edwajone.net,298.268.4030,"1517 Hill Rd, Ste 3010, Detroit, MI, 48201",Detroit,MI,48201,450.1
SRA0001986,Broadridge,Martin Asset Mgmt Group,Morgan Stanley,8945425,Kenny,Martin,martink@morgstan.com,845-594-5293,"7590 Washington St, Ste 3272, Los Angeles, CA, 90001",Los Angeles,CA,90001,362.6
SRA0001987,Broadridge,Hill PW Group,Morgan Stanley,3890762,Chuck,Hill,chill@morgstan.com,9402933761,,Phoenix,AZ,85001,46.1
SRA0001988,Broadridge,Sanchez Private Wealth Group,Oppenheimer & Co,2485573,Sarah,Sanchez,ssanchez@oppe.com,764.239.6926,"2700 Sunset Pl, Ste 2487, New York, NY, 10017",New York,NY,10017,163.1
SRA0001989,Broadridge,Washington Invest Group,Merrill Lynch,,Mike,Washington,mwashington@merrlync.com,290-339-4877,"2521 River Ln, Ste 453, Louisville, KY, 40201",Louisville,KY,40201-3429,193.8
SRA0001990,Broadridge,Price Asset Mgmt Group,UBS Financial Services,4912839,Laura,Price,laura.price@ubs.net,+14687147011,"7750 Pine Dr, Ste 3242, Seattle, WA, 98101",Seattle,WA,98101,443.9
SRA0001991,Broadridge,Hughes Family Wealth Grp,Edward Jones,,J.,Hughes,j..hughes@edwajone.net,2893909086,"3920 Hill Blvd, Ste 577, Richmond, VA, 23220",Richmond,VA,23220,35.8
SRA0001992,Broadridge,Perez Wealth Mgmt Team,HighTower,2547982,Johnny,Perez,johnny.perez@high.net,496.806.6002,"9183 Oak Blvd, Columbus, OH, 43201",Columbus,OH,43201,475.2
SRA0001993,Broadridge,Brooks Wealth Mgmt Group,Dynasty Financial Partners,7585981,S.,Brooks,brookss@dynapart.com,7759444389,"1542 Lincoln Blvd, Ste 1865, Chicago, IL, 60601",Chicago,IL,60601,172.3
SRA0001994,Broadridge,Miller Private Client Group,Stifel Financial,2427340,Patty,Miller,pmiller@stif.com,211.870.4566,"8977 Financial Ave, Kansas City, MO, 64101",Kansas City,MO,64101-8268,126.8
SRA0001995,Broadridge,Cook Wealth Mgmt Group,Stifel Financial,3665701,M.,Cook,cookm@stif.com,+12239815079,"4464 Lake Rd, Ste 2119, New York, NY, 10017",New York,NY,10017,1022.2
SRA0001996,Broadridge,Richardson Asset Mgmt Grp,Rockefeller Capital Management,1973604,Stevie,Richardson,stevie.richardson@rockcapi.net,932-707-8434,"5682 Cedar Rd, Pittsburgh, PA, 15201",Pittsburgh,PA,15201,861.2
SRA0001997,Broadridge,Lewis Wealth Solutions Grp,UBS Financial Services,4285754,Chuck,Lewis,lewisc@ubs.com,878.709.9254,"1259 Pine St, Ste 3740, Seattle, WA, 98101",Seattle,WA,98101,318.3
SRA0001998,Broadridge,Brown Asset Mgmt Group,LPL Financial,2013796,S.,Brown,browns@lpl.com,634-608-8563,"373 Main Rd, Ste 1250, Seattle, WA, 98101",Seattle,WA,98101,273.7
SRA0001999,Broadridge,Murphy Investment Group,UBS Financial Services,8060795,Sarah,Murphy,smurphy@ubs.com,(402) 455-3991,"3543 Hill Dr, Hartford, CT, 06101",Hartford,CT,06101,227.3
SRA0002000,Broadridge,Howard Investment Group,Rockefeller Capital Management,3870573,K.,Howard,k..howard@rockcapi.net,449-679-6489,,Richmond,VA,2322,153.0
SRA0002001,Broadridge,Ward WA,Raymond James,6665078,Cynthia,Ward,cward@raymjame.com,9604806833,"5184 Maple Dr, Hartford, CT, 06101",Hartford,CT,06101,56.9
SRA0002002,Broadridge,Brooks Asset Management Group,Oppenheimer & Co,3769803,Laura,Brooks,lbrooks@oppe.com,,"8121 Commerce Ct, Seattle, WA, 98101",Seattle,WA,98101,842.6
SRA0002003,Broadridge,Bell Capital Group,LPL Financial,5035266,Dot,Bell,dbell@lpl.com,,"4229 Park Way, Ste 1591, Boston, MA, 02134",Boston,MA,02134-3235,115.0
SRA0002004,Broadridge,Turner Asset Mgmt Grp,Oppenheimer & Co,5458527,J.,Turner,j..turner@oppe.net,300.602.4782,"8047 Pine Blvd, Ste 1033, Austin, TX, 78701",Austin,TX,78701,74.3
SRA0002005,Broadridge,Nelson Financial Advisory Group,Janney Montgomery Scott,7704777,R.,Nelson,rnelson@jannmontsc.com,2383245262,"5872 Market Ln, Ste 523, Kansas City, MO, 64101",Kansas City,MO,64101,462.5
SRA0002006,Broadridge,Wright Asset Mgmt Grp,Ameriprise Financial,6227878,Emily,Wright,ewright@amer.com,928-419-7213,"1122 Pine Way, Ste 584, Tampa, FL, 33601",Tampa,FL,33601,57.4
SRA0002007,Broadridge,Roberts Wealth Solutions Grp,Merrill Lynch,2277216,J.,Roberts,robertsj@merrlync.com,+12917283726,,Orlando,FL,32801,460.2
SRA0002008,Broadridge,Hall Fin Adv Group,Ameriprise Financial,5286376,Ed,Hall,ed.hall@amer.net,4377118406,"1467 Lake St, Ste 3693, Columbus, OH, 43201",Columbus,OH,43201,828.5
SRA0002009,Broadridge,Patterson Investment Group,Baird,6942025,Nancy,Patterson,nancy.patterson@bair.net,(890) 620-7946,,Memphis,TN,38101,199.4
SRA0002010,Broadridge,Price Wealth Advs,Oppenheimer & Co,4700156,D.,Price,d..price@oppe.net,+17355858726,"4376 Cedar Ave, Boston, MA, 02134",Boston,MA,02134,130.8
SRA0002011,Broadridge,Clark Asset Management Group,Piper Sandler,7168151,Emily,Clark,emily.clark@pipesand.net,873.256.6322,"7389 Main Dr, Ste 3298, Richmond, VA, 23220",Richmond,VA,23220,244.3
SRA0002012,Broadridge,Hernandez Wealth Advs,Oppenheimer & Co,7909918,J.,Hernandez,jhernandez@oppe.com,9094651315,"3942 Lake Ct, Los Angeles, CA, 90001",Los Angeles,CA,90001-5707,169.1
SRA0002013,Broadridge,Washington Investment Group,Wells Fargo Advisors,7496103,Kev,Washington,kwashington@wellfargad.com,(638) 789-6395,"4812 Cedar Ave, Louisville, KY, 40201",Louisville,KY,40201,559.9
SRA0002014,Broadridge,Flores Investment Group,LPL Financial,6350660,Betty,Flores,bflores@lpl.com,+17993884837,"5129 Maple Way, Baltimore, MD, 21201",Baltimore,MD,21201,40.2
SRA0002015,Broadridge,Lee Invest Group,Oppenheimer & Co,1774820,M.,Lee,mlee@oppe.com,,"210 Lincoln Ct, Chicago, IL, 60614",Chicago,IL,60614-8661,95.9
SRA0002016,Broadridge,Patterson Invest Group,HighTower,5016593,Tommy,Patterson,tpatterson@high.com,,"9166 Hill Ave, Las Vegas, NV, 89101",Las Vegas,NV,89101,168.4
SRA0002017,Broadridge,Ross WP,RBC Wealth Management,4388883,Danny,Ross,dross@rbc.com,,"2769 Commerce Pl, Boston, MA, 02134",Boston,MA,02134-2722,306.5
SRA0002018,Broadridge,Bell Advisory Group,Dynasty Financial Partners,6464531,Meg,Beell,beellm@dynapart.com,(587) 480-8476,"7740 Maple Ave, Ste 2395, Seattle, WA, 98101",Seattle,WA,98101,465.0
SRA0002019,Broadridge,Foster Wealth Solutions Grp,UBS Financial Services,9753354,Sharon,Foster,sfoster@ubs.com,,"34 Broadway Ave, Ste 1806, Los Angeles, CA, 90001",Los Angeles,CA,90001,287.2
SRA0002020,Broadridge,Hill PW Group,Rockefeller Capital Management,5046252,K.,Hill,khill@rockcapi.com,708.938.8911,"4791 Commerce Pl, Ste 331, Atlanta, GA, 30301",Atlanta,GA,30301,152.7
SRA0002021,Broadridge,Gray WA,Wells Fargo Advisors,2590594,Sue,Gray,grays@wellfargad.com,3602881504,,Cleveland,OH,44101,268.6
SRA0002022,Broadridge,Wood WealthAdvs,Oppenheimer & Co,1327637,Mick,Wood,mwood@oppe.com,+13517548051,"5908 Washington Ct, San Diego, CA, 92101",San Diego,CA,92101,719.1
SRA0002023,Broadridge,Williams Wealth Mgmt Group,Mesirow Financial,9727291,Deborah,Williams,williamsd@mesi.com,262.740.9390,,Indianapolis,IN,46201,849.4
SRA0002024,Broadridge,Cooper Invest Group,RBC Wealth Management,8301344,J.,Cooper,jcooper@rbc.com,7039395988,"8861 Lincoln Way, Louisville, KY, 40201",Louisville,KY,40201,720.5
SRA0002025,Broadridge,Turner Wealth Management Group,Janney Montgomery Scott,5513430,Lisa,Turner,lturner@jannmontsc.com,,"7236 Cedar Way, Ste 1576, Minneapolis, MN, 55401",Minneapolis,MN,55401-9188,1129.4
SRA0002026,Broadridge,White Fin Adv Group,Oppenheimer & Co,4787760,Mick,White,mick.white@oppe.net,259-421-3048,"6373 Lake Rd, Ste 3894, Milwaukee, WI, 53201",Milwaukee,WI,53201,257.1
SRA0002027,Broadridge,Stewart Private Wealth Group,RBC Wealth Management,,Amy,Stewart,amy.stewart@rbc.net,(971) 993-5225,"643 Madison Dr, Ste 1872, Milwaukee, WI, 53201",Milwaukee,WI,53201-3545,1254.7
SRA0002028,Broadridge,Jackson Invest Grp,Raymond James,9030174,Kev,Jackson,kev.jackson@raymjame.net,576.325.3050,,Detroit,MI,48201,79.5
SRA0002029,Broadridge,Brown Private Client Group,Morgan Stanley,7848369,Sarah,Brown,sarah.brown@morgstan.net,+18144134180,"2229 Broadway Way, Ste 1156, Seattle, WA, 98101",Seattle,WA,98101,26.4
SRA0002030,Broadridge,Howard Priv Client Group,Janney Montgomery Scott,9718036,Charlie,Howard,choward@jannmontsc.com,436.676.3290,"3590 Broadway Blvd, Ste 3175, San Francisco, CA, 94101",San Francisco,CA,94101-2014,1220.6
SRA0002031,Broadridge,Wilson Private Wealth Group,Morgan Stanley,1892659,Ant,Wilson,awilson@morgstan.com,207-756-6114,,Kansas City,MO,64101,552.0
SRA0002032,Broadridge,Bryant Wealth Mgmt Group,Mesirow Financial,4205914,Ant,Bryant,,438.979.4221,"2029 Liberty Ct, Miami, FL, 33101",Miami,FL,33101,44.2
SRA0002033,Broadridge,Howard Wealth Part,Ameriprise Financial,7040592,Ant,Howard,ahoward@amer.com,(861) 698-9969,"208 Lake Pl, Ste 513, Cincinnati, OH, 45201",Cincinnati,OH,45201,255.7
SRA0002034,Broadridge,Washington Asset Mgmt Group,Janney Montgomery Scott,,Linda,Washington,linda.washington@jannmontsc.net,,"8854 Main Way, Ste 3557, Kansas City, MO, 64101",Kansas City,MO,64101,140.2
SRA0002035,Broadridge,Hill Wealth Management Team,Raymond James,4732223,Josh,Hill,jhill@raymjame.com,674.835.3577,"7129 Hill St, Ste 3021, Indianapolis, IN, 46201",Indianapolis,IN,46201,119.6
SRA0002036,Broadridge,Flores Wealth Advisors,LPL Financial,9880506,Nancy,Flores,nflores@lpl.com,+15718314345,"4311 Cedar Ct, Austin, TX, 78701",Austin,TX,78701,72.1
SRA0002037,Broadridge,Brooks Priv Wealth Group,Morgan Stanley,9688611,Nancy,Brooks,,(422) 893-4460,"1316 Sunset St, Ste 487, Milwaukee, WI, 53201",Milwaukee,WI,53201,810.1
SRA0002038,Broadridge,Mitchell Wealth Solutions Grp,Dynasty Financial Partners,7086861,Jenny,Mitchell,jmitchell@dynapart.com,282.897.1489,"2094 River St, Ste 1879, Pittsburgh, PA, 15201",Pittsburgh,PA,15201,127.4
SRA0002039,Broadridge,Henderson Capital Group,Morgan Stanley,8902593,Ronald,Henderson,rhenderson@morgstan.com,(295) 504-9714,,Denver,CO,8020,1052.7
SRA0002040,Broadridge,Foster PW Group,Merrill Lynch,6207975,Dave,Foter,foterd@merrlync.com,3506807244,"2768 Cedar Ave, Ste 2418, Atlanta, GA, 30301",Atlanta,GA,3030,234.4
SRA0002041,Broadridge,Long Investment Group,Mesirow Financial,5314614,Donnie,Long,dlong@mesi.com,829.544.5735,"119 Washington Ct, Ste 1412, Memphis, TN, 38101",Memphis,TN,38101,138.6
SRA0002042,Broadridge,Campbell Asset Management Group,Oppenheimer & Co,2249674,Timmy,Campbell,,+16812599413,,Miami,FL,33101,78.3
SRA0002043,Broadridge,PPerry PC Group,Raymond James,3814291,Johnny,Perry,johnny.perry@raymjame.net,559-953-7398,"7557 Washington Blvd, Ste 3088, Seattle, WA, 98101",Seattle,WA,98101,107.5
SRA0002044,Broadridge,Bailey Investment Group,Mesirow Financial,2095751,Drew,Bailey,drew.bailey@mesi.net,636-883-7413,,Louisville,KY,40201,545.4
SRA0002045,Broadridge,Richardson Cap Group,Oppenheimer & Co,3587917,Susie,Richardson,srichardson@oppe.com,6235165984,,Las Vegas,NV,89101,488.7
SRA0002046,Broadridge,Wood Wealth Advs,Janney Montgomery Scott,9125941,Bryan,Wood,woodb@jannmontsc.com,6412591380,"9822 Washington Pl, Ste 1799, Chicago, IL, 60614",Chicago,IL,60614,2272.6
SRA0002047,Broadridge,Washington Wealth Advs,Janney Montgomery Scott,5142710,Cynthia,Washington,cynthia.washington@jannmontsc.net,+19324787856,"7133 Financial Ln, Ste 2122, New York, NY, 10001",New York,NY,10001,148.4
SRA0002048,Broadridge,Stewart Asset Management Group,Steward Partners,9429827,Matt,Stewart,mstewart@stewpart.com,4426555480,"4023 Lake Rd, Ste 3456, Las Vegas, NV, 89101",Las Vegas,NV,89101-8488,
SRA0002049,Broadridge,Green Priv WealthGroup,HighTower,3646482,Jenny,Green,jgreen@high.com,964-531-1946,"2455 Park St, Ste 2437, Detroit, MI, 48201",Detroit,MI,48201,432.4
SRA0002050,Broadridge,Long Investment Group,Piper Sandler,4729429,Deborah,Long,dlong@pipesand.com,+15059934804,"5871 Lake Ct, Ste 1451, Louisville, KY, 40201",Louisville,KY,40201,473.6
SRA0002051,Broadridge,White WA,Wells Fargo Advisors,1540118,Joey,White,jwhite@wellfargad.com,,,Orlando,FL,32801,213.1
SRA0002052,Broadridge,Flores Fin Grp,Oppenheimer & Co,,Becca,Flores,floresb@oppe.com,4176887592,"4253 Lincoln Ln, Ste 3109, Orlando, FL, 32801",Orlando,FL,32801-1532,25.5
SRA0002053,Broadridge,Perry Capital Group,UBS Financial Services,3976602,Joe,Perry,joe.perry@ubs.net,318.546.1725,"3896 Financial Way, Atlanta, GA, 30301",Atlanta,GA,30301,788.5
SRA0002054,Broadridge,Turner Private Client Group,Hightower Advisors,1711440,Sue,Turner,sturner@highadvi.com,(509) 325-6142,"8539 Capital Dr, Ste 1627, Cincinnati, OH, 45201",Cincinnati,OH,45201,51.2
SRA0002055,Broadridge,Ward PC Group,Oppenheimer & Co,2684720,Steph,Ward,steph.ward@oppe.net,(428) 727-6141,"5172 Main St, Ste 1487, New York, NY, 10001",New York,NY,10001,124.1
SRA0002056,Broadridge,Richardson WM Team,Merrill Lynch,6936127,Matt,Richardson,richardsonm@merrlync.com,6762969879,"1518 Sunset Ct, Ste 3162, Chicago, IL, 60601",Chicago,IL,60601,375.6
SRA0002057,Broadridge,Nguyen Fin Grp,HighTower,7730547,Karen,Nguyen,knguyen@high.com,840-941-7122,"593 Sunset Rd, Ste 488, Miami, FL, 33101",Miami,FL,33101,641.0
SRA0002058,Broadridge,Brooks Adv Group,Oppenheimer & Co,9262026,Marc,Brooks,brooksm@oppe.com,+12786941127,"8787 Main Ln, Chicago, IL, 60614",Chicago,IL,60614-3412,28.0
SRA0002059,Broadridge,Clark Asset Mgmt Group,Edward Jones,9227474,Karen,Clark,kclark@edwajone.com,918-303-7923,"1372 Cedar Dr, Ste 675, New York, NY, 10017",New York,NY,10017,247.6
SRA0002060,Broadridge,Harris Fin Grp,Ameriprise Financial,5449090,Donna,Harris,harrisd@amer.com,(242) 881-1854,"3494 Broadway Ave, San Francisco, CA, 94101",San Francisco,CA,94101,356.4
SRA0002061,Broadridge,Campbell Advisory Group,Hightower Advisors,3592071,Patty,Campbell,campbellp@highadvi.com,,"8863 Main Way, Ste 379, Orlando, FL, 32801",Orlando,FL,32801,220.8
SRA0002062,Broadridge,Parker PC Group,Raymond James,7217607,Laura,Parker,laura.parker@raymjame.net,275-639-6210,"8035 Pine Blvd, Ste 2370, Denver, CO, 80201",Denver,CO,80201,7490.9
SRA0002063,Broadridge,Coleman Adv Grp,UBS Financial Services,3210560,Mike,Coleman,colemanm@ubs.com,884-927-4768,"9973 Park Dr, Ste 1429, Dallas, TX, 75201",Dallas,TX,75201,33.8
SRA0002064,Broadridge,Bryant Asset Mgmt Grp,Hightower Advisors,8200630,Sarah,Bryant,sarah.bryant@highadvi.net,(354) 426-2884,"4662 River Way, Ste 2916, Salt Lake City, UT, 84101",Salt Lake City,UT,84101,205.0
SRA0002065,Broadridge,Bennett Wealth Solutions Grp,Wells Fargo Advisors,7491156,Ashley,Bennett,ashley.bennett@wellfargad.net,848.310.7628,"8972 Oak Ln, Ste 1508, Salt Lake City, UT, 84101",Salt Lake City,UT,84101,120.2
SRA0002066,Broadridge,Rodriguez Asset Mgmt Group,Raymond James,3054355,D.,Rodriguez,drodriguez@raymjame.com,(614) 480-2691,"9123 Main Ln, Ste 3361, Seattle, WA, 98101",Seattle,WA,98101,268.4
SRA0002067,Broadridge,Garcia Priv Client Group,Steward Partners,9381279,Deborah,Garcia,deborah.garcia@stewpart.net,+13044621624,"9041 Park Ln, Ste 1433, Milwaukee, WI, 53201",Milwaukee,WI,53201,200.6
SRA0002068,Broadridge,Ramirez Wealth Mgmt Grp,Janney Montgomery Scott,6577035,P.,Ramirez,p..ramirez@jannmontsc.net,713-235-7782,"2158 Lincoln Ln, Ste 1870, New York, NY, 10001",New York,NY,10001,37.8
SRA0002069,Broadridge,Lewis Wealth Advs,HighTower,1681517,Sue,Lewis,sue.lewis@high.net,698.464.3320,"9968 Lake Ave, Ste 2824, Memphis, TN, 38101",Memphis,TN,38101,77.3
SRA0002070,Broadridge,Williams Fin Grp,Stifel Financial,8433356,Meg,Williams,mwilliams@stif.com,,"3122 Liberty Ct, Ste 1763, Baltimore, MD, 21201",Baltimore,MD,21201,9767.2
SRA0002071,Broadridge,Hernandez Asset Management Group,HighTower,1753233,Karen,Hernandez,khernandez@high.com,2986005680,"8117 Cedar Ct, Miami, FL, 33101",Miami,FL,33101,41.1
SRA0002072,Broadridge,Reed Wealth Advisors,Stifel Financial,3260741,Joe,Reed,joe.reed@stif.net,(902) 596-3121,"9974 Lincoln Way, Ste 3207, Austin, TX, 78701",Austin,TX,78701,76.3
SRA0002073,Broadridge,Moore Cap Grp,Steward Partners,4181647,Ed,Moore,mooree@stewpart.com,515.811.9553,"2089 Lake Way, New York, NY, 10001",New York,NY,10001,2718.7
SRA0002074,Broadridge,Ross Family Wealth Grp,Oppenheimer & Co,9348957,Cynthia,Ross,rossc@oppe.com,9637025839,,Dallas,TX,75201,98.0
SRA0002075,Broadridge,Taylr Wealth Mgmt Team,LPL Financial,3482342,Amy,Taylor,ataylor@lpl.com,480-383-4327,"5574 Cedar Rd, St. Louis, MO, 63101",St. Louis,MO,63101,477.7
SRA0002076,Broadridge,Jones Advisory Group,Merrill Lynch,7551149,Deborah,Jones,djones@merrlync.com,264-663-3945,"1770 Sunset St, Ste 715, Austin, TX, 78701",Austin,TX,78701,401.6
SRA0002077,Broadridge,Campbell Wealth Partners,RBC Wealth Management,4161126,Nancy,Campbell,ncampbell@rbc.com,9363219438,"4460 Sunset Way, Ste 2609, Chicago, IL, 60614",Chicago,IL,60614,107.4
SRA0002078,Broadridge,Torres Priv Wealth Group,Raymond James,,Marc,Torrres,torrresm@raymjame.com,819.287.3406,"9481 Lake Ln, Boston, MA, 02101",Boston,MA,02101,185.9
SRA0002079,Broadridge,Wilson PC Group,Ameriprise Financial,1519571,K.,Wilson,kwilson@amer.com,+17516979388,,Charlotte,NC,28201-7417,40.3
SRA0002080,Broadridge,Cook Asset Mgmt Grp,Dynasty Financial Partners,2925307,Sharon,Cook,cooks@dynapart.com,,"3737 Pine Dr, Ste 3951, Nashville, TN, 37201",Nashville,TN,37201,486.5
SRA0002081,Broadridge,Patterson Wealth Management Team,Hightower Advisors,1715290,Becca,Patterson,becca.patterson@highadvi.net,,"2468 Hill Blvd, New York, NY, 10001",New York,NY,10001,304.1
SRA0002082,Broadridge,Richardson Asset Mgmt Grp,HighTower,8943531,Ry,Richardson,ry.richardson@high.net,6624896682,"2089 Jefferson Dr, Seattle, WA, 98101",Seattle,WA,98101,154.4
SRA0002083,Broadridge,Richardson Fin Adv Group,Steward Partners,3501378,Jenny,Richardson,jrichardson@stewpart.com,,"3043 Cedar Rd, Ste 578, Indianapolis, IN, 46201",Indianapolis,IN,46201,93.5
SRA0002084,Broadridge,Morgan Wealth Advs,Hightower Advisors,5186385,Laura,Morgan,lmorgan@highadvi.com,+14575446988,,Hartford,CT,06101,338.8
SRA0002085,Broadridge,King Capital Group,Mesirow Financial,7370156,Jim,King,jim.king@mesi.net,5879251725,"8721 Cedar Ct, Ste 2128, Portland, OR, 97201",Portland,OR,97201,263.5
SRA0002086,Broadridge,Washington Family Wealth Grp,Hightower Advisors,4483070,Ken,Washington,washingtonk@highadvi.com,(273) 900-4524,"6391 Commerce Rd, Boston, MA, 02101",Boston,MA,02101,857.5
SRA0002087,Broadridge,Roberts Invest Group,UBS Financial Services,,Jim,Roberts,jroberts@ubs.com,,"5110 Lake Dr, Ste 2537, Pittsburgh, PA, 15201",Pittsburgh,PA,15201,862.5
SRA0002088,Broadridge,Cook Asset Management Group,Wells Fargo Advisors,4804764,Steph,Cook,cooks@wellfargad.com,(432) 448-5532,"9514 Lincoln Blvd, Tampa, FL, 33601",Tampa,FL,33601,1199.7
SRA0002089,Broadridge,Brown Wealth Mgmt Grp,UBS Financial Services,5940769,Ry,Brown,brownr@ubs.com,5088149131,"5969 Commerce Rd, Seattle, WA, 98101",Seattle,WA,9810,327.1
SRA0002090,Broadridge,Rodriguez Adv Grp,Hightower Advisors,9585494,Nancy,Rodriguez,nrodriguez@highadvi.com,(613) 254-3143,,Kansas City,MO,64101,86.2
SRA0002091,Broadridge,Gray Fam Wealth Group,Morgan Stanley,8557614,Steve,Gray,grays@morgstan.com,411-902-2927,"5116 Market Dr, Minneapolis, MN, 55401",Minneapolis,MN,55401,105.1
SRA0002092,Broadridge,Flores Family Wealth Grp,Mesirow Financial,7756005,R.,Flores,rflores@mesi.com,+15946206787,"6590 Main St, Philadelphia, PA, 19101",Philadelphia,PA,1910,286.4
SRA0002093,Broadridge,Butler Fin Adv Group,Raymond James,,Eddie,Butler,butlere@raymjame.com,903.860.9827,"2082 Maple Dr, Dallas, TX, 75201",Dallas,TX,75201-7537,258.7
SRA0002094,Broadridge,Howard Family Wealth Grp,Edward Jones,4615384,Timmy,Howard,thoward@edwajone.com,813-410-4236,"182 Hill Rd, Las Vegas, NV, 89101",Las Vegas,NV,89101,450.2
SRA0002095,Broadridge,Perez Cap Grp,Morgan Stanley,1544614,Jess,Perze,jperze@morgstan.com,479.756.6772,"3795 Maple Blvd, Ste 2776, Detroit, MI, 48201",Detroit,MI,48201,465.7
SRA0002096,Broadridge,Baker Asset Mgmt Group,Hightower Advisors,2886851,Tony,Baker,,7338736067,"7095 Sunset Ave, Ste 1170, Salt Lake City, UT, 84101",Salt Lake City,UT,84101,707.4
SRA0002097,Broadridge,Brown Priv Client Group,Piper Sandler,2482237,Joey,Brown,jbrown@pipesand.com,685.975.1310,"5029 Commerce Dr, Baltimore, MD, 21201",Baltimore,MD,21201,86.6
SRA0002098,Broadridge,Cox WM Team,Wells Fargo Advisors,7245694,Nancy,Cox,coxn@wellfargad.com,(786) 464-3734,"1201 Capital Dr, Ste 3191, Cleveland, OH, 44101",Cleveland,OH,44101-7335,26.7
SRA0002099,Broadridge,Wilson Asset Management Group,LPL Financial,,Cynthia,Wilson,cwilson@lpl.com,544-790-9135,"2905 Broadway Way, Ste 2228, Miami, FL, 33101",Miami,FL,33101,66.4
SRA0002100,Broadridge,Bell Fin Grp,Janney Montgomery Scott,4500040,Mary,Bell,bellm@jannmontsc.com,+15162918954,"4209 Capital Ave, Ste 1001, Tampa, FL, 33601",Tampa,FL,33601,353.4
SRA0002101,Broadridge,Peterson Asset Mgmt Grp,Steward Partners,8253680,Johnny,Peterson,johnny.peterson@stewpart.net,7033334145,"3285 Capital St, Atlanta, GA, 30301",Atlanta,GA,30301,75.4
SRA0002102,Broadridge,Evans WP,Wells Fargo Advisors,2782784,S.,Evans,evanss@wellfargad.com,,,Los Angeles,CA,90001,386.2
SRA0002103,Broadridge,Murphy Financial Advisory Group,HighTower,1214182,Steve,Murphy,,(289) 202-9594,"6452 Maple Way, Philadelphia, PA, 19101",Philadelphia,PA,19101,308.9
SRA0002104,Broadridge,Morgan Capital Group,RBC Wealth Management,1613527,Ed,Morgan,morgane@rbc.com,7988917461,"1937 Oak Blvd, Atlanta, GA, 30301",Atlanta,GA,30301-6025,185.1
SRA0002105,Broadridge,Edwards PW Group,Stifel Financial,,Danny,Edwards,danny.edwards@stif.net,362.473.6948,"7684 Maple Rd, Ste 2893, Los Angeles, CA, 90025",Los Angeles,CA,90025,62.0
SRA0002106,Broadridge,Sanchez Asset Management Group,Edward Jones,1119336,Lisa,Sanchez,sanchezl@edwajone.com,321.318.6499,,Baltimore,MD,21201,1164.7
SRA0002107,Broadridge,Murphy Wealth Advisors,LPL Financial,8113716,Sandy,Murphy,smurphy@lpl.com,+17205487656,"8330 Commerce Ct, San Diego, CA, 92101",San Diego,CA,92101,6002.9
SRA0002108,Broadridge,Alexander Wealth Management Group,UBS Financial Services,8957144,Tim,Alexander,talexander@ubs.com,4055559207,"6202 Broadway Ln, Louisville, KY, 40201",Louisville,KY,40201-3500,252.8
SRA0002109,Broadridge,Turner Invest Grp,Ameriprise Financial,9220873,Steph,Turner,sturner@amer.com,6057047951,"5746 Capital Way, Los Angeles, CA, 90025",Los Angeles,CA,90025,346.0
SRA0002110,Broadridge,Nelson Family Wealth Grp,Hightower Advisors,5350046,Emily,Nelson,enelson@highadvi.com,+17978485343,"7252 Pine Rd, Ste 2673, Orlando, FL, 32801",Orlando,FL,32801,470.3
SRA0002111,Broadridge,Stewart Wealth Solutions Group,Ameriprise Financial,1394564,P.,Stewart,pstewart@amer.com,+15734478252,"8113 Elm St, Ste 1217, Los Angeles, CA, 90001",Los Angeles,CA,90001,218.3
SRA0002112,Broadridge,Phillips Priv Wealth Group,Baird,1452742,Lisa,Phillips,,442-651-6724,"4582 Commerce St, Cleveland, OH, 44101",Cleveland,OH,44101,122.1
SRA0002113,Broadridge,Smith Private Wealth Group,Janney Montgomery Scott,7759768,Linda,Smith,lsmith@jannmontsc.com,(794) 393-4056,"9948 Maple Dr, Ste 1655, Miami, FL, 33101",Miami,FL,33101,214.8
SRA0002114,Broadridge,Cox Private Client Group,Morgan Stanley,8964456,Emily,Cox,emily.cox@morgstan.net,426-669-4424,"908 Lake Ave, Ste 3056, New York, NY, 10017",New York,NY,10017,75.5
SRA0002115,Broadridge,Thompson WWealth Solutions Group,Ameriprise Financial,3368143,Ant,Thompson,,(617) 569-9462,"3776 Commerce Pl, St. Louis, MO, 63101",St. Louis,MO,63101,1411.1
SRA0002116,Broadridge,Sanchez Cap Group,Stifel Financial,8164562,Tony,Sanchez,asanchez@stif.com,472.908.7456,"7076 Oak Dr, Ste 3610, Charlotte, NC, 28201",Charlotte,NC,2820,883.0
SRA0002117,Broadridge,Bell Wealth Sol Group,LPL Financial,1900697,Laura,Bell,laura.bell@lpl.net,925-976-5647,"1144 Oak Ave, Ste 2673, Philadelphia, PA, 19101",Philadelphia,PA,19101,852.6
SRA0002118,Broadridge,Richardson PW Group,LPL Financial,6392735,Matt,Richardson,matt.richardson@lpl.net,657-871-7081,"4417 Broadway Ct, Ste 3602, Portland, OR, 97201",Portland,OR,97201,
SRA0002119,Broadridge,Hall Cap Group,Edward Jones,8840700,Jon,Hall,,2299437610,"8649 Broadway Rd, Ste 2026, Atlanta, GA, 30301",Atlanta,GA,30301,393.5
SRA0002120,Broadridge,Hernandez Wealth Advisors,Steward Partners,7696236,Mary,Hernandez,hernandezm@stewpart.com,(297) 423-2798,"2087 Washington Pl, Ste 1590, San Francisco, CA, 94101",San Francisco,CA,94101-4848,113.8
SRA0002121,Broadridge,Sanders Invest Group,Hightower Advisors,5168475,Betty,Sanders,,(710) 621-9200,"7306 Main Rd, Seattle, WA, 98101",Seattle,WA,98101,147.7
SRA0002122,Broadridge,Johnson Fin Group,Rockefeller Capital Management,7096256,Carol,Johnson,cjohnson@rockcapi.com,3212308001,"4380 Oak Pl, Ste 1963, Los Angeles, CA, 90001",Los Angeles,CA,90001,57.8
SRA0002123,Broadridge,Howard Famiy Wealth Group,Stifel Financial,4292993,Ant,Howard,ant.howard@stif.net,+12104335166,"8480 Sunset Pl, Ste 3908, Columbus, OH, 43201",Columbus,OH,43201,60.1
SRA0002124,Broadridge,Torres Wealth Solutions Grp,Merrill Lynch,9624709,Maggie,Torres,,,"3099 Maple Pl, Ste 3455, Philadelphia, PA, 19101",Philadelphia,PA,19101,91.9
SRA0002125,Broadridge,Perry Asset Management Group,Piper Sandler,2387594,Donnie,Perry,dperry@pipesand.com,638.704.9507,"5335 Capital Ct, Phoenix, AZ, 85001",Phoenix,AZ,85001,102.7
SRA0002126,Broadridge,Garcia Adv Grp,Steward Partners,4123755,P.,Garcia,pgarcia@stewpart.com,840.234.8555,"6091 Jefferson St, Salt Lake City, UT, 84101",Salt Lake City,UT,84101,277.1
SRA0002127,Broadridge,Collins Fin Group,HighTower,7066692,Charlie,Collins,ccollins@high.com,(362) 411-1618,"2136 Capital Way, Ste 996, Dallas, TX, 75201",Dallas,TX,75201,
SRA0002128,Broadridge,Price Private Wealth Group,Edward Jones,5107484,Angela,Price,aprice@edwajone.com,+12306502922,"5788 Lake St, Detroit, MI, 48201",Detroit,MI,48201,34.0
SRA0002129,Broadridge,Lee Wealth Mgmt Team,Merrill Lynch,6994207,Ant,Lee,alee@merrlync.com,420.295.6347,"72 Main Ln, Ste 421, Cincinnati, OH, 45201",Cincinnati,OH,45201,2831.7
SRA0002130,Broadridge,Cox PC Group,Stifel Financial,9660487,Josh,Cox,coxj@stif.com,(567) 654-8953,"9831 Lincoln Dr, Ste 2252, Seattle, WA, 98101",Seattle,WA,98101,1486.0
SRA0002131,Broadridge,Butler Wealth Advisors,Baird,2420119,P.,Butler,butlerp@bair.com,,"2382 Washington Ct, Phoenix, AZ, 85001",Phoenix,AZ,85001,142.3
SRA0002132,Broadridge,Scott Fin Group,Raymond James,9463153,Kathy,SScott,sscottk@raymjame.com,5513896936,"5983 Liberty Pl, Houston, TX, 77001",Houston,TX,77001,
SRA0002133,Broadridge,Cox Wealth Part,UBS Financial Services,,Shelly,Cox,mcox@ubs.com,+13267887934,"5380 Hill Ln, Salt Lake City, UT, 84101",Salt Lake City,UT,84101,366.7
SRA0002134,Broadridge,Wilson Wealth Mgmt Group,Baird,5726559,Ed,Wilson,ed.wilson@bair.net,799.957.2886,"5331 Main Ct, Ste 2780, Columbus, OH, 43201",Columbus,OH,43201,272.9
SRA0002135,Broadridge,Mitchell Wealth Sol Group,Dynasty Financial Partners,3117134,P.,Mitchell,pmitchell@dynapart.com,422-726-8329,"2432 Hill Dr, Ste 2024, Tampa, FL, 33601",Tampa,FL,33601,171.6
SRA0002136,Broadridge,Williams Wealth Mgmt Grp,Rockefeller Capital Management,,Bob,Williams,bob.williams@rockcapi.net,814-491-9968,"5088 Financial Way, Ste 1186, Cleveland, OH, 44101",Cleveland,OH,44101,1531.3
SRA0002137,Broadridge,Collins PW Group,Raymond James,3584329,Jay,Collins,jcollins@raymjame.com,+15375724620,"5629 Main Blvd, San Diego, CA, 92101",San Diego,CA,92101,109.3
SRA0002138,Broadridge,King Private Client Group,HighTower,6052053,Jeff,King,jking@high.com,+13263583507,"8042 Cedar Pl, Ste 908, Orlando, FL, 32801",Orlando,FL,32801,70.6
SRA0002139,Broadridge,Torres Wealth Mgmt Team,Janney Montgomery Scott,1829219,Amy,Torres,,257-547-5635,"5973 River Ct, Ste 1286, Charlotte, NC, 28201",Charlotte,NC,28201,1830.6
SRA0002140,Broadridge,Barnes Wealth Sol Group,Baird,4142999,Bryan,Barnes,bbarnes@bair.com,3256344517,"3335 Sunset Pl, Portland, OR, 97201",Portland,OR,9720,1124.9
SRA0002141,Broadridge,Cooper Advisory Group,Morgan Stanley,2537762,Tim,Cooper,tcooper@morgstan.com,230.714.7838,"833 Hill Dr, Ste 463, New York, NY, 10001",New York,NY,10001,
SRA0002142,Broadridge,Nelson Adv Group,Rockefeller Capital Management,2568497,Cynthia,Nelson,cnelson@rockcapi.com,,"9554 Park Dr, Ste 1671, San Francisco, CA, 94101",San Francisco,CA,94101,1868.5
SRA0002143,Broadridge,Wood Wealth Sol Group,RBC Wealth Management,,Carol,Wood,cwood@rbc.com,+17187596738,,San Diego,CA,92101,1194.3
SRA0002144,Broadridge,Long Priv Client Group,RBC Wealth Management,1714120,S.,Long,s..long@rbc.net,3892024869,"8903 Commerce Pl, Ste 3965, Memphis, TN, 38101",Memphis,TN,38101,62.2
SRA0002145,Broadridge,Moore Adv Grp,Merrill Lynch,5931598,Sharon,Moore,,(390) 960-7631,"7127 Hill Pl, Ste 3081, Nashville, TN, 37201",Nashville,TN,37201,134.3
SRA0002146,Broadridge,Scott Investment Group,Merrill Lynch,4256866,J.,Scott,jscott@merrlync.com,,"8109 Capital Way, Ste 1911, Hartford, CT, 06101",Hartford,CT,06101,242.4
SRA0002147,Broadridge,Jenkins Adv Group,Bird,6072636,Shelly,Jenkins,mjenkins@bair.com,(479) 824-3765,"5098 Madison Ct, Ste 461, Hartford, CT, 06101",Hartford,CT,06101,27.8
SRA0002148,Broadridge,Allen Wealth Solutions Grp,Piper Sandler,6619686,Kathy,Allen,,455.294.6358,"5412 Jefferson Way, Ste 690, Memphis, TN, 38101",Memphis,TN,3810,339.9
SRA0002149,Broadridge,Scott Financial Advisory Group,Merrill Lynch,7291982,Lisa,Scott,scottl@merrlync.com,474-984-7366,"6398 Jefferson Ct, Ste 3775, Salt Lake City, UT, 84101",Salt Lake City,UT,84101,
SRA0002150,Broadridge,Howard Wealth Solutions Grp,Edward Jones,3447696,Meg,Howard,meg.howard@edwajone.net,,"4363 Madison Ct, Ste 860, Memphis, TN, 38101",Memphis,TN,3810,25.3
SRA0002151,Broadridge,Morgan PW Group,LPL Financial,,Marc,Morgan,mmorgan@lpl.com,8919292053,"3339 Market Way, Ste 1332, Hartford, CT, 06101",Hartford,CT,06101,260.5
SRA0002152,Broadridge,Adams Advisory Group,Rockefeller Capital Management,5454272,Angela,Adams,aadams@rockcapi.com,+15375357308,,Los Angeles,CA,90025-1584,165.9
SRA0002153,Broadridge,Morris Cap Grp,Hightower Advisors,3210644,Mel,Morris,morrism@highadvi.com,(605) 852-8847,"6953 Lake Ln, Los Angeles, CA, 90025",Los Angeles,CA,90025,561.7
SRA0002154,Broadridge,Parker Financial Advisory Group,RBC Wealth Management,7168060,Tony,Parker,parkert@rbc.com,620.309.5183,"7118 Sunset Dr, Los Angeles, CA, 90001",Los Angeles,CA,90001,114.2
SRA0002155,Broadridge,Garcia Investment Group,Morgan Stanley,8433595,Danny,Garcia,dgarcia@morgstan.com,456.666.2634,,Chicago,IL,60614,967.6
SRA0002156,Broadridge,Miller Wealth Mgmt Team,Steward Partners,9400423,Ken,Miller,kmiller@stewpart.com,+16876337729,,Miami,FL,33101,1822.2
SRA0002157,Broadridge,Scott Private Wealth Group,Raymond James,2607065,Carol,Scott,scottc@raymjame.com,201.611.1664,"8281 Capital Ave, Hartford, CT, 06101",Hartford,CT,06101,77.7
SRA0002158,Broadridge,Jones Fin Adv Group,Janney Montgomery Scott,8702890,Bob,Jones,,870.997.5841,"9509 Jefferson Rd, Louisville, KY, 40201",Louisville,KY,40201,593.0
SRA0002159,Broadridge,Taylor Wealth Management Group,Rockefeller Capital Management,,Kev,Taylor,ktaylor@rockcapi.com,(297) 315-5750,"3532 River Ct, Pittsburgh, PA, 15201",Pittsburgh,PA,15201,397.0
SRA0002160,Broadridge,Smith Family Wealth Group,Rockefeller Capital Management,1181856,Josh,Smith,jsmith@rockcapi.com,(809) 969-3509,"2293 Maple Way, Ste 1966, Dallas, TX, 75201",Dallas,TX,75201,293.1
SRA0002161,Broadridge,Sanchez WM Team,Mesirow Financial,5013223,Kev,Sanchez,ksanchez@mesi.com,(358) 244-5643,"4028 Pine Blvd, Ste 1119, Las Vegas, NV, 89101",Las Vegas,NV,89101-6353,817.2
SRA0002162,Broadridge,Simmons Wealth Mgmt Team,Baird,8325324,R.,Simmons,rsimmons@bair.com,7636991682,"6984 Financial St, Ste 411, New York, NY, 10001",New York,NY,10001,611.6
SRA0002163,Broadridge,Hernandez Wealth Management Team,Hightower Advisors,4399222,Dan,Hernandez,dhernandez@highadvi.com,384.446.6979,,Baltimore,MD,21201-3463,126.4
SRA0002164,Broadridge,Ross Invest Group,Janney Montgomery Scott,8023000,Jon,Ross,jon.ross@jannmontsc.net,(538) 684-1918,"7248 Financial Ln, Ste 3625, Salt Lake City, UT, 84101",Salt Lake City,UT,84101,99.9
SRA0002165,Broadridge,Cox Wealth Mgmt Grp,RBC Wealth Management,3963486,Dot,Cox,dcox@rbc.com,+16058995342,"6755 Market Rd, Charlotte, NC, 28201",Charlotte,NC,28201,
SRA0002166,Broadridge,Anderson Wealth Mgmt Grp,Dynasty Financial Partners,2087050,Emily,Anderson,eanderson@dynapart.com,5309275993,"8920 Market St, Los Angeles, CA, 90001",Los Angeles,CA,90001,117.2
SRA0002167,Broadridge,Bennett Priv Wealth Group,RBC Wealth Management,7124098,Mick,Bennett,,940-453-4674,"6827 Washington Dr, Ste 2074, Detroit, MI, 48201",Detroit,MI,48201,2297.9
SRA0002168,Broadridge,Hill Family Wealth Group,LPL Financial,5727959,Ashley,Hill,hilla@lpl.com,3226155317,"3823 Lincoln Pl, Ste 2749, New York, NY, 10001",New York,NY,10001,68.8
SRA0002169,Broadridge,Morgan Wealth Solutions Group,Merrill Lynch,2031591,Rich,Morgan,rmorgan@merrlync.com,313-388-6587,"2780 Commerce Dr, Las Vegas, NV, 89101",Las Vegas,NV,89101,114.4
SRA0002170,Broadridge,Reed Fam Wealth Group,UBS Financial Services,8456630,Emily,Reed,emily.reed@ubs.net,(583) 237-6809,,Orlando,FL,32801-5982,64.5
SRA0002171,Broadridge,Young Fam Wealth Group,UBS Financial Services,9709592,Matt,Young,youngm@ubs.com,816.930.5222,"4915 Oak Way, Ste 3038, Orlando, FL, 32801",Orlando,FL,32801,187.4
SRA0002172,Broadridge,Rivera Priv Client Group,Raymond James,4399598,Kate,Rivera,krivera@raymjame.com,577-678-1351,,Memphis,TN,38101,1007.0
SRA0002173,Broadridge,Johnson Advisory Group,Rockefeller Capital Management,4058281,Danny,Johnson,djohnson@rockcapi.com,660-313-3623,"6729 Main Blvd, Portland, OR, 97201",Portland,OR,97201,1308.5
SRA0002174,Broadridge,Rodriguez Investment Group,Dynasty Financial Partners,1821901,Betty,Rodriguez,rodriguezb@dynapart.com,+14013399185,"6656 Elm Ct, Ste 3905, Hartford, CT, 06101",Hartford,CT,06101,853.9
SRA0002175,Broadridge,Morgan Wealth Solutions Group,Rockefeller Capital Management,2419802,R.,Morgan,rmorgan@rockcapi.com,,"2198 Madison Ct, Ste 511, Los Angeles, CA, 90025",Los Angeles,CA,90025,437.3
SRA0002176,Broadridge,Nelson Wealth Advs,Oppenheimer & Co,8543005,J.,Nelson,j..nelson@oppe.net,(407) 850-6209,,Nashville,TN,37201,23.4
SRA0002177,Broadridge,Anderson Wealth Solutions Grp,Dynasty Financial Partners,1619395,S.,Anderson,sanderson@dynapart.com,(562) 323-4353,"6036 Madison Dr, Boston, MA, 02134",Boston,MA,02134,787.3
SRA0002178,Broadridge,Gonzales Asset Mgmt Group,Mesirow Financial,6900644,Kathy,Gonzales,kathy.gonzales@mesi.net,(245) 249-9126,"5848 Maple Way, Ste 1188, Austin, TX, 78701",Austin,TX,78701,360.5
SRA0002179,Broadridge,Henderson Priv Wealth Group,Rockefeller Capital Management,3024131,Tim,Henderson,hendersont@rockcapi.com,764.333.2851,"8030 Broadway Ln, Ste 3966, Richmond, VA, 23220",Richmond,VA,23220,51.0
SRA0002180,Broadridge,Flores Private Wealth Group,HighTower,6588362,Patty,Flores,pflores@high.com,,"3542 Commerce Dr, Ste 2575, Milwaukee, WI, 53201",Milwaukee,WI,53201-1698,1149.1
SRA0002181,Broadridge,Reed Financial Advisory Group,Wells Fargo Advisors,,Sarah,Reed,sreed@wellfargad.com,(282) 826-4279,"1009 Madison Ln, Ste 2467, Boston, MA, 02134",Boston,MA,02134,108.0
SRA0002182,Broadridge,Ramirez Wealth Partners,Morgan Stanley,3224737,Sue,Ramirez,ramirezs@morgstan.com,,"6127 Park Dr, Ste 1457, Austin, TX, 78701",Austin,TX,78701,562.0
SRA0002183,Broadridge,Hughes Wealth Mgmt Group,Edward Jones,9236936,J.,Hughes,j..hughes@edwajone.net,(459) 691-9260,"2030 Maple Blvd, Ste 1751, Louisville, KY, 40201",Louisville,KY,40201-3822,91.4
SRA0002184,Broadridge,Powell PW Group,Dynasty Financial Partners,3050519,Steph,Powell,spowell@dynapart.com,662.436.3706,"2090 Cedar Dr, Ste 2741, Tampa, FL, 33601",Tampa,FL,33601-8772,36.5
SRA0002185,Broadridge,Edwards Wealth Mgmt Group,Baird,8371524,Jenny,Edwards,jenny.edwards@bair.net,,"5182 River Pl, Memphis, TN, 38101",Memphis,TN,38101,83.2
SRA0002186,Broadridge,Cook Wealth Management Team,Dynasty Financial Partners,4419867,K.,Cook,k..cook@dynapart.net,275-328-5935,"3469 Hill Rd, Ste 1114, Nashville, TN, 37201",Nashville,TN,37201,54.4
SRA0002187,Broadridge,Flores WM Team,UBS Financial Services,3360932,Kathy,Flores,kathy.flores@ubs.net,670.361.1821,"4452 Market St, Indianapolis, IN, 46201",Indianapolis,IN,4620,57.9
SRA0002188,Broadridge,Sanders Family Wealth Group,Janney Montgomery Scott,4128167,Ed,Sanders,esanders@jannmontsc.com,,"3269 Financial Ave, Ste 1646, San Diego, CA, 92101",San Diego,CA,92101,1599.2
SRA0002189,Broadridge,Richardson Wealth Part,Steward Partners,,Jim,Richardson,jim.richardson@stewpart.net,793-858-5466,"4359 Maple St, New York, NY, 10017",New York,NY,10017,46.4
SRA0002190,Broadridge,Cox Advisory Group,UBS Financial Services,2906299,Steph,Cox,steph.cox@ubs.net,(419) 359-5020,"6058 Lincoln Rd, Ste 1356, Milwaukee, WI, 53201",Milwaukee,WI,53201-9810,845.8
SRA0002191,Broadridge,Henderson Wealth Mgmt Team,UBS Financial Services,9379959,Sharon,Henderson,shenderson@ubs.com,,"7505 Sunset Way, Ste 478, St. Louis, MO, 63101",St. Louis,MO,6310,84.0
SRA0002192,Broadridge,Patterson Cap Group,Edward Jonse,6424650,Andy,Patterson,apatterson@edwajone.com,(490) 626-3665,"54 Elm Ave, Nashville, TN, 37201",Nashville,TN,37201,400.6
SRA0002193,Broadridge,Allen Financial Group,Piper Sandler,5193608,Dot,Allen,,783-491-1064,"8032 Pine Pl, Ste 1308, Boston, MA, 02134",Boston,MA,02134-4533,89.0
SRA0002194,Broadridge,Roberts Wealth Mgmt Grp,Piper Sandler,1849537,P.,Roberts,robertsp@pipesand.com,627-251-5093,"9351 Market Ave, Ste 2467, Philadelphia, PA, 19101",Philadelphia,PA,19101,161.2
SRA0002195,Broadridge,Phillips Wealth Part,LPL Financial,,Rick,hPillips,rhpillips@lpl.com,+18479802399,"2906 Main Blvd, Ste 2693, Chicago, IL, 60601",Chicago,IL,60601,261.0
SRA0002196,Broadridge,Baker Wealth Mgmt Team,Piper Sandler,8316922,Patty,Baker,pbaker@pipesand.com,+14598802407,,Columbus,OH,4320,1165.4
SRA0002197,Broadridge,Phillips PC GGroup,Janney Montgomery Scott,9688728,Jay,Phillips,jphillips@jannmontsc.com,548.811.2103,"5387 Jefferson Rd, Ste 1899, Boston, MA, 02101",Boston,MA,02101,396.1
SRA0002198,Broadridge,Powell PC Group,Janney Montgomery Scott,6522947,Rick,Powell,powellr@jannmontsc.com,381.955.5981,"9710 Elm Blvd, Ste 2495, Hartford, CT, 06101",Hartford,CT,06101,314.9
SRA0002199,Broadridge,Patterson WA,Wells Fargo Advisors,5535463,Betty,Patterson,bpatterson@wellfargad.com,+17153155754,"1805 Hill St, San Francisco, CA, 94101",San Francisco,CA,94101,341.6
SRA0002200,Broadridge,Cooper Priv Client Group,Janney Montgomery Scott,5773281,M.,Cooper,mcooper@jannmontsc.com,(372) 622-6266,"2521 Main Ave, Memphis, TN, 38101",Memphis,TN,3810,58.6
SRA0002201,Broadridge,Flores Wealth Mgmt Grp,Stifel Financial,9490760,Rich,Flores,rflores@stif.com,(862) 509-6033,"7141 Capital Ct, Ste 2232, Los Angeles, CA, 90025",Los Angeles,CA,90025,111.8
SRA0002202,Broadridge,Campbell Invest Grp,HighTower,,Ronald,Campbell,ronald.campbell@high.net,(453) 877-7317,"7489 River Ave, Richmond, VA, 23220",Richmond,VA,23220,390.5
SRA0002203,Broadridge,Wright WM Team,Dynasty Financial Partners,3508754,Angela,Wright,angela.wright@dynapart.net,+19363161416,"1559 Maple Dr, Ste 1388, Miami, FL, 33101",Miami,FL,33101,430.5
SRA0002204,Broadridge,Wilson CCap Grp,Janney Montgomery Scott,1207531,Ant,Wilson,awilson@jannmontsc.com,+19443283417,"4126 Madison Blvd, Phoenix, AZ, 85001",Phoenix,AZ,85001,155.9
SRA0002205,Broadridge,Hernandez Asset Management Group,RBC Wealth Management,3339374,Deborah,Hernandez,hernandezd@rbc.com,520-452-5147,"2604 Park Ct, Ste 3376, New York, NY, 10001",New York,NY,10001,1004.4
SRA0002206,Broadridge,Fores Cap Grp,Rockefeller Capital Management,4320261,M.,Flores,m..flores@rockcapi.net,+18678499769,"8086 Liberty Way, Nashville, TN, 37201",Nashville,TN,37201,315.9
SRA0002207,Broadridge,Miller Private Client Group,Steward Partners,3249716,Josh,Miller,jmiller@stewpart.com,2762408353,"5539 Elm Ln, Indianapolis, IN, 46201",Indianapolis,IN,46201,44.4
SRA0002208,Broadridge,Walker Priv Client Group,LPL Financial,9271947,Johnny,Walker,walkerj@lpl.com,(348) 490-8568,"2254 Sunset Ln, Ste 1518, Tampa, FL, 33601",Tampa,FL,33601-4492,303.0
SRA0002209,Broadridge,Rodriguez PC Group,Oppenheimer & Co,,Sharon,Rodriguez,srodriguez@oppe.com,+16976444832,"9518 Commerce Rd, Salt Lake City, UT, 84101",Salt Lake City,UT,84101,206.0
SRA0002210,Broadridge,Perry Asset Mgmt Group,Wells Fargo Advisors,,Susie,Perry,sperry@wellfargad.com,+18868413726,"7528 Commerce Way, Ste 2058, Columbus, OH, 43201",Columbus,OH,43201-6392,24.9
SRA0002211,Broadridge,White Wealth Part,RBC Wealth Management,2326628,P.,White,p..white@rbc.net,7338287016,"9484 Park Ave, Denver, CO, 80201",Denver,CO,80201,73.6
SRA0002212,Broadridge,Kelly Financial Advisory Group,Dynasty Financial Partners,8844678,S.,Kelly,skelly@dynapart.com,+19372586671,,Miami,FL,33101,168.6
SRA0002213,Broadridge,Gray Asset Mgmt Grp,Steward Partners,5740446,K.,Gray,k..gray@stewpart.net,(874) 791-7545,"3242 Sunset Pl, Ste 1804, Memphis, TN, 38101",Memphis,TN,38101,594.1
SRA0002214,Broadridge,Martinez Adv Grp,RBC Wealth Management,5315180,Tommy,Martinez,tommy.martinez@rbc.net,+17654866881,"4554 Elm Blvd, St. Louis, MO, 63101",St. Louis,MO,63101,655.4
SRA0002215,Broadridge,Baker PW Group,Wells Fargo Advisors,6492963,Kev,Baker,,827.268.6751,,Los Angeles,CA,90001,124.8
SRA0002216,Broadridge,Bryant Wealth Management Group,Wells Fargo Advisors,4865344,Joey,Bryant,jbryant@wellfargad.com,6394347584,"5825 Capital St, Indianapolis, IN, 46201",Indianapolis,IN,46201,195.0
SRA0002217,Broadridge,Brown WM Team,Ameriprise Financial,9332027,Kim,Brown,kbrown@amer.com,(345) 344-4887,"4274 Cedar Way, Phoenix, AZ, 85001",Phoenix,AZ,85001,408.8
SRA0002218,Broadridge,Bailey Wealth Solutions Grp,Mesirow Financial,,Deborah,Bailey,deborah.bailey@mesi.net,421-848-9929,"1836 Cedar Ct, Ste 358, Miami, FL, 33101",Miami,FL,33101,1236.6
SRA0002219,Broadridge,Barnes Asest Management Group,Dynasty Financial Partners,6154085,Mel,Barnes,barnesm@dynapart.com,8906536245,"2278 Maple Ave, Pittsburgh, PA, 15201",Pittsburgh,PA,15201,54.6
SRA0002220,Broadridge,Green Capital Group,Dynasty Financial Partners,2471018,Emily,Green,egreen@dynapart.com,,"3910 Maple St, Indianapolis, IN, 46201",Indianapolis,IN,46201,447.1
SRA0002221,Broadridge,Lee Wealth Management Group,RBC Wealth Management,,Ronald,Lee,ronald.lee@rbc.net,8892261438,"3849 Commerce Ave, Ste 176, Cleveland, OH, 44101",Cleveland,OH,44101,141.8
SRA0002222,Broadridge,Parker Adv Group,Stifel Financial,,Dot,Parker,dparker@stif.com,269-712-3507,"4990 Pine Ln, Ste 457, Chicago, IL, 60614",Chicago,IL,60614,80.5
SRA0002223,Broadridge,Moore Invest Grp,Hightower Advisors,8123804,Rob,Moore,rob.moore@highadvi.net,,"8732 Lincoln Dr, Ste 363, Chicago, IL, 60601",Chicago,IL,60601,24.2
SRA0002224,Broadridge,Bennett Family Wealth Group,Dynasty Financial Partners,5699370,Jess,Bennett,jbennett@dynapart.com,3928596101,"8120 Lake Dr, Seattle, WA, 98101",Seattle,WA,98101,50.1
SRA0002225,Broadridge,Thomas Wealth Partners,BC Wealth Management,6091238,Matt,Thomas,thomasm@rbc.com,3362488739,"2405 Cedar Dr, Ste 1563, Cleveland, OH, 44101",Cleveland,OH,44101,831.5
SRA0002226,Broadridge,Hughes Fin Advisory Group,Mesirow Financial,7337976,Donna,Hughes,donna.hughes@mesi.net,,,Indianapolis,IN,46201,169.5
SRA0002227,Broadridge,Collins Priv Client Group,Rockefeller Capital Management,9059489,Patty,Collins,patty.collins@rockcapi.net,+16758722252,"2111 Washington Ct, Ste 2450, Tampa, FL, 33601",Tampa,FL,33601-4878,434.7
SRA0002228,Broadridge,Morris Wealth Management Group,Edward Jones,8995207,Lisa,Morris,morrisl@edwajone.com,+14302395504,"5919 Maple Ln, Ste 3128, Columbus, OH, 43201",Columbus,OH,43201,138.4
SRA0002229,Broadridge,Cooper Wealth Advs,UBS Financial Services,1513736,Timmy,Coopr,cooprt@ubs.com,+17107927598,"5107 Oak Dr, Denver, CO, 80201",Denver,CO,80201-8590,190.6
SRA0002230,Broadridge,Bell Adv Grp,Baird,4233066,B.,Bell,bbell@bair.com,782-308-9836,"5330 Park Way, Milwaukee, WI, 53201",Milwaukee,WI,53201,1069.2
SRA0002231,Broadridge,Scott Financial Group,Stifel Financial,6304957,G.,Scott,gscott@stif.com,457-231-7726,,Phoenix,AZ,85001,82.1
SRA0002232,Broadridge,Moore Private Client Group,Morgan Stanley,2253315,Jimmy,Moore,jimmy.moore@morgstan.net,986-563-4231,"7515 Commerce Ln, Ste 2913, Cincinnati, OH, 45201",Cincinnati,OH,45201,122.2
SRA0002233,Broadridge,Pattersson PC Group,Janney Montgomery Scott,1604167,B.,Patterson,bpatterson@jannmontsc.com,660-977-9456,"9724 Jefferson Pl, Ste 2161, Denver, CO, 80201",Denver,CO,80201,162.7
SRA0002234,Broadridge,Sanders Wealth Advisors,Edward Jones,1524851,Barb,Sanders,bsanders@edwajone.com,9582398463,"2292 Main Ln, Ste 3196, Houston, TX, 77001",Houston,TX,77001,109.0
SRA0002235,Broadridge,Murphy WM Team,UBS Financial Services,7158261,Josh,Murphy,jmurphy@ubs.com,8847039805,,Minneapolis,MN,55401,
SRA0002236,Broadridge,Nguyen Wealth Solutions Group,Stifel Financial,7952949,Carol,Nguyen,nguyenc@stif.com,(681) 284-2883,"257 Maple Ct, Ste 3289, Los Angeles, CA, 90025",Los Angeles,CA,90025,135.4
SRA0002237,Broadridge,Young Wealth Part,Edward Jones,5785962,M.,Young,myoung@edwajone.com,875-500-4672,"478 Lincoln Dr, Ste 3541, Los Angeles, CA, 90025",Los Angeles,CA,90025,60.7
SRA0002238,Broadridge,Collins Fin Group,Hightower Advisors,2003980,Meg,Collins,mcollins@highadvi.com,+19724181934,"4273 Park Ct, Philadelphia, PA, 19101",Philadelphia,PA,19101,43.2
SRA0002239,Broadridge,Barnes PC Group,HighTower,7777044,Jeff,Barnes,jbarnes@high.com,787.364.5646,"7654 Main Ln, Philadelphia, PA, 19101",Philadelphia,PA,19101,67.1
SRA0002240,Broadridge,Patterson Wealth Management Group,LPL Financial,5111441,Rick,Patterson,rick.patterson@lpl.net,339.453.2371,"4331 Sunset Way, Columbus, OH, 43201",Columbus,OH,43201,24.9
SRA0002241,Broadridge,Sanchez Wealth Part,Raymond James,6546609,P.,Sanchez,p..sanchez@raymjame.net,(415) 589-3262,"5165 Pine Blvd, Ste 399, Kansas City, MO, 64101",Kansas City,MO,64101,92.0
SRA0002242,Broadridge,Wilson Wealth Mgmt Team,UBS Financial Services,3307012,Steve,Wilson,wilsons@ubs.com,+12285881189,"8009 Maple Dr, Cincinnati, OH, 45201",Cincinnati,OH,45201,5044.7
SRA0002243,Broadridge,Miller Wealth Partners,Morgan Stanley,,Ant,Miller,amiller@morgstan.com,367.862.7944,"7172 Liberty Dr, Atlanta, GA, 30301",Atlanta,GA,30301,1250.2
SRA0002244,Broadridge,Sanchez Investment Group,Steward Partners,8120587,Mel,Sanchez,msanchez@stewpart.com,3223267706,"1781 River Ln, Ste 680, St. Louis, MO, 63101",St. Louis,MO,63101,592.2
SRA0002245,Broadridge,Flores Adv Group,UBS Financial Services,6313853,M.,Flores,mflores@ubs.com,(748) 357-7577,"8683 Cedar Rd, Ste 536, Cleveland, OH, 44101",Cleveland,OH,44101,145.9
SRA0002246,Broadridge,Wood Wealth Solutions Group,Dynasty Financial Partners,4069767,Steph,Wood,steph.wood@dynapart.net,+13963364192,"5691 Commerce Rd, Ste 3481, Los Angeles, CA, 90001",Los Angeles,CA,90001,808.2
SRA0002247,Broadridge,Davis WA,LPL Financial,1470070,Jenny,Davis,jdavis@lpl.com,7075231746,"8145 Market Ave, Ste 3714, San Francisco, CA, 94101",San Francisco,CA,94101,187.8
SRA0002248,Broadridge,Ramirez Invest Group,Janney Montgomery Scott,7008399,A.,Ramirez,a..ramirez@jannmontsc.net,385.487.8755,"8067 Broadway Pl, Ste 3289, Boston, MA, 02101",Boston,MA,02101-2549,223.4
SRA0002249,Broadridge,Roberts Asset Mgmt Grp,Ameriprise Financial,1887006,J.,Roberts,robertsj@amer.com,(249) 645-1142,"6333 Financial Ct, Los Angeles, CA, 90001",Los Angeles,CA,90001,167.1
SRA0002250,Broadridge,Hill Capital Group,Steward Partners,7109497,Ed,Hill,ehill@stewpart.com,573-412-9140,"7580 Financial Dr, Baltimore, MD, 21201",Baltimore,MD,21201,654.4
SRA0002251,Broadridge,Jenkins Wealth Advs,Stifel Financial,1371435,Bryan,Jenkins,jenkinsb@stif.com,4602248664,"2575 Sunset Ln, New York, NY, 10017",New York,NY,10017,128.8
SRA0002252,Broadridge,Sanchez Capital Group,HighTower,8283664,Kim,Sanchez,ksanchez@high.com,2617874646,"2316 Liberty Ln, Ste 1903, Chicago, IL, 60614",Chicago,IL,60614,177.3
SRA0002253,Broadridge,Phillips Wealth Partners,Raymond James,7614280,Charlie,Phillips,charlie.phillips@raymjame.net,258.422.3157,"6091 Oak Dr, Kansas City, MO, 64101",Kansas City,MO,64101,191.8
SRA0002254,Broadridge,Young Adv Group,HighTower,3592999,Josh,Young,jyoung@high.com,670.770.6857,"2545 Park Way, Ste 3586, Charlotte, NC, 28201",Charlotte,NC,28201,437.0
SRA0002255,Broadridge,King Capital Group,Dynasty Financial Partners,,Sarah,King,sking@dynapart.com,(928) 838-6800,"7478 Market Ave, Ste 3070, Cleveland, OH, 44101",Cleveland,OH,44101,588.3
SRA0002256,Broadridge,Wilson PC Group,Rockefeller Capital Management,8372728,Kim,Wilson,kim.wilson@rockcapi.net,946-309-9668,"3746 Cedar Blvd, Boston, MA, 02134",Boston,MA,02134,143.0
SRA0002257,Broadridge,Brown Private Wealth Group,Edward Jones,8982549,Laura,rown,laura.rown@edwajone.net,596.304.8563,"6696 Lake St, Detroit, MI, 48201",Detroit,MI,48201,1323.8
SRA0002258,Broadridge,Scott WP,Piper Sandler,2355077,Bob,Scott,bob.scott@pipesand.net,+13677657189,"3792 Market Ave, Houston, TX, 77001",Houston,TX,77001,33.5
SRA0002259,Broadridge,Smith Private Client Group,Raymond James,8999844,B.,Smith,bsmith@raymjame.com,+18654986546,"9629 Sunset Blvd, Richmond, VA, 23220",Richmond,VA,23220,224.6
SRA0002260,Broadridge,Moore Asset Mgmt Group,Mesirow Financial,,Dot,Moore,dmoore@mesi.com,479.386.4379,"3444 River Ln, Ste 3180, Indianapolis, IN, 46201",Indianapolis,IN,46201,117.5
SRA0002261,Broadridge,Bell Asset Mgmt Group,Mesirow Financial,5319456,Jim,Bell,jbell@mesi.com,398-843-5118,"8552 Madison Way, Chicago, IL, 60601",Chicago,IL,60601,221.0
SRA0002262,Broadridge,Murphy Wealth Partners,UBS Financial Services,,Tony,Murphy,,3852044187,"1074 Commerce Pl, Ste 2824, Kansas City, MO, 64101",Kansas City,MO,64101,255.9
SRA0002263,Broadridge,Miller Fin Grp,Rockefeller Capital Management,8836178,G.,Miller,millerg@rockcapi.com,660.433.2727,"2133 Capital Pl, Denver, CO, 80201",Denver,CO,80201,5958.1
SRA0002264,Broadridge,Hernandez Adv Group,Stifel Financial,8614650,Amy,Hernandez,ahernandez@stif.com,8855821439,"8610 Cedar Way, Ste 175, Los Angeles, CA, 90025",Los Angeles,CA,90025,1134.8
SRA0002265,Broadridge,Davis Fin Advisory Group,Rockefeller Capital Management,9012615,Karen,Davis,davisk@rockcapi.com,+12873602986,"8560 Financial Ln, Ste 1104, New York, NY, 10017",New York,NY,10017,63.8
SRA0002266,Broadridge,Flores Financial Group,Baird,6500452,Betty,Flores,bflores@bair.com,(835) 998-9455,"7612 Sunset Ave, Ste 1924, Los Angeles, CA, 90001",Los Angeles,CA,90001,401.2
SRA0002267,Broadridge,Sanchez Private Wealth Group,Edward Jones,9821037,Johnny,Sanchez,sanchezj@edwajone.com,(751) 258-8109,"50 Capital Ln, Hartford, CT, 06101",Hartford,CT,06101,443.1
SRA0002268,Broadridge,Johnson Asset Management Group,Edward Jones,1789860,Kev,Johnson,kjohnson@edwajone.com,654-725-9949,"6934 Broadway Rd, Ste 3300, Dallas, TX, 75201",Dallas,TX,7520,3273.3
SRA0002269,Broadridge,Bakr Wealth Part,Steward Partners,6683777,Ken,Baker,ken.baker@stewpart.net,788.971.2588,"4976 River St, Ste 3494, Salt Lake City, UT, 84101",Salt Lake City,UT,84101,101.8
SRA0002270,Broadridge,Peterson Asset Mgmt Group,Ameriprise Financial,5349498,Betty,Peterson,bpeterson@amer.com,(610) 349-2737,"7979 Madison Ln, Los Angeles, CA, 90001",Los Angeles,CA,9000,410.1
SRA0002271,Broadridge,Sanchez Investment Group,Dynasty Fiancial Partners,7336071,Karen,Sanchez,ksanchez@dynapart.com,6594621549,"7236 Commerce Ct, Portland, OR, 97201",Portland,OR,97201,421.1
SRA0002272,Broadridge,Cooper Adv Group,Janney Montgomery Scott,5542147,J.,Coopre,jcooper@jannmontsc.com,835-277-2409,"895 Madison Way, Ste 719, Las Vegas, NV, 89101",Las Vegas,NV,89101,24.5
SRA0002273,Broadridge,Lopez Fam Wealth Group,Hightower Advisors,6318899,Drew,Lopez,lopezd@highadvi.com,+14216658744,"859 Pine Blvd, Ste 971, Salt Lake City, UT, 84101",Salt Lake City,UT,84101,51.2
SRA0002274,Broadridge,Gonzales Wealth Partners,Ameriprise Financial,5141418,Jay,Gonzales,jgonzales@amer.com,,"4431 Lincoln St, Ste 2076, Philadelphia, PA, 19101",Philadelphia,PA,19101,386.5
SRA0002275,Broadridge,Roberts Wealth Management Team,Janney Montgomery Scott,8249594,M.,Roberts,mroberts@jannmontsc.com,913.803.3286,"823 Park Blvd, Ste 953, Tampa, FL, 33601",Tampa,FL,33601,67.7
SRA0002276,Broadridge,Murphy Fin Adv Group,Wells Fargo Advisors,9116267,Carol,Murphy,cmurphy@wellfargad.com,(389) 274-3528,"4083 Main St, Ste 1498, Orlando, FL, 32801",Orlando,FL,32801,
SRA0002277,Broadridge,Bailey WP,Dynasty Financial Partners,4047223,Maggie,Bailey,maggie.bailey@dynapart.net,5489947362,"6237 Main St, Ste 3313, Tampa, FL, 33601",Tampa,FL,33601,272.5
SRA0002278,Broadridge,Nelson Asset Mgmt Group,Rockefeller Capital Management,1774733,Sharon,Nelson,sharon.nelson@rockcapi.net,(914) 410-1505,"3313 Lake Ave, San Diego, CA, 92101",San Diego,CA,92101,1600.2
SRA0002279,Broadridge,Henderson Wealth Partners,Piper Sandler,9994358,M.,Henderson,m..henderson@pipesand.net,(473) 831-8271,"7229 Main Pl, Boston, MA, 02101",Boston,MA,02101,92.0
SRA0002280,Broadridge,Brown Investment Group,Rockefeller Capital Management,5664006,Bob,rBown,brbown@rockcapi.com,(445) 453-8293,"515 Oak Ln, Houston, TX, 77001",Houston,TX,77001,142.0
SRA0002281,Broadridge,Perry Invest Grp,Rockefeller Capital Management,7401792,K.,Perry,perryk@rockcapi.com,444.715.8510,"7155 Elm Ave, Miami, FL, 33101",Miami,FL,33101,93.0
SRA0002282,Broadridge,Bell Wealth Solutions Group,Stifel Financiall,5277631,Dottie,Bell,dottie.bell@stif.net,+15837138161,"7031 Maple Ct, Ste 3214, St. Louis, MO, 63101",St. Louis,MO,63101,578.6
SRA0002283,Broadridge,Murphy Wealth Management Team,Stifel Financial,4923630,K.,Murphy,murphyk@stif.com,842-265-5107,"1784 Capital Ct, Ste 809, San Francisco, CA, 94101",San Francisco,CA,94101-5316,75.5
SRA0002284,Broadridge,Washington Wealth Advisors,Ameriprise Financial,3701689,Ant,Washington,awashington@amer.com,339.409.4584,"9442 Financial Ct, Chicago, IL, 60614",Chicago,IL,60614,269.7
SRA0002285,Broadridge,Green Asset Mgmt Group,Dynasty Financial Partners,4550424,Joe,Green,jgreen@dynapart.com,,,New York,NY,10001,29.9
SRA0002286,Broadridge,Robinson Wealth Management Team,Dynasty Financial Partners,,Deborah,Robinson,drobinson@dynapart.com,6508687564,"8054 Lincoln Way, Detroit, MI, 48201",Detroit,MI,48201,113.5
SRA0002287,Broadridge,Edwards Capital Group,Piper Sandler,,K.,Edwards,k..edwards@pipesand.net,2477756780,"2060 Main Ct, Kansas City, MO, 64101",Kansas City,MO,64101,37.2
SRA0002288,Broadridge,Coleman Fin Group,Raymond James,4104547,S.,Coleman,scoleman@raymjame.com,,"1017 Hill Ct, Ste 2267, Nashville, TN, 37201",Nashville,TN,37201,144.2
SRA0002289,Broadridge,Gray Fam Wealth Group,Hightower Advisors,7049743,Sarah,Gray,sgray@highadvi.com,5069585519,"2323 Elm St, Ste 2913, Baltimore, MD, 21201",Baltimore,MD,21201-6722,627.0
SRA0002290,Broadridge,Hughes Cpital Group,Morgan Stanley,4894990,Geo,Hughes,ghughes@morgstan.com,860.738.8074,"4516 Oak St, Ste 2061, Louisville, KY, 40201",Louisville,KY,40201,441.4
SRA0002291,Broadridge,Parker Private Wealth Group,Oppenheimer & Co,3721719,Josh,Parker,josh.parker@oppe.net,2894635049,"912 Washington Ave, Ste 877, Phoenix, AZ, 85001",Phoenix,AZ,85001,73.0
SRA0002292,Broadridge,Walker Wealth Solutions Group,RBC Wealth Management,9528030,Mel,Walker,,,,Chicago,IL,60614,407.3
SRA0002293,Broadridge,Murphy Wealth Partners,Baird,6963950,Linda,Murphy,linda.murphy@bair.net,3577837433,,Minneapolis,MN,55401,
SRA0002294,Broadridge,Patterson Wealth Mgmt Group,Piper Sandler,2859597,Ken,Patterson,kpatterson@pipesand.com,952.642.3112,"4322 Jefferson Ln, Louisville, KY, 40201",Louisville,KY,40201-2016,79.6
SRA0002295,Broadridge,Perez Private Wealth Group,Dynasty Financial Partners,,Dot,Perez,dperez@dynapart.com,+13406419605,,Richmond,VA,23220,83.9
SRA0002296,Broadridge,Edwards Financial Group,Rockefeller Capital Management,9295548,M.,Edwards,m..edwards@rockcapi.net,,"5126 Cedar St, Ste 2805, Chicago, IL, 60614",Chicago,IL,6061,268.1
SRA0002297,Broadridge,Gonzalez Wealth Mgmt Team,Raymond James,2262175,Chris,Gonzalez,chris.gonzalez@raymjame.net,785-242-5489,"5765 Madison Blvd, Cincinnati, OH, 45201",Cincinnati,OH,45201,222.8
SRA0002298,Broadridge,Hughes Fin Advisory Group,Edward Jones,4641767,Timmy,Hughes,timmy.hughes@edwajone.net,(847) 441-4475,,Houston,TX,77001,96.9
SRA0002299,Broadridge,Taylor PW Group,Baird,1243160,Ed,Taylor,taylore@bair.com,4402549102,"5143 River Ct, Charlotte, NC, 28201",Charlotte,NC,28201,515.4
SRA0002300,Broadridge,Scott Wealth Management Group,Edward Jones,6813727,Sandy,Scott,sscott@edwajone.com,250-699-5587,"6047 Main Dr, Minneapolis, MN, 55401",Minneapolis,MN,55401,106.9
SRA0002301,Broadridge,White Wealth Management Group,Hightower Advisors,3344009,Amy,White,amy.white@highadvi.net,+14714761064,"4953 Washington Ave, Ste 2638, New York, NY, 10017",New York,NY,1001,227.7
SRA0002302,Broadridge,Cook WA,Wells Fargo Advisors,5052136,R.,Cook,r..cook@wellfargad.net,(332) 974-9011,"7778 Liberty Dr, Ste 1552, Phoenix, AZ, 85001",Phoenix,AZ,85001,115.9
SRA0002303,Broadridge,Stewart Wealth Mgmt Team,Piper Sandler,8445948,Stevie,Stewart,sstewart@pipesand.com,(565) 687-4690,"5531 River Ln, Ste 537, Boston, MA, 02101",Boston,MA,02101,45.9
SRA0002304,Broadridge,Gonzalez Capital Group,Edward Jones,5145031,Ry,Gonzalez,rgonzalez@edwajone.com,7944223089,,Portland,OR,97201,1786.8
SRA0002305,Broadridge,Rodriguez Wealth Mgmt Grp,Janney Montgomery Scott,5272877,Angela,Rodriguez,arodriguez@jannmontsc.com,+14278515088,"9329 Oak Way, Ste 2634, Seattle, WA, 98101",Seattle,WA,98101,1137.0
SRA0002306,Broadridge,Price Fin Adv Group,Wells FFargo Advisors,5067139,Ashley,Price,pricea@wellfargad.com,+17809136941,,Pittsburgh,PA,15201-3257,66.4
SRA0002307,Broadridge,Gonzales Cap Grp,UBS Financial Services,7569895,Dave,Gonzales,dave.gonzales@ubs.net,(869) 938-6328,"9799 Pine St, Ste 1230, Atlanta, GA, 30301",Atlanta,GA,3030,3579.8
SRA0002308,Broadridge,Phillips Priv Wealth Group,Ameriprise Financial,5867093,Matt,Phillips,mphillips@amer.com,+14574153627,"9232 Jefferson Ave, Ste 740, Charlotte, NC, 28201",Charlotte,NC,28201,415.5
SRA0002309,Broadridge,Flores Wealth Part,Steward Partners,1945869,Laura,Flores,lflores@stewpart.com,+18164234086,"8855 Sunset Dr, Ste 278, Houston, TX, 77001",Houston,TX,77001,59.3
SRA0002310,Broadridge,Davis PW Group,Oppenheimer & Co,8983343,Bob,Davis,rdavis@oppe.com,6565385647,"6595 Sunset Ct, Ste 2063, Cleveland, OH, 44101",Cleveland,OH,44101,23.8
SRA0002311,Broadridge,Perry Family Wealth Group,Stifel Financial,,Sue,Perry,perrys@stif.com,(480) 631-4548,"3609 Elm Ln, Phoenix, AZ, 85001",Phoenix,AZ,85001-2396,205.6
SRA0002312,Broadridge,Powell Wealth Solutios Group,Oppenheimer & Co,4367120,Betty,Powell,bpowell@oppe.com,+15403238627,,Chicago,IL,60601,85.2
SRA0002313,Broadridge,Cooper WM Team,Janney Montgomery Scott,7486152,Mel,Cooperr,,,,Detroit,MI,48201,1273.9
SRA0002314,Broadridge,Henderson Private Client Group,RBC Wealth Management,7629710,Rob,Henderson,rob.henderson@rbc.net,+19544789451,,Las Vegas,NV,89101,224.0
SRA0002315,Broadridge,Wright Invest Grp,UBS Financial Services,8916565,Rob,Wright,rwright@ubs.com,247.758.2269,"3616 Broadway Blvd, Ste 2391, Portland, OR, 97201",Portland,OR,97201,217.3
SRA0002316,Broadridge,Williams Asset Management Group,HighTower,3493176,Joe,Williams,jwilliams@high.com,5188874116,"9931 Cedar Blvd, Tampa, FL, 33601",Tampa,FL,3360,347.0
SRA0002317,Broadridge,Lopez Financial Group,Stifel Financial,,Bob,Lopez,bob.lopez@stif.net,893-861-6380,,Boston,MA,02101,179.0
SRA0002318,Broadridge,Ramirez Asset Mgmt Grp,Stifel Financial,8682410,Babs,Ramirez,ramirezb@stif.com,(903) 838-1393,"825 Lincoln Ct, Ste 1342, Detroit, MI, 48201",Detroit,MI,48201,
SRA0002319,Broadridge,Phillips Fin Group,Piper Sandler,1081768,J.,Phillips,phillipsj@pipesand.com,(896) 778-6067,"3447 Market Way, Ste 3699, Hartford, CT, 06101",Hartford,CT,06101,378.6
SRA0002320,Broadridge,Foster Adv Grp,Merrill Lynch,4032775,Laura,Foster,laura.foster@merrlync.net,,"2707 Financial Pl, Cleveland, OH, 44101",Cleveland,OH,44101,3515.6
SRA0002321,Broadridge,Ramirez Priv Wealth Group,Raymond James,9184624,Ed,Ramirez,ed.ramirez@raymjame.net,+14508475983,"6765 Commerce Blvd, Ste 324, St. Louis, MO, 63101",St. Louis,MO,63101,28.4
SRA0002322,Broadridge,Thompson Asset Management Group,LPL Financial,5217885,R.,Thompson,,6406267516,"1727 Oak Rd, Ste 1321, Philadelphia, PA, 19101",Philadelphia,PA,19101,480.9
SRA0002323,Broadridge,Bryant Wealth Mgmt Team,Piper Sandler,9424737,K.,Bryant,bryantk@pipesand.com,762-595-9518,"8549 Broadway Blvd, Ste 1126, Orlando, FL, 32801",Orlando,FL,32801,545.1
SRA0002324,Broadridge,Allen Asset Mgmt Grp,Merrill Lynch,7043599,Laura,Allen,lallen@merrlync.com,285-732-7999,"5309 Jefferson Ave, Ste 1327, Milwaukee, WI, 53201",Milwaukee,WI,53201,98.7
SRA0002325,Broadridge,Clark Family Wealth Group,Rockefeller Capital Management,1039569,Betty,Clark,clarkb@rockcapi.com,2939943584,"2621 Main Ave, Ste 492, Cincinnati, OH, 45201",Cincinnati,OH,45201,169.1
SRA0002326,Broadridge,Campbell Wealth Management Group,Edward Jones,7103759,Donna,Campbell,dcampbell@edwajone.com,(355) 421-2199,"3193 Park Way, Cincinnati, OH, 45201",Cincinnati,OH,45201,641.7
SRA0002327,Broadridge,Rodriguez Asset Management Group,Stifel Financial,3976834,S.,Rodriguez,srodriguez@stif.com,2813718946,"746 Elm Dr, Ste 2536, Salt Lake City, UT, 84101",Salt Lake City,UT,84101,904.6
SRA0002328,Broadridge,White Wealth Sol Group,Morgan Stanley,5108486,Mary,White,whitem@morgstan.com,,"7962 Liberty Rd, Ste 2456, Atlanta, GA, 30301",Atlanta,GA,30301-7930,70.9
SRA0002329,Broadridge,Flores PC Group,Merrill Lynch,2328461,Jim,Flores,floresj@merrlync.com,+16745856615,"3483 Elm Ln, Salt Lake City, UT, 84101",Salt Lake City,UT,84101,72.9
SRA0002330,Broadridge,Allen Asset Mgmt Grp,LPL Financial,5776107,Don,Allen,dallen@lpl.com,+19367045988,"7133 Capital Ave, Ste 2665, Dallas, TX, 75201",Dallas,TX,75201-2471,169.2
SRA0002331,Broadridge,Butler Fam Wealth Group,Steward Partners,9097233,Laura,Butler,lbutler@stewpart.com,344.745.4053,"544 Lake St, Ste 1072, Boston, MA, 02101",Boston,MA,02101,321.0
SRA0002332,Broadridge,Ward Invest Group,LPL Financial,,Jim,Ward,jward@lpl.com,882-897-1206,"410 Sunset Dr, Ste 2958, Atlanta, GA, 30301",Atlanta,GA,30301,371.7
SRA0002333,Broadridge,Robinson  Wealth Advs,Raaymond James,8564313,Barb,Robinson,brobinson@raymjame.com,(593) 364-6913,"2418 Liberty St, Atlanta, GA, 30301",Atlanta,GA,30301,121.2
SRA0002334,Broadridge,Anderson Cap Group,Wells Fargo Advisors,9877364,M.,Anderson,manderson@wellfargad.com,962-420-3743,,Memphis,TN,38101,130.5
SRA0002335,Broadridge,Bailey Wealth Solutions Grp,Piper Sandler,1264081,Matt,Bailey,matt.bailey@pipesand.net,3743751668,"9395 Hill Ave, Ste 3405, San Francisco, CA, 94101",San Francisco,CA,94101-9160,107.3
SRA0002336,Broadridge,Coleman Invest Group,Merrill Lynch,4311593,Ant,Coleman,colemana@merrlync.com,279.822.9550,,Tampa,FL,33601,335.7
SRA0002337,Broadridge,Adams Wealth Mgmt Group,Baird,7926648,J.,Adams,jadams@bair.com,701.657.2020,"3813 Broadway Ct, Ste 1951, Columbus, OH, 43201",Columbus,OH,43201-1380,125.7
SRA0002338,Broadridge,Miller Adv Group,Merrill Lynch,8541460,Patty,Miller,millerp@merrlync.com,6024795818,"661 River Ct, Ste 1442, New York, NY, 10017",New York,NY,10017,1035.7
SRA0002339,Broadridge,Murphy Family Wealth Grp,Edward Jones,5066371,Dave,Murphy,dave.murphy@edwajone.net,9423409986,"3071 Financial St, Ste 2924, Baltimore, MD, 21201",Baltimore,MD,2120,29.9
SRA0002340,Broadridge,Walker Wealth Mgmt Grp,Raymond James,2509796,Cynthia,Walker,walkerc@raymjame.com,969.361.2035,"3167 Lake St, Ste 900, Houston, TX, 77001",Houston,TX,77001,23.7
SRA0002341,Broadridge,Brown Financial Group,UBS Financial Services,7731518,Babs,Brown,babs.brown@ubs.net,(522) 265-2083,,Tampa,FL,33601,635.3
SRA0002342,Broadridge,Martinez Family Wealth Grp,UBS Financial Services,5555291,A.,Martinez,martineza@ubs.com,753.560.8207,"9286 Jefferson Ct, Ste 3999, Detroit, MI, 48201",Detroit,MI,48201,286.0
SRA0002343,Broadridge,Perry Fin Advisory Group,UBS Financial Services,1423454,Nancy,Perry,nperry@ubs.com,515-849-5878,"8897 Pine Dr, Ste 2793, Los Angeles, CA, 90025",Los Angeles,CA,90025,
SRA0002344,Broadridge,Baker Investment Group,Raymond James,3571587,Becca,Baker,bakerb@raymjame.com,2966607916,"5021 River Ave, New York, NY, 10017",New York,NY,10017,329.5
SRA0002345,Broadridge,Morgan Financial Advisory Group,Morgan Stanley,1070404,Becca,Morgan,rmorgan@morgstan.com,457-920-6734,"3769 Hill Pl, Ste 764, Seattle, WA, 98101",Seattle,WA,98101,292.4
SRA0002346,Broadridge,Perry WP,Raymond James,4063287,Ry,Perry,,(744) 474-9587,"9242 Commerce Pl, Boston, MA, 02134",Boston,MA,02134,2862.6
SRA0002347,Broadridge,Bailey Fin Adv Group,Rockefeller Capital Management,4190596,Dottie,Bailey,baileyd@rockcapi.com,+14208436561,"7744 Liberty St, Ste 3791, San Francisco, CA, 94101",San Francisco,CA,94101,699.5
SRA0002348,Broadridge,Wood Financial Group,RBC Wealth Management,9866902,Jon,Wood,woodj@rbc.com,(515) 984-7293,"4689 Commerce Ln, Ste 2874, Portland, OR, 97201",Portland,OR,97201,423.3
SRA0002349,Broadridge,Kelly Priv Wealth Group,Steward Partners,6818395,Don,Kelly,dkelly@stewpart.com,(334) 927-4928,"9877 Pine Ct, Detroit, MI, 48201",Detroit,MI,48201,1054.6
SRA0002350,Broadridge,Morris Fin Advisory Group,Piper Sandler,4787417,Meg,Morris,meg.morris@pipesand.net,,"6397 Liberty Blvd, Ste 527, Kansas City, MO, 64101",Kansas City,MO,64101,247.2
SRA0002351,Broadridge,Harris Investment Group,RBC Wealth Mnaagement,5392329,Jay,Harris,jharris@rbc.com,(907) 336-2505,"6135 Madison Dr, Ste 2922, Dallas, TX, 75201",Dallas,TX,75201,6607.3
SRA0002352,Broadridge,Parker Cap Group,LPL Financial,4643160,Danny,Parker,danny.parker@lpl.net,399-573-8526,"527 Hill Ln, Ste 1587, Austin, TX, 78701",Austin,TX,7870,115.3
SRA0002353,Broadridge,Jenkins Priv Wealth Group,Stifel Financial,3471253,Emily,Jenkins,jenkinse@stif.com,286-279-2724,"7655 River Ln, Minneapolis, MN, 55401",Minneapolis,MN,55401,195.8
SRA0002354,Broadridge,Ramirez Family Wealth Grp,Baird,9916731,Andy,Ramirez,aramirez@bair.com,+19355063943,"4920 Madison Dr, Ste 3783, San Francisco, CA, 94101",San Francisco,CA,94101-5460,236.5
SRA0002355,Broadridge,Lee Wealth Management Team,HighTower,5582037,Bill,Lee,blee@high.com,970-702-3844,"4124 Madison Ln, Ste 2542, San Diego, CA, 92101",San Diego,CA,92101,141.3
SRA0002356,Broadridge,Thompson Fam Wealth Group,Ameriprise Financial,9863607,Jeff,Thompson,jthompson@amer.com,+17075832937,"5901 Park St, Ste 1394, St. Louis, MO, 63101",St. Louis,MO,63101,443.6
SRA0002357,Broadridge,Mitchell Asset Mgmt Grp,UBS Financial Services,9054858,Steve,Mitchell,smitchell@ubs.com,7823814843,"799 River Pl, Charlotte, NC, 28201",Charlotte,NC,28201,3284.4
SRA0002358,Broadridge,Perez PW Group,Stifel Financial,2191374,Amy,Perez,pereza@stif.com,+14758477811,"218 Jefferson Way, Cincinnati, OH, 45201",Cincinnati,OH,45201,294.7
SRA0002359,Broadridge,Anderson Cap Group,Merrill Lynch,,Ed,Anderson,eanderson@merrlync.com,350.265.9501,"8046 Capital St, Ste 136, Phoenix, AZ, 85001",Phoenix,AZ,85001-2975,228.9
SRA0002360,Broadridge,Wright Wealth Management Team,Mesirow Financial,1150805,Will,Wright,wwright@mesi.com,+13043103698,"5218 Main Blvd, Salt Lake City, UT, 84101",Salt Lake City,UT,84101-5801,25.2
SRA0002361,Broadridge,Parker Wealth Mgmt Group,Morgan Stanley,3769205,D.,Parker,dparker@morgstan.com,7718359865,"6810 Market Dr, Los Angeles, CA, 90025",Los Angeles,CA,90025,847.4
SRA0002362,Broadridge,Thompson Adv Group,Morgan Stanley,5433773,Kate,Thompson,kate.thompson@morgstan.net,9659189978,"4840 Cedar Rd, Ste 1992, Chicago, IL, 60614",Chicago,IL,6061,5747.8
SRA0002363,Broadridge,Carter Fin Group,HighTower,2034386,Ronald,Carter,rcarter@high.com,8622695684,"1389 Lake Ln, Ste 1706, Columbus, OH, 43201",Columbus,OH,43201,385.8
SRA0002364,Broadridge,Reed Wealth Solutions Grp,RBC Wealth Management,5138787,Betty,Reed,betty.reed@rbc.net,9227467932,"1110 Sunset Rd, Ste 2986, San Francisco, CA, 94101",San Francisco,CA,94101-8473,157.5
SRA0002365,Broadridge,Price Invest Group,HighTower,4579252,Emily,Price,eprice@high.com,+19717019254,"2793 Financial Dr, Ste 1387, St. Louis, MO, 63101",St. Louis,MO,63101,93.6
SRA0002366,Broadridge,Brooks WA,Rockefeller Capital Management,8442005,Mary,Broks,mbroks@rockcapi.com,+16442168684,"5110 Liberty Ave, Ste 2502, Orlando, FL, 32801",Orlando,FL,32801-7787,53.0
SRA0002367,Broadridge,Wright WM Team,Steward Partners,4856837,Karen,Wright,kwright@stewpart.com,783-257-4872,,New York,NY,10001,340.4
SRA0002368,Broadridge,Peterson Fin Grp,Oppenheimer & Co,1252972,B.,Peterson,b..peterson@oppe.net,832-629-4464,"5853 Hill Pl, Portland, OR, 97201",Portland,OR,97201,25.2
SRA0002369,Broadridge,Wilson Wealth Management Group,Hightower Advisors,6792038,Cynthia,Wilson,wilsonc@highadvi.com,(796) 500-1997,"8221 Sunset Dr, Ste 1629, Charlotte, NC, 28201",Charlotte,NC,28201-5339,332.1
SRA0002370,Broadridge,Lee WA,Ameriprise Financial,6550773,Kev,Lee,klee@amer.com,+12386577837,"5940 River Pl, Kansas City, MO, 64101",Kansas City,MO,64101,
SRA0002371,Broadridge,Allen Asset Mgmt Grp,Steward Partners,6540810,Sharon,Allen,sallen@stewpart.com,277-374-3794,,Boston,MA,02134-5989,34.9
SRA0002372,Broadridge,Henderson WM Team,Morgan Stanley,9058007,Steph,Henderson,shenderson@morgstan.com,(803) 969-3869,,St. Louis,MO,63101,335.4
SRA0002373,Broadridge,Barnes Family Wealth Grp,Piper Sandler,1884752,M.,Barnes,barnesm@pipesand.com,(345) 261-4671,"8471 River Ln, Ste 103, Salt Lake City, UT, 84101",Salt Lake City,UT,84101-3985,26.0
SRA0002374,Broadridge,King Wealth Part,UBS Financial Services,,Sue,King,sue.king@ubs.net,(681) 527-4627,"8903 River Ave, Boston, MA, 02101",Boston,MA,02101,184.9
SRA0002375,Broadridge,Bennett Capital Group,Rockefeller Capital Management,3701550,Sandy,Bennett,sbennett@rockcapi.com,829.491.7835,"1153 Hill Blvd, Cleveland, OH, 44101",Cleveland,OH,44101,825.5
SRA0002376,Broadridge,Wright Advisory Group,Morgan Stanley,4430825,Jon,Wright,jwright@morgstan.com,,"1130 Market Pl, Ste 873, Boston, MA, 02134",Boston,MA,02134-1136,1882.7
SRA0002377,Broadridge,Richardson Wealth Advisors,Edward Jones,4164079,Chuck,Richardson,richardsonc@edwajone.com,874.423.9316,"673 Hill Ave, Pittsburgh, PA, 15201",Pittsburgh,PA,15201,334.6
SRA0002378,Broadridge,Cook Asset Mgmt Grp,UBS Financial Services,4882367,Bill,Cook,wcook@ubs.com,2627167122,"4783 Hill Ave, Ste 1334, Los Angeles, CA, 90025",Los Angeles,CA,90025,545.6
SRA0002379,Broadridge,Jenkins Wealth Mgmt Grp,Oppenheimer & Co,,Tim,Jenkins,tim.jenkins@oppe.net,+12894278720,"9066 Commerce St, New York, NY, 10017",New York,NY,10017,
SRA0002380,Broadridge,Kelly Capital Group,RBC Wealth Management,8780891,Bob,Kelly,bob.kelly@rbc.net,665-445-7816,"5605 Lincoln Way, Ste 1527, San Diego, CA, 92101",San Diego,CA,92101,65.8
SRA0002381,Broadridge,Barnes PW Group,Morgan Stanley,2859364,Kev,Barnes,barnesk@morgstan.com,+18285385097,,Columbus,OH,43201-2148,254.3
SRA0002382,Broadridge,Barnes Fin Group,LPL Financial,3269858,Ed,Barnes,barnese@lpl.com,396.907.5087,"3090 Liberty Ave, Ste 2880, Tampa, FL, 33601",Tampa,FL,3360,461.8
SRA0002383,Broadridge,Jenkins WP,Hightower Advisors,8793185,Josh,Jenkins,,223.346.7168,"4103 Main Way, Ste 3358, New York, NY, 10017",New York,NY,10017,2243.5
SRA0002384,Broadridge,Roberts Investment Group,Mesirow Financial,5982056,Jimmy,Roberts,jroberts@mesi.com,(513) 719-8823,"7160 Elm Ave, St. Louis, MO, 63101",St. Louis,MO,63101,171.1
SRA0002385,Broadridge,Torres Private Wealth Group,Steward Partners,8602862,Angela,Torres,atorres@stewpart.com,+19137928431,"4084 Oak Blvd, Ste 319, Boston, MA, 02101",Boston,MA,02101,162.2
SRA0002386,Broadridge,Adams Financial Advisory Group,Rockefeller Capital Management,7060340,Jess,Adams,adamsj@rockcapi.com,7198344379,"7438 Lincoln Ave, Ste 2337, San Francisco, CA, 94101",San Francisco,CA,94101,163.9
SRA0002387,Broadridge,King Asset Management Group,Hightower Advisors,6035780,Barb,King,kingb@highadvi.com,(817) 566-2352,"6293 River Ave, Salt Lake City, UT, 84101",Salt Lake City,UT,84101,137.1
SRA0002388,Broadridge,Patterson Asset Mgmt Group,Janney Montgomery Scott,,Karen,Patterson,kpatterson@jannmontsc.com,244.966.4743,"6939 Broadway Blvd, Dallas, TX, 75201",Dallas,TX,75201,507.9
SRA0002389,Broadridge,Garcia Adv Grp,Raymond James,6194015,Laura,Garcia,garcial@raymjame.com,882.278.8560,"7923 Oak Pl, Ste 2971, Los Angeles, CA, 90025",Los Angeles,CA,90025,124.0
SRA0002390,Broadridge,Long WM Team,RBC Wealth Management,9175995,Bob,Long,rlong@rbc.com,801-832-3089,"1439 Madison Ln, Ste 1425, Houston, TX, 77001",Houston,TX,77001,307.2
SRA0002391,Broadridge,Hall Weallth Advisors,Stifel Financial,4375888,Pat,Hall,pat.hall@stif.net,328-978-7547,"8027 Market Rd, Columbus, OH, 43201",Columbus,OH,43201,703.9
SRA0002392,Broadridge,Miller Cap Grp,Oppenheimer & Co,6454293,Sandy,Miller,smiller@oppe.com,+15736257822,"1327 Jefferson Way, Ste 2484, Pittsburgh, PA, 15201",Pittsburgh,PA,15201,
SRA0002393,Broadridge,Ramirez Capital Group,RBC Wealth Management,5209138,Rob,Ramirez,rramirez@rbc.com,+16178541231,"5598 Financial Rd, Ste 2949, Orlando, FL, 32801",Orlando,FL,32801,652.8
SRA0002394,Broadridge,Taylor Financial Advisory Group,UBS Financial Services,8567354,Sarah,Taylor,taylors@ubs.com,956-519-7354,"9499 Broadway Ct, Ste 2073, Memphis, TN, 38101",Memphis,TN,38101,239.7
SRA0002395,Broadridge,Bailey Capital Group,HighTower,1980714,Donna,Bailey,donna.bailey@high.net,555-365-9104,"835 Lake Dr, Ste 3684, Chicago, IL, 60614",Chicago,IL,60614,23.8
SRA0002396,Broadridge,Hall Priv Client Group,Dynasty Financial Partners,5201680,Dan,Hall,halld@dynapart.com,,"1975 Cedar Pl, Ste 2501, Portland, OR, 97201",Portland,OR,97201,68.2
SRA0002397,Broadridge,Bell Private Wealth Group,Piper Sandler,8134465,Joey,Bell,jbell@pipesand.com,449-677-1278,"8588 Sunset Rd, Ste 1690, Louisville, KY, 40201",Louisville,KY,40201,1541.0
SRA0002398,Broadridge,Martin Private Wealth Group,Edward Jones,4163564,Tim,Martin,tmartin@edwajone.com,(556) 627-8707,"3377 Liberty Rd, Ste 1630, San Diego, CA, 92101",San Diego,CA,92101,
SRA0002399,Broadridge,Foster Fin Adv Group,Stifel Financial,1140925,Lisa,Foster,fosterl@stif.com,926.236.4556,"2611 Broadway Dr, Ste 3181, Chicago, IL, 60601",Chicago,IL,60601,650.3
SRA0002400,Broadridge,Cox Priv Client Group,Edward Jones,7391063,Josh,Cox,,(411) 966-6322,,Nashville,TN,37201,245.9
SRA0002401,Broadridge,Gray Priv Client Group,Hightower Advisors,1055463,Joey,Gray,jgray@highadvi.com,903.639.6398,"8284 Jefferson Blvd, New York, NY, 10001",New York,NY,10001,2328.6
SRA0002402,Broadridge,Sanchez PC Group,UBS Financial Services,3744403,Kev,Sanchez,sanchezk@ubs.com,+17149802287,"7646 Broadway St, Houston, TX, 77001",Houston,TX,77001,155.4
SRA0002403,Broadridge,Phillips Capital Group,Oppenheimer & Co,6095551,Nancy,Phillips,nphillips@oppe.com,,"1207 Liberty Dr, Ste 3997, Denver, CO, 80201",Denver,CO,80201,59.4
SRA0002404,Broadridge,Cooper Wealth Part,Ameriprise Financial,4373085,Sarah,Cooper,coopers@amer.com,900.703.1806,"2835 Capital Ln, Miami, FL, 33101",Miami,FL,33101,827.2
SRA0002405,Broadridge,Lewis Wealth Part,Rockefeller Capital Management,2806165,Deborah,Lewis,dlewis@rockcapi.com,8754053544,"4112 River Blvd, Pittsburgh, PA, 15201",Pittsburgh,PA,15201,137.9
SRA0002406,Broadridge,Hughes Cap Grp,Baird,6742901,Amy,Hughes,ahughes@bair.com,+12489495088,"894 Sunset Way, Ste 2375, Houston, TX, 77001",Houston,TX,7700,126.9
SRA0002407,Broadridge,Rodriguez Priv Client Group,Raymond James,5900791,Ry,Rodriguez,rrodriguez@raymjame.com,+17548182183,"8201 Sunset Blvd, Cleveland, OH, 44101",Cleveland,OH,4410,961.4
SRA0002408,Broadridge,Bailey Adv Group,RBC Wealth Management,2238779,Angela,Bailey,angela.bailey@rbc.net,(535) 323-5530,"9620 Lincoln Pl, Ste 1198, New York, NY, 10001",New York,NY,10001,1675.3
SRA0002409,Broadridge,Young Priv Client Group,Piper Sandler,6811274,Dave,Young,youngd@pipesand.com,340-720-3728,"2194 Madison Ave, San Diego, CA, 92101",San Diego,CA,92101,566.0
SRA0002410,Broadridge,Phillips Private Client Group,UBS Financial Services,6703186,Becky,Phillips,,2169951556,"9546 Pine Rd, Ste 3050, Richmond, VA, 23220",Richmond,VA,23220,71.4
SRA0002411,Broadridge,Stewart Private Wealth Group,Hightower Advisor,7116865,Emily,Stewart,estewart@highadvi.com,974.805.4084,"6286 Main Ave, Ste 1266, Seattle, WA, 98101",Seattle,WA,98101-2572,175.2
SRA0002412,Broadridge,Henderson Wealth Management Group,Mesirow Financial,4854408,Chuck,Henderson,chuck.henderson@mesi.net,+16192359700,"8073 Commerce St, Orlando, FL, 32801",Orlando,FL,32801,1253.1
SRA0002413,Broadridge,Smith Wealth Management Gorup,Raymond James,4601466,Tommy,Smith,smitht@raymjame.com,763.762.2641,"1093 Elm St, Cincinnati, OH, 45201",Cincinnati,OH,45201,838.5
SRA0002414,Broadridge,Collins Wealth Sol Group,Piper Sandler,1292797,Lisa,Collins,lisa.collins@pipesand.net,(404) 862-8271,"3663 Hill Ln, Ste 3769, Portland, OR, 97201",Portland,OR,97201,905.0
SRA0002415,Broadridge,Parker Wealth Mgmt Grp,Rockefeller Capital Management,2688466,Geo,Parker,gparker@rockcapi.com,793.844.1041,"5694 Madison Rd, Ste 1275, Cincinnati, OH, 45201",Cincinnati,OH,45201,214.9
SRA0002416,Broadridge,Turner Family Wealth Grp,Rockefeller Capital Management,4376025,Sarah,Turner,sturner@rockcapi.com,8154492243,"6431 Lake St, Ste 3142, St. Louis, MO, 63101",St. Louis,MO,63101,225.2
SRA0002417,Broadridge,Ramirez Fin Adv Group,Wells Fargo Advisors,6305569,K.,Ramirez,kramirez@wellfargad.com,478.707.9329,"798 Oak Rd, Ste 1352, Portland, OR, 97201",Portland,OR,97201,448.4
SRA0002418,Broadridge,Lopez Cap Grp,Stifel Financial,8832372,S.,Lopez,lopezs@stif.com,987-950-1212,"670 Main Ave, St. Louis, MO, 63101",St. Louis,MO,63101,81.6
SRA0002419,Broadridge,Jones Priv Wealth Group,Mesirow Financial,4888833,Angela,Jones,jonesa@mesi.com,(845) 516-9128,"4638 Park Way, Philadelphia, PA, 19101",Philadelphia,PA,19101,31.8
SRA0002420,Broadridge,Brooks Adv Grp,Morgan Stanley,4534420,Mel,Brooks,mel.brooks@morgstan.net,3097889702,,Houston,TX,77001,1367.4
SRA0002421,Broadridge,Wilson Wealth Mgmt Group,LPL Financial,5246633,Charlie,Wiilson,cwiilson@lpl.com,8709263869,"5874 Liberty Ave, Ste 3798, Minneapolis, MN, 55401",Minneapolis,MN,55401,837.6
SRA0002422,Broadridge,Garcia Asset Management Group,LPL Financial,6037050,Betty,Garcia,bgarcia@lpl.com,965.214.5813,"2721 Financial Ln, Ste 843, Louisville, KY, 40201",Louisville,KY,40201-6027,894.4
SRA0002423,Broadridge,Flores Fin Group,HighTower,8510459,Jess,Flores,jflores@high.com,+18956288671,"6377 Jefferson St, Denver, CO, 80201",Denver,CO,80201-9540,255.8
SRA0002424,Broadridge,Perez Fin Group,Hightower Advisors,4389207,Deborah,Perez,deborah.perez@highadvi.net,517-217-4480,"9244 Capital Pl, Ste 2286, Chicago, IL, 60601",Chicago,IL,60601,119.9
SRA0002425,Broadridge,Nguyen Wealth Management Group,LPL Financial,4431419,Drew,Nguyen,nguyend@lpl.com,+18488388335,"140 Elm Way, Columbus, OH, 43201",Columbus,OH,43201,312.9
SRA0002426,Broadridge,Perez Family Wealth Group,Merrill Lynch,6182772,Jenny,Perez,jperez@merrlync.com,(772) 281-6336,"1921 Park Dr, Pittsburgh, PA, 15201",Pittsburgh,PA,15201,561.6
SRA0002427,Broadridge,Reed Cap Grp,Hightower Advisors,8588663,Bill,Reed,bill.reed@highadvi.net,705.273.3237,"9154 Commerce Blvd, Cleveland, OH, 44101",Cleveland,OH,44101,78.3
SRA0002428,Broadridge,Martin Fam Wealth Group,Hightower Advisors,5526762,Mike,Martin,mmartin@highadvi.com,2345669249,"3043 Park St, Ste 153, Las Vegas, NV, 89101",Las Vegas,NV,89101,387.0
SRA0002429,Broadridge,Bell Family Wealth Group,Hightower Advisors,8921344,Jeff,Bell,jbell@highadvi.com,(878) 379-7193,"5303 River Pl, Ste 3882, Louisville, KY, 40201",Louisville,KY,40201,380.1
SRA0002430,Broadridge,Brooks Family Wealth Group,Oppenheimer & Co,2589552,Drew,Brooks,brooksd@oppe.com,(911) 962-6065,"5184 Park Pl, Ste 827, Tampa, FL, 33601",Tampa,FL,33601,142.6
SRA0002431,Broadridge,Wilson Wealth Sol Group,Wells Fargo Advisors,8260853,Geo,Wilson,geo.wilson@wellfargad.net,+16874554804,"8904 Sunset Ave, Ste 1852, St. Louis, MO, 63101",St. Louis,MO,63101,124.3
SRA0002432,Broadridge,Parker Wealth Mgmt Group,Rockefeller Capital Management,,Emily,Parker,parkere@rockcapi.com,+12098239922,"3315 Market Dr, Los Angeles, CA, 90025",Los Angeles,CA,90025-1690,79.7
SRA0002433,Broadridge,King Wealth Part,Oppenheimer & Co,9134733,Marc,King,mking@oppe.com,527-721-8017,"846 Park Ln, Atlanta, GA, 30301",Atlanta,GA,30301,42.6
SRA0002434,Broadridge,Sanchez Wealth Sol Group,RBC Wealth Management,,Eddie,Sanchez,eddie.sanchez@rbc.net,341.485.6259,"7407 Oak Rd, Ste 3637, Richmond, VA, 23220",Richmond,VA,23220,102.1
SRA0002435,Broadridge,Reed WA,Hightower Advisors,4227575,Kim,Reed,kreed@highadvi.com,(748) 756-1123,"3319 Elm Ln, Detroit, MI, 48201",Detroit,MI,48201,165.6
SRA0002436,Broadridge,Lopez Wealth Mgmt Team,Piper Sandler,7338996,R.,Lopez,rlopez@pipesand.com,+17936735111,"7888 Jefferson Blvd, San Francisco, CA, 94101",San Francisco,CA,94101-1104,153.2
SRA0002437,Broadridge,Reed Priv Wealth Group,Merrill Lynch,8878309,Nancy,Reed,nancy.reed@merrlync.net,773-975-8272,"3038 Jefferson Ct, Ste 3654, Charlotte, NC, 28201",Charlotte,NC,28201-2251,41.5
SRA0002438,Broadridge,Thomas Fin Advisory Group,HighTower,3947772,Cynthia,Thomas,cthomas@high.com,+19184283285,"8363 Main Way, Ste 1085, Memphis, TN, 38101",Memphis,TN,38101,377.3
SRA0002439,Broadridge,Foster Adv Grp,Wells Fargo Advisors,6733210,Stevie,Foster,fosters@wellfargad.com,576.484.2055,"8834 Capital Blvd, Ste 3776, Charlotte, NC, 28201",Charlotte,NC,28201,210.3
SRA0002440,Broadridge,Walker Invest Group,UBS Financial Services,4769135,Sharon,Walker,walkers@ubs.com,+12284073597,"8276 Cedar Way, Ste 1436, Los Angeles, CA, 90025",Los Angeles,CA,90025,613.6
SRA0002441,Broadridge,Wood Invest Grp,Merrill Lynch,7380431,Becky,Wood,woodb@merrlync.com,568-653-2642,"6990 Market Way, Salt Lake City, UT, 84101",Salt Lake City,UT,8410,123.3
SRA0002442,Broadridge,Jackson Wealth Management Group,Janney Montgomery Scott,9996728,M.,Jackson,m..jackson@jannmontsc.net,+15215955786,"3446 Hill Pl, Ste 2906, Atlanta, GA, 30301",Atlanta,GA,30301,487.8
SRA0002443,Broadridge,Howard Priv Wealth Group,Edward Jones,3852101,Mel,Howard,mhoward@edwajone.com,570-757-8198,"2902 Market Ln, Ste 3921, Memphis, TN, 38101",Memphis,TN,38101,97.9
SRA0002444,Broadridge,Clark Capital Group,UBS Financial Services,7500246,Ronald,Clark,ronald.clark@ubs.net,242-305-8685,"2584 Madison Blvd, Ste 158, Phoenix, AZ, 85001",Phoenix,AZ,85001,1173.7
SRA0002445,Broadridge,Clark Investment Group,Piper Sandler,5764423,Amy,Clark,aclark@pipesand.com,(883) 711-5608,"9355 Pine Ave, Ste 1081, Columbus, OH, 43201",Columbus,OH,43201,275.6
SRA0002446,Broadridge,Jenkins Wealth Solutions Group,RBC Wealth Management,2642847,Steph,Jenkins,sjenkins@rbc.com,(597) 621-4848,"6150 Jefferson Blvd, Denver, CO, 80201",Denver,CO,8020,367.0
SRA0002447,Broadridge,Scott Wealth Sol Group,Janney Montgomery Scott,2214176,Linda,Scott,linda.scott@jannmontsc.net,(497) 968-1043,"8740 Liberty Rd, Ste 3842, Nashville, TN, 37201",Nashville,TN,37201,197.1
SRA0002448,Broadridge,Lee Wealth Partners,Dynasty Financial Partners,9842409,Chuck,Lee,clee@dynapart.com,+16372811596,"6270 Jefferson St, Houston, TX, 77001",Houston,TX,77001,96.5
SRA0002449,Broadridge,Roberts Invest Group,Merrill Lynch,1295068,Danny,Roberts,robertsd@merrlync.com,852.306.8244,"4291 Capital Rd, Ste 3496, Salt Lake City, UT, 84101",Salt Lake City,UT,84101,79.5
SRA0002450,Broadridge,Simmons Wealth Solutions Grp,Piper Sandler,7986253,Rick,Simmons,rsimmons@pipesand.com,5988419054,"8941 Commerce Ln, Ste 2027, Nashville, TN, 37201",Nashville,TN,37201-1646,137.2
SRA0002451,Broadridge,Jackson Cap Grp,UBS Financial Services,3981309,Steph,Jackson,steph.jackson@ubs.net,899.480.3504,"3465 Market Dr, Ste 3141, Los Angeles, CA, 90025",Los Angeles,CA,90025,5573.9
SRA0002452,Broadridge,Johnson WM Team,Mesirow Financial,9653852,S.,Johnson,sjohnson@mesi.com,583-224-3767,"3996 Main Rd, New York, NY, 10001",New York,NY,10001-7973,110.5
SRA0002453,Broadridge,Collins Family Wealth Grp,Oppenheimer & Co,6701201,Deborah,Collins,dcollins@oppe.com,,,Philadelphia,PA,19101,39.0
SRA0002454,Broadridge,Allen Fin Adv Group,UBS Financial Services,3627549,Bryan,Allen,bryan.allen@ubs.net,(205) 384-9317,"8993 Pine Rd, Minneapolis, MN, 55401",Minneapolis,MN,55401,257.8
SRA0002455,Broadridge,Garcia Asset Mgmt Grp,Baird,3279537,Kev,Garcia,garciak@bair.com,485.967.2038,"3796 Capital Ln, Ste 1111, Kansas City, MO, 64101",Kansas City,MO,64101,185.3
SRA0002456,Broadridge,Garcia Family Wealth Group,Edward Jones,7667822,Geo,Garcia,ggarcia@edwajone.com,355-445-4774,"8288 Hill Ln, Ste 3837, Louisville, KY, 40201",Louisville,KY,40201,24.4
SRA0002457,Broadridge,Coleman Wealth Partners,Piper Sandler,3589728,Mary,Coleman,mcoleman@pipesand.com,948.775.6838,"8595 Main Dr, Ste 207, Seattle, WA, 98101",Seattle,WA,98101,61.7
SRA0002458,Broadridge,Henderson Weath Solutions Group,Ameriprise Financial,7903232,Tim,Henderson,thenderson@amer.com,+18714513097,"9680 Liberty St, Ste 3426, Minneapolis, MN, 55401",Minneapolis,MN,55401,90.6
SRA0002459,Broadridge,Davis Wealth Advisors,Ameriprise Financial,,K.,Davis,kdavis@amer.com,+13207703052,"3464 Lincoln Pl, Ste 343, Houston, TX, 77001",Houston,TX,77001-6281,
SRA0002460,Broadridge,Cook Investment Group,Ameriprise Financial,4884000,Mick,Cook,cookm@amer.com,781-309-2175,,Kansas City,MO,64101,295.8
SRA0002461,Broadridge,Sanchez Wealth Part,Ameriprise Financial,5647978,Johnny,Sanchez,johnny.sanchez@amer.net,742-605-6399,"7976 Washington Pl, Ste 1239, Austin, TX, 78701",Austin,TX,78701,140.7
SRA0002462,Broadridge,Evans Wealth Management Group,Piper Sandler,4676255,Eddie,Evans,eevans@pipesand.com,6035871951,"4788 Broadway Ln, Ste 127, Boston, MA, 02101",Boston,MA,02101,70.1
SRA0002463,Broadridge,Ward Priv Wealth Group,Merrill Lynch,3581182,Rick,Wrd,rward@merrlync.com,+15643359740,"9595 Liberty Ln, Ste 984, Austin, TX, 78701",Austin,TX,7870,75.7
SRA0002464,Broadridge,Campbell Cap Group,Wells Fargo Advisors,7642498,Donnie,Campbell,campbelld@wellfargad.com,(822) 992-6383,"7916 Lincoln Rd, Ste 3860, Boston, MA, 02101",Boston,MA,02101,116.0
SRA0002465,Broadridge,Gray Advisory Group,Stifel Financial,4293343,Timmy,Gray,tgray@stif.com,609.681.9572,"1139 Lincoln Rd, Ste 3516, Seattle, WA, 98101",Seattle,WA,98101,182.5
SRA0002466,Broadridge,Young Priv Wealth Group,Baird,5490118,Bill,Young,bill.young@bair.net,360.824.9440,"3769 Capital Dr, Ste 2656, Orlando, FL, 32801",Orlando,FL,32801,157.1
SRA0002467,Broadridge,Price Financial Advisory Group,Janney Montgomery Scott,6800318,Donnie,Price,priced@jannmontsc.com,3923858667,"3879 Hill St, Ste 1140, Los Angeles, CA, 90001",Los Angeles,CA,90001,54.4
SRA0002468,Broadridge,Bennett Wealth Sol Group,Rockefeller Capital Management,6520427,A.,Bennett,abennett@rockcapi.com,478.944.9019,"3305 Liberty Pl, Baltimore, MD, 21201",Baltimore,MD,21201,211.1
SRA0002469,Broadridge,Sanders Wealth Mgmt Group,HighTower,,P.,Sanders,psanders@high.com,+15985448852,"7385 Park Way, Ste 3907, Baltimore, MD, 21201",Baltimore,MD,2120,52.6
SRA0002470,Broadridge,Sanchez Wealth Management Group,Ameriprise Financial,4449294,Maggie,Sanchez,msanchez@amer.com,(611) 754-2582,"839 Market St, Ste 548, Kansas City, MO, 64101",Kansas City,MO,64101,173.7
SRA0002471,Broadridge,Green Fin Grp,Oppenheimer & Co,3710310,Angela,Green,agreen@oppe.com,+13069019238,"8295 Lincoln Pl, Seattle, WA, 98101",Seattle,WA,98101,2431.0
SRA0002472,Broadridge,Brooks Wealth Mgmt Team,Dynasty Financial Partners,9494314,Amy,Brooks,amy.brooks@dynapart.net,(673) 385-4794,"6721 Park Ln, St. Louis, MO, 63101",St. Louis,MO,63101,412.0
SRA0002473,Broadridge,King Wealth Solutions Group,Steward Partners,8039372,Bob,King,rking@stewpart.com,6603133382,"6309 River Pl, Las Vegas, NV, 89101",Las Vegas,NV,89101,3780.7
SRA0002474,Broadridge,Rodriguez Fin Adv Group,Steward Partners,,Deborah,Rodriguez,deborah.rodriguez@stewpart.net,9767759749,"8338 Sunset Blvd, Ste 2859, San Francisco, CA, 94101",San Francisco,CA,94101,229.8
SRA0002475,Broadridge,Barnes Wealth Mgmt Group,Piper Sandler,6615913,Bill,Barnes,bbarnes@pipesand.com,576-397-8621,"3718 Oak Ln, Ste 3783, Houston, TX, 77001",Houston,TX,77001,185.7
SRA0002476,Broadridge,Thomas Wealth Part,Hightower Advisors,7770605,Tony,Thomas,tthomas@highadvi.com,7052229078,"2020 Jefferson Ln, Ste 3008, Memphis, TN, 38101",Memphis,TN,38101,81.2
SRA0002477,Broadridge,Bryant Wealth Management roup,Stifel Financial,8458524,P.,Bryant,bryantp@stif.com,+15786201739,"2442 Park Ave, Ste 1831, Los Angeles, CA, 90025",Los Angeles,CA,90025,258.1
SRA0002478,Broadridge,Garcia Asset Mgmt Grp,Mesirow Financial,7897517,Carol,Garcia,carol.garcia@mesi.net,+17369583643,"2892 Commerce Ct, San Francisco, CA, 94101",San Francisco,CA,94101,97.0
SRA0002479,Broadridge,Flores Fam Wealth Group,Raymond James,9144052,Emily,Flores,emily.flores@raymjame.net,7899583444,"6142 Maple Pl, Charlotte, NC, 28201",Charlotte,NC,28201,240.7
SRA0002480,Broadridge,Ross Invest Group,Baird,,Tim,Ross,tross@bair.com,672-773-4987,"7936 Pine St, Tampa, FL, 33601",Tampa,FL,33601,1256.3
SRA0002481,Broadridge,Sanders Wealth Partners,Raymond James,3019510,M.,Sanders,sandersm@raymjame.com,771-531-4195,"6575 Main Ave, Ste 3902, Portland, OR, 97201",Portland,OR,97201,146.8
SRA0002482,Broadridge,Williams Wealth Mgmt Group,Ameriprise Financial,,Ashley,Williams,awilliams@amer.com,,"1982 Washington Ave, Ste 1725, Pittsburgh, PA, 15201",Pittsburgh,PA,15201,68.7
SRA0002483,Broadridge,Nguyen Private Client Group,Edward Jones,1394507,Timmy,Nguyen,nguyent@edwajone.com,904.501.4451,"8385 Commerce Ave, Ste 3046, San Francisco, CA, 94101",San Francisco,CA,94101,403.2
SRA0002484,Broadridge,Phillips Wealth Solutions Grp,Raymond James,6234672,Ry,Phillips,ry.phillips@raymjame.net,452.273.7492,"3804 Financial Ave, Ste 1365, Las Vegas, NV, 89101",Las Vegas,NV,89101,1710.0
SRA0002485,Broadridge,Cook Wealth Part,Raymond James,5743921,P.,Cook,pcook@raymjame.com,5936789394,"2582 Liberty St, Los Angeles, CA, 90025",Los Angeles,CA,90025,361.1
SRA0002486,Broadridge,Lopez Fin Adv Group,Raymond James,7440403,Marc,Lopez,lopezm@raymjame.com,(649) 645-7651,"5292 Hill St, Ste 3114, Portland, OR, 97201",Portland,OR,97201,37.0
SRA0002487,Broadridge,Lee Private Client Group,Wells Fargo Advisors,3796166,P.,Lee,leep@wellfargad.com,(712) 963-8116,"1201 Lincoln Ct, Memphis, TN, 38101",Memphis,TN,38101,217.4
SRA0002488,Broadridge,Rodriguez Adv Group,RBC Wealth Management,8601488,Susie,Rodriguez,srodriguez@rbc.com,429.391.2896,"3664 Madison Pl, Cleveland, OH, 44101",Cleveland,OH,44101,666.5
SRA0002489,Broadridge,Nguyen WP,Janney Montgomery Scott,1506208,Eddie,Nguyen,enguyen@jannmontsc.com,+16512116698,"5987 Broadway St, Ste 740, Boston, MA, 02101",Boston,MA,02101,
SRA0002490,Broadridge,Mitchell Advisory Group,Morgan Stanley,9266335,Amy,Mitchell,amitchell@morgstan.com,,"2076 Washington Rd, Richmond, VA, 23220",Richmond,VA,23220,431.8
SRA0002491,Broadridge,Flores Financial Group,Steward Partners,7663007,Sarah,Flores,floress@stewpart.com,+18113547539,"4039 River Way, Ste 1668, Atlanta, GA, 30301",Atlanta,GA,30301,661.7
SRA0002492,Broadridge,Powell Wealth Mgmt Team,Janney Montgomery Scott,9096157,Kev,Powell,powellk@jannmontsc.com,9798018319,"5952 Pine Dr, Ste 2233, Chicago, IL, 60614",Chicago,IL,60614,151.9
SRA0002493,Broadridge,Nelson Wealth Mgmt Team,LPL Financial,5214069,Sarah,Nelson,snelson@lpl.com,542.742.1325,"1084 Capital Pl, Ste 753, Baltimore, MD, 21201",Baltimore,MD,21201,340.0
SRA0002494,Broadridge,Wright Asset Management Group,Oppenheimer & Co,5651175,Matt,Wright,mwright@oppe.com,(899) 585-2260,"5241 Cedar Way, Detroit, MI, 48201",Detroit,MI,48201,100.0
SRA0002495,Broadridge,Gray Invest Grp,Steward Partners,5212260,Lisa,Gray,,(452) 658-5948,"9074 Liberty Ave, Hartford, CT, 06101",Hartford,CT,06101-7782,361.6
SRA0002496,Broadridge,Anderson Asset Management Group,Rockefeller Capital Management,1303958,Jen,Anderson,janderson@rockcapi.com,5317279877,"9712 Capital St, Ste 2780, New York, NY, 10001",New York,NY,10001,207.8
SRA0002497,Broadridge,Ward Investment Group,Wells Fargo Advisors,4634454,Bob,Ward,bob.ward@wellfargad.net,489.929.1412,"5570 Oak Ct, Miami, FL, 33101",Miami,FL,33101,62.3
SRA0002498,Broadridge,Simmons WP,Morgan Stanley,8249719,Ashley,Simmoons,ashley.simmoons@morgstan.net,,"3021 Maple Dr, Denver, CO, 80201",Denver,CO,80201,99.1
SRA0002499,Broadridge,Flores Fin Grp,Oppenheimer & Co,1369776,Tim,Flores,florest@oppe.com,(340) 851-2230,"2634 Hill Way, San Diego, CA, 92101",San Diego,CA,92101,954.0
SRA0002500,Broadridge,King Adv Group,Raymond James,6816935,Carol,King,cking@raymjame.com,7797364115,"6497 Elm St, Ste 3412, Boston, MA, 02134",Boston,MA,02134,149.8
SRA0002501,Broadridge,Cooper Asset Management Group,Steward Partners,6386017,Lisa,Cooper,lcooper@stewpart.com,8132763820,"6370 Main Blvd, Ste 1017, Salt Lake City, UT, 84101",Salt Lake City,UT,84101,40.2
SRA0002502,Broadridge,King Wealth Part,Oppenheimer & Co,3012984,K.,King,kking@oppe.com,,"5807 Broadway Ct, Pittsburgh, PA, 15201",Pittsburgh,PA,15201,25.4
SRA0002503,Broadridge,Torres Fin Grp,Dynasty Financial Partners,6086958,Jon,Torres,jtorres@dynapart.com,440-713-7489,"4763 Liberty Ave, Ste 1540, Los Angeles, CA, 90025",Los Angeles,CA,90025,274.0
SRA0002504,Broadridge,Roberts PC Group,Raymond James,3132017,Linda,Roberts,robertsl@raymjame.com,431.223.8729,"2421 Lake Ct, Miami, FL, 33101",Miami,FL,33101,311.2
SRA0002505,Broadridge,Gonzalez Cap Grp,Edward Jones,7108156,Stevie,Gonzalez,gonzalezs@edwajone.com,(571) 701-5117,"5253 Commerce Way, Ste 3155, Seattle, WA, 98101",Seattle,WA,98101,128.2
SRA0002506,Broadridge,Cooper Financial Group,Wells Fargo Advisors,,Barb,Cooper,bcooper@wellfargad.com,826-592-7109,"6241 Capital Dr, Ste 2820, New York, NY, 10001",New York,NY,10001,184.4
SRA0002507,Broadridge,Jackson Capital Group,Mesirow Financial,2390959,Timmy,Jacskon,tjackson@mesi.com,+13786816578,"3780 Lake Ave, Ste 2610, Boston, MA, 02101",Boston,MA,02101,282.8
SRA0002508,Broadridge,Alexander WP,Janney Montgomery Scott,1548885,Dottie,Alexander,dalexander@jannmontsc.com,+13643379420,"291 Pine Pl, Ste 2876, Hartford, CT, 06101",Hartford,CT,06101,1001.7
SRA0002509,Broadridge,Taylor Invest Group,Dynasty Financial Partners,5802704,Tim,Taylor,taylort@dynapart.com,4736654657,"5977 Washington Ln, Ste 3705, New York, NY, 10017",New York,NY,10017,536.3
SRA0002510,Broadridge,Young Wealth Management Team,HighTower,4125247,Ashley,Young,younga@high.com,4449533026,"8661 Jefferson Way, Seattle, WA, 98101",Seattle,WA,98101-3679,554.1
SRA0002511,Broadridge,Miller Cap Grp,Oppenheimer & Co,3277395,Nancy,Miller,nmiller@oppe.com,+19692522598,"1303 Oak Ln, Ste 1043, Philadelphia, PA, 19101",Philadelphia,PA,19101,43.0
SRA0002512,Broadridge,Young Wealth Sol Group,Mesirow Financial,1299367,Stevie,Young,stevie.young@mesi.net,(286) 857-9949,,Detroit,MI,4820,
SRA0002513,Broadridge,Lewis Wealth Sol Group,LPL Financial,4791261,Betty,Lewis,blewis@lpl.com,8303323194,"4321 Cedar Rd, Boston, MA, 02134",Boston,MA,02134,434.2
SRA0002514,Broadridge,Flores Family Wealth Group,Edward Jones,7075230,Mary,Flores,mflores@edwajone.com,(656) 890-6555,"785 Elm Ave, Philadelphia, PA, 19101",Philadelphia,PA,19101-7302,430.2
SRA0002515,Broadridge,Hall WM Team,Edward Jones,1584608,Linda,Hall,lhall@edwajone.com,4329287200,"3107 Market Dr, Ste 1722, Minneapolis, MN, 55401",Minneapolis,MN,55401,68.1
SRA0002516,Broadridge,Ward Wealth Sol Group,Hightower Advisors,1265323,Patty,Ward,patty.ward@highadvi.net,(976) 966-5675,"7572 River Ct, Ste 2817, Atlanta, GA, 30301",Atlanta,GA,30301,193.9
SRA0002517,Broadridge,Price Fam Wealth Group,Stifel Financial,5101044,Shelly,Price,sprice@stif.com,898-803-3910,"8622 River Dr, Ste 2717, Los Angeles, CA, 90025",Los Angeles,CA,90025-5240,801.5
SRA0002518,Broadridge,Green Capital Group,Stifel Financial,8955769,Chuck,Greeen,greeenc@stif.com,806-496-7742,"7293 Liberty Pl, Ste 3348, San Diego, CA, 92101",San Diego,CA,92101,87.9
SRA0002519,Broadridge,Ramirez Asset Management Group,Hightower Advisors,,Linda,Ramirez,lramirez@highadvi.com,430.787.6334,"4761 Liberty Rd, Seattle, WA, 98101",Seattle,WA,98101,176.1
SRA0002520,Broadridge,Washington Wealth Mgmt Team,UBS Financial Services,3901058,Tom,Washington,washingtont@ubs.com,435-847-6442,"847 Pine Ln, Ste 2124, Las Vegas, NV, 89101",Las Vegas,NV,89101,36.7
SRA0002521,Broadridge,Collins Cap Grp,Raymond James,6923686,J.,Collins,jcollins@raymjame.com,499-984-9084,"7615 Financial Ave, Columbus, OH, 43201",Columbus,OH,43201-1431,916.8
SRA0002522,Broadridge,Ross Asset Mgmt Grp,Raymond James,1738071,Nancy,Ross,rossn@raymjame.com,763-935-3020,,New York,NY,10017,114.9
SRA0002523,Broadridge,Turner Fin Group,Oppenheimer & Co,,Jenny,Turner,jturner@oppe.com,531.800.6573,"1765 Lake St, Ste 1728, Detroit, MI, 48201",Detroit,MI,48201,302.5
SRA0002524,Broadridge,Ross WA,Merrill Lynch,5448799,Rich,Ross,rross@merrlync.com,846.561.9435,"7926 Elm Ln, Ste 814, New York, NY, 10001",New York,NY,10001-4860,382.0
SRA0002525,Broadridge,Long PC Group,Stifel Financial,5989728,Steph,Long,slong@stif.com,,"5658 Maple Pl, Ste 2003, Portland, OR, 97201",Portland,OR,97201,83.7
SRA0002526,Broadridge,Nelson Fin Adv Group,UBS Financial Services,4450602,Emily,Nelson,enelson@ubs.com,977.440.6366,"3802 Jefferson Pl, Ste 1932, Philadelphia, PA, 19101",Philadelphia,PA,19101,1050.9
SRA0002527,Broadridge,Price Invest Group,UBS Financial Services,9009158,Jeff,Price,jeff.price@ubs.net,2768443987,"8356 Main Way, Ste 2804, Kansas City, MO, 64101",Kansas City,MO,64101,36.2
SRA0002528,Broadridge,Jones Wealth Solutions Group,Rockefeller Capital Management,7917285,Karen,Jones,karen.jones@rockcapi.net,8189819151,"4473 Broadway Blvd, Detroit, MI, 48201",Detroit,MI,48201,58.2
SRA0002529,Broadridge,Thomas Invest Grp,Edward Jones,7543922,Ry,Thomas,rthomas@edwajone.com,(633) 712-5013,"827 Washington Blvd, Ste 907, Tampa, FL, 33601",Tampa,FL,33601,783.0
SRA0002530,Broadridge,Brooks Priv Client Group,Janney Montgomery Scott,7371286,Kate,Brooks,brooksk@jannmontsc.com,(701) 411-6245,"173 Broadway Ct, Tampa, FL, 33601",Tampa,FL,33601,144.6
SRA0002531,Broadridge,Murphy Adv Grp,Edward Jones,5991806,Meg,Murphy,meg.murphy@edwajone.net,672.595.5391,"6803 Pine Blvd, Louisville, KY, 40201",Louisville,KY,4020,809.9
SRA0002532,Broadridge,Wood PW Group,HighTower,3953707,Steve,Wood,steve.wood@high.net,651-541-7462,"4885 Lake Dr, Ste 3221, Phoenix, AZ, 85001",Phoenix,AZ,85001-2849,784.2
SRA0002533,Broadridge,Green Wealth Advs,UBS Financial Services,7725958,Sarah,Green,sgreen@ubs.com,+14222162010,"6454 Washington Way, Ste 3891, Detroit, MI, 48201",Detroit,MI,48201,685.8
SRA0002534,Broadridge,Milelr Wealth Advs,Janney Montgomery Scott,8756451,Shelly,Miller,smiller@jannmontsc.com,(958) 929-1908,,Orlando,FL,32801,231.4
SRA0002535,Broadridge,Alexander Wealth Solutions Group,LPL Financial,5132884,Donna,Alexander,donna.alexander@lpl.net,818-625-6978,"2623 Broadway Blvd, Cincinnati, OH, 45201",Cincinnati,OH,45201,908.5
SRA0002536,Broadridge,Kelly Capital Group,Steward Partners,7048891,Ken,Kelly,,505-729-1605,"7770 Pine Blvd, Baltimore, MD, 21201",Baltimore,MD,21201,164.6
SRA0002537,Broadridge,Bennett Wealth Management Team,HighTower,4071584,Ed,Bennett,ebennett@high.com,,"2086 Financial Dr, Ste 2948, Minneapolis, MN, 55401",Minneapolis,MN,55401,263.6
SRA0002538,Broadridge,Taylor Adv Group,Piper Sandler,3627379,Tony,Taylor,ataylor@pipesand.com,265-455-8119,"8930 Commerce Ln, Ste 2146, Kansas City, MO, 64101",Kansas City,MO,64101-4120,396.0
SRA0002539,Broadridge,Hughes Priv Client Group,Raymond James,5461276,Dave,Hughes,hughesd@raymjame.com,376-917-7134,"1035 Financial Rd, Austin, TX, 78701",Austin,TX,78701,83.3
SRA0002540,Broadridge,Edwards WP,Janney Montgomery Scott,,Mary,Edwards,medwards@jannmontsc.com,9077596294,"9116 Broadway St, Boston, MA, 02134",Boston,MA,02134-7462,293.7
SRA0002541,Broadridge,Smith Asset Mgmt Group,Raymond James,3975201,M.,Smith,msmith@raymjame.com,(822) 428-4859,"5847 Cedar Ct, Hartford, CT, 06101",Hartford,CT,06101,800.6
SRA0002542,Broadridge,Murphy WP,Wells Fargo Advisors,7877664,Lisa,Murphy,lisa.murphy@wellfargad.net,,"6727 Market Ln, Pittsburgh, PA, 15201",Pittsburgh,PA,15201,403.6
SRA0002543,Broadridge,Turner WA,Ameriprise Financial,1567547,P.,Turner,pturner@amer.com,(665) 900-3472,"8519 Park Ave, St. Louis, MO, 63101",St. Louis,MO,63101,54.5
SRA0002544,Broadridge,Rivera Adv Grp,Morgan Stanley,6209309,Susie,Rivera,srivera@morgstan.com,+15599681418,"5545 Commerce Ave, Richmond, VA, 23220",Richmond,VA,23220,71.8
SRA0002545,Broadridge,Johnson Wealth Mgmt Grp,Wells Fargo Advisors,9251411,Linda,Johnson,linda.johnson@wellfargad.net,466-459-9184,"7132 Pine Dr, Ste 3423, Indianapolis, IN, 46201",Indianapolis,IN,46201,265.5
SRA0002546,Broadridge,Collins PW Group,Piper Sandler,5064060,Angela,Collins,acollins@pipesand.com,4244395920,"7278 Lincoln Ln, Cincinnati, OH, 45201",Cincinnati,OH,45201,146.7
SRA0002547,Broadridge,Sanchez Fin Grp,Rockefeller Capital Management,8220984,Marc,Sanchez,msanchez@rockcapi.com,(374) 714-2875,"1217 Sunset St, Ste 2086, Boston, MA, 02134",Boston,MA,02134,1762.6
SRA0002548,Broadridge,Peterson Priv Wealth Group,Rockefeller Capital Management,2934478,Tony,Peterson,,,"5235 Liberty St, Ste 634, St. Louis, MO, 63101",St. Louis,MO,63101,4578.2
SRA0002549,Broadridge,Barnes Wealth Solutions Group,Rockefeller Capital Management,2275659,Johnny,Barnes,barnesj@rockcapi.com,4765638975,"7388 Park Way, Ste 2443, San Francisco, CA, 94101",San Francisco,CA,94101,679.2
SRA0002550,Broadridge,Gonzales Fin Grp,Baird,6000263,Donna,Gonzales,dgonzales@bair.com,696.937.4798,"6372 Jefferson Rd, Ste 1907, Louisville, KY, 40201",Louisville,KY,40201,75.4
SRA0002551,Broadridge,Hall Fam Wealth Group,Hightower Advisors,6810876,Linda,Hall,linda.hall@highadvi.net,870-570-8416,"1909 Park Ave, Columbus, OH, 43201",Columbus,OH,43201,147.7
SRA0002552,Broadridge,Allen Invest Grp,Ameriprise Financial,6370937,Babs,Allen,ballen@amer.com,+13855478846,"4112 Broadway Pl, Ste 1070, Chicago, IL, 60601",Chicago,IL,60601,514.9
SRA0002553,Broadridge,Lee  Fin Advisory Group,UBS Financial Services,5599724,Nancy,Lee,leen@ubs.com,727.666.8280,,Columbus,OH,43201,169.9
SRA0002554,Broadridge,Peterson Wealth Solutions Group,Dynasty Financial Partners,4706786,D.,Peterson,dpeterson@dynapart.com,3299484070,"9743 Oak St, Cleveland, OH, 44101",Cleveland,OH,44101,80.6
SRA0002555,Broadridge,Johnson Invest Group,Baird,8350939,Sarah,Johnson,sarah.johnson@bair.net,(435) 588-6277,"9020 Sunset Ln, Ste 3087, Dallas, TX, 75201",Dallas,TX,75201,802.1
SRA0002556,Broadridge,Turner PW Group,Baird,4267347,Carol,Turner,cturner@bair.com,930-577-8738,"5141 Financial Ct, Ste 1721, Tampa, FL, 33601",Tampa,FL,33601,416.5
SRA0002557,Broadridge,White Fin Grp,Wells Fargo Advisors,6456227,Jen,White,jen.white@wellfargad.net,(848) 681-9261,"9045 Cedar Pl, New York, NY, 10001",New York,NY,1000,57.5
SRA0002558,Broadridge,Collins Wealth Mgmt Grp,RBC Wealth Management,4682471,Steph,Collins,scollins@rbc.com,794.856.9445,"4052 Jefferson Way, Ste 2431, Baltimore, MD, 21201",Baltimore,MD,21201,197.8
SRA0002559,Broadridge,Ramirez Advisory Group,Rockefeller Capital Management,1926920,Maggie,Ramirez,ramirezm@rockcapi.com,902.858.5789,"4546 Sunset St, Ste 675, Cleveland, OH, 44101",Cleveland,OH,44101,1973.4
SRA0002560,Broadridge,Peterson Fin Adv Group,Mesirow Financial,6297094,Sarah,Peterson,sarah.peterson@mesi.net,766.292.8542,"562 Market Ct, Ste 2126, Cincinnati, OH, 45201",Cincinnati,OH,45201,555.3
SRA0002561,Broadridge,Green PC Group,LPL Financial,9006402,Dot,Green,dgreen@lpl.com,3456479545,"3555 Capital Rd, Ste 1957, Tampa, FL, 33601",Tampa,FL,3360,356.5
SRA0002562,Broadridge,Hernandez Wealth Solutions Group,LPL Financial,7969387,Bryan,Hernandez,hernandezb@lpl.com,+16593862062,"2106 Commerce Ave, Ste 2342, San Diego, CA, 92101",San Diego,CA,9210,719.2
SRA0002563,Broadridge,Flores Wealth Solutions Grp,Merrill Lynch,6596864,Susie,Flores,susie.flores@merrlync.net,429.660.3549,"1830 Hill Blvd, Ste 1012, Kansas City, MO, 64101",Kansas City,MO,64101,646.3
SRA0002564,Broadridge,Cook Wealth Mgmt Group,RBC Wealth Management,1592910,Rick,Cook,rcook@rbc.com,,"3535 Oak Way, Ste 2899, Miami, FL, 33101",Miami,FL,33101,83.3
SRA0002565,Broadridge,Collins WM Team,Hightower Advisors,8139826,Ant,Collins,collinsa@highadvi.com,544-882-7779,"753 Madison Pl, Ste 3925, Las Vegas, NV, 89101",Las Vegas,NV,89101,501.3
SRA0002566,Broadridge,Rivera Asset Mgmt Group,Mesirow Financial,5875637,Jess,Rivera,jrivera@mesi.com,3022036217,"7241 Broadway Blvd, Ste 148, St. Louis, MO, 63101",St. Louis,MO,63101,835.3
SRA0002567,Broadridge,Thompson Private Client Group,Baird,6458188,Bob,Thompson,bthompson@bair.com,+17416583478,"3461 River Pl, Ste 3196, New York, NY, 10017",New York,NY,10017-6921,40.6
SRA0002568,Broadridge,Reed Wealth Management Group,Raymond James,5834019,Shelly,Reed,shelly.reed@raymjame.net,316-216-5690,"1404 Sunset St, Boston, MA, 02134",Boston,MA,02134,37.7
SRA0002569,Broadridge,Young Cap Group,Wells Fargo Advisors,2922342,Sarah,Young,youngs@wellfargad.com,288-551-7008,,New York,NY,10001,129.6
SRA0002570,Broadridge,Scott WA,Mesirow Financial,1706189,Dottie,Scott,dscott@mesi.com,+12425196500,"9044 Hill St, Los Angeles, CA, 90001",Los Angeles,CA,90001,218.4
SRA0002571,Broadridge,Moore Wealth Advisors,Raymond James,1623068,Sarah,Moore,smoore@raymjame.com,(866) 593-6081,,New York,NY,10017-3746,29.9
SRA0002572,Broadridge,Flores Wealth Mgmt Group,Hightower Advisors,,Emily,Flores,emily.flores@highadvi.net,+17754227610,"4799 Broadway Blvd, Detroit, MI, 48201",Detroit,MI,48201,976.4
SRA0002573,Broadridge,Adams PC Group,Hightower Advisors,4954599,Geo,Adams,gadams@highadvi.com,557.266.5862,,Indianapolis,IN,46201,1518.0
SRA0002574,Broadridge,Washington Capital Group,Oppenheimer & Co,1590859,Nancy,Washington,washingtonn@oppe.com,+19882411571,"4258 Sunset Dr, Ste 3983, Louisville, KY, 40201",Louisville,KY,40201,413.8
SRA0002575,Broadridge,Wright Wealth Solutions Group,Steward Partners,2753047,Jon,Wright,wrightj@stewpart.com,,,Indianapolis,IN,46201,49.6
SRA0002576,Broadridge,Martinez Wealth Sol Group,Rockefeller Capital Management,9406813,Ant,Maritnez,maritneza@rockcapi.com,(318) 607-7656,"8738 Commerce Ave, Ste 172, Salt Lake City, UT, 84101",Salt Lake City,UT,84101,41.2
SRA0002577,Broadridge,Ross Investment Group,Steward Partners,2609440,Steph,Ross,rosss@stewpart.com,(573) 255-2657,,Louisville,KY,40201,449.0
SRA0002578,Broadridge,Mitchell PW Group,Mesirw Financial,6858284,Chuck,Mitchell,cmitchell@mesi.com,(424) 631-2769,"2085 Lincoln Way, Ste 1953, Boston, MA, 02134",Boston,MA,02134,397.4
SRA0002579,Broadridge,Lee WP,Dynasty Financial Partners,5699263,Dan,Lee,dan.lee@dynapart.net,(572) 238-1981,"9242 Liberty Ct, Cincinnati, OH, 45201",Cincinnati,OH,45201,97.7
SRA0002580,Broadridge,Morgan Wealth Advisors,RBC Wealth Management,6651430,Joe,Morgan,jmorgan@rbc.com,707-296-7951,"604 Lake Blvd, Ste 3965, Chicago, IL, 60614",Chicago,IL,60614-1350,147.8
SRA0002581,Broadridge,Henderson Fin Group,Raymond James,5795036,Emily,Henderson,hendersone@raymjame.com,+19455775209,,Louisville,KY,40201,280.8
SRA0002582,Broadridge,Garcia Fin Grp,Ameriprise Financial,4226808,Sue,Garcia,sgarcia@amer.com,(654) 452-7425,"5330 Elm Ln, Portland, OR, 97201",Portland,OR,97201,683.2
SRA0002583,Broadridge,Parker Priv Client Group,Merrill Lynch,3031137,Meg,Parker,meg.parker@merrlync.net,518-647-5284,"4428 Main Blvd, Ste 607, Minneapolis, MN, 55401",Minneapolis,MN,55401,829.1
SRA0002584,Broadridge,Harris Financial Advisory Group,Stifel Financial,4312779,Bryan,Harris,harrisb@stif.com,+13466403497,,Pittsburgh,PA,15201,178.7
SRA0002585,Broadridge,Martinez Financial Group,Merrill Lynch,3223383,B.,Martinez,bmartinez@merrlync.com,(843) 570-3316,,Charlotte,NC,28201,383.9
SRA0002586,Broadridge,Henderson Adv Group,Morgan Stanley,8358516,Jenny,Henderson,jhenderson@morgstan.com,3606822176,"2479 Madison Dr, Ste 233, Austin, TX, 78701",Austin,TX,78701,1216.7
SRA0002587,Broadridge,Barnes Fam Wealth Group,LPL Financial,3540844,Maggie,Barnes,mbarnes@lpl.com,616-681-3594,"7395 Park Dr, Ste 1777, Phoenix, AZ, 85001",Phoenix,AZ,85001,104.5
SRA0002588,Broadridge,Flores Family Wealth Grp,Oppenheimer & Co,,Jeff,Flores,floresj@oppe.com,+17203265798,,Portland,OR,97201,587.1
SRA0002589,Broadridge,Nguyen Wealth Advs,Dynasty Financial Partners,5857486,Donna,Nguyen,dnguyen@dynapart.com,4748214176,"1195 Washington Way, Ste 2709, Memphis, TN, 38101",Memphis,TN,38101,123.5
SRA0002590,Broadridge,Foster Cap Group,Piper Sandler,6542086,C.,Foster,cfoster@pipesand.com,(435) 614-7925,"7195 Liberty Ct, Ste 864, Louisville, KY, 40201",Louisville,KY,40201,252.5
SRA0002591,Broadridge,Martinez Wealth Mgmt Team,Piper Sandler,9114525,M.,Martinez,mmartinez@pipesand.com,6608111242,"5596 Park Ln, Ste 949, Houston, TX, 77001",Houston,TX,77001,
SRA0002592,Broadridge,Howard rivate Wealth Group,RBC Wealth Management,2607859,Sandy,Howard,howards@rbc.com,+17242162726,"6522 Madison Ln, Ste 146, Houston, TX, 77001",Houston,TX,77001,74.4
SRA0002593,Broadridge,Collins Advisory Group,Raymond James,4725910,Don,Collins,dcollins@raymjame.com,712.741.6986,"3178 Pine Ave, Ste 3273, Dallas, TX, 75201",Dallas,TX,75201,42.9
SRA0002594,Broadridge,Cook Wealth Management Team,Stward Partners,6327115,Jess,Cook,jess.cook@stewpart.net,(793) 286-1352,"6187 Jefferson St, Ste 3565, Indianapolis, IN, 46201",Indianapolis,IN,4620,260.1
SRA0002595,Broadridge,Henderson Fin Advisory Group,HighTower,3456466,Sue,Henderson,sue.henderson@high.net,636.856.2626,"4010 River St, Cleveland, OH, 44101",Cleveland,OH,44101,1183.8
SRA0002596,Broadridge,Davis Invest Group,Hightower Advisors,6420352,Bill,Davis,,6918289133,"290 Madison Blvd, Chicago, IL, 60601",Chicago,IL,60601,876.6
SRA0002597,Broadridge,Jones Fin Group,Dynasty Financial Partners,9908278,Will,Jones,wjones@dynapart.com,605.628.7130,"813 Commerce Dr, Ste 480, Pittsburgh, PA, 15201",Pittsburgh,PA,15201,797.2
SRA0002598,Broadridge,Long WM Team,Edward Jones,8424332,Sue,Long,slong@edwajone.com,4316824210,"884 Market Pl, Ste 1249, Los Angeles, CA, 90001",Los Angeles,CA,90001,3974.0
SRA0002599,Broadridge,Williams Fin Grp,LPL Financial,1873238,Sarah,Williams,williamss@lpl.com,549.956.7408,"2902 Madison St, Ste 2690, Louisville, KY, 40201",Louisville,KY,40201,410.7
SRA0002600,Broadridge,Torres Invest Grp,Rockefeller Capital Manaegment,9781792,Betty,Torres,torresb@rockcapi.com,933-747-9677,"2815 Pine Dr, Ste 1035, Las Vegas, NV, 89101",Las Vegas,NV,89101,150.5
SRA0002601,Broadridge,Nelson Financial Advisory Group,Edward Jones,3930205,Joe,Nelson,jnelson@edwajone.com,,"610 Maple Ln, Ste 3595, Atlanta, GA, 30301",Atlanta,GA,30301,598.8
SRA0002602,Broadridge,Patterson Family Wealth Grp,Stifel Financial,4938022,Susie,Patterson,spatterson@stif.com,856-287-9288,"8799 Madison Ln, Ste 1198, Minneapolis, MN, 55401",Minneapolis,MN,55401,651.5
SRA0002603,Broadridge,Williams Wealth Solutions Grp,Ameriprise Financial,5093787,Betty,Williams,bwilliams@amer.com,752.704.6912,"634 Main Pl, Richmond, VA, 23220",Richmond,VA,23220,102.1
SRA0002604,Broadridge,Kelly Priv Client Group,Morgan Stanley,2305318,Lisa,Kelly,lkelly@morgstan.com,432.984.6940,,Dallas,TX,75201,120.4
SRA0002605,Broadridge,Alexander WA,Janney Montgomery Scott,,Joe,Alexander,alexanderj@jannmontsc.com,+14702182892,"799 Pine Ln, Ste 471, Salt Lake City, UT, 84101",Salt Lake City,UT,84101,301.3
SRA0002606,Broadridge,Sanchez WP,LPL Financial,3921742,Sandy,Sanchez,sanchezs@lpl.com,592.255.4392,"1266 Madison Ln, Ste 1682, New York, NY, 10001",New York,NY,10001,548.4
SRA0002607,Broadridge,Robinson Wealth Management Team,RBC Wealth Management,5912955,Deborah,Robinson,robinsond@rbc.com,,"3118 Maple St, Ste 451, Houston, TX, 77001",Houston,TX,77001,81.8
SRA0002608,Broadridge,Bennett Invest Group,Dynasty Financial Partners,6611124,Joey,Bennett,jbennett@dynapart.com,980-312-6930,"473 Commerce Ave, Ste 3007, Baltimore, MD, 21201",Baltimore,MD,21201,583.2
SRA0002609,Broadridge,Alexander Capital Group,Baird,7008105,Jimmy,Alexander,jimmy.alexander@bair.net,+13616274700,,Denver,CO,80201,164.1
SRA0002610,Broadridge,Campbell Investment Group,Edward Jones,4115861,Donnie,Campbell,donnie.campbell@edwajone.net,+17399757166,"7847 Maple St, Ste 1437, Phoenix, AZ, 85001",Phoenix,AZ,85001-8387,221.4
SRA0002611,Broadridge,Perez Financial Group,Stifel Financial,7146038,Johnny,Perez,johnny.perez@stif.net,656-650-8271,"4712 Pine Ln, Ste 1604, Miami, FL, 33101",Miami,FL,33101,191.5
SRA0002612,Broadridge,Murphy PW Group,Baird,9274547,Dave,Murphy,murphyd@bair.com,910.893.6699,"2675 Madison Ave, Ste 2002, Boston, MA, 02101",Boston,MA,0210,139.0
SRA0002613,Broadridge,Washington Fin Group,Hightower Advisors,5182131,Lisa,Washington,,+13016882734,"5198 Maple Ave, Ste 765, Detroit, MI, 48201",Detroit,MI,48201,24.7
SRA0002614,Broadridge,Lee PC Group,Stifel Financial,8375271,Joe,Lee,joe.lee@stif.net,422.276.4340,"7270 Pine Pl, Tampa, FL, 33601",Tampa,FL,33601,2808.7
SRA0002615,Broadridge,Brooks Wealth Advs,Merrill Lynch,6388446,Dave,Brooks,dave.brooks@merrlync.net,,"8893 Sunset Pl, Detroit, MI, 48201",Detroit,MI,48201,30.7
SRA0002616,Broadridge,Allen WM Team,Merrill Lynch,8742792,M.,Allen,mallen@merrlync.com,+12295962708,"3380 Liberty St, Ste 2852, Indianapolis, IN, 46201",Indianapolis,IN,46201,26.7
SRA0002617,Broadridge,Ramirez PW Group,Steward Partners,2473843,Jeff,Ramirez,jramirez@stewpart.com,665-366-1485,"4005 River Pl, Ste 1564, Austin, TX, 78701",Austin,TX,78701,1009.3
SRA0002618,Broadridge,Johnson Wealth Mgmt Team,Merrill Lynch,7690936,Steve,Johnson,steve.johnson@merrlync.net,940.258.8171,"9060 Cedar Ln, Ste 1825, St. Louis, MO, 63101",St. Louis,MO,63101,197.0
SRA0002619,Broadridge,Wright Investment Group,dEward Jones,5252670,Ant,Wright,wrighta@edwajone.com,684-524-5778,"6485 Jefferson Blvd, Ste 3183, Dallas, TX, 75201",Dallas,TX,75201,471.8
SRA0002620,Broadridge,Price Wealth Mgmt Team,Janney Montgomery Scott,3496583,A.,Price,a..price@jannmontsc.net,443.485.7923,"6405 River Blvd, Ste 3186, Milwaukee, WI, 53201",Milwaukee,WI,53201-5408,56.2
SRA0002621,Broadridge,Gonzalez Fam Wealth Group,LPL Financial,5875471,Rich,Gonzalez,rgonzalez@lpl.com,,"1724 Main Pl, Ste 3572, Denver, CO, 80201",Denver,CO,80201-9312,540.3
SRA0002622,Broadridge,Cook Cap Group,Steward Partners,9839713,Nancy,Cook,nancy.cook@stewpart.net,4322145493,"1745 River Ln, Las Vegas, NV, 89101",Las Vegas,NV,89101,226.2
SRA0002623,Broadridge,Murphy Priv Wealth Group,RBC Wealth Management,7226350,J.,Murphy,jmurphy@rbc.com,870-868-8680,"4074 Jefferson Pl, Ste 2823, Denver, CO, 80201",Denver,CO,80201,176.1
SRA0002624,Broadridge,Campbell Wealth Solutions Grp,Raymond James,9114925,Jen,Campbell,jen.campbell@raymjame.net,5272495163,"68 Financial Dr, Ste 438, Phoenix, AZ, 85001",Phoenix,AZ,85001,1580.1
SRA0002625,Broadridge,Adams Cap Grp,HighTower,,Linda,Adams,adamsl@high.com,9558356873,"2772 Financial St, Ste 3327, Charlotte, NC, 28201",Charlotte,NC,28201,696.0
SRA0002626,Broadridge,Price Fam Wealth Group,Janney Montgomery Scott,3572267,Rob,Price,pricer@jannmontsc.com,599-607-9279,"814 Madison Dr, Columbus, OH, 43201",Columbus,OH,43201,557.9
SRA0002627,Broadridge,Henderson Investment Group,Edward Jones,2591306,Karen,Henderson,khenderson@edwajone.com,(292) 811-6674,"4414 Oak Way, Ste 2098, Portland, OR, 97201",Portland,OR,9720,369.0
SRA0002628,Broadridge,Wood Adv Group,Merrill Lynch,3059204,Betty,Wood,,353-883-2929,"7543 Financial Rd, Detroit, MI, 48201",Detroit,MI,48201,114.8
SRA0002629,Broadridge,Lee Priv Wealth Group,LPL Financial,,Chuck,Lee,leec@lpl.com,+15996979165,"2245 Sunset St, Atlanta, GA, 30301",Atlanta,GA,30301,226.6
SRA0002630,Broadridge,Hall WM Team,Oppenheimer & Co,5382303,Linda,Hall,lhall@oppe.com,+12943945575,"2859 Broadway Pl, Ste 925, Atlanta, GA, 30301",Atlanta,GA,30301,128.5
SRA0002631,Broadridge,Bell Priv Client Group,RBC Wealth Management,4018190,Betty,Bell,bbell@rbc.com,303.892.6071,"2475 Main Ln, Ste 1899, Philadelphia, PA, 19101",Philadelphia,PA,19101,44.9
SRA0002632,Broadridge,Cook Wealth Management Team,Ameriprise Financial,5823255,Donnie,Cook,,3465501825,"5396 Financial Blvd, Columbus, OH, 43201",Columbus,OH,43201,53.1
SRA0002633,Broadridge,Coleman Wealth Sol Group,Merrill Lynch,9249296,M.,Coleman,colemanm@merrlync.com,706.822.4665,"6478 Hill Blvd, Ste 1985, Pittsburgh, PA, 15201",Pittsburgh,PA,15201,400.8
SRA0002634,Broadridge,Morris PW Group,Raymond James,2198607,B.,Morris,bmorris@raymjame.com,(330) 796-3434,"1394 Park Rd, Ste 2802, Portland, OR, 97201",Portland,OR,97201,1811.4
SRA0002635,Broadridge,Jenkins Wealth Management Group,LPL Financial,8976291,Don,Jenkins,jenkinsd@lpl.com,(536) 392-7110,"727 Elm Ln, Ste 2462, New York, NY, 10017",New York,NY,10017,146.0
SRA0002636,Broadridge,Adams Wealth Mgmt Group,Rockefeller Capital Managemnt,2758701,Donna,Adams,dadams@rockcapi.com,4546911195,,Seattle,WA,98101,2250.4
SRA0002637,Broadridge,Cook Financial Advisory Group,HighTower,,Tony,Cook,acook@high.com,+13435841886,"8452 Main Dr, Ste 1625, Denver, CO, 80201",Denver,CO,80201,453.0
SRA0002638,Broadridge,Robinson Fam Wealth Group,UBS Financial Services,5133107,Lisa,Robinson,lisa.robinson@ubs.net,753-203-4233,"7279 Liberty Ln, Charlotte, NC, 28201",Charlotte,NC,28201,218.3
SRA0002639,Broadridge,Gonzales Advisory Group,RBC Wealth Management,2026766,Sharon,Gonzales,sharon.gonzales@rbc.net,887-456-5367,"6483 Elm Ln, Houston, TX, 77001",Houston,TX,77001,296.7
SRA0002640,Broadridge,Brown Wealth Solutions Group,Mesirow Financial,1260296,Josh,Brown,josh.brown@mesi.net,5284386833,"5275 Liberty Ct, Ste 3598, New York, NY, 10001",New York,NY,10001,559.0
SRA0002641,Broadridge,King Private Client Group,Steward Partners,,Cynthia,King,kingc@stewpart.com,(778) 867-4806,"8479 River St, Dallas, TX, 75201",Dallas,TX,75201,239.0
SRA0002642,Broadridge,Howard Family Wealth Group,Ameriprise Financial,3784517,K.,Howard,howardk@amer.com,(548) 727-8967,"5802 Park Pl, Ste 1620, Salt Lake City, UT, 84101",Salt Lake City,UT,84101,181.3
SRA0002643,Broadridge,Nguyen Wealth Part,Wells Fargo Advisors,1270732,Carol,Nguyen,cnguyen@wellfargad.com,+15906207817,"8085 Oak Way, Ste 3808, Seattle, WA, 98101",Seattle,WA,9810,246.8
SRA0002644,Broadridge,Gonzalez Asset Mgmt Grp,Dynasty Financial Partners,2565295,Dave,Gonzalez,dgonzalez@dynapart.com,(306) 804-6445,"5521 Park St, Ste 2107, Portland, OR, 97201",Portland,OR,97201,65.2
SRA0002645,Broadridge,Anderson Investment Group,LPL Financial,8826778,Kim,Anderson,kanderson@lpl.com,+12089924521,"7957 Financial Dr, Ste 499, Denver, CO, 80201",Denver,CO,80201,45.9
SRA0002646,Broadridge,Moore Wealth Mgmt Group,Morgan Stanley,9679856,Sarah,Moore,smoore@morgstan.com,332.246.8812,"2358 Maple Way, Ste 1207, Tampa, FL, 33601",Tampa,FL,33601-4608,285.9
SRA0002647,Broadridge,Hill Investment Group,Raymond James,3473486,Ashley,Hill,ashley.hill@raymjame.net,+15685281993,,Hartford,CT,06101,192.5
SRA0002648,Broadridge,Butler Cap Grp,RBC Wealth Management,3007345,K.,Butler,k..butler@rbc.net,(332) 224-8377,"2604 Oak Rd, Ste 3428, Milwaukee, WI, 53201",Milwaukee,WI,53201,987.0
SRA0002649,Broadridge,Robinson PC Group,Baird,7952674,Johnny,Robinson,jrobinson@bair.com,7529655309,"4550 River Way, Ste 2983, New York, NY, 10001",New York,NY,10001-7168,918.2
SRA0002650,Broadridge,Flores Asset Mgmt Group,Steward Partners,5421466,Emily,Flores,eflores@stewpart.com,(501) 389-1550,"5155 Lake St, Las Vegas, NV, 89101",Las Vegas,NV,89101,117.3
SRA0002651,Broadridge,Hernandez Private Client Group,Janney Montgomery Scott,1161392,Laura,Hernandez,lhernandez@jannmontsc.com,(777) 378-1794,"1918 Madison Pl, San Diego, CA, 92101",San Diego,CA,92101,26.6
SRA0002652,Broadridge,Price Wealth Mgmt Group,RBC Wealth Management,4759384,Emily,Price,eprice@rbc.com,463.842.2285,,Chicago,IL,60601,320.7
SRA0002653,Broadridge,Roberts Wealth Mgmt Grp,Rockefeller Capital Management,8271133,Mick,Roberts,mroberts@rockcapi.com,5675169505,"4217 Main St, Ste 3743, Philadelphia, PA, 19101",Philadelphia,PA,19101,321.9
SRA0002654,Broadridge,Perez Capital Group,Janney Montgomery Scott,,Bryan,Perez,bperez@jannmontsc.com,4886057963,"2205 River Pl, Ste 440, Minneapolis, MN, 55401",Minneapolis,MN,55401,1046.9
SRA0002655,Broadridge,Garcia Financial Group,Rockefeller Capital Management,2496140,Linda,Garcia,garcial@rockcapi.com,7193143795,"1750 Madison Rd, Ste 2794, Chicago, IL, 60614",Chicago,IL,60614,216.1
SRA0002656,Broadridge,Gray Wealth Partners,Wells Fargo Advisors,6674026,Mick,Gray,mick.gray@wellfargad.net,(222) 649-2157,"8148 Lake Ave, Louisville, KY, 40201",Louisville,KY,40201,562.9
SRA0002657,Broadridge,Cook PW Group,Piper Sandler,1668899,Mary,Cook,mcook@pipesand.com,9074343560,"4056 Maple Pl, Ste 337, Cincinnati, OH, 45201",Cincinnati,OH,45201,290.1
SRA0002658,Broadridge,Flores Wealth Management Team,Piper Sandler,7370719,Geo,Flores,floresg@pipesand.com,+18076295634,,Columbus,OH,43201,222.9
SRA0002659,Broadridge,Patterson Wealth Mgmt Team,tifel Financial,9531021,Stevie,Patterson,spatterson@stif.com,2682904966,"7274 Liberty Blvd, Ste 3155, Atlanta, GA, 30301",Atlanta,GA,30301,638.0
SRA0002660,Broadridge,Murphy Wealth Solutions Grp,HighTower,2548820,Carol,Murphy,cmurphy@high.com,934-472-5904,"8688 Financial Ln, Ste 120, Salt Lake City, UT, 84101",Salt Lake City,UT,84101,37.8
SRA0002661,Broadridge,Flores WP,Piper Sandler,4936396,Maggie,Flores,maggie.flores@pipesand.net,793-358-5738,"9181 Market Pl, Ste 2737, Detroit, MI, 48201",Detroit,MI,48201,395.5
SRA0002662,Broadridge,Young Cap Grp,Rockefeller Capital Management,,Donna,Young,dyoung@rockcapi.com,410-663-9702,"742 River Dr, Ste 706, San Diego, CA, 92101",San Diego,CA,92101,484.9
SRA0002663,Broadridge,Ramirez Wealth Solutions Group,Wells Fargo Advisors,8104387,Joe,Ramirez,joe.ramirez@wellfargad.net,329-751-8313,"5024 Lincoln Way, Dallas, TX, 75201",Dallas,TX,75201,25.4
SRA0002664,Broadridge,Hughes Asset Mgmt Grp,Piper Sandler,4183083,J.,Hughes,j..hughes@pipesand.net,(573) 367-7234,"4148 Cedar Rd, Ste 2756, Milwaukee, WI, 53201",Milwaukee,WI,53201-9944,444.9
SRA0002665,Broadridge,Anderson Cap Grp,Mesirow Financial,9907817,Ant,Anderson,andersona@mesi.com,+15636308331,"5220 Financial Ave, Ste 1635, New York, NY, 10001",New York,NY,10001,348.8
SRA0002666,Broadridge,Ramirez WA,Dynasty Financial Partners,5655218,K.,Ramirez,ramirezk@dynapart.com,,"1819 Lake St, Ste 1944, Indianapolis, IN, 46201",Indianapolis,IN,46201,
SRA0002667,Broadridge,Davis Wealth Partners,Raymond James,7039382,Amy,Davis,adavis@raymjame.com,+15774885195,"4624 Oak Ct, Ste 3426, Chicago, IL, 60614",Chicago,IL,60614,306.0
SRA0002668,Broadridge,Wright Wealth Mgmt Grp,Edward Jones,6728769,Ashley,Wright,ashley.wright@edwajone.net,4209991161,"7362 Elm Pl, New York, NY, 10017",New York,NY,10017,3436.2
SRA0002669,Broadridge,Cox Fam Wealth Group,Raymond James,9354710,Tommy,Cox,tcox@raymjame.com,261-934-5467,"2582 Liberty Way, Memphis, TN, 38101",Memphis,TN,38101,119.3
SRA0002670,Broadridge,Torres PC Group,LPL Financial,,Angela,Torres,torresa@lpl.com,,"3669 Broadway Pl, Los Angeles, CA, 90001",Los Angeles,CA,90001,930.3
SRA0002671,Broadridge,Cox Fin Advisory Group,Ameriprise Financial,2781252,S.,Cox,s..cox@amer.net,+16304942058,"9608 Maple Way, Ste 2886, Indianapolis, IN, 46201",Indianapolis,IN,46201,371.0
SRA0002672,Broadridge,Nelson Wealth Solutions Grp,Merrill Lynch,1605238,Sarah,Nelson,nelsons@merrlync.com,301-597-2211,"5713 Jefferson Pl, Ste 2067, Atlanta, GA, 30301",Atlanta,GA,30301,169.3
SRA0002673,Broadridge,Jackson Wealth Management Group,LPL Financial,1354582,Jenny,Jackson,jacksonj@lpl.com,736.264.4222,"3535 Hill St, Ste 3978, Los Angeles, CA, 90001",Los Angeles,CA,90001,458.6
SRA0002674,Broadridge,Robinson Wealth Solutions Group,Edward Jones,5675948,J.,Robinson,j..robinson@edwajone.net,8384882600,"9048 Main Ave, Memphis, TN, 38101",Memphis,TN,38101,381.1
SRA0002675,Broadridge,Rivera Fin Group,HighTower,3928367,Nancy,Rivera,nrivera@high.com,7865077889,"4307 Oak Dr, Ste 538, Dallas, TX, 75201",Dallas,TX,75201,147.4
SRA0002676,Broadridge,Peterson Financial Group,Mesirow Financial,6853208,Chuck,Peterson,cpeterson@mesi.com,298-284-3377,"451 Washington Dr, Ste 3810, Philadelphia, PA, 19101",Philadelphia,PA,19101-6377,90.6
SRA0002677,Broadridge,Bennett Capital Group,Piper Sandler,5258191,Geo,Bennett,geo.bennett@pipesand.net,(357) 422-5752,"3095 Commerce Dr, Salt Lake City, UT, 84101",Salt Lake City,UT,84101,364.5
SRA0002678,Broadridge,Long Fin Adv Group,Stifel Financial,,Sharon,Long,slong@stif.com,513.842.6316,"880 Park St, Orlando, FL, 32801",Orlando,FL,32801,287.8
SRA0002679,Broadridge,Flores Asset Management Group,Rockefeller Capital Management,8615995,Becky,Flores,bflores@rockcapi.com,789-409-2222,"6571 Elm Rd, Ste 3546, Chicago, IL, 60614",Chicago,IL,60614,1588.3
SRA0002680,Broadridge,Sanchez Cap Grp,Edward Jones,6120953,B.,Sanchez,sanchezb@edwajone.com,891-992-9372,,Milwaukee,WI,53201,114.0
SRA0002681,Broadridge,Allen Asset Mgmt Group,Rockefeller Capital Management,8434211,Mary,Allen,allenm@rockcapi.com,588.921.3709,"9779 Madison Way, Ste 3519, Milwaukee, WI, 53201",Milwaukee,WI,53201,599.1
SRA0002682,Broadridge,Bryant Family Wealth Grp,aird,9620008,Rick,Bryant,rbryant@bair.com,2513441299,"4681 Main Ln, Ste 3769, Chicago, IL, 60601",Chicago,IL,60601,
SRA0002683,Broadridge,Wilson Weath Management Team,Dynasty Financial Partners,5169034,Ry,Wilson,wilsonr@dynapart.com,667-257-3949,,Louisville,KY,40201,263.9
SRA0002684,Broadridge,Phillips Asset Mgmt Gpr,RBC Wealth Management,1502715,Lisa,Phillips,lphillips@rbc.com,280-796-4432,"6063 Washington Ave, St. Louis, MO, 63101",St. Louis,MO,63101,97.9
SRA0002685,Broadridge,Flores Cap Grp,Janney Montgomery Scott,4912737,Laura,Flores,laura.flores@jannmontsc.net,2063892698,,Indianapolis,IN,46201,925.2
SRA0002686,Broadridge,Henderson WM Team,Morgan Stanley,3882405,Mary,Henderosn,mhenderson@morgstan.com,623-360-2257,"9038 Capital Blvd, Houston, TX, 77001",Houston,TX,77001,50.7
SRA0002687,Broadridge,Simmons Wealth Mgmt Grp,Ameriprise Financial,2297642,Amy,Simmons,asimmons@amer.com,(413) 736-7246,,San Diego,CA,92101,23.9
SRA0002688,Broadridge,Jenkins Wealth Sol Group,Baird,1695012,Chris,Jenkins,cjenkins@bair.com,483.682.2367,"1051 Commerce St, Charlotte, NC, 28201",Charlotte,NC,28201,238.4
SRA0002689,Broadridge,Hill Wealth Mgmt Grp,Baird,5067188,Angela,Hill,ahill@bair.com,2719242843,,St. Louis,MO,63101,1031.5
SRA0002690,Broadridge,Wright Financial Advisory Group,Edward Jones,5377829,Jim,Wright,wrightj@edwajone.com,9752587337,"9678 Lake Ct, Ste 549, Detroit, MI, 48201",Detroit,MI,48201,227.1
SRA0002691,Broadridge,King PC Group,Wells Fargo Advisors,2942951,K.,King,k..king@wellfargad.net,5077752591,,Indianapolis,IN,46201,284.0
SRA0002692,Broadridge,Martinez Family Wealth Grp,Dynasty Financial Partners,9222666,Amy,Martinez,martineza@dynapart.com,+12437703791,"6579 Broadway Ct, Ste 1435, Pittsburgh, PA, 15201",Pittsburgh,PA,15201-1267,142.0
SRA0002693,Broadridge,Wright WM Team,Stifel Financial,5371754,Steve,Wright,steve.wright@stif.net,+19843487625,"8089 Liberty St, Ste 348, Charlotte, NC, 28201",Charlotte,NC,28201,222.9
SRA0002694,Broadridge,Garcia WP,UBS Financial Services,8352697,Steph,Garcia,steph.garcia@ubs.net,+18857247800,,Denver,CO,80201,48.2
SRA0002695,Broadridge,Nguyen Invest Grp,Raymond James,2952833,Rob,Nguyen,rnguyen@raymjame.com,501-353-1091,"7296 Madison Ct, Ste 2776, San Diego, CA, 92101",San Diego,CA,92101,201.4
SRA0002696,Broadridge,Collins Wealth Management Team,Steward Partners,8146016,Rob,Collins,rcollins@stewpart.com,+15687908739,,Denver,CO,80201-1052,42.3
SRA0002697,Broadridge,Miller Investment Group,Baird,1491507,S.,Miller,millers@bair.com,(706) 642-1227,"1317 Lincoln Rd, Baltimore, MD, 21201",Baltimore,MD,21201,304.9
SRA0002698,Broadridge,Bryant Wealth Management Group,Steward Partners,,Dot,Bryant,dot.bryant@stewpart.net,7664563933,"8306 Hill Rd, Ste 1889, Las Vegas, NV, 89101",Las Vegas,NV,89101,82.3
SRA0002699,Broadridge,Ross Family Wealth Group,Oppenheimer & Co,2549202,Linda,Ross,lross@oppe.com,+18189433610,"2898 Commerce Dr, Ste 3639, Los Angeles, CA, 90001",Los Angeles,CA,90001,67.9
SRA0002700,Broadridge,Clark WA,Merrill Lynch,7079733,Steve,Clark,steve.clark@merrlync.net,3626633895,"5957 Capital Pl, Ste 903, Dallas, TX, 75201",Dallas,TX,75201,457.8
SRA0002701,Broadridge,Morgan Asset Management Group,Ameriprise Financial,,Angela,Morgan,amorgan@amer.com,,"4696 Lincoln Way, Ste 3570, Austin, TX, 78701",Austin,TX,78701-2062,
SRA0002702,Broadridge,Ward Wealth Management Team,Merrill Lynch,6741868,Becky,Ward,rward@merrlync.com,973-614-3114,"997 Commerce Dr, Ste 3143, San Francisco, CA, 94101",San Francisco,CA,94101,148.4
SRA0002703,Broadridge,Gray Wealth Mgmt Group,Steward Partners,,Becky,Gray,grayb@stewpart.com,613.864.3759,"775 Liberty Way, Pittsburgh, PA, 15201",Pittsburgh,PA,15201-1391,39.1
SRA0002704,Broadridge,Lewis Wealth Partners,Janney Montgomery Scott,2771823,Mike,Lewis,mlewis@jannmontsc.com,+15253267413,"7179 Madison Ave, Ste 1793, Milwaukee, WI, 53201",Milwaukee,WI,53201-2538,253.1
SRA0002705,Broadridge,Evans Adv Grp,Janney Montgomery Scott,,Jess,Evans,jess.evans@jannmontsc.net,,"8413 Broadway Dr, Miami, FL, 33101",Miami,FL,33101,25.6
SRA0002706,Broadridge,Jackson Wealth Partners,Edward Jones,1771761,Lisa,Jackson,ljackson@edwajone.com,+17622207344,"4395 Main Pl, Ste 3915, Tampa, FL, 33601",Tampa,FL,3360,2440.0
SRA0002707,Broadridge,Clark Family Wealth Grp,Steward Partners,5823581,Mel,Clark,mel.clark@stewpart.net,3209721916,"834 Liberty St, Ste 1421, Richmond, VA, 23220",Richmond,VA,23220,1097.4
SRA0002708,Broadridge,Cooper Priv Wealth Group,Stifel Financial,1097573,Andy,Cooper,andy.cooper@stif.net,4836402015,"3689 River Way, Ste 2285, New York, NY, 10017",New York,NY,10017,99.6
SRA0002709,Broadridge,Ross Wealth Management Group,Rockefeller Capital Management,5110017,Ashley,Ross,aross@rockcapi.com,+16815811087,"4664 Hill Pl, Charlotte, NC, 28201",Charlotte,NC,28201,30.0
SRA0002710,Broadridge,Green Wealth Solutions Group,Steward Partners,5409130,Nancy,Green,nancy.green@stewpart.net,681.215.3072,"8005 Liberty Ct, Ste 754, Los Angeles, CA, 90025",Los Angeles,CA,90025,103.0
SRA0002711,Broadridge,Smith Fin Advisory Group,Mesirow Financial,3349403,M.,Smith,smithm@mesi.com,(749) 569-2195,"5237 Sunset St, Ste 1449, St. Louis, MO, 63101",St. Louis,MO,63101-5720,236.9
SRA0002712,Broadridge,Morgan Wealth Management Team,UBS Financial Services,,Steve,Morgan,steve.morgan@ubs.net,685-888-6661,"221 Sunset Ave, Ste 3644, Hartford, CT, 06101",Hartford,CT,06101-6666,287.9
SRA0002713,Broadridge,Hughes Adv Grp,Wells Fargo Advisors,2553370,Emily,Hughes,hughese@wellfargad.com,+14963043083,"362 Main Pl, Ste 3888, Chicago, IL, 60614",Chicago,IL,60614,75.8
SRA0002714,Broadridge,Gonzales WM Team,Janney Montgomery Scott,4570879,P.,Gonzals,,421.990.3523,"7747 Jefferson Blvd, Portland, OR, 97201",Portland,OR,97201,237.6
SRA0002715,Broadridge,Brooks Investment Group,Dynasty Financial Partners,4406862,Sue,Brooks,sbrooks@dynapart.com,2437803471,,Denver,CO,80201-8281,25.4
SRA0002716,Broadridge,Campbell PW Group,Oppenheimer & Co,8364159,Mick,Campbell,mcampbell@oppe.com,+12823525942,"2017 Washington Pl, Ste 3562, Los Angeles, CA, 90001",Los Angeles,CA,90001,222.1
SRA0002717,Broadridge,Lopez WA,Raymond James,,Lisa,Lopez,llopez@raymjame.com,(640) 598-5704,"3108 Jefferson Ln, Ste 1851, Richmond, VA, 23220",Richmond,VA,23220,371.2
SRA0002718,Broadridge,Flores Asset Mgmt Group,RBC Wealth Management,9034996,Eddie,Flores,florese@rbc.com,6209994739,"3930 Oak Blvd, Ste 1251, Richmond, VA, 23220",Richmond,VA,23220,59.4
SRA0002719,Broadridge,Wood Family Wealth Grp,Raymond James,,Jon,Wood,jwood@raymjame.com,759-645-7218,,Philadelphia,PA,19101,2001.2
SRA0002720,Broadridge,Martin Wealth Mgmt Group,Piper Sandler,6276068,Betty,Martin,bmartin@pipesand.com,,"9929 Jefferson Way, Ste 2162, Baltimore, MD, 21201",Baltimore,MD,21201,260.5
SRA0002721,Broadridge,Perez Family Wealth Grp,Stifel Financial,8830137,Barb,Perez,perezb@stif.com,5703019579,"6491 Cedar Ave, Ste 2176, Los Angeles, CA, 90025",Los Angeles,CA,90025,24.2
SRA0002722,Broadridge,Harris Fam Wealth Group,Piper Sandler,8107132,Deborah,Harris,dharris@pipesand.com,757-787-7344,,Columbus,OH,43201-3592,182.8
SRA0002723,Broadridge,Bailey Wealth Management Team,Hightower Advisors,1787685,Steph,Bailey,steph.bailey@highadvi.net,519.944.3677,"6054 Elm Ct, Indianapolis, IN, 46201",Indianapolis,IN,4620,164.1
SRA0002724,Broadridge,Cox Invest Group,LPL Financial,6800654,Mick,Cox,mcox@lpl.com,942.464.5217,"8696 Lincoln Ct, Ste 3967, Milwaukee, WI, 53201",Milwaukee,WI,5320,167.7
SRA0002725,Broadridge,Howard Private Wealth Group,RBC Wealth Management,7327471,Laura,Howard,laura.howard@rbc.net,908-668-3219,"6339 Oak Blvd, Ste 387, San Diego, CA, 92101",San Diego,CA,92101,571.2
SRA0002726,Broadridge,Brown PC Group,Oppenheimer & Co,5993646,Ashley,Brown,browna@oppe.com,+12575278807,"4976 Park St, Ste 3068, San Diego, CA, 92101",San Diego,CA,92101,137.9
SRA0002727,Broadridge,Flores Fam Wealth Group,LPL Financial,,Jim,Flores,jflores@lpl.com,309-329-7852,"8617 Market Pl, Ste 3767, Cleveland, OH, 44101",Cleveland,OH,44101,136.4
SRA0002728,Broadridge,Green Adv Group,Rockefeller Capital Managemet,8375413,K.,Green,greenk@rockcapi.com,405-931-2275,"4649 Elm Ave, Phoenix, AZ, 85001",Phoenix,AZ,85001-7681,28.0
SRA0002729,Broadridge,Moore Family Wealth Group,Ameriprise Financial,9334594,Eddie,Moore,eddie.moore@amer.net,757.362.8365,"3704 Oak Rd, Philadelphia, PA, 19101",Philadelphia,PA,19101,276.8
SRA0002730,Broadridge,Turner Financial Advisory Group,Oppenheimer & Co,6182613,Mary,Turner,mary.turner@oppe.net,2146519533,"4494 Madison Ln, Austin, TX, 78701",Austin,TX,78701,2553.9
SRA0002731,Broadridge,Stewart Invest Grp,Mesirow Financial,9150018,Kev,Stewart,kev.stewart@mesi.net,7238786187,"7004 River Blvd, Ste 1507, Orlando, FL, 32801",Orlando,FL,32801,677.7
SRA0002732,Broadridge,King Adv Grp,Baird,8623854,Charlie,King,cking@bair.com,378.824.3927,"9381 Capital St, Detroit, MI, 48201",Detroit,MI,48201,822.3
SRA0002733,Broadridge,Butler Fam Wealth Group,Oppenheimer & Co,6275322,Tommy,Butler,tommy.butler@oppe.net,466-306-4730,"8467 Elm Pl, Los Angeles, CA, 90001",Los Angeles,CA,90001,194.4
SRA0002734,Broadridge,Turner Adv Group,Steward Partners,3264229,Susie,Turner,susie.turner@stewpart.net,,"6395 Cedar Blvd, Ste 3709, Phoenix, AZ, 85001",Phoenix,AZ,85001,278.9
SRA0002735,Broadridge,Jenkins Private Client Group,Hightower Advisors,2457547,J.,Jenkins,j..jenkins@highadvi.net,2614326904,"6578 Sunset Pl, Ste 2371, Atlanta, GA, 30301",Atlanta,GA,30301,23.6
SRA0002736,Broadridge,Flores Family Wealth Grp,LPL Financial,3699983,Sue,Flores,sue.flores@lpl.net,620-349-8881,"3799 Liberty Rd, Ste 1733, Nashville, TN, 37201",Nashville,TN,37201,90.7
SRA0002737,Broadridge,Foster Financial Advisory Group,UBS Financial Services,1610281,Mike,Foster,mfoster@ubs.com,,"4666 Capital St, Ste 3610, San Diego, CA, 92101",San Diego,CA,92101-1190,1108.7
SRA0002738,Broadridge,Miller WM Team,HighTower,6966279,Jimmy,Miller,jmiller@high.com,8818076293,,Detroit,MI,48201,39.8
SRA0002739,Broadridge,Miller Family Wealth Group,Wells Fargo Advisors,9236189,Rob,Miller,millerr@wellfargad.com,(944) 505-3560,"70 Liberty Rd, Ste 3024, Detroit, MI, 48201",Detroit,MI,48201,
SRA0002740,Broadridge,Powell Financial Group,Steward Partners,1947893,Kev,Pwell,pwellk@stewpart.com,711-992-4248,,Miami,FL,33101,1014.3
SRA0002741,Broadridge,Evans Wealth Management Team,Dynasty Financial Partners,7778269,Mel,Evans,evansm@dynapart.com,969-267-2932,,Las Vegas,NV,89101,1014.8
SRA0002742,Broadridge,Henderson WP,Raymond James,7830771,Jim,Henderson,jim.henderson@raymjame.net,476-380-3419,"7511 Jefferson Ln, Ste 3508, New York, NY, 10017",New York,NY,10017,399.2
SRA0002743,Broadridge,Flores Wealth Partners,Oppenheimer & Co,2021266,Betty,Flores,bflores@oppe.com,+15273975660,,Portland,OR,97201-5892,76.1
SRA0002744,Broadridge,Cooper PC Group,Janney Montgomery Scott,9363994,C.,Cooper,cooperc@jannmontsc.com,551.567.9086,"5185 Financial Blvd, Ste 3064, Miami, FL, 33101",Miami,FL,33101,26.0
SRA0002745,Broadridge,Hall Fin Advisory Group,Baird,7700253,Sandy,Hall,shall@bair.com,480.946.4784,"336 Park Blvd, Denver, CO, 80201",Denver,CO,80201,2418.7
SRA0002746,Broadridge,Washington Investment Group,Ameriprise Financial,4823549,Ry,Washington,washingtonr@amer.com,934.348.6064,"5654 Lincoln Ct, Ste 3863, Denver, CO, 80201",Denver,CO,80201,509.0
SRA0002747,Broadridge,Coleman PC Group,Stifel Financial,8623883,Ashley,Coleman,colemana@stif.com,332.468.7444,"4489 Capital Pl, Ste 3654, Minneapolis, MN, 55401",Minneapolis,MN,55401,3155.1
SRA0002748,Broadridge,Perry Wealth Mgmt Team,Stifel Financial,,Tony,Perry,perryt@stif.com,842.874.2220,"357 Oak Pl, Ste 1294, San Diego, CA, 92101",San Diego,CA,92101,224.7
SRA0002749,Broadridge,Cooper Fin Grp,Edward Jones,3031751,Lisa,Cooper,lcooper@edwajone.com,(331) 714-3074,"6942 Sunset Ct, Ste 2575, Chicago, IL, 60601",Chicago,IL,60601,128.8
SRA0002750,Broadridge,Miller Investment Group,Edward Jones,6744306,Carol,Miller,,858.572.8693,"9237 Financial Ave, Ste 3575, New York, NY, 10001",New York,NY,10001,446.2
SRA0002751,Broadridge,King Investment Group,RBC Wealth Management,,Emily,King,emily.king@rbc.net,+19894285699,"3352 Lake Ln, Ste 3660, Orlando, FL, 32801",Orlando,FL,32801,182.9
SRA0002752,Broadridge,Brown Asset Mgmt Grp,Hightower Advisors,4631518,Ashley,Brown,abrown@highadvi.com,2729514921,"9682 River Ln, Ste 3921, San Diego, CA, 92101",San Diego,CA,92101,366.2
SRA0002753,Broadridge,Bryant Wealth Sol Group,Ameriprise Financial,3072188,Barb,Bryant,bbryant@amer.com,359-735-3679,"1202 Liberty Ave, Milwaukee, WI, 53201",Milwaukee,WI,53201,972.5
SRA0002754,Broadridge,Flores WM Team,Raymond James,5295429,Ronald,Flores,ronald.flores@raymjame.net,4689869122,"9071 Market Dr, St. Louis, MO, 63101",St. Louis,MO,63101,283.1
SRA0002755,Broadridge,Bell WP,Morgan Stanley,1334878,Mike,Bell,mbell@morgstan.com,+18536113132,"6306 Washington Blvd, Ste 834, Las Vegas, NV, 89101",Las Vegas,NV,89101,755.0
SRA0002756,Broadridge,Perry Fin Adv Group,LPL Financial,8600145,Dottie,Perry,dottie.perry@lpl.net,356.203.9126,"9935 Market St, Ste 2111, Cleveland, OH, 44101",Cleveland,OH,44101,296.5
SRA0002757,Broadridge,Cooper Asset Mgmt Group,HighTower,9298547,Mary,Cooper,mcooper@high.com,(879) 536-3671,"3127 Capital Way, Las Vegas, NV, 89101",Las Vegas,NV,89101,73.3
SRA0002758,Broadridge,Ramirez Asset Management Group,Wells Fargo Advisors,5649146,Eddie,Ramirez,eddie.ramirez@wellfargad.net,(474) 310-9934,"3679 Market Rd, Ste 3041, Tampa, FL, 33601",Tampa,FL,33601,96.5
SRA0002759,Broadridge,Cox Capital Group,Edward Jones,6903942,Chuck,Cox,ccox@edwajone.com,+13075236138,"2719 Broadway Ln, Ste 3380, Louisville, KY, 40201",Louisville,KY,40201,801.3
SRA0002760,Broadridge,Gonzales WM Team,Rockefeller Capital Management,4756100,Deborah,Gonzalees,dgonzalees@rockcapi.com,+13974092157,"7307 Financial Dr, Ste 2824, Cleveland, OH, 44101",Cleveland,OH,44101,259.8
SRA0002761,Broadridge,Hill WP,Rockefeller Capital Management,2589943,Betty,Hill,bhill@rockcapi.com,+16755886910,"829 Cedar Ave, Chicago, IL, 60601",Chicago,IL,60601,96.5
SRA0002762,Broadridge,Garcia Family Wealth Group,Edward Jones,6985708,M.,Garcia,mgarcia@edwajone.com,(734) 886-8603,"925 Main Rd, Ste 612, Nashville, TN, 37201",Nashville,TN,37201,97.4
SRA0002763,Broadridge,Cooper Wealth Solutions Grp,Morgan Stanley,6551676,M.,Coope,mcoope@morgstan.com,420-707-7276,"9799 Washington Blvd, Miami, FL, 33101",Miami,FL,33101,1122.9
SRA0002764,Broadridge,Brooks PC Group,Edward Jones,7455872,Nancy,Books,,3913837475,"8448 Capital Pl, Ste 463, Minneapolis, MN, 55401",Minneapolis,MN,55401,692.9
SRA0002765,Broadridge,Hall Wealth Advs,Edward Jones,1441031,Emily,Hall,emily.hall@edwajone.net,(655) 532-8308,"9873 Washington Ave, Ste 2766, Seattle, WA, 98101",Seattle,WA,98101,137.0
SRA0002766,Broadridge,Jenkins Investment Group,HighTower,7301661,Steve,Jenkins,sjenkins@high.com,+18754766170,"9416 Liberty Way, Ste 1176, Salt Lake City, UT, 84101",Salt Lake City,UT,84101-2448,220.5
SRA0002767,Broadridge,Long Adv Group,Wells Fargo Advisors,2487689,Kenny,Long,klong@wellfargad.com,8613211500,"3138 Pine Ct, Ste 634, Pittsburgh, PA, 15201",Pittsburgh,PA,15201,
SRA0002768,Broadridge,Rivera WM Team,Dynasty Financial Partners,8208065,Mary,Rivera,mrivera@dynapart.com,,,Charlotte,NC,28201,
SRA0002769,Broadridge,Nelson Priv Client Group,Morgan Stanley,5565260,Kim,Nelson,knelson@morgstan.com,2019872329,"17 Elm Way, Phoenix, AZ, 85001",Phoenix,AZ,85001,87.6
SRA0002770,Broadridge,Carter Family Wealth Grp,Stifel Financial,,R.,Caarter,rcarter@stif.com,,"3156 Cedar Pl, Ste 1332, San Diego, CA, 92101",San Diego,CA,92101,905.2
SRA0002771,Broadridge,Davis Wealth Management Group,Baird,6442963,Donna,Davis,,8292213488,"3954 Park St, Austin, TX, 78701",Austin,TX,78701,33.0
SRA0002772,Broadridge,Collins Wealth Mgmt Team,Edward Jones,2638758,Laura,Collins,lcollins@edwajone.com,+15845424609,,Indianapolis,IN,46201,47.1
SRA0002773,Broadridge,Ward Wealth Mgmt Grp,HighTower,2179469,Chris,Ward,cward@high.com,850-627-3440,"9483 Washington St, Austin, TX, 78701",Austin,TX,78701,41.9
SRA0002774,Broadridge,Rivera Fam Wealth Group,Morgan Stanley,1915734,Joey,Rivera,jrivera@morgstan.com,4256438530,"946 River St, Ste 589, Los Angeles, CA, 90025",Los Angeles,CA,90025,131.1
SRA0002775,Broadridge,Brooks Fam Wealth Group,Rockefeller Capital Management,2743305,Meg,Brooks,mbrooks@rockcapi.com,(808) 789-5670,"6757 Lincoln St, Ste 2647, Miami, FL, 33101",Miami,FL,33101,323.2
SRA0002776,Broadridge,Miller Fam Wealth Group,Steward Partners,3495094,S.,Miller,smiller@stewpart.com,353.819.9376,"3588 Main Ct, Milwaukee, WI, 53201",Milwaukee,WI,53201,172.2
SRA0002777,Broadridge,Richardson PC Group,Stifel Financial,,Barb,Richardson,barb.richardson@stif.net,7163565193,"3552 Lincoln Rd, Las Vegas, NV, 89101",Las Vegas,NV,89101-9324,316.1
SRA0002778,Broadridge,Nelson Wealth Part,Dynasty Financial Partners,4261477,Patty,Nelson,pnelson@dynapart.com,979.421.7302,"7411 Cedar Ave, Ste 1441, Dallas, TX, 75201",Dallas,TX,75201,330.8
SRA0002779,Broadridge,Foster Wealth Mgmt Team,Hightower Advisors,4062023,Jeff,Foster,jeff.foster@highadvi.net,500-970-7647,"5056 Capital Ave, New York, NY, 10017",New York,NY,10017,26.0
SRA0002780,Broadridge,Parker Wealth Mgmt Group,Baird,3813045,Dave,Parker,dave.parker@bair.net,,"6123 Financial Way, Cincinnati, OH, 45201",Cincinnati,OH,45201-7512,144.8
SRA0002781,Broadridge,Hernandez WM Team,RBC Wealth Management,5048491,Barb,Hernandez,hernandezb@rbc.com,,"432 Lake Pl, Ste 1344, Tampa, FL, 33601",Tampa,FL,3360,1041.8
SRA0002782,Broadridge,Flores Fin Grp,Stifel Financial,6823651,Kim,Flores,kflores@stif.com,8987592063,"5384 Maple Dr, Los Angeles, CA, 90025",Los Angeles,CA,90025,754.4
SRA0002783,Broadridge,Gray Wealth Mgmt Team,Dynasty Financial Partners,9974216,Patty,Gray,pgray@dynapart.com,8102551345,"8201 Jefferson St, Milwaukee, WI, 53201",Milwaukee,WI,53201,480.0
SRA0002784,Broadridge,Nguyen Wealth Solutions Grp,Stifel Financial,8157847,Will,Nguyen,wnguyen@stif.com,939-598-2573,"1685 Broadway Pl, Portland, OR, 97201",Portland,OR,97201-8198,206.1
SRA0002785,Broadridge,Lee Capital Group,Merrill Lynch,9705337,P.,Lee,plee@merrlync.com,961.552.3516,"4590 Main Ln, Los Angeles, CA, 90025",Los Angeles,CA,90025,172.0
SRA0002786,Broadridge,Butler Priv Client Group,Dynasty Financial Partners,3963519,Pat,Butler,butlerp@dynapart.com,+14912061548,"3777 Oak Dr, Ste 364, Kansas City, MO, 64101",Kansas City,MO,6410,214.7
SRA0002787,Broadridge,Turner Family Wealth Group,UBS Financial Services,3555688,Becky,Turner,bturner@ubs.com,+19025175976,"7672 Jefferson Ln, Salt Lake City, UT, 84101",Salt Lake City,UT,84101,76.1
SRA0002788,Broadridge,Wright Wealth Solutions Group,Dynasty Financial Partners,4554562,Lisa,Wright,lwright@dynapart.com,+13855712233,"9816 Financial St, Ste 658, Columbus, OH, 43201",Columbus,OH,43201,150.8
SRA0002789,Broadridge,Ramirez Financial Group,Ameriprise Financial,8943593,M.,Ramirez,m..ramirez@amer.net,2567446363,"9458 Hill Blvd, Ste 805, Boston, MA, 02134",Boston,MA,02134,38.0
SRA0002790,Broadridge,Perry Priv Client Group,Janney Montgomery Scott,4330391,Lisa,Perry,lisa.perry@jannmontsc.net,910-484-5195,"8819 Elm Ave, Ste 2695, Philadelphia, PA, 19101",Philadelphia,PA,19101,493.7
SRA0002791,Broadridge,Thomas WA,Baird,2671913,Joe,Thomas,thomasj@bair.com,888-579-2681,,Kansas City,MO,64101,102.2
SRA0002792,Broadridge,Young Priv Wealth Group,Edward Jones,1233617,G.,Young,g..young@edwajone.net,(716) 976-4534,"9991 Broadway Dr, Ste 1409, Tampa, FL, 33601",Tampa,FL,33601,405.0
SRA0002793,Broadridge,Green WA,Raymond James,3428420,M.,Green,mgreen@raymjame.com,2989564350,"9322 Sunset Pl, Boston, MA, 02134",Boston,MA,02134,202.2
SRA0002794,Broadridge,Edwards Adv Grp,Edward Jones,4309779,Ken,Edwards,,+14285821311,"202 Jefferson Ln, Indianapolis, IN, 46201",Indianapolis,IN,46201,560.1
SRA0002795,Broadridge,Adams Wealth Mgmt Group,Hightower Advisors,1699058,Carol,Adams,carol.adams@highadvi.net,687.895.9864,"2609 Market Way, Ste 3109, Austin, TX, 78701",Austin,TX,78701,879.1
SRA0002796,Broadridge,Stewart Fin Group,Edward Jones,1390876,Linda,Stewart,linda.stewart@edwajone.net,9846383576,"5918 Market Pl, Las Vegas, NV, 89101",Las Vegas,NV,89101,2210.3
SRA0002797,Broadridge,Cox Wealth Partners,Morgan Stanley,8013969,Johnny,Cox,johnny.cox@morgstan.net,+13479734323,"1355 Jefferson Pl, Ste 182, Richmond, VA, 23220",Richmond,VA,23220,841.5
SRA0002798,Broadridge,Mitchell Wealth Sol Group,LPL Financial,8536945,D.,Mitchell,mitchelld@lpl.com,9652254523,"4928 Maple Ln, Cincinnati, OH, 45201",Cincinnati,OH,45201,880.2
SRA0002799,Broadridge,Bailey Adv Group,Edward Jones,3517173,Don,Bailey,dbailey@edwajone.com,8709954653,"6396 River Pl, Atlanta, GA, 30301",Atlanta,GA,30301-9058,134.1
SRA0002800,Broadridge,Harris Asset Mgmt Group,Rockefeller Capital Management,3659732,S.,Harris,sharris@rockcapi.com,8415357282,"2535 Elm Blvd, Ste 3691, Charlotte, NC, 28201",Charlotte,NC,28201,337.8
SRA0002801,Broadridge,Scott Wealth Solutions Grp,Oppenheimer & Co,3206381,M.,Scott,mscott@oppe.com,802.779.7334,,Charlotte,NC,28201,84.0
SRA0002802,Broadridge,Carter Priv Client Group,Morgan Stanley,,Sandy,Caretr,,+15482761605,"6297 Market Dr, Ste 722, Memphis, TN, 38101",Memphis,TN,38101,52.9
SRA0002803,Broadridge,Martinez Fin Adv Group,Piper Sandler,6135990,Chuck,Martinez,martinezc@pipesand.com,+19103898942,"8305 Sunset Pl, New York, NY, 10001",New York,NY,10001,91.9
SRA0002804,Broadridge,Davis Cap Group,RBC Wealth Management,6587734,Donna,Davis,ddavis@rbc.com,866-866-7802,"2887 River St, Cincinnati, OH, 45201",Cincinnati,OH,45201-5307,774.6
SRA0002805,Broadridge,Roberts Adv Group,Merrill Lynch,2668699,Kate,Roberts,kroberts@merrlync.com,(489) 810-3857,"3348 Madison St, Ste 1795, Chicago, IL, 60614",Chicago,IL,60614,268.8
SRA0002806,Broadridge,Bailey Adv Grp,Baird,5563320,Jon,Bailey,jon.bailey@bair.net,,"1851 Washington Blvd, Ste 3336, Philadelphia, PA, 19101",Philadelphia,PA,1910,233.1
SRA0002807,Broadridge,Parker Wealth Solutions Group,LPL Financial,,Pat,Parker,pparker@lpl.com,256.511.4816,"8397 Hill Dr, Ste 2521, Chicago, IL, 60601",Chicago,IL,60601,206.2
SRA0002808,Broadridge,Bell Asset Management Group,Baird,5385930,J.,Bell,j..bell@bair.net,3803202991,"9112 Oak Ave, Columbus, OH, 43201",Columbus,OH,43201,144.5
SRA0002809,Broadridge,Morgan Financial Group,Edward Jones,7483496,P.,Morgan,morganp@edwajone.com,,"5066 Madison St, Ste 637, Denver, CO, 80201",Denver,CO,80201,403.4
SRA0002810,Broadridge,Moore Family Wealth Grp,UBS Financial Services,1284565,Rich,Moore,rmoore@ubs.com,515.381.5005,"2303 Broadway Rd, Ste 2358, Las Vegas, NV, 89101",Las Vegas,NV,89101,351.0
SRA0002811,Broadridge,Hernandez Wealth Partners,Steward Partners,5390807,Becca,Hernandez,becca.hernandez@stewpart.net,+13195906637,"2135 Lincoln Blvd, New York, NY, 10017",New York,NY,10017,179.6
SRA0002812,Broadridge,Ramirez Wealth Mgmt Grp,Wells Fargo Advisors,2625105,Sue,Ramirez,sue.ramirez@wellfargad.net,,,Denver,CO,80201,291.7
SRA0002813,Broadridge,Phillips Financial Advisory Group,Edward Jones,8529323,Marc,Phillips,,232-380-1489,"9269 Liberty Ct, Richmond, VA, 23220",Richmond,VA,23220,172.9
SRA0002814,Broadridge,Bell Wealth Mgmt Group,Edward Jones,1120806,Charlie,Bell,bellc@edwajone.com,6449534353,"5749 Park Dr, Tampa, FL, 33601",Tampa,FL,33601,1399.2
SRA0002815,Broadridge,Anderson Private Client Group,Piper Sandler,3215377,Jon,Anderson,jon.anderson@pipesand.net,+15332691584,"5117 Financial Ln, Ste 589, San Diego, CA, 92101",San Diego,CA,92101,461.2
SRA0002816,Broadridge,Martin Wealth Mgmt Group,Stifel Financial,2566378,Deborah,Martin,deborah.martin@stif.net,853-406-6537,"9291 Liberty Way, Ste 1078, Nashville, TN, 37201",Nashville,TN,37201,391.0
SRA0002817,Broadridge,Miller Asset Mgmt Group,RBC Wealth Management,7071733,J.,Miller,jmiller@rbc.com,692.484.4286,"3626 Capital Ave, Ste 3678, Denver, CO, 80201",Denver,CO,80201,115.9
SRA0002818,Broadridge,Walker Investment Group,Wells Fargo Advisors,,Linda,Walker,lwalker@wellfargad.com,+14307915188,"6065 Sunset Ct, Tampa, FL, 33601",Tampa,FL,33601,2464.5
SRA0002819,Broadridge,Bryant Wealth Advs,Stifel Financial,2638807,Eddie,Bryant,bryante@stif.com,+17143081348,"2302 Washington Blvd, Ste 1637, Los Angeles, CA, 90025",Los Angeles,CA,90025,282.9
SRA0002820,Broadridge,Lee Wealth Solutions Grp,Piper Sandler,6944494,Kathy,Lee,kathy.lee@pipesand.net,221.487.7573,"1543 Madison Blvd, Kansas City, MO, 64101",Kansas City,MO,6410,26.0
SRA0002821,Broadridge,Torres Private Client Group,LPL Fniancial,9372452,Nancy,Torres,nancy.torres@lpl.net,+13682103329,"58 Lake Ct, Pittsburgh, PA, 15201",Pittsburgh,PA,15201,25.2
SRA0002822,Broadridge,Brown Cap Group,RBC Wealth Management,5769852,Sharon,Brown,sbrown@rbc.com,,"1449 Lake Ln, Denver, CO, 80201",Denver,CO,80201,707.0
SRA0002823,Broadridge,Patterson Family Wealth Group,Dynasty Financial Partners,7095631,Joe,Patterson,pattersonj@dynapart.com,7945776818,"252 Commerce St, Ste 2672, Cleveland, OH, 44101",Cleveland,OH,44101,
SRA0002824,Broadridge,Williams Priv Client Group,Oppenheimer & Co,8893192,Laura,Williams,laura.williams@oppe.net,400.522.7958,"4167 Cedar Pl, Nashville, TN, 37201",Nashville,TN,37201,
SRA0002825,Broadridge,Clark Wealth Advisors,Oppenheimer & Co,,Stevie,Clark,sclark@oppe.com,363-467-6298,"929 Liberty Ct, Ste 3007, Los Angeles, CA, 90001",Los Angeles,CA,90001,1156.5
SRA0002826,Broadridge,Hill Wealth Mgmt Group,Mesirow Financial,8018622,Maggie,Hill,hillm@mesi.com,+12066505843,"1841 Broadway St, Miami, FL, 33101",Miami,FL,33101,156.0
SRA0002827,Broadridge,Thompson Financial Advisory Group,Janney Montgomery Scott,2346561,Chris,Thompson,cthompson@jannmontsc.com,3924602528,"7375 Jefferson Blvd, St. Louis, MO, 63101",St. Louis,MO,63101,477.1
SRA0002828,Broadridge,Brooks Invest Group,Janney Montgomery Scott,7207171,Jon,Brooks,jbrooks@jannmontsc.com,,"1577 Madison Dr, Indianapolis, IN, 46201",Indianapolis,IN,46201,169.2
SRA0002829,Broadridge,Jones Aset Management Group,Janney Montgomery Scott,4152912,Lisa,Jones,jonesl@jannmontsc.com,8284094461,"6654 Capital Ave, Ste 3856, Hartford, CT, 06101",Hartford,CT,06101,340.2
SRA0002830,Broadridge,Kelly Wealth Advisors,Oppenheimer & Co,2830201,C.,Kelly,ckelly@oppe.com,+13392627271,"4668 Madison Ln, Portland, OR, 97201",Portland,OR,97201,407.7
SRA0002831,Broadridge,King Adv Group,Mesirow Financial,5386963,Ed,King,eking@mesi.com,+15612592273,"5009 Park Blvd, Ste 3715, Orlando, FL, 32801",Orlando,FL,32801,817.6
SRA0002832,Broadridge,Cox Wealth Mgmt Grp,Stifel Financial,7741889,Sue,Cox,scox@stif.com,806-345-2067,"9531 Liberty Ave, Portland, OR, 97201",Portland,OR,97201-3695,99.9
SRA0002833,Broadridge,Bell Fin Group,Wells Fargo Advisors,,Jim,Bell,jim.bell@wellfargad.net,696.500.6022,,Los Angeles,CA,90001-1938,85.8
SRA0002834,Broadridge,Anderson Priv Wealth Group,Stifel Financial,6120214,Amy,Anderson,andersona@stif.com,4513196200,"6106 Jefferson Pl, Ste 1388, Portland, OR, 97201",Portland,OR,97201,54.3
SRA0002835,Broadridge,Morgan Fin Adv Group,HighTower,7860828,Cynthia,Morgan,cynthia.morgan@high.net,+14323688796,"3579 Elm Ln, Atlanta, GA, 30301",Atlanta,GA,30301,341.3
SRA0002836,Broadridge,Garcia Wealth Advs,LPL Financial,7863066,Donna,Garcia,dgarcia@lpl.com,615-983-6261,"1790 Lake Ave, Memphis, TN, 38101",Memphis,TN,38101,211.0
SRA0002837,Broadridge,Williams Cap Group,Mesirow Financial,9506299,M.,Williams,williamsm@mesi.com,6545939967,"1407 Liberty Way, Ste 1550, Boston, MA, 02134",Boston,MA,02134,176.9
SRA0002838,Broadridge,Wilson Asset Mgmt Group,Rockefeller Capital Management,4988671,Sarah,Wilson,swilson@rockcapi.com,638.967.4937,,San Francisco,CA,94101,172.8
SRA0002839,Broadridge,Ramirez Adv Group,UBS Financial Services,5819134,Bill,Ramirez,bill.ramirez@ubs.net,2763926643,"7890 Maple Way, Miami, FL, 33101",Miami,FL,33101,127.2
SRA0002840,Broadridge,Thomas WM Team,UBS Financial Services,1422321,Tim,Thomas,thomast@ubs.com,,"7558 Commerce Pl, Baltimore, MD, 21201",Baltimore,MD,21201,39.2
SRA0002841,Broadridge,Hall Wealth Management Team,Stifel Financial,6855070,Kim,Hall,khall@stif.com,627.512.8406,"3179 Pine Ave, St. Louis, MO, 63101",St. Louis,MO,6310,1400.1
SRA0002842,Broadridge,Adams Fin Adv Group,Dynasty Financial Partners,1315979,Babs,Adams,babs.adams@dynapart.net,2147589563,"9903 Lake Dr, Ste 285, Detroit, MI, 48201",Detroit,MI,48201,284.6
SRA0002843,Broadridge,Peterson Family Wealth Grp,Janney Montgomery Scott,7266664,J.,Peterson,j..peterson@jannmontsc.net,6432109504,,Detroit,MI,48201,1440.1
SRA0002844,Broadridge,Barnes Asset Mgmt Group,Morgan Stanley,4096792,Sandy,Barnes,sandy.barnes@morgstan.net,769-739-3793,"7082 Pine Pl, Ste 2936, Minneapolis, MN, 55401",Minneapolis,MN,55401,183.7
SRA0002845,Broadridge,Ward Priv Wealth Group,Mesirow Financial,2311851,Rob,Ward,wardr@mesi.com,,"1535 Market Ave, Ste 3831, Miami, FL, 33101",Miami,FL,33101,812.9
SRA0002846,Broadridge,Martin Priv Client Group,Dynasty Financial Partners,6693564,Donna,Martin,dmartin@dynapart.com,+12068654755,"54 Liberty Ct, Austin, TX, 78701",Austin,TX,78701,237.9
SRA0002847,Broadridge,Ramirez Wealth Advs,Wells Fargo Advisors,5802115,P.,Ramirez,ramirezp@wellfargad.com,7016225179,"9514 Elm Pl, Ste 2928, Detroit, MI, 48201",Detroit,MI,48201,219.3
SRA0002848,Broadridge,Gonzalez PW Group,LPL Financial,9176917,Susie,Gonzalez,sgonzalez@lpl.com,+19129992691,"9147 Pine Rd, Ste 950, Boston, MA, 02101",Boston,MA,02101,425.5
SRA0002849,Broadridge,Campbell Adv Group,Hightower Advisors,3934441,Danny,Campbell,campbelld@highadvi.com,290-404-7513,"7974 Pine Way, Ste 1076, Los Angeles, CA, 90001",Los Angeles,CA,90001,144.8
SRA0002850,Broadridge,Flores Private Client Group,UBS Financial Services,9571481,Jenny,Flores,jflores@ubs.com,7045171235,"7735 Elm Way, Austin, TX, 78701",Austin,TX,78701,208.8
SRA0002851,Broadridge,Cooper Wealth Mgmt Group,UBS Financial Services,5163789,Linda,Cooper,,+18012907839,"7877 Commerce Ave, Ste 2191, New York, NY, 10017",New York,NY,10017,262.1
SRA0002852,Broadridge,Wood Fin Grp,RBC Wealth Management,1970784,J.,Wood,,769.358.4011,"7341 Liberty Ct, Ste 1843, Cincinnati, OH, 45201",Cincinnati,OH,45201,23.8
SRA0002853,Broadridge,Young Wealth Partners,Dynasty Financial Partners,9666819,Bryan,Young,bryan.young@dynapart.net,946.352.4980,"2857 Oak Pl, Ste 1330, San Diego, CA, 92101",San Diego,CA,9210,79.1
SRA0002854,Broadridge,Gonzalez Wealth Part,UBS Financial Services,,Timmy,Gonzalez,tgonzalez@ubs.com,+17107651481,"1058 Financial Ln, Ste 253, San Francisco, CA, 94101",San Francisco,CA,94101,263.0
SRA0002855,Broadridge,Parker Investment Group,Raymond James,4591445,Donna,Parker,dparker@raymjame.com,659-757-7975,"1151 Broadway Dr, Nashville, TN, 37201",Nashville,TN,37201,76.9
SRA0002856,Broadridge,Flores Cap Group,Mesirow Financial,4158060,A.,Flores,a..flores@mesi.net,8258656436,"1086 Park Way, Ste 3621, San Diego, CA, 92101",San Diego,CA,92101,238.4
SRA0002857,Broadridge,Collins Asset Mgmt Group,Janney Montgomery Scott,5211212,Mick,Collins,mcollins@jannmontsc.com,859-424-7802,"6631 Park Dr, Ste 3517, Minneapolis, MN, 55401",Minneapolis,MN,55401-8717,
SRA0002858,Broadridge,Hernandez Investment Group,Hightower Advisors,,Tim,Hernandez,thernandez@highadvi.com,6936638891,"8126 Market Rd, Ste 2918, Denver, CO, 80201",Denver,CO,80201,405.1
SRA0002859,Broadridge,Baker PW Group,Hightower Advisors,9607710,P.,Baker,bakerp@highadvi.com,914-396-8205,"4779 Hill Ct, Chicago, IL, 60601",Chicago,IL,60601,40.5
SRA0002860,Broadridge,Cook Financial Advisory Group,Hightower Advisors,7676720,Joe,Cook,jcook@highadvi.com,9773111055,"3837 Lincoln Way, Ste 762, Salt Lake City, UT, 84101",Salt Lake City,UT,84101,26.5
SRA0002861,Broadridge,Smith Wealth Solutions Group,RBC Wealth Management,4588157,Drew,Smith,dsmith@rbc.com,702.461.2475,"2569 Jefferson Ct, Nashville, TN, 37201",Nashville,TN,37201,94.9
SRA0002862,Broadridge,Carter Wealth Part,Baird,,Kim,Carter,kim.carter@bair.net,829-807-8577,"51 Broadway Ct, Ste 3338, New York, NY, 10001",New York,NY,10001,32.6
SRA0002863,Broadridge,Hernandez Fin Adv Group,RBC Wealth Management,3792869,Sandy,Hernandez,hernandezs@rbc.com,+18926827015,"9635 Hill Blvd, Ste 275, Los Angeles, CA, 90001",Los Angeles,CA,90001,178.7
SRA0002864,Broadridge,Evans Family Wealth Grp,Janney Montgomery Scott,7342234,Sharon,Evans,sevans@jannmontsc.com,(417) 849-3432,"9098 Pine St, Tampa, FL, 33601",Tampa,FL,33601,166.5
SRA0002865,Broadridge,Bryant Asset Management Group,Merrill Lynch,1995202,Meg,Bryant,bryantm@merrlync.com,5455228845,"3444 Market Ln, Ste 2443, Detroit, MI, 48201",Detroit,MI,48201,574.9
SRA0002866,Broadridge,Brown Cap Group,Oppenheimer & Co,2121365,Jim,Brown,jbrown@oppe.com,875.551.4173,"1300 Lincoln Way, Ste 3395, San Diego, CA, 92101",San Diego,CA,92101,1088.6
SRA0002867,Broadridge,Nguyen Cap Grp,Janney Montgomery Scott,2533486,Andy,Nguyen,andy.nguyen@jannmontsc.net,+17222865806,,Salt Lake City,UT,84101,53.6
SRA0002868,Broadridge,Morris Wealth Solutions Group,Baird,4196694,Kev,Morris,kev.morris@bair.net,4749933959,"6848 Main Rd, Ste 3667, Philadelphia, PA, 19101",Philadelphia,PA,19101,218.1
SRA0002869,Broadridge,Lee Fin Group,Stifel Financial,7715181,Babs,Lee,blee@stif.com,+15869431822,,Salt Lake City,UT,84101-6697,276.6
SRA0002870,Broadridge,Jones Wealth Management Team,Stifel Financial,4742275,Susie,Jones,sjones@stif.com,513-739-8289,"4262 River Ave, Ste 3143, Cincinnati, OH, 45201",Cincinnati,OH,45201,788.4
SRA0002871,Broadridge,Lee Asset Mgmt Grp,UBS Financial Services,6542502,S.,Lee,slee@ubs.com,650-821-1500,"671 Broadway Blvd, Ste 1686, Charlotte, NC, 28201",Charlotte,NC,28201,1682.3
SRA0002872,Broadridge,Taylor Wealth Mgmt Grp,RBC Wealth Management,,Pat,Taylor,ptaylor@rbc.com,,"3246 Lincoln Ave, Seattle, WA, 98101",Seattle,WA,98101,214.9
SRA0002873,Broadridge,Price Fam Wealth Group,Piper Sandler,2334881,P.,Price,p..price@pipesand.net,803-631-8727,"5139 River Pl, Ste 584, Baltimore, MD, 21201",Baltimore,MD,21201,284.4
SRA0002874,Broadridge,Bennett WP,Stifel Financial,5661219,Johnny,Bennett,bennettj@stif.com,+15054089656,"2266 Madison Pl, Ste 1242, New York, NY, 10017",New York,NY,10017,912.0
SRA0002875,Broadridge,Long Capital Group,Piper Sandler,9739359,Donnie,Long,dlong@pipesand.com,6367187403,,Charlotte,NC,28201,116.7
SRA0002876,Broadridge,Robinson Wealth Mgmt Team,Dynasty Financial Partners,1640398,J.,Robinson,robinsonj@dynapart.com,(963) 942-5674,"9993 Oak Ln, Dallas, TX, 75201",Dallas,TX,75201,105.1
SRA0002877,Broadridge,Scott Fam Wealth Group,Edward Jones,3310344,R.,Scott,rscott@edwajone.com,5705075467,"5630 Cedar Pl, Ste 361, Las Vegas, NV, 89101",Las Vegas,NV,89101,199.8
SRA0002878,Broadridge,Nelson Family Wealth Grp,Ameriprise Financial,8656683,Karen,Nelson,knelson@amer.com,525.292.5025,"2031 Lake Way, Hartford, CT, 06101",Hartford,CT,06101,26.2
SRA0002879,Broadridge,Ward Advisory Group,Edward Jones,,Jeff,Ward,jward@edwajone.com,623-735-2886,"305 Commerce Rd, Ste 2067, Denver, CO, 80201",Denver,CO,80201,385.0
SRA0002880,Broadridge,Simmons WP,Rockefeller Capital Management,4615365,Jim,Simmons,jsimmons@rockcapi.com,(815) 842-3840,"5281 Madison Pl, Houston, TX, 77001",Houston,TX,77001-8699,438.1
SRA0002881,Broadridge,Hill Wealth Solutions Grp,Piper Sandler,9039674,Ashley,Hill,ahill@pipesand.com,+16932689499,"6607 Elm Way, Ste 1900, Chicago, IL, 60614",Chicago,IL,60614,1256.6
SRA0002882,Broadridge,Rodriguez PW Grup,Piper Sandler,3002865,Tim,Rodriguez,trodriguez@pipesand.com,447-210-4242,"2334 Jefferson Blvd, Ste 3455, Hartford, CT, 06101",Hartford,CT,06101,49.5
SRA0002883,Broadridge,Parker Wealth Mgmt Grp,Stifel Financial,7652282,Linda,Parker,linda.parker@stif.net,575-483-8970,"7414 Main Rd, Ste 1316, Detroit, MI, 48201",Detroit,MI,48201,949.1
SRA0002884,Broadridge,Young Financial Group,Ameriprise Financial,8802705,Angela,Young,younga@amer.com,589-374-1792,"8862 Liberty St, Minneapolis, MN, 55401",Minneapolis,MN,55401-4606,361.6
SRA0002885,Broadridge,Cox Private Wealth Group,HighTower,3743411,Becca,Cox,becca.cox@high.net,7452091386,,Columbus,OH,43201,
SRA0002886,Broadridge,Brown Wealth Advisors,Stifel Financial,1661504,Kenny,Brown,brownk@stif.com,2392813775,"3580 Washington Ave, Detroit, MI, 48201",Detroit,MI,48201,43.8
SRA0002887,Broadridge,Hill Invest Group,Merrill Lynch,8653296,Tom,Hill,thill@merrlync.com,534-726-5372,"2383 Lincoln Way, Ste 3563, St. Louis, MO, 63101",St. Louis,MO,63101,190.5
SRA0002888,Broadridge,Thompson Family Wealth Group,Rockefeller Capital Management,8313012,Betty,Thompson,betty.thompson@rockcapi.net,(830) 518-3534,"327 Pine Ct, Ste 3362, Phoenix, AZ, 85001",Phoenix,AZ,85001,351.1
SRA0002889,Broadridge,Phillips Wealth Mgmt Team,Piper Sandler,7106894,Jeff,Phillips,jeff.phillips@pipesand.net,254-948-7789,"4610 Pine St, Ste 2289, Atlanta, GA, 30301",Atlanta,GA,30301,2156.6
SRA0002890,Broadridge,Henderson Priv Wealth Group,Rockefeller Capital Management,4555937,Will,Henderson,hendersonw@rockcapi.com,461-849-8012,,Cincinnati,OH,45201,34.9
SRA0002891,Broadridge,Perry Private Wealth Group,Morgan Stanley,8632982,Mel,Perry,mel.perry@morgstan.net,(891) 377-8136,"4265 Hill St, Ste 2565, San Diego, CA, 92101",San Diego,CA,92101,806.6
SRA0002892,Broadridge,Thompson Financial Group,Hightower Advisors,4557108,Lisa,hompson,hompsonl@highadvi.com,+15478555295,,Nashville,TN,3720,91.7
SRA0002893,Broadridge,Bryant Family Wealth Grp,Merrill Lynch,9502419,A.,Bryant,abryant@merrlync.com,490-928-8448,"5458 Pine Dr, Phoenix, AZ, 85001",Phoenix,AZ,85001,30.8
SRA0002894,Broadridge,Garcia Wealth Advs,Mesirow Financial,6323274,Carol,Garcia,garciac@mesi.com,2185839776,"2271 Lake St, Milwaukee, WI, 53201",Milwaukee,WI,53201,2019.6
SRA0002895,Broadridge,Wright Priv Client Group,Oppenheimer & Co,3200162,Carol,Wright,carol.wright@oppe.net,2606111378,"7058 Maple Ave, Chicago, IL, 60601",Chicago,IL,60601,884.0
SRA0002896,Broadridge,Sanders PW Group,Mesirow Financial,4892896,Carol,Sanders,csanders@mesi.com,321.523.9767,"4471 Madison Ln, Ste 3228, Boston, MA, 02134",Boston,MA,02134,82.8
SRA0002897,Broadridge,Allen Wealth Sol Group,Ameriprise Financial,1275536,Shelly,Allen,mallen@amer.com,9045285164,"277 Oak Blvd, Hartford, CT, 06101",Hartford,CT,06101,1653.2
SRA0002898,Broadridge,Brooks Wealth Mgmt Group,Janney Montgomery Scott,6742335,Rich,Brooks,rich.brooks@jannmontsc.net,900.393.1441,"622 Park Ln, Hartford, CT, 06101",Hartford,CT,06101,212.9
SRA0002899,Broadridge,White Fin Advisory Group,HighTower,1421245,Amy,White,awhite@high.com,538-897-6968,"6025 Sunset Way, Boston, MA, 02134",Boston,MA,02134,230.1
SRA0002900,Broadridge,Bennett Wealth Part,Rockefeller Capital Management,4684950,J.,Bennett,jbennett@rockcapi.com,434-808-4980,"9870 Financial Ln, Ste 220, Pittsburgh, PA, 15201",Pittsburgh,PA,15201,207.8
SRA0002901,Broadridge,Hall Advisory Group,UBS Financial Services,8380145,Sandy,Hall,halls@ubs.com,743.391.9672,"248 Financial Rd, Ste 3073, Las Vegas, NV, 89101",Las Vegas,NV,89101,67.9
SRA0002902,Broadridge,Bennett Adv Group,Mesirow Financial,8250521,Don,Bennett,bennettd@mesi.com,,"4791 Madison St, New York, NY, 10001",New York,NY,10001,217.6
SRA0002903,Broadridge,Parker Wealth Advisors,Edward Jones,8847677,Kev,Parker,kparker@edwajone.com,2034143564,"7332 Maple Ct, Orlando, FL, 32801",Orlando,FL,32801,162.8
SRA0002904,Broadridge,Rivera Family Wealth Group,Hightower Advisors,1534594,J.,Rivera,j..rivera@highadvi.net,+18803351566,"7957 River Blvd, Ste 1739, Los Angeles, CA, 90025",Los Angeles,CA,90025,
SRA0002905,Broadridge,Miller Invest Grp,Mesirow Financial,1350135,Cynthia,Miller,,8476085254,"8733 Lake Pl, Salt Lake City, UT, 84101",Salt Lake City,UT,84101,54.8
SRA0002906,Broadridge,Perez Financial Advisory Group,Morgan Stanley,5511660,Lisa,Perezz,lisa.perezz@morgstan.net,213.898.8826,"3859 Liberty Ave, Ste 430, Cincinnati, OH, 45201",Cincinnati,OH,45201,487.4
SRA0002907,Broadridge,Barnes WM Team,Merrill Lynch,1971812,Betty,Barnes,bbarnes@merrlync.com,(975) 400-7513,"8001 Elm Ave, Atlanta, GA, 30301",Atlanta,GA,30301,28.6
SRA0002908,Broadridge,Ross Financial Advisory Group,Ameriprise Financial,7581810,A.,Ross,aross@amer.com,+16258787886,"4499 Broadway Ave, Chicago, IL, 60614",Chicago,IL,60614,1872.9
SRA0002909,Broadridge,Brooks Wealth Partners,RBC Wealth Management,6731960,Ashley,Brooks,abrooks@rbc.com,630-575-3214,"409 Commerce Dr, Ste 2904, Las Vegas, NV, 89101",Las Vegas,NV,89101,195.4
SRA0002910,Broadridge,Jenkins Wealth Mgmt Team,Merrill Lynch,3994288,Jimmy,Jenkins,jenkinsj@merrlync.com,292.538.3594,"9319 Oak St, Chicago, IL, 60614",Chicago,IL,60614,98.8
SRA0002911,Broadridge,Rodriguez Capital Group,Piper Sandler,1632226,Andy,Rodriguez,,763-586-1396,"4863 Cedar Ct, Seattle, WA, 98101",Seattle,WA,98101,79.5
SRA0002912,Broadridge,Bennett Adv Group,Merrill Lynch,9943323,Chris,Bennett,chris.bennett@merrlync.net,(937) 247-2715,,Kansas City,MO,64101,32.0
SRA0002913,Broadridge,Morgan Private Client Group,Oppenheimer & Co,7213684,P.,Morgan,pmorgan@oppe.com,+16659746974,"7371 Financial St, Richmond, VA, 23220",Richmond,VA,23220,32.2
SRA0002914,Broadridge,Ross Wealth Solutions Grp,Mesirow Financial,5689318,Ronald,Ross,rross@mesi.com,9867002361,"340 Financial Dr, Cincinnati, OH, 45201",Cincinnati,OH,4520,50.9
SRA0002915,Broadridge,Torres Priv Client Group,Steward Partners,3721851,Linda,Torres,ltorres@stewpart.com,422-989-1704,"8816 Main Ln, Ste 976, St. Louis, MO, 63101",St. Louis,MO,63101,87.4
SRA0002916,Broadridge,Ramirez Invest Grp,Merrill Lynch,1035982,Stevie,Ramirez,ramirezs@merrlync.com,224.357.7433,"7678 Sunset Rd, Ste 1522, New York, NY, 10017",New York,NY,10017-7193,438.6
SRA0002917,Broadridge,Washington Cap Grp,HighTower,8120033,Mandy,Washington,washingtonm@high.com,4157413285,"5596 Pine Ave, Ste 3452, Chicago, IL, 60614",Chicago,IL,60614,25.1
SRA0002918,Broadridge,Henderson Wealth Mgmt Group,LPL Financial,3940683,M.,Hendderson,m..hendderson@lpl.net,+15974305066,"479 Commerce St, Pittsburgh, PA, 15201",Pittsburgh,PA,1520,156.7
SRA0002919,Broadridge,Henderson Adv Group,Merrill Lynch,,Sue,Henderson,,370.990.7018,"8227 Main Ln, Ste 3703, Chicago, IL, 60614",Chicago,IL,60614,226.2
SRA0002920,Broadridge,Phillips WA,Baird,8469588,Mike,Phillips,mphillips@bair.com,309.919.7630,,Kansas City,MO,64101,361.3
SRA0002921,Broadridge,Perry Cap Group,Mesirow Financial,7164827,Angela,Perry,angela.perry@mesi.net,(331) 287-6469,"2495 Jefferson Pl, Ste 2776, Denver, CO, 80201",Denver,CO,80201,354.3
SRA0002922,Broadridge,Martinez Family Wealth Group,Merrill Lynch,8266950,Joey,Martinez,joey.martinez@merrlync.net,4806296032,"1653 Hill Pl, Detroit, MI, 48201",Detroit,MI,48201,57.9
SRA0002923,Broadridge,Bennett Cap Grp,Stifel Financial,8828476,Becca,Bennett,bennettb@stif.com,+14983906616,"2825 River Pl, Ste 1655, Miami, FL, 33101",Miami,FL,33101,185.7
SRA0002924,Broadridge,Ramirez Private Client Group,Rockefeller Capital Management,2483731,Sarah,RRamirez,sarah.rramirez@rockcapi.net,597-841-7320,"558 Park Blvd, Denver, CO, 80201",Denver,CO,80201,122.5
SRA0002925,Broadridge,Cook Wealth Mgmt Team,Merrill Lynch,6921316,Meg,Cook,cookm@merrlync.com,929-861-2012,"7208 Liberty Ave, Ste 3244, New York, NY, 10017",New York,NY,10017-5585,55.7
SRA0002926,Broadridge,Wood Priv Client Group,Piper Sandler,9181645,Lisa,Wood,lisa.wood@pipesand.net,(703) 354-6517,"9684 Jefferson Ave, Boston, MA, 02134",Boston,MA,02134,335.5
SRA0002927,Broadridge,Williams Financial Advisory Group,Oppenheimer & Co,7670709,Sandy,Williams,swilliams@oppe.com,254-877-4162,"438 Financial Ct, Ste 3956, St. Louis, MO, 63101",St. Louis,MO,63101,166.4
SRA0002928,Broadridge,Richardson Investment Group,LPL Financial,4436522,Nancy,Richardson,richardsonn@lpl.com,617.455.6271,"7129 Market St, Charlotte, NC, 28201",Charlotte,NC,28201,38.5
SRA0002929,Broadridge,Stewart Wealth Advisors,HighTower,5371957,Patty,Stewart,pstewart@high.com,296.920.7953,"7599 Madison Blvd, Ste 2298, Minneapolis, MN, 55401",Minneapolis,MN,55401-9838,85.8
SRA0002930,Broadridge,Nguyen Wealth Mgmt Group,RBC Wealth Management,9384853,Emily,Nguyen,nguyene@rbc.com,508.333.4293,"2295 Madison Ct, Ste 1336, Minneapolis, MN, 55401",Minneapolis,MN,55401,266.8
SRA0002931,Broadridge,Brown Priv Client Group,HighTower,3831840,Mary,Brown,mbrown@high.com,,"9118 Hill Rd, Ste 3334, Salt Lake City, UT, 84101",Salt Lake City,UT,84101,344.9
SRA0002932,Broadridge,Lewis Wealth Management Group,Ameriprise Financial,5233054,Ronald,Lews,rlews@amer.com,+14676787968,,Houston,TX,77001,26.2
SRA0002933,Broadridge,Richardson Asset Mgmt Grp,Baird,3985991,Ronald,Richardson,rrichardson@bair.com,268-688-7073,"1183 Lincoln Ave, Ste 2916, San Diego, CA, 92101",San Diego,CA,92101,23.6
SRA0002934,Broadridge,Peterson WP,Stifel Financial,6487665,Nancy,Peterson,petersonn@stif.com,207.840.1376,"5808 Lincoln Ln, Baltimore, MD, 21201",Baltimore,MD,21201,1313.2
SRA0002935,Broadridge,Garcia Cap Group,Rockefeller Capital Management,9970467,Angela,Garcia,garciaa@rockcapi.com,6707305884,"1885 Park Ct, Nashville, TN, 37201",Nashville,TN,37201,358.1
SRA0002936,Broadridge,Morris Wealth Mgmt Group,Oppenheimer & Co,5800810,Danny,Morris,danny.morris@oppe.net,+17533803089,"4197 Sunset Blvd, Ste 3391, Richmond, VA, 23220",Richmond,VA,23220,
SRA0002937,Broadridge,Thomas Wealth Sol Group,Piper Sandler,7116790,Barb,Thomas,bthomas@pipesand.com,454.516.2767,"7983 Jefferson Rd, Ste 536, Miami, FL, 33101",Miami,FL,33101-9911,104.2
SRA0002938,Broadridge,Wilson WA,Dynasty Financial Partners,8759060,Rick,Wilson,wilsonr@dynapart.com,427-781-2302,,Los Angeles,CA,90001,129.3
SRA0002939,Broadridge,Green Invest Group,Hightower Advisors,1137475,Amy,Green,amy.green@highadvi.net,(890) 301-3206,"7516 Broadway Ave, Ste 1912, Hartford, CT, 06101",Hartford,CT,0610,114.3
SRA0002940,Broadridge,Wilson Cap Group,Baird,2612482,Ashley,Wilson,ashley.wilson@bair.net,+18976615616,"4447 Broadway Ln, Ste 2255, Miami, FL, 33101",Miami,FL,33101,518.6
SRA0002941,Broadridge,Harris Asset Management Group,Merrill Lynch,1750347,Meg,Harris,mharris@merrlync.com,6124672587,"9913 Capital Way, Ste 3167, San Francisco, CA, 94101",San Francisco,CA,94101,56.6
SRA0002942,Broadridge,Martin Priv Wealth Group,Dynasty Financial Partners,7978758,Bob,Martin,rmartin@dynapart.com,8555268416,"2122 Market St, San Diego, CA, 92101",San Diego,CA,92101,225.9
SRA0002943,Broadridge,Roberts Cap Group,Baird,,Susie,Roberts,robertss@bair.com,+12137671133,"5982 Financial Ct, Ste 3658, San Diego, CA, 92101",San Diego,CA,92101-4495,455.5
SRA0002944,Broadridge,Cox Adv Grp,Steward Partners,6573051,Becky,Cox,coxb@stewpart.com,399.667.9815,"2520 Commerce Way, New York, NY, 10001",New York,NY,10001,260.3
SRA0002945,Broadridge,Lee Wealth Management Group,Raymond James,8621945,Nancy,Lee,leen@raymjame.com,272.262.9886,"1025 Jefferson Blvd, New York, NY, 10001",New York,NY,10001-9395,256.4
SRA0002946,Broadridge,Washington Fam Wealth Group,Dynasty Financial Partners,2159212,Becky,Washington,becky.washington@dynapart.net,+15569132110,,Detroit,MI,4820,431.7
SRA0002947,Broadridge,Foster Fin Grp,Raymond James,6171636,R.,Foter,rfoter@raymjame.com,358-878-7699,"3550 River Ct, Louisville, KY, 40201",Louisville,KY,40201,639.8
SRA0002948,Broadridge,Kelly PCC Group,Edward Jones,9176000,Josh,Kelly,jkelly@edwajone.com,(860) 870-5412,"5306 Sunset Ave, Ste 676, Miami, FL, 33101",Miami,FL,33101,33.8
SRA0002949,Broadridge,Walker Wealth Partners,Janney Montgomery Scott,3491564,Amy,Walker,awalker@jannmontsc.com,727-865-4621,,Baltimore,MD,2120,114.6
SRA0002950,Broadridge,Edwards Wealth Advisors,UBS Financial Services,9191471,Rich,Edwards,rich.edwards@ubs.net,+15744121303,"2451 Financial Way, Ste 3047, Pittsburgh, PA, 15201",Pittsburgh,PA,15201,78.0
SRA0002951,Broadridge,Powell Asset Management Group,Morgan Stanley,8190647,Karen,Powell,kpowell@morgstan.com,(679) 779-6369,"2570 Liberty St, Ste 2540, Chicago, IL, 60601",Chicago,IL,60601,2692.9
SRA0002952,Broadridge,Patterson Invest Grp,Wells Fargo Advisors,2191736,Lisa,Patterson,pattersonl@wellfargad.com,775-830-2982,"7754 Liberty Blvd, Ste 1481, Philadelphia, PA, 19101",Philadelphia,PA,19101,386.2
SRA0002953,Broadridge,Ward Family Wealth Grp,Merrill Lynch,1377555,Emily,Ward,emily.ward@merrlync.net,564-667-1338,"1317 Financial Pl, Ste 961, New York, NY, 10017",New York,NY,10017,539.0
SRA0002954,Broadridge,Adams WA,Raymond James,6768735,Jeff,Adams,jadams@raymjame.com,(914) 977-7121,,Cleveland,OH,44101,59.0
SRA0002955,Broadridge,Coleman Asset Mgmt Group,Stifel Financial,1078329,Lisa,Coleman,lcoleman@stif.com,3385532902,"9375 Oak Way, Los Angeles, CA, 90001",Los Angeles,CA,90001,739.5
SRA0002956,Broadridge,Miller Private Wealth Group,Steward Partners,3215115,Donnie,Miller,,8857491485,"1549 Oak St, Las Vegas, NV, 89101",Las Vegas,NV,89101,619.1
SRA0002957,Broadridge,Wright Investment Group,Mesirow Financial,3258459,Don,Wright,dwright@mesi.com,2468943522,"2571 Washington St, Ste 3655, Columbus, OH, 43201",Columbus,OH,43201,576.1
SRA0002958,Broadridge,Hall Priv Wealth Group,Mesirow Financial,4141275,Mary,Hall,mhall@mesi.com,7136917195,"5640 Lincoln Rd, Portland, OR, 97201",Portland,OR,97201,268.0
SRA0002959,Broadridge,Cooper WM Team,Rockefeller Capital Management,1860199,Becca,Cooper,rcooper@rockcapi.com,255-379-6626,"5773 Lake Way, Los Angeles, CA, 90001",Los Angeles,CA,9000,113.3
SRA0002960,Broadridge,Young Invest Group,RBC Wealth Management,,Steph,Young,youngs@rbc.com,850.841.9334,"4689 Hill Pl, Ste 3451, Milwaukee, WI, 53201",Milwaukee,WI,53201,117.9
SRA0002961,Broadridge,Flores Wealth Partners,Stifel Financial,7469913,Ashley,Flores,floresa@stif.com,+14179834208,"7904 Oak Way, Cleveland, OH, 44101",Cleveland,OH,44101,243.5
SRA0002962,Broadridge,Wilson Adv Group,UBS Financial Services,9972740,Betty,Wilson,wilsonb@ubs.com,(860) 651-6963,"5706 River Ln, Ste 2454, Salt Lake City, UT, 84101",Salt Lake City,UT,84101,163.8
SRA0002963,Broadridge,Wilson Priv Wealth Group,LPL Financial,2284412,Amy,Wilson,awilson@lpl.com,8308838540,"7570 Pine Ave, Ste 3625, Minneapolis, MN, 55401",Minneapolis,MN,55401,375.6
SRA0002964,Broadridge,Hughes Family Wealth Group,Piper Sandler,1865737,Dot,Hughes,dhughes@pipesand.com,(470) 758-1041,"9718 Market Rd, Minneapolis, MN, 55401",Minneapolis,MN,55401,549.1
SRA0002965,Broadridge,King Wealth Advs,RBC Wealth Management,5551727,Rick,King,rking@rbc.com,6814584366,"5010 Broadway Way, Memphis, TN, 38101",Memphis,TN,38101-3615,176.7
SRA0002966,Broadridge,Kelly PC Group,LPL Financial,,Babs,Kelly,babs.kelly@lpl.net,(881) 692-8526,"6277 Hill Rd, Ste 328, Chicago, IL, 60614",Chicago,IL,60614,57.0
SRA0002967,Broadridge,Harris Asset Management Group,UBS Financial Services,6336281,Drew,Harris,drew.harris@ubs.net,366.943.2103,"7325 Financial St, Cincinnati, OH, 45201",Cincinnati,OH,45201,900.6
SRA0002968,Broadridge,Adams Wealth Advs,LPL Financial,6344469,Becca,Adams,badams@lpl.com,913.701.5901,"1018 Cedar Ct, Boston, MA, 02101",Boston,MA,02101,332.7
SRA0002969,Broadridge,Baker Wealth Paart,HighTower,6385430,Kathy,Baker,kathy.baker@high.net,(583) 778-2541,"2795 Jefferson Ct, Ste 242, Portland, OR, 97201",Portland,OR,97201,240.0
SRA0002970,Broadridge,Walker Wealth Sol Group,Mesirow Financial,5056217,Linda,Walker,linda.walker@mesi.net,556.795.6030,"1788 Elm Dr, Houston, TX, 77001",Houston,TX,77001-8281,325.0
SRA0002971,Broadridge,Kelly PW Group,Edward Jones,9662613,Kenny,Kelly,kellyk@edwajone.com,257-967-3967,"4735 Sunset Rd, Tampa, FL, 33601",Tampa,FL,33601,41.7
SRA0002972,Broadridge,Wilson Fin Advisory Group,Piper Sandler,5747849,Cynthia,Wilson,wilsonc@pipesand.com,+18113289426,"6745 Washington Blvd, Ste 324, Charlotte, NC, 28201",Charlotte,NC,28201,295.5
SRA0002973,Broadridge,Gonzalez InvestG roup,Mesirow Financial,9802392,Ant,Gonzalez,agonzalez@mesi.com,(961) 276-1728,,Boston,MA,02101,89.5
SRA0002974,Broadridge,Clark Invest Group,LPL Financial,7297521,P.,Clark,pclark@lpl.com,413.451.7007,"6523 Lake Ave, New York, NY, 10001",New York,NY,10001,1849.4
SRA0002975,Broadridge,Peterson Wealth Management Group,Rockefeller Capital Management,3529125,Sarah,Peterson,,2965682444,"4408 Liberty Dr, Cleveland, OH, 44101",Cleveland,OH,44101,15204.5
SRA0002976,Broadridge,Taylor Wealth Advs,LPL Financial,6234327,Mary,Taylor,mary.taylor@lpl.net,748.572.3776,"6365 Oak Blvd, Columbus, OH, 43201",Columbus,OH,43201,133.5
SRA0002977,Broadridge,Torres Fin Adv Group,Rockefeller Capital Management,1596119,Kev,Torres,ktorres@rockcapi.com,(527) 941-6901,"3886 Oak Way, Philadelphia, PA, 19101",Philadelphia,PA,19101,465.7
SRA0002978,Broadridge,Wood Wealt hMgmt Group,Merrill Lynch,3268356,M.,Wood,mwood@merrlync.com,684-572-3705,"3217 Lake St, Ste 246, Tampa, FL, 33601",Tampa,FL,33601,54.5
SRA0002979,Broadridge,Gray Priv Wealth Group,RBC Wealth Managemet,7001377,Timmy,Gray,tgray@rbc.com,611-445-9341,"6073 Financial Ct, Ste 3254, Tampa, FL, 33601",Tampa,FL,33601,25.3
SRA0002980,Broadridge,King Financial Group,LPL Financial,1710399,Sue,King,sking@lpl.com,244.553.6891,"8001 Washington Dr, Nashville, TN, 37201",Nashville,TN,37201,76.0
SRA0002981,Broadridge,Barnes Cap Group,Raymond James,5847615,R.,Barnes,,+12105115126,"7471 Sunset St, Ste 3406, New York, NY, 10001",New York,NY,10001-2513,180.7
SRA0002982,Broadridge,Nelson Wealth Advs,Oppenheimer & Co,1652838,Jim,Nelson,jim.nelson@oppe.net,861.607.6293,"8764 Madison Pl, Pittsburgh, PA, 15201",Pittsburgh,PA,15201,324.3
SRA0002983,Broadridge,Sanchez Investment Group,Edward Jones,,C.,Sanchez,csanchez@edwajone.com,445.218.2003,"6543 Park Ave, Ste 3652, Los Angeles, CA, 90001",Los Angeles,CA,90001,62.3
SRA0002984,Broadridge,Collins Family Wealth Grp,Dynasty Financial Partners,2317582,M.,Collins,mcollins@dynapart.com,980-887-2489,"4936 Cedar St, Phoenix, AZ, 85001",Phoenix,AZ,8500,128.5
SRA0002985,Broadridge,Phillips Financial Advisory Group,Wells Fargo Advisors,3646021,Susie,Phillips,phillipss@wellfargad.com,7676212976,"4417 Main Blvd, Seattle, WA, 98101",Seattle,WA,98101,467.0
SRA0002986,Broadridge,Moore Investment Group,Raymond James,,Josh,Moore,josh.moore@raymjame.net,+19073341913,"248 Main Ave, Ste 1933, San Francisco, CA, 94101",San Francisco,CA,94101,248.0
SRA0002987,Broadridge,Bennett Adv Group,Edward Jones,4955984,Amy,Bennett,abennett@edwajone.com,,"9293 Maple Dr, Ste 3208, Philadelphia, PA, 19101",Philadelphia,PA,1910,319.2
SRA0002988,Broadridge,Adams Wealth Mgmt Team,Piper Sandler,9714850,Karen,Adams,karen.adams@pipesand.net,4816178998,"6158 Hill St, San Diego, CA, 92101",San Diego,CA,92101,351.4
SRA0002989,Broadridge,Price Family Wealth Grp,Mesirow Financial,7307628,Donna,Price,dprice@mesi.com,(270) 481-1056,"9042 Washington St, Seattle, WA, 98101",Seattle,WA,98101,631.2
SRA0002990,Broadridge,Miller Private Wealth Group,Piper Sandler,4148889,Karen,Miller,karen.miller@pipesand.net,324.938.6478,"6932 Broadway Blvd, Ste 2106, Orlando, FL, 32801",Orlando,FL,32801,935.3
SRA0002991,Broadridge,White Fin Advisory Group,Dynasty Financial Partners,8896929,J.,White,jwhite@dynapart.com,(924) 661-8452,"3203 Commerce Blvd, St. Louis, MO, 63101",St. Louis,MO,63101,402.1
SRA0002992,Broadridge,Bailey Wealth Mgmt Team,Raymond James,4121790,Amy,Bailey,abailey@raymjame.com,3647424655,"3225 Market Ave, Ste 3945, Portland, OR, 97201",Portland,OR,9720,347.3
SRA0002993,Broadridge,Simmons Priv Wealth Group,Edward Joes,1468888,Danny,Simmons,danny.simmons@edwajone.net,(594) 348-8951,"450 Financial Ln, Louisville, KY, 40201",Louisville,KY,40201,446.5
SRA0002994,Broadridge,Simmons Invest Grp,Wells Fargo Advisors,3691106,Sharon,Simmons,sharon.simmons@wellfargad.net,389-804-3536,"4123 Sunset Way, Ste 207, Chicago, IL, 60601",Chicago,IL,60601,387.6
SRA0002995,Broadridge,Coleman Private Wealth Group,Dynasty Financial Partners,1580585,Meg,Coleman,meg.coleman@dynapart.net,486-624-3560,"3100 Washington Pl, Ste 1543, Pittsburgh, PA, 15201",Pittsburgh,PA,15201,659.6
SRA0002996,Broadridge,Baker Wealth Solutions Grp,Steward Partners,7127224,S.,Baker,sbaker@stewpart.com,,"5577 Park St, Ste 3149, Seattle, WA, 98101",Seattle,WA,98101,182.4
SRA0002997,Broadridge,Gray WP,Rockefeller Capital Management,9535692,K.,Gray,kgray@rockcapi.com,+19163896658,"7816 Cedar Dr, Ste 2959, Los Angeles, CA, 90025",Los Angeles,CA,90025,65.6
SRA0002998,Broadridge,Bryant WM Team,HighTower,5187803,C.,Bryant,c..bryant@high.net,957.575.7239,"5949 Oak Ct, Hartford, CT, 06101",Hartford,CT,06101,146.9
SRA0002999,Broadridge,Moore Family Wealth Group,Raymond James,7190502,Jess,Moore,jmoore@raymjame.com,8508845328,"1693 Maple St, Atlanta, GA, 30301",Atlanta,GA,30301,182.8
SRA0003000,Broadridge,Gonzales Fin Adv Group,Oppenheimer & Co,3396368,B.,Gonzales,gonzalesb@oppe.com,632.875.7687,"7303 Jefferson Ct, Ste 2751, Chicago, IL, 60601",Chicago,IL,60601,399.0
SRA0003001,Broadridge,King Priv Client Group,Morgan Stanley,5166708,Mel,King,mking@morgstan.com,+14056345368,"2794 Hill Rd, Memphis, TN, 38101",Memphis,TN,38101,73.4
SRA0003002,Broadridge,Edwards Invest Grp,Baird,7844698,Johnny,Edwards,edwardsj@bair.com,8492685832,"3616 Hill St, Boston, MA, 02101",Boston,MA,02101,569.2
SRA0003003,Broadridge,Martinez Financial Advisory Group,Janney Montgomery Scott,2089823,Mary,Martinez,mary.martinez@jannmontsc.net,(543) 892-7738,"8741 Park St, Miami, FL, 33101",Miami,FL,33101,291.1
SRA0003004,Broadridge,Foster Private Client Group,UBS Financial Services,7097695,Don,Foster,dfoster@ubs.com,367-955-7583,"4517 Financial Pl, Ste 2348, San Francisco, CA, 94101",San Francisco,CA,94101,165.8
SRA0003005,Broadridge,Edwards Wealth Advisors,Mesirow Financial,4905004,Mike,Edwards,edwardsm@mesi.com,+12376771490,"7540 Market Ave, Minneapolis, MN, 55401",Minneapolis,MN,55401,198.9
SRA0003006,Broadridge,Jones Fin Adv Group,Wells Fargo Advisors,,K.,Jones,kjones@wellfargad.com,(989) 209-7093,"6419 Capital Ln, Minneapolis, MN, 55401",Minneapolis,MN,55401,946.3
SRA0003007,Broadridge,Gonzales Family Wealth Grp,Hightower Advisors,5297937,Joe,Gonzales,gonzalesj@highadvi.com,,"1012 Lincoln Blvd, Salt Lake City, UT, 84101",Salt Lake City,UT,84101,198.4
SRA0003008,Broadridge,Nguyen Fin Advisory Group,Dynasty Financial Partners,4489679,K.,Nguyen,knguyen@dynapart.com,2169307787,"4738 Oak Ln, Ste 400, Minneapolis, MN, 55401",Minneapolis,MN,55401,201.0
SRA0003009,Broadridge,Garcia Wealth Advisors,Ameriprise Financial,1156579,R.,Garcia,r..garcia@amer.net,4222906970,"8556 Market Pl, Ste 259, Chicago, IL, 60601",Chicago,IL,60601,760.5
SRA0003010,Broadridge,Johnson Family Wealth Group,Oppenheimer & Co,5484107,Timmy,Johnson,johnsont@oppe.com,318.471.9558,"3735 Sunset Ave, Ste 186, Dallas, TX, 75201",Dallas,TX,75201,303.2
SRA0003011,Broadridge,Thomas Private Client Group,Ameriprise Financial,,B.,Thomas,b..thomas@amer.net,,"8846 Madison Ave, Ste 1471, Baltimore, MD, 21201",Baltimore,MD,21201,40.6
SRA0003012,Broadridge,Hernandez Fin Adv Group,Oppenheimer & Co,5295883,Joe,Hernandez,jhernandez@oppe.com,412-969-7058,"3159 Lake Ave, Ste 530, Houston, TX, 77001",Houston,TX,77001,344.0
SRA0003013,Broadridge,Smith Fin Adv Group,Mesirow Financial,6136886,Charlie,Smith,charlie.smith@mesi.net,5289413896,"4926 Main Ct, Ste 3045, Los Angeles, CA, 90001",Los Angeles,CA,90001,600.8
SRA0003014,Broadridge,Wood WA,Oppenheimer & Co,4939114,Emily,Wood,emily.wood@oppe.net,617.239.2624,"245 Financial Dr, St. Louis, MO, 63101",St. Louis,MO,63101,264.4
SRA0003015,Broadridge,Washington Asset Mgmt Group,Ameriprise Financial,,Rick,Washington,rwashington@amer.com,,"1813 Financial Blvd, New York, NY, 10017",New York,NY,10017-5868,109.2
SRA0003016,Broadridge,Richardson Wealth Sol Group,Mesirow Financial,,Linda,Richardson,linda.richardson@mesi.net,837-353-6831,"4337 Liberty Dr, Ste 1454, Chicago, IL, 60601",Chicago,IL,60601,105.8
SRA0003017,Broadridge,Evans Invest Grp,Oppenheimer & Co,5074328,Chuck,Evans,cevans@oppe.com,745.926.8102,"9753 Madison Way, Kansas City, MO, 64101",Kansas City,MO,64101,1031.4
SRA0003018,Broadridge,Perry Family Wealth Grp,Piper Sandler,2118189,M.,Perry,perrym@pipesand.com,2117051049,"8367 Cedar Ln, Columbus, OH, 43201",Columbus,OH,43201,108.4
SRA0003019,Broadridge,Lewis Wealth Mgmt Team,Janney Montgomery Scott,6963713,Lisa,Lewis,llewis@jannmontsc.com,(665) 790-3923,"898 Commerce Blvd, Miami, FL, 33101",Miami,FL,33101,241.0
SRA0003020,Broadridge,Hernandez WA,Piper Sandler,2381525,Eddie,Hernandez,eddie.hernandez@pipesand.net,(656) 354-6331,"1920 Cedar Way, New York, NY, 10017",New York,NY,10017,147.5
SRA0003021,Broadridge,Patterson Wealth Solutions Group,Steward Partners,2466925,Mick,Patterson,mpatterson@stewpart.com,220-767-5437,"27 Park St, Salt Lake City, UT, 84101",Salt Lake City,UT,84101,141.7
SRA0003022,Broadridge,Jenkins Cap Group,Rockefeller Capital Management,7912027,Maggie,Jenkins,mjenkins@rockcapi.com,(221) 993-9661,"6840 Park Dr, Ste 2488, Seattle, WA, 98101",Seattle,WA,98101,296.5
SRA0003023,Broadridge,Hall Cap Group,Morgan Stanley,,Betty,Hall,hallb@morgstan.com,+19335486803,"325 Market St, Detroit, MI, 48201",Detroit,MI,48201,104.8
SRA0003024,Broadridge,Miller Wealth Mgmt Grp,HighTower,7980823,Deborah,Miller,millerd@high.com,(840) 836-4060,"5910 Oak Ct, Los Angeles, CA, 90001",Los Angeles,CA,90001-2604,82.8
SRA0003025,Broadridge,Mitchell Investment Group,Oppenheimer & Co,2132956,Angela,Mitchell,amitchell@oppe.com,329.467.4460,"6845 Pine Way, Ste 152, Chicago, IL, 60601",Chicago,IL,60601-5686,42.4
SRA0003026,Broadridge,Henderson Fin Group,Dynasty Financial Partners,7692906,Karen,Henderson,karen.henderson@dynapart.net,294.795.2927,"8270 Maple Ln, Las Vegas, NV, 89101",Las Vegas,NV,89101,87.5
SRA0003027,Broadridge,Turner Adv Grp,Rockefeller Capital Management,2571591,Ant,Turner,ant.turner@rockcapi.net,660.653.5572,"9233 Pine Ave, Milwaukee, WI, 53201",Milwaukee,WI,53201,458.9
SRA0003028,Broadridge,Nelson Wealth Management Group,Janney Montgomery Scott,4158732,Jeff,Nelson,nelsonj@jannmontsc.com,705-547-4261,"1724 River Pl, Ste 3948, Charlotte, NC, 28201",Charlotte,NC,28201,265.6
SRA0003029,Broadridge,Thompson Wealth Part,HighTower,1600262,Laura,Thompson,laura.thompson@high.net,402.797.1964,"3489 Jefferson Pl, Ste 1858, Richmond, VA, 23220",Richmond,VA,23220,233.4
SRA0003030,Broadridge,Campbell Family Wealth Group,Piper Sandler,6452440,Steph,Campbell,scampbell@pipesand.com,(276) 523-5068,"4239 Broadway Ln, Ste 3926, Seattle, WA, 98101",Seattle,WA,98101,1055.0
SRA0003031,Broadridge,Smith Wealth Mgmt Team,Hightower Advisors,1432349,Patty,Smith,psmith@highadvi.com,412-704-9843,"1459 Main Ave, Ste 2696, Los Angeles, CA, 90025",Los Angeles,CA,90025,177.7
SRA0003032,Broadridge,Smith Financial Advisory Group,Hightower Advisors,2624654,Mandy,Smith,msmith@highadvi.com,986.614.1157,"9786 Capital St, Ste 1523, Philadelphia, PA, 19101",Philadelphia,PA,19101,280.5
SRA0003033,Broadridge,Richardsson Asset Management Group,Steward Partners,1309980,Dottie,Richardson,richardsond@stewpart.com,710-605-5271,"5119 Lake St, Ste 3311, Dallas, TX, 75201",Dallas,TX,75201,638.2
SRA0003034,Broadridge,Bryant PC Group,Piper Sandler,3370791,Andy,Bryant,abryant@pipesand.com,328.906.3767,"7639 Lincoln Blvd, Ste 176, Portland, OR, 97201",Portland,OR,97201,103.5
SRA0003035,Broadridge,Coleman Fin Adv Group,Morgan Stanley,,P.,Coeman,coemanp@morgstan.com,6225646424,"9581 Cedar Ave, New York, NY, 10017",New York,NY,10017-2942,252.1
SRA0003036,Broadridge,Roberts Advisory Group,Steward Partners,4644312,Ken,Roberts,kroberts@stewpart.com,3968848369,"4497 Sunset Dr, Philadelphia, PA, 19101",Philadelphia,PA,19101,116.9
SRA0003037,Broadridge,Garcia PW Group,Edward Jones,6095718,Babs,Garcia,babs.garcia@edwajone.net,+15104614667,"3680 Lincoln Dr, Ste 2738, Hartford, CT, 06101",Hartford,CT,06101,145.9
SRA0003038,Broadridge,Davis Wealth Part,Hightower Advisors,4736694,Lisa,Davis,davisl@highadvi.com,955.679.6012,,Cleveland,OH,44101,304.4
SRA0003039,Broadridge,Allen PC Group,Edward Jones,3784012,Betty,Allen,ballen@edwajone.com,+18576989801,"5602 Elm Dr, Ste 3067, New York, NY, 10001",New York,NY,10001-8860,1043.0
SRA0003040,Broadridge,Green Fin Group,Hightower Advisors,3171553,Becky,Green,becky.green@highadvi.net,,"5907 Commerce Blvd, Columbus, OH, 43201",Columbus,OH,43201,99.3
SRA0003041,Broadridge,Nelson Priv Client Group,Ameriprise Financial,6042278,Susie,Nelson,susie.nelson@amer.net,939.501.6517,"292 Park Ct, Ste 2258, Cincinnati, OH, 45201",Cincinnati,OH,45201,43.3
SRA0003042,Broadridge,Gray Wealth Sol Group,RBC Wealth Management,4378985,S.,Gray,grays@rbc.com,(222) 690-1272,"7640 Capital Ave, Pittsburgh, PA, 15201",Pittsburgh,PA,15201,487.9
SRA0003043,Broadridge,Cox Adv Group,Rockefeller Capital Management,4789853,Dottie,Cox,coxd@rockcapi.com,(444) 483-6222,"1155 Elm Ct, Ste 2744, New York, NY, 10017",New York,NY,10017,338.3
SRA0003044,Broadridge,Wright Adv Group,UBS Financial Services,9324414,B.,Wright,bwright@ubs.com,773-733-2770,"4986 Liberty Pl, Miami, FL, 33101",Miami,FL,33101,280.0
SRA0003045,Broadridge,Smith Asset Mgmt Group,Morgan Stanley,6346634,Kev,Smith,kev.smith@morgstan.net,+16958527287,"978 Liberty Dr, Ste 1952, Miami, FL, 33101",Miami,FL,33101,216.9
SRA0003046,Broadridge,Scott Asset Mgmt Group,Hightower Advisors,5061379,Betty,Scott,scottb@highadvi.com,(626) 508-9940,"5604 Pine Pl, Ste 2948, Philadelphia, PA, 19101",Philadelphia,PA,19101,251.7
SRA0003047,Broadridge,Campbell Fam Wealth Group,Rockefeller Capital Management,7560144,Sandy,Campbell,,230-281-9070,"4177 Pine Way, Ste 3778, Los Angeles, CA, 90025",Los Angeles,CA,90025,266.7
SRA0003048,Broadridge,Foster Fin Adv Group,Dynasty Financial Partners,,Mike,Foster,mike.foster@dynapart.net,407-893-6407,"9839 Liberty Way, San Diego, CA, 92101",San Diego,CA,92101,159.8
SRA0003049,Broadridge,Perry Asset Mgmt Grp,Merrill Lynch,3741023,P.,Perry,p..perry@merrlync.net,+16285648070,"5601 Elm Dr, Richmond, VA, 23220",Richmond,VA,2322,462.8
SRA0003050,Broadridge,Campbell Fin Advisory Group,Piper Sandler,5336203,Mary,Campbell,campbellm@pipesand.com,(214) 439-5996,"9571 Liberty Ct, Tampa, FL, 33601",Tampa,FL,3360,255.4
SRA0003051,Broadridge,Bennett Wealth Part,Mesirow Financial,4973894,Donnie,Bennett,donnie.bennett@mesi.net,6088725888,"2778 Elm St, Cleveland, OH, 44101",Cleveland,OH,44101,75.9
SRA0003052,Broadridge,Jones Invest Grp,Baird,4370328,J.,Jones,j..jones@bair.net,(824) 877-1183,"1116 Commerce Pl, Ste 2931, Indianapolis, IN, 46201",Indianapolis,IN,46201,524.6
SRA0003053,Broadridge,Flores Investment Group,Morgan Stanley,6555966,C.,Flores,c..flores@morgstan.net,940.350.9510,"7385 Pine Rd, Columbus, OH, 43201",Columbus,OH,43201-1608,112.0
SRA0003054,Broadridge,Wright Private Wealth Group,Ameriprise Financial,,Marc,Wright,mwright@amer.com,(934) 445-9996,"5209 Hill Ln, Boston, MA, 02101",Boston,MA,0210,503.0
SRA0003055,Broadridge,Scott Fin Advisory Group,Morgan Stanley,1124292,A.,Scott,ascott@morgstan.com,5089157951,,Richmond,VA,23220,50.8
SRA0003056,Broadridge,Gray Wealth Mgmt Group,HighTower,5277208,Dot,Gray,dot.gray@high.net,872-378-8989,"2713 Hill Pl, Detroit, MI, 48201",Detroit,MI,48201,529.6
SRA0003057,Broadridge,Hall Adv Grp,Mesirow Financial,9060199,Joe,Hal,jhal@mesi.com,(749) 287-6593,"6663 Maple Way, Ste 3133, Miami, FL, 33101",Miami,FL,33101,2850.0
SRA0003058,Broadridge,Carter Wealth Solutions Grp,Rockefeller Capital Management,4313305,Tony,aCrter,tacrter@rockcapi.com,264-498-1328,"3531 Pine Ave, Ste 1801, Phoenix, AZ, 85001",Phoenix,AZ,85001,
SRA0003059,Broadridge,Perez Private Client Group,Stifel Financial,9769803,J.,Perez,j..perez@stif.net,+19407918071,"7857 Madison Blvd, Milwaukee, WI, 53201",Milwaukee,WI,53201,36.9
SRA0003060,Broadridge,Moore Invest Grp,Edward Jones,,Jenny,Moore,jenny.moore@edwajone.net,4637057632,"9045 Jefferson Pl, Ste 2913, Memphis, TN, 38101",Memphis,TN,38101,1351.1
SRA0003061,Broadridge,Phillips Wealth Management Team,Mesirow Financial,7028175,Rich,Phillips,phillipsr@mesi.com,671-824-3309,"5472 Lincoln Ct, Ste 806, Austin, TX, 78701",Austin,TX,78701,196.9
SRA0003062,Broadridge,Green Financial Group,Raymond James,2177457,Angela,Green,angela.green@raymjame.net,428-995-8233,"3919 Lake Rd, Ste 1271, New York, NY, 10017",New York,NY,10017,290.2
SRA0003063,Broadridge,Alexander WM Team,Wlls Fargo Advisors,9688820,Deborah,Alexander,dalexander@wellfargad.com,3903852084,"9132 Maple Rd, Ste 477, St. Louis, MO, 63101",St. Louis,MO,63101,117.0
SRA0003064,Broadridge,Smith Wealth Sol Group,Mesirow Financial,,Angela,Smith,angela.smith@mesi.net,319.414.2592,"6410 Hill Rd, Ste 904, Portland, OR, 97201",Portland,OR,97201,44.4
SRA0003065,Broadridge,Nguyen WP,Edward Jones,4739703,Ronald,Nguyen,nguyenr@edwajone.com,,"2865 Pine St, Ste 1481, New York, NY, 10001",New York,NY,10001,369.5
SRA0003066,Broadridge,Evans WP,Mesirow Financial,,Ashley,Evans,ashley.evans@mesi.net,,"7721 Oak Dr, Ste 3396, Minneapolis, MN, 55401",Minneapolis,MN,55401,47.5
SRA0003067,Broadridge,Campbell Adv Grp,Oppenheimer & Co,4291298,Jim,Campbell,jcampbell@oppe.com,(391) 242-2097,"4355 Washington Rd, Ste 1690, Tampa, FL, 33601",Tampa,FL,33601,101.5
SRA0003068,Broadridge,Phillips Financial Group,Rockefeller Capital Management,6038196,Shelly,Phillips,,885-519-6069,"9496 Market Ave, Ste 1753, Portland, OR, 97201",Portland,OR,97201,103.5
SRA0003069,Broadridge,Jackson Financial Group,HighTower,5468716,Andy,Jackson,jacksona@high.com,+16574684481,,Chicago,IL,60601,1567.1
SRA0003070,Broadridge,Perez Fin Grp,Morgan Stanley,9055259,Barb,Perez,bperez@morgstan.com,337.321.2546,"2268 Main Dr, Ste 3062, Columbus, OH, 43201",Columbus,OH,43201,797.4
SRA0003071,Broadridge,Ross Advisory Group,Piper Sandler,1639579,Kim,Ross,rossk@pipesand.com,5179441504,"101 River Ln, Phoenix, AZ, 85001",Phoenix,AZ,8500,248.8
SRA0003072,Broadridge,Hernandez WM Team,LPL Financial,7001651,Johnny,Hernandez,johnny.hernandez@lpl.net,(705) 468-4211,"3044 Maple Ave, Ste 1509, Seattle, WA, 98101",Seattle,WA,98101,692.8
SRA0003073,Broadridge,Nelson Wealth Advisors,HighTower,2375762,Jess,Nelson,jess.nelson@high.net,+19768998765,"9753 Maple Way, Memphis, TN, 38101",Memphis,TN,38101,142.5
SRA0003074,Broadridge,Perry Fin Group,Morgan Stanley,7984311,Mandy,Perry,mperry@morgstan.com,524-916-3110,"297 Sunset Ln, Ste 935, Phoenix, AZ, 85001",Phoenix,AZ,85001,176.1
SRA0003075,Broadridge,Ramirez Wealth Mgmt Team,Merrill Lynch,1228038,Jon,Ramirez,jramirez@merrlync.com,309-974-2345,"5576 Washington Way, Ste 1676, Austin, TX, 78701",Austin,TX,7870,356.8
SRA0003076,Broadridge,Bennett WP,Stifel Financial,3115585,Tony,Bennett,tbennett@stif.com,,,Charlotte,NC,28201,786.5
SRA0003077,Broadridge,Murphy Investment Group,Morgan Stanley,6414066,Karen,Murphy,karen.murphy@morgstan.net,+15642997627,"9342 Washington Blvd, Charlotte, NC, 28201",Charlotte,NC,28201,42.4
SRA0003078,Broadridge,Nelson Asset Mgmt Group,Mesirow Financial,2351435,Deborah,Nelson,deborah.nelson@mesi.net,855.779.4356,"6056 Washington Ave, Houston, TX, 77001",Houston,TX,77001,134.9
SRA0003079,Broadridge,Coleman Wealth Management Team,Dynasty Financial Partners,7044338,Jenny,Coleman,colemanj@dynapart.com,3582749312,"5444 Market Way, Ste 3033, Detroit, MI, 48201",Detroit,MI,48201,36.8
SRA0003080,Broadridge,Hughes Fin Grp,LPL Financial,1235049,Stevie,Hughes,hughess@lpl.com,233-727-9701,"9617 Cedar Rd, Boston, MA, 02134",Boston,MA,02134,241.7
SRA0003081,Broadridge,Henderson Fam Wealth Group,Baird,1756410,Deborah,Henderson,hendersond@bair.com,3966891388,"3512 Lincoln Pl, Ste 438, Louisville, KY, 40201",Louisville,KY,40201,118.4
SRA0003082,Broadridge,Mitchell Asset Management Group,Steward Partners,6131578,Mike,Mitchell,mmitchell@stewpart.com,(731) 563-4362,"1009 Lincoln Ln, Ste 3980, Memphis, TN, 38101",Memphis,TN,38101,26.7
SRA0003083,Broadridge,Harris Wealth Mgmt Group,Ameriprise Financial,,Will,Harris,wharris@amer.com,,"3978 Madison Ave, Ste 237, Dallas, TX, 75201",Dallas,TX,75201,275.1
SRA0003084,Broadridge,Scott Wealth Solutions Group,Hightower Advisors,2831333,Bob,Scott,bscott@highadvi.com,9419893214,"3151 Lake Ct, Nashville, TN, 37201",Nashville,TN,37201,231.0
SRA0003085,Broadridge,Simmons Invest Group,Dynasty Financial Partners,7462367,Becky,Simmons,,+13495306916,"7068 Pine Ln, Ste 3937, San Francisco, CA, 94101",San Francisco,CA,94101,83.2
SRA0003086,Broadridge,Butler Adv Grp,Dynasty Financial Partners,2051303,Maggie,Buutler,maggie.buutler@dynapart.net,259.826.4125,"2117 Maple Rd, Ste 1147, Los Angeles, CA, 90025",Los Angeles,CA,9002,2354.5
SRA0003087,Broadridge,Edwards WM Team,Wells Fargo Advisors,5202615,Patty,Edwards,edwardsp@wellfargad.com,968.920.1619,"9813 Madison Rd, Nashville, TN, 37201",Nashville,TN,37201,95.4
SRA0003088,Broadridge,Long Wealth Solutions Grp,Oppenheimer & Co,3071145,Kathy,Long,longk@oppe.com,597-622-5891,"8459 Pine St, Ste 363, Boston, MA, 02101",Boston,MA,02101,231.5
SRA0003089,Broadridge,Clark Private Client Group,RBC Wealth Management,7401253,Dottie,Clark,dclark@rbc.com,545-577-7392,"7614 Park Blvd, Ste 3077, Dallas, TX, 75201",Dallas,TX,75201,56.5
SRA0003090,Broadridge,Bailey WM Team,Stifel Financial,6155337,Ed,Bailey,baileye@stif.com,(488) 602-3783,"2871 Market St, Phoenix, AZ, 85001",Phoenix,AZ,85001,511.3
SRA0003091,Broadridge,Bennett Wealth Partners,Morgan Stanley,1228359,Meg,Bennett,bennettm@morgstan.com,550-947-7016,"122 Capital Ln, Ste 2725, Columbus, OH, 43201",Columbus,OH,43201,76.4
SRA0003092,Broadridge,Ward Cap Grp,RBC Wealth Management,8476135,J.,Ward,wardj@rbc.com,703.383.2405,"431 Market Pl, Ste 1274, Cleveland, OH, 44101",Cleveland,OH,44101,30.0
SRA0003093,Broadridge,Miller Fin Group,Janney Montgomery Scott,9538507,Angela,Miller,amiller@jannmontsc.com,9659672377,,Pittsburgh,PA,15201,209.2
SRA0003094,Broadridge,Butler Financial Advisory Group,Janney Montgomery Scott,5140925,B.,Butler,bbutler@jannmontsc.com,(841) 525-3302,"2257 Maple Pl, Ste 2359, Philadelphia, PA, 19101",Philadelphia,PA,19101,24.1
SRA0003095,Broadridge,King Family Wealth Group,Hightower Advisors,1377399,Chuck,King,chuck.king@highadvi.net,358-832-2246,"7520 Elm Way, Ste 535, Memphis, TN, 38101",Memphis,TN,38101,46.6
SRA0003096,Broadridge,King Wealth Mgmt Grp,Raymond James,6630516,Kim,King,kingk@raymjame.com,,"4002 Maple Ln, Ste 3221, Cincinnati, OH, 45201",Cincinnati,OH,45201,161.3
SRA0003097,Broadridge,Simmons Priv Wealth Group,Janney Montgomery Scott,2096265,Tommy,Simmons,tommy.simmons@jannmontsc.net,4242161249,"1894 Maple Dr, Ste 1837, Seattle, WA, 98101",Seattle,WA,9810,435.6
SRA0003098,Broadridge,Flores Wealth Management Team,Edward Jones,8800942,Deborah,Flores,dflores@edwajone.com,857-689-9227,"456 Sunset Rd, Phoenix, AZ, 85001",Phoenix,AZ,85001,293.3
SRA0003099,Broadridge,Gonzales Family Wealth Grp,Raymond James,1890433,Tommy,Gonzales,tgonzales@raymjame.com,(958) 513-8641,"6546 Capital Pl, New York, NY, 10017",New York,NY,10017,434.7
SRA0003100,Broadridge,Flores WP,Edward Jones,8315457,Kate,Flores,kflores@edwajone.com,863.998.6008,"1276 Pine Dr, Ste 3598, Salt Lake City, UT, 84101",Salt Lake City,UT,84101,183.4
SRA0003101,Broadridge,Edwards Fin Grp,Stifel Financial,7759175,Ashley,Edwards,edwardsa@stif.com,(394) 422-7731,"8291 Main St, Ste 3830, Las Vegas, NV, 89101",Las Vegas,NV,89101-3984,462.4
SRA0003102,Broadridge,Torres Fin Advisory Group,Raymond James,3320367,K.,Torres,k..torres@raymjame.net,415-982-2404,"4990 Park Dr, Ste 3765, Memphis, TN, 38101",Memphis,TN,38101,197.0
SRA0003103,Broadridge,Evans Wealth Advisors,HighTower,6157249,J.,Evans,evansj@high.com,623-796-8971,"650 Broadway Ave, Ste 2258, Nashville, TN, 37201",Nashville,TN,37201,105.2
SRA0003104,Broadridge,Rodriguez Wealth Management Team,Wells Fargo Advisors,5024462,Kev,Rodriguez,krodriguez@wellfargad.com,,"8106 Maple Rd, Indianapolis, IN, 46201",Indianapolis,IN,46201,63.4
SRA0003105,Broadridge,Johnson Capital Group,Edward Jones,4527137,Ronald,Johnson,rjohnson@edwajone.com,612.382.5953,"5553 Market Ct, Boston, MA, 02101",Boston,MA,02101,163.6
SRA0003106,Broadridge,Carter Wealth Sol Group,Dynasty Financial Partners,9336013,Dottie,Carter,dcarter@dynapart.com,554-226-9505,"378 Sunset Pl, Las Vegas, NV, 89101",Las Vegas,NV,89101,618.0
SRA0003107,Broadridge,Bennett Cap Grp,LPL Financial,7664583,J.,Bennett,jbennett@lpl.com,,"1959 Commerce Ct, Ste 377, Portland, OR, 97201",Portland,OR,97201,661.0
SRA0003108,Broadridge,Gonzales Priv Client Group,Rockefeller Capital Management,5963497,C.,Gonzales,,656-674-5722,"9636 Jefferson Pl, Denver, CO, 80201",Denver,CO,80201,186.6
SRA0003109,Broadridge,Flores Fam Wealth Group,Raymond James,9665194,Geo,Flores,,(732) 307-6204,,Phoenix,AZ,85001,79.2
SRA0003110,Broadridge,Ramirez Invest Group,Baird,,Mel,Ramirez,ramirezm@bair.com,8116671489,"7542 Capital St, Ste 1910, Cleveland, OH, 44101",Cleveland,OH,44101,59.4
SRA0003111,Broadridge,Wilson Fin Group,Edward Jones,8512800,Dan,Wilson,wilsond@edwajone.com,907-330-5232,"857 Sunset Rd, Ste 2744, Orlando, FL, 32801",Orlando,FL,32801,242.3
SRA0003112,Broadridge,Wilson Family Wealth Group,Rockefeller Capital Management,3617462,Kenny,Wilson,kenny.wilson@rockcapi.net,8656136046,,Cincinnati,OH,45201-7357,74.3
SRA0003113,Broadridge,Moore Wealth Mgmt Group,Raymond James,1860472,Emily,Moore,emoore@raymjame.com,481.274.1057,"6855 Hill Way, Ste 763, Boston, MA, 02101",Boston,MA,02101,182.3
SRA0003114,Broadridge,Lee Wealth Sol Group,Morgan Stanley,,Kev,Lee,klee@morgstan.com,(662) 437-8194,"2790 Sunset St, Ste 1077, Charlotte, NC, 28201",Charlotte,NC,28201,72.8
SRA0003115,Broadridge,Gonzales Wealth Part,Dynasty Financial Partners,4273698,Joe,Gonzales,jgonzales@dynapart.com,(383) 260-7135,"18 Jefferson Rd, Ste 3760, Milwaukee, WI, 53201",Milwaukee,WI,53201,218.7
SRA0003116,Broadridge,Ross Wealth Advisors,Wells Fargo Advisors,6892788,Eddie,Ross,eross@wellfargad.com,329-422-7503,,Richmond,VA,23220,87.1
SRA0003117,Broadridge,Jones Wealth Management Group,Edward Jones,7776506,A.,Jones,a..jones@edwajone.net,,"959 Jefferson Blvd, Ste 863, Indianapolis, IN, 46201",Indianapolis,IN,46201,215.7
SRA0003118,Broadridge,Campbell Private Client Group,Wells Fargo Advisors,,Deborah,Campbell,dcampbell@wellfargad.com,7906171449,"5527 Market Way, Ste 430, St. Louis, MO, 63101",St. Louis,MO,6310,573.8
SRA0003119,Broadridge,Ramirez Fin Adv Group,Ameriprise Financial,9309131,S.,Ramirez,s..ramirez@amer.net,247.493.4555,"1289 Oak Pl, Ste 779, Los Angeles, CA, 90001",Los Angeles,CA,90001,573.3
SRA0003120,Broadridge,Morgan Fin Grp,Ameriprise Financial,9164434,Sue,Morgan,sue.morgan@amer.net,500-368-9859,"6513 Oak Ave, Ste 1705, Columbus, OH, 43201",Columbus,OH,43201,38.7
SRA0003121,Broadridge,Cox Private Wealth Group,Mesirow Financial,2741997,Meg,Cox,mcox@mesi.com,+12654111542,"5736 Elm Blvd, Dallas, TX, 75201",Dallas,TX,75201,116.9
SRA0003122,Broadridge,Campbell Fin Advisory Group,Edward Jones,5807066,M.,Campbell,m..campbell@edwajone.net,7362307513,"3968 Liberty Blvd, Ste 2353, Baltimore, MD, 21201",Baltimore,MD,21201,162.6
SRA0003123,Broadridge,Peterson Cap Group,Ameriprise Financial,2839528,Ronald,Peterson,petersonr@amer.com,+19303737850,"1718 Madison Rd, Ste 1373, Charlotte, NC, 28201",Charlotte,NC,28201,239.4
SRA0003124,Broadridge,Kelly Private Wealth Group,RBC Wealth Management,5996836,R.,Kelly,kellyr@rbc.com,8865902268,"6317 Capital St, Ste 2841, Los Angeles, CA, 90025",Los Angeles,CA,90025,1412.8
SRA0003125,Broadridge,Miller Fin Grp,Raymond James,5421428,Bill,Miller,wmiller@raymjame.com,(500) 284-1729,"4345 Washington Pl, Ste 235, Tampa, FL, 33601",Tampa,FL,33601,1526.9
SRA0003126,Broadridge,Nguyen Asset Mgmt Group,Steward Partners,2426527,Jimmy,Nguyen,jnguyen@stewpart.com,799-807-1513,"6629 River Way, Chicago, IL, 60614",Chicago,IL,60614,261.9
SRA0003127,Broadridge,Roberts Fam Wealth Group,UBS Financial Services,5334456,Angela,Roberts,robertsa@ubs.com,(572) 733-9527,"3860 Jefferson Way, Ste 2497, Tampa, FL, 33601",Tampa,FL,33601,172.5
SRA0003128,Broadridge,Walker Wealth Mgmt Group,Stifel Financial,,Tony,Walker,awalker@stif.com,7234237428,"1842 Sunset Blvd, Miami, FL, 33101",Miami,FL,33101,
SRA0003129,Broadridge,Evans Wealth Advisors,Piper Sandler,7194486,Linda,Evans,levans@pipesand.com,627-543-4908,"834 Main St, Ste 686, Richmond, VA, 23220",Richmond,VA,23220,890.7
SRA0003130,Broadridge,Lopez Fin Advisory Group,Ameriprise Financial,3961924,Mandy,Lopez,mlopez@amer.com,7107824730,"9483 Elm Blvd, Seattle, WA, 98101",Seattle,WA,98101,324.4
SRA0003131,Broadridge,Jackson Wealth Mgmt Group,Stifel Financial,6798616,Ant,Jackson,ajackson@stif.com,+18267142717,,Atlanta,GA,30301,354.2
SRA0003132,Broadridge,Taylor Fam Wealth Group,Edward Jones,4901866,K.,Taylor,ktaylor@edwajone.com,337.906.8935,"2941 Elm Blvd, Ste 1391, Louisville, KY, 40201",Louisville,KY,40201,225.3
SRA0003133,Broadridge,Jackson Wealth Mgmt Group,Bairrd,4147352,Don,Jackson,jacksond@bair.com,(390) 780-8251,"4156 Sunset Ave, Ste 2824, Detroit, MI, 48201",Detroit,MI,48201,822.9
SRA0003134,Broadridge,Flores Cap Group,UBS Financial Services,,K.,Flores,k..flores@ubs.net,+18075322740,"3683 Washington Way, Ste 3055, Richmond, VA, 23220",Richmond,VA,23220,45.9
SRA0003135,Broadridge,Gonzales Wealth Solutions Group,Baird,,Amy,Gonzales,amy.gonzales@bair.net,856-788-7653,"6474 Hill Pl, Ste 2886, St. Louis, MO, 63101",St. Louis,MO,63101-5504,902.5
SRA0003136,Broadridge,Hernandez Fin Adv Group,LPL Financial,2991122,Jenny,Hernandez,jenny.hernandez@lpl.net,7969262429,,Baltimore,MD,21201,717.0
SRA0003137,Broadridge,Turner Capital Group,LPL Financial,7345439,Carol,Turner,turnerc@lpl.com,6699557889,,Chicago,IL,60601,1172.8
SRA0003138,Broadridge,Patterson Fin Adv Group,Ameriprise Financial,2737903,Matt,Patterson,mpatterson@amer.com,(628) 359-8042,"3237 Maple Pl, Ste 3229, Louisville, KY, 40201",Louisville,KY,40201,131.7
SRA0003139,Broadridge,Robinson Family Wealth Grp,Ameriprise Financial,8611845,Jon,Robinson,jrobinson@amer.com,+15343031512,"2895 Financial Rd, Ste 3084, Houston, TX, 77001",Houston,TX,77001,63.3
SRA0003140,Broadridge,Johnson Priv Client Group,Hightower Advisors,6006669,Ken,Johnson,johnsonk@highadvi.com,521-412-6285,"1435 Washington Rd, Phoenix, AZ, 85001",Phoenix,AZ,85001,297.0
SRA0003141,Broadridge,Washington PW Group,Stifel Financial,2306084,S.,Washington,swashington@stif.com,819-889-2056,"6238 Park Dr, Las Vegas, NV, 89101",Las Vegas,NV,89101,403.0
SRA0003142,Broadridge,Phillips Fin Adv Group,Steward Partners,1697175,Bob,Phillips,,(377) 724-5974,"5679 Lincoln Ave, Cleveland, OH, 44101",Cleveland,OH,44101,127.8
SRA0003143,Broadridge,Patterson Asset Mgmt Grp,Wells Fargo Advisors,5921380,Jess,Patterson,jess.patterson@wellfargad.net,+18118194202,"1750 Hill Rd, Ste 1813, Portland, OR, 97201",Portland,OR,97201,231.1
SRA0003144,Broadridge,Sanchez Adv Grp,LPL Financial,4741935,Rich,Sanchez,rsanchez@lpl.com,624.677.5764,"6325 Pine Way, Ste 3483, Dallas, TX, 75201",Dallas,TX,75201,72.0
SRA0003145,Broadridge,Wright PW Group,RBC Wealth Management,4974956,Ken,Wright,ken.wright@rbc.net,5916802281,"2082 Broadway Ln, Ste 1810, New York, NY, 10017",New York,NY,10017,41.5
SRA0003146,Broadridge,Mitchell Asset Mgmt Grp,RBC Wealth Management,2812228,Donna,Mitchell,donna.mitchell@rbc.net,6647415957,"7 Madison Pl, Ste 2533, Atlanta, GA, 30301",Atlanta,GA,30301,291.2
SRA0003147,Broadridge,Jackson Invest Group,Morgan Stanley,2093600,Jeff,Jackson,jeff.jackson@morgstan.net,830-974-2732,"6178 Lincoln Ct, Hartford, CT, 06101",Hartford,CT,06101,54.1
SRA0003148,Broadridge,Bryant Cap Group,Steward Partners,5336695,Ken,Bryant,kbryant@stewpart.com,(214) 997-2917,"9954 Cedar Rd, Ste 3692, Indianapolis, IN, 46201",Indianapolis,IN,46201,460.0
SRA0003149,Broadridge,Nelson Asset Mgmt Group,Baird,2882311,Jeff,Nelson,nelsonj@bair.com,(502) 922-4833,"8872 Lake St, Ste 3675, Philadelphia, PA, 19101",Philadelphia,PA,19101,170.2
SRA0003150,Broadridge,Catrer WP,Rockefeller Capital Management,8382095,Tommy,Carter,tcarter@rockcapi.com,6288031940,"9534 Hill Ave, Ste 1557, Pittsburgh, PA, 15201",Pittsburgh,PA,15201,323.3
SRA0003151,Broadridge,Rivera Priv Wealth Group,Piper Sandler,6404413,Lisa,Rivera,lisa.rivera@pipesand.net,364-719-9566,"3049 Washington Ave, Los Angeles, CA, 90025",Los Angeles,CA,90025,309.5
SRA0003152,Broadridge,Barnes Family Wealth Group,Oppenheimer & Co,4400287,Lisa,Barnes,lbarnes@oppe.com,+15677486976,"9486 Maple Pl, Nashville, TN, 37201",Nashville,TN,37201,698.3
SRA0003153,Broadridge,Young Wealth Partners,Hightower Advisors,5525937,Tim,Young,youngt@highadvi.com,432.699.7668,"3214 Jefferson Way, Ste 2137, Memphis, TN, 38101",Memphis,TN,38101,486.6
SRA0003154,Broadridge,Morgan Asset Mgmt Group,Wells Fargo Advisors,4559817,Will,Morgan,wmorgan@wellfargad.com,852.550.6453,"5687 Washington Ln, Tampa, FL, 33601",Tampa,FL,33601,613.8
SRA0003155,Broadridge,Powell Adv Group,Dynasty Financial Partners,5423636,Jay,Powell,jpowell@dynapart.com,+17516224857,"1002 Capital Pl, Columbus, OH, 43201",Columbus,OH,43201,295.0
SRA0003156,Broadridge,Adams Wealth Management Team,Ameriprise Financial,4428851,K.,Adams,kadams@amer.com,+19179875902,"3594 Pine Ln, Salt Lake City, UT, 84101",Salt Lake City,UT,84101,131.2
SRA0003157,Broadridge,Lee Wealth Partners,UBS Financial Services,1556583,Stevie,Lee,lees@ubs.com,793-611-8579,"6380 Cedar Ln, Nashville, TN, 37201",Nashville,TN,37201,142.0
SRA0003158,Broadridge,Campbell Invest Group,Rockefeller Capital Management,1378999,Angela,Campbell,acampbell@rockcapi.com,,"7623 Main Dr, Ste 3872, Nashville, TN, 37201",Nashville,TN,37201,24.8
SRA0003159,Broadridge,Carter Wealth Mgmt Group,RBC Wealth Management,6376619,Jay,Carter,jcarter@rbc.com,+12788831007,,Las Vegas,NV,89101,52.1
SRA0003160,Broadridge,Gonzalez Wealth Sol Group,HighTower,9181672,Carol,Gonzalez,carol.gonzalez@high.net,(373) 433-5595,"6687 Maple Rd, New York, NY, 10017",New York,NY,10017,125.4
SRA0003161,Broadridge,Butler Family Wealth Grp,UBS Financial Services,1883298,Joey,Butler,joey.butler@ubs.net,801-346-6205,"1443 Washington St, Ste 2496, Columbus, OH, 43201",Columbus,OH,43201,347.5
SRA0003162,Broadridge,Rodriguez Invest Grp,UBS Financial Services,8478726,Rob,Rodriguez,rodriguezr@ubs.com,(380) 831-1898,"5693 Sunset Rd, Ste 2072, Philadelphia, PA, 19101",Philadelphia,PA,19101,422.6
SRA0003163,Broadridge,Hughes Wealth Mgmt Grp,HighTower,9054559,Matt,Hughes,matt.hughes@high.net,+19199885799,"5134 Madison Ct, Ste 658, Milwaukee, WI, 53201",Milwaukee,WI,53201,984.0
SRA0003164,Broadridge,Sanchez Wealth Solutions Group,LPL Financial,6159644,Marc,Sanchez,sanchezm@lpl.com,,"1085 Financial St, Ste 1291, Cincinnati, OH, 45201",Cincinnati,OH,4520,177.6
SRA0003165,Broadridge,Miller Fin Advisory Group,Steward Partners,1822675,M.,Miller,mmiller@stewpart.com,+16158775172,"4309 Financial St, Ste 2716, Chicago, IL, 60614",Chicago,IL,60614,291.6
SRA0003166,Broadridge,Nguye nFamily Wealth Grp,Wells Fargo Advisors,4262367,Don,Nguyen,dnguyen@wellfargad.com,408.491.4829,,Cincinnati,OH,45201-1155,407.0
SRA0003167,Broadridge,Gonzalez Financial Advisory Group,Steward Partners,4159986,Deborah,Gonzalez,dgonzalez@stewpart.com,782-368-4600,"1099 Market Way, Ste 2700, Orlando, FL, 32801",Orlando,FL,32801,76.2
SRA0003168,Broadridge,Long WA,UBS Financial Services,2019148,Joey,Long,joey.long@ubs.net,(357) 441-9874,"9128 Park Way, Richmond, VA, 23220",Richmond,VA,23220,28.7
SRA0003169,Broadridge,Smith Asset Mgmt Grp,Raymond James,7001339,Cynthia,Smith,,633.517.5430,,Las Vegas,NV,89101,109.6
SRA0003170,Broadridge,White Cap Grp,Hightower Advisors,7579146,Ashley,White,awhite@highadvi.com,366.513.1272,"2570 Park Ct, Salt Lake City, UT, 84101",Salt Lake City,UT,84101-5624,127.7
SRA0003171,Broadridge,Davis WM Team,RBC Wealth Management,,Chuck,Davis,davisc@rbc.com,210-821-1727,"9856 Liberty St, Cincinnati, OH, 45201",Cincinnati,OH,45201,188.2
SRA0003172,Broadridge,Campbell Financial Advisory Group,Rockefeller Capital Management,5052194,Sandy,Campbell,scampbell@rockcapi.com,829-548-4859,"9443 Liberty Ave, Ste 3582, Milwaukee, WI, 53201",Milwaukee,WI,53201,379.4
SRA0003173,Broadridge,Lewis Advisory Group,LPL Financial,4630592,Marc,Lewis,mlewis@lpl.com,,"860 Elm Ln, Ste 1702, Las Vegas, NV, 89101",Las Vegas,NV,89101,23.6
SRA0003174,Broadridge,Brooks PW Group,Edward Jones,6789641,Lisa,Brooks,lbrooks@edwajone.com,9415393988,"446 Pine St, Hartford, CT, 06101",Hartford,CT,06101,2654.0
SRA0003175,Broadridge,Flores WA,Janney Montgomery Scott,6201662,Nancy,Flores,floresn@jannmontsc.com,7038083313,"65 Lincoln Ln, Ste 529, Nashville, TN, 37201",Nashville,TN,37201,
SRA0003176,Broadridge,Morgan PW Group,Merrill Lynch,2722661,Steph,Morgan,steph.morgan@merrlync.net,+19398678406,"7476 River St, Ste 3284, San Francisco, CA, 94101",San Francisco,CA,94101,52.7
SRA0003177,Broadridge,Ross Advisory Group,HighTower,4503140,Emily,Ross,eross@high.com,380.206.5494,,Memphis,TN,38101,3519.6
SRA0003178,Broadridge,Rodriguez Fin Adv Group,Morgan Stanley,6730538,Jenny,Rodriguez,jrodriguez@morgstan.com,+16585346852,"1875 Cedar Way, Ste 328, Atlanta, GA, 30301",Atlanta,GA,30301,928.9
SRA0003179,Broadridge,Bennett Asset Mgmt Group,Oppenheimer & Co,,Pat,Bennett,pbennett@oppe.com,557-305-8650,"6343 Jefferson Way, Seattle, WA, 98101",Seattle,WA,98101,124.8
SRA0003180,Broadridge,Thompson Wealth Part,HighTower,3870540,Sue,Thompson,thompsons@high.com,812-942-6343,"9802 Oak Ln, Pittsburgh, PA, 15201",Pittsburgh,PA,15201-1736,181.8
SRA0003181,Broadridge,Hill Wealth Partners,Rockefeller Capital Management,8173832,Donna,Hill,donna.hill@rockcapi.net,400.973.8403,"9104 Elm Rd, Las Vegas, NV, 89101",Las Vegas,NV,89101,308.7
SRA0003182,Broadridge,Cooper Advisory Group,Janney Montgomery Scott,7007954,Carol,Cooper,ccooper@jannmontsc.com,8795319137,"7965 Main Rd, Ste 1766, Nashville, TN, 37201",Nashville,TN,37201,903.4
SRA0003183,Broadridge,Miller Family Wealth Grp,Piper Sandler,6655764,Amy,Miller,millera@pipesand.com,(268) 301-7128,"9600 Liberty St, Ste 662, Charlotte, NC, 28201",Charlotte,NC,28201,244.7
SRA0003184,Broadridge,Bailey Wealth Management Group,Mesirow Financial,,Timmy,Bailey,tbailey@mesi.com,(832) 565-1759,"8937 Oak Ln, San Francisco, CA, 94101",San Francisco,CA,94101,85.3
SRA0003185,Broadridge,Smith Private Wealth Group,Piper Sandler,7229054,Deborah,Sith,sithd@pipesand.com,2329335845,"1675 Jefferson Blvd, Columbus, OH, 43201",Columbus,OH,43201,389.3
SRA0003186,Broadridge,Ross Wealth Mgmt Group,Edward Jones,4761671,Jimmy,Ross,jross@edwajone.com,(774) 212-3859,"9517 Hill Ln, Atlanta, GA, 30301",Atlanta,GA,30301,179.7
SRA0003187,Broadridge,Moore Capital Group,Rockefeller Capital Management,2609337,Sharon,Moore,moores@rockcapi.com,500-723-8602,"4319 Financial Pl, St. Louis, MO, 63101",St. Louis,MO,63101,396.8
SRA0003188,Broadridge,Gonzalez Wealth Advs,Raymond James,5033233,Meg,Gonzalez,gonzalezm@raymjame.com,9477596130,"3664 Liberty Dr, Ste 3637, Charlotte, NC, 28201",Charlotte,NC,28201,
SRA0003189,Broadridge,Bennett Wealth Advs,HighTower,,Jess,Bennett,jbennett@high.com,,"2346 Cedar Ct, Portland, OR, 97201",Portland,OR,97201,1225.9
SRA0003190,Broadridge,Taylor Fin Grp,Merrill Lynch,,Dave,Taylor,dtaylor@merrlync.com,9727888495,"4087 Pine Ave, Ste 3760, Chicago, IL, 60601",Chicago,IL,60601,64.9
SRA0003191,Broadridge,Walker Cap Group,LPL Financial,2615625,Jay,Walker,jay.walker@lpl.net,255.522.1047,"4618 River Way, Memphis, TN, 38101",Memphis,TN,38101,
SRA0003192,Broadridge,Jenkins Wealth Advs,Mesirow Financial,9233449,Lisa,Jenkins,ljenkins@mesi.com,(575) 995-9516,"3407 Lake Ln, Ste 3112, Los Angeles, CA, 90025",Los Angeles,CA,90025,1531.8
SRA0003193,Broadridge,Lopez PC Group,Merrill Lynch,1280104,Chris,Lopez,lopezc@merrlync.com,8927215823,"1472 Market Blvd, Ste 3893, San Francisco, CA, 94101",San Francisco,CA,94101,333.8
SRA0003194,Broadridge,Morris Wealth Solutions Group,Janney Montgomery Scott,1037367,Ant,Morris,ant.morris@jannmontsc.net,6537937210,"486 Madison Ave, Baltimore, MD, 21201",Baltimore,MD,21201,350.5
SRA0003195,Broadridge,Scott PW Group,Wells Fargo Advisors,4438988,Sarah,Scott,sscott@wellfargad.com,588.815.6130,"5899 Financial Rd, Ste 755, Houston, TX, 77001",Houston,TX,77001,478.2
SRA0003196,Broadridge,Gonzales PC Group,Morgan Stanley,3204523,Ry,Gonzales,ry.gonzales@morgstan.net,(339) 625-2809,,Salt Lake City,UT,84101,914.7
SRA0003197,Broadridge,Anderson Asset Mgmt Group,Baird,5377529,Sarah,Anderson,sarah.anderson@bair.net,815-467-4189,"9216 Sunset Way, Ste 2052, Seattle, WA, 98101",Seattle,WA,98101,
SRA0003198,Broadridge,Cooper Fin Grp,Ameriprise Financial,9870853,J.,Cooper,jcooper@amer.com,7092022851,"9195 Market Ave, Phoenix, AZ, 85001",Phoenix,AZ,8500,183.4
SRA0003199,Broadridge,Simmons Private Wealth Group,RBC Wealth Management,6466017,Joe,Simmons,simmonsj@rbc.com,8843634415,"3311 Maple Ln, Ste 1228, Milwaukee, WI, 53201",Milwaukee,WI,53201,35.5
SRA0003200,Broadridge,Stewart WA,Merrill Lynch,7983679,Nancy,Stewart,,445.451.9354,"7952 Capital St, Houston, TX, 77001",Houston,TX,77001,570.3
SRA0003201,Broadridge,Long Fin Adv Group,Edward Jones,3377580,M.,Long,m..long@edwajone.net,385.255.6001,,Columbus,OH,43201,712.3
SRA0003202,Broadridge,Green Financial Group,Wells Fargo Advisors,2645738,Becky,Green,bgreen@wellfargad.com,(625) 461-6787,"7796 Maple St, Columbus, OH, 43201",Columbus,OH,43201,369.9
SRA0003203,Broadridge,Baker Fin Group,HighTower,4126898,Maggie,Baker,maggie.baker@high.net,+17235013688,"2181 Lake Ave, Ste 2993, New York, NY, 10001",New York,NY,10001,30.8
SRA0003204,Broadridge,Jenkins Wealth Sol Group,RBC Wealth Management,4516716,Babs,Jenkins,bjenkins@rbc.com,,"972 River Pl, Ste 1460, Phoenix, AZ, 85001",Phoenix,AZ,85001,43.4
SRA0003205,Broadridge,Lewis Priv Wealth Group,RBC Wealth Management,2933048,Patty,Lewis,lewisp@rbc.com,(438) 618-9205,"2676 Elm St, Ste 3698, Austin, TX, 78701",Austin,TX,78701,240.6
SRA0003206,Broadridge,Martin Priv Client Group,HighTower,5827688,Steph,Martin,martins@high.com,613-379-2332,"1515 Madison Pl, Ste 319, Milwaukee, WI, 53201",Milwaukee,WI,53201,84.5
SRA0003207,Broadridge,Garcia Fin Adv Group,Hightower Advisors,5493409,C.,Garcia,cgarcia@highadvi.com,(210) 668-7184,"7090 Hill Rd, Boston, MA, 02101",Boston,MA,0210,440.3
SRA0003208,Broadridge,Brown Fin Adv Group,Dynasty Financial Partners,5786567,Kenny,Brown,kbrown@dynapart.com,720.799.5203,"5833 Lake Ln, Austin, TX, 78701",Austin,TX,78701,127.0
SRA0003209,Broadridge,Rivera Fam Wealth Group,Stifel Financial,6144477,Charlie,Rivera,riverac@stif.com,+13288952765,"7337 Sunset Way, Ste 1153, Los Angeles, CA, 90025",Los Angeles,CA,90025,193.1
SRA0003210,Broadridge,King Wealth Part,Piper Sandler,6050893,Jim,King,jim.king@pipesand.net,464-512-7891,"5950 Broadway Ln, Ste 3369, Minneapolis, MN, 55401",Minneapolis,MN,55401,600.5
SRA0003211,Broadridge,Green Wealth Partners,Edward Jones,7608607,Emily,Green,egreen@edwajone.com,505.588.6210,"282 Commerce Dr, Columbus, OH, 43201",Columbus,OH,43201,262.1
SRA0003212,Broadridge,Hernandez Adv Group,Rockefeller Capital Management,2282463,Donnie,Hernandez,hernandezd@rockcapi.com,(443) 810-2604,"3667 Jefferson Pl, Ste 2258, Boston, MA, 02134",Boston,MA,0213,54.2
SRA0003213,Broadridge,Ramirez Fam Wealth Group,Rockefeller Capital Management,3046516,Lisa,Ramirez,ramirezl@rockcapi.com,570.457.3483,"2675 Lake Ave, Ste 1399, Boston, MA, 02101",Boston,MA,02101,239.9
SRA0003214,Broadridge,Clark WA,Hightower Advisors,2643180,Dottie,Clark,dclark@highadvi.com,(390) 494-8779,"2252 Elm Dr, Charlotte, NC, 28201",Charlotte,NC,28201,27.0
SRA0003215,Broadridge,Jackson Family Wealth Group,Morgan Stanley,9011243,Cynthia,Jackson,jacksonc@morgstan.com,2508901851,"7039 Park Blvd, Ste 3856, Chicago, IL, 60601",Chicago,IL,60601,106.5
SRA0003216,Broadridge,Perry Family Wealth Grp,Steward Partners,4793562,Susie,Perry,perrys@stewpart.com,5813632588,"11 Market Rd, Seattle, WA, 98101",Seattle,WA,98101,130.4
SRA0003217,Broadridge,Henderson WP,Mesirow Financial,,Angela,Henderson,ahenderson@mesi.com,+14313622435,"8642 Capital Ln, Richmond, VA, 23220",Richmond,VA,23220,1307.6
SRA0003218,Broadridge,Gonzalez Advisory Group,Morgan Stanley,,Sharon,Gonzalez,sgonzalez@morgstan.com,+19278842529,"8647 Maple Ave, Columbus, OH, 43201",Columbus,OH,43201,70.8
SRA0003219,Broadridge,Wright Advisory Group,Edward Jones,4945132,Lisa,Wright,lwright@edwajone.com,4923381033,"6746 Lake Dr, Ste 3861, Indianapolis, IN, 46201",Indianapolis,IN,46201,520.0
SRA0003220,Broadridge,Jenkins Wealth Part,Baird,4279383,Emily,Jenkins,,+13924908434,"1619 Capital Pl, Ste 151, Nashville, TN, 37201",Nashville,TN,37201,44.2
SRA0003221,Broadridge,Ramirez Fin Advisory Group,LPL Financial,1535776,Mike,Ramirez,mike.ramirez@lpl.net,225.827.2327,"7530 Park Ave, Ste 1007, Boston, MA, 02134",Boston,MA,02134,199.0
SRA0003222,Broadridge,Coleman Wealth Mgmt Grp,BC Wealth Management,6130159,Drew,Coleman,colemand@rbc.com,460.691.9236,,San Francisco,CA,94101,493.6
SRA0003223,Broadridge,Moore Financial Advisory Group,UBS Financial Services,,Laura,Moore,moorel@ubs.com,(814) 279-1816,"2401 Hill Ave, Ste 2160, Indianapolis, IN, 46201",Indianapolis,IN,46201,87.9
SRA0003224,Broadridge,Lee Invest Grp,Ameriprise Financial,,Mary,Lee,leem@amer.com,+16515932263,"5828 Cedar Ct, Ste 468, Atlanta, GA, 30301",Atlanta,GA,30301,81.7
SRA0003225,Broadridge,Murphy Fin Grp,Hightower Advisors,1945320,R.,Murphy,r..murphy@highadvi.net,309-747-1791,"863 Sunset Ln, Ste 185, Houston, TX, 77001",Houston,TX,77001,82.8
SRA0003226,Broadridge,Stewart Welth Mgmt Group,Piper Sandler,4729105,R.,Stewart,stewartr@pipesand.com,+12995983254,"5563 Broadway Rd, Ste 237, Boston, MA, 02101",Boston,MA,02101,
SRA0003227,Broadridge,Roberts Asset Mgmt Grp,Oppenheimer & Co,8965597,Tony,Roberts,troberts@oppe.com,8584429989,"4426 Lincoln Ave, Kansas City, MO, 64101",Kansas City,MO,64101,416.4
SRA0003228,Broadridge,Campbell WM Team,Hightower Advisors,,P.,Campbell,pcampbell@highadvi.com,380-309-3851,"9704 Pine Ct, Ste 1767, Denver, CO, 80201",Denver,CO,80201,123.1
SRA0003229,Broadridge,Reed Wealth Partners,Raymond James,1524886,Steph,Reed,sreed@raymjame.com,+19614102416,"864 Cedar Way, Ste 1904, Chicago, IL, 60614",Chicago,IL,60614,732.9
SRA0003230,Broadridge,Jones Asset Mgmt Group,Piper Sandler,3926160,G.,Jones,jonesg@pipesand.com,8925583622,"2498 Financial Blvd, Ste 3576, Minneapolis, MN, 55401",Minneapolis,MN,55401,950.7
SRA0003231,Broadridge,Alexander Family Wealth Grp,Ameriprise Financial,2547571,Kev,Alexander,kalexander@amer.com,(504) 579-6798,"9752 Oak Dr, Ste 1022, Denver, CO, 80201",Denver,CO,80201,374.0
SRA0003232,Broadridge,Torres Wealth Sol Group,Edward Jones,3671053,Emily,Torres,torrese@edwajone.com,+14616477949,"7404 Madison Blvd, Ste 3833, Las Vegas, NV, 89101",Las Vegas,NV,89101,79.2
SRA0003233,Broadridge,Martinez Invest Grp,Rockefeller Capital Management,6625979,Eddie,Martinez,emartinez@rockcapi.com,(370) 974-3339,,Salt Lake City,UT,84101-5733,2219.5
SRA0003234,Broadridge,Jackson Investment Group,Janney Montgomery Scott,1882460,Stevie,Jackson,sjackson@jannmontsc.com,,"7902 Pine Way, Ste 2749, Richmond, VA, 23220",Richmond,VA,23220,304.5
SRA0003235,Broadridge,Alexander Fin Group,Hightower Advisors,,Drew,Alexander,drew.alexander@highadvi.net,5565896623,"3843 Financial Rd, Ste 476, Denver, CO, 80201",Denver,CO,80201,833.5
SRA0003236,Broadridge,Gonzales Invest Group,Baird,1081048,Carol,Gonzales,carol.gonzales@bair.net,2955551375,,Philadelphia,PA,19101,392.6
SRA0003237,Broadridge,Cox Wealth Sol Group,Oppenheimer & Co,9846661,Dot,Cox,coxd@oppe.com,(935) 966-7049,"5772 Market Dr, Ste 1413, Austin, TX, 78701",Austin,TX,78701,315.6
SRA0003238,Broadridge,Gray Wealth Partners,Mesirow Financial,9105332,Nancy,Gray,grayn@mesi.com,+14663366725,,Memphis,TN,38101-4811,113.0
SRA0003239,Broadridge,Roberts Financial Advisory Group,Hightower Advisors,,Tony,Roberts,tony.roberts@highadvi.net,8887406370,,St. Louis,MO,63101,119.1
SRA0003240,Broadridge,Cook Asset Management Group,Edward Jones,1951719,Cynthia,Cook,cookc@edwajone.com,9777232752,"5465 Market St, Ste 1755, Denver, CO, 80201",Denver,CO,80201,443.4
SRA0003241,Broadridge,Long Invest Grp,HighTower,,Linda,Long,llong@high.com,895.362.5643,"6763 Broadway Ave, Houston, TX, 77001",Houston,TX,77001,
SRA0003242,Broadridge,Sanders Fam Wealth Group,Raymond James,4629948,Lisa,Sanders,lisa.sanders@raymjame.net,649.308.1332,"139 Cedar Rd, San Francisco, CA, 94101",San Francisco,CA,94101,1675.7
SRA0003243,Broadridge,Green Asset Mgmt Grp,UBS Financial Services,4038894,Matt,Green,mgreen@ubs.com,242-776-5025,"6165 Pine Dr, Pittsburgh, PA, 15201",Pittsburgh,PA,15201,79.1
SRA0003244,Broadridge,Torres Asset Mgmt Group,Stifel Financial,2817810,Will,Torres,will.torres@stif.net,,"9247 Hill Ave, Charlotte, NC, 28201",Charlotte,NC,28201,346.9
SRA0003245,Broadridge,Murphy Advisory Group,Baird,3578551,J.,Murphy,jmurphy@bair.com,,"9690 Lake St, Ste 474, Orlando, FL, 32801",Orlando,FL,32801,43.9
SRA0003246,Broadridge,Harris Asset Management Group,Morgan Stanley,1469046,Bill,Harris,harrisb@morgstan.com,833.670.2660,"8668 Lake Way, Indianapolis, IN, 46201",Indianapolis,IN,46201,101.7
SRA0003247,Broadridge,Peterson Family Wealth Grp,Mesirow Financial,7981836,Mike,Peterson,mike.peterson@mesi.net,7843468330,"5654 Capital Blvd, Ste 1794, Kansas City, MO, 64101",Kansas City,MO,64101,353.9
SRA0003248,Broadridge,Gacria Capital Group,Merrill Lynch,,D.,Garcia,garciad@merrlync.com,+12522018568,"902 Pine Ct, Ste 1617, Kansas City, MO, 64101",Kansas City,MO,64101,1401.3
SRA0003249,Broadridge,Bryant Adv Grp,UBS Financial Services,6682985,Eddie,Bryant,bryante@ubs.com,(449) 664-1671,"107 Broadway St, Orlando, FL, 32801",Orlando,FL,32801,842.5
SRA0003250,Broadridge,Martin Fin Adv Group,Raymond James,7639846,Jim,Martin,jmartin@raymjame.com,+17734231685,"5221 Maple St, Ste 3508, San Francisco, CA, 94101",San Francisco,CA,94101,536.4
SRA0003251,Broadridge,Ward PC Group,UBS Financial Services,2877401,Donna,Ward,wardd@ubs.com,(205) 591-8589,"7150 Capital Ct, Memphis, TN, 38101",Memphis,TN,38101,356.6
SRA0003252,Broadridge,Anderson Fin Group,Stifel Financial,2368402,Bob,Anderson,randerson@stif.com,6354343940,"9153 Cedar Blvd, Ste 2424, Chicago, IL, 60614",Chicago,IL,60614,611.3
SRA0003253,Broadridge,Green Wealth Mgmt Group,Baird,,Eddie,Green,egreen@bair.com,933-285-9491,"2326 River Ln, Charlotte, NC, 28201",Charlotte,NC,28201,298.4
SRA0003254,Broadridge,Flores WP,Mesirow Financial,3376507,Kev,Flores,kflores@mesi.com,4578663266,"6864 Washington Dr, New York, NY, 10001",New York,NY,10001,534.4
SRA0003255,Broadridge,Anderson Wealth Advisors,Mesirow Financial,9442065,M.,Anderson,andersonm@mesi.com,653.709.3047,"3184 Cedar St, Ste 1740, Minneapolis, MN, 55401",Minneapolis,MN,55401,
SRA0003256,Broadridge,Bryant Adv Group,Rockefeller Capital Management,4276627,Jen,Bryant,jbryant@rockcapi.com,+18292631719,"4904 Capital Way, Ste 2958, Indianapolis, IN, 46201",Indianapolis,IN,46201-1978,2038.9
SRA0003257,Broadridge,Roberts Cap Grp,Oppenheimer & Co,3628298,Cynthia,Roberts,croberts@oppe.com,9268238113,"5110 Capital Ave, Portland, OR, 97201",Portland,OR,97201,442.2
SRA0003258,Broadridge,Butler Wealth Management Team,Rockefeller Capital Management,6496976,Stevie,Butler,sbutler@rockcapi.com,+14635289226,"4337 Hill Way, Ste 1991, Nashville, TN, 37201",Nashville,TN,37201,729.0
SRA0003259,Broadridge,Morgan Cap Grp,Piper Sandler,9963980,Mandy,Morgan,mandy.morgan@pipesand.net,8464963098,"8186 Hill Ln, Philadelphia, PA, 19101",Philadelphia,PA,19101,986.7
SRA0003260,Broadridge,Cox Priv Client Group,HighTower,6087959,Tom,Cox,tcox@high.com,+18198493437,"87 Park Ct, Ste 926, Tampa, FL, 33601",Tampa,FL,3360,325.1
SRA0003261,Broadridge,Henderson Wealth Advisors,Mesirow Financial,2308430,Mandy,Henderson,,574-888-8486,"7895 Main Ave, Chicago, IL, 60601",Chicago,IL,60601-4828,44.0
SRA0003262,Broadridge,Moore Wealth Solutions Group,Wells Fargo Advisors,2551513,Donna,Moore,dmoore@wellfargad.com,+12632315338,"4832 Park St, Ste 1981, Chicago, IL, 60601",Chicago,IL,60601,3937.1
SRA0003263,Broadridge,Henderson Fin Adv Group,Hightower Advisors,8470241,Jimmy,Henderson,hendersonj@highadvi.com,627.954.4708,,Miami,FL,33101,2333.0
SRA0003264,Broadridge,Baker Wealth Sol Group,RBC Wealth Management,5635900,R.,Baker,bakerr@rbc.com,3114724046,"7076 Hill Blvd, Ste 225, Chicago, IL, 60614",Chicago,IL,60614,88.8
SRA0003265,Broadridge,Allen Wealth Mgmt Team,Piper Sandler,9493615,Meg,Allen,,(963) 264-7767,"8147 Hill Blvd, Miami, FL, 33101",Miami,FL,33101,115.8
SRA0003266,Broadridge,Green Wealth Sol Group,Stifel Financial,9930547,Deborah,Green,greend@stif.com,491-872-8775,"4253 Park Ct, Pittsburgh, PA, 15201",Pittsburgh,PA,15201,234.4
SRA0003267,Broadridge,Baker Asset Mgmt Grp,Raymond James,,Patty,Baker,bakerp@raymjame.com,+17777699899,"2925 Elm Ln, Ste 2934, San Francisco, CA, 94101",San Francisco,CA,94101,120.7
SRA0003268,Broadridge,Foster Fin Adv Group,Ameriiprise Financial,1158107,Johnny,Foster,johnny.foster@amer.net,315.507.7544,"1941 Maple Pl, Ste 1417, New York, NY, 10017",New York,NY,10017,104.3
SRA0003269,Broadridge,Clark Priv Client Group,Dynasty Financial Partners,7379983,G.,Clark,clarkg@dynapart.com,(593) 331-8063,"9742 Elm Dr, Ste 1486, Pittsburgh, PA, 15201",Pittsburgh,PA,15201,48.1
SRA0003270,Broadridge,Foster Wealth Mgmt Group,Merrill Lynch,6892946,Kate,Foster,fosterk@merrlync.com,400.809.6483,"3004 Liberty Rd, Ste 944, Pittsburgh, PA, 15201",Pittsburgh,PA,15201,472.6
SRA0003271,Broadridge,Bell WM Team,LPL Financial,9212388,Deborah,Bell,deborah.bell@lpl.net,2323254618,"1557 Maple Ave, Ste 599, Pittsburgh, PA, 15201",Pittsburgh,PA,1520,491.5
SRA0003272,Broadridge,Powell WP,LPL Financial,3383525,Don,Powell,dpowell@lpl.com,,,San Diego,CA,92101,660.7
SRA0003273,Broadridge,Lewis Family Wealth Group,Steward Partners,6430076,Josh,Lewis,lewisj@stewpart.com,,"5711 Market Ave, Chicago, IL, 60601",Chicago,IL,60601,160.3
SRA0003274,Broadridge,Scott Asset Management Group,Steward Partners,,M.,Scott,m..scott@stewpart.net,3629388928,"3489 Capital Way, Cleveland, OH, 44101",Cleveland,OH,44101-7977,256.6
SRA0003275,Broadridge,Sanchez Cap Grp,Wells Fargo Advisors,3368935,S.,Sanchez,ssanchez@wellfargad.com,762.630.9741,"7793 Commerce Ln, Ste 2945, Boston, MA, 02134",Boston,MA,02134,1164.9
SRA0003276,Broadridge,Nelson Wealth Part,Wells Fargo Advisors,8377596,Mary,Nelson,mnelson@wellfargad.com,340-248-8202,"5796 Oak Way, Ste 2528, Detroit, MI, 48201",Detroit,MI,48201,258.9
SRA0003277,Broadridge,Coleman Priv Client Group,Raymond James,,S.,Coleman,,498-280-7887,,Detroit,MI,48201,49.4
SRA0003278,Broadridge,Green Asset Management Group,Piper Sandler,1477904,Dave,Green,dgreen@pipesand.com,374.596.3050,,Nashville,TN,37201,207.5
SRA0003279,Broadridge,Young Private Wealth Group,Oppenheimer & Co,6458259,Dot,Young,dot.young@oppe.net,375.348.2457,"7005 Sunset Way, Ste 2947, Denver, CO, 80201",Denver,CO,8020,119.9
SRA0003280,Broadridge,Stewart Asset Mgmt Grp,RBC Wealth Management,5881799,Deborah,Stewart,dstewart@rbc.com,(723) 496-6264,"4440 Hill Dr, Ste 2001, Chicago, IL, 60614",Chicago,IL,60614,40.8
SRA0003281,Broadridge,Thompson PW Group,Janney Montgomery Scott,4302644,Donna,Thompson,dthompson@jannmontsc.com,,"5787 Lincoln Ct, Portland, OR, 97201",Portland,OR,97201,186.5
SRA0003282,Broadridge,Davis Wealth Mgmt Group,Mesirow Financial,7405403,Becky,Davis,becky.davis@mesi.net,6376361730,"6334 Financial Rd, Ste 3935, Cleveland, OH, 44101",Cleveland,OH,44101,1587.7
SRA0003283,Broadridge,Jackson Wealth Management Team,Oppenheimre & Co,9604978,Dottie,Jackson,djackson@oppe.com,831-619-7102,,San Diego,CA,92101,301.2
SRA0003284,Broadridge,Wilson Wealth Mgmt Team,Ameriprise Financial,5361998,P.,Wilson,pwilson@amer.com,+14007828142,"8527 Hill Ct, Charlotte, NC, 28201",Charlotte,NC,28201,1920.2
SRA0003285,Broadridge,Roberts Wealth Mgmt Group,Morgan Stanley,3606870,Sarah,Roberts,sroberts@morgstan.com,207-725-8999,"1732 Madison Dr, Ste 2358, Chicago, IL, 60601",Chicago,IL,60601,308.9
SRA0003286,Broadridge,Cox Family Wealth Group,UBS Financial Services,8062924,Rich,Cox,rcox@ubs.com,962-208-2680,"8380 Oak Ct, Ste 1900, Baltimore, MD, 21201",Baltimore,MD,21201,305.6
SRA0003287,Broadridge,Taylor Cap Grp,Raymond James,3159163,Emily,Taylor,emily.taylor@raymjame.net,(902) 730-4683,"2754 Market Ave, Nashville, TN, 37201",Nashville,TN,37201,162.7
SRA0003288,Broadridge,Edwards Asset Mgmt Group,Baird,9208001,Becca,Edwards,bedwards@bair.com,+14052794378,"1368 Capital Pl, Indianapolis, IN, 46201",Indianapolis,IN,46201,196.4
SRA0003289,Broadridge,Anderson WP,RBC Wealth Management,4059586,Donnie,Anderson,danderson@rbc.com,552.550.5047,,Indianapolis,IN,46201,142.6
SRA0003290,Broadridge,Taylor Capital Group,Baird,6663342,Sharon,Taylor,staylor@bair.com,(312) 592-4514,"9768 Maple Pl, Ste 491, Cincinnati, OH, 45201",Cincinnati,OH,45201,75.0
SRA0003291,Broadridge,Howard Cap Group,LPL Financial,4275284,Stevie,Howard,showard@lpl.com,(494) 324-4838,"5469 Main Dr, Ste 1747, Richmond, VA, 23220",Richmond,VA,23220,1168.6
SRA0003292,Broadridge,Reed Fin Group,Stifel Financial,9472695,Dottie,Reed,dreed@stif.com,651-533-8304,"4941 Liberty Ln, Ste 1391, Cincinnati, OH, 45201",Cincinnati,OH,45201,763.8
SRA0003293,Broadridge,Allen Fin Advisory Group,Steward Partners,9194445,Dot,Allen,,422-829-3898,"1733 Cedar Rd, Columbus, OH, 43201",Columbus,OH,43201-9130,874.2
SRA0003294,Broadridge,Bell Investment Group,Rockefeller Capital Management,1974489,Barb,Blel,blelb@rockcapi.com,423-987-2066,"5578 Pine Dr, Ste 2825, Pittsburgh, PA, 15201",Pittsburgh,PA,15201,34.9
SRA0003295,Broadridge,Miller Priv Client Group,Steward Partners,8194576,Geo,Miller,geo.miller@stewpart.net,9069624590,"8938 Broadway Ln, Ste 3723, St. Louis, MO, 63101",St. Louis,MO,63101,143.4
SRA0003296,Broadridge,Robinson WM Team,Stifel Financial,,Dave,Robinson,dave.robinson@stif.net,(856) 731-5078,,Cleveland,OH,44101,52.1
SRA0003297,Broadridge,Moore Pirv Client Group,HighTower,3634022,M.,Moore,m..moore@high.net,9309911698,"6898 Broadway St, San Diego, CA, 92101",San Diego,CA,92101,425.1
SRA0003298,Broadridge,Anderson Fin Adv Group,Hightower Advisors,5619820,Emily,Anderson,emily.anderson@highadvi.net,+12368375022,"5495 Market Blvd, Ste 2902, New York, NY, 10001",New York,NY,10001,448.6
SRA0003299,Broadridge,Bell Wealth Advisors,LPL Financial,4542763,Cynthia,Bell,cbell@lpl.com,2818801176,"7163 Madison Way, Ste 1884, Los Angeles, CA, 90025",Los Angeles,CA,90025,3553.9
SRA0003300,Broadridge,Bailey Family Wealth Grp,Ameriprise Financial,6109684,Rick,Bailey,rbailey@amer.com,558-712-9054,"5825 Lincoln Pl, Ste 1297, Milwaukee, WI, 53201",Milwaukee,WI,53201,59.4
SRA0003301,Broadridge,Morris Wealth Solutions Group,HighTower,2124683,Dave,Morris,dmorris@high.com,862.826.1887,"6154 Financial Blvd, San Diego, CA, 92101",San Diego,CA,92101,354.3
SRA0003302,Broadridge,Rivera Wealth Mgmt Grp,Wells Fargo Advisors,7672450,A.,Rivera,arivera@wellfargad.com,601.732.7973,"8881 Capital Ct, Ste 172, Boston, MA, 02101",Boston,MA,02101,282.3
SRA0003303,Broadridge,White Asset Management Group,Piper Sandler,4830452,Marc,White,mwhite@pipesand.com,2505243290,"4285 Maple Ave, Ste 789, Los Angeles, CA, 90025",Los Angeles,CA,90025,43.8
SRA0003304,Broadridge,Stewart WP,Oppenheimer & Co,5735079,Kim,Stewart,kim.stewart@oppe.net,814-582-8805,,Denver,CO,80201,304.8
SRA0003305,Broadridge,Hughes Wealth Management Group,UBS Financial Services,3761308,Tim,Hughes,tim.hughes@ubs.net,973.935.8829,"881 Hill Rd, Ste 1837, Cincinnati, OH, 45201",Cincinnati,OH,4520,534.8
SRA0003306,Broadridge,Phillips Fin Advisory Group,UBS Financial Services,4291026,Jeff,Phillips,jeff.phillips@ubs.net,5435076257,"6620 Pine Ln, San Diego, CA, 92101",San Diego,CA,92101,117.6
SRA0003307,Broadridge,Gonzales Wealth Advisors,LPL Financial,,B.,Gonzales,gonzalesb@lpl.com,450.267.3920,"828 Oak Ct, Nashville, TN, 37201",Nashville,TN,37201,250.1
SRA0003308,Broadridge,Garcia Wealth Mgmt Grp,Stifel Financial,8569265,Kate,Garcia,kgarcia@stif.com,232.420.7626,"4122 Elm Dr, Atlanta, GA, 30301",Atlanta,GA,30301,139.7
SRA0003309,Broadridge,Martinez Invest Group,LPL Financial,2050358,Ant,Martinez,martineza@lpl.com,+14998418206,"2031 Market Pl, Nashville, TN, 37201",Nashville,TN,37201,5794.7
SRA0003310,Broadridge,Moore PC Group,UBS Financial Services,9055474,Babs,Moore,bmoore@ubs.com,9855451324,"8034 Financial Way, Ste 1021, Chicago, IL, 60614",Chicago,IL,60614,62.0
SRA0003311,Broadridge,Patterson Wealth Advisors,Morgan Stanley,8042167,P.,Patterson,p..patterson@morgstan.net,915.859.6226,"1509 Capital Way, Ste 2071, Salt Lake City, UT, 84101",Salt Lake City,UT,84101,167.4
SRA0003312,Broadridge,Hall Wealth Mgmt Group,Rockefeller Capital Management,9913539,P.,Hall,hallp@rockcapi.com,+19056439313,"7142 Elm Dr, Ste 1623, St. Louis, MO, 63101",St. Louis,MO,63101,357.0
SRA0003313,Broadridge,Johnson Financial Advisory Group,Merrill Lynch,,Nancy,Johnson,johnsonn@merrlync.com,364.954.5532,"5015 River Blvd, Ste 3572, Las Vegas, NV, 89101",Las Vegas,NV,89101,116.7
SRA0003314,Broadridge,Sanchez Private Client Group,Merrill Lynch,1670880,Amy,Sanchez,asanchez@merrlync.com,630-493-7940,"5579 Financial Ln, Denver, CO, 80201",Denver,CO,80201,79.3
SRA0003315,Broadridge,Ward Adv Group,Oppenheimer & Co,9576556,Maggie,Ward,mward@oppe.com,+16989135452,"9867 Washington Blvd, Ste 3056, Louisville, KY, 40201",Louisville,KY,40201,102.5
SRA0003316,Broadridge,Perez Adv Group,Piper Sadnler,4473159,Chuck,Perez,cperez@pipesand.com,6815757097,"8047 Commerce Rd, Columbus, OH, 43201",Columbus,OH,43201,45.7
SRA0003317,Broadridge,Cook WP,Piper Sandler,3404372,Ken,Cook,cookk@pipesand.com,466-965-7857,"4717 Washington St, New York, NY, 10001",New York,NY,1000,346.3
SRA0003318,Broadridge,Taylor Financial Advisory Group,Raymond James,3317330,Marc,Taylor,marc.taylor@raymjame.net,367.631.7442,"5013 Park Rd, Baltimore, MD, 21201",Baltimore,MD,21201,134.7
SRA0003319,Broadridge,Scott WP,Baird,2644918,Jess,Scott,scottj@bair.com,493-988-3468,"6946 Jefferson Blvd, Ste 2793, Denver, CO, 80201",Denver,CO,80201,452.0
SRA0003320,Broadridge,Stewart Wealth Mgmt Group,Oppenheimer & Co,9427442,Patty,Stewart,stewartp@oppe.com,+12606922151,"998 Oak Blvd, Ste 2252, Hartford, CT, 06101",Hartford,CT,06101,713.9
SRA0003321,Broadridge,Wood Priv Wealth Group,LPL Financial,9596116,Donna,Wood,dwood@lpl.com,415-764-7529,"8553 Financial Ct, Ste 2200, Miami, FL, 33101",Miami,FL,33101,28.6
SRA0003322,Broadridge,Washington Priv Wealth Group,HighTower,7038273,Deborah,Washington,washingtond@high.com,3363169565,"411 Madison Ct, Ste 3846, Richmond, VA, 23220",Richmond,VA,23220,564.5
SRA0003323,Broadridge,Brown PW Group,LPL Financial,6886602,Ronald,Brownn,brownnr@lpl.com,258.754.7465,"7598 Cedar Blvd, Ste 2685, Atlanta, GA, 30301",Atlanta,GA,30301,219.3
SRA0003324,Broadridge,Howard Wealth Mgmt Grp,UBS Financial Services,8453719,Danny,Howard,danny.howard@ubs.net,7516238260,"3751 Capital Pl, Ste 376, Detroit, MI, 48201",Detroit,MI,48201,41.5
SRA0003325,Broadridge,Powell Fin Adv Group,Oppenheimer & Co,4949097,Rob,Powell,rob.powell@oppe.net,447-355-5581,"9112 Broadway Pl, Ste 1534, Boston, MA, 02101",Boston,MA,02101,175.4
SRA0003326,Broadridge,White Family Wealth Grp,Ameriprise Financial,3473354,Mary,Whie,mwhite@amer.com,606-876-9575,"5289 Oak St, Ste 2364, Seattle, WA, 98101",Seattle,WA,98101,100.9
SRA0003327,Broadridge,Robinson Wealth Advisors,Hightower Advisors,1139059,Deborah,Robinson,drobinson@highadvi.com,227.792.9371,"7025 Jefferson Blvd, Austin, TX, 78701",Austin,TX,78701-4882,118.0
SRA0003328,Broadridge,Adams Cap Grp,RBC Wealth Management,7572496,Amy,Adams,amy.adams@rbc.net,(302) 932-2007,"7985 Broadway Pl, Ste 712, Milwaukee, WI, 53201",Milwaukee,WI,53201,121.6
SRA0003329,Broadridge,Flores Investment Group,Oppenheimer & Co,5059397,Chuck,Flores,floresc@oppe.com,442.234.1171,"2421 Broadway St, Ste 3275, Chicago, IL, 60614",Chicago,IL,60614,255.4
SRA0003330,Broadridge,Davis Wealth Solutions Group,Rockefeller Capital Management,8891502,Emily,Davis,edavis@rockcapi.com,+19829098158,"9225 Park Ct, Milwaukee, WI, 53201",Milwaukee,WI,53201,82.6
SRA0003331,Broadridge,Allen Privatte Wealth Group,Janney Montgomery Scott,8295371,Rick,Allen,rallen@jannmontsc.com,728.272.3538,,Louisville,KY,40201,192.8
SRA0003332,Broadridge,Evans Wealth Solutions Group,HighTower,7139589,Jon,Evans,evansj@high.com,7425544588,"9592 Elm Blvd, Pittsburgh, PA, 15201",Pittsburgh,PA,15201,154.1
SRA0003333,Broadridge,Rivera Wealth Part,Oppenheimer & Co,9993983,Ken,Rivera,krivera@oppe.com,(829) 516-5581,"1375 Washington Rd, Seattle, WA, 98101",Seattle,WA,98101,327.7
SRA0003334,Broadridge,Ramirez Private Wealth Group,HighTower,,Ronald,Ramirez,rramirez@high.com,(764) 281-6190,,Los Angeles,CA,90025,395.2
SRA0003335,Broadridge,Hall Fin Gruop,Oppenheimer & Co,4500871,Jimmy,Hall,jhall@oppe.com,+16213142043,"2297 Market Pl, Ste 2987, Chicago, IL, 60601",Chicago,IL,6060,839.7
SRA0003336,Broadridge,Anderson Fam Wealth Group,UBS Financial Services,7304131,Betty,Anderson,andersonb@ubs.com,791.815.4755,"8690 Cedar Ave, Ste 642, New York, NY, 10017",New York,NY,10017,268.5
SRA0003337,Broadridge,Richardson Fin Grp,Dynasty Financial Partners,4935388,J.,Richardson,j..richardson@dynapart.net,+12079994065,"9053 Hill St, Ste 406, Boston, MA, 02101",Boston,MA,02101,26.2
SRA0003338,Broadridge,Miller Cap Grp,Baird,4184031,Bryan,Miller,bmiller@bair.com,961.309.2572,"2454 Liberty Way, Ste 2974, Hartford, CT, 06101",Hartford,CT,06101,205.3
SRA0003339,Broadridge,Bryant Financial Group,Hightower Advisors,2140212,Bryan,Bryant,bbryant@highadvi.com,(761) 478-5462,,St. Louis,MO,63101,206.4
SRA0003340,Broadridge,Flores Wealth Mgmt Team,Mesirow Financial,1863083,Bryan,Flores,bflores@mesi.com,903.581.5153,"8362 Lincoln Ln, Ste 251, Indianapolis, IN, 46201",Indianapolis,IN,46201,4302.9
SRA0003341,Broadridge,Carter PW Group,Raymond James,,Ronald,Carter,ronald.carter@raymjame.net,798.864.6058,"4460 Liberty Way, Los Angeles, CA, 90025",Los Angeles,CA,90025,476.5
SRA0003342,Broadridge,Gonzalez Wealth Sol Group,Raymond James,1883071,Jim,Gonzalez,jim.gonzalez@raymjame.net,+16276047143,"6163 Jefferson St, Cleveland, OH, 44101",Cleveland,OH,44101,91.3
SRA0003343,Broadridge,Bell Private Wealth Group,Ameriprise Financial,1699056,Josh,Bell,josh.bell@amer.net,921-395-6334,"2498 Pine Way, Boston, MA, 02134",Boston,MA,02134-3237,70.4
SRA0003344,Broadridge,Thomas Fin Advisory Group,Merrill Lynch,2195314,Sarah,Thomas,sthomas@merrlync.com,+19829876054,"3069 Lake Dr, Ste 512, Portland, OR, 97201",Portland,OR,97201-5279,500.6
SRA0003345,Broadridge,Ross Wealth Management Group,Dynasty Financial Partners,,Mel,Ross,,980.889.3189,,Portland,OR,97201,149.5
SRA0003346,Broadridge,Lewis Wealth Mgmt Group,RBC Wealth Management,3725972,Rick,Lewis,lewisr@rbc.com,455-702-9749,"215 Washington Ln, Ste 3377, Houston, TX, 77001",Houston,TX,7700,810.1
SRA0003347,Broadridge,White Family Wealth Group,Hightower Advisors,3573789,Emily,White,emily.white@highadvi.net,5736266241,"6610 Commerce Way, Ste 2276, Cincinnati, OH, 45201",Cincinnati,OH,45201,220.6
SRA0003348,Broadridge,Perry Advisory Group,Baird,6866549,Emily,Perry,emily.perry@bair.net,,"8921 Maple Rd, Ste 1625, Los Angeles, CA, 90001",Los Angeles,CA,90001,764.4
SRA0003349,Broadridge,Lopez Invest Group,Baird,6587167,Cynthia,LLopez,clopez@bair.com,664.753.2745,"9173 Liberty St, Richmond, VA, 23220",Richmond,VA,23220-6034,361.2
SRA0003350,Broadridge,Butler Fin Group,Ameriprise Financial,2920303,Lisa,Butler,butlerl@amer.com,+15558852870,"4833 Lake Way, Ste 3739, Minneapolis, MN, 55401",Minneapolis,MN,55401,2719.6
SRA0003351,Broadridge,Price Invest Group,Baird,2563690,Maggie,Price,mprice@bair.com,236-203-7662,"5955 Jefferson Blvd, Baltimore, MD, 21201",Baltimore,MD,21201,26.8
SRA0003352,Broadridge,Howad WP,Steward Partners,7694861,Jay,Hoard,jay.hoard@stewpart.net,425.709.9131,"6973 Jefferson Rd, St. Louis, MO, 63101",St. Louis,MO,63101,167.8
SRA0003353,Broadridge,Price Financial Advisory Group,Morgan Stanley,5724007,Lisa,Price,lisa.price@morgstan.net,3354382675,"7011 Elm Blvd, Ste 1203, Charlotte, NC, 28201",Charlotte,NC,28201,107.8
SRA0003354,Broadridge,Flores WA,HighTower,7458007,S.,Flores,s..flores@high.net,364.761.9466,"3829 Madison Dr, Austin, TX, 78701",Austin,TX,78701,177.8
SRA0003355,Broadridge,Davis Asset Mgmt Group,Janney Montgomery Scott,2454624,Amy,Davis,adavis@jannmontsc.com,,"3272 Pine Dr, Ste 565, Miami, FL, 33101",Miami,FL,3310,166.5
SRA0003356,Broadridge,Stewart Fin Adv Group,Merrill Lynch,6145859,Amy,Stewart,stewarta@merrlync.com,667-791-4136,"7301 Elm Blvd, Ste 2641, Columbus, OH, 43201",Columbus,OH,43201-3544,216.2
SRA0003357,Broadridge,Carter Financial Group,UBS Financial Services,3692391,Mary,Carter,mary.carter@ubs.net,3745549556,"8951 River Ct, Hartford, CT, 06101",Hartford,CT,06101,521.0
SRA0003358,Broadridge,Sanchez PW Group,Wells Fargo Advisors,6158069,Maggie,Sanchez,sanchezm@wellfargad.com,657.480.1452,"7400 Washington Pl, Ste 2674, Indianapolis, IN, 46201",Indianapolis,IN,46201,138.9
SRA0003359,Broadridge,Bryant Wealth Partners,Rockefeller Capital Management,8370032,Rick,Bryant,rick.bryant@rockcapi.net,696-803-1910,"6306 Maple Ct, Cleveland, OH, 44101",Cleveland,OH,44101,973.2
SRA0003360,Broadridge,Martin WM Team,Baird,6599274,Stevie,Martin,smartin@bair.com,520-279-3065,"4742 Maple Rd, Columbus, OH, 43201",Columbus,OH,4320,715.1
SRA0003361,Broadridge,Edwards Invest Group,RBC Wealth Management,2118583,Angela,Edwards,aedwards@rbc.com,636-991-2427,"7397 Oak Way, Ste 3827, New York, NY, 10001",New York,NY,10001,301.2
SRA0003362,Broadridge,Flores Private Wealth Group,Baird,4006751,J.,Flores,jflores@bair.com,(220) 298-6888,"6246 Capital Ave, Ste 3953, Indianapolis, IN, 46201",Indianapolis,IN,4620,158.4
SRA0003363,Broadridge,Patterson Wealth Mgmt Team,Stifel Financial,4823532,Eddie,Patterson,eddie.patterson@stif.net,3926867970,"8483 Lake St, Kansas City, MO, 64101",Kansas City,MO,64101,86.8
SRA0003364,Broadridge,Wright Wealth Advs,UBS Financial Services,9169886,Matt,Wright,wrightm@ubs.com,+13137877133,,Columbus,OH,43201,1178.2
SRA0003365,Broadridge,Hall Invest Group,Wells Fargo Advisors,5693826,Laura,Hall,laura.hall@wellfargad.net,(796) 907-6884,"5356 Commerce Dr, Ste 3612, Houston, TX, 77001",Houston,TX,77001,512.4
SRA0003366,Broadridge,Peterson Wealth Solutions Group,Morgan Stanley,2306692,Eddie,Peterson,epeterson@morgstan.com,(729) 250-9767,,Atlanta,GA,30301,83.9
SRA0003367,Broadridge,Ward Adv Group,Stifel Financial,3850519,M.,Ward,m..ward@stif.net,+14008671380,"9741 Capital St, Ste 171, Baltimore, MD, 21201",Baltimore,MD,2120,121.9
SRA0003368,Broadridge,Roberts Invest Grp,Ameriprise Financial,7336088,K.,Roberts,robertsk@amer.com,887-202-5287,"5860 Maple St, Ste 3535, New York, NY, 10001",New York,NY,10001,273.8
SRA0003369,Broadridge,Robinson Wealth Management Group,LPL Financial,9270842,Mary,Robinson,mrobinson@lpl.com,853.586.4918,,Atlanta,GA,30301,1319.1
SRA0003370,Broadridge,Collins Wealth Solutions Grp,HighTower,,Marc,Collins,marc.collins@high.net,245.539.1787,"4266 Lincoln Dr, Ste 1440, Los Angeles, CA, 90025",Los Angeles,CA,90025,224.6
SRA0003371,Broadridge,Parker Invest Grp,Janney Montgomery Scott,6770985,C.,Parker,parkerc@jannmontsc.com,414.776.8671,"3111 Hill Rd, Ste 2873, Los Angeles, CA, 90025",Los Angeles,CA,90025,597.1
SRA0003372,Broadridge,Wood Cap Grp,Dynasty Financial Partners,2039078,A.,Wood,awood@dynapart.com,+19322268510,"2562 Lincoln Ln, Boston, MA, 02134",Boston,MA,02134,57.2
SRA0003373,Broadridge,King Wealth Mgmt Team,RBC Wealth Management,2528870,D.,King,dking@rbc.com,(270) 822-2458,"3279 Jefferson Rd, Ste 3037, Minneapolis, MN, 55401",Minneapolis,MN,55401,516.5
SRA0003374,Broadridge,Lee Investment Group,Janney Montgomery Scott,,Betty,Lee,,+13713939530,"4256 Washington Rd, Portland, OR, 97201",Portland,OR,97201,
SRA0003375,Broadridge,Wood Advisory Group,LPL Financial,6043433,Cynthia,Wood,cwood@lpl.com,576-775-3739,"2550 River Ave, Memphis, TN, 38101",Memphis,TN,38101,328.0
SRA0003376,Broadridge,Bell Financial Advisory Group,Baird,7144113,Becky,Bell,bellb@bair.com,522-304-3660,"8437 Market Rd, Milwaukee, WI, 53201",Milwaukee,WI,53201,80.2
SRA0003377,Broadridge,Long Asset Mgmt Grp,Baird,9497333,Drew,Long,drew.long@bair.net,+17399294785,"6963 Market Dr, Ste 620, Minneapolis, MN, 55401",Minneapolis,MN,55401,56.5
SRA0003378,Broadridge,Mitchell Private Wealth Group,Stifel Financial,,Charlie,Mitchell,,+19735473832,"1050 Sunset Ave, Ste 2886, Milwaukee, WI, 53201",Milwaukee,WI,53201,1329.9
SRA0003379,Broadridge,Carter Wealth Sol Group,Oppenheimer & Co,9935077,M.,Carter,mcarter@oppe.com,941.787.3484,"4191 Broadway Ave, Portland, OR, 97201",Portland,OR,97201,24.6
SRA0003380,Broadridge,Thompson Wealth Sol Group,Wells Fargo Advisors,,Rich,Thompson,thompsonr@wellfargad.com,429.339.4129,"2512 Commerce Rd, Louisville, KY, 40201",Louisville,KY,40201,553.6
SRA0003381,Broadridge,Taylor Capital Group,Edward Jones,3141011,Steve,Taylor,staylor@edwajone.com,316-502-5326,,Cincinnati,OH,45201,992.0
SRA0003382,Broadridge,Adams Wealth Solutions Grp,Wells Fargo Advisors,,P.,Adams,adamsp@wellfargad.com,+17057639192,"529 Pine Ave, Indianapolis, IN, 46201",Indianapolis,IN,46201,1097.0
SRA0003383,Broadridge,Clark Cap Group,Edward Jones,7597544,Rich,Clark,rclark@edwajone.com,394.545.6821,"4403 Jefferson St, Ste 3037, Atlanta, GA, 30301",Atlanta,GA,30301,325.7
SRA0003384,Broadridge,Gonzales Priv Client Group,Dynasty Financial Partners,1588838,M.,Gonzaales,m..gonzaales@dynapart.net,+15496552357,"9300 Lincoln Dr, Ste 2980, Chicago, IL, 60614",Chicago,IL,60614,515.2
SRA0003385,Broadridge,Rivera Wealth Partners,Stifel Financial,8873496,Rich,Rivera,rich.rivera@stif.net,,"6242 Main Blvd, Boston, MA, 02101",Boston,MA,02101,25.2
SRA0003386,Broadridge,Torres Wealth Advs,Merrill Lynch,9960279,Jay,Torres,jtorres@merrlync.com,+16437212282,"9826 Sunset St, Ste 2396, New York, NY, 10001",New York,NY,10001,656.3
SRA0003387,Broadridge,Ramirez Fin Grp,Piper Sandler,3069162,Pat,Ramirez,pramirez@pipesand.com,842.781.5757,,Austin,TX,78701,14601.8
SRA0003388,Broadridge,Perry Financial Group,UBS Financial Services,3382698,Angela,Perry,angela.perry@ubs.net,496.293.6935,"5519 Maple Pl, Los Angeles, CA, 90001",Los Angeles,CA,90001,68.2
SRA0003389,Broadridge,Phillips Family Wealth Group,LPL Financial,8944240,Linda,Phillips,phillipsl@lpl.com,(235) 333-9268,"9718 Capital Way, Ste 1879, Cleveland, OH, 44101",Cleveland,OH,44101-6370,277.3
SRA0003390,Broadridge,Howard Wealth Solutions Group,Janney Montgomery Scott,,Jay,Howard,,2915943647,"1099 Oak Way, Ste 3574, Seattle, WA, 98101",Seattle,WA,98101,506.7
SRA0003391,Broadridge,Flores Invest Grp,HighTower,7101238,J.,Flores,jflores@high.com,900-497-4292,"1281 Main Rd, Ste 2128, Seattle, WA, 98101",Seattle,WA,98101,482.4
SRA0003392,Broadridge,Garcia Wealth Advs,LPL Financial,8733438,Meg,Garcia,garciam@lpl.com,+15387877788,"680 Commerce Ct, Boston, MA, 02134",Boston,MA,0213,23.7
SRA0003393,Broadridge,Roberts Fam Wealth Group,HighTower,5292461,Susie,Roberts,robertss@high.com,3643922635,"4289 Financial Ln, Cleveland, OH, 44101",Cleveland,OH,44101,466.9
SRA0003394,Broadridge,Gonzalez WP,Edward Jones,8117934,Emily,Gonzalez,emily.gonzalez@edwajone.net,,"8392 Maple Ct, Ste 1216, Los Angeles, CA, 90001",Los Angeles,CA,90001-2634,111.5
SRA0003395,Broadridge,Wright Wealth Advisors,Rockefeller Capital Management,7736712,Sandy,Wright,sandy.wright@rockcapi.net,,"1183 Elm Blvd, San Francisco, CA, 94101",San Francisco,CA,94101,2113.8
SRA0003396,Broadridge,Moore Private Client Group,Baird,3991472,Jeff,Moore,moorej@bair.com,+14925484471,"9826 Madison St, Denver, CO, 80201",Denver,CO,80201-3718,136.9
SRA0003397,Broadridge,Brown WM Team,Steward Partners,5638006,Stevie,Brown,browns@stewpart.com,,"9359 Madison Ct, Minneapolis, MN, 55401",Minneapolis,MN,55401,35.0
SRA0003398,Broadridge,Edwards Wealth Solutions Group,Hightower Advisors,,J.,Edwards,edwardsj@highadvi.com,(369) 356-6024,"6295 Madison Ave, New York, NY, 10017",New York,NY,10017,62.5
SRA0003399,Broadridge,Howard Fin Grp,Morgan Stanley,3707795,Carol,Howard,choward@morgstan.com,,"9617 Main Way, New York, NY, 10001",New York,NY,10001,140.4
SRA0003400,Broadridge,Gonzalez Fin Grp,Baird,4954960,Becca,Gonzalez,rgonzalez@bair.com,320-650-1899,"2217 Sunset Dr, Ste 2551, Chicago, IL, 60601",Chicago,IL,60601,42.4
SRA0003401,Broadridge,Howard Wealth Mgmt Group,Piper Sandler,8846898,Jim,Howard,jhoward@pipesand.com,+19816906662,"9017 Lincoln Blvd, Phoenix, AZ, 85001",Phoenix,AZ,85001-4200,356.4
SRA0003402,Broadridge,Lopez Financial Advisory Group,Rockefeller Capital Management,1416279,R.,Lopez,rlopez@rockcapi.com,2074044053,"5516 Madison Way, Ste 3227, Dallas, TX, 75201",Dallas,TX,75201,155.7
SRA0003403,Broadridge,Rodriguez Priv Wealth Group,LPL Financial,6985812,Cynthia,Rodriguez,rodriguezc@lpl.com,(293) 809-7792,"8244 Park Ln, Houston, TX, 77001",Houston,TX,77001,583.5
SRA0003404,Broadridge,Jackson Wealth Advs,Oppenheimer & Co,4561243,C.,Jackson,cjackson@oppe.com,218.807.1480,"3381 Liberty Ln, Miami, FL, 33101",Miami,FL,33101,580.3
SRA0003405,Broadridge,Martinez Wealth Sol Group,Janney Montgomery Scott,6748163,Don,Martinez,don.martinez@jannmontsc.net,,"7080 Broadway Ave, Ste 1353, Cincinnati, OH, 45201",Cincinnati,OH,45201,416.2
SRA0003406,Broadridge,Washington WP,LPL Financial,3276207,Sharon,Washington,swashington@lpl.com,(417) 342-6326,"3545 Hill Ct, Nashville, TN, 37201",Nashville,TN,37201,164.3
SRA0003407,Broadridge,Butler Fam Wealth Group,HighTower,7817082,Mel,Butler,mbutler@high.com,(563) 648-8472,"5166 Commerce Dr, Philadelphia, PA, 19101",Philadelphia,PA,19101,513.9
SRA0003408,Broadridge,Thompson Wealth Advs,Wells Fargo Advisors,1109317,B.,Thompson,b..thompson@wellfargad.net,643.495.2447,,New York,NY,10001,741.4
SRA0003409,Broadridge,King Adv Grp,Mesirow Financial,8592459,J.,King,,(542) 214-2753,"6552 Washington Blvd, Ste 185, New York, NY, 10001",New York,NY,10001-5972,224.2
SRA0003410,Broadridge,Wright Wealth Mgmt Team,Dynasty Financial Partners,3103348,Betty,Wright,,+15898197502,"3294 Jefferson Ln, Ste 3919, Houston, TX, 77001",Houston,TX,77001,838.1
SRA0003411,Broadridge,Martinez Wealth Sol Group,Edward Jones,6256161,K.,Martinez,kmartinez@edwajone.com,+14914077349,"7970 Jefferson Ct, Philadelphia, PA, 19101",Philadelphia,PA,19101,60.8
SRA0003412,Broadridge,Edwards WA,Rockefeller Capital Management,4119222,Lisa,Edwards,edwardsl@rockcapi.com,5958109418,"6691 Washington St, Orlando, FL, 32801",Orlando,FL,32801,25.0
SRA0003413,Broadridge,Robinson PW Group,LPL Financial,3262204,Ashley,Robinson,arobinson@lpl.com,296-663-1019,"2802 Liberty Way, Indianapolis, IN, 46201",Indianapolis,IN,46201,327.1
SRA0003414,Broadridge,Bennett Cap Group,Dynasty Financial Partners,2577439,Joe,Bennett,bennettj@dynapart.com,,"5050 Lincoln Rd, Ste 604, Minneapolis, MN, 55401",Minneapolis,MN,55401,
SRA0003415,Broadridge,Garcia Adv Grp,LPL Financial,6474075,Emily,Garcia,emily.garcia@lpl.net,(907) 353-7526,"480 Jefferson Ct, Salt Lake City, UT, 84101",Salt Lake City,UT,84101,110.7
SRA0003416,Broadridge,Morris Wealth Partners,Dynasty Financial Partners,1180747,Jen,Morris,jen.morris@dynapart.net,7795897267,"1146 Sunset Blvd, Chicago, IL, 60601",Chicago,IL,6060,216.0
SRA0003417,Broadridge,Gonzales Priv Client Group,Rockefeller Capital Management,4566360,Andy,Gonzales,andy.gonzales@rockcapi.net,(225) 865-3276,"3840 Market Rd, Chicago, IL, 60614",Chicago,IL,60614,332.9
SRA0003418,Broadridge,Lewis Adv Grp,Dynasty Financial Partners,5044901,M.,Lewis,lewism@dynapart.com,841-982-9144,"7694 Park Ct, Chicago, IL, 60601",Chicago,IL,60601,391.5
SRA0003419,Broadridge,Lee Adv Group,Mesirow Financial,8341899,Karen,Lee,karen.lee@mesi.net,,"6415 Main Ct, Orlando, FL, 32801",Orlando,FL,32801,368.8
SRA0003420,Broadridge,Sanders Asset Management Group,Piper Sandler,5365738,Tommy,Sanders,tsanders@pipesand.com,(721) 585-6551,"7529 Lake Dr, Ste 1750, Cleveland, OH, 44101",Cleveland,OH,44101,484.8
SRA0003421,Broadridge,Williams Adv Group,Piper Sandler,,Mel,Williams,mel.williams@pipesand.net,779.829.3021,"9628 Market Pl, Ste 809, Nashville, TN, 37201",Nashville,TN,3720,443.3
SRA0003422,Broadridge,Hernandez PW Group,UBS Financial Services,4664999,Jenny,Hernandez,jhernandez@ubs.com,+17993225744,"1380 Financial Ct, Ste 409, New York, NY, 10001",New York,NY,10001,102.5
SRA0003423,Broadridge,Turner Private Wealth Group,RBC Wealth Management,6664115,Sarah,Turner,,(201) 665-5580,"9363 River St, Cincinnati, OH, 45201",Cincinnati,OH,45201,211.4
SRA0003424,Broadridge,Perez Wealth Management Team,Mesirow Financial,1100213,Don,Perez,,(345) 923-9521,"4604 Liberty Ln, Memphis, TN, 38101",Memphis,TN,38101,49.6
SRA0003425,Broadridge,Anderson Priv Wealth Group,Oppenheimer & Co,1234000,Becca,Anderson,banderson@oppe.com,+19535278909,,Phoenix,AZ,85001,111.0
SRA0003426,Broadridge,Parker Fin Grp,Baird,6474447,Danny,Parker,parkerd@bair.com,331.568.9750,"3447 Market Rd, Ste 1867, Dallas, TX, 75201",Dallas,TX,75201,
SRA0003427,Broadridge,Murphy Wealth Mgmt Team,Hightower Advisors,8276736,Ken,Murphy,kmurphy@highadvi.com,(620) 712-5500,"7846 Maple Dr, Ste 3830, San Diego, CA, 92101",San Diego,CA,92101,156.6
SRA0003428,Broadridge,Gonzalez Financial Advisory Group,Morgan Stanley,9747893,Mike,Gonzalez,mike.gonzalez@morgstan.net,+18905492978,"1613 Commerce Rd, Ste 3850, Cleveland, OH, 44101",Cleveland,OH,44101,1838.0
SRA0003429,Broadridge,Miller Invest Grp,Wells Fargo Advisors,7219265,M.,Miller,mmiller@wellfargad.com,455.545.7507,,Los Angeles,CA,90001,951.5
SRA0003430,Broadridge,Miller Wealth Mgmt Team,Steward Partners,6647155,Angela,Miller,millera@stewpart.com,639.433.2336,"6540 Broadway Way, Ste 685, Phoenix, AZ, 85001",Phoenix,AZ,85001,1062.0
SRA0003431,Broadridge,Phillips Fin Group,Steward Partners,,Rick,Phillips,rphillips@stewpart.com,(679) 724-8534,"1469 Commerce Ave, Baltimore, MD, 21201",Baltimore,MD,21201,42.4
SRA0003432,Broadridge,Howard Invest Group,RBC Wealth Management,1766749,Steph,Howard,steph.howard@rbc.net,556.290.1206,"4187 Broadway Dr, Las Vegas, NV, 89101",Las Vegas,NV,89101,181.8
SRA0003433,Broadridge,White Fin Advisory Group,Hightower Advisors,6000709,Johnny,White,jwhite@highadvi.com,+17233766096,"1514 Hill Dr, Ste 3213, Seattle, WA, 98101",Seattle,WA,98101,342.2
SRA0003434,Broadridge,Carter Fam Wealth Group,Dynasty Financial Partners,6496993,J.,Carter,jcarter@dynapart.com,(776) 622-4621,"4921 Financial St, Boston, MA, 02134",Boston,MA,02134,323.5
SRA0003435,Broadridge,Flores Adv Group,Oppenheimer & Co,5333889,Sarah,Flores,sflores@oppe.com,3068336964,"1463 Pine Dr, Phoenix, AZ, 85001",Phoenix,AZ,85001,241.1
SRA0003436,Broadridge,Hughes WA,Steward Partners,3121954,J.,Hughes,j..hughes@stewpart.net,(743) 516-9573,"1161 Market Ave, Ste 2451, New York, NY, 10017",New York,NY,10017,944.7
SRA0003437,Broadridge,Moore Asset Mgmt Group,RBC Wealth Management,5296527,Karen,Moore,karen.moore@rbc.net,(257) 534-7060,"7208 Cedar Ln, Ste 1989, Philadelphia, PA, 19101",Philadelphia,PA,19101,124.9
SRA0003438,Broadridge,Lewis Cap Group,Dynasty Financial Partners,2247900,Dave,Lewis,dlewis@dynapart.com,(617) 207-5464,"9572 Hill Ave, Ste 2970, Detroit, MI, 48201",Detroit,MI,48201,751.7
SRA0003439,Broadridge,Harris Financial Group,UBS Financial Services,8363199,Becky,Harris,bharris@ubs.com,257.915.7395,"6939 Market Way, Ste 1893, Chicago, IL, 60601",Chicago,IL,60601,1097.3
SRA0003440,Broadridge,Flores Asset Mgmt Group,Steward Partners,9616733,Rich,Flores,,+14569441835,"4993 Broadway St, Hartford, CT, 06101",Hartford,CT,06101-9772,33.2
SRA0003441,Broadridge,Morris Wealth Solutions Grp,UBS Financial Services,,Ashley,Morris,morrisa@ubs.com,+15975547293,"4560 Maple Way, Ste 1696, San Diego, CA, 92101",San Diego,CA,92101,82.3
SRA0003442,Broadridge,Gonzalez Family Wealth Group,Barid,9290443,R.,Gonzalez,rgonzalez@bair.com,+12183079557,"290 River Ct, Chicago, IL, 60614",Chicago,IL,60614,333.9
SRA0003443,Broadridge,Mitchell Capital Group,Dynasty Financial Partners,4116604,Donna,Mitchell,donna.mitchell@dynapart.net,+16193866923,"5556 Cedar Rd, Ste 420, Cincinnati, OH, 45201",Cincinnati,OH,45201,134.6
SRA0003444,Broadridge,Butler Priv Wealth Group,RBC Wealth Management,,Johnny,Butler,,7482489449,"6846 Pine Ct, Ste 3212, Louisville, KY, 40201",Louisville,KY,40201,390.0
SRA0003445,Broadridge,Harris Wealth Solutions Grp,Merrill Lynch,5701971,Emily,Harris,emily.harris@merrlync.net,348-364-9126,"8851 Sunset Dr, Ste 3654, Seattle, WA, 98101",Seattle,WA,9810,58.7
SRA0003446,Broadridge,Hughes Wealth Management Team,Merrill Lynch,4644223,Ashley,Hughes,ahughes@merrlync.com,209-778-1224,"4597 Main St, Ste 3918, Denver, CO, 80201",Denver,CO,80201,892.3
SRA0003447,Broadridge,Peterson Wealth Solutions Group,Stifel Financial,6100924,B.,Peterson,bpeterson@stif.com,243.547.8088,"5454 Main Blvd, Houston, TX, 77001",Houston,TX,77001-9436,102.6
SRA0003448,Broadridge,Bell Wealth Advs,Morgan Stanley,8733485,Sue,Bell,sbell@morgstan.com,+19538161113,,Milwaukee,WI,53201,196.9
SRA0003449,Broadridge,Price Wealth Mgmt Team,Dynasty Financial Partners,8046016,Carol,Price,carol.price@dynapart.net,4737439860,"3076 Madison Blvd, Ste 3824, Austin, TX, 78701",Austin,TX,78701,346.0
SRA0003450,Broadridge,Turner Cap Grp,LPL Financial,8678830,D.,Turner,dturner@lpl.com,525.389.7734,"9348 Hill Blvd, Kansas City, MO, 64101",Kansas City,MO,64101,668.4
SRA0003451,Broadridge,Rivera Private Client Group,Ameriprise Financial,,Rich,Rivera,riverar@amer.com,,"1578 Cedar Ln, Ste 771, Richmond, VA, 23220",Richmond,VA,23220,109.6
SRA0003452,Broadridge,Reed WP,Morgan Stanley,6670159,Donna,Reed,dreed@morgstan.com,+12415298044,"2672 Lake Ln, Richmond, VA, 23220",Richmond,VA,23220,372.3
SRA0003453,Broadridge,Ward Adv Grp,Steward Partners,9667024,Dave,Ward,dward@stewpart.com,(805) 932-7029,,Las Vegas,NV,89101,
SRA0003454,Broadridge,Brooks Adv Group,LPL Financial,2353795,Cynthia,Brooks,cbrooks@lpl.com,+15053721359,"1659 Park Ln, Los Angeles, CA, 90025",Los Angeles,CA,90025,98.9
SRA0003455,Broadridge,Flores Advisory Group,LPL Financial,2260988,Steph,Flores,steph.flores@lpl.net,518-217-5799,"6397 Elm Ln, Ste 1891, Richmond, VA, 23220",Richmond,VA,23220,369.8
SRA0003456,Broadridge,Rivera Asset Management Group,Mesirow Financial,4812365,M.,Rivera,mrivera@mesi.com,438.248.9217,"9347 Main Dr, Ste 3280, Seattle, WA, 98101",Seattle,WA,98101,126.4
SRA0003457,Broadridge,Phillips Invest Group,Hightower Advisors,2054290,Josh,Phillips,jphillips@highadvi.com,965-243-6273,"4849 Capital Way, Ste 516, Atlanta, GA, 30301",Atlanta,GA,30301,369.5
SRA0003458,Broadridge,Butler Wealth Management Group,LPL Financial,2274860,Ry,Butler,rbutler@lpl.com,+19119389207,"4570 Madison Pl, Ste 2006, Memphis, TN, 38101",Memphis,TN,38101,993.3
SRA0003459,Broadridge,Brooks Wealth Management Team,Janney Montgomery Scott,4613581,Karen,Brooks,karen.brooks@jannmontsc.net,931-559-7618,"2671 River Pl, Los Angeles, CA, 90001",Los Angeles,CA,90001,136.4
SRA0003460,Broadridge,Davis Wealth Management Group,HighTower,6761812,Will,Davis,will.davis@high.net,+15822231392,"898 Lake Ln, Ste 1510, Austin, TX, 78701",Austin,TX,78701,967.0
SRA0003461,Broadridge,Carter Wealth Mgmt Grp,RBC Wealth Management,3623644,S.,Carter,s..carter@rbc.net,+17085818107,"2536 Elm St, Ste 1947, Las Vegas, NV, 89101",Las Vegas,NV,89101,299.5
SRA0003462,Broadridge,Ramirez Wealth Sol Group,Edward Jones,8708857,Babs,Ramirez,babs.ramirez@edwajone.net,229.320.4716,"7834 Madison St, Memphis, TN, 38101",Memphis,TN,38101,182.8
SRA0003463,Broadridge,Smith Financial Advisory Group,LPL Financial,4243003,Dan,Smith,dan.smith@lpl.net,3444328626,"7891 Sunset Way, Ste 2604, Austin, TX, 78701",Austin,TX,78701-3010,85.9
SRA0003464,Broadridge,Carter Wealth Solutions Group,Piper Sandler,5924748,Kate,Carter,kcarter@pipesand.com,+17174893559,"6858 Liberty Ct, Seattle, WA, 98101",Seattle,WA,9810,364.5
SRA0003465,Broadridge,Jones Fam Wealth Group,Rockefeller Capital Management,,Kim,Jones,kim.jones@rockcapi.net,647.552.9677,"5551 Lincoln Ct, Ste 3465, Kansas City, MO, 64101",Kansas City,MO,64101,100.2
SRA0003466,Broadridge,Lopez Financial Advisory Group,Dynasty Financial Partners,,G.,Lopez,glopez@dynapart.com,751.897.3087,"9167 Sunset Ave, Ste 691, Boston, MA, 02101",Boston,MA,02101,108.3
SRA0003467,Broadridge,Richardson PW Group,Rockefeller Capital Management,2450946,Meg,Richardson,mrichardson@rockcapi.com,763-678-8873,"8689 Madison Dr, Ste 2668, Houston, TX, 77001",Houston,TX,77001,341.2
SRA0003468,Broadridge,Torres Family Wealth Group,Steward Partners,4302391,P.,Torres,ptorres@stewpart.com,798-656-2267,"299 Washington Ave, Ste 1897, Las Vegas, NV, 89101",Las Vegas,NV,89101,95.2
SRA0003469,Broadridge,Bell Cap Grp,Dynasty Financial Partners,9481156,Patty,Bell,patty.bell@dynapart.net,,"7178 Hill Blvd, San Diego, CA, 92101",San Diego,CA,92101,3920.8
SRA0003470,Broadridge,Flores WA,Merrill Lynch,3943445,S.,Flores,sflores@merrlync.com,+13472717639,"3429 Lake Way, Ste 2276, Kansas City, MO, 64101",Kansas City,MO,64101,95.5
SRA0003471,Broadridge,Green Wealth Part,Wells Fargo Advisors,,Steph,Green,steph.green@wellfargad.net,265-500-2175,,Chicago,IL,60614,195.6
SRA0003472,Broadridge,Walker Cap Grp,HighTower,2795450,J.,Walker,jwalker@high.com,904-542-7055,"2703 Elm Way, Ste 3122, Los Angeles, CA, 90001",Los Angeles,CA,90001,662.8
SRA0003473,Broadridge,Roberts WP,Janney Montgomery Scott,8588965,Stevie,Roberts,robertss@jannmontsc.com,4005242879,"6216 Commerce Dr, Ste 3953, Louisville, KY, 40201",Louisville,KY,40201,94.3
SRA0003474,Broadridge,Morgan WM Team,Wells Fargo Advisors,9396770,C.,Morgan,cmorgan@wellfargad.com,251-261-3344,,Chicago,IL,60614,729.1
SRA0003475,Broadridge,Stweart Wealth Sol Group,Baird,5867288,Steve,Stewart,sstewart@bair.com,903.860.4548,"2453 Commerce Blvd, Ste 2583, Tampa, FL, 33601",Tampa,FL,33601,68.5
SRA0003476,Broadridge,Wright Fin Group,Piper Sandler,,Linda,Wright,wrightl@pipesand.com,523.722.5470,,Seattle,WA,98101,1992.1
SRA0003477,Broadridge,Miller Invest Grp,Raymond James,9811747,Ry,Miller,,,"477 Capital St, Ste 3909, Detroit, MI, 48201",Detroit,MI,48201-9429,3364.2
SRA0003478,Broadridge,Hill Adv Grp,Mesirow Financial,8141864,J.,Hill,hillj@mesi.com,497-615-6432,"8226 Commerce Ct, Ste 1196, Los Angeles, CA, 90025",Los Angeles,CA,90025,308.3
SRA0003479,Broadridge,Hill PW Group,Piper Sandler,,Donna,Hill,dhill@pipesand.com,(900) 486-3290,"703 Financial Blvd, Ste 2499, Boston, MA, 02134",Boston,MA,02134,134.5
SRA0003480,Broadridge,Ramirez Fin Grp,Morgan Stanley,2241299,Sandy,Ramirez,sramirez@morgstan.com,+15498712578,"2269 Liberty Ct, Ste 961, Chicago, IL, 60614",Chicago,IL,60614,285.8
SRA0003481,Broadridge,Scott Wealth Partners,Morgan Stanley,7504632,Jenny,Scott,scottj@morgstan.com,(885) 539-3706,"3768 Broadway St, Ste 2301, Houston, TX, 77001",Houston,TX,77001,305.0
SRA0003482,Broadridge,Reed WM Team,Janney Montgomery Scott,8229496,Patty,Reed,preed@jannmontsc.com,227-687-4963,"4702 Lincoln Ct, Los Angeles, CA, 90001",Los Angeles,CA,90001,302.3
SRA0003483,Broadridge,Collins Invest Group,Mesirow Financial,5566172,C.,Collins,ccollins@mesi.com,851-424-2271,"1014 Washington Blvd, Ste 1050, Portland, OR, 97201",Portland,OR,97201,479.6
SRA0003484,Broadridge,Perry Asset Mgmt Grp,Janney Montgomery Scott,9071594,Kate,Perry,kperry@jannmontsc.com,441-256-6824,"8979 River Ct, Ste 2643, Phoenix, AZ, 85001",Phoenix,AZ,85001,73.2
SRA0003485,Broadridge,Rivera Advisory Group,Janney Montgomery Scott,,Charlie,Rivera,crivera@jannmontsc.com,+17563225378,"1820 Cedar Rd, Ste 2815, Milwaukee, WI, 53201",Milwaukee,WI,53201,379.0
SRA0003486,Broadridge,Davis Family Wealth Group,Mesirow Financial,5255671,Jeff,Davis,davisj@mesi.com,929.551.5922,"7683 River Pl, Ste 1044, Nashville, TN, 37201",Nashville,TN,37201,501.1
SRA0003487,Broadridge,Alexander Asset Mgmt Group,Oppenheimer & Co,6007706,G.,Alexander,galexander@oppe.com,(361) 596-5844,"5199 Capital Way, Seattle, WA, 98101",Seattle,WA,98101,304.2
SRA0003488,Broadridge,Scott Advisory Group,Oppenheimer & Co,9615925,Amy,Scott,ascott@oppe.com,418-925-2630,"206 Financial St, Ste 1518, Tampa, FL, 33601",Tampa,FL,33601,299.2
SRA0003489,Broadridge,Gonzales Fin Grp,Stifel Financial,6249530,Timmy,Gonzales,tgonzales@stif.com,792-927-1043,"1917 Financial Way, Los Angeles, CA, 90001",Los Angeles,CA,90001,67.1
SRA0003490,Broadridge,Bryant WP,RBC Wealth Management,,Marc,Bryaant,mbryaant@rbc.com,+17955411436,"2821 Pine Ave, Boston, MA, 02134",Boston,MA,02134,811.8
SRA0003491,Broadridge,Smith Wealth Mgmt Group,Morgan Stanley,1923734,Mary,Smith,smithm@morgstan.com,5674413150,"2734 Oak Ct, Ste 2458, Richmond, VA, 23220",Richmond,VA,23220-7614,420.3
SRA0003492,Broadridge,Miller Fin Grp,Hightower Advisors,8124739,Ed,Miller,emiller@highadvi.com,592-272-8323,"1910 Main Ave, Ste 3636, Minneapolis, MN, 55401",Minneapolis,MN,55401,138.8
SRA0003493,Broadridge,King Wealth Solutions Group,Mesirow Financial,3043052,Dan,King,kingd@mesi.com,698-396-1720,"6426 Jefferson Rd, Ste 1750, Memphis, TN, 38101",Memphis,TN,38101,163.2
SRA0003494,Broadridge,Ross WP,Hightower Advisors,1649786,Linda,Ross,lross@highadvi.com,3876764225,"1985 Jefferson St, Ste 1526, Portland, OR, 97201",Portland,OR,97201,163.1
SRA0003495,Broadridge,Hughes Wealth Solutions Group,Stifel Financial,4342751,Charlie,Hughes,chughes@stif.com,(329) 959-8586,"997 Sunset Blvd, New York, NY, 10001",New York,NY,10001,23.3
SRA0003496,Broadridge,Lopez Financial Group,Oppenheimer & Co,6267454,Cynthia,Lopez,lopezc@oppe.com,,"8796 Jefferson Way, Ste 3267, Cincinnati, OH, 45201",Cincinnati,OH,45201,1723.6
SRA0003497,Broadridge,Wood Investment Group,Wells Fargo Advisors,1226719,Tim,Wood,woodt@wellfargad.com,+19143124468,"7268 Lake Dr, Ste 1210, Columbus, OH, 43201",Columbus,OH,4320,219.0
SRA0003498,Broadridge,Gonzalez Asset Management Group,Merrill Lynch,9516793,K.,Gonzalez,k..gonzalez@merrlync.net,,"2413 River Ct, Phoenix, AZ, 85001",Phoenix,AZ,85001,289.5
SRA0003499,Broadridge,Collins WA,Edward Jones,1744964,Mary,Collins,mcollins@edwajone.com,3185505521,,Seattle,WA,98101,221.6
SRA0003500,Broadridge,Edwards Wealth Mgmt Group,UBS Financial Services,1318735,Tim,Edwards,edwardst@ubs.com,559.812.2413,"2009 Market Way, Ste 3097, Los Angeles, CA, 90001",Los Angeles,CA,90001,92.1
SRA0003501,Broadridge,Bennett Financial Group,RBC Wealth Management,9526211,Pat,Bennett,pbennett@rbc.com,8807912396,"4673 Oak Blvd, Ste 2511, Cincinnati, OH, 45201",Cincinnati,OH,45201,4388.2
SRA0003502,Broadridge,Nelson Private Client Group,Wells Fargo Advisors,3278556,R.,Nelson,r..nelson@wellfargad.net,3977021888,"8807 Lake Ln, Ste 2295, Dallas, TX, 75201",Dallas,TX,75201,34.0
SRA0003503,Broadridge,Wilson WA,LPL Financial,9498556,Jon,Wilson,wilsonj@lpl.com,575.932.5887,"1789 Commerce Ln, Ste 1024, Phoenix, AZ, 85001",Phoenix,AZ,85001,212.7
SRA0003504,Broadridge,Hall Asset Management Group,Stifel Financial,4084374,Rob,Hall,hallr@stif.com,+16847914816,"1295 Liberty St, Ste 3697, Chicago, IL, 60614",Chicago,IL,60614,677.5
SRA0003505,Broadridge,Coleman Fam Wealth Group,Rockefeller Capital Management,1004433,C.,Coleman,ccoleman@rockcapi.com,+16449111361,"4927 Maple Ct, Ste 3461, San Diego, CA, 92101",San Diego,CA,92101,1189.5
SRA0003506,Broadridge,Wood Cap Group,Janney Montgomery Scott,2425117,Jim,Wood,jwood@jannmontsc.com,(954) 769-4061,"9022 Financial Blvd, Houston, TX, 77001",Houston,TX,77001,27.1
SRA0003507,Broadridge,Green Cap Grp,Hightower Advisors,1375156,Mary,Green,mgreen@highadvi.com,(799) 704-6271,,Denver,CO,80201,63.6
SRA0003508,Broadridge,Moore Wealth Advisors,Hightower Advisors,,Becky,Moore,rmoore@highadvi.com,,"1968 Broadway Rd, Salt Lake City, UT, 84101",Salt Lake City,UT,84101,1286.2
SRA0003509,Broadridge,Ramirez Wealth Partners,Ameriprise Financial,,J.,Ramirez,jramirez@amer.com,376-229-7816,"9303 Financial Blvd, Ste 1505, Salt Lake City, UT, 84101",Salt Lake City,UT,84101-4315,3898.1
SRA0003510,Broadridge,Simmons Adv Group,Morgan Stanley,5026488,Rich,Simmons,rich.simmons@morgstan.net,287.822.4054,"7220 Elm Pl, Denver, CO, 80201",Denver,CO,80201,164.4
SRA0003511,Broadridge,Clark Wealth Mgmt Grp,Stifel Financial,,Jenny,Clark,jenny.clark@stif.net,340.713.2294,"9125 Pine Way, Salt Lake City, UT, 84101",Salt Lake City,UT,84101,1004.1
SRA0003512,Broadridge,Bell Wealth Advs,Mesirow Financial,3927760,Laura,Bell,laura.bell@mesi.net,(254) 703-4584,"7156 Pine Pl, Ste 1963, Dallas, TX, 75201",Dallas,TX,75201,694.9
SRA0003513,Broadridge,Reed WM Team,HighTower,,Rich,Reed,rreed@high.com,2052182018,"464 Main Ave, Ste 341, Cincinnati, OH, 45201",Cincinnati,OH,45201,254.1
SRA0003514,Broadridge,Thomas Wealth Solutions Grp,Ameriprise Financial,5147923,K.,Thomas,kthomas@amer.com,989-857-3648,"1785 Sunset Ct, Philadelphia, PA, 19101",Philadelphia,PA,19101,358.4
SRA0003515,Broadridge,Martin Asset Mgmt Group,Mesirow Financial,5472249,Sarah,Martin,smartin@mesi.com,(495) 455-8344,"6890 Hill Rd, Ste 2220, Boston, MA, 02134",Boston,MA,02134,206.3
SRA0003516,Broadridge,Nguyen Family Wealth Grp,Hightower Advisors,4105842,Rick,Nuyen,rick.nuyen@highadvi.net,914-889-1244,"8371 Park Dr, Louisville, KY, 40201",Louisville,KY,40201,133.3
SRA0003517,Broadridge,Bryant WP,Piper Sandler,7351855,Deborah,Bryant,dbryant@pipesand.com,7562723221,"6177 Madison Way, Dallas, TX, 75201",Dallas,TX,75201,66.4
SRA0003518,Broadridge,Roberts Wealth Solutions Group,Dynasty Financial Partners,8600295,Joe,Roberts,joe.roberts@dynapart.net,8902279230,"6953 Madison Rd, Ste 3807, Baltimore, MD, 21201",Baltimore,MD,21201,128.7
SRA0003519,Broadridge,Howard WP,Oppenheimer & Co,8784269,Kathy,Howard,khoward@oppe.com,7026448903,"3506 Liberty Ct, Ste 3796, Las Vegas, NV, 89101",Las Vegas,NV,89101,150.5
SRA0003520,Broadridge,Jones Advisory Group,Oppenheimer & Co,5163886,Kenny,Jones,kenny.jones@oppe.net,686-440-4669,,Miami,FL,33101,107.1
SRA0003521,Broadridge,Powell Capital Gorup,Edward Jones,8529571,Kate,Powell,kpowell@edwajone.com,253-657-5028,"8924 Sunset Ln, Hartford, CT, 06101",Hartford,CT,06101,25.6
SRA0003522,Broadridge,Bryant Financial Advisory Group,Janney Montgomery Scott,4525069,Emily,Bryant,ebryant@jannmontsc.com,3382685072,"3570 Main Rd, Ste 1897, Baltimore, MD, 21201",Baltimore,MD,21201,233.1
SRA0003523,Broadridge,Perez Adv Group,Hightower Advisors,3624399,Sarah,Perez,sperez@highadvi.com,802.872.6677,"5467 Broadway Way, San Francisco, CA, 94101",San Francisco,CA,94101-3987,1899.4
SRA0003524,Broadridge,Cooper Adv Group,Hightower Advisors,1534901,Mike,Cooper,mcooper@highadvi.com,649.812.2121,"9851 Main Way, Ste 2905, Indianapolis, IN, 46201",Indianapolis,IN,46201,195.6
SRA0003525,Broadridge,Gonzales Private Wealth Group,Stifel Financial,9255463,Bryan,Gonzales,bryan.gonzales@stif.net,517.665.1050,"8945 Hill Ct, Minneapolis, MN, 55401",Minneapolis,MN,55401,82.2
SRA0003526,Broadridge,Anderson Asset Mgmt Grp,Mesirow Financial,9865602,Joe,Anderson,,846.523.7178,"3926 Lake Dr, Ste 3501, Minneapolis, MN, 55401",Minneapolis,MN,55401,86.7
SRA0003527,Broadridge,Allen Capital Group,Wells Fargo Advisors,7573256,Lisa,Allen,lallen@wellfargad.com,6663825358,"178 Market Way, Ste 2822, Cincinnati, OH, 45201",Cincinnati,OH,45201,123.5
SRA0003528,Broadridge,Hernandez Fin Adv Group,RBC Wealth Management,7679581,Mike,Hernandez,mhernandez@rbc.com,(634) 659-2013,,Tampa,FL,33601,39.7
SRA0003529,Broadridge,Smith Asset Mgmt Grp,Ameriprise Financial,1756182,Joe,Smith,smithj@amer.com,+16872809449,"9966 Commerce St, Ste 422, Milwaukee, WI, 53201",Milwaukee,WI,53201,56.7
SRA0003530,Broadridge,Gray Wealth Advs,Dynasty Financial Partners,6254288,Rick,Gray,,235-395-6119,"6305 Maple Ave, Ste 1309, Los Angeles, CA, 90001",Los Angeles,CA,90001-1328,116.9
SRA0003531,Broadridge,Cook Wealth Mgmt Team,Ameriprise Financial,6033709,Amy,Cook,acook@amer.com,(535) 287-4003,"4053 Washington Rd, Ste 407, San Diego, CA, 92101",San Diego,CA,92101,455.3
SRA0003532,Broadridge,Alexander Private Client Group,Stifel Financial,7889787,M.,Alexander,m..alexander@stif.net,+16153981385,"3218 Madison Dr, Ste 1787, Pittsburgh, PA, 15201",Pittsburgh,PA,15201,90.5
SRA0003533,Broadridge,Morgan Asset Management Group,Merrill Lynch,8163921,Stevie,Morgan,smorgan@merrlync.com,840.998.8862,"7954 Market Ave, Portland, OR, 97201",Portland,OR,97201,163.2
SRA0003534,Broadridge,Rodriguez Asset Mgmt Grp,Stifel Financial,8267899,Stevie,Rodriguez,,481-989-2062,"5184 Washington Rd, Boston, MA, 02134",Boston,MA,02134,173.1
SRA0003535,Broadridge,Powell PW Group,Ameriprise Financial,9736510,Jon,Powell,jon.powell@amer.net,483-240-7203,,Chicago,IL,60601-7300,2551.9
SRA0003536,Broadridge,Foster WP,Piper Sandler,1824858,Nancy,Foster,fostern@pipesand.com,(235) 506-2699,"2834 Jefferson Ln, Seattle, WA, 98101",Seattle,WA,98101,530.1
SRA0003537,Broadridge,Richardson Asset Mgmt Grp,Ameriprise Financial,2644324,Angela,Richardson,richardsona@amer.com,789.362.1281,"5938 Oak Ave, New York, NY, 10017",New York,NY,10017-8804,701.6
SRA0003538,Broadridge,Ramirez Wealth Advisors,Raymond James,4691473,Donnie,Ramirrez,ramirrezd@raymjame.com,+13377658020,"5920 Broadway Ave, Ste 2944, Detroit, MI, 48201",Detroit,MI,48201,784.0
SRA0003539,Broadridge,Washington Fin Group,Stifel Financial,,Chris,Washington,cwashington@stif.com,9879614471,"43 Main Way, Ste 1078, Boston, MA, 02101",Boston,MA,02101,815.8
SRA0003540,Broadridge,Reed Fin Group,Raymond James,4831879,Rick,Reed,reedr@raymjame.com,920-534-3013,"4079 Washington Rd, Ste 3809, Phoenix, AZ, 85001",Phoenix,AZ,85001,627.2
SRA0003541,Broadridge,Alexander Adv Grp,Oppenheimer & Co,3905729,D.,Alexander,dalexander@oppe.com,2797493106,"4756 Hill Way, Ste 3429, Richmond, VA, 23220",Richmond,VA,23220,23.7
SRA0003542,Broadridge,Lee PW Group,Oppenheimer & Co,4604390,Stevie,Lee,slee@oppe.com,+16027242287,"2598 River Ln, Ste 1502, Hartford, CT, 06101",Hartford,CT,0610,784.5
SRA0003543,Broadridge,Richardson Wealth Sol Group,Rockefeller Capital Management,5331277,Kate,Richardson,richardsonk@rockcapi.com,676.489.2479,"7255 Jefferson Ln, Ste 1201, Kansas City, MO, 64101",Kansas City,MO,64101,217.6
SRA0003544,Broadridge,Hill Wealth Advs,Ameriprise Financial,7191540,P.,Hill,hillp@amer.com,526-205-8365,"7911 River Ln, Ste 3036, Charlotte, NC, 28201",Charlotte,NC,28201,232.6
SRA0003545,Broadridge,Thomas Wealth Advisors,Baird,8179576,Shelly,Thomas,shelly.thomas@bair.net,+16333826673,"9 Maple Way, New York, NY, 10017",New York,NY,10017,145.1
SRA0003546,Broadridge,Hall Advisory Group,Edward Jones,6414371,Joe,Hall,jhall@edwajone.com,(969) 635-3187,"842 Commerce St, Ste 187, New York, NY, 10001",New York,NY,10001,243.5
SRA0003547,Broadridge,Bailey Fin Group,Merrill Lynch,3170554,Betty,Bailey,bbailey@merrlync.com,564-381-2884,"65 Liberty Ln, San Francisco, CA, 94101",San Francisco,CA,94101,1114.9
SRA0003548,Broadridge,Hall Family Wealth Grp,Ameriprise Financial,1832818,Nancy,Hall,nhall@amer.com,(947) 360-9026,"9520 Cedar St, Ste 455, Seattle, WA, 98101",Seattle,WA,98101,259.1
SRA0003549,Broadridge,Long Fin Advisory Group,Edward Jones,7058540,Jimmy,Long,jlong@edwajone.com,674-785-9396,"8609 Park Rd, Louisville, KY, 40201",Louisville,KY,40201,36.1
SRA0003550,Broadridge,Cook WM Team,Steward Partners,7371808,M.,Cook,cookm@stewpart.com,755.535.3431,"4812 Madison St, Ste 3748, Houston, TX, 77001",Houston,TX,77001,273.0
SRA0003551,Broadridge,Kelly Wealth Solutions Group,Janney Montgomery Scott,6478848,Shelly,Kelly,shelly.kelly@jannmontsc.net,+13195662380,"3061 Cedar Ct, Ste 1669, Los Angeles, CA, 90025",Los Angeles,CA,90025,170.4
SRA0003552,Broadridge,Brooks Financial Group,Dynasty Financial Partners,2724707,Jon,Brooks,jbrooks@dynapart.com,6523127115,"9548 Oak Dr, Ste 3511, Minneapolis, MN, 55401",Minneapolis,MN,55401,23.2
SRA0003553,Broadridge,Bell Family Wealth Grp,RBC Wealth Management,,Kim,Bell,kim.bell@rbc.net,(972) 308-3391,"5179 Capital Way, Ste 2234, Pittsburgh, PA, 15201",Pittsburgh,PA,15201,72.2
SRA0003554,Broadridge,Robinson Fin Group,Raymond James,9224835,P.,Robinson,probinson@raymjame.com,2765436115,"3017 Financial Rd, Richmond, VA, 23220",Richmond,VA,23220,768.2
SRA0003555,Broadridge,Adams Wealth Management Team,Rockefeller Capital Management,9332945,Donna,Adams,adamsd@rockcapi.com,252.245.8663,,Las Vegas,NV,89101,126.1
SRA0003556,Broadridge,Campbell Private Wealth Group,LPL Financial,2919396,M.,Campbell,m..campbell@lpl.net,840.681.3941,"3310 Lake St, Denver, CO, 80201",Denver,CO,80201,1044.9
SRA0003557,Broadridge,Adams Priv Client Group,Steward Partners,5154091,Geo,Adams,gadams@stewpart.com,312-874-5457,,San Diego,CA,92101,97.7
SRA0003558,Broadridge,Hill Wealth Sol Group,Raymond James,9392378,Kev,Hill,,835-546-5207,"9788 Maple Blvd, Dallas, TX, 75201",Dallas,TX,75201,713.6
SRA0003559,Broadridge,Powell Wealth Partners,Dynasty Financial Partners,4444176,Ken,Powell,powellk@dynapart.com,438-603-7389,"6932 Hill Ct, Ste 1013, Kansas City, MO, 64101",Kansas City,MO,64101,51.3
SRA0003560,Broadridge,Lee Wealth Partners,Piper Sandler,6272038,Donnie,Lee,dlee@pipesand.com,282.882.9418,,Memphis,TN,38101,204.3
SRA0003561,Broadridge,Jenkins Wealth Solutions Grp,Barid,6810870,Jenny,Jenkins,jjenkins@bair.com,4914447565,"9489 Commerce St, Chicago, IL, 60601",Chicago,IL,60601,1218.9
SRA0003562,Broadridge,Campbell Private Client Group,HighTower,4438012,P.,Campbell,pcampbell@high.com,229.490.5469,"810 Market St, Richmond, VA, 23220",Richmond,VA,23220,236.3
SRA0003563,Broadridge,Roberts Wealth Mgmt Group,Stifel Financial,8498667,Eddie,Roberts,eddie.roberts@stif.net,555-202-6517,"9240 Financial St, Los Angeles, CA, 90025",Los Angeles,CA,90025,180.7
SRA0003564,Broadridge,Williams WM Team,Hightower Advisors,2754181,P.,Williams,p..williams@highadvi.net,652-838-7157,,Orlando,FL,32801,160.1
SRA0003565,Broadridge,Lee Advisory Group,Merrill Lynch,4609447,Karen,Lee,klee@merrlync.com,941-710-5739,,Cleveland,OH,44101,278.1
SRA0003566,Broadridge,Price Wealth Mgmt Team,LPL Financial,5296397,Matt,Price,mprice@lpl.com,778-451-5190,"7574 Market Ave, Portland, OR, 97201",Portland,OR,97201-5752,62.2
SRA0003567,Broadridge,Peterson Priv Client Group,Hightower Advisors,,Linda,Peterson,lpeterson@highadvi.com,842.845.7158,"3905 Elm St, Ste 2001, New York, NY, 10001",New York,NY,10001,823.2
SRA0003568,Broadridge,Ramirez Family Wealth Grp,Merrill Lynch,,Nancy,Ramirez,ramirezn@merrlync.com,534.543.9701,"8918 Maple Ave, Baltimore, MD, 21201",Baltimore,MD,21201,251.2
SRA0003569,Broadridge,Anderson Private Client Group,Edward Jones,8023347,Betty,Anderson,,+13005712562,"8938 Main Pl, Baltimore, MD, 21201",Baltimore,MD,21201,130.4
SRA0003570,Broadridge,Taylor Cap Group,Ameriprise Financial,1326040,Josh,Taylor,jtaylor@amer.com,(262) 460-3276,"5656 Capital Pl, Portland, OR, 97201",Portland,OR,97201,354.4
SRA0003571,Broadridge,Lopez WP,Edward Jones,6873075,Pat,Lopez,pat.lopez@edwajone.net,7585088216,"9310 Sunset Ave, Ste 361, Nashville, TN, 37201",Nashville,TN,37201,29.3
SRA0003572,Broadridge,Wood Wealth Solutions Group,Merrill Lynch,1360182,J.,Wood,jwood@merrlync.com,5425105926,"5100 Financial Way, Ste 3145, Philadelphia, PA, 19101",Philadelphia,PA,1910,2846.7
SRA0003573,Broadridge,Anderson Wealth Part,Oppenheimer & Co,8663029,Charlie,Anderson,canderson@oppe.com,,"7496 Madison Way, Hartford, CT, 06101",Hartford,CT,06101,396.6
SRA0003574,Broadridge,Flores Wealth Solutions Group,Raymond James,,Bryan,Flores,floresb@raymjame.com,306-984-6255,"7878 Financial Pl, Ste 3872, Nashville, TN, 37201",Nashville,TN,37201,849.7
SRA0003575,Broadridge,Gray WM Team,UBS Financial Services,7186918,M.,Gray,graym@ubs.com,975-259-8746,"7171 Commerce Dr, Ste 1440, Charlotte, NC, 28201",Charlotte,NC,28201-3492,4102.4
SRA0003576,Broadridge,Barnes Priv Client Group,Oppenheimer & Co,8709479,Sandy,Barnes,sbarnes@oppe.com,322.982.7855,"6802 Elm Dr, Houston, TX, 77001",Houston,TX,77001,24.2
SRA0003577,Broadridge,Robinson Financial Advisory Group,Janney Montgomery Scott,2423823,Betty,Robinson,betty.robinson@jannmontsc.net,(672) 844-8330,"2841 Jefferson Rd, Ste 375, New York, NY, 10001",New York,NY,10001,47.9
SRA0003578,Broadridge,Edwards Private Wealth Group,Wells Fargo Advisors,1091299,Tommy,Edwards,tommy.edwards@wellfargad.net,(284) 887-3097,"3504 Washington Blvd, Philadelphia, PA, 19101",Philadelphia,PA,19101,
SRA0003579,Broadridge,Perez Wealth Solutions Group,Baird,5620638,Mick,Perez,mperez@bair.com,9406088717,"5061 Main Pl, Ste 3885, Los Angeles, CA, 90001",Los Angeles,CA,90001,110.2
SRA0003580,Broadridge,Robinson Asset Mgmt Grp,Wells Fargo Advisors,4689663,Marc,Robinson,marc.robinson@wellfargad.net,,"9103 Lincoln Rd, Ste 536, Cleveland, OH, 44101",Cleveland,OH,44101,
SRA0003581,Broadridge,Ward Private Wealth Group,RBC Wealth Management,3527828,Steve,Ward,sward@rbc.com,313.552.3459,"9617 Jefferson Ln, Ste 2233, Minneapolis, MN, 55401",Minneapolis,MN,55401,698.1
SRA0003582,Broadridge,Rodriguez Capital Group,Piper Sandler,3224211,Donna,Rodriguez,drodriguez@pipesand.com,364-298-8111,"9046 Market St, Ste 491, Milwaukee, WI, 53201",Milwaukee,WI,53201-8531,261.3
SRA0003583,Broadridge,Hernandez Wealth Partners,Baird,,Chuck,Hernandez,chernandez@bair.com,337.971.7024,"1646 Elm Ave, Ste 880, Philadelphia, PA, 19101",Philadelphia,PA,19101,348.6
SRA0003584,Broadridge,Johnson Family Wealth Group,UBS Financial Services,6735493,Andy,Johnson,ajohnson@ubs.com,8445748757,"7160 Madison Way, Ste 925, Salt Lake City, UT, 84101",Salt Lake City,UT,84101,502.6
SRA0003585,Broadridge,Wilson Fam Wealth Group,Wells Fargo Advisors,1724848,Jeff,Wilosn,jwilson@wellfargad.com,433.512.7009,"7858 Lake Ave, Boston, MA, 02101",Boston,MA,02101-9486,136.3
SRA0003586,Broadridge,Carter Wealth Solutions Grp,Janney Montgomery Scott,3188879,Kev,Carter,kcarter@jannmontsc.com,,"2115 Park Pl, Ste 1677, Seattle, WA, 98101",Seattle,WA,98101,377.4
SRA0003587,Broadridge,Alexander Wealth Sol Group,Merrill Lynch,5306106,J.,Alexander,jalexander@merrlync.com,328.248.2910,"1531 Broadway Dr, Ste 418, Los Angeles, CA, 90025",Los Angeles,CA,90025,75.0
SRA0003588,Broadridge,Anderson Wealth Advisors,Merrill Lynch,1601755,Lisa,Anderson,landerson@merrlync.com,(249) 539-4046,"768 Hill Rd, Detroit, MI, 48201",Detroit,MI,4820,458.0
SRA0003589,Broadridge,Evans Wealth Mgmt Team,Janney Montgomery Scott,4532603,Barb,Evans,barb.evans@jannmontsc.net,683.902.3975,"2220 Lincoln Ct, Ste 2449, Miami, FL, 33101",Miami,FL,3310,52.9
SRA0003590,Broadridge,Price Fin Adv Group,Merrill Lynch,4043121,Emily,Price,eprice@merrlync.com,514.474.9663,"8910 Commerce St, Ste 1776, Seattle, WA, 98101",Seattle,WA,98101,154.3
SRA0003591,Broadridge,Simmons WP,Oppenheimer & Co,4579223,M.,Simmons,simmonsm@oppe.com,785.560.3690,"9079 Financial Ave, Ste 1066, Kansas City, MO, 64101",Kansas City,MO,6410,310.2
SRA0003592,Broadridge,Jenkins Wealth Partners,Stifel Financial,8609763,C.,Jenkins,c..jenkins@stif.net,,"1249 Madison St, Philadelphia, PA, 19101",Philadelphia,PA,19101,86.6
SRA0003593,Broadridge,Morgan WA,Steward Partners,5472271,Sandy,Morgan,morgans@stewpart.com,+18954775744,"4562 Lincoln Ln, Ste 2251, Hartford, CT, 06101",Hartford,CT,06101,361.2
SRA0003594,Broadridge,Powell Asset Mgmt Grp,Piper Sandler,6512493,M.,Powell,mpowell@pipesand.com,282-916-5300,"2902 Maple Rd, Ste 2642, Nashville, TN, 37201",Nashville,TN,37201,412.2
SRA0003595,Broadridge,Allen Cap Grp,Raymond James,2431404,Dave,Allen,allend@raymjame.com,+14764399766,"2125 Lincoln Way, Kansas City, MO, 64101",Kansas City,MO,64101,553.6
SRA0003596,Broadridge,Taylor Priv Client Group,LPL Financial,,Joe,Taylor,joe.taylor@lpl.net,+15759573413,"5490 Financial Ave, St. Louis, MO, 63101",St. Louis,MO,63101,324.5
SRA0003597,Broadridge,Johnson Asset Management Group,Oppenheimer & Co,2011226,Danny,Johnson,djohnson@oppe.com,835-892-8550,"9202 Main Dr, Las Vegas, NV, 89101",Las Vegas,NV,89101,75.3
SRA0003598,Broadridge,Ramirez Cap Group,Ameriprise Financial,1853425,K.,Ramirez,kramirez@amer.com,931-690-6630,"3476 Financial Ave, San Francisco, CA, 94101",San Francisco,CA,94101,65.9
SRA0003599,Broadridge,Perry Private Wealth Group,Dynasty Financial Partners,2406850,Donna,Perry,dperry@dynapart.com,722-938-4453,"5251 Main Pl, Ste 2149, Austin, TX, 78701",Austin,TX,78701,978.0
SRA0003600,Broadridge,Henderson WP,Baird,1617513,Barb,Henderson,hendersonb@bair.com,+16007212949,"5665 Maple Ave, Ste 645, Tampa, FL, 33601",Tampa,FL,33601,135.0
SRA0003601,Broadridge,Nelson Asset Mgmt Group,Piper Sandler,7588016,Jen,Nelson,jnelson@pipesand.com,365-891-8570,"2903 Hill Dr, San Francisco, CA, 94101",San Francisco,CA,94101,3254.7
SRA0003602,Broadridge,Flores Wealth Solutions Grp,Ameriprise Financial,6887244,Angela,Flores,floresa@amer.com,(285) 926-5399,"9712 Capital Pl, Ste 2763, San Diego, CA, 92101",San Diego,CA,92101,863.1
SRA0003603,Broadridge,Nguyen Cap Group,Ameriprise Financial,5763357,Bill,Nguyen,wnguyen@amer.com,541.203.2462,"2050 Liberty Blvd, Ste 3817, Phoenix, AZ, 85001",Phoenix,AZ,85001,85.5
SRA0003604,Broadridge,Richardson Invest Grp,Hightower Advisors,2323761,S.,Richardson,srichardson@highadvi.com,+13312546863,"9940 Park St, Ste 2231, Seattle, WA, 98101",Seattle,WA,98101,182.1
SRA0003605,Broadridge,Robinson Fin Group,Merrill Lynch,6180104,Dottie,Robinson,drobinson@merrlync.com,+12707117991,"6678 Financial Pl, Ste 3371, Atlanta, GA, 30301",Atlanta,GA,30301,
SRA0003606,Broadridge,Cox Priv Client Group,LPL Financial,3762106,Becca,Cox,rcox@lpl.com,5879247697,"7347 Hill St, Hartford, CT, 06101",Hartford,CT,06101,305.2
SRA0003607,Broadridge,Smith Wealth Advisors,HighTower,5926379,Maggie,Smith,msmith@high.com,7948747709,"3036 Sunset Rd, Ste 3093, Indianapolis, IN, 46201",Indianapolis,IN,46201,314.9
SRA0003608,Broadridge,Lopez Wealth Part,LPL Financial,1869005,Chuck,Lopez,lopezc@lpl.com,3213656539,"3634 Lake Dr, Ste 1158, Miami, FL, 33101",Miami,FL,33101,1403.3
SRA0003609,Broadridge,Adams Wealth Partners,Janney Montgomery Scott,5783878,Deborah,Adams,dadams@jannmontsc.com,576.214.6777,"8567 Washington Way, Ste 751, Boston, MA, 02134",Boston,MA,02134,28.4
SRA0003610,Broadridge,Bailey Asset Management Group,Stifel Financial,3512904,Sue,Bailey,sbailey@stif.com,(946) 744-7657,"6360 Market Ct, Ste 227, Salt Lake City, UT, 84101",Salt Lake City,UT,84101,1389.4
SRA0003611,Broadridge,Robinson Wealth Mgmt Grp,Mesirow Financial,,Jay,Robinson,jrobinson@mesi.com,708.466.3282,"480 Oak Rd, Ste 2761, Cincinnati, OH, 45201",Cincinnati,OH,45201,2720.2
SRA0003612,Broadridge,Smith Financial Group,Mesirow Financial,9599988,Andy,Smith,smitha@mesi.com,285-248-5302,"8321 Sunset Ave, Louisville, KY, 40201",Louisville,KY,40201,801.3
SRA0003613,Broadridge,Gonzales Wealth Sol Group,Janney Montgomery Scott,,Johnny,Gonzales,johnny.gonzales@jannmontsc.net,7699758325,"8565 Hill St, Ste 3244, San Francisco, CA, 94101",San Francisco,CA,94101,111.5
SRA0003614,Broadridge,Ross Wealth Mgmt Grp,Dynasty Financial Partners,9782849,Ry,Ross,ry.ross@dynapart.net,488.890.1225,"5049 Broadway Way, Detroit, MI, 48201",Detroit,MI,4820,36.7
SRA0003615,Broadridge,Barnes Invest Group,Dynasty Financial Partners,6275507,Jimmy,Barnes,jimmy.barnes@dynapart.net,8707904046,"8214 Hill Blvd, Ste 3969, Louisville, KY, 40201",Louisville,KY,40201,414.9
SRA0003616,Broadridge,Morris Wealth Mgmt Team,Ameeriprise Financial,5060278,Pat,Morris,,(655) 486-7686,"6146 Lincoln Ct, Ste 1816, Cleveland, OH, 44101",Cleveland,OH,44101,322.8
SRA0003617,Broadridge,Stewart Cap Grp,Wells Fargo Advisors,2904765,S.,Stewart,sstewart@wellfargad.com,296.614.9485,"6047 Financial Rd, Phoenix, AZ, 85001",Phoenix,AZ,8500,57.6
SRA0003618,Broadridge,Martinez WM Team,Rockefeller Capital Management,9286712,J.,Martinez,jmartinez@rockcapi.com,508-702-9972,"2686 River Way, Austin, TX, 78701",Austin,TX,78701,697.5
SRA0003619,Broadridge,Gonzales Fin Adv Group,LPL Financial,1454154,K.,Gonzales,,3698739575,"3328 Maple Ln, Ste 3266, Chicago, IL, 60614",Chicago,IL,60614,2720.9
SRA0003620,Broadridge,Martinez WM Team,Morgan Stanley,,P.,Martinez,,+12838628427,"5006 Lincoln Ln, Boston, MA, 02101",Boston,MA,02101,273.4
SRA0003621,Broadridge,King Private Client Group,Rockefeller Capital Management,1420698,Chuck,King,chuck.king@rockcapi.net,967.710.1707,"9580 Elm Pl, Ste 3321, Columbus, OH, 43201",Columbus,OH,43201,226.3
SRA0003622,Broadridge,Wright Cap Grp,LPL Financial,6194058,Jeff,Wright,wrightj@lpl.com,+18956721995,"2822 Madison Ave, San Francisco, CA, 94101",San Francisco,CA,94101,182.3
SRA0003623,Broadridge,Stewart Advisory Group,Merrill Lynch,5641276,Betty,Stewart,bstewart@merrlync.com,558.436.8200,,Phoenix,AZ,85001-6343,593.5
SRA0003624,Broadridge,Sanchez PC Group,Hightower Advisors,,Ashley,Sanchez,ashley.sanchez@highadvi.net,247.341.5966,"4563 Main Blvd, Ste 919, Orlando, FL, 32801",Orlando,FL,32801,5817.2
SRA0003625,Broadridge,Taylor Advisory Group,Piper Sandler,5921118,Ashley,Taylor,ashley.taylor@pipesand.net,668-813-1904,"4325 Hill Pl, Ste 1518, Milwaukee, WI, 53201",Milwaukee,WI,53201,398.0
SRA0003626,Broadridge,Bell Financial Advisory Group,HighTower,1300233,Laura,Bell,laura.bell@high.net,9776411345,"8846 Cedar Dr, Cincinnati, OH, 45201",Cincinnati,OH,4520,176.2
SRA0003627,Broadridge,Howard Asset Management Group,LPL Financial,4783295,M.,Howard,howardm@lpl.com,512.465.3264,"4390 Pine Way, Boston, MA, 02134",Boston,MA,02134-2470,300.3
SRA0003628,Broadridge,Gray Wealth Advs,Hightower Advisors,5547063,Ant,Gray,agray@highadvi.com,(754) 885-3732,"2689 Washington Dr, Ste 2156, Philadelphia, PA, 19101",Philadelphia,PA,19101,962.4
SRA0003629,Broadridge,Alexander WM Team,Piper Sandler,9540056,J.,Alexander,jalexander@pipesand.com,(609) 401-3403,"1818 Park Dr, Ste 3183, Chicago, IL, 60614",Chicago,IL,60614,1483.1
SRA0003630,Broadridge,Wood Family Wealth Group,HighTower,6758546,Linda,Wood,woodl@high.com,828.899.8412,"3288 Oak Dr, Ste 2209, Philadelphia, PA, 19101",Philadelphia,PA,1910,334.3
SRA0003631,Broadridge,Miller Priv Wealth Group,Hightower Advisors,4729870,Betty,Miller,millerb@highadvi.com,(348) 951-1825,"856 Madison St, Charlotte, NC, 28201",Charlotte,NC,28201,489.7
SRA0003632,Broadridge,Robinson Private Wealth Group,RBC Wealth Management,9414443,R.,Robinson,robinsonr@rbc.com,416-710-1610,"3021 Park Ct, Denver, CO, 80201",Denver,CO,80201,76.0
SRA0003633,Broadridge,Nguyen Wealth Part,Morgan Stanley,8692313,Cynthia,Nguyen,cnguyen@morgstan.com,+15889802716,"2766 Lincoln Ct, Ste 3143, Louisville, KY, 40201",Louisville,KY,40201-4376,195.5
SRA0003634,Broadridge,Bennett Financial Advisory Group,Ppier Sandler,1603622,R.,Bennett,r..bennett@pipesand.net,+17888286786,"2594 Elm Ln, Richmond, VA, 23220",Richmond,VA,23220,43.2
SRA0003635,Broadridge,Phillips Fam Wealth Group,Mesirow Financial,5157325,Ashley,Phillips,aphillips@mesi.com,(577) 314-1706,"6859 Lincoln Ln, Kansas City, MO, 64101",Kansas City,MO,64101,105.3
SRA0003636,Broadridge,Bennett Asset Management Group,HighTower,9190650,Ashley,Bennett,abennett@high.com,842.703.9509,"8442 Oak Dr, Ste 778, Indianapolis, IN, 46201",Indianapolis,IN,46201-5674,1323.0
SRA0003637,Broadridge,Brooks Private Wealth Group,Raymond James,4597093,Donna,Brooks,dbrooks@raymjame.com,429.509.2976,"8740 Broadway Ave, New York, NY, 10001",New York,NY,10001,127.3
SRA0003638,Broadridge,Patterson Asset Mgmt Grp,Merrill Lynch,4855555,Shelly,Patterson,mpatterson@merrlync.com,(721) 210-4119,"6049 Lake Dr, Ste 3874, Milwaukee, WI, 53201",Milwaukee,WI,53201,184.0
SRA0003639,Broadridge,Gonzales Wealth Mgmt Team,RBC Wealth Management,7193276,Jeff,Gonzalse,jeff.gonzalse@rbc.net,,"9025 Market Ct, Ste 2624, Memphis, TN, 38101",Memphis,TN,38101-6118,195.9
SRA0003640,Broadridge,Flores Financial Group,Janney Montgomery Scott,3234284,Pat,Flores,pflores@jannmontsc.com,692.737.1638,"9674 Cedar Ct, Ste 3382, Denver, CO, 80201",Denver,CO,80201-3486,427.7
SRA0003641,Broadridge,Ward Private Wealth Group,Piper Sandler,1654203,Steph,Ward,wards@pipesand.com,629.382.1511,"4530 Jefferson Pl, Ste 3830, Cincinnati, OH, 45201",Cincinnati,OH,45201,432.8
SRA0003642,Broadridge,Garcia Adv Group,RBC Wealth Management,5319058,Cynthia,Garcia,cgarcia@rbc.com,,"641 Lincoln Way, Orlando, FL, 32801",Orlando,FL,32801,
SRA0003643,Broadridge,Turner Invest Grp,Ameriprise Financial,2078072,Emily,Turner,emily.turner@amer.net,,"1342 Oak Ave, Ste 2839, Salt Lake City, UT, 84101",Salt Lake City,UT,84101-6255,66.0
SRA0003644,Broadridge,Thompson Wealth Part,Baird,9457448,Jeff,Thompson,jeff.thompson@bair.net,,"8100 Cedar Rd, Ste 818, Denver, CO, 80201",Denver,CO,80201,436.4
SRA0003645,Broadridge,Taylor WA,Edward Jones,9133507,Johnny,Taylor,taylorj@edwajone.com,+19075813592,,Atlanta,GA,3030,265.6
SRA0003646,Broadridge,Rodriguez Priv Client Group,Wells Fargo Advisors,7437543,Donnie,Rodriguez,drodriguez@wellfargad.com,,,Denver,CO,80201,155.8
SRA0003647,Broadridge,Taylor Family Wealth Group,Mesirow Financial,9538403,Jeff,Taylor,jtaylor@mesi.com,+19174817674,"436 Sunset Dr, Dallas, TX, 75201",Dallas,TX,75201,1707.3
SRA0003648,Broadridge,Pihllips Wealth Advs,Baird,7391873,Amy,Phillips,phillipsa@bair.com,7514375252,"8749 Jefferson Ct, Ste 1849, Minneapolis, MN, 55401",Minneapolis,MN,55401,1165.1
SRA0003649,Broadridge,Evans Financial Group,Edward Jones,2566328,Donna,Evns,devans@edwajone.com,981.709.8869,"3163 Madison St, Ste 3197, Memphis, TN, 38101",Memphis,TN,38101,
SRA0003650,Broadridge,Ward Wealth Management Team,UBS Financial Services,,Jimmy,Ward,jward@ubs.com,753.442.2915,"8494 Elm Way, Ste 2718, New York, NY, 10017",New York,NY,10017,2336.6
SRA0003651,Broadridge,Sanders Family Wealth Grp,Steward Parters,4077319,Will,Sanders,wsanders@stewpart.com,,"8442 Pine Dr, Ste 2860, Seattle, WA, 98101",Seattle,WA,98101,375.9
SRA0003652,Broadridge,Reed Wealth Advisors,Ameriprise Financial,5757898,Chris,Reed,reedc@amer.com,(987) 489-8900,"2627 Lincoln Ct, Tampa, FL, 33601",Tampa,FL,33601,218.4
SRA0003653,Broadridge,Thompson Invest Grp,Stifel Financial,2272104,Deborah,Thompson,dthompson@stif.com,666.519.1388,"6686 Madison Ct, Ste 2428, Baltimore, MD, 21201",Baltimore,MD,21201,1474.4
SRA0003654,Broadridge,Clark Advisory Group,Merrill Lynch,9283731,S.,Clark,clarks@merrlync.com,777-229-2146,"2897 Market Ave, Ste 437, Austin, TX, 78701",Austin,TX,78701,588.9
SRA0003655,Broadridge,Evans Wealth Part,LPL Financial,3902191,Laura,Evans,levans@lpl.com,(598) 375-3792,"5319 Maple Dr, Ste 1817, Tampa, FL, 33601",Tampa,FL,33601,163.1
SRA0003656,Broadridge,Bailey Invest Grp,Stifel Financial,4075057,Mandy,Bailey,baileym@stif.com,754-388-9192,"4164 Main Ave, Indianapolis, IN, 46201",Indianapolis,IN,46201,280.7
SRA0003657,Broadridge,Parker Asset Mgmt Group,Oppenheimer & Co,4459942,Meg,Parker,mparker@oppe.com,226.397.2597,"8032 Elm Ln, Ste 2596, Columbus, OH, 43201",Columbus,OH,43201,333.2
SRA0003658,Broadridge,Reed Wealth Management Team,Janney Montgomery Scott,9976440,Sharon,Reed,sreed@jannmontsc.com,(464) 743-2840,"4966 Liberty Ave, Indianapolis, IN, 46201",Indianapolis,IN,46201,27.2
SRA0003659,Broadridge,Ramirez Wealth Solutions Group,HighTower,5874943,Pat,Ramirez,pramirez@high.com,5342693512,"47 Market Ln, Hartford, CT, 06101",Hartford,CT,06101,815.0
SRA0003660,Broadridge,Young Wealth Part,Hightower Advisors,7763622,B.,Young,b..young@highadvi.net,(752) 496-6685,"9535 Washington Ln, Ste 3700, Memphis, TN, 38101",Memphis,TN,38101,216.9
SRA0003661,Broadridge,Morgan Wealth Solutions Group,Janney Montgomery Scott,,Mick,Morgan,mick.morgan@jannmontsc.net,(924) 822-8763,"2697 Cedar Rd, Ste 3084, Hartford, CT, 06101",Hartford,CT,06101,820.2
SRA0003662,Broadridge,Taylor Wealth Partners,Edward Jones,4097914,Mike,Taylor,mtaylor@edwajone.com,6863727108,,Dallas,TX,75201,66.5
SRA0003663,Broadridge,Patterson Family Wealth Grp,Merrill Lynch,3223184,Don,Patterson,pattersond@merrlync.com,(538) 457-8011,"7691 Lincoln Blvd, Ste 1636, Richmond, VA, 23220",Richmond,VA,23220,29.6
SRA0003664,Broadridge,Bell PW Group,Hightower Advisors,4381637,Meg,Bell,mbell@highadvi.com,756.204.7564,"6984 Elm Way, Las Vegas, NV, 89101",Las Vegas,NV,89101,191.3
SRA0003665,Broadridge,Hill Financial Group,Merrill Lynch,4500144,Kathy,Hill,,677.937.3231,"2783 Capital Ave, Ste 1223, Baltimore, MD, 21201",Baltimore,MD,21201,367.4
SRA0003666,Broadridge,Ramirez Wealth Management Team,Piper Sandler,5208339,Jimmy,Ramirez,ramirezj@pipesand.com,(225) 895-3986,"9751 Pine Rd, Ste 179, Cincinnati, OH, 45201",Cincinnati,OH,45201,132.9
SRA0003667,Broadridge,Richardson Adv Grp,Ameriprise Financial,,Emily,Richardson,richardsone@amer.com,784-383-3077,,Chicago,IL,60601,97.7
SRA0003668,Broadridge,Moore Wealth Solutions Group,Raymond James,9180640,Dottie,Moore,dmoore@raymjame.com,507-723-7654,"3103 Jefferson Dr, Pittsburgh, PA, 15201",Pittsburgh,PA,15201,365.2
SRA0003669,Broadridge,Howard Cap Grp,Ameriprise Financcial,,Bryan,Howard,bhoward@amer.com,,"5527 Maple Pl, Ste 884, Kansas City, MO, 64101",Kansas City,MO,64101,169.4
SRA0003670,Broadridge,Lee Wealth Solutions Group,Oppenheimer & Co,6479493,Jeff,Lee,,606.405.2251,"4112 Lincoln Way, Ste 835, Los Angeles, CA, 90001",Los Angeles,CA,90001,26.8
SRA0003671,Broadridge,Miller Advisory Group,Hightower Advisors,6620527,K.,Miller,kmiller@highadvi.com,717.527.4186,,Tampa,FL,33601,133.7
SRA0003672,Broadridge,Hernandez PC Group,Oppenheimer & Co,6536990,Deborah,Hernandez,dhernandez@oppe.com,,"8313 Commerce Pl, Ste 1340, Columbus, OH, 43201",Columbus,OH,43201,83.9
SRA0003673,Broadridge,White Family Wealth Grp,UBS Financial Services,6418044,M.,Whit,whitm@ubs.com,(500) 525-8559,"4673 Broadway Pl, Ste 262, Columbus, OH, 43201",Columbus,OH,43201,70.0
SRA0003674,Broadridge,Henderson Private Client Group,Baird,6235531,Carol,Henderson,,753-582-7786,"4647 Park Blvd, Hartford, CT, 06101",Hartford,CT,06101,171.6
SRA0003675,Broadridge,Hernandez Priv Client Group,UBS Financial Services,7104852,J.,Hernandez,jhernandez@ubs.com,353-684-8437,,Portland,OR,97201,39.8
SRA0003676,Broadridge,Roberts Asset Mgmt Grp,Piper Sandler,8559713,C.,Robert,robertc@pipesand.com,(801) 353-1434,"739 Commerce Rd, Ste 1075, Richmond, VA, 23220",Richmond,VA,23220,756.9
SRA0003677,Broadridge,Simmons Priv Client Group,Ameriprise Financial,7706275,Jay,Simmons,jsimmons@amer.com,902.611.6063,"9243 Washington Blvd, Ste 1471, Los Angeles, CA, 90001",Los Angeles,CA,9000,384.9
SRA0003678,Broadridge,Howard Adv Group,LPL Financial,5177474,Ashley,Howard,howarda@lpl.com,+18663586859,,Denver,CO,80201,263.8
SRA0003679,Broadridge,Ross PC Group,Edward Jones,8208106,Jenny,Ross,rossj@edwajone.com,6455294401,"4239 Broadway Pl, Detroit, MI, 48201",Detroit,MI,48201,415.8
SRA0003680,Broadridge,Ramirez Wealth Mgmt Grp,Merrill Lynch,1328577,Bob,Ramirez,bob.ramirez@merrlync.net,4103717850,"6541 Jefferson Ave, Ste 153, Richmond, VA, 23220",Richmond,VA,23220-7565,229.6
SRA0003681,Broadridge,Martinez Family Wealth Group,Dynasty Financial Partners,2950343,Mary,Martinez,mary.martinez@dynapart.net,+15843715728,"2234 Capital Dr, Ste 201, Detroit, MI, 48201",Detroit,MI,48201,1542.1
SRA0003682,Broadridge,Powell Asset Mgmt Group,Morgan Stanley,5927218,Mel,Powell,mel.powell@morgstan.net,515-605-1323,"8835 Park Ln, Los Angeles, CA, 90001",Los Angeles,CA,90001,714.4
SRA0003683,Broadridge,Brooks Fam Wealth Group,Wells Fargo Advisors,8646522,Steve,Brooks,brookss@wellfargad.com,760-977-4312,"1560 Cedar Dr, Ste 3609, New York, NY, 10001",New York,NY,10001,620.1
SRA0003684,Broadridge,Patterson Invest Group,RBC Wealth Management,5810351,Steph,Patterson,spatterson@rbc.com,(273) 853-1488,"3626 Lincoln Rd, Ste 536, Orlando, FL, 32801",Orlando,FL,32801,657.8
SRA0003685,Broadridge,Gray Private Client Group,Oppenheimer & Co,4137519,P.,Gray,p..gray@oppe.net,3948248436,"3157 Liberty Blvd, Ste 1710, Austin, TX, 78701",Austin,TX,78701,1971.7
SRA0003686,Broadridge,Cox PC Group,Stifel Financial,6969318,C.,Cox,c..cox@stif.net,+18718821275,"1115 Cedar Ave, Seattle, WA, 98101",Seattle,WA,98101-3768,574.4
SRA0003687,Broadridge,Hernandez Wealth Advs,Ameriprise Financial,6395178,Mandy,Hernandez,hernandezm@amer.com,3955446985,"3877 Main Ave, Boston, MA, 02101",Boston,MA,02101-6016,119.2
SRA0003688,Broadridge,Wright Priv Client Group,Dynasty Financial Partners,5864862,G.,Wright,gwright@dynapart.com,4625692642,,Los Angeles,CA,90025-3976,47.0
SRA0003689,Broadridge,Moore Wealth Advs,Morgan Stanley,8991485,Jimmy,oMore,jimmy.omore@morgstan.net,(201) 846-8406,"1194 Park Way, Ste 1279, Columbus, OH, 43201",Columbus,OH,43201,3450.6
SRA0003690,Broadridge,Jackson Asset Management Group,Wells Fargo Advisors,,Bill,Jackson,,562-347-2324,"663 Oak Ct, Ste 1867, Los Angeles, CA, 90001",Los Angeles,CA,90001,184.2
SRA0003691,Broadridge,Thompson WA,Janney Montgomery Scott,9677444,J.,Thompson,jthompson@jannmontsc.com,+15923453995,"2710 Capital St, Portland, OR, 97201",Portland,OR,97201,1064.8
SRA0003692,Broadridge,Wright Asset Mgmt Grp,Stifel Financial,7421516,Mandy,Wright,awright@stif.com,709-419-3352,"3548 Liberty Way, Baltimore, MD, 21201",Baltimore,MD,21201-6936,585.5
SRA0003693,Broadridge,Johnson Investment Group,Piper Sandler,5032195,Ry,Johnson,rjohnson@pipesand.com,542-976-9592,"3079 Commerce Rd, Ste 3690, Boston, MA, 02134",Boston,MA,02134,468.2
SRA0003694,Broadridge,Moore Invest Group,Morgan Stanley,4277979,Nancy,Moore,nmoore@morgstan.com,914-207-8318,"6402 Cedar Pl, Kansas City, MO, 64101",Kansas City,MO,64101,634.5
SRA0003695,Broadridge,Baker Advisory Group,LPL Financial,6150102,G.,Baker,g..baker@lpl.net,4217714837,"2556 Madison Blvd, Baltimore, MD, 21201",Baltimore,MD,21201-7598,276.6
SRA0003696,Broadridge,Collins Invest Grp,LPL Financial,3297725,Mick,Collins,mcollins@lpl.com,4372022168,"4261 Jefferson Ln, Ste 1588, Baltimore, MD, 21201",Baltimore,MD,21201,295.7
SRA0003697,Broadridge,Cox Asset Mgmt Group,Morgan Stanley,2427574,Don,Cox,dcox@morgstan.com,754.522.3710,"1011 Washington Pl, Ste 278, Minneapolis, MN, 55401",Minneapolis,MN,55401,1769.7
SRA0003698,Broadridge,Williams Asset Mgmt Group,Ameriprise Financial,1725240,Ashley,Williams,awilliams@amer.com,797.752.1874,"9518 Financial Dr, Seattle, WA, 98101",Seattle,WA,98101-9636,332.3
SRA0003699,Broadridge,Kelly Priv Client Group,Oppenheimer & Co,9875511,Maggie,Kelly,mkelly@oppe.com,692-613-9254,"4780 Market Way, Ste 2235, Los Angeles, CA, 90025",Los Angeles,CA,90025,722.4
SRA0003700,Broadridge,Lee Financial Advisory Group,Janney Montgomery Scott,6629939,Charlie,Lee,clee@jannmontsc.com,,"4805 Hill Blvd, Ste 2124, Las Vegas, NV, 89101",Las Vegas,NV,89101,97.5
SRA0003701,Broadridge,Collins Wealth Management Group,Piper Sandler,5607199,Dave,Collins,dcollins@pipesand.com,,"1241 Hill Blvd, Atlanta, GA, 30301",Atlanta,GA,30301,527.9
SRA0003702,Broadridge,Jackson Wealth Management Team,RBC Wealth Management,8834277,Eddie,Jackson,jacksone@rbc.com,404-846-5875,"7916 Lincoln Way, Ste 3676, Cleveland, OH, 44101",Cleveland,OH,44101,148.0
SRA0003703,Broadridge,Howard Adv Grp,Janney Montgomery Scott,8232759,Ken,Howard,khoward@jannmontsc.com,(564) 507-7363,"9614 Pine Rd, Baltimore, MD, 21201",Baltimore,MD,21201,131.8
SRA0003704,Broadridge,Bell Wealth Advisors,RBC Wealth Management,9560482,Jess,Bell,jbell@rbc.com,528.740.2685,"4397 Liberty Ln, Cincinnati, OH, 45201",Cincinnati,OH,45201,269.3
SRA0003705,Broadridge,Ramirez Wealth Solutions Grp,Hightower Advisors,9927678,Amy,Ramirez,ramireza@highadvi.com,(678) 619-2875,,San Diego,CA,92101,930.5
SRA0003706,Broadridge,Butler Asset Mgmt Grp,Janney Montgomery Scott,6016611,Rich,Butler,rbutler@jannmontsc.com,809.840.9929,"2010 Commerce Ct, Ste 3193, Tampa, FL, 33601",Tampa,FL,33601,270.6
SRA0003707,Broadridge,Carter WM Team,Wells Fargo Advisors,9854274,Becky,Carter,becky.carter@wellfargad.net,,"7996 Pine Ct, Ste 616, Hartford, CT, 06101",Hartford,CT,06101,168.7
SRA0003708,Broadridge,Johnson Private Client Group,UBS Financial Services,,Ry,Johnson,rjohnson@ubs.com,976-615-3763,"4274 Elm St, Ste 1633, San Diego, CA, 92101",San Diego,CA,92101,47.2
SRA0003709,Broadridge,Rodriguez Wealth Solutions Grp,HighTower,3197727,Emily,Rodriguez,erodriguez@high.com,8824533836,"8137 Maple St, Las Vegas, NV, 89101",Las Vegas,NV,89101,1345.6
SRA0003710,Broadridge,Young Wealth Part,Raymond James,3350328,Shelly,Young,myoung@raymjame.com,323.385.4933,"586 Washington Ln, Ste 2408, Tampa, FL, 33601",Tampa,FL,33601,610.8
SRA0003711,Broadridge,Turner Asset Mgmt Grp,Ameriprise Financial,2318984,Ken,Turner,kturner@amer.com,(954) 258-5584,"6474 Washington Ave, Chicago, IL, 60614",Chicago,IL,6061,37.5
SRA0003712,Broadridge,Roberts Wealth Solutions Group,Mesirow Financial,9303632,Ashley,Roberts,robertsa@mesi.com,+17474146731,"328 River Ln, Chicago, IL, 60601",Chicago,IL,60601,538.9
SRA0003713,Broadridge,Harris Advisory Group,Wells Fargo Advisors,5904049,Lisa,Harris,harrisl@wellfargad.com,653.203.9185,"3164 Lake Ave, Ste 2767, Denver, CO, 80201",Denver,CO,80201,481.3
SRA0003714,Broadridge,Baker Private Client Group,Ameriprise Financial,7908305,Kathy,Baker,kbaker@amer.com,(460) 969-8910,"1796 Liberty Ct, Las Vegas, NV, 89101",Las Vegas,NV,89101,221.6
SRA0003715,Broadridge,Taylor Investment Group,Dynasty Financial Partners,2478905,Ashley,Taylor,ashley.taylor@dynapart.net,5025414832,"4612 Commerce St, San Diego, CA, 92101",San Diego,CA,92101,144.9
SRA0003716,Broadridge,Williams Asset Mgmt Grp,Mesirow Financial,9691162,Carol,Williams,cwilliams@mesi.com,483.537.9776,"4937 Oak Blvd, Ste 1916, Pittsburgh, PA, 15201",Pittsburgh,PA,15201,189.7
SRA0003717,Broadridge,Patterson Fin Advisory Group,Merrill Lynch,8277586,Eddie,Patterson,epatterson@merrlync.com,696.329.6500,"2898 Lincoln Dr, Hartford, CT, 06101",Hartford,CT,06101,901.2
SRA0003718,Broadridge,Wright Wealth Mgmt Team,Janney Montgomery Scott,8382867,Steve,Wright,swright@jannmontsc.com,700-504-3355,"1071 Main Ct, Ste 1803, Detroit, MI, 48201",Detroit,MI,48201,211.4
SRA0003719,Broadridge,Baker Private Client Group,LPL iFnancial,8654746,Don,Baker,dbaker@lpl.com,328.518.9545,"6872 Market Ct, Memphis, TN, 38101",Memphis,TN,38101-9398,308.1
SRA0003720,Broadridge,Anderson Family Wealth Grp,RBC Wealth Management,9855984,Pat,Anderson,pat.anderson@rbc.net,+17059039045,"5489 Cedar Blvd, Ste 437, Cleveland, OH, 44101",Cleveland,OH,44101,376.5
SRA0003721,Broadridge,Garcia Priv Client Group,Morgan Stanley,,K.,Garccia,garcciak@morgstan.com,+13362484075,"3705 Commerce Pl, New York, NY, 10001",New York,NY,10001,149.6
SRA0003722,Broadridge,Mitchell Wealth Partners,LPL Financial,3101735,J.,Mitchell,jmitchell@lpl.com,299-521-7739,,Los Angeles,CA,90025,126.5
SRA0003723,Broadridge,Henderson Cap Group,LPL Financial,6103567,P.,Henderson,p..henderson@lpl.net,+18312728858,"8881 River Ave, Columbus, OH, 43201",Columbus,OH,43201,69.5
SRA0003724,Broadridge,Green Priv Wealth Group,Baird,7541014,Andy,Green,agreen@bair.com,(709) 709-4111,"8055 River Ln, Louisville, KY, 40201",Louisville,KY,40201,785.4
SRA0003725,Broadridge,Clark Adv Grp,UBS Financial Services,4851703,Barb,Clark,barb.clark@ubs.net,(449) 506-4027,"8392 Oak Ave, Ste 1163, Houston, TX, 77001",Houston,TX,77001,91.6
SRA0003726,Broadridge,Cooper Invest Group,Edward Jones,1095489,Ed,Cooper,coopere@edwajone.com,+19745645245,"9403 Maple Ave, Baltimore, MD, 21201",Baltimore,MD,21201,507.5
SRA0003727,Broadridge,Jones Wealth Partners,Openheimer & Co,4045055,Sharon,Jones,sjones@oppe.com,+16346945481,"9784 Main Pl, Ste 1024, Indianapolis, IN, 46201",Indianapolis,IN,46201,169.8
SRA0003728,Broadridge,Sanchez Private Wealth Group,Hightower Advisors,,Rick,Sanchez,rsanchez@highadvi.com,368.778.4541,"3622 Hill Rd, Ste 1454, Tampa, FL, 33601",Tampa,FL,33601,349.6
SRA0003729,Broadridge,Hughes Fin Adv Group,Steward Partners,6022019,Kev,Hughes,kev.hughes@stewpart.net,6986101595,"5606 Financial Way, Ste 3129, Seattle, WA, 98101",Seattle,WA,98101,633.0
SRA0003730,Broadridge,Edwards Financial Advisory Group,UBS Financial Services,4665598,Maggie,Edwards,medwards@ubs.com,4359925891,,Memphis,TN,38101,68.8
SRA0003731,Broadridge,Roberts PC Group,Dynasty Financial Partners,3768361,Deborah,Roberts,robertsd@dynapart.com,8293035690,"9756 Park Pl, Columbus, OH, 43201",Columbus,OH,43201,88.7
SRA0003732,Broadridge,Jenkins Fin Grp,Edward Jones,4769680,Nancy,Jenkins,njenkins@edwajone.com,286-978-2315,"6403 Market Way, Ste 1181, Austin, TX, 78701",Austin,TX,78701,123.5
SRA0003733,Broadridge,Flores Cap Group,Hightower Advisors,9923721,Carol,Flores,floresc@highadvi.com,288.299.7617,"4150 Lake Ave, Miami, FL, 33101",Miami,FL,33101,639.0
SRA0003734,Broadridge,Williams Asset Mgmt Group,Janney Montgomery Scott,6020258,Amy,Williams,awilliams@jannmontsc.com,935-915-9752,"5217 Maple Ave, Chicago, IL, 60601",Chicago,IL,60601,62.8
SRA0003735,Broadridge,Roberts Investment Group,UBS Financial Services,8447214,C.,Roberts,croberts@ubs.com,,"5864 Pine Blvd, Boston, MA, 02134",Boston,MA,02134,116.4
SRA0003736,Broadridge,Nelson Fin Grp,Hightower Advisors,4957727,Sandy,Nelson,sandy.nelson@highadvi.net,553-663-5523,"3667 Pine Ct, Ste 577, Baltimore, MD, 21201",Baltimore,MD,21201,410.4
SRA0003737,Broadridge,Flores Fin Advisory Group,Dynasty Financial Partners,1612396,Johnny,Flores,jflores@dynapart.com,976-323-3469,"8882 Liberty Rd, Ste 2781, Detroit, MI, 48201",Detroit,MI,48201,285.7
SRA0003738,Broadridge,Simmons Fin Adv Group,Mesirow Financial,9589731,Jess,Simmons,simmonsj@mesi.com,273-208-8124,"7168 Lincoln St, Ste 2868, Denver, CO, 80201",Denver,CO,80201,583.7
SRA0003739,Broadridge,Kelly Wealth Solutions Grp,Janney Montgomery Scott,1309606,Emily,Kelly,ekelly@jannmontsc.com,418-529-5566,"755 Madison Ln, Ste 2775, Louisville, KY, 40201",Louisville,KY,40201,448.3
SRA0003740,Broadridge,Lewis Fin Group,Janney Montgomery Scott,,C.,Lewis,clewis@jannmontsc.com,750.935.7859,"4630 Market Ln, Ste 819, Richmond, VA, 23220",Richmond,VA,23220,62.5
SRA0003741,Broadridge,Walker Fin Grp,Stifel Financial,6874867,Chuck,Walker,cwalker@stif.com,816.858.4346,"8188 Oak Way, Ste 686, Los Angeles, CA, 90001",Los Angeles,CA,90001-3167,237.8
SRA0003742,Broadridge,Moore Invest Group,Piper Sandler,9695148,K.,Moore,kmoore@pipesand.com,+17466851946,,Orlando,FL,32801,518.9
SRA0003743,Broadridge,Barnes Invest Group,Hightower Advisors,6072618,Chris,Barnes,cbarnes@highadvi.com,715-704-1732,"864 Financial Way, Ste 582, Tampa, FL, 33601",Tampa,FL,3360,381.7
SRA0003744,Broadridge,Brooks Investment Group,HighTower,7793549,Eddie,Brooks,ebrooks@high.com,9392453005,"7121 Jefferson Ct, Ste 3860, Columbus, OH, 43201",Columbus,OH,43201,728.7
SRA0003745,Broadridge,Stewart Financial Group,Hightower Advisors,3300729,Ry,Stewart,ry.stewart@highadvi.net,5148328381,"5507 Washington Dr, Ste 2727, Denver, CO, 80201",Denver,CO,80201,76.9
SRA0003746,Broadridge,Martinez Financial Group,HighTower,7661851,Kathy,Martinez,kmartinez@high.com,(314) 847-7080,"7183 Liberty Ln, Boston, MA, 02101",Boston,MA,02101,216.9
SRA0003747,Broadridge,Phillips Priv Wealth Group,Steward Partners,1143459,Becca,Phillips,,(890) 423-8407,,Austin,TX,78701,270.4
SRA0003748,Broadridge,Roberts Cap Grp,LPL Financial,2901813,Ashley,Roberts,aroberts@lpl.com,+14138333342,,Hartford,CT,06101,41.4
SRA0003749,Broadridge,Alexander Wealth Mgmt Team,Edward Jones,4120277,Angela,Alexander,aalexander@edwajone.com,231.509.9800,"7307 Financial Dr, Ste 288, Denver, CO, 80201",Denver,CO,80201,33.9
SRA0003750,Broadridge,Robinson Wealth Partners,LPL Financial,4652860,Dan,Robinson,drobinson@lpl.com,957-706-8719,,Memphis,TN,38101-8407,266.8
SRA0003751,Broadridge,Patterson Fin Adv Group,HighTower,1243047,Sarah,Patterson,spatterson@high.com,962-492-6260,"7771 Lake St, New York, NY, 10017",New York,NY,10017,494.8
SRA0003752,Broadridge,Collins Fin Group,Stifel Financial,4762524,Sarah,Collins,collinss@stif.com,2894449991,"228 Main Dr, Richmond, VA, 23220",Richmond,VA,23220,746.4
SRA0003753,Broadridge,Walker Private Client Group,Oppenheimer & Co,7787831,Matt,Walker,walkerm@oppe.com,271.506.2023,"4651 Broadway Way, Ste 1281, Miami, FL, 33101",Miami,FL,33101,40.1
SRA0003754,Broadridge,Barnes Private Client Group,Rockefeller Capital Management,4529075,Emily,Barnes,ebarnes@rockcapi.com,8598653411,,Austin,TX,78701,367.1
SRA0003755,Broadridge,Richardson Wealth Management Group,UBS Financial Services,3376832,Karen,Richardson,karen.richardson@ubs.net,+18698889154,"4916 Lincoln Ct, Ste 241, San Francisco, CA, 94101",San Francisco,CA,94101-9305,314.3
SRA0003756,Broadridge,Flores Wealth Management Team,Ameriprise Financial,9992327,Lisa,Flores,floresl@amer.com,,"4103 Cedar Rd, Ste 1294, Columbus, OH, 43201",Columbus,OH,43201,1570.5
SRA0003757,Broadridge,Price Wealth Management Team,Stifel Financial,,P.,Price,p..price@stif.net,+12443594524,"9565 Cedar Ct, Columbus, OH, 43201",Columbus,OH,43201,146.2
SRA0003758,Broadridge,Davis Wealth Mgmt Team,HighTower,2149517,D.,Davis,davisd@high.com,+18112951173,,Las Vegas,NV,89101,585.0
SRA0003759,Broadridge,Brookss Priv Wealth Group,Edward Jones,3559036,Carol,Brooks,cbrooks@edwajone.com,508-347-6704,,Chicago,IL,60614,1743.1
SRA0003760,Broadridge,Lee Wealth Solutions Group,Oppenheimer & Co,2111289,Donna,Lee,dlee@oppe.com,+17616798668,"7077 Commerce Way, Ste 2021, Minneapolis, MN, 55401",Minneapolis,MN,55401,369.1
SRA0003761,Broadridge,Howard Priv Client Group,Mesirow Financial,1332910,Nancy,Howard,howardn@mesi.com,508-374-9067,"6013 Commerce Ave, Ste 482, Memphis, TN, 38101",Memphis,TN,38101,444.6
SRA0003762,Broadridge,Miller Adv Grp,Merrill Lynch,4003006,Will,Miller,millerw@merrlync.com,416-248-7339,"5645 Maple Ave, Ste 2383, Pittsburgh, PA, 15201",Pittsburgh,PA,15201,204.1
SRA0003763,Broadridge,Adams Wealth Part,Wells Fargo Advisors,6200865,S.,Adams,s..adams@wellfargad.net,(823) 626-1403,"5976 Lake Way, Ste 1629, Columbus, OH, 43201",Columbus,OH,43201-7059,25.5
SRA0003764,Broadridge,Hill Private Client Group,Dynasty Financial Partners,8964569,Jenny,Hill,jhill@dynapart.com,966-214-5247,"2061 Oak Ln, Ste 3539, Chicago, IL, 60614",Chicago,IL,60614,185.7
SRA0003765,Broadridge,Peterson Wealth Solutions Group,Morgan Stanley,,Ken,Peterson,ken.peterson@morgstan.net,+14206918808,"247 Main Blvd, Ste 978, Chicago, IL, 60601",Chicago,IL,60601-4239,145.7
SRA0003766,Broadridge,Moore WP,LPL Financial,2387142,Babs,Moore,mooreb@lpl.com,(959) 578-8755,,Portland,OR,97201,403.7
SRA0003767,Broadridge,Jones WM Team,Ameriprise Financial,6227854,S.,Jones,sjones@amer.com,+14305495581,"3602 Hill Ave, Houston, TX, 77001",Houston,TX,77001,617.5
SRA0003768,Broadridge,Martin Wealth Sol Group,Stifel Financial,8058467,J.,Martin,jmartin@stif.com,841-502-4811,"3209 Park St, Ste 165, St. Louis, MO, 63101",St. Louis,MO,63101,91.7
SRA0003769,Broadridge,Garcia Advisory Group,Baird,2984618,Laura,Garcia,lgarcia@bair.com,+15688789413,"5732 Park Rd, Ste 3676, Columbus, OH, 43201",Columbus,OH,43201,
SRA0003770,Broadridge,Bennett WP,Raymond James,2057140,Tom,Bennett,bennettt@raymjame.com,7838705120,"3936 Lincoln Dr, Ste 375, Louisville, KY, 40201",Louisville,KY,40201,318.1
SRA0003771,Broadridge,Harris PC Group,Steward Partners,3566569,Geo,Harris,harrisg@stewpart.com,6608087055,"1071 Washington Blvd, Indianapolis, IN, 46201",Indianapolis,IN,46201,1272.4
SRA0003772,Broadridge,Adams Adv Grp,UBS Financial Services,2667844,Ronald,Adams,ronald.adams@ubs.net,4616452856,"2741 Oak Ave, Tampa, FL, 33601",Tampa,FL,33601-4352,147.4
SRA0003773,Broadridge,Morris Adv Group,Dynasty Financial Partners,8462889,K.,Morris,k..morris@dynapart.net,,"982 Maple St, Ste 3394, Charlotte, NC, 28201",Charlotte,NC,28201,903.8
SRA0003774,Broadridge,Anderson Asset Mgmt Grp,Mesirow Financial,8221154,Carol,Anderson,canderson@mesi.com,407-379-2561,"6031 Sunset Dr, Nashville, TN, 37201",Nashville,TN,37201,284.1
SRA0003775,Broadridge,Wood Wealth Solutions Grp,Mesirow Financial,3202390,S.,Wood,s..wood@mesi.net,759.584.2639,"3030 Elm Ln, Miami, FL, 33101",Miami,FL,33101,3767.9
SRA0003776,Broadridge,Moore Financial Groupp,Baird,6605531,Bob,Moore,mooreb@bair.com,752-285-9733,"3736 River St, Indianapolis, IN, 46201",Indianapolis,IN,46201-9092,1886.8
SRA0003777,Broadridge,Gray PC Group,Rockefeller Capital Management,9238063,Chuck,Gray,grayc@rockcapi.com,(580) 860-8999,"8468 Lake Blvd, New York, NY, 10001",New York,NY,10001-8356,1070.9
SRA0003778,Broadridge,Ross WA,Steward Partners,,Dave,Ross,rossd@stewpart.com,(518) 385-2811,"4942 Financial Blvd, San Francisco, CA, 94101",San Francisco,CA,94101,209.5
SRA0003779,Broadridge,Martinez Priv Client Group,Piper Sandler,4135831,Josh,Martinez,martinezj@pipesand.com,696.858.7816,"3257 Capital Blvd, Ste 1610, Charlotte, NC, 28201",Charlotte,NC,28201,627.5
SRA0003780,Broadridge,Campbell Wealth Mgmt Group,Mesirow Financial,,Deborah,Campbell,dcampbell@mesi.com,(954) 957-4785,"182 Hill Dr, Ste 1215, Pittsburgh, PA, 15201",Pittsburgh,PA,15201,
SRA0003781,Broadridge,Campbell Adv Group,Dynasty Financial Partners,4699210,Joe,Campbell,jcampbell@dynapart.com,+14448899068,"3380 Maple Ln, Orlando, FL, 32801",Orlando,FL,32801-9452,92.6
SRA0003782,Broadridge,Bennett Priv Wealth Group,Merrill Lynch,2782909,Charlie,Bennett,bennettc@merrlync.com,9032074638,"9949 Pine Ave, Ste 1327, Los Angeles, CA, 90025",Los Angeles,CA,90025,213.6
SRA0003783,Broadridge,Hall Finanncial Group,Janney Montgomery Scott,7984588,Patty,Hall,patty.hall@jannmontsc.net,420-458-9289,"5008 Hill Dr, Richmond, VA, 23220",Richmond,VA,23220,312.3
SRA0003784,Broadridge,Hill Asset Mgmt Grp,Ameriprise Financial,6948095,Tony,Hill,hillt@amer.com,2217273421,"3756 Commerce Blvd, Ste 2284, Cleveland, OH, 44101",Cleveland,OH,44101,116.6
SRA0003785,Broadridge,Phillips Priv Wealth Group,UBS Financial Services,9646994,Rick,Phillips,rick.phillips@ubs.net,+17489911472,,Chicago,IL,60614-7570,100.4
SRA0003786,Broadridge,Carter Wealth Partners,RBC Wealth Management,3390714,J.,Carter,jcarter@rbc.com,7465128123,"8516 Jefferson Dr, Minneapolis, MN, 55401",Minneapolis,MN,55401,142.7
SRA0003787,Broadridge,Thompson Private Wealth Group,Morgan Stanley,3127578,J.,Thompson,j..thompson@morgstan.net,+16932626114,"9988 Lake Dr, Miami, FL, 33101",Miami,FL,33101,32.8
SRA0003788,Broadridge,Hughes Wealth Management Group,Stifel Financial,6915111,Mary,Hughes,mhughes@stif.com,(551) 762-6303,"2959 Lake Rd, Ste 306, Orlando, FL, 32801",Orlando,FL,32801,190.3
SRA0003789,Broadridge,Simmons WM Team,RBC Wealth Management,5687581,Don,Simmons,simmonsd@rbc.com,938-749-1391,"5338 Pine Ln, Ste 2214, Columbus, OH, 43201",Columbus,OH,43201-9687,606.5
SRA0003790,Broadridge,Thompson Private Wealth Group,Rockefeller Capital Management,,Dot,Thompson,dthompson@rockcapi.com,792-247-5246,"4589 Broadway Ave, Ste 3969, Cincinnati, OH, 45201",Cincinnati,OH,45201,497.3
SRA0003791,Broadridge,Sanchez Invest Grp,Raymond James,,K.,Sanchez,k..sanchez@raymjame.net,6182974807,"3549 Sunset Ln, Ste 3361, San Diego, CA, 92101",San Diego,CA,92101,340.2
SRA0003792,Broadridge,Davis Wealth Solutions Grp,Edward Jones,6823746,Mary,Davis,mdavis@edwajone.com,973-968-7401,"3130 Hill Ct, Ste 1186, St. Louis, MO, 63101",St. Louis,MO,63101-3645,329.4
SRA0003793,Broadridge,Campbell Adviisory Group,Raymond James,5345442,Tim,Campbell,tim.campbell@raymjame.net,3088071001,"8397 Elm Pl, Ste 2793, Houston, TX, 77001",Houston,TX,77001,232.3
SRA0003794,Broadridge,Mitchell Wealth Partners,Oppenheimer & Co,4192903,P.,Mitchell,pmitchell@oppe.com,432-686-4777,"6808 Hill Dr, Ste 3982, Tampa, FL, 33601",Tampa,FL,33601,895.2
SRA0003795,Broadridge,Anderson Wealth Mgmt Team,Edward Jones,5093075,Patty,Anderson,panderson@edwajone.com,(254) 711-1983,"951 Capital Rd, Ste 3400, Detroit, MI, 48201",Detroit,MI,48201,277.5
SRA0003796,Broadridge,Perez Capital Group,Steward Partners,7771181,Stevie,Perez,sperez@stewpart.com,567-904-6239,"8146 Hill Pl, Ste 1292, Boston, MA, 02134",Boston,MA,02134,245.6
SRA0003797,Broadridge,Phillips Fam Wealth Group,Piper Sandler,3411371,M.,Phillips,m..phillips@pipesand.net,(301) 609-1263,"8525 Park Ln, Ste 3834, St. Louis, MO, 63101",St. Louis,MO,63101,370.9
SRA0003798,Broadridge,Mroris Asset Management Group,Ameriprise Financial,4414674,Sarah,Morris,smorris@amer.com,472.827.7408,"4582 Broadway Dr, Ste 2643, Milwaukee, WI, 53201",Milwaukee,WI,53201,418.5
SRA0003799,Broadridge,Roberts Asset Mgmt Grp,Edward Jones,5883111,Becca,Roberts,robertsb@edwajone.com,(353) 921-7828,"2188 Jefferson Pl, St. Louis, MO, 63101",St. Louis,MO,63101,2139.7
SRA0003800,Broadridge,Bennett Capital Group,Edward Jones,2547731,Babs,Bennett,bbennett@edwajone.com,6225968197,"3585 Elm Blvd, Ste 3116, Los Angeles, CA, 90025",Los Angeles,CA,90025,719.7
SRA0003801,Broadridge,Flores Financial Group,Janney Montgomery Scott,6007570,Betty,Flores,bflores@jannmontsc.com,(471) 698-8850,"2922 Main Ln, Ste 3753, Chicago, IL, 60601",Chicago,IL,60601,446.4
SRA0003802,Broadridge,Stewart Fin Grp,Piper Sandler,8720754,Angela,Stewart,stewarta@pipesand.com,,"4009 Financial Way, Louisville, KY, 40201",Louisville,KY,40201,637.7
SRA0003803,Broadridge,Evans Wealth Mgmt Group,RBC Wealth Management,9902720,Donna,Evans,devans@rbc.com,3774124541,"9103 Financial Ave, Ste 2109, Baltimore, MD, 21201",Baltimore,MD,21201,495.8
SRA0003804,Broadridge,Ross Wealth Solutions Group,Janney Montgomery Scott,9449202,Maggie,Ross,mross@jannmontsc.com,(664) 767-2695,"6293 Cedar Way, Denver, CO, 80201",Denver,CO,80201,181.0
SRA0003805,Broadridge,Cook Private Wealth Group,Mesirow Financial,1803125,Linda,CCook,lcook@mesi.com,561-902-8573,"3477 Hill Ln, Dallas, TX, 75201",Dallas,TX,75201,174.3
SRA0003806,Broadridge,Baker Wealth Mgmt Grp,Merrill Lynch,3746334,Linda,Baker,,799-439-7531,"1625 Madison Way, Las Vegas, NV, 89101",Las Vegas,NV,89101,131.2
SRA0003807,Broadridge,Garcia Family Wealth Grp,Steward Partners,7604903,Amy,Garcia,agarcia@stewpart.com,7525924806,"6994 Broadway Pl, Memphis, TN, 38101",Memphis,TN,38101,123.2
SRA0003808,Broadridge,Carter PrivateW ealth Group,Piper Sandler,1309845,Lisa,Carter,carterl@pipesand.com,663.569.7025,"184 Lake St, Boston, MA, 02101",Boston,MA,02101,69.8
SRA0003809,Broadridge,Washington Adv Grp,LPL Financial,1853719,Joe,Washington,jwashington@lpl.com,300.267.8527,"5200 Cedar Ct, Columbus, OH, 43201",Columbus,OH,43201-7382,297.1
SRA0003810,Broadridge,Coleman Fin Group,Rockefeller Capital Management,9431075,Mandy,Coleman,mcoleman@rockcapi.com,943.943.9798,"6587 Maple Ct, Ste 1796, Indianapolis, IN, 46201",Indianapolis,IN,46201,41.0
SRA0003811,Broadridge,Roberts Wealth Mgmt Team,Oppenheimer & Co,7029800,Deborah,Roberts,droberts@oppe.com,(775) 643-7520,"6705 Elm Way, Ste 2139, St. Louis, MO, 63101",St. Louis,MO,63101,1136.3
SRA0003812,Broadridge,Ramirez Asset Mgmt Grp,Steward Partners,3945504,Josh,Ramirez,jramirez@stewpart.com,402-889-9553,"4343 Main Ave, Ste 1719, Miami, FL, 33101",Miami,FL,33101,732.3
SRA0003813,Broadridge,Morris Asset Mgmt Grp,Piper Sandler,5974281,Bill,Morris,bill.morris@pipesand.net,3716544435,"5163 Financial Ct, Memphis, TN, 38101",Memphis,TN,38101,76.4
SRA0003814,Broadridge,Patterson Wealth Management Group,Mesirow Financial,8859663,Sandy,Patterson,spatterson@mesi.com,358-249-3185,"7100 Lake Way, Nashville, TN, 37201",Nashville,TN,37201,156.9
SRA0003815,Broadridge,Turner PC Group,Mesirow Financial,2304564,Sarah,Turner,sturner@mesi.com,9186397713,"8858 Oak Pl, Ste 3027, Kansas City, MO, 64101",Kansas City,MO,64101,907.1
SRA0003816,Broadridge,Garcia Wealth Mgmt Team,Merrill Lynch,8902258,K.,Garcia,kgarcia@merrlync.com,+16816117276,"762 Oak Blvd, Ste 201, Memphis, TN, 38101",Memphis,TN,38101,704.0
SRA0003817,Broadridge,Flores Investment Group,Oppenheimer & Co,6765636,Ashley,Flores,ashley.flores@oppe.net,+15273853310,,Seattle,WA,9810,121.0
SRA0003818,Broadridge,Washington Fin Advisory Group,Piper Sandler,1389032,Betty,Washington,washingtonb@pipesand.com,373-569-5224,"432 Financial Ln, Ste 3720, Boston, MA, 02134",Boston,MA,02134,251.5
SRA0003819,Broadridge,Evans Invest Group,Baird,8459906,Jess,Evans,evansj@bair.com,+15985277811,"9184 Park Way, Ste 2565, San Francisco, CA, 94101",San Francisco,CA,94101,154.1
SRA0003820,Broadridge,Price Cap Group,Edward Jones,9087856,Jon,Price,pricej@edwajone.com,579-892-9045,"2501 Oak Dr, Columbus, OH, 43201",Columbus,OH,43201,628.8
SRA0003821,Broadridge,Hughes Wealth Sol Group,LPL Financial,3975253,Andy,Hughes,hughesa@lpl.com,722.712.6999,"8660 Financial Ln, Ste 2556, Detroit, MI, 48201",Detroit,MI,48201,494.0
SRA0003822,Broadridge,Williams Fin Grp,Oppenheimer & Co,,M.,Williams,williamsm@oppe.com,4286832170,,Hartford,CT,06101,414.7
SRA0003823,Broadridge,Wilson Wealth Advisors,RBC Wealth Management,1905377,Meg,Wilson,meg.wilson@rbc.net,594-927-9724,"8648 Lincoln Ct, Ste 3901, Philadelphia, PA, 19101",Philadelphia,PA,19101,25.3
SRA0003824,Broadridge,Price Financial Advisory Group,Wells Fargo Advisors,1623816,Matt,Price,,5443959869,"8185 River Ave, Kansas City, MO, 64101",Kansas City,MO,64101,985.2
SRA0003825,Broadridge,Barnes PW Group,Baird,1903147,Ashley,Barnes,abarnes@bair.com,(435) 782-8578,"8088 Washington Dr, Atlanta, GA, 30301",Atlanta,GA,30301-1294,1088.4
SRA0003826,Broadridge,Brown Wealth Management Team,Ameriprise Financial,3768019,Becky,Brown,rbrown@amer.com,868-993-7845,"5119 Liberty Ln, Ste 132, Miami, FL, 33101",Miami,FL,33101,213.1
SRA0003827,Broadridge,Moore Wealth Solutions Grp,LPL Financial,7488421,Carol,Moore,cmoore@lpl.com,573-759-7146,"2852 Washington Dr, Ste 2090, New York, NY, 10001",New York,NY,10001-7037,5202.5
SRA0003828,Broadridge,Wood Invest Grp,RBC Wealth Management,2067091,Bill,Wood,woodb@rbc.com,+14916485631,"6501 Lincoln Rd, Chicago, IL, 60614",Chicago,IL,60614-1057,503.3
SRA0003829,Broadridge,Perez WM Team,Baird,8657065,M.,Perez,mperez@bair.com,+13942883908,"4585 Park Blvd, Ste 2480, Houston, TX, 77001",Houston,TX,77001,130.0
SRA0003830,Broadridge,Martin Family Wealth Grp,Ameriprise Financial,8758648,Jess,Martin,jess.martin@amer.net,480.249.4742,"5366 Liberty Dr, Dallas, TX, 75201",Dallas,TX,75201,726.8
SRA0003831,Broadridge,Harris Wealth Solutions Grp,Merrill Lynch,1919585,Eddie,Harris,eharris@merrlync.com,764.856.3159,"2155 Capital Ct, Ste 2518, St. Louis, MO, 63101",St. Louis,MO,6310,152.2
SRA0003832,Broadridge,Martinez PW Group,RBC Wealth Management,1696586,Chuck,Martinez,,(421) 863-9425,"6712 Main Pl, Ste 1323, New York, NY, 10017",New York,NY,10017,
SRA0003833,Broadridge,Turner Adv Grp,Raymond James,5603536,Bob,Turner,bturner@raymjame.com,(543) 326-3264,"9396 Sunset Ave, Miami, FL, 33101",Miami,FL,33101,652.1
SRA0003834,Broadridge,Foster Wealth Part,Baird,7365551,Babs,Foster,babs.foster@bair.net,2408603530,"7748 Market Way, Ste 3089, Indianapolis, IN, 46201",Indianapolis,IN,46201,134.9
SRA0003835,Broadridge,Stewart Asset Mgmt Group,Oppenheimer & Co,2603645,Babs,Stewart,bstewart@oppe.com,,"6689 Capital Rd, Detroit, MI, 48201",Detroit,MI,48201,134.1
SRA0003836,Broadridge,Thomas Wealth Mgmt Group,Wells Fargo Advisors,,Sharon,Thoas,sharon.thoas@wellfargad.net,+15916008732,"9070 River Pl, Seattle, WA, 98101",Seattle,WA,98101,1805.0
SRA0003837,Broadridge,Martinez Wealth Sol Group,Wells Fargo Advisors,3473079,P.,Martinez,martinezp@wellfargad.com,+18477499514,"1100 Main Ln, Ste 970, Louisville, KY, 40201",Louisville,KY,40201,706.3
SRA0003838,Broadridge,Powell WA,Baird,7001099,Nancy,Powell,powelln@bair.com,+14965631705,"8213 River Rd, Ste 2220, Philadelphia, PA, 19101",Philadelphia,PA,19101,71.8
SRA0003839,Broadridge,Cooper Capital Group,Morgan Stanley,5031696,Karen,Cooper,kcooper@morgstan.com,+17937618783,"8439 Market Ct, Nashville, TN, 37201",Nashville,TN,37201,355.5
SRA0003840,Broadridge,Torres WA,HighTower,3450509,J.,Torres,jtorres@high.com,5977931572,"9357 Liberty Rd, Ste 298, Charlotte, NC, 28201",Charlotte,NC,28201-8197,458.0
SRA0003841,Broadridge,Coleman Wealth Management Team,Raymond James,1014942,Sandy,Coleman,sandy.coleman@raymjame.net,+19897088617,"8172 Washington St, Ste 3769, Atlanta, GA, 30301",Atlanta,GA,30301,92.3
SRA0003842,Broadridge,Lopez Private Wealth Group,Baird,4403087,Sharon,Lopez,lopezs@bair.com,+15966768353,"994 Sunset Blvd, Ste 2468, San Francisco, CA, 94101",San Francisco,CA,94101-6585,579.1
SRA0003843,Broadridge,Robinson Investment Group,Steward Partners,8530876,Bryan,Robinson,,+18028472703,"3676 Cedar Rd, Ste 1118, Boston, MA, 02134",Boston,MA,0213,205.2
SRA0003844,Broadridge,Rivera Asset Mgmt Group,Hightower Advisors,,Ashley,iRvera,irveraa@highadvi.com,+16974813905,"2247 Maple Blvd, New York, NY, 10017",New York,NY,10017,205.3
SRA0003845,Broadridge,Hughes Cap Grp,UBS Financial Services,9087054,Sandy,Hughes,hughess@ubs.com,,"3793 Main Rd, New York, NY, 10001",New York,NY,10001,97.4
SRA0003846,Broadridge,Phillips Fam Wealth Grouup,Merrill Lynch,3884632,Nancy,Phillips,phillipsn@merrlync.com,,"3987 Liberty Blvd, Indianapolis, IN, 46201",Indianapolis,IN,46201,244.1
SRA0003847,Broadridge,Torres Wealth Mgmt Grp,Stifel Financial,8126042,Jimmy,Torres,jimmy.torres@stif.net,9248554362,"5086 Washington Way, Ste 1480, San Francisco, CA, 94101",San Francisco,CA,94101-9598,890.6
SRA0003848,Broadridge,Jones Financial Advisory Group,UBS Financial Services,5006786,Mel,Jones,mjones@ubs.com,(284) 363-9665,"7124 Commerce Way, Ste 1896, Philadelphia, PA, 19101",Philadelphia,PA,19101,507.6
SRA0003849,Broadridge,Nguyen Fin Grp,Piper Sandler,3528325,Eddie,Nguyen,eddie.nguyen@pipesand.net,235-782-5624,"8568 Maple Way, Ste 1552, Orlando, FL, 32801",Orlando,FL,32801,269.6
SRA0003850,Broadridge,Flores Financial Group,RBC Wealth Management,4879140,Mary,Flores,mflores@rbc.com,+12915127358,"4591 Elm Rd, Charlotte, NC, 28201",Charlotte,NC,28201,350.3
SRA0003851,Broadridge,Lee Wealth Solutions Group,Ameriprise Financial,4867350,Pat,Lee,plee@amer.com,(341) 513-1087,"6446 Pine Ct, Ste 2616, Louisville, KY, 40201",Louisville,KY,40201,302.1
SRA0003852,Broadridge,Williams Cap Grp,Janney Montgomery Scott,5232747,Ronald,Williams,williamsr@jannmontsc.com,579.227.7003,"6663 Capital Rd, Las Vegas, NV, 89101",Las Vegas,NV,89101-7826,398.4
SRA0003853,Broadridge,Phillips WM Team,Edward Jones,8974639,Ken,Phillips,,,"4868 Oak Ln, Ste 544, Charlotte, NC, 28201",Charlotte,NC,28201,605.6
SRA0003854,Broadridge,Phillips Private Client Group,Piper Sandler,4655778,Laura,Phillips,laura.phillips@pipesand.net,+12734238875,"8666 Washington Pl, Ste 1641, Pittsburgh, PA, 15201",Pittsburgh,PA,15201,792.0
SRA0003855,Broadridge,Simmons Asset Mgmt Group,HighTower,4111107,Shelly,Simons,shelly.simons@high.net,(512) 990-3887,"4210 Elm Pl, Ste 3305, Indianapolis, IN, 46201",Indianapolis,IN,46201,58.2
SRA0003856,Broadridge,Howard Wealth Advs,Rockefeller Capital Management,3241880,Danny,Howard,danny.howard@rockcapi.net,9729539268,"2370 Jefferson Ave, Ste 3518, Houston, TX, 77001",Houston,TX,77001,304.5
SRA0003857,Broadridge,Peterson Family Wealth Grp,Mesirow Financial,1623846,Lisa,Peterson,lpeterson@mesi.com,(616) 923-2995,"2909 Lincoln Rd, Ste 469, Columbus, OH, 43201",Columbus,OH,43201,637.2
SRA0003858,Broadridge,Jones Cap Grp,Steward Partners,3402515,Andy,Jones,ajones@stewpart.com,(531) 733-7434,"8247 Lake Ct, Ste 1650, Miami, FL, 33101",Miami,FL,33101,
SRA0003859,Broadridge,Morris Cap Group,UBS Financial Services,9983616,P.,Mroris,pmorris@ubs.com,+19566296192,"1140 Elm St, Ste 554, Detroit, MI, 48201",Detroit,MI,48201,68.0
SRA0003860,Broadridge,Taylor Wealth Mgmt Grp,Hightower Advisors,8064627,M.,Taylor,mtaylor@highadvi.com,968.506.8611,,Columbus,OH,43201,85.2
SRA0003861,Broadridge,Williams WA,Raymond James,1508517,Tommy,Williams,twilliams@raymjame.com,6095804999,,Miami,FL,33101-6980,92.8
SRA0003862,Broadridge,Nelson Priv Client Group,Piper Sandler,6498959,Sarah,Nelson,nelsons@pipesand.com,5014316987,"1112 Elm St, Ste 2332, Miami, FL, 33101",Miami,FL,33101,645.1
SRA0003863,Broadridge,Parker Private Client Group,RBC Wealth Management,1805731,Mandy,Parker,mandy.parker@rbc.net,,,Louisville,KY,40201,455.0
SRA0003864,Broadridge,Evans Asset Management Group,Piper Sandler,7264587,Kim,Evans,kevans@pipesand.com,769.725.1725,"9481 River Blvd, New York, NY, 10001",New York,NY,10001,183.4
SRA0003865,Broadridge,Henderson Wealth Mgmt Team,Hightower Advisors,3604973,Sarah,Henderson,shenderson@highadvi.com,5837001918,"2762 Maple Ave, Ste 3167, Austin, TX, 78701",Austin,TX,78701,126.2
SRA0003866,Broadridge,Powell Financial Advisory Group,Morgan Stanley,2572245,Ronald,Powell,rpowell@morgstan.com,,,Austin,TX,78701,124.8
SRA0003867,Broadridge,Gonzalez Adv Grp,Rockefeller Capital Management,4154776,Meg,Gonzalez,gonzalezm@rockcapi.com,(593) 288-2129,"5177 Park Ct, Ste 3985, Tampa, FL, 33601",Tampa,FL,33601,1527.7
SRA0003868,Broadridge,Henderson Invest Group,Stifel Financial,8823672,Ed,Henderson,,(917) 488-4747,"860 Park Ln, Minneapolis, MN, 55401",Minneapolis,MN,55401,233.0
SRA0003869,Broadridge,Morgan Private Client Group,Steward Partners,2082559,Amy,Morgan,morgana@stewpart.com,+13119856391,"5737 Madison Ct, Cleveland, OH, 44101",Cleveland,OH,44101-7496,355.9
SRA0003870,Broadridge,Smith Capital Group,HighTower,7208598,Cynthia,Smith,csmith@high.com,(649) 723-9083,"7010 Jefferson St, Los Angeles, CA, 90025",Los Angeles,CA,90025,70.0
SRA0003871,Broadridge,Ward Wealth Advisors,Edward Jones,8903263,Mary,Waard,waardm@edwajone.com,432.217.8413,"4791 Commerce St, Ste 2551, Houston, TX, 77001",Houston,TX,77001,452.5
SRA0003872,Broadridge,Reed Wealth Solutions Grp,Stifel Financial,9985862,Rich,Reed,rich.reed@stif.net,4724007942,"9209 Hill Ln, Detroit, MI, 48201",Detroit,MI,48201,126.9
SRA0003873,Broadridge,Powell Adv Group,Piper Sandler,6094543,Jon,Powell,powellj@pipesand.com,,"5690 Lincoln Dr, Ste 368, Houston, TX, 77001",Houston,TX,77001,1022.8
SRA0003874,Broadridge,Collins Fin Group,Mesirow Financial,,Nancy,Collins,ncollins@mesi.com,(285) 392-1349,"2050 Liberty Dr, Boston, MA, 02101",Boston,MA,02101,81.5
SRA0003875,Broadridge,Evans Fin Group,LPL Financial,5765776,Becky,Evans,bevans@lpl.com,816-711-4377,"9468 Lincoln Way, Ste 2884, Detroit, MI, 48201",Detroit,MI,48201,215.2
SRA0003876,Broadridge,Kelly Invest Grp,Oppenheimer & Co,9092493,G.,Kelly,gkelly@oppe.com,564.432.5361,"639 Financial Way, Ste 2695, Houston, TX, 77001",Houston,TX,77001-5308,24.4
SRA0003877,Broadridge,Jones WM Team,Dynasty Financial Partners,8041260,Joe,Jones,joe.jones@dynapart.net,691.366.8453,,Atlanta,GA,30301,81.0
SRA0003878,Broadridge,Clark Private Wealth Group,Rockefeller Capital Management,,Eddie,Clark,eclark@rockcapi.com,(729) 378-5990,"3170 Jefferson Ct, Memphis, TN, 38101",Memphis,TN,3810,415.6
SRA0003879,Broadridge,Garcia Capital Group,Morgan Stanley,8081714,Sharon,Garcia,sgarcia@morgstan.com,669.323.7069,"6914 Financial Ave, Hartford, CT, 06101",Hartford,CT,06101,154.2
SRA0003880,Broadridge,Johnson Financial Advisory Group,UBS Financial Services,5287192,Mandy,Johnson,johnsonm@ubs.com,9025655795,"1288 Madison Ln, Ste 2096, Salt Lake City, UT, 84101",Salt Lake City,UT,84101,
SRA0003881,Broadridge,Garcia Capital Group,Merrill Lynch,4358960,B.,Garcia,bgarcia@merrlync.com,,"5371 Sunset Pl, Pittsburgh, PA, 15201",Pittsburgh,PA,15201,958.6
SRA0003882,Broadridge,Evans Wealth Solutions Grp,Steward Partners,4059235,Sharon,Evans,sharon.evans@stewpart.net,(353) 355-3064,"857 Main Way, Milwaukee, WI, 53201",Milwaukee,WI,53201,107.5
SRA0003883,Broadridge,Butler Priv Client Group,Piper Sandler,2135423,Jimmy,Butler,jimmy.butler@pipesand.net,711-228-5597,"7030 Jefferson Ct, Atlanta, GA, 30301",Atlanta,GA,30301,109.3
SRA0003884,Broadridge,Perry Wealth Management Team,Steward Partners,8277226,Angela,Perry,aperry@stewpart.com,(695) 311-3405,,Milwaukee,WI,53201,143.9
SRA0003885,Broadridge,Phillips Fin Grp,Janney Montgomery Scott,2611475,M.,Phillips,phillipsm@jannmontsc.com,616.886.7801,,Cincinnati,OH,4520,370.2
SRA0003886,Broadridge,Turner Fin Adv Group,Edward Jones,,Mandy,Turner,aturner@edwajone.com,342-302-4893,"343 Sunset St, Los Angeles, CA, 90001",Los Angeles,CA,90001,25.1
SRA0003887,Broadridge,Walker Financial Group,HighTower,4257768,Deborah,Waker,deborah.waker@high.net,+15017429963,,Indianapolis,IN,46201,125.0
SRA0003888,Broadridge,King Invest Grp,Mesirow Financial,4483498,Charlie,King,cking@mesi.com,+15185195671,,Baltimore,MD,2120,26.6
SRA0003889,Broadridge,Price Financial Advisory Group,Piper Sandler,3856258,Dave,Price,dprice@pipesand.com,(441) 797-3958,"6120 Main Ave, Denver, CO, 80201",Denver,CO,80201,87.1
SRA0003890,Broadridge,Roberts Wealth Mgmt Group,UBS Financial Services,9426889,Mary,Roberts,mroberts@ubs.com,(923) 204-8529,"2459 Madison Pl, Boston, MA, 02101",Boston,MA,02101,366.5
SRA0003891,Broadridge,Martinez Fin Grp,Wells Fargo Advisors,9978447,Maggie,Martinez,martinezm@wellfargad.com,+14198952012,"9875 Main Ln, Ste 2191, Austin, TX, 78701",Austin,TX,78701,81.4
SRA0003892,Broadridge,Powell Wealth Sol Group,Rockefeller Capital Management,5078117,Ronald,Powell,rpowell@rockcapi.com,210.477.3115,"543 Pine Ct, Ste 351, Louisville, KY, 40201",Louisville,KY,40201,734.5
SRA0003893,Broadridge,Cook WM Team,RBC Wealth Management,8357022,C.,Cook,cookc@rbc.com,603.559.7735,"8050 Elm Blvd, Ste 741, Hartford, CT, 06101",Hartford,CT,06101,65.6
SRA0003894,Broadridge,Nelson Priv Client Group,Merrill Lynch,6938081,Eddie,Nelson,enelson@merrlync.com,+17948184059,"2616 Elm Ln, Ste 2928, Austin, TX, 78701",Austin,TX,78701-5271,214.9
SRA0003895,Broadridge,King Private Client Group,Merrill Lynch,2438283,Steve,King,sking@merrlync.com,553.787.3896,"2097 Cedar St, Portland, OR, 97201",Portland,OR,97201,356.9
SRA0003896,Broadridge,Cook Invest Group,Edward Jones,2016959,Dottie,Cook,dottie.cook@edwajone.net,552.278.9384,"2866 Oak Ct, Orlando, FL, 32801",Orlando,FL,32801,122.2
SRA0003897,Broadridge,Anderson Adv Group,Mesirow Financial,6706556,Timmy,Anderson,andersont@mesi.com,+14297306028,"7248 Washington Blvd, Austin, TX, 78701",Austin,TX,78701,135.5
SRA0003898,Broadridge,Davis Family Wealth Group,Janney Montgomery Scott,8227715,Laura,Davis,davisl@jannmontsc.com,+15727827128,"9511 Elm Rd, Ste 2117, Denver, CO, 80201",Denver,CO,80201,255.8
SRA0003899,Broadridge,Cook Financial Advisory Group,Dynasty Financial Partners,2207248,M.,Cok,m..cok@dynapart.net,2719458168,"2350 Pine Dr, Ste 841, Philadelphia, PA, 19101",Philadelphia,PA,19101,137.7
SRA0003900,Broadridge,Martinez Fam Wealth Group,Piper Sandler,8969909,K.,Martinez,k..martinez@pipesand.net,+13857091876,"2476 Cedar Ln, Ste 3318, Orlando, FL, 32801",Orlando,FL,32801,
SRA0003901,Broadridge,Lee Wealth Mgmt Grp,Wells Fargo Advisors,1313614,Tim,Lee,tlee@wellfargad.com,982-792-2419,"4979 Park Ave, New York, NY, 10001",New York,NY,10001,29.7
SRA0003902,Broadridge,Allen Asset Management Group,UBS Financial Services,2516488,Barb,Allen,barb.allen@ubs.net,8932709456,"9734 Elm Dr, Ste 3467, Phoenix, AZ, 85001",Phoenix,AZ,85001,123.5
SRA0003903,Broadridge,Robinson Fam Wealth Group,DynastyFinancial Partners,4012913,Dave,Robinson,dave.robinson@dynapart.net,741-661-8558,"1194 Washington St, Ste 3595, Memphis, TN, 38101",Memphis,TN,38101,64.7
SRA0003904,Broadridge,Reed Adv Grp,Piper Sandler,1115426,Jen,Reed,jreed@pipesand.com,214-959-8932,"7519 Capital Way, Ste 3041, Salt Lake City, UT, 84101",Salt Lake City,UT,84101,165.7
SRA0003905,Broadridge,Morris Fin Group,Morgan Stanley,,Sharon,Morris,morriss@morgstan.com,9868012075,"3084 Market Rd, Austin, TX, 78701",Austin,TX,78701,291.2
SRA0003906,Broadridge,Thomas Wealth Advs,Mesirow Financial,6622406,Marc,Thomas,mthomas@mesi.com,,"4142 Lake Blvd, Philadelphia, PA, 19101",Philadelphia,PA,19101,125.5
SRA0003907,Broadridge,Allen Financial Advisory Group,Morgan Stanley,6558397,Steve,Allen,sallen@morgstan.com,2652099610,"8602 Capital Blvd, Hartford, CT, 06101",Hartford,CT,06101,43.6
SRA0003908,Broadridge,Gonzalez Adv Group,Merrill Lync,9983037,J.,Gonzalez,jgonzalez@merrlync.com,+15324492313,"5564 Capital Way, Ste 3474, Charlotte, NC, 28201",Charlotte,NC,28201-2279,25.3
SRA0003909,Broadridge,Johnson Priv Client Group,Steward Partners,9378850,Ashley,Johnson,ajohnson@stewpart.com,(707) 710-6416,"3870 Market Ct, Ste 1942, Boston, MA, 02101",Boston,MA,02101,420.7
SRA0003910,Broadridge,Lewis Private Wealth Group,Janney Montgomery Scott,8911680,Babs,Lewis,blewis@jannmontsc.com,(736) 281-2834,"190 Maple Way, Ste 2588, Charlotte, NC, 28201",Charlotte,NC,28201,92.0
SRA0003911,Broadridge,Cook Asset Mgmt Grp,Ameriprise Financial,2510177,J.,Cook,,6297732455,"5652 Pine Way, Ste 570, San Diego, CA, 92101",San Diego,CA,92101,25.9
SRA0003912,Broadridge,Murphy Wealth Advisors,Morgan Stanley,6724266,Jon,Murphy,jon.murphy@morgstan.net,+13188137172,"4729 Financial Blvd, Ste 202, Charlotte, NC, 28201",Charlotte,NC,28201,
SRA0003913,Broadridge,Collins Wealth Solutions Group,UBS Financial Services,9683812,Ashley,Collins,acollins@ubs.com,+15003676244,"2645 Lake Way, Dallas, TX, 75201",Dallas,TX,75201,94.3
SRA0003914,Broadridge,Price Wealth Mgmt Group,LPL Financial,9180731,Joe,Price,joe.price@lpl.net,403-904-1400,"8668 Broadway Rd, Ste 2285, Minneapolis, MN, 55401",Minneapolis,MN,55401,286.3
SRA0003915,Broadridge,Clark Private Client Group,Edward Jones,7061849,Susie,Clark,sclark@edwajone.com,,"3710 Pine Way, Seattle, WA, 98101",Seattle,WA,98101,104.9
SRA0003916,Broadridge,Wright Fin Advisory Group,LPL Financial,5628150,Cynthia,Wright,cwright@lpl.com,+16257804594,,Atlanta,GA,30301,952.4
SRA0003917,Broadridge,Harris Asset Mgmt Group,Rockefeller Capital Management,6167692,Linda,aHrris,,(435) 776-9154,"1979 Market Ct, Ste 1218, Kansas City, MO, 64101",Kansas City,MO,64101,433.3
SRA0003918,Broadridge,Wright Cap Group,Rockefeller Capital Management,6137510,Amy,Wright,amy.wright@rockcapi.net,2006277439,"8483 Capital Ln, Ste 987, Nashville, TN, 37201",Nashville,TN,37201,215.5
SRA0003919,Broadridge,Harris Fin Grp,Piper Sandler,1504930,Jenny,Harris,jenny.harris@pipesand.net,+12753009862,"8018 Elm Ave, New York, NY, 10001",New York,NY,10001,39.8
SRA0003920,Broadridge,Foster Private Client Group,LPL Financial,6936922,Barb,Foster,fosterb@lpl.com,638.842.6594,"7331 Elm Dr, Ste 2832, San Francisco, CA, 94101",San Francisco,CA,94101,322.0
SRA0003921,Broadridge,Foster Wealth Management Team,Morgan Stanley,,Tim,Foster,tfoster@morgstan.com,+14499868064,"4436 Oak Way, Ste 3973, Chicago, IL, 60601",Chicago,IL,60601,264.3
SRA0003922,Broadridge,Campbell AdvG rp,UBS Financial Services,9183998,Bob,Campbell,bob.campbell@ubs.net,+14475621586,"3860 Maple Ct, Los Angeles, CA, 90001",Los Angeles,CA,90001-4532,174.4
SRA0003923,Broadridge,Morris WM Team,Stifel Financial,4062599,Sarah,Morris,morriss@stif.com,+13687396124,"5811 Jefferson Dr, Denver, CO, 80201",Denver,CO,80201,873.6
SRA0003924,Broadridge,Turner Wealth Sol Group,Merrill Lynch,2556054,J.,Turner,j..turner@merrlync.net,+17098453192,"1731 Maple Ct, Ste 2289, Denver, CO, 80201",Denver,CO,80201,71.6
SRA0003925,Broadridge,Young Wealth Solutions Grp,Merrill Lynch,1340178,Bill,Young,byoung@merrlync.com,(358) 664-2407,"290 Sunset Ct, Ste 1983, Chicago, IL, 60601",Chicago,IL,60601,2056.9
SRA0003926,Broadridge,Powell Private Client Group,Morgan Stanley,4639503,Timmy,Powell,timmy.powell@morgstan.net,(236) 804-5187,"7516 Financial Pl, Ste 2210, Orlando, FL, 32801",Orlando,FL,32801,2108.3
SRA0003927,Broadridge,Simmons Private Wealth Group,Ameriprise Financial,,K.,Simmons,ksimmons@amer.com,,"5312 Lake Way, Orlando, FL, 32801",Orlando,FL,32801,3039.4
SRA0003928,Broadridge,Young Wealth Management Group,RBC Wealth Management,2662529,Tony,Young,tony.young@rbc.net,,"2484 Park Ln, Denver, CO, 80201",Denver,CO,80201,206.7
SRA0003929,Broadridge,Miller Wealth Advisors,Rockefeller Capital Management,2639477,Tom,Miller,tmiller@rockcapi.com,510-595-6700,"6818 Jefferson Dr, Ste 2121, Richmond, VA, 23220",Richmond,VA,2322,43.7
SRA0003930,Broadridge,King WA,RBC Wealth Management,8649392,Nancy,King,kingn@rbc.com,,"4182 Park Rd, Miami, FL, 33101",Miami,FL,33101,239.3
SRA0003931,Broadridge,Gonzales Cap Group,Ameriprise Financial,6041949,Bryan,Gonzales,bgonzales@amer.com,(669) 981-7628,"6341 Oak St, Boston, MA, 02101",Boston,MA,02101,531.6
SRA0003932,Broadridge,Brooks Fin Group,Merrill Lynch,7385420,M.,Brooks,mbrooks@merrlync.com,+13108214709,"6120 Commerce Ave, Ste 1318, Boston, MA, 02134",Boston,MA,02134,
SRA0003933,Broadridge,Mitchell Wealth Solutions Grp,HighTower,7737955,Babs,Mitchell,mitchellb@high.com,(543) 645-1127,,Los Angeles,CA,90025,4057.5
SRA0003934,Broadridge,Green PC Group,Piper Sandler,7049142,Karen,Green,kgreen@pipesand.com,577.638.2089,"2629 Park Ln, Ste 435, Baltimore, MD, 21201",Baltimore,MD,21201,712.8
SRA0003935,Broadridge,Thompson Wealth Management Group,HighTower,9098787,Tommy,Thompson,tthompson@high.com,6403685428,"2797 Main Ave, Ste 547, New York, NY, 10017",New York,NY,10017,113.4
SRA0003936,Broadridge,White Fin Grp,Morgan Stanley,,Tom,White,tom.white@morgstan.net,+13783911400,"8484 Cedar Ln, Denver, CO, 80201",Denver,CO,80201,115.5
SRA0003937,Broadridge,Price Wealth Advisors,Steward Partners,4540090,Sandy,Price,sprice@stewpart.com,+14953134923,"7306 Cedar Dr, Ste 2978, Baltimore, MD, 21201",Baltimore,MD,21201,59.7
SRA0003938,Broadridge,Miller Priv Wealth Group,Stifel Financial,5813563,Timmy,Miller,tmiller@stif.com,4402029856,,Boston,MA,02101,530.4
SRA0003939,Broadridge,King Investment Group,Wells Fargo Advisors,1835621,J.,King,kingj@wellfargad.com,(781) 893-7253,"9487 Washington Dr, Boston, MA, 02134",Boston,MA,02134,56.2
SRA0003940,Broadridge,Bell Wealth Advs,Dynasty Financial Partners,6476085,Ashley,Bell,bella@dynapart.com,+15642179670,"8943 Main Way, Ste 1491, Houston, TX, 77001",Houston,TX,77001,1208.5
SRA0003941,Broadridge,Nelson Wealth Part,Ameriprise Financial,4034862,Andy,Nelson,andy.nelson@amer.net,8175986635,"3915 Broadway St, Cincinnati, OH, 45201",Cincinnati,OH,45201,113.6
SRA0003942,Broadridge,Campbell Invest Group,Janney Montgomery Scott,,Ry,Campbell,rcampbell@jannmontsc.com,2214464296,"7010 Financial Dr, Ste 1021, Los Angeles, CA, 90025",Los Angeles,CA,90025,450.4
SRA0003943,Broadridge,Martin WM Team,Wells Fargo Advisors,6802008,Bob,Martin,rmartin@wellfargad.com,505.970.9512,"675 Liberty Ln, Ste 1716, Charlotte, NC, 28201",Charlotte,NC,28201,449.2
SRA0003944,Broadridge,Flores Priv Wealth Group,Dynasty Financial Partners,4310929,M.,Flores,mflores@dynapart.com,(517) 817-3036,"6804 Madison St, Ste 1423, Milwaukee, WI, 53201",Milwaukee,WI,53201,27.3
SRA0003945,Broadridge,Harris Wealth Management Group,Dynasty Financial Partners,6644340,J.,Harris,jharris@dynapart.com,(852) 502-4146,"6821 Elm Dr, Ste 2559, Pittsburgh, PA, 15201",Pittsburgh,PA,15201,706.2
SRA0003946,Broadridge,Flores Wealth Advisors,Raymond James,1682701,Bill,Flores,bflores@raymjame.com,+14227559013,"7722 Washington Ct, Ste 237, Los Angeles, CA, 90001",Los Angeles,CA,90001,142.7
SRA0003947,Broadridge,Murphy Financial Group,Steward Partners,7760312,Emily,Murphy,murphye@stewpart.com,7659938420,"178 Jefferson Way, Memphis, TN, 38101",Memphis,TN,38101,204.8
SRA0003948,Broadridge,Bailey Private Wealth Group,Stifel Financial,4587039,Maggie,Bailey,maggie.bailey@stif.net,(430) 745-2081,"2948 Broadway Blvd, Chicago, IL, 60614",Chicago,IL,60614,174.1
SRA0003949,Broadridge,Garcia Wealth Solutions Group,Wells Fargo Advisors,7038692,Emily,Garcia,emily.garcia@wellfargad.net,(512) 404-4771,"4578 Madison Ct, Los Angeles, CA, 90025",Los Angeles,CA,90025,296.0
SRA0003950,Broadridge,Perry Advisory Group,RBC Wealth Management,9172951,Mary,Perry,perrym@rbc.com,+13825769474,"208 Pine Rd, Phoenix, AZ, 85001",Phoenix,AZ,85001-7375,41.0
SRA0003951,Broadridge,Torres Capital Group,Dynasty Financial Partners,1591801,Linda,Torres,torresl@dynapart.com,409-386-4680,"579 Elm St, Ste 3051, New York, NY, 10017",New York,NY,10017,72.0
SRA0003952,Broadridge,Carter Wealth Solutions Grp,Steward Partners,9514356,Tom,Carter,tcarter@stewpart.com,563.531.6967,"5956 Sunset St, Ste 2663, Los Angeles, CA, 90025",Los Angeles,CA,9002,521.6
SRA0003953,Broadridge,Washington Wealth Solutions Grp,Mesirow Financial,6047704,D.,Washington,dwashington@mesi.com,363-595-7869,"2271 Hill Ln, Ste 2125, Chicago, IL, 60614",Chicago,IL,60614,74.0
SRA0003954,Broadridge,Washington Wealth Sol Group,Merrill Lynch,,Donna,Washington,dwashington@merrlync.com,713-241-1874,"2928 Liberty Way, Cincinnati, OH, 45201",Cincinnati,OH,45201,249.0
SRA0003955,Broadridge,Sanchez WA,Baird,9826044,Rich,Sancehz,rsancehz@bair.com,806.567.7628,"4357 Cedar Rd, Ste 1487, Philadelphia, PA, 19101",Philadelphia,PA,19101,145.5
SRA0003956,Broadridge,Stewart Asset Mgmt Group,Rockefeller Capital Management,3934492,D.,Stewart,d..stewart@rockcapi.net,5666196637,"6307 Park Dr, Ste 1154, New York, NY, 10001",New York,NY,10001,128.9
SRA0003957,Broadridge,Flores Adv Grp,Steward Partners,2015456,S.,Flores,sflores@stewpart.com,225-978-1507,"402 Elm Ln, Ste 3842, Milwaukee, WI, 53201",Milwaukee,WI,53201,472.8
SRA0003958,Broadridge,Taylor Fam Wealth Group,Mesirow Financial,3228857,A.,Taylor,ataylor@mesi.com,582-885-7069,"7715 Commerce Pl, Ste 555, New York, NY, 10017",New York,NY,10017,95.4
SRA0003959,Broadridge,Foster Investment Group,Hightower Advisors,2568086,Tom,Foster,tom.foster@highadvi.net,6959523874,"7968 Lake Blvd, Ste 3007, Atlanta, GA, 30301",Atlanta,GA,30301,539.1
SRA0003960,Broadridge,Davis Wealth Solutions Group,Stifel Financial,2446973,Steve,Davis,daviss@stif.com,,"1814 Jefferson Ave, Hartford, CT, 06101",Hartford,CT,06101,157.4
SRA0003961,Broadridge,Sanders WA,Hightower Advisors,3562721,Drew,Sanders,asanders@highadvi.com,593.441.9701,"2080 Lincoln Ln, Ste 1535, Cincinnati, OH, 45201",Cincinnati,OH,45201,25.6
SRA0003962,Broadridge,Sanders Priv Wealth Group,Mesirow Financial,9747304,Jimmy,Sanders,jimmy.sanders@mesi.net,+16882474633,"8421 Elm Ln, Miami, FL, 33101",Miami,FL,33101,891.8
SRA0003963,Broadridge,Campbell Fam Wealth Group,Raymond James,,Barb,Campbell,bcampbell@raymjame.com,+18428814790,"4550 Hill Ln, Minneapolis, MN, 55401",Minneapolis,MN,55401,83.4
SRA0003964,Broadridge,Clark Capital Group,Stifel Financial,6674932,Sharon,Clark,sclark@stif.com,781.324.5086,"1616 Pine St, Ste 3285, Kansas City, MO, 64101",Kansas City,MO,64101,220.7
SRA0003965,Broadridge,Perez Wealth Solutions Grp,UBS Financial Services,6962647,Tommy,Perez,tommy.perez@ubs.net,753-745-2183,"2687 Washington Way, Pittsburgh, PA, 15201",Pittsburgh,PA,15201,847.2
SRA0003966,Broadridge,Turner Wealth Mgmt Group,Piper Sandler,2696520,Linda,Turner,turnerl@pipesand.com,273-452-6385,"2705 Elm Rd, Denver, CO, 80201",Denver,CO,80201,1317.2
SRA0003967,Broadridge,Torres Fam Wealth Group,Janney Montgomery Scott,2341633,Sandy,Torres,sandy.torres@jannmontsc.net,,"1683 Oak Ave, Seattle, WA, 98101",Seattle,WA,98101-7178,2241.0
SRA0003968,Broadridge,Lee Fam Wealth Group,Ameriprise Financial,5907928,Deborah,Lee,dlee@amer.com,2804843957,"3651 Lincoln Rd, Ste 1229, Kansas City, MO, 64101",Kansas City,MO,64101,442.3
SRA0003969,Broadridge,Scott Wealth Sol Group,Janney Montgomery Scott,4889008,Sandy,Scott,sscott@jannmontsc.com,975.856.4174,"83 Pine Way, Ste 1174, Las Vegas, NV, 89101",Las Vegas,NV,89101,872.1
SRA0003970,Broadridge,Ramirez Wealth Mgmt Group,Oppenheimer & Co,2561037,Carol,Ramirz,cramirez@oppe.com,(511) 695-3623,"2844 Cedar Ln, Ste 3975, Kansas City, MO, 64101",Kansas City,MO,64101,147.7
SRA0003971,Broadridge,Evans Wealth Management Team,Baird,2652284,Jess,Evans,jevans@bair.com,760-877-1255,"5463 Lake St, Ste 1431, Minneapolis, MN, 55401",Minneapolis,MN,55401,470.7
SRA0003972,Broadridge,Gonazles Wealth Advisors,Merrill Lynch,1318907,Linda,Gonzales,gonzalesl@merrlync.com,677-979-7518,"1754 Capital St, San Francisco, CA, 94101",San Francisco,CA,94101,26.9
SRA0003973,Broadridge,Sanders Asset Mgmt Group,Steward Partners,4794323,R.,Sanders,r..sanders@stewpart.net,3033079185,"362 Market Pl, Ste 413, Cleveland, OH, 44101",Cleveland,OH,44101,200.2
SRA0003974,Broadridge,King Wealth Advisors,Dynasty Financial Partners,9153687,J.,King,jking@dynapart.com,,"7104 Broadway St, Portland, OR, 97201",Portland,OR,97201,40.5
SRA0003975,Broadridge,Edwards Family Wealth Grp,Oppenheimer & Co,1387895,Laura,Edwards,edwardsl@oppe.com,(406) 770-7023,"2392 Liberty Ct, Ste 2606, Dallas, TX, 75201",Dallas,TX,75201-5456,200.9
SRA0003976,Broadridge,Davis Wealth Solutions Group,UBS Financial Services,2399014,A.,Davis,davisa@ubs.com,+18825761296,"6537 Market Ct, Ste 532, Minneapolis, MN, 55401",Minneapolis,MN,55401,51.3
SRA0003977,Broadridge,Coleman WM Team,UBS Financial Services,4350526,Sue,Coleman,colemans@ubs.com,+14787231911,"9167 River Ave, Indianapolis, IN, 46201",Indianapolis,IN,46201,1094.4
SRA0003978,Broadridge,Evans Fam Wealth Group,Oppenheimer & Co,2679897,Laura,Evans,laura.evans@oppe.net,(912) 589-6184,"4759 Main Blvd, Ste 3302, Baltimore, MD, 21201",Baltimore,MD,21201,200.8
SRA0003979,Broadridge,Foster Financial Advisory Group,Stifel Financial,7419416,Donna,Foster,donna.foster@stif.net,+18018336637,"7568 Maple Dr, Hartford, CT, 06101",Hartford,CT,06101,442.6
SRA0003980,Broadridge,Rivera Wealth Management Group,Mesirow Financial,,Mel,Rivera,mrivera@mesi.com,(760) 499-6695,"1077 Liberty Blvd, Ste 1209, Houston, TX, 77001",Houston,TX,77001,1284.4
SRA0003981,Broadridge,Lewis Asset Management Group,Hightower Advisors,,Danny,Lewis,dlewis@highadvi.com,4077502888,"4842 Lincoln Way, Richmond, VA, 23220",Richmond,VA,23220,25.2
SRA0003982,Broadridge,Smith Cap Grp,Dynasty Financial Partners,3419470,P.,Smith,psmith@dynapart.com,776-364-3467,"5727 Financial Rd, Ste 1844, Portland, OR, 97201",Portland,OR,97201,34.8
SRA0003983,Broadridge,Johnson Fin Group,Janney Montgomery Scott,1277570,Betty,Jonson,bjohnson@jannmontsc.com,+14466676302,"3961 Broadway Ln, Ste 3329, Seattle, WA, 98101",Seattle,WA,9810,815.1
SRA0003984,Broadridge,Bailey PW Group,Hightower Advisors,5368033,Amy,Bailey,,+17283258243,"846 Lake Way, Ste 2491, Detroit, MI, 48201",Detroit,MI,48201,129.7
SRA0003985,Broadridge,Flores Asset Management Group,HighTower,2179598,Tommy,Flores,tflores@high.com,+16394178405,"8570 Main St, Ste 3828, Salt Lake City, UT, 84101",Salt Lake City,UT,84101,200.8
SRA0003986,Broadridge,Smith Private Client Group,Edward Jones,9190792,Charlie,Smith,smithc@edwajone.com,+12029858214,"7801 Oak Ave, Ste 788, Seattle, WA, 98101",Seattle,WA,98101,65.2
SRA0003987,Broadridge,Jenkins Wealth Sol Group,Ameriprise Financial,6715585,Mary,Jenkins,mjenkins@amer.com,(882) 951-5317,"2409 Broadway St, Los Angeles, CA, 90001",Los Angeles,CA,90001,23.4
SRA0003988,Broadridge,Wilson Wealth Solutions Group,Hightower Advisors,2017386,Tony,Wilson,twilson@highadvi.com,(442) 995-5563,"3082 Main Pl, Ste 3470, Richmond, VA, 23220",Richmond,VA,23220,26.4
SRA0003989,Broadridge,Peterson Wealth Mgmt Group,LPL Financial,3214918,M.,Petterson,pettersonm@lpl.com,7058526867,,Nashville,TN,37201,72.4
SRA0003990,Broadridge,Murphy Adv Group,Ameriprise Financial,8370940,Karen,Murphy,kmurphy@amer.com,+14647593559,"2798 Washington Blvd, San Diego, CA, 92101",San Diego,CA,92101,1378.5
SRA0003991,Broadridge,Miller Capital Group,Oppenheimer & Co,5527994,Cynthia,Miller,cmiller@oppe.com,(553) 226-2366,"1150 Jefferson St, Boston, MA, 02134",Boston,MA,02134,849.1
SRA0003992,Broadridge,Henderson Private Client Group,Ameriprise Financial,1885490,A.,Henderson,ahenderson@amer.com,(667) 606-3926,"1659 Main Way, Hartford, CT, 06101",Hartford,CT,06101,1103.5
SRA0003993,Broadridge,Foster Wealth Mgmt Team,Edward Jones,,Tim,Foster,tfoster@edwajone.com,6803841304,"2564 Oak Way, Ste 3310, Hartford, CT, 06101",Hartford,CT,06101,762.2
SRA0003994,Broadridge,Jones Fin Adv Group,Dynasty Financial Partners,5984481,Will,Jones,jonesw@dynapart.com,+12048806636,"7137 Market Way, Ste 3988, Philadelphia, PA, 19101",Philadelphia,PA,19101,360.9
SRA0003995,Broadridge,Phillips Private Client Group,Wells Fargo Advisors,5648602,Mandy,Phillips,mphillips@wellfargad.com,+19776683252,"8063 Washington Ave, Ste 2375, Atlanta, GA, 30301",Atlanta,GA,30301,
SRA0003996,Broadridge,Jones Wealth Mgmt Group,Oppenheimer & Co,8430851,Pat,Jones,pjones@oppe.com,+14884946797,,Charlotte,NC,28201,208.8
SRA0003997,Broadridge,Torres Wealth Sol Group,Raymond James,3425822,Matt,Torres,mtorres@raymjame.com,+12933015561,"406 Lincoln Ct, Philadelphia, PA, 19101",Philadelphia,PA,19101-6570,269.2
SRA0003998,Broadridge,Edwards Wealth Solutions Group,Piper Sandler,9298261,Angela,Edwards,edwardsa@pipesand.com,(258) 396-9480,,Louisville,KY,40201,756.5
SRA0003999,Broadridge,King Investment Group,Raymond James,7980765,Kim,King,kking@raymjame.com,(883) 504-3190,"2101 Cedar Rd, Los Angeles, CA, 90025",Los Angeles,CA,90025,861.0
SRA0004000,Broadridge,Simmons Wealth Mgmt Grp,Stifel Financial,7040607,Timmy,Simmons,timmy.simmons@stif.net,+13664692920,,Charlotte,NC,28201,1079.0
SRA0004001,Broadridge,Flores Capital Group,Oppenheimer & Co,9071332,Jay,Flores,jflores@oppe.com,281.712.1688,"1475 Cedar St, Ste 1087, Louisville, KY, 40201",Louisville,KY,40201,29.4
SRA0004002,Broadridge,Hill Fin Adv Group,Raymond James,6924756,Chris,Hill,chill@raymjame.com,(404) 918-3224,"4649 Hill Blvd, Ste 1734, Portland, OR, 97201",Portland,OR,97201,633.5
SRA0004003,Broadridge,Nguyen Fin Group,Piper Sandler,4806747,Donna,Nguyen,dnguyen@pipesand.com,(692) 622-6790,"3351 Capital Pl, Ste 235, St. Louis, MO, 63101",St. Louis,MO,63101,171.8
SRA0004004,Broadridge,Morris Private Wealth Group,Steward Partners,1285659,Kenny,Morris,kenny.morris@stewpart.net,+17552509158,"5865 Oak Rd, Ste 3922, Chicago, IL, 60614",Chicago,IL,60614,195.2
SRA0004005,Broadridge,Wright Wealth Management Team,Janney Montgomery Scot,6005290,Kenny,Wright,kenny.wright@jannmontsc.net,(379) 945-3445,"715 Commerce Rd, Ste 110, Portland, OR, 97201",Portland,OR,97201,340.2
SRA0004006,Broadridge,Gonzalez Asset Management Group,Raymond James,,Shelly,Gonzalez,shelly.gonzalez@raymjame.net,7875657035,"9348 Elm Ln, Ste 2944, Tampa, FL, 33601",Tampa,FL,33601,221.1
SRA0004007,Broadridge,Edwards WP,Piper Sandler,2447210,Joe,Edwards,jedwards@pipesand.com,311.861.8706,"5 Washington Blvd, Ste 2846, Seattle, WA, 98101",Seattle,WA,98101,196.3
SRA0004008,Broadridge,Hughes Private Wealth Group,Janney Montgomery Scott,2187851,Chuck,Hughes,hughesc@jannmontsc.com,4934732984,"7697 Financial Blvd, Detroit, MI, 48201",Detroit,MI,48201,290.9
SRA0004009,Broadridge,Martinez Wealth Sol Group,Stifel Financial,,Kev,Martinez,,+16187669169,"2913 Madison Ave, Ste 1060, Chicago, IL, 60601",Chicago,IL,60601,2465.3
SRA0004010,Broadridge,Thompson WP,Wells Fargo Advisors,5318856,Jimmy,Thompson,jimmy.thompson@wellfargad.net,5582424344,"5940 River Way, Richmond, VA, 23220",Richmond,VA,23220,1439.8
SRA0004011,Broadridge,Sanchez Fin Adv Group,Wells Fargo Advisors,2249935,D.,Sanchez,d..sanchez@wellfargad.net,(939) 389-6084,"3242 Lake Way, Ste 1690, Miami, FL, 33101",Miami,FL,33101,484.7
SRA0004012,Broadridge,Bennett Priv Wealth Group,Wells Fargo Advisors,2313140,Deborah,Bennett,bennettd@wellfargad.com,5424325521,"4225 Main Way, Ste 3538, Atlanta, GA, 30301",Atlanta,GA,30301,32.9
SRA0004013,Broadridge,Foster Priv Client Group,Wells Fargo Advisors,5617487,Tim,Foster,tim.foster@wellfargad.net,810.771.5610,"4224 Lincoln Rd, Ste 919, New York, NY, 10001",New York,NY,10001,33.4
SRA0004014,Broadridge,Davis Fam Wealth Group,Merrill Lynch,2829092,Cynthia,Davis,cdavis@merrlync.com,406.901.4094,"6054 Park Dr, Austin, TX, 78701",Austin,TX,78701,4206.0
SRA0004015,Broadridge,Collins Investment Group,HighTower,1053928,Amy,Collins,acollins@high.com,(659) 879-6731,"6333 Sunset Ct, Ste 1443, Las Vegas, NV, 89101",Las Vegas,NV,89101,114.8
SRA0004016,Broadridge,Gonzales Advisory Group,RBC Wealth Management,7303337,Jen,Gonzales,jgonzales@rbc.com,290.344.4255,"5577 Market Pl, Hartford, CT, 06101",Hartford,CT,06101,781.1
SRA0004017,Broadridge,Cook Wealth Management Group,LPL Financial,9872495,Jim,Cook,jim.cook@lpl.net,(521) 595-5068,"6337 Jefferson Way, Ste 500, Kansas City, MO, 64101",Kansas City,MO,64101,658.9
SRA0004018,Broadridge,Bennett Private Client Group,Piper Sandler,7652613,Donna,Bennett,dbennett@pipesand.com,4524099926,"9460 Lincoln Rd, Ste 194, Austin, TX, 78701",Austin,TX,78701,71.5
SRA0004019,Broadridge,Hernandez WM Team,Edward Jones,4201221,Meg,Hernandez,mhernandez@edwajone.com,832-432-5252,"2641 Lincoln Blvd, Ste 3152, Miami, FL, 33101",Miami,FL,33101,479.2
SRA0004020,Broadridge,Flores Family Wealth Grp,Mesirow Financial,5022251,Drew,Florres,aflores@mesi.com,545.711.9560,"2597 Capital Blvd, Ste 3155, Orlando, FL, 32801",Orlando,FL,32801,211.4
SRA0004021,Broadridge,Taylor WP,RBC Wealth Management,9674498,Kate,Taylor,kate.taylor@rbc.net,+15194205059,"9676 Park Way, Ste 2966, Detroit, MI, 48201",Detroit,MI,48201,379.7
SRA0004022,Broadridge,Collins Advisory Group,LPL Financial,5960542,Becca,Collins,rcollins@lpl.com,(681) 915-9229,"7713 Lake Rd, Denver, CO, 80201",Denver,CO,8020,80.4
SRA0004023,Broadridge,Butler Wealth Solutions Group,Merrill Lynch,7901963,Timmy,Butler,timmy.butler@merrlync.net,+17165946907,"9544 Elm Pl, Ste 2545, Dallas, TX, 75201",Dallas,TX,7520,80.1
SRA0004024,Broadridge,Richhardson Wealth Sol Group,Wells Fargo Advisors,,Kathy,Richardson,krichardson@wellfargad.com,732-333-8546,"8118 Maple Rd, Louisville, KY, 40201",Louisville,KY,40201,
SRA0004025,Broadridge,Bryant Investment Group,Dynasty Financial Partners,7698531,Lisa,Bryant,bryantl@dynapart.com,(504) 517-8297,"7713 Elm Ave, Ste 2158, Denver, CO, 80201",Denver,CO,80201,115.8
SRA0004026,Broadridge,Patterson Investment Group,Hightower Advisors,8418392,Tom,Patterson,tpatterson@highadvi.com,,"478 Lake Rd, Ste 3930, San Francisco, CA, 94101",San Francisco,CA,94101,451.7
SRA0004027,Broadridge,Ward Fin Group,HighTower,9009453,Dan,Ward,dward@high.com,5139696051,"7268 Sunset Way, Dallas, TX, 75201",Dallas,TX,75201,569.8
SRA0004028,Broadridge,Williams Asset Mgmt Grp,Piper Sandler,,G.,Williams,gwilliams@pipesand.com,576.726.2963,,Dallas,TX,75201,230.3
SRA0004029,Broadridge,Nelson Financial Group,UBS Financial Services,4053906,Maggie,Nelson,mnelson@ubs.com,9194707132,"2455 Lake St, Ste 2174, Cincinnati, OH, 45201",Cincinnati,OH,45201,121.7
SRA0004030,Broadridge,Thompson WM Team,Dynasty Financial Partners,7746677,Kathy,Thompson,kathy.thompson@dynapart.net,658.444.5070,"5998 Park Pl, Ste 2688, Louisville, KY, 40201",Louisville,KY,40201,40.4
SRA0004031,Broadridge,Ramirez Priv Wealth Group,Raymond James,2246144,Emily,Ramirez,ramireze@raymjame.com,+16512876797,"5834 Broadway Way, Ste 2538, New York, NY, 10001",New York,NY,10001,221.4
SRA0004032,Broadridge,Thomas Wealth Solutions Group,Piper Sandler,8099285,Betty,Thomas,betty.thomas@pipesand.net,,"9135 Madison Dr, Ste 3444, Boston, MA, 02101",Boston,MA,02101,626.0
SRA0004033,Broadridge,Walker Priv Wealth Group,Merrill Lynch,5082595,Mike,Walker,mwalker@merrlync.com,7286371883,"2089 Madison Ct, Ste 577, Detroit, MI, 48201",Detroit,MI,48201-4118,415.6
SRA0004034,Broadridge,Bailey Wealth Management Group,Ameriprise Financial,7820946,Kev,Bailey,kev.bailey@amer.net,5397596337,"2990 Elm Ct, Ste 2021, Denver, CO, 80201",Denver,CO,80201,366.2
SRA0004035,Broadridge,Thomas Fin Adv Group,Mesirow Financial,8001320,K.,Thomas,kthomas@mesi.com,,"4819 Pine St, Charlotte, NC, 28201",Charlotte,NC,28201,222.3
SRA0004036,Broadridge,Cook CapGroup,Morgan Stanley,1844852,Karen,Cook,kcook@morgstan.com,9086842176,"2845 River Dr, Philadelphia, PA, 19101",Philadelphia,PA,19101,94.0
SRA0004037,Broadridge,Gonzalez Wealth Solutions Grp,Baird,5365783,Rick,Gonzalez,gonzalezr@bair.com,844-230-3252,"7197 Commerce Blvd, Ste 1582, Cincinnati, OH, 45201",Cincinnati,OH,45201,71.4
SRA0004038,Broadridge,Anderson Wealth Mgmt Grp,RBC Wealth Management,6884602,Bill,Anderson,wanderson@rbc.com,+13953132221,"7105 Liberty Rd, Louisville, KY, 40201",Louisville,KY,40201,1624.0
SRA0004039,Broadridge,Taylor Asset Management Group,Raymond James,8090437,B.,Taylor,,2299038868,,Philadelphia,PA,19101,95.9
SRA0004040,Broadridge,Morgan Wealth Advs,Merrill Lynch,1167187,Eddie,Morgan,morgane@merrlync.com,638.254.6627,"982 Jefferson Ln, Ste 491, Orlando, FL, 32801",Orlando,FL,3280,1469.0
SRA0004041,Broadridge,Robinson Adv Group,Edward Jones,5931124,Barb,Robinson,brobinson@edwajone.com,,"7444 Capital St, Ste 3836, New York, NY, 10017",New York,NY,10017,644.6
SRA0004042,Broadridge,Alexander WP,LPL Financial,8625510,J.,Alexander,jalexander@lpl.com,394-956-3399,"4765 Jefferson Ave, Ste 2842, Houston, TX, 77001",Houston,TX,77001,41.1
SRA0004043,Broadridge,Martin Wealth Advisors,Stifel Financial,5924723,C.,Martin,martinc@stif.com,+17653063266,,Chicago,IL,60601,259.0
SRA0004044,Broadridge,Ward WP,RBC Wealth Management,5024264,Geo,Ward,wardg@rbc.com,(749) 409-7717,"8202 Commerce Rd, Ste 3032, Kansas City, MO, 64101",Kansas City,MO,64101,575.0
SRA0004045,Broadridge,Wood Wealth Partners,Ameriprise Financial,1866354,Cynthia,Wood,cwood@amer.com,,"6141 Broadway Way, Ste 524, Columbus, OH, 43201",Columbus,OH,43201,134.7
SRA0004046,Broadridge,Ross Fin Grp,RBC Wealth Management,5278214,Angela,Ross,aross@rbc.com,831-422-1081,"7585 Liberty Ct, Ste 1961, Philadelphia, PA, 19101",Philadelphia,PA,19101-8978,123.9
SRA0004047,Broadridge,Allen Wealth Advs,HighTower,9058330,Steve,Allen,sallen@high.com,+16853176072,"6328 River St, San Francisco, CA, 94101",San Francisco,CA,94101,341.5
SRA0004048,Broadridge,Collins Wealth Sol Group,Merrill Lynch,,Susie,Collins,susie.collins@merrlync.net,455-655-7694,"1104 Oak Ct, Ste 3786, Chicago, IL, 60601",Chicago,IL,60601,116.1
SRA0004049,Broadridge,Price WM Team,Steward Partners,1737297,Dottie,Price,dottie.price@stewpart.net,+14916701053,"8334 Liberty Ln, Ste 3325, Kansas City, MO, 64101",Kansas City,MO,64101,129.9
SRA0004050,Broadridge,Johnson Wealth Mgmt Group,Merrill Lynch,6005912,Sandy,Johnson,sjohnson@merrlync.com,,"3932 Lincoln Pl, Ste 832, San Diego, CA, 92101",San Diego,CA,92101,1180.5
SRA0004051,Broadridge,Adams Asset Management Group,Oppenheimer & Co,4886342,G.,Adamms,,,"9152 Pine St, Chicago, IL, 60614",Chicago,IL,60614-4002,434.6
SRA0004052,Broadridge,Jackson Capital Group,Mesirow Financial,1684129,Matt,Jackson,mjackson@mesi.com,442.658.8727,"7395 Park Ave, Ste 3348, Salt Lake City, UT, 84101",Salt Lake City,UT,84101,106.6
SRA0004053,Broadridge,Green Asset Management Group,LPL Financial,,Mel,Green,mgreen@lpl.com,538.756.6139,"1873 Sunset Ave, St. Louis, MO, 63101",St. Louis,MO,6310,673.5
SRA0004054,Broadridge,Garcia Fam Wealth Group,Merrill Lynch,8935311,P.,Garcia,pgarcia@merrlync.com,+13374328505,"8549 Commerce Ave, Ste 2167, Portland, OR, 97201",Portland,OR,97201,72.9
SRA0004055,Broadridge,Alexander Fam Wealth Group,Morgan Stanley,7098200,Rich,Alexander,ralexander@morgstan.com,(525) 748-8588,"739 Lake Blvd, Ste 2935, Los Angeles, CA, 90001",Los Angeles,CA,90001,55.1
SRA0004056,Broadridge,Morgan Fin Grp,Oppenheimer & Co,,Cynthia,Morgan,cmorgan@oppe.com,334.582.5443,"9627 Madison Way, Ste 3453, Kansas City, MO, 64101",Kansas City,MO,64101,4909.2
SRA0004057,Broadridge,Smith Advisory Group,Edward Jones,,Shelly,Smith,ssmith@edwajone.com,,"5911 Lincoln Ave, Seattle, WA, 98101",Seattle,WA,98101,1953.3
SRA0004058,Broadridge,Gonzales Fn Adv Group,Oppenheimer & Co,9765399,Ronald,Gonzales,ronald.gonzales@oppe.net,+18459863970,"7825 Park Ln, Ste 2409, Orlando, FL, 32801",Orlando,FL,32801-1161,141.2
SRA0004059,Broadridge,King Capital Group,Edward Jones,7764881,Betty,King,bking@edwajone.com,718-739-6436,"8297 Capital Dr, Minneapolis, MN, 55401",Minneapolis,MN,5540,130.7
SRA0004060,Broadridge,Martinez PWG roup,RBC Wealth Management,5988570,Lisa,Martinez,martinezl@rbc.com,329.297.8837,"9913 River Dr, Ste 2930, Charlotte, NC, 28201",Charlotte,NC,28201,2028.1
SRA0004061,Broadridge,Hall Investment Group,Oppenheimer & Co,5332002,Carol,Hall,hallc@oppe.com,+12259946066,"4771 Maple Way, New York, NY, 10001",New York,NY,10001,176.1
SRA0004062,Broadridge,Simmons Asset Mgmt Group,Piper Sandler,9169004,Jay,Simmons,jsimmons@pipesand.com,,,Houston,TX,77001,826.5
SRA0004063,Broadridge,Taylor Fin Adv Group,Wells Fargo Advisors,1360346,P.,Taylor,p..taylor@wellfargad.net,+15838909202,"429 Commerce Rd, Ste 3888, Portland, OR, 97201",Portland,OR,97201,475.0
SRA0004064,Broadridge,Taylor Wealth Advs,Steward Partners,,Donna,Taylor,,+12537129305,"8226 Main Pl, Cincinnati, OH, 45201",Cincinnati,OH,45201,47.3
SRA0004065,Broadridge,Davis Wealth Partners,Rockefeller Capital Management,8460426,Charlie,Davis,charlie.davis@rockcapi.net,(673) 349-3482,"6214 Capital Way, New York, NY, 10017",New York,NY,10017,1174.2
SRA0004066,Broadridge,Stewart Invest Grp,RBC Wealth Management,8320155,Kathy,Stewart,kathy.stewart@rbc.net,+12632916320,"587 Oak Ct, Ste 2375, Austin, TX, 78701",Austin,TX,78701,182.3
SRA0004067,Broadridge,Evans Fam Wealth Group,UBS Financial Services,8028830,Chuck,Evans,cevans@ubs.com,681.261.8050,"8277 Park Pl, Ste 210, Columbus, OH, 43201",Columbus,OH,43201,737.0
SRA0004068,Broadridge,Edwards Adv Grp,Ameriprise Financial,3249398,Carol,Edwards,carol.edwards@amer.net,(881) 533-2500,"9586 Jefferson Dr, Ste 3709, Philadelphia, PA, 19101",Philadelphia,PA,19101,107.6
SRA0004069,Broadridge,Williams Investment Group,Morgan Stanley,3409320,M.,Williams,mwilliams@morgstan.com,580-857-7405,"9292 Maple Rd, Ste 3161, Orlando, FL, 32801",Orlando,FL,32801,289.0
SRA0004070,Broadridge,Brown Wealth Management Group,UBS Financial Services,6831052,Dave,Brown,dave.brown@ubs.net,(961) 719-2115,"6157 Pine Ct, Chicago, IL, 60601",Chicago,IL,6060,155.2
SRA0004071,Broadridge,Flores Cap Group,Steward Partners,2892530,Jess,Flores,,506-565-1283,"1260 Commerce Ave, Ste 2390, Miami, FL, 33101",Miami,FL,33101,9001.0
SRA0004072,Broadridge,Gonzalez Fin Group,Hightower Advisors,3683214,Sharon,Gonzalez,sgonzalez@highadvi.com,268.359.2322,"3935 Washington Ct, Ste 170, Boston, MA, 02101",Boston,MA,02101,155.0
SRA0004073,Broadridge,Roberts Asset Management Group,Morgan Stanley,,S.,Roberts,sroberts@morgstan.com,8036546876,"7555 Park Pl, San Francisco, CA, 94101",San Francisco,CA,94101,640.4
SRA0004074,Broadridge,Edwards Wealth Advs,Stifel Financial,7206564,Geo,Edwards,gedwards@stif.com,341.232.8844,"2071 River Ln, New York, NY, 10017",New York,NY,10017,25.7
SRA0004075,Broadridge,Roberts Fin Grp,Ameriprise Financial,4243471,Pat,Roberts,robertsp@amer.com,(442) 223-9397,"4169 River Rd, Ste 3857, Chicago, IL, 60614",Chicago,IL,60614,114.0
SRA0004076,Broadridge,Mitchell Investment Group,Baird,2192715,Mel,Mitchell,mmitchell@bair.com,465-293-4851,"6424 Washington Blvd, Ste 1391, Boston, MA, 02101",Boston,MA,02101,405.9
SRA0004077,Broadridge,Edwards Priv Wealth Group,Wells Fargo Advisors,4582920,Carol,Edwards,carol.edwards@wellfargad.net,2115568005,"1631 Liberty Dr, Ste 607, Miami, FL, 33101",Miami,FL,33101,587.8
SRA0004078,Broadridge,Moore Private Client Group,LPL Financial,9583736,Pat,Moore,pmoore@lpl.com,,"3462 Sunset Blvd, Kansas City, MO, 64101",Kansas City,MO,64101,177.0
SRA0004079,Broadridge,Price Private Wealth Group,UBS Financial Services,8092834,Bob,Pricce,bob.pricce@ubs.net,(221) 365-1292,"8359 Cedar Ct, Ste 2791, Cincinnati, OH, 45201",Cincinnati,OH,45201,94.6
SRA0004080,Broadridge,Thomas Wealth Management Team,Steward Partners,4421346,Nancy,Thomas,nthomas@stewpart.com,(982) 525-9508,,Phoenix,AZ,85001,73.8
SRA0004081,Broadridge,Butler Wealth Mgmt Group,Steward Partners,9153352,Jenny,Buter,buterj@stewpart.com,8748078137,"8197 Oak Pl, Ste 2127, Richmond, VA, 23220",Richmond,VA,23220,30.1
SRA0004082,Broadridge,Simmons Financial Advisory Group,Dynasty Financial Partners,9129754,Ashley,Simmons,asimmons@dynapart.com,5814613374,"2506 Liberty Ln, Ste 2362, New York, NY, 10017",New York,NY,10017,731.6
SRA0004083,Broadridge,Long PC Group,Hightower Advisors,5549606,Timmy,Long,tlong@highadvi.com,(751) 458-6576,"4542 River Dr, Ste 2421, Charlotte, NC, 28201",Charlotte,NC,28201,594.6
SRA0004084,Broadridge,Alexannder Cap Group,Edward Jones,,Betty,Alexander,alexanderb@edwajone.com,+15528988289,"954 Market Ave, Ste 2041, Seattle, WA, 98101",Seattle,WA,98101,353.7
SRA0004085,Broadridge,Sanders Cap Group,Piper Sandler,7260565,Deborah,Sanders,dsanders@pipesand.com,+17318835392,,Minneapolis,MN,55401,170.6
SRA0004086,Broadridge,Thomas Family Wealth Grp,Morgan Stanley,2952196,Mary,Thomas,mthomas@morgstan.com,2984621232,"2882 Elm Dr, Orlando, FL, 32801",Orlando,FL,32801,737.9
SRA0004087,Broadridge,Sanders Wealth Mgmt Grp,Oppenheimer & Co,3912919,Laura,Sanders,sandersl@oppe.com,+13829786934,"376 Capital Ln, Ste 1881, Pittsburgh, PA, 15201",Pittsburgh,PA,15201,23.6
SRA0004088,Broadridge,Gonzales Adv Group,Ameriprise Financial,7625367,A.,Gonzales,a..gonzales@amer.net,+19379802086,"8735 Maple Pl, Ste 1900, Richmond, VA, 23220",Richmond,VA,23220,182.4
SRA0004089,Broadridge,Evans Financial Advisory Group,Hightower Advisors,1199404,Jeff,Evans,jevans@highadvi.com,,"9519 Broadway Dr, Seattle, WA, 98101",Seattle,WA,98101,365.9
SRA0004090,Broadridge,Collins Fin Grp,Janney Montgomery Scott,8858366,M.,Collins,mcollins@jannmontsc.com,481.633.8169,"4109 Washington Dr, Ste 126, Baltimore, MD, 21201",Baltimore,MD,21201,50.1
SRA0004091,Broadridge,Patterson Wealth Mgmt Group,Mesirow Financial,4347021,Dottie,Patterson,dpatterson@mesi.com,411-399-5767,"3725 Pine Pl, Cleveland, OH, 44101",Cleveland,OH,44101,225.7
SRA0004092,Broadridge,Parker Wealth Management Group,Raymond James,3255739,Drew,Parker,aparker@raymjame.com,(218) 967-2436,"1480 Market Way, Ste 2191, Minneapolis, MN, 55401",Minneapolis,MN,55401,1442.7
SRA0004093,Broadridge,Perez PW Group,Piper Sandler,2541308,Mary,Perez,mperez@pipesand.com,(489) 778-8182,"7207 Lake Ave, Ste 405, Los Angeles, CA, 90001",Los Angeles,CA,90001,927.2
SRA0004094,Broadridge,Taylor Wealth Mgmt Team,Mesirow Financial,4247452,Ashley,Taylor,ataylor@mesi.com,968-312-5433,"8614 Elm Ct, Ste 674, Houston, TX, 77001",Houston,TX,77001,484.6
SRA0004095,Broadridge,Flores Investment Group,RBC Wealth Management,8494289,Timmy,Flores,florest@rbc.com,9513069716,"8662 Madison Ct, Louisville, KY, 40201",Louisville,KY,4020,235.8
SRA0004096,Broadridge,Reed Wealth Solutions Group,RBC Wealth Management,6584843,P.,Reed,p..reed@rbc.net,(671) 313-6099,"7327 Elm Pl, Ste 2861, Minneapolis, MN, 55401",Minneapolis,MN,55401,545.3
SRA0004097,Broadridge,Sanchez Priv Client Group,Wells Fargo Advisors,8112829,Karen,Sanchez,karen.sanchez@wellfargad.net,653-725-2689,"2376 Maple Rd, Ste 3938, Las Vegas, NV, 89101",Las Vegas,NV,89101,578.9
SRA0004098,Broadridge,Lewis Private Wealth Group,Mesirow Financial,1339750,Deborah,Lewis,lewisd@mesi.com,477-894-2687,"4104 River Ct, Ste 1794, Las Vegas, NV, 89101",Las Vegas,NV,89101,370.2
SRA0004099,Broadridge,Phillips PW Group,Ameriprise Financial,1548704,Ant,Phillips,aphillips@amer.com,6084483090,"8287 Lincoln Pl, Ste 1489, Phoenix, AZ, 85001",Phoenix,AZ,85001,61.6
SRA0004100,Broadridge,Bailey Wealth Management Group,Stifel Financial,3515729,Kim,Bailey,kbailey@stif.com,(269) 203-8967,"9678 Market Ct, Ste 1768, Minneapolis, MN, 55401",Minneapolis,MN,55401,1129.0
SRA0004101,Broadridge,Long Cap Grp,Dynasty Financial Partners,4142256,Bill,Long,bill.long@dynapart.net,7057504189,"6368 Liberty St, Orlando, FL, 32801",Orlando,FL,32801,
SRA0004102,Broadridge,Adams Priv Client Group,Oppenheimer & Co,3425103,Kate,Adams,,8599526389,"369 Sunset Ln, Atlanta, GA, 30301",Atlanta,GA,30301,270.1
SRA0004103,Broadridge,Richardson Wealth Sol Group,Hightower Advisors,1193127,Emily,Richardson,richardsone@highadvi.com,(970) 583-6426,"4294 Broadway Ln, Ste 216, Columbus, OH, 43201",Columbus,OH,43201,1134.6
SRA0004104,Broadridge,Ramirez Private Wealth Group,Raymond James,8596083,Barb,Ramirez,bramirez@raymjame.com,296-503-3876,"4658 Washington Ct, Denver, CO, 80201",Denver,CO,80201,49.4
SRA0004105,Broadridge,Thomas PC Group,RBC Wealth Management,9983191,M.,Thomas,m..thomas@rbc.net,765-503-1521,"9368 Madison Way, Ste 1012, Atlanta, GA, 30301",Atlanta,GA,30301-6090,107.0
SRA0004106,Broadridge,Baker Wealth Advisors,RBC Wealth Management,,Sandy,Baker,sbaker@rbc.com,3803541195,"7943 Cedar Ave, St. Louis, MO, 63101",St. Louis,MO,6310,58.7
SRA0004107,Broadridge,Brooks Wealth Advisors,Steward Partners,4085195,M.,Brooks,m..brooks@stewpart.net,+13534759126,"582 Park Blvd, Cleveland, OH, 44101",Cleveland,OH,44101-6536,140.3
SRA0004108,Broadridge,Foster Family Wealth Group,LPL Financial,7515297,Donnie,Foster,donnie.foster@lpl.net,+17505161168,"6701 Lake Blvd, Ste 1045, Los Angeles, CA, 90025",Los Angeles,CA,90025-2186,389.4
SRA0004109,Broadridge,Campbell Wealth Part,Baird,1123547,Angela,Campbell,angela.campbell@bair.net,+12389059687,"2186 Cedar Ln, Ste 3320, Las Vegas, NV, 89101",Las Vegas,NV,89101,136.3
SRA0004110,Broadridge,Lewis WA,Morgan Stanley,1002442,Joe,Lewis,jlewis@morgstan.com,+17245796206,"7961 Oak Ln, Ste 871, Houston, TX, 77001",Houston,TX,77001,138.1
SRA0004111,Broadridge,Smith Invest Group,Piper Sandler,3078241,Steve,Smith,ssmith@pipesand.com,721-339-3976,"2788 Hill Ave, Ste 3016, Tampa, FL, 33601",Tampa,FL,33601-9318,1363.6
SRA0004112,Broadridge,Foster Wealth Partners,Dynasty Financial Partners,1427977,Emily,Foster,emily.foster@dynapart.net,,"3190 Elm Ave, Ste 2466, Chicago, IL, 60601",Chicago,IL,60601,24.6
SRA0004113,Broadridge,Butler WP,Steward Partners,6317450,Kate,Butler,kate.butler@stewpart.net,(237) 376-3252,"1637 Lake Ave, Ste 481, Minneapolis, MN, 55401",Minneapolis,MN,55401,1029.4
SRA0004114,Broadridge,Hernandez Wealth Sol Group,HighTower,3381549,Ashley,Hernandez,ashley.hernandez@high.net,(294) 200-6384,"7855 Market Ln, Denver, CO, 80201",Denver,CO,80201,220.0
SRA0004115,Broadridge,Perry WM Team,Steward Partners,6111457,M.,Perry,mperry@stewpart.com,904-923-3001,"9356 Lincoln Ct, Phoenix, AZ, 85001",Phoenix,AZ,85001,55.6
SRA0004116,Broadridge,Walker WA,Merrill Lynch,2720320,Timmy,Walker,timmy.walker@merrlync.net,(310) 556-5527,"3425 Maple Way, Louisville, KY, 40201",Louisville,KY,40201-4343,40.3
SRA0004117,Broadridge,Powell WM Team,Stifel Financial,9754653,D.,Powell,dpowell@stif.com,3402287658,"4299 Sunset Way, Nashville, TN, 37201",Nashville,TN,37201,69.7
SRA0004118,Broadridge,Brown Adv Grp,HighTower,,Nancy,Brown,nbrown@high.com,+19227064120,"7101 Sunset Blvd, Cincinnati, OH, 45201",Cincinnati,OH,45201,26.6
SRA0004119,Broadridge,Wood Fin Adv Group,Mesirow Financial,6291619,Ant,Wood,wooda@mesi.com,(587) 559-7750,"7608 Capital Ave, Cincinnati, OH, 45201",Cincinnati,OH,45201-3028,
SRA0004120,Broadridge,Martinez Family Wealth Group,Rayymond James,1317614,Jeff,Martinez,martinezj@raymjame.com,299-433-1356,"5705 Financial Pl, Ste 3367, Charlotte, NC, 28201",Charlotte,NC,28201,127.8
SRA0004121,Broadridge,Jenkins Invest Grp,Edward Jones,7644433,Don,Jenkins,djenkins@edwajone.com,769.635.9979,"8349 Broadway Ct, Los Angeles, CA, 90001",Los Angeles,CA,90001,110.9
SRA0004122,Broadridge,White PC Group,Morgan Stanley,6782010,J.,White,jwhite@morgstan.com,495.246.5392,"230 Cedar Way, Boston, MA, 02134",Boston,MA,02134,311.4
SRA0004123,Broadridge,Roberts WA,Hightower Advisors,8244288,Becca,Roberts,rroberts@highadvi.com,(966) 868-3129,"2720 River Ct, Ste 571, St. Louis, MO, 63101",St. Louis,MO,63101,182.3
SRA0004124,Broadridge,Williams Wealth Management Group,Oppenheimer & Co,,Donna,Williams,dwilliams@oppe.com,+19236499999,"1065 Hill Pl, Cleveland, OH, 44101",Cleveland,OH,44101,141.6
SRA0004125,Broadridge,Bryant Invest Group,Oppenheimer & Co,3077920,Maggie,Bryant,mbryant@oppe.com,+13746099408,"1561 River Dr, Ste 1571, Houston, TX, 77001",Houston,TX,77001,363.9
SRA0004126,Broadridge,Ward Wealth Solutions Group,Stifel Financial,3320581,Matt,Ward,mward@stif.com,+16278158433,"8276 Market Dr, Ste 306, New York, NY, 10017",New York,NY,10017,148.9
SRA0004127,Broadridge,Miller Wealth Part,Hightower Advisors,6671065,Cynthia,Miller,cynthia.miller@highadvi.net,(829) 736-1159,"3099 Lake Ln, Ste 2300, Los Angeles, CA, 90001",Los Angeles,CA,90001,111.3
SRA0004128,Broadridge,Washington Wealth Sol Group,Stifel Financial,7128066,Donna,Washington,dwashington@stif.com,476.817.2423,"2992 Market Dr, Ste 500, New York, NY, 10017",New York,NY,10017,106.2
SRA0004129,Broadridge,Flores Wealth Solutions Grp,Dynasty Financial Partners,5931161,Sharon,Flore,sflore@dynapart.com,,"8416 Park Blvd, Salt Lake City, UT, 84101",Salt Lake City,UT,84101,133.1
SRA0004130,Broadridge,Powell Family Wealth Group,Hightower Advisors,7884260,Kev,Powelll,powelllk@highadvi.com,959-424-1057,"4559 Capital Rd, Boston, MA, 02134",Boston,MA,02134,24.7
SRA0004131,Broadridge,Ramirez Family Wealth Group,Stifel Financial,2126577,Johnny,Ramirez,jramirez@stif.com,+16444019951,"9061 Elm Ct, Minneapolis, MN, 55401",Minneapolis,MN,55401,737.4
SRA0004132,Broadridge,Simmons Private Client Group,Baird,9454823,Jim,Simmons,,(805) 945-5625,"6245 Elm Dr, Pittsburgh, PA, 15201",Pittsburgh,PA,15201,358.3
SRA0004133,Broadridge,Carter Wealth Solutions Group,Janney Montgomery Scott,4737250,Jay,Carter,jcarter@jannmontsc.com,844.636.4646,"8 Oak Ln, Orlando, FL, 32801",Orlando,FL,32801,363.4
SRA0004134,Broadridge,Green Wealth Solutions Grp,Dynasty Financial Partners,1213074,M.,Green,greenm@dynapart.com,6698826982,"5399 Madison Ln, Chicago, IL, 60614",Chicago,IL,60614,65.9
SRA0004135,Broadridge,Roberts PW Group,Mesirow Financial,3441797,Kate,Roberts,robertsk@mesi.com,906-716-4197,"6277 Cedar Rd, Milwaukee, WI, 53201",Milwaukee,WI,53201,1513.4
SRA0004136,Broadridge,Roberts Wealth Part,Janney Montgomery Scott,8509743,Donnie,Roberts,donnie.roberts@jannmontsc.net,+13182861912,"6922 Financial Way, Ste 1698, Dallas, TX, 75201",Dallas,TX,75201,23.1
SRA0004137,Broadridge,Wood Invest Group,Edward Jones,8098358,M.,Wood,woodm@edwajone.com,+18153769245,"5171 Pine Rd, Ste 3021, Boston, MA, 02134",Boston,MA,0213,264.5
SRA0004138,Broadridge,Murphy Asset Mgmt Group,HighTower,8505086,Ant,Murphy,ant.murphy@high.net,,"8188 Washington Dr, Las Vegas, NV, 89101",Las Vegas,NV,89101,596.7
SRA0004139,Broadridge,Davis Wealth Management Group,Wells Fargo Advisors,1756994,Emily,Davis,davise@wellfargad.com,576-419-5632,"5486 Oak Dr, Ste 2343, Richmond, VA, 23220",Richmond,VA,23220,885.1
SRA0004140,Broadridge,Long Invest Group,Janney Montgomery Scott,7589461,J.,Long,jlong@jannmontsc.com,(311) 723-6107,"6260 Hill Ct, Cincinnati, OH, 45201",Cincinnati,OH,4520,140.8
SRA0004141,Broadridge,Smith Wealth Advisors,Hightower Advisors,1430284,Ed,Smith,ed.smith@highadvi.net,4085844321,"2769 Hill Blvd, Ste 1865, Las Vegas, NV, 89101",Las Vegas,NV,89101,560.8
SRA0004142,Broadridge,Jackson WM Team,Rockefeller Capital Management,8663461,Danny,Jackson,djackson@rockcapi.com,(429) 619-7345,"5516 Jefferson Way, Ste 2587, Chicago, IL, 60614",Chicago,IL,60614,132.7
SRA0004143,Broadridge,Patterson Family Wealth Group,Morgan Stanley,4276074,Eddie,Patterson,epatterson@morgstan.com,,"6753 Pine Ln, Ste 1871, Indianapolis, IN, 46201",Indianapolis,IN,4620,112.2
SRA0004144,Broadridge,Hughes Wealth Advs,Rockefeller Capital Management,5280681,Bryan,Hughes,hughesb@rockcapi.com,,"6471 Maple Blvd, San Diego, CA, 92101",San Diego,CA,92101-5846,40.9
SRA0004145,Broadridge,Kelly Wealth Sol Group,Ameriprise Financial,2465371,Becca,Kelly,rkelly@amer.com,666-640-5438,,Las Vegas,NV,89101,531.4
SRA0004146,Broadridge,Martinez Financial Group,Merrill Lynch,,Nancy,Martinez,nmartinez@merrlync.com,272-775-5001,"3337 Market St, Ste 151, Kansas City, MO, 64101",Kansas City,MO,64101,1242.9
SRA0004147,Broadridge,Walker Wealth Part,Wells Fargo Advisors,4242553,Nancy,Walker,nancy.walker@wellfargad.net,454-862-1659,"8730 River Ave, Ste 916, San Diego, CA, 92101",San Diego,CA,92101,284.1
SRA0004148,Broadridge,Roberts Capital Group,Morgan Stanley,6160445,Sandy,Roberts,sroberts@morgstan.com,+18327606964,"6828 Financial Ave, Ste 3550, Atlanta, GA, 30301",Atlanta,GA,30301,219.3
SRA0004149,Broadridge,Ward Family Wealth Grp,Dynasty Financial Partners,,Jim,Ward,wardj@dynapart.com,4642565858,"4390 Maple Way, Ste 1762, Austin, TX, 78701",Austin,TX,78701,72.9
SRA0004150,Broadridge,Smith Private Wealth Group,Piper Sandler,9827703,M.,Smith,msmith@pipesand.com,5573987870,,Minneapolis,MN,55401,649.0
SRA0004151,Broadridge,Gray WP,Merrill Lynch,9770842,Jen,Gray,jen.gray@merrlync.net,9269288942,"5902 Market Ln, Philadelphia, PA, 19101",Philadelphia,PA,19101,1409.9
SRA0004152,Broadridge,Hill PW Group,Dynasty Financial Partners,,C.,Hill,hillc@dynapart.com,751.814.3331,"7512 Financial Dr, Ste 1252, Chicago, IL, 60601",Chicago,IL,60601,244.0
SRA0004153,Broadridge,Wright Asset Management Group,Baird,4393114,S.,Wright,swright@bair.com,867-263-3044,"9691 Capital Rd, Ste 406, Cleveland, OH, 44101",Cleveland,OH,44101,517.6
SRA0004154,Broadridge,Rivera WA,Mesirow Financial,7170067,Ashley,Rivera,arivera@mesi.com,+19508557583,"6957 Park Way, Ste 1569, Minneapolis, MN, 55401",Minneapolis,MN,55401,83.4
SRA0004155,Broadridge,Richardson Cap Grp,UBS Financial Services,2497592,Tommy,Richardson,tommy.richardson@ubs.net,,"3255 Commerce Rd, Ste 2677, Las Vegas, NV, 89101",Las Vegas,NV,89101,102.1
SRA0004156,Broadridge,Brooks Family Wealth Grp,Baird,2005900,Ronald,Brooks,rbrooks@bair.com,3175371555,"3972 Lake Dr, Ste 3576, Cincinnati, OH, 45201",Cincinnati,OH,4520,98.5
SRA0004157,Broadridge,Wood Priv Wealth Group,Edward Jones,5393668,Charlie,Wood,cwood@edwajone.com,+13994457056,,Detroit,MI,48201,590.7
SRA0004158,Broadridge,Wood Wealth Sol Group,Raymond Jmaes,9972513,J.,Wood,woodj@raymjame.com,635.202.7224,,Denver,CO,80201,2139.4
SRA0004159,Broadridge,Powell Family Wealth Group,Hightower Advisors,6195212,Shelly,Powell,mpowell@highadvi.com,904.535.4821,"1953 Oak Pl, Ste 2494, Boston, MA, 02134",Boston,MA,02134,794.6
SRA0004160,Broadridge,Brown Asset Management Group,Merrill Lynch,,Mary,Brown,mbrown@merrlync.com,676-513-5323,"3733 Liberty Rd, Los Angeles, CA, 90001",Los Angeles,CA,90001,205.3
SRA0004161,Broadridge,Lewis Wealth Part,Ameriprise Financial,7084852,Carol,Lewis,carol.lewis@amer.net,+18658587974,"3387 Park Way, Ste 2880, Chicago, IL, 60601",Chicago,IL,60601,52.1
SRA0004162,Broadridge,Stewart Wealth Mnagement Group,RBC Wealth Management,,Drew,Stewart,dstewart@rbc.com,229.412.5453,"2097 Oak Way, Ste 3045, San Diego, CA, 92101",San Diego,CA,92101,179.4
SRA0004163,Broadridge,Carter Cap Group,Rockefeller Capital Management,3159325,Ed,Carter,ecarter@rockcapi.com,(830) 412-1892,"432 Broadway Dr, Ste 1083, Austin, TX, 78701",Austin,TX,78701,26.2
SRA0004164,Broadridge,Flores Investment Group,Rockefeller Capital Management,1282868,Angela,Flores,aflores@rockcapi.com,737.730.3737,"6096 Lincoln St, Ste 3785, Charlotte, NC, 28201",Charlotte,NC,28201,284.1
SRA0004165,Broadridge,Hall Wealth Advisors,Stifel Financial,9571601,Rob,Hall,rob.hall@stif.net,,"109 Maple Ct, Salt Lake City, UT, 84101",Salt Lake City,UT,84101,134.9
SRA0004166,Broadridge,Miller Wealth Management Group,Steward Partners,4692546,M.,Miller,mmiller@stewpart.com,787-434-6909,,Tampa,FL,3360,120.0
SRA0004167,Broadridge,Alexander Fin Advisory Group,Aeriprise Financial,7898726,Becca,Alexander,balexander@amer.com,(968) 543-5778,"8611 Liberty Ln, Los Angeles, CA, 90001",Los Angeles,CA,90001,112.3
SRA0004168,Broadridge,Cooper PC Group,Merrill Lynch,7895326,M.,Cooper,cooperm@merrlync.com,436-457-8269,"1304 Madison Pl, Ste 1155, Seattle, WA, 98101",Seattle,WA,98101,160.4
SRA0004169,Broadridge,Powell Wealth Management Group,Steward Partners,5200552,Betty,Powell,bpowell@stewpart.com,556.334.3810,"6073 Market Blvd, Cincinnati, OH, 45201",Cincinnati,OH,45201,119.2
SRA0004170,Broadridge,Torres Wealth Mgmt Grp,Steward Partners,6475273,Rich,Torres,rtorres@stewpart.com,785.377.2584,"8302 Financial Dr, Ste 3017, Philadelphia, PA, 19101",Philadelphia,PA,19101,47.0
SRA0004171,Broadridge,Richardson Cap Group,Rockefeller Capital Management,2099217,B.,Richardson,brichardson@rockcapi.com,762.486.2356,"6295 River Pl, Ste 524, Louisville, KY, 40201",Louisville,KY,40201,199.2
SRA0004172,Broadridge,Peterson Asset Management Group,Mesirow Financial,1501797,Laura,Peterson,lpeterson@mesi.com,5346107739,,Dallas,TX,7520,28.0
SRA0004173,Broadridge,Ramirez Financial Advisory Group,Morgan Stanley,7954879,Jay,Ramirez,jay.ramirez@morgstan.net,5454386492,"7874 Commerce Way, Ste 1985, Cincinnati, OH, 45201",Cincinnati,OH,45201,1008.2
SRA0004174,Broadridge,Brown Financial Advisory Group,RBC Wealth Management,3791618,J.,Brown,j..brown@rbc.net,(483) 529-8036,"1345 Sunset Ln, Ste 2467, Dallas, TX, 75201",Dallas,TX,75201,152.1
SRA0004175,Broadridge,Hill PC Group,Ameriprise Financial,7896707,Steph,Hill,hills@amer.com,725-408-3599,"7879 Jefferson Blvd, Richmond, VA, 23220",Richmond,VA,23220,207.2
SRA0004176,Broadridge,Ross Advisory Group,Morgan Stanley,9136466,Sarah,Ross,sarah.ross@morgstan.net,(312) 228-7122,"9703 Jefferson St, Denver, CO, 80201",Denver,CO,80201,165.8
SRA0004177,Broadridge,Hughes Advisory Group,HighTower,3555815,M.,Hughes,m..hughes@high.net,+17023873111,"4468 Washington Pl, Charlotte, NC, 28201",Charlotte,NC,28201,25.0
SRA0004178,Broadridge,Butler Wealth Management Team,Wells Fargo Advisors,6770245,Emily,Butler,,787-599-8310,"1060 Market Rd, Ste 1199, Boston, MA, 02101",Boston,MA,02101,821.7
SRA0004179,Broadridge,Morgan Cap Grp,Wells Fargo Advisors,4327978,Jeff,Morgan,jmorgan@wellfargad.com,,"2332 Liberty Pl, Ste 1715, Dallas, TX, 75201",Dallas,TX,75201,137.6
SRA0004180,Broadridge,Richardson WM Team,Dynasty Financial Partners,4867328,D.,Richardson,drichardson@dynapart.com,+19029325595,,Hartford,CT,06101,54.3
SRA0004181,Broadridge,Cooper Wealth Partners,RBC Wealth Management,6123554,Maggie,Cooper,mcooper@rbc.com,262-991-9340,,Minneapolis,MN,55401,148.6
SRA0004182,Broadridge,Campbell Fin Grp,Ameriprise Financial,9310797,Lisa,Campbell,lcampbell@amer.com,,"7103 Lincoln Rd, Ste 2232, Columbus, OH, 43201",Columbus,OH,43201,133.2
SRA0004183,Broadridge,Gray Wealth Management Team,Hightower AAdvisors,3182864,Timmy,Gra,tgray@highadvi.com,888-514-2427,"3276 Washington Pl, Ste 3388, Cleveland, OH, 44101",Cleveland,OH,44101,578.1
SRA0004184,Broadridge,Phillips Wealth Solutions Group,Stifel Finanical,2621849,Angela,Phillips,aphillips@stif.com,8158505902,"5082 Hill Ct, Ste 346, Austin, TX, 78701",Austin,TX,78701,260.7
SRA0004185,Broadridge,Richardson Financial Advisory Group,Stifel Financial,,Johnny,Richardson,richardsonj@stif.com,2955238807,"8305 Jefferson Ln, Denver, CO, 80201",Denver,CO,80201,95.1
SRA0004186,Broadridge,Lee Cap Group,Stifel Financial,3114783,Ed,Lee,ed.lee@stif.net,,,Boston,MA,02134,342.1
SRA0004187,Broadridge,Wood PC Group,Raymond James,8023866,Deborah,Wood,dwood@raymjame.com,+15584667014,"6793 Liberty Way, Portland, OR, 97201",Portland,OR,97201-6447,191.5
SRA0004188,Broadridge,Harris Wealth Mgmt Grp,Mesirow Financial,7286706,Kate,Harris,kharris@mesi.com,(933) 573-8922,"5789 Park Ct, Los Angeles, CA, 90025",Los Angeles,CA,90025,349.6
SRA0004189,Broadridge,Flores Advisory Group,Mesirow Financial,8699613,K.,Flores,kflores@mesi.com,+12953058791,"1176 Commerce Rd, Seattle, WA, 98101",Seattle,WA,98101,272.1
SRA0004190,Broadridge,Wilson PC Group,UBS Financial Services,6520088,Lisa,Wilson,lisa.wilson@ubs.net,717-979-2448,"5889 Commerce Ave, Ste 3798, Richmond, VA, 23220",Richmond,VA,23220-8881,1011.8
SRA0004191,Broadridge,Walker PW Group,HighTower,5484929,Tom,Walker,twalker@high.com,+12587158584,"1109 Financial Rd, Ste 1511, Austin, TX, 78701",Austin,TX,78701-3651,547.3
SRA0004192,Broadridge,Thompson Wealth Mgmt Group,Wells Fargo Advisors,2173978,Deborah,Thompson,deborah.thompson@wellfargad.net,7849735774,,New York,NY,10017,232.5
SRA0004193,Broadridge,Sanders Asset Management Group,Morgan Stanley,8452467,Kev,Sanders,sandersk@morgstan.com,(204) 754-7831,"1037 Hill Way, Miami, FL, 33101",Miami,FL,33101,914.0
SRA0004194,Broadridge,Miller Asset Management Group,Raymond James,9494246,Dave,Miller,dave.miller@raymjame.net,(398) 656-7939,"2259 Park Ave, Cincinnati, OH, 45201",Cincinnati,OH,45201,187.8
SRA0004195,Broadridge,Hernandez Wealth Mgmt Grp,Steward Partners,7553608,Joey,Hernandez,jhernandez@stewpart.com,(904) 733-9900,"5404 Washington Rd, Ste 885, Dallas, TX, 75201",Dallas,TX,75201-3225,366.5
SRA0004196,Broadridge,Bailey Wealth Advisors,Edward Jones,5728844,Kathy,Bailey,kbailey@edwajone.com,+16577379573,,Phoenix,AZ,85001,23.9
SRA0004197,Broadridge,Richardson Adv Grp,Rockefeller Capital Management,4579458,Karen,Richardson,krichardson@rockcapi.com,+17813239054,"2435 Washington Blvd, Ste 746, Seattle, WA, 98101",Seattle,WA,98101-6160,257.2
SRA0004198,Broadridge,White WP,Mesirow Financial,8923432,Lisa,White,lwhite@mesi.com,250-581-6224,"4680 Hill St, Chicago, IL, 60614",Chicago,IL,60614-6578,350.7
SRA0004199,Broadridge,Hill WP,Rockefeller Capital Management,4068452,Ashley,Hill,ashley.hill@rockcapi.net,502.315.4300,"6898 Capital St, Miami, FL, 33101",Miami,FL,33101,26.7
SRA0004200,Broadridge,Lee Fin Group,Stifel Financial,8880737,Shelly,Lee,mlee@stif.com,300.683.8522,,Charlotte,NC,28201,224.8
SRA0004201,Broadridge,Carter Wealth Mgmt Grp,Merrill Lynch,6097206,Ashley,Carter,cartera@merrlync.com,,"2289 Broadway Rd, Ste 979, St. Louis, MO, 63101",St. Louis,MO,63101,200.5
SRA0004202,Broadridge,Perez Wealth Solutions Grp,Piper Sandler,,Ant,Perez,ant.perez@pipesand.net,(783) 687-2972,"2678 Elm Way, Miami, FL, 33101",Miami,FL,33101,97.5
SRA0004203,Broadridge,Martinez Wealth Advs,Stifel Financial,3721158,Kathy,Martinez,kmartinez@stif.com,,,San Diego,CA,92101,298.3
SRA0004204,Broadridge,Miller Fin Group,Raymond James,4960765,Emily,Miller,emiller@raymjame.com,,"362 Jefferson Ln, Ste 940, New York, NY, 10017",New York,NY,10017,48.0
SRA0004205,Broadridge,Wilson Fin Group,Baird,1214114,M.,Wilson,wilsonm@bair.com,618-979-1994,"3974 River Way, Louisville, KY, 40201",Louisville,KY,40201,237.3
SRA0004206,Broadridge,Johnson Wealth Mgmt Team,Piper Sandler,,Ry,Johnson,rjohnson@pipesand.com,697.307.6952,"4009 Lincoln Blvd, Ste 493, Tampa, FL, 33601",Tampa,FL,33601,8022.1
SRA0004207,Broadridge,Bryant Wealth Management Group,Ameriprise Financial,8405736,Mary,Bryant,mary.bryant@amer.net,5728724476,"1228 Maple Rd, Kansas City, MO, 64101",Kansas City,MO,64101,563.8
SRA0004208,Broadridge,Morris Wealth Solutions Group,Ameriprise Financial,7964467,Sarah,Morris,smorris@amer.com,7643409047,"5777 Broadway Ave, Ste 2319, Hartford, CT, 06101",Hartford,CT,06101,41.5
SRA0004209,Broadridge,White Wealth Management Group,LPL Financial,8941725,Ry,White,ry.white@lpl.net,762-616-2542,,Cleveland,OH,44101,
SRA0004210,Broadridge,Smith Private Client Group,Morgan Stanley,3753105,Deborah,Smith,deborah.smith@morgstan.net,2226175789,"6584 Elm St, Ste 1853, San Francisco, CA, 94101",San Francisco,CA,94101,86.6
SRA0004211,Broadridge,Wood PW Group,Hightower Advisors,2382057,Dan,Wood,dwood@highadvi.com,9402293974,"8244 Elm Way, Ste 3175, Chicago, IL, 60614",Chicago,IL,60614,96.4
SRA0004212,Broadridge,Smith Cap Group,Edward Jones,3578153,S.,Smith,s..smith@edwajone.net,984-772-1893,,Louisville,KY,40201,128.7
SRA0004213,Broadridge,Bryant WP,Oppenheimer & Co,4095888,C.,Bryant,cbryant@oppe.com,553.679.9703,"3231 Jefferson Dr, Las Vegas, NV, 89101",Las Vegas,NV,89101,51.4
SRA0004214,Broadridge,Taylor Wealth Mgmt Grp,RBC Wealth Management,3491451,Rich,Taylor,taylorr@rbc.com,5353417973,"797 Oak Ave, Denver, CO, 80201",Denver,CO,80201,368.4
SRA0004215,Broadridge,Wilson PW Group,Edward Jones,,Nancy,Wilson,wilsonn@edwajone.com,278.844.3322,"2728 Pine Blvd, Ste 914, Kansas City, MO, 64101",Kansas City,MO,64101,371.4
SRA0004216,Broadridge,Taylor Wealth Mgmt Group,Wells Fargo Advisors,8431175,B.,Taylor,btaylor@wellfargad.com,854.479.6449,"2925 Oak Rd, Los Angeles, CA, 90001",Los Angeles,CA,90001,1011.3
SRA0004217,Broadridge,Brooks Wealth Management Team,UBS Financial Services,7232360,Sarah,Brooks,sarah.brooks@ubs.net,842.326.2364,"1036 River St, Dallas, TX, 75201",Dallas,TX,75201,211.6
SRA0004218,Broadridge,Perez Private Client Group,Edward Jones,2271902,Rick,Perez,rick.perez@edwajone.net,3163709252,"7465 River St, Los Angeles, CA, 90025",Los Angeles,CA,90025,294.3
SRA0004219,Broadridge,Morgan Private Wealth Group,Morgan Stanley,8362240,Ronald,Morgan,ronald.morgan@morgstan.net,831.803.2551,"4658 Capital Dr, Ste 3759, Salt Lake City, UT, 84101",Salt Lake City,UT,84101,55.4
SRA0004220,Broadridge,Lopez Invest Grp,Morgan Stanley,6083353,Karen,Lopez,lopezk@morgstan.com,3254617249,"8816 Market Ave, Dallas, TX, 75201",Dallas,TX,75201,289.9
SRA0004221,Broadridge,Turner Wealth Management Group,UBS Financial Services,5016828,Donna,Turner,dturner@ubs.com,,"2609 Lincoln Rd, Hartford, CT, 06101",Hartford,CT,06101,406.0
SRA0004222,Broadridge,White Wealth Sol Group,Stifel Financial,1938894,Emily,White,ewhite@stif.com,5623874761,"3161 Hill Pl, Ste 3397, Milwaukee, WI, 53201",Milwaukee,WI,53201,5826.8
SRA0004223,Broadridge,Rodriguez Adv Group,Rockefeller Capital Management,7327358,S.,Rodriguez,srodriguez@rockcapi.com,476.235.7047,"8642 River Ct, Ste 511, Pittsburgh, PA, 15201",Pittsburgh,PA,15201,233.1
SRA0004224,Broadridge,Hall Family Wealth Grp,Mesirow Financial,1392502,G.,Hall,ghall@mesi.com,6536626912,"7740 Jefferson Way, Kansas City, MO, 64101",Kansas City,MO,64101,121.4
SRA0004225,Broadridge,Davis Wealth Mgmt Team,Piper Sandler,5192412,Will,Davis,wdavis@pipesand.com,,"5717 Park Ct, Ste 689, Minneapolis, MN, 55401",Minneapolis,MN,55401,622.3
SRA0004226,Broadridge,Adams Wealth Solutions Group,HighTower,1354962,Bill,Adams,wadams@high.com,209.938.8650,"9197 Madison Ave, Richmond, VA, 23220",Richmond,VA,23220,1396.3
SRA0004227,Broadridge,Smith Wealth Sol Group,Morgan Stanley,6279381,Karen,Smith,karen.smith@morgstan.net,262.964.8188,"4876 Market Ave, Ste 3894, Phoenix, AZ, 85001",Phoenix,AZ,85001,221.9
SRA0004228,Broadridge,Sanders Invest Group,Ameriprise Financial,,Donnie,Sanders,dsanders@amer.com,6096083859,"6785 Washington Rd, Ste 2953, Louisville, KY, 40201",Louisville,KY,40201,966.1
SRA0004229,Broadridge,Butler Adv Group,RBC Wealth Management,,Rick,Butler,butlerr@rbc.com,,"2954 Financial Blvd, Ste 2029, Miami, FL, 33101",Miami,FL,33101,161.7
SRA0004230,Broadridge,Harris Adv Group,Janney Montgomery Scott,,Dave,Harris,harrisd@jannmontsc.com,223.259.2325,"3360 Maple Ave, Ste 3834, Dallas, TX, 75201",Dallas,TX,75201,1564.4
SRA0004231,Broadridge,Stewart Asset Mgmt Group,UBS Financial Services,9799252,Jen,Sewart,sewartj@ubs.com,856.792.3714,"9366 Park St, Ste 3879, Louisville, KY, 40201",Louisville,KY,40201-9635,347.2
SRA0004232,Broadridge,Reed Wealth Solutions Group,Raymond James,6013019,Amy,Reed,areed@raymjame.com,(249) 253-1087,"6794 Elm Rd, Ste 3255, Hartford, CT, 06101",Hartford,CT,06101,43.2
SRA0004233,Broadridge,Washington Wealth Advisors,Piper Sandler,1031315,Tim,Washington,,6267291430,"2992 Sunset Rd, New York, NY, 10001",New York,NY,10001,64.8
SRA0004234,Broadridge,Alexander Family Wealth Group,HighTower,5417893,Linda,Alexander,lalexander@high.com,226-652-1181,"4311 Maple St, Ste 1198, Baltimore, MD, 21201",Baltimore,MD,21201,2428.6
SRA0004235,Broadridge,Long Fam Wealth Group,Wells Fargo Advisors,8389041,Tim,Long,tim.long@wellfargad.net,,"9310 Main Rd, Boston, MA, 02101",Boston,MA,02101,393.5
SRA0004236,Broadridge,Davis Wealth Advisors,Wells Fargo Advisors,3085674,Donna,Davis,davisd@wellfargad.com,739.637.5623,"7342 Main Ln, Ste 3134, Cleveland, OH, 44101",Cleveland,OH,44101,899.7
SRA0004237,Broadridge,Adams Wealth Mgmt Group,Merrill Lynch,9638925,Rich,Adams,radams@merrlync.com,(426) 722-3440,"7147 Commerce Blvd, Philadelphia, PA, 19101",Philadelphia,PA,19101,161.1
SRA0004238,Broadridge,Jones Private Client Group,Raymond James,3911408,Chuck,Jones,,2496957972,"7731 Financial Rd, St. Louis, MO, 63101",St. Louis,MO,63101,377.9
SRA0004239,Broadridge,Long Wealth Management Team,Mesirow Financial,8524656,Ken,Long,klong@mesi.com,+13445761257,"445 Jefferson Pl, Ste 1503, Louisville, KY, 40201",Louisville,KY,40201-8091,76.4
SRA0004240,Broadridge,Butler Invest Group,Dynasty Financial Partners,,J.,Butler,jbutler@dynapart.com,(208) 848-2284,"8086 Market Dr, Ste 1034, Seattle, WA, 98101",Seattle,WA,98101,527.6
SRA0004241,Broadridge,Bailey Adv Grp,UBS Financial Services,8062439,Jen,Bailey,,+12698658383,"1268 Cedar Rd, Ste 326, Baltimore, MD, 21201",Baltimore,MD,21201-3021,1267.7
SRA0004242,Broadridge,Ward Financial Group,Ameriprise Financial,,Bryan,Ward,bryan.ward@amer.net,+18866909775,"2615 Jefferson Ln, Milwaukee, WI, 53201",Milwaukee,WI,53201,25.6
SRA0004243,Broadridge,Sanchez WA,Ameriprise Financial,9681706,Angela,Sanchez,sancheza@amer.com,+17345426124,"9726 Capital Ave, Ste 1970, Nashville, TN, 37201",Nashville,TN,37201,256.1
SRA0004244,Broadridge,Bell Wealth Solutions Group,Baird,5143953,Rick,Bell,bellr@bair.com,5207011016,"3190 Market Ave, Ste 3215, Orlando, FL, 32801",Orlando,FL,32801-5375,387.9
SRA0004245,Broadridge,Lee Wealth Mgmt Grp,Morgan Stanley,6518634,Matt,Lee,mlee@morgstan.com,4964388289,"55 Maple Ave, Ste 1712, Seattle, WA, 98101",Seattle,WA,98101,40.4
SRA0004246,Broadridge,Thompson Financial Group,Hightower Advisors,3238377,Sarah,Thompson,sarah.thompson@highadvi.net,4687858291,"6677 Pine Dr, Ste 2291, Boston, MA, 02101",Boston,MA,02101,132.9
SRA0004247,Broadridge,Coleeman Wealth Mgmt Grp,Piper Sandler,9946220,Mary,Coleman,mcoleman@pipesand.com,6383345277,"5957 Washington Ave, Denver, CO, 80201",Denver,CO,80201,1187.8
SRA0004248,Broadridge,Murphy Advisory Group,Wells Fargo Advisors,6630508,Donna,Murphy,donna.murphy@wellfargad.net,3373848470,"1916 Main Way, Ste 1776, Orlando, FL, 32801",Orlando,FL,32801,732.5
SRA0004249,Broadridge,Edwards Wealth Solutions Grp,Janney Montgomeryy Scott,4080635,Deborah,Edwards,,851-931-2374,"1019 Washington Pl, Ste 3955, Tampa, FL, 33601",Tampa,FL,3360,169.3
SRA0004250,Broadridge,Collins Wealth Partners,Stifel Financial,2236084,M.,Collins,collinsm@stif.com,3632803650,"4906 Capital Ct, Indianapolis, IN, 46201",Indianapolis,IN,4620,237.3
SRA0004251,Broadridge,Henderson Wealth Mgmt Team,Stifel Financial,3284663,J.,Henderson,jhenderson@stif.com,3248945063,"1071 Capital Ave, Ste 1650, Pittsburgh, PA, 15201",Pittsburgh,PA,15201,25.5
SRA0004252,Broadridge,Walker Wealth Sol Group,Dynasty Financial Partners,9417090,Cynthia,Walker,cwalker@dynapart.com,(363) 790-8392,"7095 Broadway Blvd, Ste 166, San Francisco, CA, 94101",San Francisco,CA,9410,332.8
SRA0004253,Broadridge,Hernandez Priv Wealth Group,UBS Financial Services,,A.,Hernandez,hernandeza@ubs.com,616.622.9509,"9672 Hill Ln, New York, NY, 10017",New York,NY,10017,479.4
SRA0004254,Broadridge,Clark Family Wealth Grp,Oppenheimer & Co,,Susie,Clark,,702-392-3772,"4750 River Pl, Ste 3901, Charlotte, NC, 28201",Charlotte,NC,28201,42.0
SRA0004255,Broadridge,Nelson Investment Group,Janney Montgomery Scott,8660759,Cynthia,Nelson,cnelson@jannmontsc.com,+19036111695,"4269 Pine Blvd, Richmond, VA, 23220",Richmond,VA,23220,222.2
SRA0004256,Broadridge,Murphy Family Wealth Grp,Wells Fargo Advisors,5808970,Mary,Murphy,mmurphy@wellfargad.com,+14785174035,"9192 Washington Way, Ste 3505, Orlando, FL, 32801",Orlando,FL,32801,464.9
SRA0004257,Broadridge,Murphy Wealth Mgmt Group,Morgan Stanley,7232482,P.,Murphy,pmurphy@morgstan.com,529-940-5442,"7691 Maple Blvd, Ste 1906, San Francisco, CA, 94101",San Francisco,CA,94101,57.8
SRA0004258,Broadridge,Lopez Adv Group,Piper Sandler,,Angela,Lopez,angela.lopez@pipesand.net,589-774-3969,"4424 Cedar Dr, Richmond, VA, 23220",Richmond,VA,23220,105.0
SRA0004259,Broadridge,Henderson Cap Grp,Mesirow Financial,9999365,Mary,Henderson,mary.henderson@mesi.net,427.791.2656,"9028 Broadway Rd, St. Louis, MO, 63101",St. Louis,MO,63101,647.7
SRA0004260,Broadridge,Bailey Investment Group,Hightower Advisors,6198079,G.,Bailey,gbailey@highadvi.com,(725) 387-5516,"6840 Hill Ave, Ste 2266, Salt Lake City, UT, 84101",Salt Lake City,UT,84101,3522.8
SRA0004261,Broadridge,Robinson Cap Group,Ameriprise Financial,8088965,Jimmy,Robinson,jimmy.robinson@amer.net,816.419.9845,"4347 Broadway Dr, Ste 220, Los Angeles, CA, 90001",Los Angeles,CA,90001,179.7
SRA0004262,Broadridge,Murphy WA,Merrill Lynch,,Donnie,Murpy,donnie.murpy@merrlync.net,775.581.1599,"9192 Cedar Blvd, Ste 1736, San Francisco, CA, 94101",San Francisco,CA,94101,69.6
SRA0004263,Broadridge,Garcia Investment Group,Baird,1340286,Josh,Garcia,jgarcia@bair.com,9733148799,"5689 Elm Ln, Ste 132, Minneapolis, MN, 55401",Minneapolis,MN,55401,24.2
SRA0004264,Broadridge,Campbell Wealth Mgmt Grp,Janney Montgomery Scott,4995521,Ry,Campbell,rcampbell@jannmontsc.com,(533) 660-9981,"1887 Hill Ave, Ste 2032, Salt Lake City, UT, 84101",Salt Lake City,UT,84101,32.4
SRA0004265,Broadridge,Martinez PW Group,Janney Montgomery Scott,5005083,Johnny,Martinez,jmartinez@jannmontsc.com,8003723037,"2525 Park Ct, Austin, TX, 78701",Austin,TX,78701,25.8
SRA0004266,Broadridge,Peterson Invest Grp,Rckefeller Capital Management,9317175,Betty,Peterson,betty.peterson@rockcapi.net,,"6336 Elm Ct, Los Angeles, CA, 90025",Los Angeles,CA,90025,257.3
SRA0004267,Broadridge,Perez Wealth Advs,RBC Wealth Management,4572755,Ant,Perez,aperez@rbc.com,+15275868764,"2271 Financial Ln, Ste 696, Orlando, FL, 32801",Orlando,FL,32801,1502.1
SRA0004268,Broadridge,Cook Wealth Solutions Grp,Edward Jones,,Mel,Cook,mel.cook@edwajone.net,+14936903445,"8218 Park Dr, Ste 3158, San Francisco, CA, 94101",San Francisco,CA,94101,413.6
SRA0004269,Broadridge,Ross Wealth Mgmt Group,Piper Sandler,6541804,C.,Ross,c..ross@pipesand.net,584-302-9173,"5799 Market Dr, Ste 1214, Atlanta, GA, 30301",Atlanta,GA,30301,805.8
SRA0004270,Broadridge,orris Wealth Mgmt Group,RBC Wealth Management,2399343,M.,Morris,morrism@rbc.com,+19359613348,"4735 Cedar Ln, Ste 3580, Columbus, OH, 43201",Columbus,OH,43201,931.5
SRA0004271,Broadridge,Edwards Wealth Part,RBC Wealth Management,9527548,Karen,Edwards,edwardsk@rbc.com,433.352.1510,"3611 Financial Pl, Tampa, FL, 33601",Tampa,FL,33601,552.8
SRA0004272,Broadridge,Jones Wealth Solutions Grp,Merrill Lynch,4867247,Sue,Jones,joness@merrlync.com,(617) 653-8189,"8743 Sunset Ave, Ste 1531, Milwaukee, WI, 53201",Milwaukee,WI,53201,820.2
SRA0004273,Broadridge,Allen Priv Welath Group,Steward Partners,6922226,A.,Allen,aallen@stewpart.com,+15809068330,"3587 Broadway Ct, Ste 1049, Indianapolis, IN, 46201",Indianapolis,IN,4620,118.7
SRA0004274,Broadridge,Martinez Wealth Solutions Grp,Wells Fargo Advisors,8048312,Matt,Martinez,mmartinez@wellfargad.com,,"6197 Lincoln Rd, Cleveland, OH, 44101",Cleveland,OH,44101,263.7
SRA0004275,Broadridge,Cook Wealth Solutions Group,Wells Fargo Advisors,7068221,B.,Cook,cookb@wellfargad.com,837-861-2422,"8846 Park Dr, Chicago, IL, 60614",Chicago,IL,60614,467.5
SRA0004276,Broadridge,Campbell Fin Advisory Group,Piper Sandler,6118472,M.,Campbell,campbellm@pipesand.com,,"3978 Lake Ave, Ste 1054, Cleveland, OH, 44101",Cleveland,OH,44101,561.8
SRA0004277,Broadridge,Perry Wealth Management Group,Raymond James,1538075,M.,Perry,mperry@raymjame.com,285.666.4743,"8849 Elm Blvd, Boston, MA, 02101",Boston,MA,02101,274.5
SRA0004278,Broadridge,Phillps Capital Group,Steward Partners,1276710,Angela,Phillips,aphillips@stewpart.com,+18398377769,,San Diego,CA,92101,320.2
SRA0004279,Broadridge,Cox Financial Group,Stifel Financial,5107415,Lisa,Cox,coxl@stif.com,+13496537047,"3120 Cedar Way, Austin, TX, 78701",Austin,TX,78701,
SRA0004280,Broadridge,Phillips Wealth Sol Group,LPL Financial,2371667,Emily,Phillips,ephillips@lpl.com,+14489431214,"6494 River Dr, Ste 1071, Los Angeles, CA, 90025",Los Angeles,CA,90025,102.7
SRA0004281,Broadridge,Phillips Wealth Management Team,HighTower,,Ashley,Phillips,aphillips@high.com,2755472526,"6314 Hill Ln, Hartford, CT, 06101",Hartford,CT,06101,
SRA0004282,Broadridge,Jackson Financial Group,LPL Financial,8925578,Karen,Jackson,jacksonk@lpl.com,+17743548086,"9580 Main St, Ste 114, Tampa, FL, 33601",Tampa,FL,33601,540.8
SRA0004283,Broadridge,Smith Fin Advisory Group,LPL Financial,9862424,R.,Smith,rsmith@lpl.com,+17169909705,,San Diego,CA,92101,295.2
SRA0004284,Broadridge,Young Wealth Sol Group,Wells Fargo Advisors,4567956,Ry,Young,ryoung@wellfargad.com,+17757309666,"9838 Park Ave, Tampa, FL, 33601",Tampa,FL,33601,272.3
SRA0004285,Broadridge,Barnes Fin Adv Group,Rockefeller Capital Management,3875918,Meg,Barnes,meg.barnes@rockcapi.net,(270) 329-2548,"643 Maple Rd, Richmond, VA, 23220",Richmond,VA,23220,242.3
SRA0004286,Broadridge,Parker Wealth Solutions Group,Morgan Stanley,1438560,Cynthia,Parker,cparker@morgstan.com,(488) 890-3530,"551 Financial Pl, Columbus, OH, 43201",Columbus,OH,43201,162.3
SRA0004287,Broadridge,Moore Capital Group,LPL Financial,9079827,Tom,Moore,tmoore@lpl.com,9103826670,,Phoenix,AZ,85001,317.8
SRA0004288,Broadridge,Taylor WP,Mesirow Financial,5584291,M.,Taylor,m..taylor@mesi.net,,,Salt Lake City,UT,84101,397.0
SRA0004289,Broadridge,Kelly Cap Group,LPL Financial,9597596,Emily,Kelly,emily.kelly@lpl.net,+16859637282,,Chicago,IL,60601,83.3
SRA0004290,Broadridge,Perry Family Wealth Group,Baird,5384619,Deborah,Perry,deborah.perry@bair.net,(743) 446-7600,"3417 Capital Ave, Ste 233, Richmond, VA, 23220",Richmond,VA,23220,506.2
SRA0004291,Broadridge,Ramirez Financial Group,Hightower Advisors,8409706,Mel,Ramirez,ramirezm@highadvi.com,768.732.3072,"2840 Washington Dr, New York, NY, 10001",New York,NY,10001-1296,481.6
SRA0004292,Broadridge,Collins PW Group,Raymond James,,Linda,Collins,lcollins@raymjame.com,4334983148,"2363 Jefferson Ln, Ste 598, Boston, MA, 02134",Boston,MA,02134,603.6
SRA0004293,Broadridge,Scott Priv Wealth Group,Raymond James,6661819,Nancy,Scott,scottn@raymjame.com,9736488405,"6901 Main Way, Ste 2712, Tampa, FL, 33601",Tampa,FL,33601,104.6
SRA0004294,Broadridge,Thomas Investment Group,Rockefeller Capital Management,3893669,B.,Thomas,bthomas@rockcapi.com,327.228.9871,"5099 Park Ct, Nashville, TN, 37201",Nashville,TN,37201,552.0
SRA0004295,Broadridge,Anderson Family Wealth Grp,Wells Fargo Advisors,2921517,B.,Anderson,andersonb@wellfargad.com,(350) 487-9054,"6155 Liberty Ct, Ste 2929, Portland, OR, 97201",Portland,OR,97201,415.4
SRA0004296,Broadridge,Carter Invest Group,Oppenheimer & Co,1673434,R.,Carter,carterr@oppe.com,+13877633622,,Memphis,TN,38101,517.8
SRA0004297,Broadridge,Ward WP,Edward Jones,8848596,Dot,Ward,dward@edwajone.com,588-449-5824,"4832 Lincoln Ct, St. Louis, MO, 63101",St. Louis,MO,63101,756.2
SRA0004298,Broadridge,Wilson Family Wealth Group,LPL Financial,3671484,Mike,Wilson,mwilson@lpl.com,(947) 958-9556,"1268 Park Pl, Ste 1181, Columbus, OH, 43201",Columbus,OH,43201,276.8
SRA0004299,Broadridge,Alexander Invest Group,Morgan Stanley,4813397,Sharon,Alexander,alexanders@morgstan.com,520-362-2089,"8070 Liberty St, Tampa, FL, 33601",Tampa,FL,33601,4058.0
SRA0004300,Broadridge,Carter Family Wealth Grp,Rockefeller Capital Management,1821413,Tommy,Carter,tommy.carter@rockcapi.net,3962395398,,Los Angeles,CA,90001,292.8
SRA0004301,Broadridge,Ramirez Priv Client Group,Merrill Lynch,2544631,Ry,Ramirez,ry.ramirez@merrlync.net,333-291-6904,"3197 Elm Dr, Ste 1365, Cincinnati, OH, 45201",Cincinnati,OH,45201,171.8
SRA0004302,Broadridge,Scott Wealth Mgmt Group,Steward Partners,8549092,Drew,SScott,dsscott@stewpart.com,+19475905438,"7093 Cedar St, Orlando, FL, 32801",Orlando,FL,32801-8680,287.1
SRA0004303,Broadridge,Rodriguez WP,Piper Sandler,5195510,Kenny,Rodriguez,krodriguez@pipesand.com,+16874018904,"610 Lake Blvd, Boston, MA, 02101",Boston,MA,02101,752.1
SRA0004304,Broadridge,Hill Wealth Partners,Wells Fargo Advisors,8547255,M.,Hill,mhill@wellfargad.com,6499689660,"8074 Oak St, Ste 2269, Phoenix, AZ, 85001",Phoenix,AZ,85001,249.3
SRA0004305,Broadridge,Hall Capital Group,Morgan Stanley,4472131,P.,Hall,hallp@morgstan.com,727-870-2919,"3051 Washington Rd, Cleveland, OH, 44101",Cleveland,OH,44101,102.7
SRA0004306,Broadridge,Jenkins Capital Group,LPL Financial,3593296,Amy,Jenkins,jenkinsa@lpl.com,205.411.9084,"6765 Oak Blvd, Detroit, MI, 48201",Detroit,MI,48201,100.6
SRA0004307,Broadridge,Wood Wealth Management Team,HighTower,8359938,P.,Wood,pwood@high.com,+18249153492,"6825 Liberty Blvd, Ste 1428, Chicago, IL, 60614",Chicago,IL,60614,204.5
SRA0004308,Broadridge,Robinson Wealth Mgmt Group,Ameriprise Financial,7980008,Timmy,Robinson,,+17794233020,"4021 Washington Dr, Ste 1293, Orlando, FL, 32801",Orlando,FL,32801,320.0
SRA0004309,Broadridge,Thompson Wealth Mgmt Group,Steward Partners,4168603,M.,Thompson,mthompson@stewpart.com,(382) 958-7328,"4224 Lake Ln, Denver, CO, 80201",Denver,CO,8020,169.9
SRA0004310,Broadridge,Evans Fin Group,Stifel Financial,,Rick,Evans,rick.evans@stif.net,850-716-7719,"9038 Maple Rd, San Diego, CA, 92101",San Diego,CA,92101,1507.3
SRA0004311,Broadridge,Campbell Fam Wealth Group,Oppenheimer & Co,9165807,Rick,Campbell,rcampbell@oppe.com,,"9358 Maple Pl, New York, NY, 10017",New York,NY,10017,84.2
SRA0004312,Broadridge,Brown Wealth Mgmt Grp,Oppenheimer & Co,7591997,Ashley,Brown,ashley.brown@oppe.net,231.359.9699,,Boston,MA,02101,64.2
SRA0004313,Broadridge,Long Financial Advisory Group,Merrill Lynch,,Carol,Longg,carol.longg@merrlync.net,510.860.8289,"115 Liberty Ln, Memphis, TN, 38101",Memphis,TN,38101,246.2
SRA0004314,Broadridge,Brown Capital Group,UBS Financial Services,2163404,Maggie,Brown,mbrown@ubs.com,345-517-8150,"6746 Cedar Rd, Ste 2483, Detroit, MI, 48201",Detroit,MI,48201-1057,46.0
SRA0004315,Broadridge,Jackson Wealth Mgmt Team,Janney Montgomery Scott,3936393,Bill,Jackson,jacksonb@jannmontsc.com,5913115502,"2934 Cedar Ct, Boston, MA, 02101",Boston,MA,0210,45.7
SRA0004316,Broadridge,Torres Fin Group,Piper Sandler,6768326,Pat,Torre,torrep@pipesand.com,3254157917,,Austin,TX,78701,252.7
SRA0004317,Broadridge,Coleman Invest Grp,Ameriprise Financial,1654428,Jon,Coleman,colemanj@amer.com,+12439633196,"7376 Cedar Ave, Ste 1192, Denver, CO, 80201",Denver,CO,80201-6676,1135.7
SRA0004318,Broadridge,Moore Fin Advisory Group,Wells Fargo Advisors,9758429,Rick,Moore,rick.moore@wellfargad.net,,"4774 Pine Dr, Pittsburgh, PA, 15201",Pittsburgh,PA,15201,92.2
SRA0004319,Broadridge,Ross Wealth Management Team,LPL Financial,8820568,Ed,Ross,eross@lpl.com,724.270.9369,"2624 Capital Rd, Nashville, TN, 37201",Nashville,TN,37201,82.3
SRA0004320,Broadridge,Sanders Advisory Group,RBC Wealth Management,3246969,Rick,Sanders,rsanders@rbc.com,370.830.4575,"1993 Pine Ln, San Francisco, CA, 94101",San Francisco,CA,94101-8466,123.3
SRA0004321,Broadridge,Hernandez Wealth Sol Group,Janney Montgomery Scott,8585307,Dave,Hernandez,dhernandez@jannmontsc.com,+18459461139,"4221 Capital Ct, Kansas City, MO, 64101",Kansas City,MO,64101,491.9
SRA0004322,Broadridge,Washington Wealth Management Group,Edward Jones,6270423,Dave,Washington,,435-796-6604,"5079 Park Blvd, Los Angeles, CA, 90001",Los Angeles,CA,90001,
SRA0004323,Broadridge,Coleman Fin Adv Group,UBS Financial Services,9563661,Bryan,Coleman,bcoleman@ubs.com,4764062256,"55 Lincoln Ln, Ste 428, Richmond, VA, 23220",Richmond,VA,23220,58.9
SRA0004324,Broadridge,Cox Capital Group,Mesirow Financial,,Angela,Cox,acox@mesi.com,+14222041100,"9584 Elm St, Atlanta, GA, 30301",Atlanta,GA,30301,369.3
SRA0004325,Broadridge,Gray Wealth Management Group,Rockefeller Capital Management,4306809,Barb,Gray,barb.gray@rockcapi.net,3519683421,"4451 Oak Ave, Ste 807, Cincinnati, OH, 45201",Cincinnati,OH,45201,723.0
SRA0004326,Broadridge,Williams AAsset Mgmt Group,UBS Financial Services,1577766,Kate,Williams,kate.williams@ubs.net,(675) 447-3814,,Richmond,VA,23220,45.7
SRA0004327,Broadridge,Bell Wealth Management Team,Raymond James,1937871,R.,Bell,bellr@raymjame.com,879.542.7974,"5926 Sunset Dr, Ste 3771, Portland, OR, 97201",Portland,OR,97201,26.1
SRA0004328,Broadridge,Martin Wealth Advs,Oppenheimer & Co,7912952,Mick,Martin,mmartin@oppe.com,+12706653208,"7494 Lincoln Rd, Ste 2601, Chicago, IL, 60614",Chicago,IL,60614,880.0
SRA0004329,Broadridge,Nelsoon Private Wealth Group,Ameriprise Financial,2234262,Kathy,Nelson,kathy.nelson@amer.net,+17526169473,"1818 Lake Blvd, Cincinnati, OH, 45201",Cincinnati,OH,45201-9144,109.1
SRA0004330,Broadridge,Mitchell Fin Advisory Group,Dynasty Financial Partners,1418126,Jen,Mitchell,jen.mitchell@dynapart.net,5028925497,"9933 Cedar Blvd, Los Angeles, CA, 90025",Los Angeles,CA,90025,95.0
SRA0004331,Broadridge,Peterson Fam Wealth Group,HighTower,3091408,Tim,Peterson,tim.peterson@high.net,319.748.7097,"7592 Oak St, Ste 183, Cincinnati, OH, 45201",Cincinnati,OH,45201-7086,1523.0
SRA0004332,Broadridge,Perez Wealth Mgmt Grp,Dynasty Financial Partners,8016978,Mary,Perez,,,"6304 Broadway Dr, Philadelphia, PA, 19101",Philadelphia,PA,19101,571.0
SRA0004333,Broadridge,Bell WP,Edward Jones,4210085,A.,Bell,bella@edwajone.com,552-827-4588,"1983 Elm Ave, Detroit, MI, 48201",Detroit,MI,48201,338.0
SRA0004334,Broadridge,Garcia Fin Grp,Merrill Lynch,4049053,Meg,Garciia,mgarcia@merrlync.com,9444799565,"7087 Maple Dr, Atlanta, GA, 30301",Atlanta,GA,30301,82.7
SRA0004335,Broadridge,Harris Advisory Group,Baird,8804797,Jimmy,Harris,harrisj@bair.com,904.287.1928,"9666 Pine Blvd, Ste 2908, Baltimore, MD, 21201",Baltimore,MD,21201,82.4
SRA0004336,Broadridge,Baker Priv Wealth Group,Dynasty Financial Partners,7318541,Dottie,Baker,bakerd@dynapart.com,431-734-5957,"5280 Park Rd, Louisville, KY, 40201",Louisville,KY,40201,46.4
SRA0004337,Broadridge,Anderson Cap Grp,HighTower,,Babs,Anderson,andersonb@high.com,(939) 895-1774,"149 Washington Pl, Ste 905, Atlanta, GA, 30301",Atlanta,GA,30301,2026.9
SRA0004338,Broadridge,Pattersson Family Wealth Grp,Janney Montgomery Scott,1206123,Carol,Patterson,cpatterson@jannmontsc.com,948-666-9110,,Austin,TX,78701,359.3
SRA0004339,Broadridge,Turner Invest Group,UBS Financial Services,5433694,Danny,Turner,dturner@ubs.com,(563) 573-8343,"5744 Park Ave, Ste 279, Detroit, MI, 48201",Detroit,MI,48201,316.6
SRA0004340,Broadridge,Collins Fin Group,Steward Partners,6353624,Tim,Collins,tim.collins@stewpart.net,655.272.5479,"8576 Capital Ave, Ste 1627, Nashville, TN, 37201",Nashville,TN,37201,394.4
SRA0004341,Broadridge,Coleman Wealth Sol Group,Oppenheimer & Co,3881141,Susie,Colemn,susie.colemn@oppe.net,655-363-6909,,Austin,TX,78701,449.8
SRA0004342,Broadridge,Simmons Investment Group,Raymond James,4159531,Deborah,Simmons,dsimmons@raymjame.com,,,Boston,MA,02101,124.9
SRA0004343,Broadridge,Thomas Wealth Sol Group,Mesirow Financial,2637467,Rob,Thomas,thomasr@mesi.com,780.379.9346,"3320 Cedar Ln, Ste 3451, Philadelphia, PA, 19101",Philadelphia,PA,19101,49.9
SRA0004344,Broadridge,Smith Private Client Group,Dynasty Financial Partners,5967937,Joe,Smith,joe.smith@dynapart.net,+18372652200,"6785 Financial Dr, Las Vegas, NV, 89101",Las Vegas,NV,89101,1944.5
SRA0004345,Broadridge,Gray Family Wealth Grp,Mesirow Financial,8920466,Betty,Gray,bgray@mesi.com,,"7225 Capital Dr, Boston, MA, 02134",Boston,MA,02134,359.1
SRA0004346,Broadridge,Thomas Wealth Solutions Grp,Rockefeller Capital Management,3286979,Chuck,Thomas,chuck.thomas@rockcapi.net,+16958181457,"911 Madison Ct, Chicago, IL, 60601",Chicago,IL,60601,74.6
SRA0004347,Broadridge,Thompson Family Wealth Grp,Steward Partners,7136272,Andy,Thompson,andy.thompson@stewpart.net,+18776527341,"3126 Sunset Ct, Nashville, TN, 37201",Nashville,TN,37201,53.0
SRA0004348,Broadridge,Gonzalez Wealth Mgmt Team,UBS Financial Services,6259739,Matt,Gonzalez,matt.gonzalez@ubs.net,+17755918696,,Tampa,FL,33601,167.0
SRA0004349,Broadridge,Lewis Private Wealth Group,Wells Fargo Advisors,2852841,Josh,Lewis,lewisj@wellfargad.com,(963) 582-7327,"1275 Washington Way, Ste 998, Richmond, VA, 23220",Richmond,VA,23220,1307.3
SRA0004350,Broadridge,Simmons Financial Group,Raymond James,9680668,Maggie,Simmons,maggie.simmons@raymjame.net,4995958242,"4873 Oak Pl, Ste 3431, Minneapolis, MN, 55401",Minneapolis,MN,55401-8939,268.1
SRA0004351,Broadridge,Flores Wealth Mgmt Team,Wells Fargo Advisors,8814445,Pat,Flores,pat.flores@wellfargad.net,+18499504349,"6974 Pine Dr, Ste 1344, San Francisco, CA, 94101",San Francisco,CA,94101,36.9
SRA0004352,Broadridge,Phillips Asset Management Group,RBC Wealth Management,4254170,Mandy,Phillips,mandy.phillips@rbc.net,,,San Francisco,CA,94101,267.7
SRA0004353,Broadridge,Wilson PW Group,UBS Financial Services,2510909,A.,Wilson,a..wilson@ubs.net,9719937634,"7497 Maple Pl, Ste 1867, Kansas City, MO, 64101",Kansas City,MO,64101,309.2
SRA0004354,Broadridge,Cox Capital Group,UBS Financial Services,7369764,J.,Cox,jcox@ubs.com,701.296.5437,"1051 Jefferson Ct, Ste 2819, Detroit, MI, 48201",Detroit,MI,48201,824.4
SRA0004355,Broadridge,Murphy Wealth Mgmt Group,Morgan Stanley,2862122,Sarah,Murphy,sarah.murphy@morgstan.net,3416622199,"2304 Pine Rd, Ste 2643, Seattle, WA, 98101",Seattle,WA,98101,6461.9
SRA0004356,Broadridge,Jenkins Fin Group,Merrill Lynch,8695686,Sharon,Jenkins,sjenkins@merrlync.com,424.311.8025,"7781 Washington Ln, Boston, MA, 02134",Boston,MA,02134,57.0
SRA0004357,Broadridge,Peterson Fin Adv Group,Ameriprise Financial,8507936,Charlie,Peterson,cpeterson@amer.com,712.486.1153,"5310 Hill Ct, Ste 2763, Indianapolis, IN, 46201",Indianapolis,IN,46201-1966,33.5
SRA0004358,Broadridge,Cook Priv Client Group,Wells Fargo Advisors,3106134,Ry,Cook,cookr@wellfargad.com,977-704-2607,"2381 Sunset Ct, Ste 3041, Austin, TX, 78701",Austin,TX,78701,42.0
SRA0004359,Broadridge,Ramirez Financial Group,UBS Financial Services,4589090,S.,Ramirez,sramirez@ubs.com,+16297137890,"4358 Elm Ave, Ste 430, Salt Lake City, UT, 84101",Salt Lake City,UT,84101,25.4
SRA0004360,Broadridge,Butler Private Wealth Group,Mesirow Financial,6152615,J.,Butler,jbutler@mesi.com,(365) 646-7801,"7376 Lincoln Dr, Ste 1173, San Diego, CA, 92101",San Diego,CA,92101,220.0
SRA0004361,Broadridge,Sanchez WA,Baird,5015699,Mel,Sanchez,msanchez@bair.com,+14892388499,"1187 Madison Blvd, Indianapolis, IN, 46201",Indianapolis,IN,46201,116.2
SRA0004362,Broadridge,Evans Asset Mgmt Group,Piper Sandler,3408105,Ronald,Evans,revans@pipesand.com,830.510.6464,"1928 Washington Rd, Boston, MA, 02134",Boston,MA,02134-4688,
SRA0004363,Broadridge,Sanders WM Team,Morrgan Stanley,1237750,Karen,Sanders,karen.sanders@morgstan.net,6117672175,"960 Jefferson Rd, Austin, TX, 78701",Austin,TX,78701,
SRA0004364,Broadridge,Smith Wealth Advs,LPL Financial,3879445,Sandy,Smith,ssmith@lpl.com,432.686.6281,"355 River Ln, Ste 857, Seattle, WA, 98101",Seattle,WA,9810,190.2
SRA0004365,Broadridge,Lee Adv Grp,Rockefeller Capital Management,4058930,Jim,Lee,jim.lee@rockcapi.net,4902567152,"8466 Washington Pl, Orlando, FL, 32801",Orlando,FL,32801,128.4
SRA0004366,Broadridge,King Advisory Group,Janney Montgomery Scott,1305329,Emily,King,emily.king@jannmontsc.net,(682) 853-2067,"706 River Way, Ste 3135, Los Angeles, CA, 90025",Los Angeles,CA,90025,334.7
SRA0004367,Broadridge,Flores Wealth Management Team,Stifel Financial,7458435,Tim,Flores,tflores@stif.com,+17078256213,"2149 Hill St, Austin, TX, 78701",Austin,TX,78701,108.5
SRA0004368,Broadridge,Wright WP,Wells Fargo Advisors,,Ashley,Wright,awright@wellfargad.com,4645137163,"4058 Financial Blvd, Ste 2372, New York, NY, 10017",New York,NY,10017-7885,68.8
SRA0004369,Broadridge,Miller Private Client Group,Edward Jones,6551764,Mike,Miller,mmiller@edwajone.com,+19286329076,"9771 Capital Blvd, Ste 650, Boston, MA, 02134",Boston,MA,02134-8552,26.8
SRA0004370,Broadridge,Scott Family Wealth Group,Wells Fargo Advisors,9772577,Marc,Scott,mscott@wellfargad.com,893.954.1695,"8802 Capital Way, Ste 3084, Nashville, TN, 37201",Nashville,TN,37201,1102.1
SRA0004371,Broadridge,Wilson Cap Grp,Stifel Financial,4730006,Ed,Wilson,ewilson@stif.com,(896) 590-9819,"7608 Sunset Pl, Ste 469, Dallas, TX, 75201",Dallas,TX,75201,108.7
SRA0004372,Broadridge,Rodriguez Financial Group,RBC Wealth Management,7842176,Meg,Rodriguez,,343.930.9530,"3793 River Rd, Philadelphia, PA, 19101",Philadelphia,PA,19101,359.1
SRA0004373,Broadridge,White Wealth Mgmt Group,Mesirow Financial,,Andy,White,andy.white@mesi.net,,"2468 River Rd, Ste 1472, Chicago, IL, 60614",Chicago,IL,60614,278.2
SRA0004374,Broadridge,Moore Wealth Management Team,Stifel Financial,1759982,Nancy,Moore,mooren@stif.com,(635) 775-6349,"6423 Jefferson St, Portland, OR, 97201",Portland,OR,97201,52.2
SRA0004375,Broadridge,Washington Adv Group,Raymond James,2151330,Jimmy,Washington,jimmy.washington@raymjame.net,271-278-2949,,Nashville,TN,37201,628.6
SRA0004376,Broadridge,Lopez WP,Baird,8483160,Sharon,Lopez,sharon.lopez@bair.net,886.293.5472,"1059 Oak Ln, Boston, MA, 02134",Boston,MA,02134,25.1
SRA0004377,Broadridge,Howard PW Group,Piper Sandler,9459027,Susie,Howard,,+12333796203,"6023 Lake Ct, Ste 2408, Portland, OR, 97201",Portland,OR,97201,397.8
SRA0004378,Broadridge,Nelson Wealth Sol Group,Edward Jones,1638022,J.,Nelson,j..nelson@edwajone.net,258.554.7725,"2286 Market Ln, Ste 889, Pittsburgh, PA, 15201",Pittsburgh,PA,15201,983.2
SRA0004379,Broadridge,Coleman Private Client Group,Morgan Stanley,8148629,Lisa,Coleman,lisa.coleman@morgstan.net,244-930-7733,"2917 Capital Dr, Ste 1437, Chicago, IL, 60614",Chicago,IL,60614,60.4
SRA0004380,Broadridge,Harris Wealth Management Team,Piper Sandler,4415800,D.,Harris,dharris@pipesand.com,7074643430,"2033 Cedar St, Houston, TX, 77001",Houston,TX,77001,1881.1
SRA0004381,Broadridge,Cooper Wealth Mgmt Grp,Piper Sandler,,Kathy,Cooper,kcooper@pipesand.com,900-535-8327,"1528 Sunset Rd, Indianapolis, IN, 46201",Indianapolis,IN,46201,292.6
SRA0004382,Broadridge,Moore Fin Group,LPL Financial,2056142,Eddie,Moore,emoore@lpl.com,9544886524,"7481 Market Rd, Indianapolis, IN, 46201",Indianapolis,IN,46201,29.1
SRA0004383,Broadridge,Baker Fin Grp,Wells Fargo Advisors,6249025,Sarah,Baker,sbaker@wellfargad.com,+18108332001,,Salt Lake City,UT,84101,889.4
SRA0004384,Broadridge,Evans Private Client Group,Raymond James,5162004,Ed,Evans,evanse@raymjame.com,225-721-8669,"549 Park Dr, Ste 3987, Houston, TX, 77001",Houston,TX,77001,416.0
SRA0004385,Broadridge,Turner Fam Wealth Group,Rockefeller Capital Management,8045971,P.,Turner,p..turner@rockcapi.net,+17668688303,"87 Jefferson Ln, Ste 2180, Milwaukee, WI, 53201",Milwaukee,WI,53201,309.5
SRA0004386,Broadridge,Perry Wealth Mgmt Grp,UBS Financial Services,8279415,Lisa,Perry,lperry@ubs.com,,"4650 Market Rd, Ste 1497, Boston, MA, 02134",Boston,MA,02134,969.8
SRA0004387,Broadridge,Sanchez Private Wealth Group,Ameriprise Fniancial,2556359,Bob,Sanchez,sanchezb@amer.com,649.278.1819,,Memphis,TN,38101,92.9
SRA0004388,Broadridge,Howard WA,RBC Wealth Management,5099045,Kev,Howard,khoward@rbc.com,8406995659,"8040 Sunset St, Ste 1747, Nashville, TN, 37201",Nashville,TN,37201,1475.0
SRA0004389,Broadridge,Baker Fin Grp,LPL Financial,7693776,Angela,Baker,abaker@lpl.com,9384097157,"9542 Liberty Dr, Ste 2861, Columbus, OH, 43201",Columbus,OH,43201,25.7
SRA0004390,Broadridge,Collins Wealth Mgmt Team,Janney Montgomery Scott,3362674,Jess,Collins,jcollins@jannmontsc.com,(594) 771-3890,"7473 Cedar Rd, Ste 3552, Columbus, OH, 43201",Columbus,OH,43201,46.3
SRA0004391,Broadridge,Barnes Wealth Mgmt Grp,RBC Wealth Management,3602603,Cynthia,Barnes,cynthia.barnes@rbc.net,485.993.2189,"1497 Broadway Pl, Ste 1541, Salt Lake City, UT, 84101",Salt Lake City,UT,84101,305.8
SRA0004392,Broadridge,Bell Wealth Mgmt Team,RBC Wealth Management,3629907,J.,Bell,,+12673066606,,Minneapolis,MN,55401,120.9
SRA0004393,Broadridge,Walker Wealth Mgmt Group,Oppenheimer & Co,7222040,Sharon,Walker,sharon.walker@oppe.net,572-302-4811,"1536 Main Dr, Los Angeles, CA, 90001",Los Angeles,CA,90001,26.1
SRA0004394,Broadridge,Collins Advisory Group,Steward Partners,6585327,Barb,Collins,barb.collins@stewpart.net,(809) 502-2645,"2306 Park St, Miami, FL, 33101",Miami,FL,33101,393.1
SRA0004395,Broadridge,Rivera Asset Mgmt Grp,Piper Sandler,9211755,Becky,Rivera,brivera@pipesand.com,236-822-7478,"4155 Cedar Blvd, Ste 953, Nashville, TN, 37201",Nashville,TN,37201,148.3
SRA0004396,Broadridge,Campbell Cap Group,UBS Financial Services,2836844,Carol,Campbell,ccampbell@ubs.com,+13582652330,"4914 Lake Blvd, Miami, FL, 33101",Miami,FL,33101,899.7
SRA0004397,Broadridge,Hernandez WP,Stifel Financial,5560549,Kathy,Hernandez,khernandez@stif.com,3055505175,"7097 Lake Blvd, Ste 1614, Los Angeles, CA, 90025",Los Angeles,CA,90025-4034,262.2
SRA0004398,Broadridge,Moore Wealth Management Team,Rockefeller Capital Management,1158354,Tom,Moore,tmoore@rockcapi.com,+16815095502,"1282 Maple Ln, Cincinnati, OH, 45201",Cincinnati,OH,45201,973.3
SRA0004399,Broadridge,Bennett Advisory Group,Rockefeller Capital Management,6421276,C.,Bennett,cbennett@rockcapi.com,397.733.2890,"2712 Financial Ave, Boston, MA, 02101",Boston,MA,02101,45.9
SRA0004400,Broadridge,Davis Private Client Group,Ameriprise Financial,4777088,Jay,Davis,jdavis@amer.com,952.633.9880,"7358 Oak Ave, Ste 411, New York, NY, 10017",New York,NY,10017,36.5
SRA0004401,Broadridge,Lopez Wealth Solutions Group,Steward Partners,1699599,Ashley,Lopez,alopez@stewpart.com,+12632616205,"4155 Park Ave, Baltimore, MD, 21201",Baltimore,MD,21201,654.0
SRA0004402,Broadridge,Lee Investment Group,Oppenheimer & Co,3609477,Tom,Lee,tlee@oppe.com,,"5050 Liberty Rd, Denver, CO, 80201",Denver,CO,80201-5767,181.4
SRA0004403,Broadridge,Nguyen Fin Advisory Group,Edward Jones,2059109,Betty,Nguyen,betty.nguyen@edwajone.net,5894949984,"4187 Park Rd, Ste 1571, Las Vegas, NV, 89101",Las Vegas,NV,89101,
SRA0004404,Broadridge,Long Financial Advisory Group,Piper Sandler,7094446,K.,Long,longk@pipesand.com,5635589871,"8195 River Ave, Los Angeles, CA, 90001",Los Angeles,CA,90001,160.6
SRA0004405,Broadridge,Davis Invest Grp,RBC Wealth Management,5228681,Jess,aDvis,jess.advis@rbc.net,+14809626724,"9091 River Dr, Baltimore, MD, 21201",Baltimore,MD,21201,540.8
SRA0004406,Broadridge,Alexander PW Group,UBS Financial Services,2375428,Joey,Alexander,jalexander@ubs.com,390-307-7992,"1659 Liberty Pl, Ste 1560, Richmond, VA, 23220",Richmond,VA,23220-9185,326.3
SRA0004407,Broadridge,Bailey Wealth Mgmt Grp,Wells Fargo Advisors,9039184,Betty,Bailey,betty.bailey@wellfargad.net,+12772096836,"4191 Market Ln, Ste 3308, Las Vegas, NV, 89101",Las Vegas,NV,89101,141.7
SRA0004408,Broadridge,Gray Wealth Mgmt Group,Morgan Stanley,7888373,Becky,Gray,bgray@morgstan.com,538-731-2265,"5154 Washington Dr, San Diego, CA, 92101",San Diego,CA,92101,2391.8
SRA0004409,Broadridge,Jackson Asset Mgmt Grp,RBC Wealth Management,8204204,Charlie,Jackson,cjackson@rbc.com,786-557-5382,"9297 Hill Way, Milwaukee, WI, 53201",Milwaukee,WI,53201,770.7
SRA0004410,Broadridge,Jackson Wealth Part,Merrill Lynch,9791997,Laura,Jackson,laura.jackson@merrlync.net,570-252-8659,,Austin,TX,78701,205.3
SRA0004411,Broadridge,Perry WA,HighTower,3158135,Dan,Perry,dan.perry@high.net,+15733904440,"2120 Oak Way, Ste 1951, Kansas City, MO, 64101",Kansas City,MO,64101,420.3
SRA0004412,Broadridge,Jones Wealth Management Group,Rockefeller Capital Management,1624986,Kev,Jones,kjones@rockcapi.com,2127635657,"750 Broadway Rd, Boston, MA, 02101",Boston,MA,02101,170.8
SRA0004413,Broadridge,Lee Financial Advisory Group,Raymond James,4755261,Jenny,Lee,leej@raymjame.com,(264) 706-9421,"5479 Market Pl, Ste 2809, Boston, MA, 02101",Boston,MA,02101,128.6
SRA0004414,Broadridge,Wright Wealth Partners,Morgan Stanley,,Ant,Wright,awright@morgstan.com,690-910-7623,"7197 Lincoln St, Richmond, VA, 23220",Richmond,VA,23220,68.8
SRA0004415,Broadridge,Ross Family Wealth Group,LPL Financial,1656892,Sharon,RRoss,sross@lpl.com,(407) 618-8263,,Kansas City,MO,64101,489.2
SRA0004416,Broadridge,Jones Fin Adv Group,UBS Financial Services,9105592,Mel,Jones,mel.jones@ubs.net,,"3228 Liberty Ln, Cleveland, OH, 44101",Cleveland,OH,44101,57.3
SRA0004417,Broadridge,Morgan Adv Grp,Morgan Stanley,3361736,Emily,Morgan,emily.morgan@morgstan.net,839.577.4794,"6496 Hill Ln, Ste 2306, Nashville, TN, 37201",Nashville,TN,37201,499.2
SRA0004418,Broadridge,Bell Wealth Advs,Mesirow Financial,5623643,Shelly,Bell,sbell@mesi.com,+13247139785,"3727 Madison Ct, Cleveland, OH, 44101",Cleveland,OH,44101,314.4
SRA0004419,Broadridge,Kelly Advisory Group,Hightower Advisors,,Barb,eKlly,bkelly@highadvi.com,,,Salt Lake City,UT,84101,260.1
SRA0004420,Broadridge,Taylor Wealth Solutions Grp,Baird,2112692,Angela,Taylor,angela.taylor@bair.net,841.386.6755,"5269 Cedar Rd, Ste 212, Louisville, KY, 40201",Louisville,KY,40201,123.1
SRA0004421,Broadridge,Ward PC Group,Dynasty Financial Partners,7872202,Mike,Ward,wardm@dynapart.com,251-878-3858,"7707 Market Pl, Ste 914, Miami, FL, 33101",Miami,FL,33101,883.1
SRA0004422,Broadridge,Anderson Wealth Solutions Group,Baird,7780983,Tom,Anderson,andersont@bair.com,413.240.4229,"2058 Market Rd, Ste 3644, Cincinnati, OH, 45201",Cincinnati,OH,45201,180.3
SRA0004423,Broadridge,Wright Wealth Advs,RBC Wealth Management,,Ry,Wright,wrightr@rbc.com,7334404953,"6426 Cedar Ct, New York, NY, 10017",New York,NY,10017,162.6
SRA0004424,Broadridge,Stewart Wealth Management Group,Baird,5924694,Kathy,Stewart,kstewart@bair.com,9316752066,,Los Angeles,CA,90001,1506.2
SRA0004425,Broadridge,Barnes Wealth Management Team,Janney Montgomery Scott,5622245,Sandy,Barnes,barness@jannmontsc.com,(367) 778-7658,"7341 Washington St, Ste 1701, Chicago, IL, 60614",Chicago,IL,60614,28.3
SRA0004426,Broadridge,Roberts Adv Grp,LPL Financial,,Kim,Roberts,kroberts@lpl.com,+12782628466,"8987 Maple Blvd, Ste 3580, Minneapolis, MN, 55401",Minneapolis,MN,55401,67.2
SRA0004427,Broadridge,Barnes Fam Wealth Group,Wells Fargo Advisors,9596156,Stevie,Barnes,sbarnes@wellfargad.com,+18257659336,"2139 Park Ave, Ste 693, St. Louis, MO, 63101",St. Louis,MO,63101,436.8
SRA0004428,Broadridge,Nguyen Wealth Mgmt Team,HighTower,9754004,Rob,Nguyen,nguyenr@high.com,979.571.7818,"2095 Park Dr, Dallas, TX, 75201",Dallas,TX,75201,111.5
SRA0004429,Broadridge,Long Wealth Management Team,RBC Wealth Management,4936499,Deborah,Long,dlong@rbc.com,+16633436026,"8050 Oak Ln, Ste 2604, Indianapolis, IN, 46201",Indianapolis,IN,46201-3296,273.5
SRA0004430,Broadridge,Sanchez Family Wealth Grp,Morgan Stanley,7159460,Dave,Sanchez,dsanchez@morgstan.com,(350) 813-1566,"132 Washington Rd, St. Louis, MO, 63101",St. Louis,MO,63101-8711,344.0
SRA0004431,Broadridge,Williams Family Wealth Grp,Janney Montgomery Scott,3604744,Nancy,Williams,williamsn@jannmontsc.com,625-447-1035,"3372 Oak Pl, Ste 3185, Hartford, CT, 06101",Hartford,CT,06101,418.9
SRA0004432,Broadridge,Bell Advisory Group,HighTower,2969175,Betty,Bell,bbell@high.com,(901) 631-1475,"3264 Oak Ct, San Francisco, CA, 94101",San Francisco,CA,94101,525.3
SRA0004433,Broadridge,Long Capital Group,Janney Montgomery Scott,2465989,Dan,Long,dlong@jannmontsc.com,498-222-3786,"1545 Sunset Dr, Chicago, IL, 60614",Chicago,IL,6061,1633.9
SRA0004434,Broadridge,Johnson Wealth Mgmt Group,Stifel Financial,9201067,Mandy,Johnson,,758.303.3764,"8402 Financial Dr, Ste 997, Baltimore, MD, 21201",Baltimore,MD,21201,323.0
SRA0004435,Broadridge,Mitchell Fin Advisory Group,Ameriprise Financial,2430774,Kate,Mitchell,kmitchell@amer.com,+19656889181,"8469 Maple Way, Ste 557, Seattle, WA, 98101",Seattle,WA,98101,169.8
SRA0004436,Broadridge,Lee Capital Group,Rockefeller Capital Management,9015352,Angela,Lee,alee@rockcapi.com,6343542106,"4170 Maple Way, Ste 1382, Portland, OR, 97201",Portland,OR,97201,69.5
SRA0004437,Broadridge,Moore Investment Group,UBS Financial Services,1382881,S.,Moore,smoore@ubs.com,586-866-2970,"2000 Lake Ave, Chicago, IL, 60614",Chicago,IL,60614,1789.0
SRA0004438,Broadridge,Torres Wealth Partners,Baird,2079131,Angela,Torres,atorres@bair.com,9093305430,"4155 Sunset Ave, Ste 2543, New York, NY, 10001",New York,NY,10001,1162.4
SRA0004439,Broadridge,Turner Private Wealth Group,Baird,,M.,Turner,turnerm@bair.com,+14239639381,"7717 Capital Ct, New York, NY, 10001",New York,NY,10001,288.1
SRA0004440,Broadridge,Lewis Asset Mgmt Group,Edward Jones,1411562,Nancy,Lweis,nlweis@edwajone.com,811.764.7072,"3338 Hill Blvd, Ste 3271, Orlando, FL, 32801",Orlando,FL,32801,876.2
SRA0004441,Broadridge,Davis Private Wealth Group,Wells Fargo Advisors,9951123,Pat,Davis,pat.davis@wellfargad.net,293.894.3573,"1979 Sunset Rd, Columbus, OH, 43201",Columbus,OH,4320,184.1
SRA0004442,Broadridge,King Fin Group,Steward Partners,3067139,Tom,King,tking@stewpart.com,408.213.2673,"6624 Pine Ct, Ste 209, New York, NY, 10001",New York,NY,10001,664.9
SRA0004443,Broadridge,Alexander Wealth Mgmt Team,UBS Financial Services,3189557,Carol,Alexander,carol.alexander@ubs.net,594.325.1817,"9671 Liberty St, Ste 584, Chicago, IL, 60601",Chicago,IL,60601,91.1
SRA0004444,Broadridge,Moore Asset Management Group,Dynasty Financial Partners,8879438,Dot,Moore,dmoore@dynapart.com,(649) 723-1413,"3175 Hill Dr, Ste 3372, Kansas City, MO, 64101",Kansas City,MO,64101,219.6
SRA0004445,Broadridge,Price PC Group,LPL Financial,4949316,K.,Price,kprice@lpl.com,575.571.8236,"5112 Financial St, Ste 1901, Richmond, VA, 23220",Richmond,VA,23220,807.0
SRA0004446,Broadridge,Bell Fam Wealth Group,UBS Financiall Services,9752109,Sharon,Bell,,(789) 907-7165,"4141 Park Blvd, Ste 1172, Houston, TX, 77001",Houston,TX,77001,147.7
SRA0004447,Broadridge,Roberts Wealth Management Team,RBC Wealth Management,9941651,Sarah,Roberts,sarah.roberts@rbc.net,809.827.7888,"32 Financial Dr, St. Louis, MO, 63101",St. Louis,MO,63101-1605,793.7
SRA0004448,Broadridge,Sanchez Private Wealth Group,Ameriprise Financial,5744593,Ed,Sanchez,esanchez@amer.com,724-338-5122,"328 Maple Rd, Ste 1945, Louisville, KY, 40201",Louisville,KY,40201,365.0
SRA0004449,Broadridge,Anderson WM Team,Morgan Stanley,4451124,Babs,Anderson,babs.anderson@morgstan.net,+19118403994,"4665 Broadway Ave, Ste 765, Phoenix, AZ, 85001",Phoenix,AZ,85001,464.3
SRA0004450,Broadridge,Ward Wealth Partners,Hightower Advisors,8667844,Amy,Ward,amy.ward@highadvi.net,447-496-4749,"1359 Financial St, Los Angeles, CA, 90001",Los Angeles,CA,90001,125.1
SRA0004451,Broadridge,Ross PC Group,Mesirow Financial,9651607,B.,Ross,rossb@mesi.com,(925) 645-8557,"5566 Commerce Pl, Ste 1450, Charlotte, NC, 28201",Charlotte,NC,28201,23.8
SRA0004452,Broadridge,Peterson PC Group,Hightower Advisors,6259233,Timmy,Peterson,timmy.peterson@highadvi.net,931.970.5031,"8926 Elm St, Ste 2020, Hartford, CT, 06101",Hartford,CT,06101,103.8
SRA0004453,Broadridge,Flores Fin Adv Group,UBS Financial Services,2292516,Tim,Flores,tflores@ubs.com,(271) 579-4616,"35 Capital Ave, Ste 2122, Philadelphia, PA, 19101",Philadelphia,PA,19101-1203,163.1
SRA0004454,Broadridge,Stewart Cap Group,LPL Financial,3539194,Mandy,Stewart,astewart@lpl.com,708.328.5235,"4564 Lincoln St, Atlanta, GA, 30301",Atlanta,GA,30301,4512.8
SRA0004455,Broadridge,Collins Invest Grp,Rockefeller Capital Management,8608620,Angela,Collins,acollins@rockcapi.com,2666423378,"3816 Financial Blvd, New York, NY, 10001",New York,NY,10001,671.4
SRA0004456,Broadridge,Edwards Wealth Advisors,Janney Montgomery Scott,6684892,Tom,Edwards,edwardst@jannmontsc.com,+16546179419,"2010 Maple Blvd, Cleveland, OH, 44101",Cleveland,OH,44101,163.1
SRA0004457,Broadridge,Rivera Wealth Solutions Group,Oppenheimer & Co,6803886,Rob,Rivera,rob.rivera@oppe.net,4492495129,"335 Broadway Ln, Ste 3728, St. Louis, MO, 63101",St. Louis,MO,63101-4517,68.0
SRA0004458,Broadridge,Cox Financial Advisory Group,Mesirow Financial,4600505,Ant,Cox,coxa@mesi.com,4325603885,"4687 Elm Dr, Ste 1126, New York, NY, 10001",New York,NY,10001,25.1
SRA0004459,Broadridge,Thomas Cap Grp,Steward Partners,6763874,Ashley,Thomsa,ashley.thomsa@stewpart.net,987.466.4128,"4540 Liberty Rd, Richmond, VA, 23220",Richmond,VA,2322,387.4
SRA0004460,Broadridge,Hughes Financial Advisory Group,UBS Financial Services,,Ashley,Hughes,hughesa@ubs.com,976.719.5306,"1018 Sunset Ct, Los Angeles, CA, 90025",Los Angeles,CA,90025,1365.7
SRA0004461,Broadridge,Smith Wealth Solutions Group,Ameriprise Financial,8740365,M.,Smith,msmith@amer.com,+14243324819,"3148 River Ave, Ste 1446, Memphis, TN, 38101",Memphis,TN,38101,274.7
SRA0004462,Broadridge,Parker Private Wealth Group,Raymond James,5586119,Lisa,Parker,lparker@raymjame.com,+12268916961,"9282 Park Ct, Nashville, TN, 37201",Nashville,TN,37201,401.3
SRA0004463,Broadridge,Young Priv Wealth Group,LPL Financial,4854715,Don,Young,dyoung@lpl.com,,"967 River Ct, Ste 2676, Austin, TX, 78701",Austin,TX,78701,42.7
SRA0004464,Broadridge,Cox Private Client Group,HighTower,9451997,Kate,Cox,kcox@high.com,+12694899478,"8786 Main Rd, Memphis, TN, 38101",Memphis,TN,38101,266.5
SRA0004465,Broadridge,Hall Cap Grp,Baird,,Will,Hall,hallw@bair.com,+16734031857,"610 Jefferson Dr, Ste 1997, Charlotte, NC, 28201",Charlotte,NC,28201,139.4
SRA0004466,Broadridge,Ross Family Wealth Group,Ameriprise Financial,9197341,Drew,Ross,drew.ross@amer.net,8167864924,"8361 Main Ln, Seattle, WA, 98101",Seattle,WA,98101,433.2
SRA0004467,Broadridge,Young PW Group,Merrill Lynch,,Joey,Young,joey.young@merrlync.net,(476) 806-2777,"9606 Maple Pl, Ste 2016, Portland, OR, 97201",Portland,OR,97201,1228.4
SRA0004468,Broadridge,Nelson Fin Grp,Mesirow Financial,3907413,M.,Nelson,mnelson@mesi.com,(699) 961-2140,,Seattle,WA,98101-8703,767.3
SRA0004469,Broadridge,Green Family Wealth Group,Janney Montgomery Scott,1155268,Cynthia,Green,cgreen@jannmontsc.com,(455) 352-3103,"2193 Pine Ave, Ste 2957, Chicago, IL, 60601",Chicago,IL,60601,528.4
SRA0004470,Broadridge,Collins Wealth Advs,HighTower,8923282,Jenny,Collins,jenny.collins@high.net,2148306054,"1308 Financial Rd, Hartford, CT, 06101",Hartford,CT,06101,32.6
SRA0004471,Broadridge,Jones Priv Wealth Group,Janney Montgomery Scott,,Nancy,Jones,njones@jannmontsc.com,783-387-4475,"682 Commerce Ave, New York, NY, 10001",New York,NY,10001,129.6
SRA0004472,Broadridge,Gonzalez Fin Adv Group,Baird,4938222,Mary,Gonzalez,gonzalezm@bair.com,(693) 918-3642,"2284 Jefferson Dr, Las Vegas, NV, 89101",Las Vegas,NV,89101,49.4
SRA0004473,Broadridge,Collins Family Wealth Group,Wells Fargo Advisors,4178993,Amy,Collins,amy.collins@wellfargad.net,+15477382699,"8065 Market Ave, Ste 1570, Orlando, FL, 32801",Orlando,FL,32801,118.3
SRA0004474,Broadridge,Coleman Wealth Mgmt Grp,Baird,8610906,J.,Coleman,colemanj@bair.com,(858) 748-4467,"6004 Hill Blvd, Ste 577, St. Louis, MO, 63101",St. Louis,MO,63101,184.9
SRA0004475,Broadridge,Jenkins Family Wealth Grp,Baaird,1387852,Sharon,Jenkins,sjenkins@bair.com,261.536.8499,"9574 Financial Pl, Chicago, IL, 60614",Chicago,IL,60614,161.2
SRA0004476,Broadridge,Hernandez Fin Advisory Group,Baird,2414452,M.,Hernandez,hernandezm@bair.com,312.213.8639,"4998 Jefferson Rd, Ste 265, Indianapolis, IN, 46201",Indianapolis,IN,46201,604.2
SRA0004477,Broadridge,Jackson Family Wealth Grp,Ameriprise Financial,3625954,C.,Jackson,cjackson@amer.com,(734) 503-9209,"5181 Oak Ave, Ste 2076, Philadelphia, PA, 19101",Philadelphia,PA,19101,573.2
SRA0004478,Broadridge,Baker Advisory Group,Merrill Lynch,9856463,Drew,Baker,dbaker@merrlync.com,5249598253,"5293 Cedar Ave, Boston, MA, 02134",Boston,MA,02134,167.3
SRA0004479,Broadridge,Roberts Invest Group,HighTower,,Chris,Roberts,croberts@high.com,424-301-1321,"2064 Financial Ave, Orlando, FL, 32801",Orlando,FL,32801-4384,24.1
SRA0004480,Broadridge,Ramirez Capital Group,Rockefeller Capital Management,2913728,Johnny,Ramirez,johnny.ramirez@rockcapi.net,859-918-8703,,Austin,TX,78701,337.2
SRA0004481,Broadridge,Morris Fin Group,Dynasty Financial Partners,4220132,Dan,Morris,morrisd@dynapart.com,(456) 769-4491,"2856 Financial Ln, Ste 2116, Milwaukee, WI, 53201",Milwaukee,WI,53201,750.2
SRA0004482,Broadridge,Evans Fin Grp,Hightower Advisors,,Chuck,Evans,evansc@highadvi.com,+16895565550,"7397 Sunset St, Ste 411, Dallas, TX, 75201",Dallas,TX,75201,159.4
SRA0004483,Broadridge,Ross WM Team,Hightower Advisors,4209124,Sharon,Ross,sharon.ross@highadvi.net,637-638-6096,"230 Capital Way, Ste 574, Baltimore, MD, 21201",Baltimore,MD,21201,295.2
SRA0004484,Broadridge,Williams Fin Grp,LPL Financial,8727795,Jon,Williams,jwilliams@lpl.com,9462586032,"7260 Madison Rd, Austin, TX, 78701",Austin,TX,78701,178.3
SRA0004485,Broadridge,Torres Adv Group,Morgan Stanley,4307983,Andy,Torres,atorres@morgstan.com,(702) 366-2105,"9394 Washington St, Ste 476, New York, NY, 10001",New York,NY,10001,138.4
SRA0004486,Broadridge,Williams Wealth Advs,Hightower Advisors,1287448,M.,Williams,williamsm@highadvi.com,930.928.5669,"6880 Elm St, Hartford, CT, 06101",Hartford,CT,06101,1047.2
SRA0004487,Broadridge,Robinson Invest Grp,Steward Partners,3817745,Pat,Robinson,probinson@stewpart.com,+13025757410,,Boston,MA,02101,1125.5
SRA0004488,Broadridge,Bailey Wealth Advs,Raymond James,6753652,Timmy,Bailey,timmy.bailey@raymjame.net,984.488.8754,"5032 Washington Blvd, Boston, MA, 02101",Boston,MA,02101,467.5
SRA0004489,Broadridge,Rivera Asset Mgmt Grp,Baiird,6250018,Karen,Rivera,karen.rivera@bair.net,4437414754,"5937 Main Way, Pittsburgh, PA, 15201",Pittsburgh,PA,15201-5713,67.3
