transaction_id,transaction_type,transaction_date,settlement_date,from_entity_id,to_entity_id,commitment_id,notice_id,amount_usd,debit_account,credit_account,fund_id,currency,status
TXN-000001,CapitalCallReceivable,2023-08-08,2023-08-25,INV-0021,FUND-ACO-V-DOM,COMM-0001,CCN-00001,8946000.0,Capital Call Receivable,Capital Contributions Payable,FUND-ACO-V,USD,Posted
TXN-000002,CashReceipt,2023-08-25,2023-08-25,INV-0021,FUND-ACO-V-DOM,COMM-0001,CCN-00001,8946000.0,Cash & Cash Equivalents,Capital Call Receivable,FUND-ACO-V,USD,Posted
TXN-000003,InvestmentInMasterFund,2023-08-28,2023-08-28,FUND-ACO-V-DOM,FUND-ACO-V-MAIN,COMM-0001,CCN-00001,8946000.0,Investment in Master Fund,Cash & Cash Equivalents,FUND-ACO-V,USD,Posted
TXN-000004,CapitalFromFeeder,2023-08-28,2023-08-28,FUND-ACO-V-DOM,FUND-ACO-V-MAIN,COMM-0001,CCN-00001,8946000.0,Cash & Cash Equivalents,LP Capital Account — Feeder,FUND-ACO-V,USD,Posted
TXN-000005,CapitalCallReceivable,2024-01-23,2024-02-09,INV-0021,FUND-ACO-V-DOM,COMM-0001,CCN-00002,7455000.0,Capital Call Receivable,Capital Contributions Payable,FUND-ACO-V,USD,Posted
TXN-000006,CashReceipt,2024-02-09,2024-02-09,INV-0021,FUND-ACO-V-DOM,COMM-0001,CCN-00002,7455000.0,Cash & Cash Equivalents,Capital Call Receivable,FUND-ACO-V,USD,Posted
TXN-000007,InvestmentInMasterFund,2024-02-12,2024-02-12,FUND-ACO-V-DOM,FUND-ACO-V-MAIN,COMM-0001,CCN-00002,7455000.0,Investment in Master Fund,Cash & Cash Equivalents,FUND-ACO-V,USD,Posted
TXN-000008,CapitalFromFeeder,2024-02-12,2024-02-12,FUND-ACO-V-DOM,FUND-ACO-V-MAIN,COMM-0001,CCN-00002,7455000.0,Cash & Cash Equivalents,LP Capital Account — Feeder,FUND-ACO-V,USD,Posted
TXN-000009,CapitalCallReceivable,2021-11-28,2021-12-14,INV-0033,FUND-ABF-IX-OFF,COMM-0002,CCN-00004,106602500.0,Capital Call Receivable,Capital Contributions Payable,FUND-ABF-IX,USD,Posted
TXN-000010,CashReceipt,2021-12-14,2021-12-14,INV-0033,FUND-ABF-IX-OFF,COMM-0002,CCN-00004,106602500.0,Cash & Cash Equivalents,Capital Call Receivable,FUND-ABF-IX,USD,Posted
TXN-000011,InvestmentInMasterFund,2021-12-15,2021-12-15,FUND-ABF-IX-OFF,FUND-ABF-IX-MAIN,COMM-0002,CCN-00004,106602500.0,Investment in Master Fund,Cash & Cash Equivalents,FUND-ABF-IX,USD,Posted
TXN-000012,CapitalFromFeeder,2021-12-15,2021-12-15,FUND-ABF-IX-OFF,FUND-ABF-IX-MAIN,COMM-0002,CCN-00004,106602500.0,Cash & Cash Equivalents,LP Capital Account — Feeder,FUND-ABF-IX,USD,Posted
TXN-000013,CapitalCallReceivable,2021-08-23,2021-09-08,INV-0016,FUND-AIP-II-OFF,COMM-0003,CCN-00005,19302000.0,Capital Call Receivable,Capital Contributions Payable,FUND-AIP-II,USD,Posted
TXN-000014,CashReceipt,2021-09-08,2021-09-08,INV-0016,FUND-AIP-II-OFF,COMM-0003,CCN-00005,19302000.0,Cash & Cash Equivalents,Capital Call Receivable,FUND-AIP-II,USD,Posted
TXN-000015,InvestmentInMasterFund,2021-09-09,2021-09-09,FUND-AIP-II-OFF,FUND-AIP-II-MAIN,COMM-0003,CCN-00005,19302000.0,Investment in Master Fund,Cash & Cash Equivalents,FUND-AIP-II,USD,Posted
TXN-000016,CapitalFromFeeder,2021-09-09,2021-09-09,FUND-AIP-II-OFF,FUND-AIP-II-MAIN,COMM-0003,CCN-00005,19302000.0,Cash & Cash Equivalents,LP Capital Account — Feeder,FUND-AIP-II,USD,Posted
TXN-000017,CapitalCallReceivable,2022-05-01,2022-05-17,INV-0016,FUND-AIP-II-OFF,COMM-0003,CCN-00006,16085000.0,Capital Call Receivable,Capital Contributions Payable,FUND-AIP-II,USD,Posted
TXN-000018,CashReceipt,2022-05-17,2022-05-17,INV-0016,FUND-AIP-II-OFF,COMM-0003,CCN-00006,16085000.0,Cash & Cash Equivalents,Capital Call Receivable,FUND-AIP-II,USD,Posted
TXN-000019,InvestmentInMasterFund,2022-05-18,2022-05-18,FUND-AIP-II-OFF,FUND-AIP-II-MAIN,COMM-0003,CCN-00006,16085000.0,Investment in Master Fund,Cash & Cash Equivalents,FUND-AIP-II,USD,Posted
TXN-000020,CapitalFromFeeder,2022-05-18,2022-05-18,FUND-AIP-II-OFF,FUND-AIP-II-MAIN,COMM-0003,CCN-00006,16085000.0,Cash & Cash Equivalents,LP Capital Account — Feeder,FUND-AIP-II,USD,Posted
TXN-000021,CapitalCallReceivable,2019-08-18,2019-08-30,INV-0039,FUND-AGE-I-OFF,COMM-0004,CCN-00007,93477000.0,Capital Call Receivable,Capital Contributions Payable,FUND-AGE-I,USD,Posted
TXN-000022,CashReceipt,2019-08-30,2019-08-30,INV-0039,FUND-AGE-I-OFF,COMM-0004,CCN-00007,93477000.0,Cash & Cash Equivalents,Capital Call Receivable,FUND-AGE-I,USD,Posted
TXN-000023,InvestmentInMasterFund,2019-09-02,2019-09-02,FUND-AGE-I-OFF,FUND-AGE-I-MAIN,COMM-0004,CCN-00007,93477000.0,Investment in Master Fund,Cash & Cash Equivalents,FUND-AGE-I,USD,Posted
TXN-000024,CapitalFromFeeder,2019-09-02,2019-09-02,FUND-AGE-I-OFF,FUND-AGE-I-MAIN,COMM-0004,CCN-00007,93477000.0,Cash & Cash Equivalents,LP Capital Account — Feeder,FUND-AGE-I,USD,Posted
TXN-000025,CapitalCallReceivable,2020-05-18,2020-06-03,INV-0039,FUND-AGE-I-OFF,COMM-0004,CCN-00008,77897500.0,Capital Call Receivable,Capital Contributions Payable,FUND-AGE-I,USD,Posted
TXN-000026,CashReceipt,2020-06-03,2020-06-03,INV-0039,FUND-AGE-I-OFF,COMM-0004,CCN-00008,77897500.0,Cash & Cash Equivalents,Capital Call Receivable,FUND-AGE-I,USD,Posted
TXN-000027,InvestmentInMasterFund,2020-06-04,2020-06-04,FUND-AGE-I-OFF,FUND-AGE-I-MAIN,COMM-0004,CCN-00008,77897500.0,Investment in Master Fund,Cash & Cash Equivalents,FUND-AGE-I,USD,Posted
TXN-000028,CapitalFromFeeder,2020-06-04,2020-06-04,FUND-AGE-I-OFF,FUND-AGE-I-MAIN,COMM-0004,CCN-00008,77897500.0,Cash & Cash Equivalents,LP Capital Account — Feeder,FUND-AGE-I,USD,Posted
TXN-000029,CapitalCallReceivable,2021-08-17,2021-08-31,INV-0014,FUND-ACO-IV-DOM,COMM-0005,CCN-00009,36945000.0,Capital Call Receivable,Capital Contributions Payable,FUND-ACO-IV,USD,Posted
TXN-000030,CashReceipt,2021-08-31,2021-08-31,INV-0014,FUND-ACO-IV-DOM,COMM-0005,CCN-00009,36945000.0,Cash & Cash Equivalents,Capital Call Receivable,FUND-ACO-IV,USD,Posted
TXN-000031,InvestmentInMasterFund,2021-09-01,2021-09-01,FUND-ACO-IV-DOM,FUND-ACO-IV-MAIN,COMM-0005,CCN-00009,36945000.0,Investment in Master Fund,Cash & Cash Equivalents,FUND-ACO-IV,USD,Posted
TXN-000032,CapitalFromFeeder,2021-09-01,2021-09-01,FUND-ACO-IV-DOM,FUND-ACO-IV-MAIN,COMM-0005,CCN-00009,36945000.0,Cash & Cash Equivalents,LP Capital Account — Feeder,FUND-ACO-IV,USD,Posted
TXN-000033,CapitalCallReceivable,2022-02-19,2022-03-09,INV-0014,FUND-ACO-IV-DOM,COMM-0005,CCN-00010,30787500.0,Capital Call Receivable,Capital Contributions Payable,FUND-ACO-IV,USD,Posted
TXN-000034,CashReceipt,2022-03-09,2022-03-09,INV-0014,FUND-ACO-IV-DOM,COMM-0005,CCN-00010,30787500.0,Cash & Cash Equivalents,Capital Call Receivable,FUND-ACO-IV,USD,Posted
TXN-000035,InvestmentInMasterFund,2022-03-10,2022-03-10,FUND-ACO-IV-DOM,FUND-ACO-IV-MAIN,COMM-0005,CCN-00010,30787500.0,Investment in Master Fund,Cash & Cash Equivalents,FUND-ACO-IV,USD,Posted
TXN-000036,CapitalFromFeeder,2022-03-10,2022-03-10,FUND-ACO-IV-DOM,FUND-ACO-IV-MAIN,COMM-0005,CCN-00010,30787500.0,Cash & Cash Equivalents,LP Capital Account — Feeder,FUND-ACO-IV,USD,Posted
TXN-000037,CapitalCallReceivable,2022-08-22,2022-09-08,INV-0020,FUND-AGE-II-DOM,COMM-0006,CCN-00011,48453000.0,Capital Call Receivable,Capital Contributions Payable,FUND-AGE-II,USD,Posted
TXN-000038,CashReceipt,2022-09-08,2022-09-08,INV-0020,FUND-AGE-II-DOM,COMM-0006,CCN-00011,48453000.0,Cash & Cash Equivalents,Capital Call Receivable,FUND-AGE-II,USD,Posted
TXN-000039,InvestmentInMasterFund,2022-09-09,2022-09-09,FUND-AGE-II-DOM,FUND-AGE-II-MAIN,COMM-0006,CCN-00011,48453000.0,Investment in Master Fund,Cash & Cash Equivalents,FUND-AGE-II,USD,Posted
TXN-000040,CapitalFromFeeder,2022-09-09,2022-09-09,FUND-AGE-II-DOM,FUND-AGE-II-MAIN,COMM-0006,CCN-00011,48453000.0,Cash & Cash Equivalents,LP Capital Account — Feeder,FUND-AGE-II,USD,Posted
TXN-000041,CapitalCallReceivable,2023-02-10,2023-02-24,INV-0020,FUND-AGE-II-DOM,COMM-0006,CCN-00012,40377500.0,Capital Call Receivable,Capital Contributions Payable,FUND-AGE-II,USD,Posted
TXN-000042,CashReceipt,2023-02-24,2023-02-24,INV-0020,FUND-AGE-II-DOM,COMM-0006,CCN-00012,40377500.0,Cash & Cash Equivalents,Capital Call Receivable,FUND-AGE-II,USD,Posted
TXN-000043,InvestmentInMasterFund,2023-02-27,2023-02-27,FUND-AGE-II-DOM,FUND-AGE-II-MAIN,COMM-0006,CCN-00012,40377500.0,Investment in Master Fund,Cash & Cash Equivalents,FUND-AGE-II,USD,Posted
TXN-000044,CapitalFromFeeder,2023-02-27,2023-02-27,FUND-AGE-II-DOM,FUND-AGE-II-MAIN,COMM-0006,CCN-00012,40377500.0,Cash & Cash Equivalents,LP Capital Account — Feeder,FUND-AGE-II,USD,Posted
TXN-000045,CapitalCallReceivable,2022-08-22,2022-09-07,INV-0040,FUND-AGE-II-OFF,COMM-0007,CCN-00013,12378000.0,Capital Call Receivable,Capital Contributions Payable,FUND-AGE-II,USD,Posted
TXN-000046,CashReceipt,2022-09-07,2022-09-07,INV-0040,FUND-AGE-II-OFF,COMM-0007,CCN-00013,12378000.0,Cash & Cash Equivalents,Capital Call Receivable,FUND-AGE-II,USD,Posted
TXN-000047,InvestmentInMasterFund,2022-09-08,2022-09-08,FUND-AGE-II-OFF,FUND-AGE-II-MAIN,COMM-0007,CCN-00013,12378000.0,Investment in Master Fund,Cash & Cash Equivalents,FUND-AGE-II,USD,Posted
TXN-000048,CapitalFromFeeder,2022-09-08,2022-09-08,FUND-AGE-II-OFF,FUND-AGE-II-MAIN,COMM-0007,CCN-00013,12378000.0,Cash & Cash Equivalents,LP Capital Account — Feeder,FUND-AGE-II,USD,Posted
TXN-000049,CapitalCallReceivable,2023-02-10,2023-03-01,INV-0040,FUND-AGE-II-OFF,COMM-0007,CCN-00014,10315000.0,Capital Call Receivable,Capital Contributions Payable,FUND-AGE-II,USD,Posted
TXN-000050,CashReceipt,2023-03-01,2023-03-01,INV-0040,FUND-AGE-II-OFF,COMM-0007,CCN-00014,10315000.0,Cash & Cash Equivalents,Capital Call Receivable,FUND-AGE-II,USD,Posted
TXN-000051,InvestmentInMasterFund,2023-03-02,2023-03-02,FUND-AGE-II-OFF,FUND-AGE-II-MAIN,COMM-0007,CCN-00014,10315000.0,Investment in Master Fund,Cash & Cash Equivalents,FUND-AGE-II,USD,Posted
TXN-000052,CapitalFromFeeder,2023-03-02,2023-03-02,FUND-AGE-II-OFF,FUND-AGE-II-MAIN,COMM-0007,CCN-00014,10315000.0,Cash & Cash Equivalents,LP Capital Account — Feeder,FUND-AGE-II,USD,Posted
TXN-000053,CapitalCallReceivable,2023-08-26,2023-09-11,INV-0023,FUND-ABF-X-OFF,COMM-0008,CCN-00015,132072000.0,Capital Call Receivable,Capital Contributions Payable,FUND-ABF-X,USD,Posted
TXN-000054,CashReceipt,2023-09-11,2023-09-11,INV-0023,FUND-ABF-X-OFF,COMM-0008,CCN-00015,132072000.0,Cash & Cash Equivalents,Capital Call Receivable,FUND-ABF-X,USD,Posted
TXN-000055,InvestmentInMasterFund,2023-09-12,2023-09-12,FUND-ABF-X-OFF,FUND-ABF-X-MAIN,COMM-0008,CCN-00015,132072000.0,Investment in Master Fund,Cash & Cash Equivalents,FUND-ABF-X,USD,Posted
TXN-000056,CapitalFromFeeder,2023-09-12,2023-09-12,FUND-ABF-X-OFF,FUND-ABF-X-MAIN,COMM-0008,CCN-00015,132072000.0,Cash & Cash Equivalents,LP Capital Account — Feeder,FUND-ABF-X,USD,Posted
TXN-000057,CapitalCallReceivable,2024-03-26,2024-04-09,INV-0023,FUND-ABF-X-OFF,COMM-0008,CCN-00016,110060000.0,Capital Call Receivable,Capital Contributions Payable,FUND-ABF-X,USD,Posted
TXN-000058,CashReceipt,2024-04-09,2024-04-09,INV-0023,FUND-ABF-X-OFF,COMM-0008,CCN-00016,110060000.0,Cash & Cash Equivalents,Capital Call Receivable,FUND-ABF-X,USD,Posted
TXN-000059,InvestmentInMasterFund,2024-04-10,2024-04-10,FUND-ABF-X-OFF,FUND-ABF-X-MAIN,COMM-0008,CCN-00016,110060000.0,Investment in Master Fund,Cash & Cash Equivalents,FUND-ABF-X,USD,Posted
TXN-000060,CapitalFromFeeder,2024-04-10,2024-04-10,FUND-ABF-X-OFF,FUND-ABF-X-MAIN,COMM-0008,CCN-00016,110060000.0,Cash & Cash Equivalents,LP Capital Account — Feeder,FUND-ABF-X,USD,Posted
TXN-000061,CapitalCallReceivable,2019-08-18,2019-08-30,INV-0029,FUND-AGE-I-DOM,COMM-0009,CCN-00017,92334000.0,Capital Call Receivable,Capital Contributions Payable,FUND-AGE-I,USD,Posted
TXN-000062,CashReceipt,2019-08-30,2019-08-30,INV-0029,FUND-AGE-I-DOM,COMM-0009,CCN-00017,92334000.0,Cash & Cash Equivalents,Capital Call Receivable,FUND-AGE-I,USD,Posted
TXN-000063,InvestmentInMasterFund,2019-09-02,2019-09-02,FUND-AGE-I-DOM,FUND-AGE-I-MAIN,COMM-0009,CCN-00017,92334000.0,Investment in Master Fund,Cash & Cash Equivalents,FUND-AGE-I,USD,Posted
TXN-000064,CapitalFromFeeder,2019-09-02,2019-09-02,FUND-AGE-I-DOM,FUND-AGE-I-MAIN,COMM-0009,CCN-00017,92334000.0,Cash & Cash Equivalents,LP Capital Account — Feeder,FUND-AGE-I,USD,Posted
TXN-000065,CapitalCallReceivable,2020-05-18,2020-06-22,INV-0029,FUND-AGE-I-DOM,COMM-0009,CCN-00018,76945000.0,Capital Call Receivable,Capital Contributions Payable,FUND-AGE-I,USD,Posted
TXN-000066,CashReceipt,2020-06-22,2020-06-22,INV-0029,FUND-AGE-I-DOM,COMM-0009,CCN-00018,76945000.0,Cash & Cash Equivalents,Capital Call Receivable,FUND-AGE-I,USD,Posted
TXN-000067,InvestmentInMasterFund,2020-06-23,2020-06-23,FUND-AGE-I-DOM,FUND-AGE-I-MAIN,COMM-0009,CCN-00018,76945000.0,Investment in Master Fund,Cash & Cash Equivalents,FUND-AGE-I,USD,Posted
TXN-000068,CapitalFromFeeder,2020-06-23,2020-06-23,FUND-AGE-I-DOM,FUND-AGE-I-MAIN,COMM-0009,CCN-00018,76945000.0,Cash & Cash Equivalents,LP Capital Account — Feeder,FUND-AGE-I,USD,Posted
TXN-000069,CapitalCallReceivable,2023-08-26,2023-09-21,INV-0036,FUND-ABF-X-MAIN,COMM-0010,CCN-00019,139866000.0,Capital Call Receivable,Capital Contributions Payable,FUND-ABF-X,USD,Posted
TXN-000070,CashReceipt,2023-09-21,2023-09-21,INV-0036,FUND-ABF-X-MAIN,COMM-0010,CCN-00019,139866000.0,Cash & Cash Equivalents,Capital Call Receivable,FUND-ABF-X,USD,Posted
TXN-000071,CapitalCallReceivable,2024-03-26,2024-04-12,INV-0036,FUND-ABF-X-MAIN,COMM-0010,CCN-00020,116555000.0,Capital Call Receivable,Capital Contributions Payable,FUND-ABF-X,USD,Posted
TXN-000072,CashReceipt,2024-04-12,2024-04-12,INV-0036,FUND-ABF-X-MAIN,COMM-0010,CCN-00020,116555000.0,Cash & Cash Equivalents,Capital Call Receivable,FUND-ABF-X,USD,Posted
TXN-000073,CapitalCallReceivable,2020-07-02,2020-07-17,INV-0008,FUND-ARA-III-OFF,COMM-0011,CCN-00021,111750000.0,Capital Call Receivable,Capital Contributions Payable,FUND-ARA-III,USD,Posted
TXN-000074,CashReceipt,2020-07-17,2020-07-17,INV-0008,FUND-ARA-III-OFF,COMM-0011,CCN-00021,111750000.0,Cash & Cash Equivalents,Capital Call Receivable,FUND-ARA-III,USD,Posted
TXN-000075,InvestmentInMasterFund,2020-07-20,2020-07-20,FUND-ARA-III-OFF,FUND-ARA-III-MAIN,COMM-0011,CCN-00021,111750000.0,Investment in Master Fund,Cash & Cash Equivalents,FUND-ARA-III,USD,Posted
TXN-000076,CapitalFromFeeder,2020-07-20,2020-07-20,FUND-ARA-III-OFF,FUND-ARA-III-MAIN,COMM-0011,CCN-00021,111750000.0,Cash & Cash Equivalents,LP Capital Account — Feeder,FUND-ARA-III,USD,Posted
TXN-000077,CapitalCallReceivable,2020-11-06,2020-11-23,INV-0008,FUND-ARA-III-OFF,COMM-0011,CCN-00022,93125000.0,Capital Call Receivable,Capital Contributions Payable,FUND-ARA-III,USD,Posted
TXN-000078,CashReceipt,2020-11-23,2020-11-23,INV-0008,FUND-ARA-III-OFF,COMM-0011,CCN-00022,93125000.0,Cash & Cash Equivalents,Capital Call Receivable,FUND-ARA-III,USD,Posted
TXN-000079,InvestmentInMasterFund,2020-11-24,2020-11-24,FUND-ARA-III-OFF,FUND-ARA-III-MAIN,COMM-0011,CCN-00022,93125000.0,Investment in Master Fund,Cash & Cash Equivalents,FUND-ARA-III,USD,Posted
TXN-000080,CapitalFromFeeder,2020-11-24,2020-11-24,FUND-ARA-III-OFF,FUND-ARA-III-MAIN,COMM-0011,CCN-00022,93125000.0,Cash & Cash Equivalents,LP Capital Account — Feeder,FUND-ARA-III,USD,Posted
TXN-000081,CapitalCallReceivable,2023-08-07,2023-08-24,INV-0039,FUND-AIP-III-DOM,COMM-0012,CCN-00023,108066000.0,Capital Call Receivable,Capital Contributions Payable,FUND-AIP-III,USD,Posted
TXN-000082,CashReceipt,2023-08-24,2023-08-24,INV-0039,FUND-AIP-III-DOM,COMM-0012,CCN-00023,108066000.0,Cash & Cash Equivalents,Capital Call Receivable,FUND-AIP-III,USD,Posted
TXN-000083,InvestmentInMasterFund,2023-08-25,2023-08-25,FUND-AIP-III-DOM,FUND-AIP-III-MAIN,COMM-0012,CCN-00023,108066000.0,Investment in Master Fund,Cash & Cash Equivalents,FUND-AIP-III,USD,Posted
TXN-000084,CapitalFromFeeder,2023-08-25,2023-08-25,FUND-AIP-III-DOM,FUND-AIP-III-MAIN,COMM-0012,CCN-00023,108066000.0,Cash & Cash Equivalents,LP Capital Account — Feeder,FUND-AIP-III,USD,Posted
TXN-000085,CapitalCallReceivable,2023-11-24,2023-12-27,INV-0039,FUND-AIP-III-DOM,COMM-0012,CCN-00024,90055000.0,Capital Call Receivable,Capital Contributions Payable,FUND-AIP-III,USD,Posted
TXN-000086,CashReceipt,2023-12-27,2023-12-27,INV-0039,FUND-AIP-III-DOM,COMM-0012,CCN-00024,90055000.0,Cash & Cash Equivalents,Capital Call Receivable,FUND-AIP-III,USD,Posted
TXN-000087,InvestmentInMasterFund,2023-12-28,2023-12-28,FUND-AIP-III-DOM,FUND-AIP-III-MAIN,COMM-0012,CCN-00024,90055000.0,Investment in Master Fund,Cash & Cash Equivalents,FUND-AIP-III,USD,Posted
TXN-000088,CapitalFromFeeder,2023-12-28,2023-12-28,FUND-AIP-III-DOM,FUND-AIP-III-MAIN,COMM-0012,CCN-00024,90055000.0,Cash & Cash Equivalents,LP Capital Account — Feeder,FUND-AIP-III,USD,Posted
TXN-000089,CapitalCallReceivable,2023-08-08,2023-08-24,INV-0032,FUND-ACO-V-OFF,COMM-0013,CCN-00025,135942000.0,Capital Call Receivable,Capital Contributions Payable,FUND-ACO-V,USD,Posted
TXN-000090,CashReceipt,2023-08-24,2023-08-24,INV-0032,FUND-ACO-V-OFF,COMM-0013,CCN-00025,135942000.0,Cash & Cash Equivalents,Capital Call Receivable,FUND-ACO-V,USD,Posted
TXN-000091,InvestmentInMasterFund,2023-08-25,2023-08-25,FUND-ACO-V-OFF,FUND-ACO-V-MAIN,COMM-0013,CCN-00025,135942000.0,Investment in Master Fund,Cash & Cash Equivalents,FUND-ACO-V,USD,Posted
TXN-000092,CapitalFromFeeder,2023-08-25,2023-08-25,FUND-ACO-V-OFF,FUND-ACO-V-MAIN,COMM-0013,CCN-00025,135942000.0,Cash & Cash Equivalents,LP Capital Account — Feeder,FUND-ACO-V,USD,Posted
TXN-000093,CapitalCallReceivable,2024-01-23,2024-02-09,INV-0032,FUND-ACO-V-OFF,COMM-0013,CCN-00026,113285000.0,Capital Call Receivable,Capital Contributions Payable,FUND-ACO-V,USD,Posted
TXN-000094,CashReceipt,2024-02-09,2024-02-09,INV-0032,FUND-ACO-V-OFF,COMM-0013,CCN-00026,113285000.0,Cash & Cash Equivalents,Capital Call Receivable,FUND-ACO-V,USD,Posted
TXN-000095,InvestmentInMasterFund,2024-02-12,2024-02-12,FUND-ACO-V-OFF,FUND-ACO-V-MAIN,COMM-0013,CCN-00026,113285000.0,Investment in Master Fund,Cash & Cash Equivalents,FUND-ACO-V,USD,Posted
TXN-000096,CapitalFromFeeder,2024-02-12,2024-02-12,FUND-ACO-V-OFF,FUND-ACO-V-MAIN,COMM-0013,CCN-00026,113285000.0,Cash & Cash Equivalents,LP Capital Account — Feeder,FUND-ACO-V,USD,Posted
TXN-000097,CapitalCallReceivable,2020-07-02,2020-07-20,INV-0028,FUND-ARA-III-MAIN,COMM-0014,CCN-00027,8046000.0,Capital Call Receivable,Capital Contributions Payable,FUND-ARA-III,USD,Posted
TXN-000098,CashReceipt,2020-07-20,2020-07-20,INV-0028,FUND-ARA-III-MAIN,COMM-0014,CCN-00027,8046000.0,Cash & Cash Equivalents,Capital Call Receivable,FUND-ARA-III,USD,Posted
TXN-000099,CapitalCallReceivable,2020-11-06,2020-11-25,INV-0028,FUND-ARA-III-MAIN,COMM-0014,CCN-00028,6705000.0,Capital Call Receivable,Capital Contributions Payable,FUND-ARA-III,USD,Posted
TXN-000100,CashReceipt,2020-11-25,2020-11-25,INV-0028,FUND-ARA-III-MAIN,COMM-0014,CCN-00028,6705000.0,Cash & Cash Equivalents,Capital Call Receivable,FUND-ARA-III,USD,Posted
TXN-000101,CapitalCallReceivable,2020-07-02,2020-07-17,INV-0017,FUND-ARA-III-DOM,COMM-0015,CCN-00029,111573000.0,Capital Call Receivable,Capital Contributions Payable,FUND-ARA-III,USD,Posted
TXN-000102,CashReceipt,2020-07-17,2020-07-17,INV-0017,FUND-ARA-III-DOM,COMM-0015,CCN-00029,111573000.0,Cash & Cash Equivalents,Capital Call Receivable,FUND-ARA-III,USD,Posted
TXN-000103,InvestmentInMasterFund,2020-07-20,2020-07-20,FUND-ARA-III-DOM,FUND-ARA-III-MAIN,COMM-0015,CCN-00029,111573000.0,Investment in Master Fund,Cash & Cash Equivalents,FUND-ARA-III,USD,Posted
TXN-000104,CapitalFromFeeder,2020-07-20,2020-07-20,FUND-ARA-III-DOM,FUND-ARA-III-MAIN,COMM-0015,CCN-00029,111573000.0,Cash & Cash Equivalents,LP Capital Account — Feeder,FUND-ARA-III,USD,Posted
TXN-000105,CapitalCallReceivable,2020-11-06,2020-11-25,INV-0017,FUND-ARA-III-DOM,COMM-0015,CCN-00030,92977500.0,Capital Call Receivable,Capital Contributions Payable,FUND-ARA-III,USD,Posted
TXN-000106,CashReceipt,2020-11-25,2020-11-25,INV-0017,FUND-ARA-III-DOM,COMM-0015,CCN-00030,92977500.0,Cash & Cash Equivalents,Capital Call Receivable,FUND-ARA-III,USD,Posted
TXN-000107,InvestmentInMasterFund,2020-11-26,2020-11-26,FUND-ARA-III-DOM,FUND-ARA-III-MAIN,COMM-0015,CCN-00030,92977500.0,Investment in Master Fund,Cash & Cash Equivalents,FUND-ARA-III,USD,Posted
TXN-000108,CapitalFromFeeder,2020-11-26,2020-11-26,FUND-ARA-III-DOM,FUND-ARA-III-MAIN,COMM-0015,CCN-00030,92977500.0,Cash & Cash Equivalents,LP Capital Account — Feeder,FUND-ARA-III,USD,Posted
TXN-000109,CapitalCallReceivable,2023-08-07,2023-08-24,INV-0001,FUND-AIP-III-OFF,COMM-0016,CCN-00031,12675000.0,Capital Call Receivable,Capital Contributions Payable,FUND-AIP-III,USD,Posted
TXN-000110,CashReceipt,2023-08-24,2023-08-24,INV-0001,FUND-AIP-III-OFF,COMM-0016,CCN-00031,12675000.0,Cash & Cash Equivalents,Capital Call Receivable,FUND-AIP-III,USD,Posted
TXN-000111,InvestmentInMasterFund,2023-08-25,2023-08-25,FUND-AIP-III-OFF,FUND-AIP-III-MAIN,COMM-0016,CCN-00031,12675000.0,Investment in Master Fund,Cash & Cash Equivalents,FUND-AIP-III,USD,Posted
TXN-000112,CapitalFromFeeder,2023-08-25,2023-08-25,FUND-AIP-III-OFF,FUND-AIP-III-MAIN,COMM-0016,CCN-00031,12675000.0,Cash & Cash Equivalents,LP Capital Account — Feeder,FUND-AIP-III,USD,Posted
TXN-000113,CapitalCallReceivable,2021-08-08,2021-08-20,INV-0003,FUND-ABF-IX-MAIN,COMM-0018,CCN-00035,55650000.0,Capital Call Receivable,Capital Contributions Payable,FUND-ABF-IX,USD,Posted
TXN-000114,CashReceipt,2021-08-20,2021-08-20,INV-0003,FUND-ABF-IX-MAIN,COMM-0018,CCN-00035,55650000.0,Cash & Cash Equivalents,Capital Call Receivable,FUND-ABF-IX,USD,Posted
TXN-000115,CapitalCallReceivable,2021-11-28,2021-12-15,INV-0003,FUND-ABF-IX-MAIN,COMM-0018,CCN-00036,46375000.0,Capital Call Receivable,Capital Contributions Payable,FUND-ABF-IX,USD,Posted
TXN-000116,CashReceipt,2021-12-15,2021-12-15,INV-0003,FUND-ABF-IX-MAIN,COMM-0018,CCN-00036,46375000.0,Cash & Cash Equivalents,Capital Call Receivable,FUND-ABF-IX,USD,Posted
TXN-000117,CapitalCallReceivable,2022-07-15,2022-08-01,INV-0016,FUND-ARA-IV-DOM,COMM-0019,CCN-00037,54021000.0,Capital Call Receivable,Capital Contributions Payable,FUND-ARA-IV,USD,Posted
TXN-000118,CashReceipt,2022-08-01,2022-08-01,INV-0016,FUND-ARA-IV-DOM,COMM-0019,CCN-00037,54021000.0,Cash & Cash Equivalents,Capital Call Receivable,FUND-ARA-IV,USD,Posted
TXN-000119,InvestmentInMasterFund,2022-08-02,2022-08-02,FUND-ARA-IV-DOM,FUND-ARA-IV-MAIN,COMM-0019,CCN-00037,54021000.0,Investment in Master Fund,Cash & Cash Equivalents,FUND-ARA-IV,USD,Posted
TXN-000120,CapitalFromFeeder,2022-08-02,2022-08-02,FUND-ARA-IV-DOM,FUND-ARA-IV-MAIN,COMM-0019,CCN-00037,54021000.0,Cash & Cash Equivalents,LP Capital Account — Feeder,FUND-ARA-IV,USD,Posted
TXN-000121,CapitalCallReceivable,2023-04-17,2023-05-03,INV-0016,FUND-ARA-IV-DOM,COMM-0019,CCN-00038,45017500.0,Capital Call Receivable,Capital Contributions Payable,FUND-ARA-IV,USD,Posted
TXN-000122,CashReceipt,2023-05-03,2023-05-03,INV-0016,FUND-ARA-IV-DOM,COMM-0019,CCN-00038,45017500.0,Cash & Cash Equivalents,Capital Call Receivable,FUND-ARA-IV,USD,Posted
TXN-000123,InvestmentInMasterFund,2023-05-04,2023-05-04,FUND-ARA-IV-DOM,FUND-ARA-IV-MAIN,COMM-0019,CCN-00038,45017500.0,Investment in Master Fund,Cash & Cash Equivalents,FUND-ARA-IV,USD,Posted
TXN-000124,CapitalFromFeeder,2023-05-04,2023-05-04,FUND-ARA-IV-DOM,FUND-ARA-IV-MAIN,COMM-0019,CCN-00038,45017500.0,Cash & Cash Equivalents,LP Capital Account — Feeder,FUND-ARA-IV,USD,Posted
TXN-000125,CapitalCallReceivable,2023-08-26,2023-09-08,INV-0010,FUND-ABF-X-DOM,COMM-0020,CCN-00039,129894000.0,Capital Call Receivable,Capital Contributions Payable,FUND-ABF-X,USD,Posted
TXN-000126,CashReceipt,2023-09-08,2023-09-08,INV-0010,FUND-ABF-X-DOM,COMM-0020,CCN-00039,129894000.0,Cash & Cash Equivalents,Capital Call Receivable,FUND-ABF-X,USD,Posted
TXN-000127,InvestmentInMasterFund,2023-09-11,2023-09-11,FUND-ABF-X-DOM,FUND-ABF-X-MAIN,COMM-0020,CCN-00039,129894000.0,Investment in Master Fund,Cash & Cash Equivalents,FUND-ABF-X,USD,Posted
TXN-000128,CapitalFromFeeder,2023-09-11,2023-09-11,FUND-ABF-X-DOM,FUND-ABF-X-MAIN,COMM-0020,CCN-00039,129894000.0,Cash & Cash Equivalents,LP Capital Account — Feeder,FUND-ABF-X,USD,Posted
TXN-000129,CapitalCallReceivable,2024-03-26,2024-04-12,INV-0010,FUND-ABF-X-DOM,COMM-0020,CCN-00040,108245000.0,Capital Call Receivable,Capital Contributions Payable,FUND-ABF-X,USD,Posted
TXN-000130,CashReceipt,2024-04-12,2024-04-12,INV-0010,FUND-ABF-X-DOM,COMM-0020,CCN-00040,108245000.0,Cash & Cash Equivalents,Capital Call Receivable,FUND-ABF-X,USD,Posted
TXN-000131,InvestmentInMasterFund,2024-04-15,2024-04-15,FUND-ABF-X-DOM,FUND-ABF-X-MAIN,COMM-0020,CCN-00040,108245000.0,Investment in Master Fund,Cash & Cash Equivalents,FUND-ABF-X,USD,Posted
TXN-000132,CapitalFromFeeder,2024-04-15,2024-04-15,FUND-ABF-X-DOM,FUND-ABF-X-MAIN,COMM-0020,CCN-00040,108245000.0,Cash & Cash Equivalents,LP Capital Account — Feeder,FUND-ABF-X,USD,Posted
TXN-000133,CapitalCallReceivable,2021-08-17,2021-09-03,INV-0012,FUND-ACO-IV-OFF,COMM-0021,CCN-00041,117684000.0,Capital Call Receivable,Capital Contributions Payable,FUND-ACO-IV,USD,Posted
TXN-000134,CashReceipt,2021-09-03,2021-09-03,INV-0012,FUND-ACO-IV-OFF,COMM-0021,CCN-00041,117684000.0,Cash & Cash Equivalents,Capital Call Receivable,FUND-ACO-IV,USD,Posted
TXN-000135,InvestmentInMasterFund,2021-09-06,2021-09-06,FUND-ACO-IV-OFF,FUND-ACO-IV-MAIN,COMM-0021,CCN-00041,117684000.0,Investment in Master Fund,Cash & Cash Equivalents,FUND-ACO-IV,USD,Posted
TXN-000136,CapitalFromFeeder,2021-09-06,2021-09-06,FUND-ACO-IV-OFF,FUND-ACO-IV-MAIN,COMM-0021,CCN-00041,117684000.0,Cash & Cash Equivalents,LP Capital Account — Feeder,FUND-ACO-IV,USD,Posted
TXN-000137,CapitalCallReceivable,2022-02-19,2022-03-04,INV-0012,FUND-ACO-IV-OFF,COMM-0021,CCN-00042,98070000.0,Capital Call Receivable,Capital Contributions Payable,FUND-ACO-IV,USD,Posted
TXN-000138,CashReceipt,2022-03-04,2022-03-04,INV-0012,FUND-ACO-IV-OFF,COMM-0021,CCN-00042,98070000.0,Cash & Cash Equivalents,Capital Call Receivable,FUND-ACO-IV,USD,Posted
TXN-000139,InvestmentInMasterFund,2022-03-07,2022-03-07,FUND-ACO-IV-OFF,FUND-ACO-IV-MAIN,COMM-0021,CCN-00042,98070000.0,Investment in Master Fund,Cash & Cash Equivalents,FUND-ACO-IV,USD,Posted
TXN-000140,CapitalFromFeeder,2022-03-07,2022-03-07,FUND-ACO-IV-OFF,FUND-ACO-IV-MAIN,COMM-0021,CCN-00042,98070000.0,Cash & Cash Equivalents,LP Capital Account — Feeder,FUND-ACO-IV,USD,Posted
TXN-000141,CapitalCallReceivable,2021-08-23,2021-09-16,INV-0011,FUND-AIP-II-DOM,COMM-0022,CCN-00043,58308000.0,Capital Call Receivable,Capital Contributions Payable,FUND-AIP-II,USD,Posted
TXN-000142,CashReceipt,2021-09-16,2021-09-16,INV-0011,FUND-AIP-II-DOM,COMM-0022,CCN-00043,58308000.0,Cash & Cash Equivalents,Capital Call Receivable,FUND-AIP-II,USD,Posted
TXN-000143,InvestmentInMasterFund,2021-09-17,2021-09-17,FUND-AIP-II-DOM,FUND-AIP-II-MAIN,COMM-0022,CCN-00043,58308000.0,Investment in Master Fund,Cash & Cash Equivalents,FUND-AIP-II,USD,Posted
TXN-000144,CapitalFromFeeder,2021-09-17,2021-09-17,FUND-AIP-II-DOM,FUND-AIP-II-MAIN,COMM-0022,CCN-00043,58308000.0,Cash & Cash Equivalents,LP Capital Account — Feeder,FUND-AIP-II,USD,Posted
TXN-000145,CapitalCallReceivable,2022-05-01,2022-05-13,INV-0011,FUND-AIP-II-DOM,COMM-0022,CCN-00044,48590000.0,Capital Call Receivable,Capital Contributions Payable,FUND-AIP-II,USD,Posted
TXN-000146,CashReceipt,2022-05-13,2022-05-13,INV-0011,FUND-AIP-II-DOM,COMM-0022,CCN-00044,48590000.0,Cash & Cash Equivalents,Capital Call Receivable,FUND-AIP-II,USD,Posted
TXN-000147,InvestmentInMasterFund,2022-05-16,2022-05-16,FUND-AIP-II-DOM,FUND-AIP-II-MAIN,COMM-0022,CCN-00044,48590000.0,Investment in Master Fund,Cash & Cash Equivalents,FUND-AIP-II,USD,Posted
TXN-000148,CapitalFromFeeder,2022-05-16,2022-05-16,FUND-AIP-II-DOM,FUND-AIP-II-MAIN,COMM-0022,CCN-00044,48590000.0,Cash & Cash Equivalents,LP Capital Account — Feeder,FUND-AIP-II,USD,Posted
TXN-000149,CapitalCallReceivable,2022-07-15,2022-08-03,INV-0013,FUND-ARA-IV-MAIN,COMM-0023,CCN-00045,53424000.0,Capital Call Receivable,Capital Contributions Payable,FUND-ARA-IV,USD,Posted
TXN-000150,CashReceipt,2022-08-03,2022-08-03,INV-0013,FUND-ARA-IV-MAIN,COMM-0023,CCN-00045,53424000.0,Cash & Cash Equivalents,Capital Call Receivable,FUND-ARA-IV,USD,Posted
TXN-000151,CapitalCallReceivable,2023-04-17,2023-05-01,INV-0013,FUND-ARA-IV-MAIN,COMM-0023,CCN-00046,44520000.0,Capital Call Receivable,Capital Contributions Payable,FUND-ARA-IV,USD,Posted
TXN-000152,CashReceipt,2023-05-01,2023-05-01,INV-0013,FUND-ARA-IV-MAIN,COMM-0023,CCN-00046,44520000.0,Cash & Cash Equivalents,Capital Call Receivable,FUND-ARA-IV,USD,Posted
TXN-000153,CapitalCallReceivable,2022-07-15,2022-08-02,INV-0013,FUND-ARA-IV-OFF,COMM-0024,CCN-00047,50247000.0,Capital Call Receivable,Capital Contributions Payable,FUND-ARA-IV,USD,Posted
TXN-000154,CashReceipt,2022-08-02,2022-08-02,INV-0013,FUND-ARA-IV-OFF,COMM-0024,CCN-00047,50247000.0,Cash & Cash Equivalents,Capital Call Receivable,FUND-ARA-IV,USD,Posted
TXN-000155,InvestmentInMasterFund,2022-08-03,2022-08-03,FUND-ARA-IV-OFF,FUND-ARA-IV-MAIN,COMM-0024,CCN-00047,50247000.0,Investment in Master Fund,Cash & Cash Equivalents,FUND-ARA-IV,USD,Posted
TXN-000156,CapitalFromFeeder,2022-08-03,2022-08-03,FUND-ARA-IV-OFF,FUND-ARA-IV-MAIN,COMM-0024,CCN-00047,50247000.0,Cash & Cash Equivalents,LP Capital Account — Feeder,FUND-ARA-IV,USD,Posted
TXN-000157,CapitalCallReceivable,2023-04-17,2023-05-04,INV-0013,FUND-ARA-IV-OFF,COMM-0024,CCN-00048,41872500.0,Capital Call Receivable,Capital Contributions Payable,FUND-ARA-IV,USD,Posted
TXN-000158,CashReceipt,2023-05-04,2023-05-04,INV-0013,FUND-ARA-IV-OFF,COMM-0024,CCN-00048,41872500.0,Cash & Cash Equivalents,Capital Call Receivable,FUND-ARA-IV,USD,Posted
TXN-000159,InvestmentInMasterFund,2023-05-05,2023-05-05,FUND-ARA-IV-OFF,FUND-ARA-IV-MAIN,COMM-0024,CCN-00048,41872500.0,Investment in Master Fund,Cash & Cash Equivalents,FUND-ARA-IV,USD,Posted
TXN-000160,CapitalFromFeeder,2023-05-05,2023-05-05,FUND-ARA-IV-OFF,FUND-ARA-IV-MAIN,COMM-0024,CCN-00048,41872500.0,Cash & Cash Equivalents,LP Capital Account — Feeder,FUND-ARA-IV,USD,Posted
TXN-000161,CapitalCallReceivable,2023-08-08,2023-08-22,INV-0033,FUND-ACO-V-DOM,COMM-0025,CCN-00049,102408000.0,Capital Call Receivable,Capital Contributions Payable,FUND-ACO-V,USD,Posted
TXN-000162,CashReceipt,2023-08-22,2023-08-22,INV-0033,FUND-ACO-V-DOM,COMM-0025,CCN-00049,102408000.0,Cash & Cash Equivalents,Capital Call Receivable,FUND-ACO-V,USD,Posted
TXN-000163,InvestmentInMasterFund,2023-08-23,2023-08-23,FUND-ACO-V-DOM,FUND-ACO-V-MAIN,COMM-0025,CCN-00049,102408000.0,Investment in Master Fund,Cash & Cash Equivalents,FUND-ACO-V,USD,Posted
TXN-000164,CapitalFromFeeder,2023-08-23,2023-08-23,FUND-ACO-V-DOM,FUND-ACO-V-MAIN,COMM-0025,CCN-00049,102408000.0,Cash & Cash Equivalents,LP Capital Account — Feeder,FUND-ACO-V,USD,Posted
TXN-000165,CapitalCallReceivable,2024-01-23,2024-02-07,INV-0033,FUND-ACO-V-DOM,COMM-0025,CCN-00050,85340000.0,Capital Call Receivable,Capital Contributions Payable,FUND-ACO-V,USD,Posted
TXN-000166,CashReceipt,2024-02-07,2024-02-07,INV-0033,FUND-ACO-V-DOM,COMM-0025,CCN-00050,85340000.0,Cash & Cash Equivalents,Capital Call Receivable,FUND-ACO-V,USD,Posted
TXN-000167,InvestmentInMasterFund,2024-02-08,2024-02-08,FUND-ACO-V-DOM,FUND-ACO-V-MAIN,COMM-0025,CCN-00050,85340000.0,Investment in Master Fund,Cash & Cash Equivalents,FUND-ACO-V,USD,Posted
TXN-000168,CapitalFromFeeder,2024-02-08,2024-02-08,FUND-ACO-V-DOM,FUND-ACO-V-MAIN,COMM-0025,CCN-00050,85340000.0,Cash & Cash Equivalents,LP Capital Account — Feeder,FUND-ACO-V,USD,Posted
TXN-000169,CapitalCallReceivable,2021-08-08,2021-08-25,INV-0008,FUND-ABF-IX-OFF,COMM-0026,CCN-00051,28017000.0,Capital Call Receivable,Capital Contributions Payable,FUND-ABF-IX,USD,Posted
TXN-000170,CashReceipt,2021-08-25,2021-08-25,INV-0008,FUND-ABF-IX-OFF,COMM-0026,CCN-00051,28017000.0,Cash & Cash Equivalents,Capital Call Receivable,FUND-ABF-IX,USD,Posted
TXN-000171,InvestmentInMasterFund,2021-08-26,2021-08-26,FUND-ABF-IX-OFF,FUND-ABF-IX-MAIN,COMM-0026,CCN-00051,28017000.0,Investment in Master Fund,Cash & Cash Equivalents,FUND-ABF-IX,USD,Posted
TXN-000172,CapitalFromFeeder,2021-08-26,2021-08-26,FUND-ABF-IX-OFF,FUND-ABF-IX-MAIN,COMM-0026,CCN-00051,28017000.0,Cash & Cash Equivalents,LP Capital Account — Feeder,FUND-ABF-IX,USD,Posted
TXN-000173,CapitalCallReceivable,2021-11-28,2021-12-14,INV-0008,FUND-ABF-IX-OFF,COMM-0026,CCN-00052,23347500.0,Capital Call Receivable,Capital Contributions Payable,FUND-ABF-IX,USD,Posted
TXN-000174,CashReceipt,2021-12-14,2021-12-14,INV-0008,FUND-ABF-IX-OFF,COMM-0026,CCN-00052,23347500.0,Cash & Cash Equivalents,Capital Call Receivable,FUND-ABF-IX,USD,Posted
TXN-000175,InvestmentInMasterFund,2021-12-15,2021-12-15,FUND-ABF-IX-OFF,FUND-ABF-IX-MAIN,COMM-0026,CCN-00052,23347500.0,Investment in Master Fund,Cash & Cash Equivalents,FUND-ABF-IX,USD,Posted
TXN-000176,CapitalFromFeeder,2021-12-15,2021-12-15,FUND-ABF-IX-OFF,FUND-ABF-IX-MAIN,COMM-0026,CCN-00052,23347500.0,Cash & Cash Equivalents,LP Capital Account — Feeder,FUND-ABF-IX,USD,Posted
TXN-000177,CapitalCallReceivable,2021-08-23,2021-09-27,INV-0039,FUND-AIP-II-OFF,COMM-0027,CCN-00053,52836000.0,Capital Call Receivable,Capital Contributions Payable,FUND-AIP-II,USD,Posted
TXN-000178,CashReceipt,2021-09-27,2021-09-27,INV-0039,FUND-AIP-II-OFF,COMM-0027,CCN-00053,52836000.0,Cash & Cash Equivalents,Capital Call Receivable,FUND-AIP-II,USD,Posted
TXN-000179,InvestmentInMasterFund,2021-09-28,2021-09-28,FUND-AIP-II-OFF,FUND-AIP-II-MAIN,COMM-0027,CCN-00053,52836000.0,Investment in Master Fund,Cash & Cash Equivalents,FUND-AIP-II,USD,Posted
TXN-000180,CapitalFromFeeder,2021-09-28,2021-09-28,FUND-AIP-II-OFF,FUND-AIP-II-MAIN,COMM-0027,CCN-00053,52836000.0,Cash & Cash Equivalents,LP Capital Account — Feeder,FUND-AIP-II,USD,Posted
TXN-000181,CapitalCallReceivable,2022-05-01,2022-05-18,INV-0039,FUND-AIP-II-OFF,COMM-0027,CCN-00054,44030000.0,Capital Call Receivable,Capital Contributions Payable,FUND-AIP-II,USD,Posted
TXN-000182,CashReceipt,2022-05-18,2022-05-18,INV-0039,FUND-AIP-II-OFF,COMM-0027,CCN-00054,44030000.0,Cash & Cash Equivalents,Capital Call Receivable,FUND-AIP-II,USD,Posted
TXN-000183,InvestmentInMasterFund,2022-05-19,2022-05-19,FUND-AIP-II-OFF,FUND-AIP-II-MAIN,COMM-0027,CCN-00054,44030000.0,Investment in Master Fund,Cash & Cash Equivalents,FUND-AIP-II,USD,Posted
TXN-000184,CapitalFromFeeder,2022-05-19,2022-05-19,FUND-AIP-II-OFF,FUND-AIP-II-MAIN,COMM-0027,CCN-00054,44030000.0,Cash & Cash Equivalents,LP Capital Account — Feeder,FUND-AIP-II,USD,Posted
TXN-000185,CapitalCallReceivable,2019-08-18,2019-09-04,INV-0033,FUND-AGE-I-OFF,COMM-0028,CCN-00055,58701000.0,Capital Call Receivable,Capital Contributions Payable,FUND-AGE-I,USD,Posted
TXN-000186,CashReceipt,2019-09-04,2019-09-04,INV-0033,FUND-AGE-I-OFF,COMM-0028,CCN-00055,58701000.0,Cash & Cash Equivalents,Capital Call Receivable,FUND-AGE-I,USD,Posted
TXN-000187,InvestmentInMasterFund,2019-09-05,2019-09-05,FUND-AGE-I-OFF,FUND-AGE-I-MAIN,COMM-0028,CCN-00055,58701000.0,Investment in Master Fund,Cash & Cash Equivalents,FUND-AGE-I,USD,Posted
TXN-000188,CapitalFromFeeder,2019-09-05,2019-09-05,FUND-AGE-I-OFF,FUND-AGE-I-MAIN,COMM-0028,CCN-00055,58701000.0,Cash & Cash Equivalents,LP Capital Account — Feeder,FUND-AGE-I,USD,Posted
TXN-000189,CapitalCallReceivable,2020-05-18,2020-06-03,INV-0033,FUND-AGE-I-OFF,COMM-0028,CCN-00056,48917500.0,Capital Call Receivable,Capital Contributions Payable,FUND-AGE-I,USD,Posted
TXN-000190,CashReceipt,2020-06-03,2020-06-03,INV-0033,FUND-AGE-I-OFF,COMM-0028,CCN-00056,48917500.0,Cash & Cash Equivalents,Capital Call Receivable,FUND-AGE-I,USD,Posted
TXN-000191,InvestmentInMasterFund,2020-06-04,2020-06-04,FUND-AGE-I-OFF,FUND-AGE-I-MAIN,COMM-0028,CCN-00056,48917500.0,Investment in Master Fund,Cash & Cash Equivalents,FUND-AGE-I,USD,Posted
TXN-000192,CapitalFromFeeder,2020-06-04,2020-06-04,FUND-AGE-I-OFF,FUND-AGE-I-MAIN,COMM-0028,CCN-00056,48917500.0,Cash & Cash Equivalents,LP Capital Account — Feeder,FUND-AGE-I,USD,Posted
TXN-000193,CapitalCallReceivable,2021-08-17,2021-08-31,INV-0003,FUND-ACO-IV-DOM,COMM-0029,CCN-00057,1752000.0,Capital Call Receivable,Capital Contributions Payable,FUND-ACO-IV,USD,Posted
TXN-000194,CashReceipt,2021-08-31,2021-08-31,INV-0003,FUND-ACO-IV-DOM,COMM-0029,CCN-00057,1752000.0,Cash & Cash Equivalents,Capital Call Receivable,FUND-ACO-IV,USD,Posted
TXN-000195,InvestmentInMasterFund,2021-09-01,2021-09-01,FUND-ACO-IV-DOM,FUND-ACO-IV-MAIN,COMM-0029,CCN-00057,1752000.0,Investment in Master Fund,Cash & Cash Equivalents,FUND-ACO-IV,USD,Posted
TXN-000196,CapitalFromFeeder,2021-09-01,2021-09-01,FUND-ACO-IV-DOM,FUND-ACO-IV-MAIN,COMM-0029,CCN-00057,1752000.0,Cash & Cash Equivalents,LP Capital Account — Feeder,FUND-ACO-IV,USD,Posted
TXN-000197,CapitalCallReceivable,2022-02-19,2022-03-08,INV-0003,FUND-ACO-IV-DOM,COMM-0029,CCN-00058,1460000.0,Capital Call Receivable,Capital Contributions Payable,FUND-ACO-IV,USD,Posted
TXN-000198,CashReceipt,2022-03-08,2022-03-08,INV-0003,FUND-ACO-IV-DOM,COMM-0029,CCN-00058,1460000.0,Cash & Cash Equivalents,Capital Call Receivable,FUND-ACO-IV,USD,Posted
TXN-000199,InvestmentInMasterFund,2022-03-09,2022-03-09,FUND-ACO-IV-DOM,FUND-ACO-IV-MAIN,COMM-0029,CCN-00058,1460000.0,Investment in Master Fund,Cash & Cash Equivalents,FUND-ACO-IV,USD,Posted
TXN-000200,CapitalFromFeeder,2022-03-09,2022-03-09,FUND-ACO-IV-DOM,FUND-ACO-IV-MAIN,COMM-0029,CCN-00058,1460000.0,Cash & Cash Equivalents,LP Capital Account — Feeder,FUND-ACO-IV,USD,Posted
TXN-000201,CapitalCallReceivable,2022-08-22,2022-09-08,INV-0028,FUND-AGE-II-DOM,COMM-0030,CCN-00059,142407000.0,Capital Call Receivable,Capital Contributions Payable,FUND-AGE-II,USD,Posted
TXN-000202,CashReceipt,2022-09-08,2022-09-08,INV-0028,FUND-AGE-II-DOM,COMM-0030,CCN-00059,142407000.0,Cash & Cash Equivalents,Capital Call Receivable,FUND-AGE-II,USD,Posted
TXN-000203,InvestmentInMasterFund,2022-09-09,2022-09-09,FUND-AGE-II-DOM,FUND-AGE-II-MAIN,COMM-0030,CCN-00059,142407000.0,Investment in Master Fund,Cash & Cash Equivalents,FUND-AGE-II,USD,Posted
TXN-000204,CapitalFromFeeder,2022-09-09,2022-09-09,FUND-AGE-II-DOM,FUND-AGE-II-MAIN,COMM-0030,CCN-00059,142407000.0,Cash & Cash Equivalents,LP Capital Account — Feeder,FUND-AGE-II,USD,Posted
TXN-000205,CapitalCallReceivable,2023-02-10,2023-02-24,INV-0028,FUND-AGE-II-DOM,COMM-0030,CCN-00060,118672500.0,Capital Call Receivable,Capital Contributions Payable,FUND-AGE-II,USD,Posted
TXN-000206,CashReceipt,2023-02-24,2023-02-24,INV-0028,FUND-AGE-II-DOM,COMM-0030,CCN-00060,118672500.0,Cash & Cash Equivalents,Capital Call Receivable,FUND-AGE-II,USD,Posted
TXN-000207,InvestmentInMasterFund,2023-02-27,2023-02-27,FUND-AGE-II-DOM,FUND-AGE-II-MAIN,COMM-0030,CCN-00060,118672500.0,Investment in Master Fund,Cash & Cash Equivalents,FUND-AGE-II,USD,Posted
TXN-000208,CapitalFromFeeder,2023-02-27,2023-02-27,FUND-AGE-II-DOM,FUND-AGE-II-MAIN,COMM-0030,CCN-00060,118672500.0,Cash & Cash Equivalents,LP Capital Account — Feeder,FUND-AGE-II,USD,Posted
TXN-000209,CapitalCallReceivable,2022-08-22,2022-09-07,INV-0008,FUND-AGE-II-OFF,COMM-0031,CCN-00061,76809000.0,Capital Call Receivable,Capital Contributions Payable,FUND-AGE-II,USD,Posted
TXN-000210,CashReceipt,2022-09-07,2022-09-07,INV-0008,FUND-AGE-II-OFF,COMM-0031,CCN-00061,76809000.0,Cash & Cash Equivalents,Capital Call Receivable,FUND-AGE-II,USD,Posted
TXN-000211,InvestmentInMasterFund,2022-09-08,2022-09-08,FUND-AGE-II-OFF,FUND-AGE-II-MAIN,COMM-0031,CCN-00061,76809000.0,Investment in Master Fund,Cash & Cash Equivalents,FUND-AGE-II,USD,Posted
TXN-000212,CapitalFromFeeder,2022-09-08,2022-09-08,FUND-AGE-II-OFF,FUND-AGE-II-MAIN,COMM-0031,CCN-00061,76809000.0,Cash & Cash Equivalents,LP Capital Account — Feeder,FUND-AGE-II,USD,Posted
TXN-000213,CapitalCallReceivable,2023-02-10,2023-02-28,INV-0008,FUND-AGE-II-OFF,COMM-0031,CCN-00062,64007500.0,Capital Call Receivable,Capital Contributions Payable,FUND-AGE-II,USD,Posted
TXN-000214,CashReceipt,2023-02-28,2023-02-28,INV-0008,FUND-AGE-II-OFF,COMM-0031,CCN-00062,64007500.0,Cash & Cash Equivalents,Capital Call Receivable,FUND-AGE-II,USD,Posted
TXN-000215,InvestmentInMasterFund,2023-03-01,2023-03-01,FUND-AGE-II-OFF,FUND-AGE-II-MAIN,COMM-0031,CCN-00062,64007500.0,Investment in Master Fund,Cash & Cash Equivalents,FUND-AGE-II,USD,Posted
TXN-000216,CapitalFromFeeder,2023-03-01,2023-03-01,FUND-AGE-II-OFF,FUND-AGE-II-MAIN,COMM-0031,CCN-00062,64007500.0,Cash & Cash Equivalents,LP Capital Account — Feeder,FUND-AGE-II,USD,Posted
TXN-000217,CapitalCallReceivable,2023-08-26,2023-09-11,INV-0026,FUND-ABF-X-OFF,COMM-0032,CCN-00063,83829000.0,Capital Call Receivable,Capital Contributions Payable,FUND-ABF-X,USD,Posted
TXN-000218,CashReceipt,2023-09-11,2023-09-11,INV-0026,FUND-ABF-X-OFF,COMM-0032,CCN-00063,83829000.0,Cash & Cash Equivalents,Capital Call Receivable,FUND-ABF-X,USD,Posted
TXN-000219,InvestmentInMasterFund,2023-09-12,2023-09-12,FUND-ABF-X-OFF,FUND-ABF-X-MAIN,COMM-0032,CCN-00063,83829000.0,Investment in Master Fund,Cash & Cash Equivalents,FUND-ABF-X,USD,Posted
TXN-000220,CapitalFromFeeder,2023-09-12,2023-09-12,FUND-ABF-X-OFF,FUND-ABF-X-MAIN,COMM-0032,CCN-00063,83829000.0,Cash & Cash Equivalents,LP Capital Account — Feeder,FUND-ABF-X,USD,Posted
TXN-000221,CapitalCallReceivable,2024-03-26,2024-04-09,INV-0026,FUND-ABF-X-OFF,COMM-0032,CCN-00064,69857500.0,Capital Call Receivable,Capital Contributions Payable,FUND-ABF-X,USD,Posted
TXN-000222,CashReceipt,2024-04-09,2024-04-09,INV-0026,FUND-ABF-X-OFF,COMM-0032,CCN-00064,69857500.0,Cash & Cash Equivalents,Capital Call Receivable,FUND-ABF-X,USD,Posted
TXN-000223,InvestmentInMasterFund,2024-04-10,2024-04-10,FUND-ABF-X-OFF,FUND-ABF-X-MAIN,COMM-0032,CCN-00064,69857500.0,Investment in Master Fund,Cash & Cash Equivalents,FUND-ABF-X,USD,Posted
TXN-000224,CapitalFromFeeder,2024-04-10,2024-04-10,FUND-ABF-X-OFF,FUND-ABF-X-MAIN,COMM-0032,CCN-00064,69857500.0,Cash & Cash Equivalents,LP Capital Account — Feeder,FUND-ABF-X,USD,Posted
TXN-000225,CapitalCallReceivable,2019-08-18,2019-09-03,INV-0025,FUND-AGE-I-DOM,COMM-0033,CCN-00065,92904000.0,Capital Call Receivable,Capital Contributions Payable,FUND-AGE-I,USD,Posted
TXN-000226,CashReceipt,2019-09-03,2019-09-03,INV-0025,FUND-AGE-I-DOM,COMM-0033,CCN-00065,92904000.0,Cash & Cash Equivalents,Capital Call Receivable,FUND-AGE-I,USD,Posted
TXN-000227,InvestmentInMasterFund,2019-09-04,2019-09-04,FUND-AGE-I-DOM,FUND-AGE-I-MAIN,COMM-0033,CCN-00065,92904000.0,Investment in Master Fund,Cash & Cash Equivalents,FUND-AGE-I,USD,Posted
TXN-000228,CapitalFromFeeder,2019-09-04,2019-09-04,FUND-AGE-I-DOM,FUND-AGE-I-MAIN,COMM-0033,CCN-00065,92904000.0,Cash & Cash Equivalents,LP Capital Account — Feeder,FUND-AGE-I,USD,Posted
TXN-000229,CapitalCallReceivable,2020-05-18,2020-06-03,INV-0025,FUND-AGE-I-DOM,COMM-0033,CCN-00066,77420000.0,Capital Call Receivable,Capital Contributions Payable,FUND-AGE-I,USD,Posted
TXN-000230,CashReceipt,2020-06-03,2020-06-03,INV-0025,FUND-AGE-I-DOM,COMM-0033,CCN-00066,77420000.0,Cash & Cash Equivalents,Capital Call Receivable,FUND-AGE-I,USD,Posted
TXN-000231,InvestmentInMasterFund,2020-06-04,2020-06-04,FUND-AGE-I-DOM,FUND-AGE-I-MAIN,COMM-0033,CCN-00066,77420000.0,Investment in Master Fund,Cash & Cash Equivalents,FUND-AGE-I,USD,Posted
TXN-000232,CapitalFromFeeder,2020-06-04,2020-06-04,FUND-AGE-I-DOM,FUND-AGE-I-MAIN,COMM-0033,CCN-00066,77420000.0,Cash & Cash Equivalents,LP Capital Account — Feeder,FUND-AGE-I,USD,Posted
TXN-000233,CapitalCallReceivable,2023-08-26,2023-09-11,INV-0001,FUND-ABF-X-MAIN,COMM-0034,CCN-00067,44106000.0,Capital Call Receivable,Capital Contributions Payable,FUND-ABF-X,USD,Posted
TXN-000234,CashReceipt,2023-09-11,2023-09-11,INV-0001,FUND-ABF-X-MAIN,COMM-0034,CCN-00067,44106000.0,Cash & Cash Equivalents,Capital Call Receivable,FUND-ABF-X,USD,Posted
TXN-000235,CapitalCallReceivable,2024-03-26,2024-04-11,INV-0001,FUND-ABF-X-MAIN,COMM-0034,CCN-00068,36755000.0,Capital Call Receivable,Capital Contributions Payable,FUND-ABF-X,USD,Posted
TXN-000236,CashReceipt,2024-04-11,2024-04-11,INV-0001,FUND-ABF-X-MAIN,COMM-0034,CCN-00068,36755000.0,Cash & Cash Equivalents,Capital Call Receivable,FUND-ABF-X,USD,Posted
TXN-000237,CapitalCallReceivable,2020-07-02,2020-07-20,INV-0029,FUND-ARA-III-OFF,COMM-0035,CCN-00069,101832000.0,Capital Call Receivable,Capital Contributions Payable,FUND-ARA-III,USD,Posted
TXN-000238,CashReceipt,2020-07-20,2020-07-20,INV-0029,FUND-ARA-III-OFF,COMM-0035,CCN-00069,101832000.0,Cash & Cash Equivalents,Capital Call Receivable,FUND-ARA-III,USD,Posted
TXN-000239,InvestmentInMasterFund,2020-07-21,2020-07-21,FUND-ARA-III-OFF,FUND-ARA-III-MAIN,COMM-0035,CCN-00069,101832000.0,Investment in Master Fund,Cash & Cash Equivalents,FUND-ARA-III,USD,Posted
TXN-000240,CapitalFromFeeder,2020-07-21,2020-07-21,FUND-ARA-III-OFF,FUND-ARA-III-MAIN,COMM-0035,CCN-00069,101832000.0,Cash & Cash Equivalents,LP Capital Account — Feeder,FUND-ARA-III,USD,Posted
TXN-000241,CapitalCallReceivable,2023-08-07,2023-08-24,INV-0011,FUND-AIP-III-DOM,COMM-0036,CCN-00071,43641000.0,Capital Call Receivable,Capital Contributions Payable,FUND-AIP-III,USD,Posted
TXN-000242,CashReceipt,2023-08-24,2023-08-24,INV-0011,FUND-AIP-III-DOM,COMM-0036,CCN-00071,43641000.0,Cash & Cash Equivalents,Capital Call Receivable,FUND-AIP-III,USD,Posted
TXN-000243,InvestmentInMasterFund,2023-08-25,2023-08-25,FUND-AIP-III-DOM,FUND-AIP-III-MAIN,COMM-0036,CCN-00071,43641000.0,Investment in Master Fund,Cash & Cash Equivalents,FUND-AIP-III,USD,Posted
TXN-000244,CapitalFromFeeder,2023-08-25,2023-08-25,FUND-AIP-III-DOM,FUND-AIP-III-MAIN,COMM-0036,CCN-00071,43641000.0,Cash & Cash Equivalents,LP Capital Account — Feeder,FUND-AIP-III,USD,Posted
TXN-000245,CapitalCallReceivable,2023-11-24,2023-12-11,INV-0011,FUND-AIP-III-DOM,COMM-0036,CCN-00072,36367500.0,Capital Call Receivable,Capital Contributions Payable,FUND-AIP-III,USD,Posted
TXN-000246,CashReceipt,2023-12-11,2023-12-11,INV-0011,FUND-AIP-III-DOM,COMM-0036,CCN-00072,36367500.0,Cash & Cash Equivalents,Capital Call Receivable,FUND-AIP-III,USD,Posted
TXN-000247,InvestmentInMasterFund,2023-12-12,2023-12-12,FUND-AIP-III-DOM,FUND-AIP-III-MAIN,COMM-0036,CCN-00072,36367500.0,Investment in Master Fund,Cash & Cash Equivalents,FUND-AIP-III,USD,Posted
TXN-000248,CapitalFromFeeder,2023-12-12,2023-12-12,FUND-AIP-III-DOM,FUND-AIP-III-MAIN,COMM-0036,CCN-00072,36367500.0,Cash & Cash Equivalents,LP Capital Account — Feeder,FUND-AIP-III,USD,Posted
TXN-000249,CapitalCallReceivable,2023-08-08,2023-08-25,INV-0016,FUND-ACO-V-OFF,COMM-0037,CCN-00073,34860000.0,Capital Call Receivable,Capital Contributions Payable,FUND-ACO-V,USD,Posted
TXN-000250,CashReceipt,2023-08-25,2023-08-25,INV-0016,FUND-ACO-V-OFF,COMM-0037,CCN-00073,34860000.0,Cash & Cash Equivalents,Capital Call Receivable,FUND-ACO-V,USD,Posted
TXN-000251,InvestmentInMasterFund,2023-08-28,2023-08-28,FUND-ACO-V-OFF,FUND-ACO-V-MAIN,COMM-0037,CCN-00073,34860000.0,Investment in Master Fund,Cash & Cash Equivalents,FUND-ACO-V,USD,Posted
TXN-000252,CapitalFromFeeder,2023-08-28,2023-08-28,FUND-ACO-V-OFF,FUND-ACO-V-MAIN,COMM-0037,CCN-00073,34860000.0,Cash & Cash Equivalents,LP Capital Account — Feeder,FUND-ACO-V,USD,Posted
TXN-000253,CapitalCallReceivable,2024-01-23,2024-02-09,INV-0016,FUND-ACO-V-OFF,COMM-0037,CCN-00074,29050000.0,Capital Call Receivable,Capital Contributions Payable,FUND-ACO-V,USD,Posted
TXN-000254,CashReceipt,2024-02-09,2024-02-09,INV-0016,FUND-ACO-V-OFF,COMM-0037,CCN-00074,29050000.0,Cash & Cash Equivalents,Capital Call Receivable,FUND-ACO-V,USD,Posted
TXN-000255,InvestmentInMasterFund,2024-02-12,2024-02-12,FUND-ACO-V-OFF,FUND-ACO-V-MAIN,COMM-0037,CCN-00074,29050000.0,Investment in Master Fund,Cash & Cash Equivalents,FUND-ACO-V,USD,Posted
TXN-000256,CapitalFromFeeder,2024-02-12,2024-02-12,FUND-ACO-V-OFF,FUND-ACO-V-MAIN,COMM-0037,CCN-00074,29050000.0,Cash & Cash Equivalents,LP Capital Account — Feeder,FUND-ACO-V,USD,Posted
TXN-000257,CapitalCallReceivable,2020-07-02,2020-07-20,INV-0003,FUND-ARA-III-MAIN,COMM-0038,CCN-00075,147615000.0,Capital Call Receivable,Capital Contributions Payable,FUND-ARA-III,USD,Posted
TXN-000258,CashReceipt,2020-07-20,2020-07-20,INV-0003,FUND-ARA-III-MAIN,COMM-0038,CCN-00075,147615000.0,Cash & Cash Equivalents,Capital Call Receivable,FUND-ARA-III,USD,Posted
TXN-000259,CapitalCallReceivable,2020-11-06,2020-11-24,INV-0003,FUND-ARA-III-MAIN,COMM-0038,CCN-00076,123012500.0,Capital Call Receivable,Capital Contributions Payable,FUND-ARA-III,USD,Posted
TXN-000260,CashReceipt,2020-11-24,2020-11-24,INV-0003,FUND-ARA-III-MAIN,COMM-0038,CCN-00076,123012500.0,Cash & Cash Equivalents,Capital Call Receivable,FUND-ARA-III,USD,Posted
TXN-000261,CapitalCallReceivable,2020-07-02,2020-07-24,INV-0027,FUND-ARA-III-DOM,COMM-0039,CCN-00077,108174000.0,Capital Call Receivable,Capital Contributions Payable,FUND-ARA-III,USD,Posted
TXN-000262,CashReceipt,2020-07-24,2020-07-24,INV-0027,FUND-ARA-III-DOM,COMM-0039,CCN-00077,108174000.0,Cash & Cash Equivalents,Capital Call Receivable,FUND-ARA-III,USD,Posted
TXN-000263,InvestmentInMasterFund,2020-07-27,2020-07-27,FUND-ARA-III-DOM,FUND-ARA-III-MAIN,COMM-0039,CCN-00077,108174000.0,Investment in Master Fund,Cash & Cash Equivalents,FUND-ARA-III,USD,Posted
TXN-000264,CapitalFromFeeder,2020-07-27,2020-07-27,FUND-ARA-III-DOM,FUND-ARA-III-MAIN,COMM-0039,CCN-00077,108174000.0,Cash & Cash Equivalents,LP Capital Account — Feeder,FUND-ARA-III,USD,Posted
TXN-000265,CapitalCallReceivable,2020-11-06,2020-11-20,INV-0027,FUND-ARA-III-DOM,COMM-0039,CCN-00078,90145000.0,Capital Call Receivable,Capital Contributions Payable,FUND-ARA-III,USD,Posted
TXN-000266,CashReceipt,2020-11-20,2020-11-20,INV-0027,FUND-ARA-III-DOM,COMM-0039,CCN-00078,90145000.0,Cash & Cash Equivalents,Capital Call Receivable,FUND-ARA-III,USD,Posted
TXN-000267,InvestmentInMasterFund,2020-11-23,2020-11-23,FUND-ARA-III-DOM,FUND-ARA-III-MAIN,COMM-0039,CCN-00078,90145000.0,Investment in Master Fund,Cash & Cash Equivalents,FUND-ARA-III,USD,Posted
TXN-000268,CapitalFromFeeder,2020-11-23,2020-11-23,FUND-ARA-III-DOM,FUND-ARA-III-MAIN,COMM-0039,CCN-00078,90145000.0,Cash & Cash Equivalents,LP Capital Account — Feeder,FUND-ARA-III,USD,Posted
TXN-000269,CapitalCallReceivable,2023-08-07,2023-08-22,INV-0016,FUND-AIP-III-OFF,COMM-0040,CCN-00079,98925000.0,Capital Call Receivable,Capital Contributions Payable,FUND-AIP-III,USD,Posted
TXN-000270,CashReceipt,2023-08-22,2023-08-22,INV-0016,FUND-AIP-III-OFF,COMM-0040,CCN-00079,98925000.0,Cash & Cash Equivalents,Capital Call Receivable,FUND-AIP-III,USD,Posted
TXN-000271,InvestmentInMasterFund,2023-08-23,2023-08-23,FUND-AIP-III-OFF,FUND-AIP-III-MAIN,COMM-0040,CCN-00079,98925000.0,Investment in Master Fund,Cash & Cash Equivalents,FUND-AIP-III,USD,Posted
TXN-000272,CapitalFromFeeder,2023-08-23,2023-08-23,FUND-AIP-III-OFF,FUND-AIP-III-MAIN,COMM-0040,CCN-00079,98925000.0,Cash & Cash Equivalents,LP Capital Account — Feeder,FUND-AIP-III,USD,Posted
TXN-000273,CapitalCallReceivable,2023-11-24,2023-12-13,INV-0016,FUND-AIP-III-OFF,COMM-0040,CCN-00080,82437500.0,Capital Call Receivable,Capital Contributions Payable,FUND-AIP-III,USD,Posted
TXN-000274,CashReceipt,2023-12-13,2023-12-13,INV-0016,FUND-AIP-III-OFF,COMM-0040,CCN-00080,82437500.0,Cash & Cash Equivalents,Capital Call Receivable,FUND-AIP-III,USD,Posted
TXN-000275,InvestmentInMasterFund,2023-12-14,2023-12-14,FUND-AIP-III-OFF,FUND-AIP-III-MAIN,COMM-0040,CCN-00080,82437500.0,Investment in Master Fund,Cash & Cash Equivalents,FUND-AIP-III,USD,Posted
TXN-000276,CapitalFromFeeder,2023-12-14,2023-12-14,FUND-AIP-III-OFF,FUND-AIP-III-MAIN,COMM-0040,CCN-00080,82437500.0,Cash & Cash Equivalents,LP Capital Account — Feeder,FUND-AIP-III,USD,Posted
TXN-000277,CapitalCallReceivable,2021-08-08,2021-08-20,INV-0015,FUND-ABF-IX-DOM,COMM-0041,CCN-00081,120909000.0,Capital Call Receivable,Capital Contributions Payable,FUND-ABF-IX,USD,Posted
TXN-000278,CashReceipt,2021-08-20,2021-08-20,INV-0015,FUND-ABF-IX-DOM,COMM-0041,CCN-00081,120909000.0,Cash & Cash Equivalents,Capital Call Receivable,FUND-ABF-IX,USD,Posted
TXN-000279,InvestmentInMasterFund,2021-08-23,2021-08-23,FUND-ABF-IX-DOM,FUND-ABF-IX-MAIN,COMM-0041,CCN-00081,120909000.0,Investment in Master Fund,Cash & Cash Equivalents,FUND-ABF-IX,USD,Posted
TXN-000280,CapitalFromFeeder,2021-08-23,2021-08-23,FUND-ABF-IX-DOM,FUND-ABF-IX-MAIN,COMM-0041,CCN-00081,120909000.0,Cash & Cash Equivalents,LP Capital Account — Feeder,FUND-ABF-IX,USD,Posted
TXN-000281,CapitalCallReceivable,2021-11-28,2021-12-10,INV-0015,FUND-ABF-IX-DOM,COMM-0041,CCN-00082,100757500.0,Capital Call Receivable,Capital Contributions Payable,FUND-ABF-IX,USD,Posted
TXN-000282,CashReceipt,2021-12-10,2021-12-10,INV-0015,FUND-ABF-IX-DOM,COMM-0041,CCN-00082,100757500.0,Cash & Cash Equivalents,Capital Call Receivable,FUND-ABF-IX,USD,Posted
TXN-000283,InvestmentInMasterFund,2021-12-13,2021-12-13,FUND-ABF-IX-DOM,FUND-ABF-IX-MAIN,COMM-0041,CCN-00082,100757500.0,Investment in Master Fund,Cash & Cash Equivalents,FUND-ABF-IX,USD,Posted
TXN-000284,CapitalFromFeeder,2021-12-13,2021-12-13,FUND-ABF-IX-DOM,FUND-ABF-IX-MAIN,COMM-0041,CCN-00082,100757500.0,Cash & Cash Equivalents,LP Capital Account — Feeder,FUND-ABF-IX,USD,Posted
TXN-000285,CapitalCallReceivable,2021-08-08,2021-08-23,INV-0036,FUND-ABF-IX-MAIN,COMM-0042,CCN-00083,137745000.0,Capital Call Receivable,Capital Contributions Payable,FUND-ABF-IX,USD,Posted
TXN-000286,CashReceipt,2021-08-23,2021-08-23,INV-0036,FUND-ABF-IX-MAIN,COMM-0042,CCN-00083,137745000.0,Cash & Cash Equivalents,Capital Call Receivable,FUND-ABF-IX,USD,Posted
TXN-000287,CapitalCallReceivable,2021-11-28,2021-12-15,INV-0036,FUND-ABF-IX-MAIN,COMM-0042,CCN-00084,114787500.0,Capital Call Receivable,Capital Contributions Payable,FUND-ABF-IX,USD,Posted
TXN-000288,CashReceipt,2021-12-15,2021-12-15,INV-0036,FUND-ABF-IX-MAIN,COMM-0042,CCN-00084,114787500.0,Cash & Cash Equivalents,Capital Call Receivable,FUND-ABF-IX,USD,Posted
TXN-000289,CapitalCallReceivable,2022-07-15,2022-08-03,INV-0030,FUND-ARA-IV-DOM,COMM-0043,CCN-00085,142581000.0,Capital Call Receivable,Capital Contributions Payable,FUND-ARA-IV,USD,Posted
TXN-000290,CashReceipt,2022-08-03,2022-08-03,INV-0030,FUND-ARA-IV-DOM,COMM-0043,CCN-00085,142581000.0,Cash & Cash Equivalents,Capital Call Receivable,FUND-ARA-IV,USD,Posted
TXN-000291,InvestmentInMasterFund,2022-08-04,2022-08-04,FUND-ARA-IV-DOM,FUND-ARA-IV-MAIN,COMM-0043,CCN-00085,142581000.0,Investment in Master Fund,Cash & Cash Equivalents,FUND-ARA-IV,USD,Posted
TXN-000292,CapitalFromFeeder,2022-08-04,2022-08-04,FUND-ARA-IV-DOM,FUND-ARA-IV-MAIN,COMM-0043,CCN-00085,142581000.0,Cash & Cash Equivalents,LP Capital Account — Feeder,FUND-ARA-IV,USD,Posted
TXN-000293,CapitalCallReceivable,2023-04-17,2023-05-02,INV-0030,FUND-ARA-IV-DOM,COMM-0043,CCN-00086,118817500.0,Capital Call Receivable,Capital Contributions Payable,FUND-ARA-IV,USD,Posted
TXN-000294,CashReceipt,2023-05-02,2023-05-02,INV-0030,FUND-ARA-IV-DOM,COMM-0043,CCN-00086,118817500.0,Cash & Cash Equivalents,Capital Call Receivable,FUND-ARA-IV,USD,Posted
TXN-000295,InvestmentInMasterFund,2023-05-03,2023-05-03,FUND-ARA-IV-DOM,FUND-ARA-IV-MAIN,COMM-0043,CCN-00086,118817500.0,Investment in Master Fund,Cash & Cash Equivalents,FUND-ARA-IV,USD,Posted
TXN-000296,CapitalFromFeeder,2023-05-03,2023-05-03,FUND-ARA-IV-DOM,FUND-ARA-IV-MAIN,COMM-0043,CCN-00086,118817500.0,Cash & Cash Equivalents,LP Capital Account — Feeder,FUND-ARA-IV,USD,Posted
TXN-000297,CapitalCallReceivable,2023-08-26,2023-09-13,INV-0029,FUND-ABF-X-DOM,COMM-0044,CCN-00087,111933000.0,Capital Call Receivable,Capital Contributions Payable,FUND-ABF-X,USD,Posted
TXN-000298,CashReceipt,2023-09-13,2023-09-13,INV-0029,FUND-ABF-X-DOM,COMM-0044,CCN-00087,111933000.0,Cash & Cash Equivalents,Capital Call Receivable,FUND-ABF-X,USD,Posted
TXN-000299,InvestmentInMasterFund,2023-09-14,2023-09-14,FUND-ABF-X-DOM,FUND-ABF-X-MAIN,COMM-0044,CCN-00087,111933000.0,Investment in Master Fund,Cash & Cash Equivalents,FUND-ABF-X,USD,Posted
TXN-000300,CapitalFromFeeder,2023-09-14,2023-09-14,FUND-ABF-X-DOM,FUND-ABF-X-MAIN,COMM-0044,CCN-00087,111933000.0,Cash & Cash Equivalents,LP Capital Account — Feeder,FUND-ABF-X,USD,Posted
TXN-000301,CapitalCallReceivable,2024-03-26,2024-04-11,INV-0029,FUND-ABF-X-DOM,COMM-0044,CCN-00088,93277500.0,Capital Call Receivable,Capital Contributions Payable,FUND-ABF-X,USD,Posted
TXN-000302,CashReceipt,2024-04-11,2024-04-11,INV-0029,FUND-ABF-X-DOM,COMM-0044,CCN-00088,93277500.0,Cash & Cash Equivalents,Capital Call Receivable,FUND-ABF-X,USD,Posted
TXN-000303,InvestmentInMasterFund,2024-04-12,2024-04-12,FUND-ABF-X-DOM,FUND-ABF-X-MAIN,COMM-0044,CCN-00088,93277500.0,Investment in Master Fund,Cash & Cash Equivalents,FUND-ABF-X,USD,Posted
TXN-000304,CapitalFromFeeder,2024-04-12,2024-04-12,FUND-ABF-X-DOM,FUND-ABF-X-MAIN,COMM-0044,CCN-00088,93277500.0,Cash & Cash Equivalents,LP Capital Account — Feeder,FUND-ABF-X,USD,Posted
TXN-000305,CapitalCallReceivable,2021-08-17,2021-09-03,INV-0016,FUND-ACO-IV-OFF,COMM-0045,CCN-00089,115224000.0,Capital Call Receivable,Capital Contributions Payable,FUND-ACO-IV,USD,Posted
TXN-000306,CashReceipt,2021-09-03,2021-09-03,INV-0016,FUND-ACO-IV-OFF,COMM-0045,CCN-00089,115224000.0,Cash & Cash Equivalents,Capital Call Receivable,FUND-ACO-IV,USD,Posted
TXN-000307,InvestmentInMasterFund,2021-09-06,2021-09-06,FUND-ACO-IV-OFF,FUND-ACO-IV-MAIN,COMM-0045,CCN-00089,115224000.0,Investment in Master Fund,Cash & Cash Equivalents,FUND-ACO-IV,USD,Posted
TXN-000308,CapitalFromFeeder,2021-09-06,2021-09-06,FUND-ACO-IV-OFF,FUND-ACO-IV-MAIN,COMM-0045,CCN-00089,115224000.0,Cash & Cash Equivalents,LP Capital Account — Feeder,FUND-ACO-IV,USD,Posted
TXN-000309,CapitalCallReceivable,2022-02-19,2022-03-04,INV-0016,FUND-ACO-IV-OFF,COMM-0045,CCN-00090,96020000.0,Capital Call Receivable,Capital Contributions Payable,FUND-ACO-IV,USD,Posted
TXN-000310,CashReceipt,2022-03-04,2022-03-04,INV-0016,FUND-ACO-IV-OFF,COMM-0045,CCN-00090,96020000.0,Cash & Cash Equivalents,Capital Call Receivable,FUND-ACO-IV,USD,Posted
TXN-000311,InvestmentInMasterFund,2022-03-07,2022-03-07,FUND-ACO-IV-OFF,FUND-ACO-IV-MAIN,COMM-0045,CCN-00090,96020000.0,Investment in Master Fund,Cash & Cash Equivalents,FUND-ACO-IV,USD,Posted
TXN-000312,CapitalFromFeeder,2022-03-07,2022-03-07,FUND-ACO-IV-OFF,FUND-ACO-IV-MAIN,COMM-0045,CCN-00090,96020000.0,Cash & Cash Equivalents,LP Capital Account — Feeder,FUND-ACO-IV,USD,Posted
TXN-000313,CapitalCallReceivable,2021-08-23,2021-09-08,INV-0016,FUND-AIP-II-DOM,COMM-0046,CCN-00091,66822000.0,Capital Call Receivable,Capital Contributions Payable,FUND-AIP-II,USD,Posted
TXN-000314,CashReceipt,2021-09-08,2021-09-08,INV-0016,FUND-AIP-II-DOM,COMM-0046,CCN-00091,66822000.0,Cash & Cash Equivalents,Capital Call Receivable,FUND-AIP-II,USD,Posted
TXN-000315,InvestmentInMasterFund,2021-09-09,2021-09-09,FUND-AIP-II-DOM,FUND-AIP-II-MAIN,COMM-0046,CCN-00091,66822000.0,Investment in Master Fund,Cash & Cash Equivalents,FUND-AIP-II,USD,Posted
TXN-000316,CapitalFromFeeder,2021-09-09,2021-09-09,FUND-AIP-II-DOM,FUND-AIP-II-MAIN,COMM-0046,CCN-00091,66822000.0,Cash & Cash Equivalents,LP Capital Account — Feeder,FUND-AIP-II,USD,Posted
TXN-000317,CapitalCallReceivable,2022-05-01,2022-05-16,INV-0016,FUND-AIP-II-DOM,COMM-0046,CCN-00092,55685000.0,Capital Call Receivable,Capital Contributions Payable,FUND-AIP-II,USD,Posted
TXN-000318,CashReceipt,2022-05-16,2022-05-16,INV-0016,FUND-AIP-II-DOM,COMM-0046,CCN-00092,55685000.0,Cash & Cash Equivalents,Capital Call Receivable,FUND-AIP-II,USD,Posted
TXN-000319,InvestmentInMasterFund,2022-05-17,2022-05-17,FUND-AIP-II-DOM,FUND-AIP-II-MAIN,COMM-0046,CCN-00092,55685000.0,Investment in Master Fund,Cash & Cash Equivalents,FUND-AIP-II,USD,Posted
TXN-000320,CapitalFromFeeder,2022-05-17,2022-05-17,FUND-AIP-II-DOM,FUND-AIP-II-MAIN,COMM-0046,CCN-00092,55685000.0,Cash & Cash Equivalents,LP Capital Account — Feeder,FUND-AIP-II,USD,Posted
TXN-000321,CapitalCallReceivable,2022-07-15,2022-08-01,INV-0018,FUND-ARA-IV-MAIN,COMM-0047,CCN-00093,48978000.0,Capital Call Receivable,Capital Contributions Payable,FUND-ARA-IV,USD,Posted
TXN-000322,CashReceipt,2022-08-01,2022-08-01,INV-0018,FUND-ARA-IV-MAIN,COMM-0047,CCN-00093,48978000.0,Cash & Cash Equivalents,Capital Call Receivable,FUND-ARA-IV,USD,Posted
TXN-000323,CapitalCallReceivable,2023-04-17,2023-05-01,INV-0018,FUND-ARA-IV-MAIN,COMM-0047,CCN-00094,40815000.0,Capital Call Receivable,Capital Contributions Payable,FUND-ARA-IV,USD,Posted
TXN-000324,CashReceipt,2023-05-01,2023-05-01,INV-0018,FUND-ARA-IV-MAIN,COMM-0047,CCN-00094,40815000.0,Cash & Cash Equivalents,Capital Call Receivable,FUND-ARA-IV,USD,Posted
TXN-000325,CapitalCallReceivable,2022-07-15,2022-08-01,INV-0010,FUND-ARA-IV-OFF,COMM-0048,CCN-00095,58380000.0,Capital Call Receivable,Capital Contributions Payable,FUND-ARA-IV,USD,Posted
TXN-000326,CashReceipt,2022-08-01,2022-08-01,INV-0010,FUND-ARA-IV-OFF,COMM-0048,CCN-00095,58380000.0,Cash & Cash Equivalents,Capital Call Receivable,FUND-ARA-IV,USD,Posted
TXN-000327,InvestmentInMasterFund,2022-08-02,2022-08-02,FUND-ARA-IV-OFF,FUND-ARA-IV-MAIN,COMM-0048,CCN-00095,58380000.0,Investment in Master Fund,Cash & Cash Equivalents,FUND-ARA-IV,USD,Posted
TXN-000328,CapitalFromFeeder,2022-08-02,2022-08-02,FUND-ARA-IV-OFF,FUND-ARA-IV-MAIN,COMM-0048,CCN-00095,58380000.0,Cash & Cash Equivalents,LP Capital Account — Feeder,FUND-ARA-IV,USD,Posted
TXN-000329,CapitalCallReceivable,2023-04-17,2023-05-02,INV-0010,FUND-ARA-IV-OFF,COMM-0048,CCN-00096,48650000.0,Capital Call Receivable,Capital Contributions Payable,FUND-ARA-IV,USD,Posted
TXN-000330,CashReceipt,2023-05-02,2023-05-02,INV-0010,FUND-ARA-IV-OFF,COMM-0048,CCN-00096,48650000.0,Cash & Cash Equivalents,Capital Call Receivable,FUND-ARA-IV,USD,Posted
TXN-000331,InvestmentInMasterFund,2023-05-03,2023-05-03,FUND-ARA-IV-OFF,FUND-ARA-IV-MAIN,COMM-0048,CCN-00096,48650000.0,Investment in Master Fund,Cash & Cash Equivalents,FUND-ARA-IV,USD,Posted
TXN-000332,CapitalFromFeeder,2023-05-03,2023-05-03,FUND-ARA-IV-OFF,FUND-ARA-IV-MAIN,COMM-0048,CCN-00096,48650000.0,Cash & Cash Equivalents,LP Capital Account — Feeder,FUND-ARA-IV,USD,Posted
TXN-000333,CapitalCallReceivable,2023-08-08,2023-08-23,INV-0027,FUND-ACO-V-DOM,COMM-0049,CCN-00097,50637000.0,Capital Call Receivable,Capital Contributions Payable,FUND-ACO-V,USD,Posted
TXN-000334,CashReceipt,2023-08-23,2023-08-23,INV-0027,FUND-ACO-V-DOM,COMM-0049,CCN-00097,50637000.0,Cash & Cash Equivalents,Capital Call Receivable,FUND-ACO-V,USD,Posted
TXN-000335,InvestmentInMasterFund,2023-08-24,2023-08-24,FUND-ACO-V-DOM,FUND-ACO-V-MAIN,COMM-0049,CCN-00097,50637000.0,Investment in Master Fund,Cash & Cash Equivalents,FUND-ACO-V,USD,Posted
TXN-000336,CapitalFromFeeder,2023-08-24,2023-08-24,FUND-ACO-V-DOM,FUND-ACO-V-MAIN,COMM-0049,CCN-00097,50637000.0,Cash & Cash Equivalents,LP Capital Account — Feeder,FUND-ACO-V,USD,Posted
TXN-000337,CapitalCallReceivable,2024-01-23,2024-02-07,INV-0027,FUND-ACO-V-DOM,COMM-0049,CCN-00098,42197500.0,Capital Call Receivable,Capital Contributions Payable,FUND-ACO-V,USD,Posted
TXN-000338,CashReceipt,2024-02-07,2024-02-07,INV-0027,FUND-ACO-V-DOM,COMM-0049,CCN-00098,42197500.0,Cash & Cash Equivalents,Capital Call Receivable,FUND-ACO-V,USD,Posted
TXN-000339,InvestmentInMasterFund,2024-02-08,2024-02-08,FUND-ACO-V-DOM,FUND-ACO-V-MAIN,COMM-0049,CCN-00098,42197500.0,Investment in Master Fund,Cash & Cash Equivalents,FUND-ACO-V,USD,Posted
TXN-000340,CapitalFromFeeder,2024-02-08,2024-02-08,FUND-ACO-V-DOM,FUND-ACO-V-MAIN,COMM-0049,CCN-00098,42197500.0,Cash & Cash Equivalents,LP Capital Account — Feeder,FUND-ACO-V,USD,Posted
TXN-000341,CapitalCallReceivable,2021-08-08,2021-08-23,INV-0014,FUND-ABF-IX-OFF,COMM-0050,CCN-00099,59337000.0,Capital Call Receivable,Capital Contributions Payable,FUND-ABF-IX,USD,Posted
TXN-000342,CashReceipt,2021-08-23,2021-08-23,INV-0014,FUND-ABF-IX-OFF,COMM-0050,CCN-00099,59337000.0,Cash & Cash Equivalents,Capital Call Receivable,FUND-ABF-IX,USD,Posted
TXN-000343,InvestmentInMasterFund,2021-08-24,2021-08-24,FUND-ABF-IX-OFF,FUND-ABF-IX-MAIN,COMM-0050,CCN-00099,59337000.0,Investment in Master Fund,Cash & Cash Equivalents,FUND-ABF-IX,USD,Posted
TXN-000344,CapitalFromFeeder,2021-08-24,2021-08-24,FUND-ABF-IX-OFF,FUND-ABF-IX-MAIN,COMM-0050,CCN-00099,59337000.0,Cash & Cash Equivalents,LP Capital Account — Feeder,FUND-ABF-IX,USD,Posted
TXN-000345,CapitalCallReceivable,2021-11-28,2021-12-10,INV-0014,FUND-ABF-IX-OFF,COMM-0050,CCN-00100,49447500.0,Capital Call Receivable,Capital Contributions Payable,FUND-ABF-IX,USD,Posted
TXN-000346,CashReceipt,2021-12-10,2021-12-10,INV-0014,FUND-ABF-IX-OFF,COMM-0050,CCN-00100,49447500.0,Cash & Cash Equivalents,Capital Call Receivable,FUND-ABF-IX,USD,Posted
TXN-000347,InvestmentInMasterFund,2021-12-13,2021-12-13,FUND-ABF-IX-OFF,FUND-ABF-IX-MAIN,COMM-0050,CCN-00100,49447500.0,Investment in Master Fund,Cash & Cash Equivalents,FUND-ABF-IX,USD,Posted
TXN-000348,CapitalFromFeeder,2021-12-13,2021-12-13,FUND-ABF-IX-OFF,FUND-ABF-IX-MAIN,COMM-0050,CCN-00100,49447500.0,Cash & Cash Equivalents,LP Capital Account — Feeder,FUND-ABF-IX,USD,Posted
TXN-000349,CapitalCallReceivable,2021-08-23,2021-09-07,INV-0025,FUND-AIP-II-OFF,COMM-0051,CCN-00101,2376000.0,Capital Call Receivable,Capital Contributions Payable,FUND-AIP-II,USD,Posted
TXN-000350,CashReceipt,2021-09-07,2021-09-07,INV-0025,FUND-AIP-II-OFF,COMM-0051,CCN-00101,2376000.0,Cash & Cash Equivalents,Capital Call Receivable,FUND-AIP-II,USD,Posted
TXN-000351,InvestmentInMasterFund,2021-09-08,2021-09-08,FUND-AIP-II-OFF,FUND-AIP-II-MAIN,COMM-0051,CCN-00101,2376000.0,Investment in Master Fund,Cash & Cash Equivalents,FUND-AIP-II,USD,Posted
TXN-000352,CapitalFromFeeder,2021-09-08,2021-09-08,FUND-AIP-II-OFF,FUND-AIP-II-MAIN,COMM-0051,CCN-00101,2376000.0,Cash & Cash Equivalents,LP Capital Account — Feeder,FUND-AIP-II,USD,Posted
TXN-000353,CapitalCallReceivable,2022-05-01,2022-05-16,INV-0025,FUND-AIP-II-OFF,COMM-0051,CCN-00102,1980000.0,Capital Call Receivable,Capital Contributions Payable,FUND-AIP-II,USD,Posted
TXN-000354,CashReceipt,2022-05-16,2022-05-16,INV-0025,FUND-AIP-II-OFF,COMM-0051,CCN-00102,1980000.0,Cash & Cash Equivalents,Capital Call Receivable,FUND-AIP-II,USD,Posted
TXN-000355,InvestmentInMasterFund,2022-05-17,2022-05-17,FUND-AIP-II-OFF,FUND-AIP-II-MAIN,COMM-0051,CCN-00102,1980000.0,Investment in Master Fund,Cash & Cash Equivalents,FUND-AIP-II,USD,Posted
TXN-000356,CapitalFromFeeder,2022-05-17,2022-05-17,FUND-AIP-II-OFF,FUND-AIP-II-MAIN,COMM-0051,CCN-00102,1980000.0,Cash & Cash Equivalents,LP Capital Account — Feeder,FUND-AIP-II,USD,Posted
TXN-000357,CapitalCallReceivable,2019-08-18,2019-08-30,INV-0027,FUND-AGE-I-OFF,COMM-0052,CCN-00103,74001000.0,Capital Call Receivable,Capital Contributions Payable,FUND-AGE-I,USD,Posted
TXN-000358,CashReceipt,2019-08-30,2019-08-30,INV-0027,FUND-AGE-I-OFF,COMM-0052,CCN-00103,74001000.0,Cash & Cash Equivalents,Capital Call Receivable,FUND-AGE-I,USD,Posted
TXN-000359,InvestmentInMasterFund,2019-09-02,2019-09-02,FUND-AGE-I-OFF,FUND-AGE-I-MAIN,COMM-0052,CCN-00103,74001000.0,Investment in Master Fund,Cash & Cash Equivalents,FUND-AGE-I,USD,Posted
TXN-000360,CapitalFromFeeder,2019-09-02,2019-09-02,FUND-AGE-I-OFF,FUND-AGE-I-MAIN,COMM-0052,CCN-00103,74001000.0,Cash & Cash Equivalents,LP Capital Account — Feeder,FUND-AGE-I,USD,Posted
TXN-000361,CapitalCallReceivable,2020-05-18,2020-06-04,INV-0027,FUND-AGE-I-OFF,COMM-0052,CCN-00104,61667500.0,Capital Call Receivable,Capital Contributions Payable,FUND-AGE-I,USD,Posted
TXN-000362,CashReceipt,2020-06-04,2020-06-04,INV-0027,FUND-AGE-I-OFF,COMM-0052,CCN-00104,61667500.0,Cash & Cash Equivalents,Capital Call Receivable,FUND-AGE-I,USD,Posted
TXN-000363,InvestmentInMasterFund,2020-06-05,2020-06-05,FUND-AGE-I-OFF,FUND-AGE-I-MAIN,COMM-0052,CCN-00104,61667500.0,Investment in Master Fund,Cash & Cash Equivalents,FUND-AGE-I,USD,Posted
TXN-000364,CapitalFromFeeder,2020-06-05,2020-06-05,FUND-AGE-I-OFF,FUND-AGE-I-MAIN,COMM-0052,CCN-00104,61667500.0,Cash & Cash Equivalents,LP Capital Account — Feeder,FUND-AGE-I,USD,Posted
TXN-000365,CapitalCallReceivable,2021-08-17,2021-09-03,INV-0002,FUND-ACO-IV-DOM,COMM-0053,CCN-00105,51414000.0,Capital Call Receivable,Capital Contributions Payable,FUND-ACO-IV,USD,Posted
TXN-000366,CashReceipt,2021-09-03,2021-09-03,INV-0002,FUND-ACO-IV-DOM,COMM-0053,CCN-00105,51414000.0,Cash & Cash Equivalents,Capital Call Receivable,FUND-ACO-IV,USD,Posted
TXN-000367,InvestmentInMasterFund,2021-09-06,2021-09-06,FUND-ACO-IV-DOM,FUND-ACO-IV-MAIN,COMM-0053,CCN-00105,51414000.0,Investment in Master Fund,Cash & Cash Equivalents,FUND-ACO-IV,USD,Posted
TXN-000368,CapitalFromFeeder,2021-09-06,2021-09-06,FUND-ACO-IV-DOM,FUND-ACO-IV-MAIN,COMM-0053,CCN-00105,51414000.0,Cash & Cash Equivalents,LP Capital Account — Feeder,FUND-ACO-IV,USD,Posted
TXN-000369,CapitalCallReceivable,2022-02-19,2022-03-04,INV-0002,FUND-ACO-IV-DOM,COMM-0053,CCN-00106,42845000.0,Capital Call Receivable,Capital Contributions Payable,FUND-ACO-IV,USD,Posted
TXN-000370,CashReceipt,2022-03-04,2022-03-04,INV-0002,FUND-ACO-IV-DOM,COMM-0053,CCN-00106,42845000.0,Cash & Cash Equivalents,Capital Call Receivable,FUND-ACO-IV,USD,Posted
TXN-000371,InvestmentInMasterFund,2022-03-07,2022-03-07,FUND-ACO-IV-DOM,FUND-ACO-IV-MAIN,COMM-0053,CCN-00106,42845000.0,Investment in Master Fund,Cash & Cash Equivalents,FUND-ACO-IV,USD,Posted
TXN-000372,CapitalFromFeeder,2022-03-07,2022-03-07,FUND-ACO-IV-DOM,FUND-ACO-IV-MAIN,COMM-0053,CCN-00106,42845000.0,Cash & Cash Equivalents,LP Capital Account — Feeder,FUND-ACO-IV,USD,Posted
TXN-000373,CapitalCallReceivable,2022-08-22,2022-09-08,INV-0011,FUND-AGE-II-DOM,COMM-0054,CCN-00107,138051000.0,Capital Call Receivable,Capital Contributions Payable,FUND-AGE-II,USD,Posted
TXN-000374,CashReceipt,2022-09-08,2022-09-08,INV-0011,FUND-AGE-II-DOM,COMM-0054,CCN-00107,138051000.0,Cash & Cash Equivalents,Capital Call Receivable,FUND-AGE-II,USD,Posted
TXN-000375,InvestmentInMasterFund,2022-09-09,2022-09-09,FUND-AGE-II-DOM,FUND-AGE-II-MAIN,COMM-0054,CCN-00107,138051000.0,Investment in Master Fund,Cash & Cash Equivalents,FUND-AGE-II,USD,Posted
TXN-000376,CapitalFromFeeder,2022-09-09,2022-09-09,FUND-AGE-II-DOM,FUND-AGE-II-MAIN,COMM-0054,CCN-00107,138051000.0,Cash & Cash Equivalents,LP Capital Account — Feeder,FUND-AGE-II,USD,Posted
TXN-000377,CapitalCallReceivable,2022-08-22,2022-09-08,INV-0038,FUND-AGE-II-OFF,COMM-0055,CCN-00109,13965000.0,Capital Call Receivable,Capital Contributions Payable,FUND-AGE-II,USD,Posted
TXN-000378,CashReceipt,2022-09-08,2022-09-08,INV-0038,FUND-AGE-II-OFF,COMM-0055,CCN-00109,13965000.0,Cash & Cash Equivalents,Capital Call Receivable,FUND-AGE-II,USD,Posted
TXN-000379,InvestmentInMasterFund,2022-09-09,2022-09-09,FUND-AGE-II-OFF,FUND-AGE-II-MAIN,COMM-0055,CCN-00109,13965000.0,Investment in Master Fund,Cash & Cash Equivalents,FUND-AGE-II,USD,Posted
TXN-000380,CapitalFromFeeder,2022-09-09,2022-09-09,FUND-AGE-II-OFF,FUND-AGE-II-MAIN,COMM-0055,CCN-00109,13965000.0,Cash & Cash Equivalents,LP Capital Account — Feeder,FUND-AGE-II,USD,Posted
TXN-000381,CapitalCallReceivable,2023-02-10,2023-03-01,INV-0038,FUND-AGE-II-OFF,COMM-0055,CCN-00110,11637500.0,Capital Call Receivable,Capital Contributions Payable,FUND-AGE-II,USD,Posted
TXN-000382,CashReceipt,2023-03-01,2023-03-01,INV-0038,FUND-AGE-II-OFF,COMM-0055,CCN-00110,11637500.0,Cash & Cash Equivalents,Capital Call Receivable,FUND-AGE-II,USD,Posted
TXN-000383,InvestmentInMasterFund,2023-03-02,2023-03-02,FUND-AGE-II-OFF,FUND-AGE-II-MAIN,COMM-0055,CCN-00110,11637500.0,Investment in Master Fund,Cash & Cash Equivalents,FUND-AGE-II,USD,Posted
TXN-000384,CapitalFromFeeder,2023-03-02,2023-03-02,FUND-AGE-II-OFF,FUND-AGE-II-MAIN,COMM-0055,CCN-00110,11637500.0,Cash & Cash Equivalents,LP Capital Account — Feeder,FUND-AGE-II,USD,Posted
TXN-000385,CapitalCallReceivable,2023-08-26,2023-09-11,INV-0012,FUND-ABF-X-OFF,COMM-0056,CCN-00111,40134000.0,Capital Call Receivable,Capital Contributions Payable,FUND-ABF-X,USD,Posted
TXN-000386,CashReceipt,2023-09-11,2023-09-11,INV-0012,FUND-ABF-X-OFF,COMM-0056,CCN-00111,40134000.0,Cash & Cash Equivalents,Capital Call Receivable,FUND-ABF-X,USD,Posted
TXN-000387,InvestmentInMasterFund,2023-09-12,2023-09-12,FUND-ABF-X-OFF,FUND-ABF-X-MAIN,COMM-0056,CCN-00111,40134000.0,Investment in Master Fund,Cash & Cash Equivalents,FUND-ABF-X,USD,Posted
TXN-000388,CapitalFromFeeder,2023-09-12,2023-09-12,FUND-ABF-X-OFF,FUND-ABF-X-MAIN,COMM-0056,CCN-00111,40134000.0,Cash & Cash Equivalents,LP Capital Account — Feeder,FUND-ABF-X,USD,Posted
TXN-000389,CapitalCallReceivable,2024-03-26,2024-04-11,INV-0012,FUND-ABF-X-OFF,COMM-0056,CCN-00112,33445000.0,Capital Call Receivable,Capital Contributions Payable,FUND-ABF-X,USD,Posted
TXN-000390,CashReceipt,2024-04-11,2024-04-11,INV-0012,FUND-ABF-X-OFF,COMM-0056,CCN-00112,33445000.0,Cash & Cash Equivalents,Capital Call Receivable,FUND-ABF-X,USD,Posted
TXN-000391,InvestmentInMasterFund,2024-04-12,2024-04-12,FUND-ABF-X-OFF,FUND-ABF-X-MAIN,COMM-0056,CCN-00112,33445000.0,Investment in Master Fund,Cash & Cash Equivalents,FUND-ABF-X,USD,Posted
TXN-000392,CapitalFromFeeder,2024-04-12,2024-04-12,FUND-ABF-X-OFF,FUND-ABF-X-MAIN,COMM-0056,CCN-00112,33445000.0,Cash & Cash Equivalents,LP Capital Account — Feeder,FUND-ABF-X,USD,Posted
TXN-000393,CapitalCallReceivable,2019-08-18,2019-09-04,INV-0021,FUND-AGE-I-DOM,COMM-0057,CCN-00113,114543000.0,Capital Call Receivable,Capital Contributions Payable,FUND-AGE-I,USD,Posted
TXN-000394,CashReceipt,2019-09-04,2019-09-04,INV-0021,FUND-AGE-I-DOM,COMM-0057,CCN-00113,114543000.0,Cash & Cash Equivalents,Capital Call Receivable,FUND-AGE-I,USD,Posted
TXN-000395,InvestmentInMasterFund,2019-09-05,2019-09-05,FUND-AGE-I-DOM,FUND-AGE-I-MAIN,COMM-0057,CCN-00113,114543000.0,Investment in Master Fund,Cash & Cash Equivalents,FUND-AGE-I,USD,Posted
TXN-000396,CapitalFromFeeder,2019-09-05,2019-09-05,FUND-AGE-I-DOM,FUND-AGE-I-MAIN,COMM-0057,CCN-00113,114543000.0,Cash & Cash Equivalents,LP Capital Account — Feeder,FUND-AGE-I,USD,Posted
TXN-000397,CapitalCallReceivable,2020-05-18,2020-06-01,INV-0021,FUND-AGE-I-DOM,COMM-0057,CCN-00114,95452500.0,Capital Call Receivable,Capital Contributions Payable,FUND-AGE-I,USD,Posted
TXN-000398,CashReceipt,2020-06-01,2020-06-01,INV-0021,FUND-AGE-I-DOM,COMM-0057,CCN-00114,95452500.0,Cash & Cash Equivalents,Capital Call Receivable,FUND-AGE-I,USD,Posted
TXN-000399,InvestmentInMasterFund,2020-06-02,2020-06-02,FUND-AGE-I-DOM,FUND-AGE-I-MAIN,COMM-0057,CCN-00114,95452500.0,Investment in Master Fund,Cash & Cash Equivalents,FUND-AGE-I,USD,Posted
TXN-000400,CapitalFromFeeder,2020-06-02,2020-06-02,FUND-AGE-I-DOM,FUND-AGE-I-MAIN,COMM-0057,CCN-00114,95452500.0,Cash & Cash Equivalents,LP Capital Account — Feeder,FUND-AGE-I,USD,Posted
TXN-000401,CapitalCallReceivable,2023-08-26,2023-09-11,INV-0017,FUND-ABF-X-MAIN,COMM-0058,CCN-00115,71340000.0,Capital Call Receivable,Capital Contributions Payable,FUND-ABF-X,USD,Posted
TXN-000402,CashReceipt,2023-09-11,2023-09-11,INV-0017,FUND-ABF-X-MAIN,COMM-0058,CCN-00115,71340000.0,Cash & Cash Equivalents,Capital Call Receivable,FUND-ABF-X,USD,Posted
TXN-000403,CapitalCallReceivable,2024-03-26,2024-04-10,INV-0017,FUND-ABF-X-MAIN,COMM-0058,CCN-00116,59450000.0,Capital Call Receivable,Capital Contributions Payable,FUND-ABF-X,USD,Posted
TXN-000404,CashReceipt,2024-04-10,2024-04-10,INV-0017,FUND-ABF-X-MAIN,COMM-0058,CCN-00116,59450000.0,Cash & Cash Equivalents,Capital Call Receivable,FUND-ABF-X,USD,Posted
TXN-000405,CapitalCallReceivable,2020-07-02,2020-07-16,INV-0015,FUND-ARA-III-OFF,COMM-0059,CCN-00117,117513000.0,Capital Call Receivable,Capital Contributions Payable,FUND-ARA-III,USD,Posted
TXN-000406,CashReceipt,2020-07-16,2020-07-16,INV-0015,FUND-ARA-III-OFF,COMM-0059,CCN-00117,117513000.0,Cash & Cash Equivalents,Capital Call Receivable,FUND-ARA-III,USD,Posted
TXN-000407,InvestmentInMasterFund,2020-07-17,2020-07-17,FUND-ARA-III-OFF,FUND-ARA-III-MAIN,COMM-0059,CCN-00117,117513000.0,Investment in Master Fund,Cash & Cash Equivalents,FUND-ARA-III,USD,Posted
TXN-000408,CapitalFromFeeder,2020-07-17,2020-07-17,FUND-ARA-III-OFF,FUND-ARA-III-MAIN,COMM-0059,CCN-00117,117513000.0,Cash & Cash Equivalents,LP Capital Account — Feeder,FUND-ARA-III,USD,Posted
TXN-000409,CapitalCallReceivable,2020-11-06,2020-11-24,INV-0015,FUND-ARA-III-OFF,COMM-0059,CCN-00118,97927500.0,Capital Call Receivable,Capital Contributions Payable,FUND-ARA-III,USD,Posted
TXN-000410,CashReceipt,2020-11-24,2020-11-24,INV-0015,FUND-ARA-III-OFF,COMM-0059,CCN-00118,97927500.0,Cash & Cash Equivalents,Capital Call Receivable,FUND-ARA-III,USD,Posted
TXN-000411,InvestmentInMasterFund,2020-11-25,2020-11-25,FUND-ARA-III-OFF,FUND-ARA-III-MAIN,COMM-0059,CCN-00118,97927500.0,Investment in Master Fund,Cash & Cash Equivalents,FUND-ARA-III,USD,Posted
TXN-000412,CapitalFromFeeder,2020-11-25,2020-11-25,FUND-ARA-III-OFF,FUND-ARA-III-MAIN,COMM-0059,CCN-00118,97927500.0,Cash & Cash Equivalents,LP Capital Account — Feeder,FUND-ARA-III,USD,Posted
TXN-000413,CapitalCallReceivable,2023-08-07,2023-08-24,INV-0016,FUND-AIP-III-DOM,COMM-0060,CCN-00119,126126000.0,Capital Call Receivable,Capital Contributions Payable,FUND-AIP-III,USD,Posted
TXN-000414,CashReceipt,2023-08-24,2023-08-24,INV-0016,FUND-AIP-III-DOM,COMM-0060,CCN-00119,126126000.0,Cash & Cash Equivalents,Capital Call Receivable,FUND-AIP-III,USD,Posted
TXN-000415,InvestmentInMasterFund,2023-08-25,2023-08-25,FUND-AIP-III-DOM,FUND-AIP-III-MAIN,COMM-0060,CCN-00119,126126000.0,Investment in Master Fund,Cash & Cash Equivalents,FUND-AIP-III,USD,Posted
TXN-000416,CapitalFromFeeder,2023-08-25,2023-08-25,FUND-AIP-III-DOM,FUND-AIP-III-MAIN,COMM-0060,CCN-00119,126126000.0,Cash & Cash Equivalents,LP Capital Account — Feeder,FUND-AIP-III,USD,Posted
TXN-000417,CapitalCallReceivable,2023-11-24,2023-12-08,INV-0016,FUND-AIP-III-DOM,COMM-0060,CCN-00120,105105000.0,Capital Call Receivable,Capital Contributions Payable,FUND-AIP-III,USD,Posted
TXN-000418,CashReceipt,2023-12-08,2023-12-08,INV-0016,FUND-AIP-III-DOM,COMM-0060,CCN-00120,105105000.0,Cash & Cash Equivalents,Capital Call Receivable,FUND-AIP-III,USD,Posted
TXN-000419,InvestmentInMasterFund,2023-12-11,2023-12-11,FUND-AIP-III-DOM,FUND-AIP-III-MAIN,COMM-0060,CCN-00120,105105000.0,Investment in Master Fund,Cash & Cash Equivalents,FUND-AIP-III,USD,Posted
TXN-000420,CapitalFromFeeder,2023-12-11,2023-12-11,FUND-AIP-III-DOM,FUND-AIP-III-MAIN,COMM-0060,CCN-00120,105105000.0,Cash & Cash Equivalents,LP Capital Account — Feeder,FUND-AIP-III,USD,Posted
TXN-000421,CapitalCallReceivable,2023-08-08,2023-08-24,INV-0009,FUND-ACO-V-OFF,COMM-0061,CCN-00121,100914000.0,Capital Call Receivable,Capital Contributions Payable,FUND-ACO-V,USD,Posted
TXN-000422,CashReceipt,2023-08-24,2023-08-24,INV-0009,FUND-ACO-V-OFF,COMM-0061,CCN-00121,100914000.0,Cash & Cash Equivalents,Capital Call Receivable,FUND-ACO-V,USD,Posted
TXN-000423,InvestmentInMasterFund,2023-08-25,2023-08-25,FUND-ACO-V-OFF,FUND-ACO-V-MAIN,COMM-0061,CCN-00121,100914000.0,Investment in Master Fund,Cash & Cash Equivalents,FUND-ACO-V,USD,Posted
TXN-000424,CapitalFromFeeder,2023-08-25,2023-08-25,FUND-ACO-V-OFF,FUND-ACO-V-MAIN,COMM-0061,CCN-00121,100914000.0,Cash & Cash Equivalents,LP Capital Account — Feeder,FUND-ACO-V,USD,Posted
TXN-000425,CapitalCallReceivable,2024-01-23,2024-02-08,INV-0009,FUND-ACO-V-OFF,COMM-0061,CCN-00122,84095000.0,Capital Call Receivable,Capital Contributions Payable,FUND-ACO-V,USD,Posted
TXN-000426,CashReceipt,2024-02-08,2024-02-08,INV-0009,FUND-ACO-V-OFF,COMM-0061,CCN-00122,84095000.0,Cash & Cash Equivalents,Capital Call Receivable,FUND-ACO-V,USD,Posted
TXN-000427,InvestmentInMasterFund,2024-02-09,2024-02-09,FUND-ACO-V-OFF,FUND-ACO-V-MAIN,COMM-0061,CCN-00122,84095000.0,Investment in Master Fund,Cash & Cash Equivalents,FUND-ACO-V,USD,Posted
TXN-000428,CapitalFromFeeder,2024-02-09,2024-02-09,FUND-ACO-V-OFF,FUND-ACO-V-MAIN,COMM-0061,CCN-00122,84095000.0,Cash & Cash Equivalents,LP Capital Account — Feeder,FUND-ACO-V,USD,Posted
TXN-000429,CapitalCallReceivable,2020-07-02,2020-07-21,INV-0017,FUND-ARA-III-MAIN,COMM-0062,CCN-00123,26418000.0,Capital Call Receivable,Capital Contributions Payable,FUND-ARA-III,USD,Posted
TXN-000430,CashReceipt,2020-07-21,2020-07-21,INV-0017,FUND-ARA-III-MAIN,COMM-0062,CCN-00123,26418000.0,Cash & Cash Equivalents,Capital Call Receivable,FUND-ARA-III,USD,Posted
TXN-000431,CapitalCallReceivable,2020-11-06,2020-11-24,INV-0017,FUND-ARA-III-MAIN,COMM-0062,CCN-00124,22015000.0,Capital Call Receivable,Capital Contributions Payable,FUND-ARA-III,USD,Posted
TXN-000432,CashReceipt,2020-11-24,2020-11-24,INV-0017,FUND-ARA-III-MAIN,COMM-0062,CCN-00124,22015000.0,Cash & Cash Equivalents,Capital Call Receivable,FUND-ARA-III,USD,Posted
TXN-000433,CapitalCallReceivable,2020-07-02,2020-07-17,INV-0020,FUND-ARA-III-DOM,COMM-0063,CCN-00125,87435000.0,Capital Call Receivable,Capital Contributions Payable,FUND-ARA-III,USD,Posted
TXN-000434,CashReceipt,2020-07-17,2020-07-17,INV-0020,FUND-ARA-III-DOM,COMM-0063,CCN-00125,87435000.0,Cash & Cash Equivalents,Capital Call Receivable,FUND-ARA-III,USD,Posted
TXN-000435,InvestmentInMasterFund,2020-07-20,2020-07-20,FUND-ARA-III-DOM,FUND-ARA-III-MAIN,COMM-0063,CCN-00125,87435000.0,Investment in Master Fund,Cash & Cash Equivalents,FUND-ARA-III,USD,Posted
TXN-000436,CapitalFromFeeder,2020-07-20,2020-07-20,FUND-ARA-III-DOM,FUND-ARA-III-MAIN,COMM-0063,CCN-00125,87435000.0,Cash & Cash Equivalents,LP Capital Account — Feeder,FUND-ARA-III,USD,Posted
TXN-000437,CapitalCallReceivable,2020-11-06,2020-11-23,INV-0020,FUND-ARA-III-DOM,COMM-0063,CCN-00126,72862500.0,Capital Call Receivable,Capital Contributions Payable,FUND-ARA-III,USD,Posted
TXN-000438,CashReceipt,2020-11-23,2020-11-23,INV-0020,FUND-ARA-III-DOM,COMM-0063,CCN-00126,72862500.0,Cash & Cash Equivalents,Capital Call Receivable,FUND-ARA-III,USD,Posted
TXN-000439,InvestmentInMasterFund,2020-11-24,2020-11-24,FUND-ARA-III-DOM,FUND-ARA-III-MAIN,COMM-0063,CCN-00126,72862500.0,Investment in Master Fund,Cash & Cash Equivalents,FUND-ARA-III,USD,Posted
TXN-000440,CapitalFromFeeder,2020-11-24,2020-11-24,FUND-ARA-III-DOM,FUND-ARA-III-MAIN,COMM-0063,CCN-00126,72862500.0,Cash & Cash Equivalents,LP Capital Account — Feeder,FUND-ARA-III,USD,Posted
TXN-000441,CapitalCallReceivable,2023-08-07,2023-08-23,INV-0013,FUND-AIP-III-OFF,COMM-0064,CCN-00127,89427000.0,Capital Call Receivable,Capital Contributions Payable,FUND-AIP-III,USD,Posted
TXN-000442,CashReceipt,2023-08-23,2023-08-23,INV-0013,FUND-AIP-III-OFF,COMM-0064,CCN-00127,89427000.0,Cash & Cash Equivalents,Capital Call Receivable,FUND-AIP-III,USD,Posted
TXN-000443,InvestmentInMasterFund,2023-08-24,2023-08-24,FUND-AIP-III-OFF,FUND-AIP-III-MAIN,COMM-0064,CCN-00127,89427000.0,Investment in Master Fund,Cash & Cash Equivalents,FUND-AIP-III,USD,Posted
TXN-000444,CapitalFromFeeder,2023-08-24,2023-08-24,FUND-AIP-III-OFF,FUND-AIP-III-MAIN,COMM-0064,CCN-00127,89427000.0,Cash & Cash Equivalents,LP Capital Account — Feeder,FUND-AIP-III,USD,Posted
TXN-000445,CapitalCallReceivable,2023-11-24,2023-12-11,INV-0013,FUND-AIP-III-OFF,COMM-0064,CCN-00128,74522500.0,Capital Call Receivable,Capital Contributions Payable,FUND-AIP-III,USD,Posted
TXN-000446,CashReceipt,2023-12-11,2023-12-11,INV-0013,FUND-AIP-III-OFF,COMM-0064,CCN-00128,74522500.0,Cash & Cash Equivalents,Capital Call Receivable,FUND-AIP-III,USD,Posted
TXN-000447,InvestmentInMasterFund,2023-12-12,2023-12-12,FUND-AIP-III-OFF,FUND-AIP-III-MAIN,COMM-0064,CCN-00128,74522500.0,Investment in Master Fund,Cash & Cash Equivalents,FUND-AIP-III,USD,Posted
TXN-000448,CapitalFromFeeder,2023-12-12,2023-12-12,FUND-AIP-III-OFF,FUND-AIP-III-MAIN,COMM-0064,CCN-00128,74522500.0,Cash & Cash Equivalents,LP Capital Account — Feeder,FUND-AIP-III,USD,Posted
TXN-000449,CapitalCallReceivable,2021-11-28,2021-12-10,INV-0020,FUND-ABF-IX-DOM,COMM-0065,CCN-00130,99782500.0,Capital Call Receivable,Capital Contributions Payable,FUND-ABF-IX,USD,Posted
TXN-000450,CashReceipt,2021-12-10,2021-12-10,INV-0020,FUND-ABF-IX-DOM,COMM-0065,CCN-00130,99782500.0,Cash & Cash Equivalents,Capital Call Receivable,FUND-ABF-IX,USD,Posted
TXN-000451,InvestmentInMasterFund,2021-12-13,2021-12-13,FUND-ABF-IX-DOM,FUND-ABF-IX-MAIN,COMM-0065,CCN-00130,99782500.0,Investment in Master Fund,Cash & Cash Equivalents,FUND-ABF-IX,USD,Posted
TXN-000452,CapitalFromFeeder,2021-12-13,2021-12-13,FUND-ABF-IX-DOM,FUND-ABF-IX-MAIN,COMM-0065,CCN-00130,99782500.0,Cash & Cash Equivalents,LP Capital Account — Feeder,FUND-ABF-IX,USD,Posted
TXN-000453,CapitalCallReceivable,2021-08-08,2021-08-24,INV-0035,FUND-ABF-IX-MAIN,COMM-0066,CCN-00131,99735000.0,Capital Call Receivable,Capital Contributions Payable,FUND-ABF-IX,USD,Posted
TXN-000454,CashReceipt,2021-08-24,2021-08-24,INV-0035,FUND-ABF-IX-MAIN,COMM-0066,CCN-00131,99735000.0,Cash & Cash Equivalents,Capital Call Receivable,FUND-ABF-IX,USD,Posted
TXN-000455,CapitalCallReceivable,2021-11-28,2021-12-14,INV-0035,FUND-ABF-IX-MAIN,COMM-0066,CCN-00132,83112500.0,Capital Call Receivable,Capital Contributions Payable,FUND-ABF-IX,USD,Posted
TXN-000456,CashReceipt,2021-12-14,2021-12-14,INV-0035,FUND-ABF-IX-MAIN,COMM-0066,CCN-00132,83112500.0,Cash & Cash Equivalents,Capital Call Receivable,FUND-ABF-IX,USD,Posted
TXN-000457,CapitalCallReceivable,2022-07-15,2022-08-01,INV-0027,FUND-ARA-IV-DOM,COMM-0067,CCN-00133,17172000.0,Capital Call Receivable,Capital Contributions Payable,FUND-ARA-IV,USD,Posted
TXN-000458,CashReceipt,2022-08-01,2022-08-01,INV-0027,FUND-ARA-IV-DOM,COMM-0067,CCN-00133,17172000.0,Cash & Cash Equivalents,Capital Call Receivable,FUND-ARA-IV,USD,Posted
TXN-000459,InvestmentInMasterFund,2022-08-02,2022-08-02,FUND-ARA-IV-DOM,FUND-ARA-IV-MAIN,COMM-0067,CCN-00133,17172000.0,Investment in Master Fund,Cash & Cash Equivalents,FUND-ARA-IV,USD,Posted
TXN-000460,CapitalFromFeeder,2022-08-02,2022-08-02,FUND-ARA-IV-DOM,FUND-ARA-IV-MAIN,COMM-0067,CCN-00133,17172000.0,Cash & Cash Equivalents,LP Capital Account — Feeder,FUND-ARA-IV,USD,Posted
TXN-000461,CapitalCallReceivable,2023-04-17,2023-05-01,INV-0027,FUND-ARA-IV-DOM,COMM-0067,CCN-00134,14310000.0,Capital Call Receivable,Capital Contributions Payable,FUND-ARA-IV,USD,Posted
TXN-000462,CashReceipt,2023-05-01,2023-05-01,INV-0027,FUND-ARA-IV-DOM,COMM-0067,CCN-00134,14310000.0,Cash & Cash Equivalents,Capital Call Receivable,FUND-ARA-IV,USD,Posted
TXN-000463,InvestmentInMasterFund,2023-05-02,2023-05-02,FUND-ARA-IV-DOM,FUND-ARA-IV-MAIN,COMM-0067,CCN-00134,14310000.0,Investment in Master Fund,Cash & Cash Equivalents,FUND-ARA-IV,USD,Posted
TXN-000464,CapitalFromFeeder,2023-05-02,2023-05-02,FUND-ARA-IV-DOM,FUND-ARA-IV-MAIN,COMM-0067,CCN-00134,14310000.0,Cash & Cash Equivalents,LP Capital Account — Feeder,FUND-ARA-IV,USD,Posted
TXN-000465,CapitalCallReceivable,2024-03-26,2024-04-10,INV-0010,FUND-ABF-X-DOM,COMM-0068,CCN-00136,23047500.0,Capital Call Receivable,Capital Contributions Payable,FUND-ABF-X,USD,Posted
TXN-000466,CashReceipt,2024-04-10,2024-04-10,INV-0010,FUND-ABF-X-DOM,COMM-0068,CCN-00136,23047500.0,Cash & Cash Equivalents,Capital Call Receivable,FUND-ABF-X,USD,Posted
TXN-000467,InvestmentInMasterFund,2024-04-11,2024-04-11,FUND-ABF-X-DOM,FUND-ABF-X-MAIN,COMM-0068,CCN-00136,23047500.0,Investment in Master Fund,Cash & Cash Equivalents,FUND-ABF-X,USD,Posted
TXN-000468,CapitalFromFeeder,2024-04-11,2024-04-11,FUND-ABF-X-DOM,FUND-ABF-X-MAIN,COMM-0068,CCN-00136,23047500.0,Cash & Cash Equivalents,LP Capital Account — Feeder,FUND-ABF-X,USD,Posted
TXN-000469,CapitalCallReceivable,2021-08-17,2021-09-02,INV-0035,FUND-ACO-IV-OFF,COMM-0069,CCN-00137,70533000.0,Capital Call Receivable,Capital Contributions Payable,FUND-ACO-IV,USD,Posted
TXN-000470,CashReceipt,2021-09-02,2021-09-02,INV-0035,FUND-ACO-IV-OFF,COMM-0069,CCN-00137,70533000.0,Cash & Cash Equivalents,Capital Call Receivable,FUND-ACO-IV,USD,Posted
TXN-000471,InvestmentInMasterFund,2021-09-03,2021-09-03,FUND-ACO-IV-OFF,FUND-ACO-IV-MAIN,COMM-0069,CCN-00137,70533000.0,Investment in Master Fund,Cash & Cash Equivalents,FUND-ACO-IV,USD,Posted
TXN-000472,CapitalFromFeeder,2021-09-03,2021-09-03,FUND-ACO-IV-OFF,FUND-ACO-IV-MAIN,COMM-0069,CCN-00137,70533000.0,Cash & Cash Equivalents,LP Capital Account — Feeder,FUND-ACO-IV,USD,Posted
TXN-000473,CapitalCallReceivable,2022-02-19,2022-03-04,INV-0035,FUND-ACO-IV-OFF,COMM-0069,CCN-00138,58777500.0,Capital Call Receivable,Capital Contributions Payable,FUND-ACO-IV,USD,Posted
TXN-000474,CashReceipt,2022-03-04,2022-03-04,INV-0035,FUND-ACO-IV-OFF,COMM-0069,CCN-00138,58777500.0,Cash & Cash Equivalents,Capital Call Receivable,FUND-ACO-IV,USD,Posted
TXN-000475,InvestmentInMasterFund,2022-03-07,2022-03-07,FUND-ACO-IV-OFF,FUND-ACO-IV-MAIN,COMM-0069,CCN-00138,58777500.0,Investment in Master Fund,Cash & Cash Equivalents,FUND-ACO-IV,USD,Posted
TXN-000476,CapitalFromFeeder,2022-03-07,2022-03-07,FUND-ACO-IV-OFF,FUND-ACO-IV-MAIN,COMM-0069,CCN-00138,58777500.0,Cash & Cash Equivalents,LP Capital Account — Feeder,FUND-ACO-IV,USD,Posted
TXN-000477,CapitalCallReceivable,2021-08-23,2021-09-06,INV-0016,FUND-AIP-II-DOM,COMM-0070,CCN-00139,42921000.0,Capital Call Receivable,Capital Contributions Payable,FUND-AIP-II,USD,Posted
TXN-000478,CashReceipt,2021-09-06,2021-09-06,INV-0016,FUND-AIP-II-DOM,COMM-0070,CCN-00139,42921000.0,Cash & Cash Equivalents,Capital Call Receivable,FUND-AIP-II,USD,Posted
TXN-000479,InvestmentInMasterFund,2021-09-07,2021-09-07,FUND-AIP-II-DOM,FUND-AIP-II-MAIN,COMM-0070,CCN-00139,42921000.0,Investment in Master Fund,Cash & Cash Equivalents,FUND-AIP-II,USD,Posted
TXN-000480,CapitalFromFeeder,2021-09-07,2021-09-07,FUND-AIP-II-DOM,FUND-AIP-II-MAIN,COMM-0070,CCN-00139,42921000.0,Cash & Cash Equivalents,LP Capital Account — Feeder,FUND-AIP-II,USD,Posted
TXN-000481,CapitalCallReceivable,2022-05-01,2022-05-18,INV-0016,FUND-AIP-II-DOM,COMM-0070,CCN-00140,35767500.0,Capital Call Receivable,Capital Contributions Payable,FUND-AIP-II,USD,Posted
TXN-000482,CashReceipt,2022-05-18,2022-05-18,INV-0016,FUND-AIP-II-DOM,COMM-0070,CCN-00140,35767500.0,Cash & Cash Equivalents,Capital Call Receivable,FUND-AIP-II,USD,Posted
TXN-000483,InvestmentInMasterFund,2022-05-19,2022-05-19,FUND-AIP-II-DOM,FUND-AIP-II-MAIN,COMM-0070,CCN-00140,35767500.0,Investment in Master Fund,Cash & Cash Equivalents,FUND-AIP-II,USD,Posted
TXN-000484,CapitalFromFeeder,2022-05-19,2022-05-19,FUND-AIP-II-DOM,FUND-AIP-II-MAIN,COMM-0070,CCN-00140,35767500.0,Cash & Cash Equivalents,LP Capital Account — Feeder,FUND-AIP-II,USD,Posted
TXN-000485,CapitalCallReceivable,2022-07-15,2022-08-03,INV-0037,FUND-ARA-IV-MAIN,COMM-0071,CCN-00141,51456000.0,Capital Call Receivable,Capital Contributions Payable,FUND-ARA-IV,USD,Posted
TXN-000486,CashReceipt,2022-08-03,2022-08-03,INV-0037,FUND-ARA-IV-MAIN,COMM-0071,CCN-00141,51456000.0,Cash & Cash Equivalents,Capital Call Receivable,FUND-ARA-IV,USD,Posted
TXN-000487,CapitalCallReceivable,2023-04-17,2023-05-01,INV-0037,FUND-ARA-IV-MAIN,COMM-0071,CCN-00142,42880000.0,Capital Call Receivable,Capital Contributions Payable,FUND-ARA-IV,USD,Posted
TXN-000488,CashReceipt,2023-05-01,2023-05-01,INV-0037,FUND-ARA-IV-MAIN,COMM-0071,CCN-00142,42880000.0,Cash & Cash Equivalents,Capital Call Receivable,FUND-ARA-IV,USD,Posted
TXN-000489,CapitalCallReceivable,2022-07-15,2022-08-03,INV-0032,FUND-ARA-IV-OFF,COMM-0072,CCN-00143,54192000.0,Capital Call Receivable,Capital Contributions Payable,FUND-ARA-IV,USD,Posted
TXN-000490,CashReceipt,2022-08-03,2022-08-03,INV-0032,FUND-ARA-IV-OFF,COMM-0072,CCN-00143,54192000.0,Cash & Cash Equivalents,Capital Call Receivable,FUND-ARA-IV,USD,Posted
TXN-000491,InvestmentInMasterFund,2022-08-04,2022-08-04,FUND-ARA-IV-OFF,FUND-ARA-IV-MAIN,COMM-0072,CCN-00143,54192000.0,Investment in Master Fund,Cash & Cash Equivalents,FUND-ARA-IV,USD,Posted
TXN-000492,CapitalFromFeeder,2022-08-04,2022-08-04,FUND-ARA-IV-OFF,FUND-ARA-IV-MAIN,COMM-0072,CCN-00143,54192000.0,Cash & Cash Equivalents,LP Capital Account — Feeder,FUND-ARA-IV,USD,Posted
TXN-000493,CapitalCallReceivable,2023-04-17,2023-05-01,INV-0032,FUND-ARA-IV-OFF,COMM-0072,CCN-00144,45160000.0,Capital Call Receivable,Capital Contributions Payable,FUND-ARA-IV,USD,Posted
TXN-000494,CashReceipt,2023-05-01,2023-05-01,INV-0032,FUND-ARA-IV-OFF,COMM-0072,CCN-00144,45160000.0,Cash & Cash Equivalents,Capital Call Receivable,FUND-ARA-IV,USD,Posted
TXN-000495,InvestmentInMasterFund,2023-05-02,2023-05-02,FUND-ARA-IV-OFF,FUND-ARA-IV-MAIN,COMM-0072,CCN-00144,45160000.0,Investment in Master Fund,Cash & Cash Equivalents,FUND-ARA-IV,USD,Posted
TXN-000496,CapitalFromFeeder,2023-05-02,2023-05-02,FUND-ARA-IV-OFF,FUND-ARA-IV-MAIN,COMM-0072,CCN-00144,45160000.0,Cash & Cash Equivalents,LP Capital Account — Feeder,FUND-ARA-IV,USD,Posted
TXN-000497,CapitalCallReceivable,2023-08-08,2023-08-23,INV-0039,FUND-ACO-V-DOM,COMM-0073,CCN-00145,84036000.0,Capital Call Receivable,Capital Contributions Payable,FUND-ACO-V,USD,Posted
TXN-000498,CashReceipt,2023-08-23,2023-08-23,INV-0039,FUND-ACO-V-DOM,COMM-0073,CCN-00145,84036000.0,Cash & Cash Equivalents,Capital Call Receivable,FUND-ACO-V,USD,Posted
TXN-000499,InvestmentInMasterFund,2023-08-24,2023-08-24,FUND-ACO-V-DOM,FUND-ACO-V-MAIN,COMM-0073,CCN-00145,84036000.0,Investment in Master Fund,Cash & Cash Equivalents,FUND-ACO-V,USD,Posted
TXN-000500,CapitalFromFeeder,2023-08-24,2023-08-24,FUND-ACO-V-DOM,FUND-ACO-V-MAIN,COMM-0073,CCN-00145,84036000.0,Cash & Cash Equivalents,LP Capital Account — Feeder,FUND-ACO-V,USD,Posted
TXN-000501,CapitalCallReceivable,2024-01-23,2024-02-15,INV-0039,FUND-ACO-V-DOM,COMM-0073,CCN-00146,70030000.0,Capital Call Receivable,Capital Contributions Payable,FUND-ACO-V,USD,Posted
TXN-000502,CashReceipt,2024-02-15,2024-02-15,INV-0039,FUND-ACO-V-DOM,COMM-0073,CCN-00146,70030000.0,Cash & Cash Equivalents,Capital Call Receivable,FUND-ACO-V,USD,Posted
TXN-000503,InvestmentInMasterFund,2024-02-16,2024-02-16,FUND-ACO-V-DOM,FUND-ACO-V-MAIN,COMM-0073,CCN-00146,70030000.0,Investment in Master Fund,Cash & Cash Equivalents,FUND-ACO-V,USD,Posted
TXN-000504,CapitalFromFeeder,2024-02-16,2024-02-16,FUND-ACO-V-DOM,FUND-ACO-V-MAIN,COMM-0073,CCN-00146,70030000.0,Cash & Cash Equivalents,LP Capital Account — Feeder,FUND-ACO-V,USD,Posted
TXN-000505,CapitalCallReceivable,2021-08-08,2021-08-20,INV-0016,FUND-ABF-IX-OFF,COMM-0074,CCN-00147,74055000.0,Capital Call Receivable,Capital Contributions Payable,FUND-ABF-IX,USD,Posted
TXN-000506,CashReceipt,2021-08-20,2021-08-20,INV-0016,FUND-ABF-IX-OFF,COMM-0074,CCN-00147,74055000.0,Cash & Cash Equivalents,Capital Call Receivable,FUND-ABF-IX,USD,Posted
TXN-000507,InvestmentInMasterFund,2021-08-23,2021-08-23,FUND-ABF-IX-OFF,FUND-ABF-IX-MAIN,COMM-0074,CCN-00147,74055000.0,Investment in Master Fund,Cash & Cash Equivalents,FUND-ABF-IX,USD,Posted
TXN-000508,CapitalFromFeeder,2021-08-23,2021-08-23,FUND-ABF-IX-OFF,FUND-ABF-IX-MAIN,COMM-0074,CCN-00147,74055000.0,Cash & Cash Equivalents,LP Capital Account — Feeder,FUND-ABF-IX,USD,Posted
TXN-000509,CapitalCallReceivable,2021-11-28,2021-12-13,INV-0016,FUND-ABF-IX-OFF,COMM-0074,CCN-00148,61712500.0,Capital Call Receivable,Capital Contributions Payable,FUND-ABF-IX,USD,Posted
TXN-000510,CashReceipt,2021-12-13,2021-12-13,INV-0016,FUND-ABF-IX-OFF,COMM-0074,CCN-00148,61712500.0,Cash & Cash Equivalents,Capital Call Receivable,FUND-ABF-IX,USD,Posted
TXN-000511,InvestmentInMasterFund,2021-12-14,2021-12-14,FUND-ABF-IX-OFF,FUND-ABF-IX-MAIN,COMM-0074,CCN-00148,61712500.0,Investment in Master Fund,Cash & Cash Equivalents,FUND-ABF-IX,USD,Posted
TXN-000512,CapitalFromFeeder,2021-12-14,2021-12-14,FUND-ABF-IX-OFF,FUND-ABF-IX-MAIN,COMM-0074,CCN-00148,61712500.0,Cash & Cash Equivalents,LP Capital Account — Feeder,FUND-ABF-IX,USD,Posted
TXN-000513,CapitalCallReceivable,2021-08-23,2021-09-08,INV-0032,FUND-AIP-II-OFF,COMM-0075,CCN-00149,119250000.0,Capital Call Receivable,Capital Contributions Payable,FUND-AIP-II,USD,Posted
TXN-000514,CashReceipt,2021-09-08,2021-09-08,INV-0032,FUND-AIP-II-OFF,COMM-0075,CCN-00149,119250000.0,Cash & Cash Equivalents,Capital Call Receivable,FUND-AIP-II,USD,Posted
TXN-000515,InvestmentInMasterFund,2021-09-09,2021-09-09,FUND-AIP-II-OFF,FUND-AIP-II-MAIN,COMM-0075,CCN-00149,119250000.0,Investment in Master Fund,Cash & Cash Equivalents,FUND-AIP-II,USD,Posted
TXN-000516,CapitalFromFeeder,2021-09-09,2021-09-09,FUND-AIP-II-OFF,FUND-AIP-II-MAIN,COMM-0075,CCN-00149,119250000.0,Cash & Cash Equivalents,LP Capital Account — Feeder,FUND-AIP-II,USD,Posted
TXN-000517,CapitalCallReceivable,2022-05-01,2022-05-13,INV-0032,FUND-AIP-II-OFF,COMM-0075,CCN-00150,99375000.0,Capital Call Receivable,Capital Contributions Payable,FUND-AIP-II,USD,Posted
TXN-000518,CashReceipt,2022-05-13,2022-05-13,INV-0032,FUND-AIP-II-OFF,COMM-0075,CCN-00150,99375000.0,Cash & Cash Equivalents,Capital Call Receivable,FUND-AIP-II,USD,Posted
TXN-000519,InvestmentInMasterFund,2022-05-16,2022-05-16,FUND-AIP-II-OFF,FUND-AIP-II-MAIN,COMM-0075,CCN-00150,99375000.0,Investment in Master Fund,Cash & Cash Equivalents,FUND-AIP-II,USD,Posted
TXN-000520,CapitalFromFeeder,2022-05-16,2022-05-16,FUND-AIP-II-OFF,FUND-AIP-II-MAIN,COMM-0075,CCN-00150,99375000.0,Cash & Cash Equivalents,LP Capital Account — Feeder,FUND-AIP-II,USD,Posted
TXN-000521,CapitalCallReceivable,2019-08-18,2019-09-13,INV-0026,FUND-AGE-I-OFF,COMM-0076,CCN-00151,46971000.0,Capital Call Receivable,Capital Contributions Payable,FUND-AGE-I,USD,Posted
TXN-000522,CashReceipt,2019-09-13,2019-09-13,INV-0026,FUND-AGE-I-OFF,COMM-0076,CCN-00151,46971000.0,Cash & Cash Equivalents,Capital Call Receivable,FUND-AGE-I,USD,Posted
TXN-000523,InvestmentInMasterFund,2019-09-16,2019-09-16,FUND-AGE-I-OFF,FUND-AGE-I-MAIN,COMM-0076,CCN-00151,46971000.0,Investment in Master Fund,Cash & Cash Equivalents,FUND-AGE-I,USD,Posted
TXN-000524,CapitalFromFeeder,2019-09-16,2019-09-16,FUND-AGE-I-OFF,FUND-AGE-I-MAIN,COMM-0076,CCN-00151,46971000.0,Cash & Cash Equivalents,LP Capital Account — Feeder,FUND-AGE-I,USD,Posted
TXN-000525,CapitalCallReceivable,2020-05-18,2020-06-04,INV-0026,FUND-AGE-I-OFF,COMM-0076,CCN-00152,39142500.0,Capital Call Receivable,Capital Contributions Payable,FUND-AGE-I,USD,Posted
TXN-000526,CashReceipt,2020-06-04,2020-06-04,INV-0026,FUND-AGE-I-OFF,COMM-0076,CCN-00152,39142500.0,Cash & Cash Equivalents,Capital Call Receivable,FUND-AGE-I,USD,Posted
TXN-000527,InvestmentInMasterFund,2020-06-05,2020-06-05,FUND-AGE-I-OFF,FUND-AGE-I-MAIN,COMM-0076,CCN-00152,39142500.0,Investment in Master Fund,Cash & Cash Equivalents,FUND-AGE-I,USD,Posted
TXN-000528,CapitalFromFeeder,2020-06-05,2020-06-05,FUND-AGE-I-OFF,FUND-AGE-I-MAIN,COMM-0076,CCN-00152,39142500.0,Cash & Cash Equivalents,LP Capital Account — Feeder,FUND-AGE-I,USD,Posted
TXN-000529,CapitalCallReceivable,2021-08-17,2021-09-03,INV-0036,FUND-ACO-IV-DOM,COMM-0077,CCN-00153,64686000.0,Capital Call Receivable,Capital Contributions Payable,FUND-ACO-IV,USD,Posted
TXN-000530,CashReceipt,2021-09-03,2021-09-03,INV-0036,FUND-ACO-IV-DOM,COMM-0077,CCN-00153,64686000.0,Cash & Cash Equivalents,Capital Call Receivable,FUND-ACO-IV,USD,Posted
TXN-000531,InvestmentInMasterFund,2021-09-06,2021-09-06,FUND-ACO-IV-DOM,FUND-ACO-IV-MAIN,COMM-0077,CCN-00153,64686000.0,Investment in Master Fund,Cash & Cash Equivalents,FUND-ACO-IV,USD,Posted
TXN-000532,CapitalFromFeeder,2021-09-06,2021-09-06,FUND-ACO-IV-DOM,FUND-ACO-IV-MAIN,COMM-0077,CCN-00153,64686000.0,Cash & Cash Equivalents,LP Capital Account — Feeder,FUND-ACO-IV,USD,Posted
TXN-000533,CapitalCallReceivable,2022-08-22,2022-09-07,INV-0030,FUND-AGE-II-DOM,COMM-0078,CCN-00155,47034000.0,Capital Call Receivable,Capital Contributions Payable,FUND-AGE-II,USD,Posted
TXN-000534,CashReceipt,2022-09-07,2022-09-07,INV-0030,FUND-AGE-II-DOM,COMM-0078,CCN-00155,47034000.0,Cash & Cash Equivalents,Capital Call Receivable,FUND-AGE-II,USD,Posted
TXN-000535,InvestmentInMasterFund,2022-09-08,2022-09-08,FUND-AGE-II-DOM,FUND-AGE-II-MAIN,COMM-0078,CCN-00155,47034000.0,Investment in Master Fund,Cash & Cash Equivalents,FUND-AGE-II,USD,Posted
TXN-000536,CapitalFromFeeder,2022-09-08,2022-09-08,FUND-AGE-II-DOM,FUND-AGE-II-MAIN,COMM-0078,CCN-00155,47034000.0,Cash & Cash Equivalents,LP Capital Account — Feeder,FUND-AGE-II,USD,Posted
TXN-000537,CapitalCallReceivable,2023-02-10,2023-02-24,INV-0030,FUND-AGE-II-DOM,COMM-0078,CCN-00156,39195000.0,Capital Call Receivable,Capital Contributions Payable,FUND-AGE-II,USD,Posted
TXN-000538,CashReceipt,2023-02-24,2023-02-24,INV-0030,FUND-AGE-II-DOM,COMM-0078,CCN-00156,39195000.0,Cash & Cash Equivalents,Capital Call Receivable,FUND-AGE-II,USD,Posted
TXN-000539,InvestmentInMasterFund,2023-02-27,2023-02-27,FUND-AGE-II-DOM,FUND-AGE-II-MAIN,COMM-0078,CCN-00156,39195000.0,Investment in Master Fund,Cash & Cash Equivalents,FUND-AGE-II,USD,Posted
TXN-000540,CapitalFromFeeder,2023-02-27,2023-02-27,FUND-AGE-II-DOM,FUND-AGE-II-MAIN,COMM-0078,CCN-00156,39195000.0,Cash & Cash Equivalents,LP Capital Account — Feeder,FUND-AGE-II,USD,Posted
TXN-000541,CapitalCallReceivable,2022-08-22,2022-09-05,INV-0013,FUND-AGE-II-OFF,COMM-0079,CCN-00157,19254000.0,Capital Call Receivable,Capital Contributions Payable,FUND-AGE-II,USD,Posted
TXN-000542,CashReceipt,2022-09-05,2022-09-05,INV-0013,FUND-AGE-II-OFF,COMM-0079,CCN-00157,19254000.0,Cash & Cash Equivalents,Capital Call Receivable,FUND-AGE-II,USD,Posted
TXN-000543,InvestmentInMasterFund,2022-09-06,2022-09-06,FUND-AGE-II-OFF,FUND-AGE-II-MAIN,COMM-0079,CCN-00157,19254000.0,Investment in Master Fund,Cash & Cash Equivalents,FUND-AGE-II,USD,Posted
TXN-000544,CapitalFromFeeder,2022-09-06,2022-09-06,FUND-AGE-II-OFF,FUND-AGE-II-MAIN,COMM-0079,CCN-00157,19254000.0,Cash & Cash Equivalents,LP Capital Account — Feeder,FUND-AGE-II,USD,Posted
TXN-000545,CapitalCallReceivable,2023-02-10,2023-02-28,INV-0013,FUND-AGE-II-OFF,COMM-0079,CCN-00158,16045000.0,Capital Call Receivable,Capital Contributions Payable,FUND-AGE-II,USD,Posted
TXN-000546,CashReceipt,2023-02-28,2023-02-28,INV-0013,FUND-AGE-II-OFF,COMM-0079,CCN-00158,16045000.0,Cash & Cash Equivalents,Capital Call Receivable,FUND-AGE-II,USD,Posted
TXN-000547,InvestmentInMasterFund,2023-03-01,2023-03-01,FUND-AGE-II-OFF,FUND-AGE-II-MAIN,COMM-0079,CCN-00158,16045000.0,Investment in Master Fund,Cash & Cash Equivalents,FUND-AGE-II,USD,Posted
TXN-000548,CapitalFromFeeder,2023-03-01,2023-03-01,FUND-AGE-II-OFF,FUND-AGE-II-MAIN,COMM-0079,CCN-00158,16045000.0,Cash & Cash Equivalents,LP Capital Account — Feeder,FUND-AGE-II,USD,Posted
TXN-000549,CapitalCallReceivable,2023-08-26,2023-09-08,INV-0014,FUND-ABF-X-OFF,COMM-0080,CCN-00159,42561000.0,Capital Call Receivable,Capital Contributions Payable,FUND-ABF-X,USD,Posted
TXN-000550,CashReceipt,2023-09-08,2023-09-08,INV-0014,FUND-ABF-X-OFF,COMM-0080,CCN-00159,42561000.0,Cash & Cash Equivalents,Capital Call Receivable,FUND-ABF-X,USD,Posted
TXN-000551,InvestmentInMasterFund,2023-09-11,2023-09-11,FUND-ABF-X-OFF,FUND-ABF-X-MAIN,COMM-0080,CCN-00159,42561000.0,Investment in Master Fund,Cash & Cash Equivalents,FUND-ABF-X,USD,Posted
TXN-000552,CapitalFromFeeder,2023-09-11,2023-09-11,FUND-ABF-X-OFF,FUND-ABF-X-MAIN,COMM-0080,CCN-00159,42561000.0,Cash & Cash Equivalents,LP Capital Account — Feeder,FUND-ABF-X,USD,Posted
TXN-000553,CapitalCallReceivable,2024-03-26,2024-04-11,INV-0014,FUND-ABF-X-OFF,COMM-0080,CCN-00160,35467500.0,Capital Call Receivable,Capital Contributions Payable,FUND-ABF-X,USD,Posted
TXN-000554,CashReceipt,2024-04-11,2024-04-11,INV-0014,FUND-ABF-X-OFF,COMM-0080,CCN-00160,35467500.0,Cash & Cash Equivalents,Capital Call Receivable,FUND-ABF-X,USD,Posted
TXN-000555,InvestmentInMasterFund,2024-04-12,2024-04-12,FUND-ABF-X-OFF,FUND-ABF-X-MAIN,COMM-0080,CCN-00160,35467500.0,Investment in Master Fund,Cash & Cash Equivalents,FUND-ABF-X,USD,Posted
TXN-000556,CapitalFromFeeder,2024-04-12,2024-04-12,FUND-ABF-X-OFF,FUND-ABF-X-MAIN,COMM-0080,CCN-00160,35467500.0,Cash & Cash Equivalents,LP Capital Account — Feeder,FUND-ABF-X,USD,Posted
TXN-000557,CapitalCallReceivable,2019-08-18,2019-09-02,INV-0013,FUND-AGE-I-DOM,COMM-0081,CCN-00161,35280000.0,Capital Call Receivable,Capital Contributions Payable,FUND-AGE-I,USD,Posted
TXN-000558,CashReceipt,2019-09-02,2019-09-02,INV-0013,FUND-AGE-I-DOM,COMM-0081,CCN-00161,35280000.0,Cash & Cash Equivalents,Capital Call Receivable,FUND-AGE-I,USD,Posted
TXN-000559,InvestmentInMasterFund,2019-09-03,2019-09-03,FUND-AGE-I-DOM,FUND-AGE-I-MAIN,COMM-0081,CCN-00161,35280000.0,Investment in Master Fund,Cash & Cash Equivalents,FUND-AGE-I,USD,Posted
TXN-000560,CapitalFromFeeder,2019-09-03,2019-09-03,FUND-AGE-I-DOM,FUND-AGE-I-MAIN,COMM-0081,CCN-00161,35280000.0,Cash & Cash Equivalents,LP Capital Account — Feeder,FUND-AGE-I,USD,Posted
TXN-000561,CapitalCallReceivable,2020-05-18,2020-06-02,INV-0013,FUND-AGE-I-DOM,COMM-0081,CCN-00162,29400000.0,Capital Call Receivable,Capital Contributions Payable,FUND-AGE-I,USD,Posted
TXN-000562,CashReceipt,2020-06-02,2020-06-02,INV-0013,FUND-AGE-I-DOM,COMM-0081,CCN-00162,29400000.0,Cash & Cash Equivalents,Capital Call Receivable,FUND-AGE-I,USD,Posted
TXN-000563,InvestmentInMasterFund,2020-06-03,2020-06-03,FUND-AGE-I-DOM,FUND-AGE-I-MAIN,COMM-0081,CCN-00162,29400000.0,Investment in Master Fund,Cash & Cash Equivalents,FUND-AGE-I,USD,Posted
TXN-000564,CapitalFromFeeder,2020-06-03,2020-06-03,FUND-AGE-I-DOM,FUND-AGE-I-MAIN,COMM-0081,CCN-00162,29400000.0,Cash & Cash Equivalents,LP Capital Account — Feeder,FUND-AGE-I,USD,Posted
TXN-000565,CapitalCallReceivable,2023-08-26,2023-09-08,INV-0035,FUND-ABF-X-MAIN,COMM-0082,CCN-00163,42234000.0,Capital Call Receivable,Capital Contributions Payable,FUND-ABF-X,USD,Posted
TXN-000566,CashReceipt,2023-09-08,2023-09-08,INV-0035,FUND-ABF-X-MAIN,COMM-0082,CCN-00163,42234000.0,Cash & Cash Equivalents,Capital Call Receivable,FUND-ABF-X,USD,Posted
TXN-000567,CapitalCallReceivable,2020-07-02,2020-07-21,INV-0009,FUND-ARA-III-OFF,COMM-0083,CCN-00165,16734000.0,Capital Call Receivable,Capital Contributions Payable,FUND-ARA-III,USD,Posted
TXN-000568,CashReceipt,2020-07-21,2020-07-21,INV-0009,FUND-ARA-III-OFF,COMM-0083,CCN-00165,16734000.0,Cash & Cash Equivalents,Capital Call Receivable,FUND-ARA-III,USD,Posted
TXN-000569,InvestmentInMasterFund,2020-07-22,2020-07-22,FUND-ARA-III-OFF,FUND-ARA-III-MAIN,COMM-0083,CCN-00165,16734000.0,Investment in Master Fund,Cash & Cash Equivalents,FUND-ARA-III,USD,Posted
TXN-000570,CapitalFromFeeder,2020-07-22,2020-07-22,FUND-ARA-III-OFF,FUND-ARA-III-MAIN,COMM-0083,CCN-00165,16734000.0,Cash & Cash Equivalents,LP Capital Account — Feeder,FUND-ARA-III,USD,Posted
TXN-000571,CapitalCallReceivable,2020-11-06,2020-12-10,INV-0009,FUND-ARA-III-OFF,COMM-0083,CCN-00166,13945000.0,Capital Call Receivable,Capital Contributions Payable,FUND-ARA-III,USD,Posted
TXN-000572,CashReceipt,2020-12-10,2020-12-10,INV-0009,FUND-ARA-III-OFF,COMM-0083,CCN-00166,13945000.0,Cash & Cash Equivalents,Capital Call Receivable,FUND-ARA-III,USD,Posted
TXN-000573,InvestmentInMasterFund,2020-12-11,2020-12-11,FUND-ARA-III-OFF,FUND-ARA-III-MAIN,COMM-0083,CCN-00166,13945000.0,Investment in Master Fund,Cash & Cash Equivalents,FUND-ARA-III,USD,Posted
TXN-000574,CapitalFromFeeder,2020-12-11,2020-12-11,FUND-ARA-III-OFF,FUND-ARA-III-MAIN,COMM-0083,CCN-00166,13945000.0,Cash & Cash Equivalents,LP Capital Account — Feeder,FUND-ARA-III,USD,Posted
TXN-000575,CapitalCallReceivable,2023-08-07,2023-08-23,INV-0031,FUND-AIP-III-DOM,COMM-0084,CCN-00167,52095000.0,Capital Call Receivable,Capital Contributions Payable,FUND-AIP-III,USD,Posted
TXN-000576,CashReceipt,2023-08-23,2023-08-23,INV-0031,FUND-AIP-III-DOM,COMM-0084,CCN-00167,52095000.0,Cash & Cash Equivalents,Capital Call Receivable,FUND-AIP-III,USD,Posted
TXN-000577,InvestmentInMasterFund,2023-08-24,2023-08-24,FUND-AIP-III-DOM,FUND-AIP-III-MAIN,COMM-0084,CCN-00167,52095000.0,Investment in Master Fund,Cash & Cash Equivalents,FUND-AIP-III,USD,Posted
TXN-000578,CapitalFromFeeder,2023-08-24,2023-08-24,FUND-AIP-III-DOM,FUND-AIP-III-MAIN,COMM-0084,CCN-00167,52095000.0,Cash & Cash Equivalents,LP Capital Account — Feeder,FUND-AIP-III,USD,Posted
TXN-000579,CapitalCallReceivable,2023-11-24,2023-12-13,INV-0031,FUND-AIP-III-DOM,COMM-0084,CCN-00168,43412500.0,Capital Call Receivable,Capital Contributions Payable,FUND-AIP-III,USD,Posted
TXN-000580,CashReceipt,2023-12-13,2023-12-13,INV-0031,FUND-AIP-III-DOM,COMM-0084,CCN-00168,43412500.0,Cash & Cash Equivalents,Capital Call Receivable,FUND-AIP-III,USD,Posted
TXN-000581,InvestmentInMasterFund,2023-12-14,2023-12-14,FUND-AIP-III-DOM,FUND-AIP-III-MAIN,COMM-0084,CCN-00168,43412500.0,Investment in Master Fund,Cash & Cash Equivalents,FUND-AIP-III,USD,Posted
TXN-000582,CapitalFromFeeder,2023-12-14,2023-12-14,FUND-AIP-III-DOM,FUND-AIP-III-MAIN,COMM-0084,CCN-00168,43412500.0,Cash & Cash Equivalents,LP Capital Account — Feeder,FUND-AIP-III,USD,Posted
TXN-000583,CapitalCallReceivable,2023-08-08,2023-08-22,INV-0008,FUND-ACO-V-OFF,COMM-0085,CCN-00169,61005000.0,Capital Call Receivable,Capital Contributions Payable,FUND-ACO-V,USD,Posted
TXN-000584,CashReceipt,2023-08-22,2023-08-22,INV-0008,FUND-ACO-V-OFF,COMM-0085,CCN-00169,61005000.0,Cash & Cash Equivalents,Capital Call Receivable,FUND-ACO-V,USD,Posted
TXN-000585,InvestmentInMasterFund,2023-08-23,2023-08-23,FUND-ACO-V-OFF,FUND-ACO-V-MAIN,COMM-0085,CCN-00169,61005000.0,Investment in Master Fund,Cash & Cash Equivalents,FUND-ACO-V,USD,Posted
TXN-000586,CapitalFromFeeder,2023-08-23,2023-08-23,FUND-ACO-V-OFF,FUND-ACO-V-MAIN,COMM-0085,CCN-00169,61005000.0,Cash & Cash Equivalents,LP Capital Account — Feeder,FUND-ACO-V,USD,Posted
TXN-000587,CapitalCallReceivable,2024-01-23,2024-02-08,INV-0008,FUND-ACO-V-OFF,COMM-0085,CCN-00170,50837500.0,Capital Call Receivable,Capital Contributions Payable,FUND-ACO-V,USD,Posted
TXN-000588,CashReceipt,2024-02-08,2024-02-08,INV-0008,FUND-ACO-V-OFF,COMM-0085,CCN-00170,50837500.0,Cash & Cash Equivalents,Capital Call Receivable,FUND-ACO-V,USD,Posted
TXN-000589,InvestmentInMasterFund,2024-02-09,2024-02-09,FUND-ACO-V-OFF,FUND-ACO-V-MAIN,COMM-0085,CCN-00170,50837500.0,Investment in Master Fund,Cash & Cash Equivalents,FUND-ACO-V,USD,Posted
TXN-000590,CapitalFromFeeder,2024-02-09,2024-02-09,FUND-ACO-V-OFF,FUND-ACO-V-MAIN,COMM-0085,CCN-00170,50837500.0,Cash & Cash Equivalents,LP Capital Account — Feeder,FUND-ACO-V,USD,Posted
TXN-000591,CapitalCallReceivable,2020-07-02,2020-07-20,INV-0010,FUND-ARA-III-MAIN,COMM-0086,CCN-00171,14148000.0,Capital Call Receivable,Capital Contributions Payable,FUND-ARA-III,USD,Posted
TXN-000592,CashReceipt,2020-07-20,2020-07-20,INV-0010,FUND-ARA-III-MAIN,COMM-0086,CCN-00171,14148000.0,Cash & Cash Equivalents,Capital Call Receivable,FUND-ARA-III,USD,Posted
TXN-000593,CapitalCallReceivable,2020-11-06,2020-11-20,INV-0010,FUND-ARA-III-MAIN,COMM-0086,CCN-00172,11790000.0,Capital Call Receivable,Capital Contributions Payable,FUND-ARA-III,USD,Posted
TXN-000594,CashReceipt,2020-11-20,2020-11-20,INV-0010,FUND-ARA-III-MAIN,COMM-0086,CCN-00172,11790000.0,Cash & Cash Equivalents,Capital Call Receivable,FUND-ARA-III,USD,Posted
TXN-000595,CapitalCallReceivable,2020-07-02,2020-07-16,INV-0027,FUND-ARA-III-DOM,COMM-0087,CCN-00173,116691000.0,Capital Call Receivable,Capital Contributions Payable,FUND-ARA-III,USD,Posted
TXN-000596,CashReceipt,2020-07-16,2020-07-16,INV-0027,FUND-ARA-III-DOM,COMM-0087,CCN-00173,116691000.0,Cash & Cash Equivalents,Capital Call Receivable,FUND-ARA-III,USD,Posted
TXN-000597,InvestmentInMasterFund,2020-07-17,2020-07-17,FUND-ARA-III-DOM,FUND-ARA-III-MAIN,COMM-0087,CCN-00173,116691000.0,Investment in Master Fund,Cash & Cash Equivalents,FUND-ARA-III,USD,Posted
TXN-000598,CapitalFromFeeder,2020-07-17,2020-07-17,FUND-ARA-III-DOM,FUND-ARA-III-MAIN,COMM-0087,CCN-00173,116691000.0,Cash & Cash Equivalents,LP Capital Account — Feeder,FUND-ARA-III,USD,Posted
TXN-000599,CapitalCallReceivable,2020-11-06,2020-12-10,INV-0027,FUND-ARA-III-DOM,COMM-0087,CCN-00174,97242500.0,Capital Call Receivable,Capital Contributions Payable,FUND-ARA-III,USD,Posted
TXN-000600,CashReceipt,2020-12-10,2020-12-10,INV-0027,FUND-ARA-III-DOM,COMM-0087,CCN-00174,97242500.0,Cash & Cash Equivalents,Capital Call Receivable,FUND-ARA-III,USD,Posted
TXN-000601,InvestmentInMasterFund,2020-12-11,2020-12-11,FUND-ARA-III-DOM,FUND-ARA-III-MAIN,COMM-0087,CCN-00174,97242500.0,Investment in Master Fund,Cash & Cash Equivalents,FUND-ARA-III,USD,Posted
TXN-000602,CapitalFromFeeder,2020-12-11,2020-12-11,FUND-ARA-III-DOM,FUND-ARA-III-MAIN,COMM-0087,CCN-00174,97242500.0,Cash & Cash Equivalents,LP Capital Account — Feeder,FUND-ARA-III,USD,Posted
TXN-000603,CapitalCallReceivable,2023-08-07,2023-08-22,INV-0020,FUND-AIP-III-OFF,COMM-0088,CCN-00175,46848000.0,Capital Call Receivable,Capital Contributions Payable,FUND-AIP-III,USD,Posted
TXN-000604,CashReceipt,2023-08-22,2023-08-22,INV-0020,FUND-AIP-III-OFF,COMM-0088,CCN-00175,46848000.0,Cash & Cash Equivalents,Capital Call Receivable,FUND-AIP-III,USD,Posted
TXN-000605,InvestmentInMasterFund,2023-08-23,2023-08-23,FUND-AIP-III-OFF,FUND-AIP-III-MAIN,COMM-0088,CCN-00175,46848000.0,Investment in Master Fund,Cash & Cash Equivalents,FUND-AIP-III,USD,Posted
TXN-000606,CapitalFromFeeder,2023-08-23,2023-08-23,FUND-AIP-III-OFF,FUND-AIP-III-MAIN,COMM-0088,CCN-00175,46848000.0,Cash & Cash Equivalents,LP Capital Account — Feeder,FUND-AIP-III,USD,Posted
TXN-000607,CapitalCallReceivable,2023-11-24,2023-12-12,INV-0020,FUND-AIP-III-OFF,COMM-0088,CCN-00176,39040000.0,Capital Call Receivable,Capital Contributions Payable,FUND-AIP-III,USD,Posted
TXN-000608,CashReceipt,2023-12-12,2023-12-12,INV-0020,FUND-AIP-III-OFF,COMM-0088,CCN-00176,39040000.0,Cash & Cash Equivalents,Capital Call Receivable,FUND-AIP-III,USD,Posted
TXN-000609,InvestmentInMasterFund,2023-12-13,2023-12-13,FUND-AIP-III-OFF,FUND-AIP-III-MAIN,COMM-0088,CCN-00176,39040000.0,Investment in Master Fund,Cash & Cash Equivalents,FUND-AIP-III,USD,Posted
TXN-000610,CapitalFromFeeder,2023-12-13,2023-12-13,FUND-AIP-III-OFF,FUND-AIP-III-MAIN,COMM-0088,CCN-00176,39040000.0,Cash & Cash Equivalents,LP Capital Account — Feeder,FUND-AIP-III,USD,Posted
TXN-000611,CapitalCallReceivable,2021-08-08,2021-08-23,INV-0007,FUND-ABF-IX-DOM,COMM-0089,CCN-00177,94389000.0,Capital Call Receivable,Capital Contributions Payable,FUND-ABF-IX,USD,Posted
TXN-000612,CashReceipt,2021-08-23,2021-08-23,INV-0007,FUND-ABF-IX-DOM,COMM-0089,CCN-00177,94389000.0,Cash & Cash Equivalents,Capital Call Receivable,FUND-ABF-IX,USD,Posted
TXN-000613,InvestmentInMasterFund,2021-08-24,2021-08-24,FUND-ABF-IX-DOM,FUND-ABF-IX-MAIN,COMM-0089,CCN-00177,94389000.0,Investment in Master Fund,Cash & Cash Equivalents,FUND-ABF-IX,USD,Posted
TXN-000614,CapitalFromFeeder,2021-08-24,2021-08-24,FUND-ABF-IX-DOM,FUND-ABF-IX-MAIN,COMM-0089,CCN-00177,94389000.0,Cash & Cash Equivalents,LP Capital Account — Feeder,FUND-ABF-IX,USD,Posted
TXN-000615,CapitalCallReceivable,2021-11-28,2021-12-15,INV-0007,FUND-ABF-IX-DOM,COMM-0089,CCN-00178,78657500.0,Capital Call Receivable,Capital Contributions Payable,FUND-ABF-IX,USD,Posted
TXN-000616,CashReceipt,2021-12-15,2021-12-15,INV-0007,FUND-ABF-IX-DOM,COMM-0089,CCN-00178,78657500.0,Cash & Cash Equivalents,Capital Call Receivable,FUND-ABF-IX,USD,Posted
TXN-000617,InvestmentInMasterFund,2021-12-16,2021-12-16,FUND-ABF-IX-DOM,FUND-ABF-IX-MAIN,COMM-0089,CCN-00178,78657500.0,Investment in Master Fund,Cash & Cash Equivalents,FUND-ABF-IX,USD,Posted
TXN-000618,CapitalFromFeeder,2021-12-16,2021-12-16,FUND-ABF-IX-DOM,FUND-ABF-IX-MAIN,COMM-0089,CCN-00178,78657500.0,Cash & Cash Equivalents,LP Capital Account — Feeder,FUND-ABF-IX,USD,Posted
TXN-000619,CapitalCallReceivable,2021-08-08,2021-08-23,INV-0016,FUND-ABF-IX-MAIN,COMM-0090,CCN-00179,83472000.0,Capital Call Receivable,Capital Contributions Payable,FUND-ABF-IX,USD,Posted
TXN-000620,CashReceipt,2021-08-23,2021-08-23,INV-0016,FUND-ABF-IX-MAIN,COMM-0090,CCN-00179,83472000.0,Cash & Cash Equivalents,Capital Call Receivable,FUND-ABF-IX,USD,Posted
TXN-000621,CapitalCallReceivable,2021-11-28,2021-12-14,INV-0016,FUND-ABF-IX-MAIN,COMM-0090,CCN-00180,69560000.0,Capital Call Receivable,Capital Contributions Payable,FUND-ABF-IX,USD,Posted
TXN-000622,CashReceipt,2021-12-14,2021-12-14,INV-0016,FUND-ABF-IX-MAIN,COMM-0090,CCN-00180,69560000.0,Cash & Cash Equivalents,Capital Call Receivable,FUND-ABF-IX,USD,Posted
TXN-000623,CapitalCallReceivable,2022-07-15,2022-07-29,INV-0029,FUND-ARA-IV-DOM,COMM-0091,CCN-00181,44751000.0,Capital Call Receivable,Capital Contributions Payable,FUND-ARA-IV,USD,Posted
TXN-000624,CashReceipt,2022-07-29,2022-07-29,INV-0029,FUND-ARA-IV-DOM,COMM-0091,CCN-00181,44751000.0,Cash & Cash Equivalents,Capital Call Receivable,FUND-ARA-IV,USD,Posted
TXN-000625,InvestmentInMasterFund,2022-08-01,2022-08-01,FUND-ARA-IV-DOM,FUND-ARA-IV-MAIN,COMM-0091,CCN-00181,44751000.0,Investment in Master Fund,Cash & Cash Equivalents,FUND-ARA-IV,USD,Posted
TXN-000626,CapitalFromFeeder,2022-08-01,2022-08-01,FUND-ARA-IV-DOM,FUND-ARA-IV-MAIN,COMM-0091,CCN-00181,44751000.0,Cash & Cash Equivalents,LP Capital Account — Feeder,FUND-ARA-IV,USD,Posted
TXN-000627,CapitalCallReceivable,2023-04-17,2023-05-01,INV-0029,FUND-ARA-IV-DOM,COMM-0091,CCN-00182,37292500.0,Capital Call Receivable,Capital Contributions Payable,FUND-ARA-IV,USD,Posted
TXN-000628,CashReceipt,2023-05-01,2023-05-01,INV-0029,FUND-ARA-IV-DOM,COMM-0091,CCN-00182,37292500.0,Cash & Cash Equivalents,Capital Call Receivable,FUND-ARA-IV,USD,Posted
TXN-000629,InvestmentInMasterFund,2023-05-02,2023-05-02,FUND-ARA-IV-DOM,FUND-ARA-IV-MAIN,COMM-0091,CCN-00182,37292500.0,Investment in Master Fund,Cash & Cash Equivalents,FUND-ARA-IV,USD,Posted
TXN-000630,CapitalFromFeeder,2023-05-02,2023-05-02,FUND-ARA-IV-DOM,FUND-ARA-IV-MAIN,COMM-0091,CCN-00182,37292500.0,Cash & Cash Equivalents,LP Capital Account — Feeder,FUND-ARA-IV,USD,Posted
TXN-000631,CapitalCallReceivable,2023-08-26,2023-09-12,INV-0019,FUND-ABF-X-DOM,COMM-0092,CCN-00183,12069000.0,Capital Call Receivable,Capital Contributions Payable,FUND-ABF-X,USD,Posted
TXN-000632,CashReceipt,2023-09-12,2023-09-12,INV-0019,FUND-ABF-X-DOM,COMM-0092,CCN-00183,12069000.0,Cash & Cash Equivalents,Capital Call Receivable,FUND-ABF-X,USD,Posted
TXN-000633,InvestmentInMasterFund,2023-09-13,2023-09-13,FUND-ABF-X-DOM,FUND-ABF-X-MAIN,COMM-0092,CCN-00183,12069000.0,Investment in Master Fund,Cash & Cash Equivalents,FUND-ABF-X,USD,Posted
TXN-000634,CapitalFromFeeder,2023-09-13,2023-09-13,FUND-ABF-X-DOM,FUND-ABF-X-MAIN,COMM-0092,CCN-00183,12069000.0,Cash & Cash Equivalents,LP Capital Account — Feeder,FUND-ABF-X,USD,Posted
TXN-000635,CapitalCallReceivable,2024-03-26,2024-04-10,INV-0019,FUND-ABF-X-DOM,COMM-0092,CCN-00184,10057500.0,Capital Call Receivable,Capital Contributions Payable,FUND-ABF-X,USD,Posted
TXN-000636,CashReceipt,2024-04-10,2024-04-10,INV-0019,FUND-ABF-X-DOM,COMM-0092,CCN-00184,10057500.0,Cash & Cash Equivalents,Capital Call Receivable,FUND-ABF-X,USD,Posted
TXN-000637,InvestmentInMasterFund,2024-04-11,2024-04-11,FUND-ABF-X-DOM,FUND-ABF-X-MAIN,COMM-0092,CCN-00184,10057500.0,Investment in Master Fund,Cash & Cash Equivalents,FUND-ABF-X,USD,Posted
TXN-000638,CapitalFromFeeder,2024-04-11,2024-04-11,FUND-ABF-X-DOM,FUND-ABF-X-MAIN,COMM-0092,CCN-00184,10057500.0,Cash & Cash Equivalents,LP Capital Account — Feeder,FUND-ABF-X,USD,Posted
TXN-000639,CapitalCallReceivable,2021-08-17,2021-09-02,INV-0038,FUND-ACO-IV-OFF,COMM-0093,CCN-00185,64632000.0,Capital Call Receivable,Capital Contributions Payable,FUND-ACO-IV,USD,Posted
TXN-000640,CashReceipt,2021-09-02,2021-09-02,INV-0038,FUND-ACO-IV-OFF,COMM-0093,CCN-00185,64632000.0,Cash & Cash Equivalents,Capital Call Receivable,FUND-ACO-IV,USD,Posted
TXN-000641,InvestmentInMasterFund,2021-09-03,2021-09-03,FUND-ACO-IV-OFF,FUND-ACO-IV-MAIN,COMM-0093,CCN-00185,64632000.0,Investment in Master Fund,Cash & Cash Equivalents,FUND-ACO-IV,USD,Posted
TXN-000642,CapitalFromFeeder,2021-09-03,2021-09-03,FUND-ACO-IV-OFF,FUND-ACO-IV-MAIN,COMM-0093,CCN-00185,64632000.0,Cash & Cash Equivalents,LP Capital Account — Feeder,FUND-ACO-IV,USD,Posted
TXN-000643,CapitalCallReceivable,2021-08-23,2021-09-06,INV-0010,FUND-AIP-II-DOM,COMM-0094,CCN-00187,124254000.0,Capital Call Receivable,Capital Contributions Payable,FUND-AIP-II,USD,Posted
TXN-000644,CashReceipt,2021-09-06,2021-09-06,INV-0010,FUND-AIP-II-DOM,COMM-0094,CCN-00187,124254000.0,Cash & Cash Equivalents,Capital Call Receivable,FUND-AIP-II,USD,Posted
TXN-000645,InvestmentInMasterFund,2021-09-07,2021-09-07,FUND-AIP-II-DOM,FUND-AIP-II-MAIN,COMM-0094,CCN-00187,124254000.0,Investment in Master Fund,Cash & Cash Equivalents,FUND-AIP-II,USD,Posted
TXN-000646,CapitalFromFeeder,2021-09-07,2021-09-07,FUND-AIP-II-DOM,FUND-AIP-II-MAIN,COMM-0094,CCN-00187,124254000.0,Cash & Cash Equivalents,LP Capital Account — Feeder,FUND-AIP-II,USD,Posted
TXN-000647,CapitalCallReceivable,2022-05-01,2022-05-17,INV-0010,FUND-AIP-II-DOM,COMM-0094,CCN-00188,103545000.0,Capital Call Receivable,Capital Contributions Payable,FUND-AIP-II,USD,Posted
TXN-000648,CashReceipt,2022-05-17,2022-05-17,INV-0010,FUND-AIP-II-DOM,COMM-0094,CCN-00188,103545000.0,Cash & Cash Equivalents,Capital Call Receivable,FUND-AIP-II,USD,Posted
TXN-000649,InvestmentInMasterFund,2022-05-18,2022-05-18,FUND-AIP-II-DOM,FUND-AIP-II-MAIN,COMM-0094,CCN-00188,103545000.0,Investment in Master Fund,Cash & Cash Equivalents,FUND-AIP-II,USD,Posted
TXN-000650,CapitalFromFeeder,2022-05-18,2022-05-18,FUND-AIP-II-DOM,FUND-AIP-II-MAIN,COMM-0094,CCN-00188,103545000.0,Cash & Cash Equivalents,LP Capital Account — Feeder,FUND-AIP-II,USD,Posted
TXN-000651,CapitalCallReceivable,2022-07-15,2022-07-29,INV-0020,FUND-ARA-IV-MAIN,COMM-0095,CCN-00189,66714000.0,Capital Call Receivable,Capital Contributions Payable,FUND-ARA-IV,USD,Posted
TXN-000652,CashReceipt,2022-07-29,2022-07-29,INV-0020,FUND-ARA-IV-MAIN,COMM-0095,CCN-00189,66714000.0,Cash & Cash Equivalents,Capital Call Receivable,FUND-ARA-IV,USD,Posted
TXN-000653,CapitalCallReceivable,2023-04-17,2023-05-03,INV-0020,FUND-ARA-IV-MAIN,COMM-0095,CCN-00190,55595000.0,Capital Call Receivable,Capital Contributions Payable,FUND-ARA-IV,USD,Posted
TXN-000654,CashReceipt,2023-05-03,2023-05-03,INV-0020,FUND-ARA-IV-MAIN,COMM-0095,CCN-00190,55595000.0,Cash & Cash Equivalents,Capital Call Receivable,FUND-ARA-IV,USD,Posted
TXN-000655,CapitalCallReceivable,2022-07-15,2022-08-01,INV-0026,FUND-ARA-IV-OFF,COMM-0096,CCN-00191,75819000.0,Capital Call Receivable,Capital Contributions Payable,FUND-ARA-IV,USD,Posted
TXN-000656,CashReceipt,2022-08-01,2022-08-01,INV-0026,FUND-ARA-IV-OFF,COMM-0096,CCN-00191,75819000.0,Cash & Cash Equivalents,Capital Call Receivable,FUND-ARA-IV,USD,Posted
TXN-000657,InvestmentInMasterFund,2022-08-02,2022-08-02,FUND-ARA-IV-OFF,FUND-ARA-IV-MAIN,COMM-0096,CCN-00191,75819000.0,Investment in Master Fund,Cash & Cash Equivalents,FUND-ARA-IV,USD,Posted
TXN-000658,CapitalFromFeeder,2022-08-02,2022-08-02,FUND-ARA-IV-OFF,FUND-ARA-IV-MAIN,COMM-0096,CCN-00191,75819000.0,Cash & Cash Equivalents,LP Capital Account — Feeder,FUND-ARA-IV,USD,Posted
TXN-000659,CapitalCallReceivable,2023-04-17,2023-05-17,INV-0026,FUND-ARA-IV-OFF,COMM-0096,CCN-00192,63182500.0,Capital Call Receivable,Capital Contributions Payable,FUND-ARA-IV,USD,Posted
TXN-000660,CashReceipt,2023-05-17,2023-05-17,INV-0026,FUND-ARA-IV-OFF,COMM-0096,CCN-00192,63182500.0,Cash & Cash Equivalents,Capital Call Receivable,FUND-ARA-IV,USD,Posted
TXN-000661,InvestmentInMasterFund,2023-05-18,2023-05-18,FUND-ARA-IV-OFF,FUND-ARA-IV-MAIN,COMM-0096,CCN-00192,63182500.0,Investment in Master Fund,Cash & Cash Equivalents,FUND-ARA-IV,USD,Posted
TXN-000662,CapitalFromFeeder,2023-05-18,2023-05-18,FUND-ARA-IV-OFF,FUND-ARA-IV-MAIN,COMM-0096,CCN-00192,63182500.0,Cash & Cash Equivalents,LP Capital Account — Feeder,FUND-ARA-IV,USD,Posted
